ISO-10303-21;
HEADER;
/* HTSOP-8-1EP_3.9x4.9mm_P1.27mm.step 3D STEP model for use in ECAD systems
 * Copyright (C) 2025, KiCAD
 *
 * This work is licensed under the
 * [Creative Commons CC-BY-SA 4.0 License](https://creativecommons.org/licenses/by-sa/4.0/legalcode),
 * with the following exception:
 *
 * To the extent that the creation of electronic designs that use 'Licensed Material' can be
 * considered to be 'Adapted Material', then the copyright holder waives article 3 of the license
 * with respect to these designs and any generated files which use data provided as part of the
 * 'Licensed Material'.
 *
 * You are free to use the library data in your own projects without the obligation to share your
 * project files under this or any other license agreement. However, if you wish to distribute
 * these libraries, or parts thereof (including in modified form) as a collection then the exception
 * above does not apply. Please refer to
 * https://gitlab.com/kicad/libraries/kicad-packages3D/-/blob/master/LICENSE.md for further clarification
 * of the exception.
 *
 * Disclaimer of Warranties and Limitation of Liability.
 * These libraries are provided in the hope that they will be useful, but are provided without warranty of any kind, express or implied.
 * USE 3D CAD DATA AT YOUR OWN RISK
 * DO NOT RELY UPON ANY INFORMATION FOUND HERE WITHOUT INDEPENDENT VERIFICATION.
 */

FILE_DESCRIPTION(
/* description */ ('model of HTSOP-8-1EP_3.9x4.9mm_P1.27mm'),
/* implementation_level */ '2;1');

FILE_NAME(
/* name */ 'HTSOP-8-1EP_3.9x4.9mm_P1.27mm.step',
/* time_stamp */ '1970-01-01T00:00:00',
/* author */ ('KiCAD','kicad'),
/* organization */ ('OCCT'),
/* preprocessor_version */ '',
/* originating_system */ 'KiCAD',
/* authorisation */ '');

FILE_SCHEMA(('AUTOMOTIVE_DESIGN { 1 0 10303 214 1 1 1 1 }'));
ENDSEC;

DATA;
#1=APPLICATION_PROTOCOL_DEFINITION('international standard','automotive_design',2000,#2);
#2=APPLICATION_CONTEXT('core data for automotive mechanical design processes');
#3=SHAPE_DEFINITION_REPRESENTATION(#4,#10);
#4=PRODUCT_DEFINITION_SHAPE('','',#5);
#5=PRODUCT_DEFINITION('design','',#6,#9);
#6=PRODUCT_DEFINITION_FORMATION('','',#7);
#7=PRODUCT('HTSOP-8-1EP_3.9x4.9mm_P1.27mm','HTSOP-8-1EP_3.9x4.9mm_P1.27mm','',(#8));
#8=PRODUCT_CONTEXT('',#2,'mechanical');
#9=PRODUCT_DEFINITION_CONTEXT('part definition',#2,'design');
#10=ADVANCED_BREP_SHAPE_REPRESENTATION('',(#11,#15),#2775);
#11=AXIS2_PLACEMENT_3D('',#12,#13,#14);
#12=CARTESIAN_POINT('',(0.,0.,0.));
#13=DIRECTION('',(0.,0.,1.));
#14=DIRECTION('',(1.,0.,-0.));
#15=MANIFOLD_SOLID_BREP('',#16);
#16=CLOSED_SHELL('',(#17,#42,#95,#108,#127,#140,#185,#230,#243,#256,#265,#280,#341,#352,#371,#392,#410,#431,#449,#470,#488,#509,#519,#531,#552,#570,#591,#609,#630,#648,#669,#686,#701,#716,#727,#750,#796,#810,#824,#838,#884,#904,#935,#1001,#1017,#1070,#1081,#1141,#1157,#1210,#1221,#1281,#1297,#1350,#1358,#1416,#1432,#1480,#1544,#1560,#1608,#1618,#1678,#1694,#1747,#1758,#1818,#1834,#1887,#1898,#1958,#1974,#2025,#2035,#2047,#2059,#2071,#2099,#2108,#2120,#2132,#2144,#2153,#2163,#2170,#2180,#2191,#2200,#2210,#2220,#2230,#2240,#2249,#2259,#2269,#2278,#2288,#2298,#2308,#2318,#2326,#2336,#2346,#2355,#2365,#2375,#2385,#2395,#2403,#2413,#2422,#2432,#2442,#2452,#2462,#2470,#2481,#2490,#2500,#2510,#2520,#2530,#2539,#2549,#2559,#2568,#2578,#2588,#2598,#2608,#2616,#2626,#2636,#2645,#2655,#2665,#2675,#2685,#2693,#2703,#2713,#2722,#2732,#2742,#2752,#2762,#2770));
#17=ADVANCED_FACE('',(#18),#41,.F.);
#18=FACE_BOUND('',#19,.F.);
#19=EDGE_LOOP('',(#20,#28,#33,#38));
#20=ORIENTED_EDGE('',*,*,#21,.T.);
#21=EDGE_CURVE('',#22,#24,#26,.T.);
#22=VERTEX_POINT('',#23);
#23=CARTESIAN_POINT('',(-1.739363500927,2.378727001854,0.1));
#24=VERTEX_POINT('',#25);
#25=CARTESIAN_POINT('',(1.739363500927,2.378727001854,0.1));
#26=LINE('',#23,#27);
#27=VECTOR('',#14,1.);
#28=ORIENTED_EDGE('',*,*,#29,.T.);
#29=EDGE_CURVE('',#24,#30,#32,.T.);
#30=VERTEX_POINT('',#31);
#31=CARTESIAN_POINT('',(1.775,2.45,0.55));
#32=B_SPLINE_CURVE_WITH_KNOTS('',1,(#25,#31),.UNSPECIFIED.,.F.,.F.,(2,2),(0.,1.),.PIECEWISE_BEZIER_KNOTS.);
#33=ORIENTED_EDGE('',*,*,#34,.F.);
#34=EDGE_CURVE('',#35,#30,#37,.T.);
#35=VERTEX_POINT('',#36);
#36=CARTESIAN_POINT('',(-1.775,2.45,0.55));
#37=LINE('',#36,#27);
#38=ORIENTED_EDGE('',*,*,#39,.F.);
#39=EDGE_CURVE('',#22,#35,#40,.T.);
#40=B_SPLINE_CURVE_WITH_KNOTS('',1,(#23,#36),.UNSPECIFIED.,.F.,.F.,(2,2),(0.,1.),.PIECEWISE_BEZIER_KNOTS.);
#41=B_SPLINE_SURFACE_WITH_KNOTS('',1,1,((#23,#36),(#25,#31)),.UNSPECIFIED.,.F.,.F.,.F.,(2,2),(2,2),(0.,3.55),(0.,1.),.PIECEWISE_BEZIER_KNOTS.);
#42=ADVANCED_FACE('',(#43),#92,.F.);
#43=FACE_BOUND('',#44,.T.);
#44=EDGE_LOOP('',(#20,#45,#52,#59,#66,#73,#80,#87));
#45=ORIENTED_EDGE('',*,*,#46,.T.);
#46=EDGE_CURVE('',#24,#47,#49,.T.);
#47=VERTEX_POINT('',#48);
#48=CARTESIAN_POINT('',(1.878727001854,2.239363500927,0.1));
#49=LINE('',#25,#50);
#50=VECTOR('',#51,1.);
#51=DIRECTION('',(0.707106781187,-0.707106781187,0.));
#52=ORIENTED_EDGE('',*,*,#53,.T.);
#53=EDGE_CURVE('',#47,#54,#56,.T.);
#54=VERTEX_POINT('',#55);
#55=CARTESIAN_POINT('',(1.878727001854,-2.239363500927,0.1));
#56=LINE('',#48,#57);
#57=VECTOR('',#58,1.);
#58=DIRECTION('',(1.110223024625E-16,-1.,0.));
#59=ORIENTED_EDGE('',*,*,#60,.T.);
#60=EDGE_CURVE('',#54,#61,#63,.T.);
#61=VERTEX_POINT('',#62);
#62=CARTESIAN_POINT('',(1.739363500927,-2.378727001854,0.1));
#63=LINE('',#55,#64);
#64=VECTOR('',#65,1.);
#65=DIRECTION('',(-0.707106781187,-0.707106781187,0.));
#66=ORIENTED_EDGE('',*,*,#67,.T.);
#67=EDGE_CURVE('',#61,#68,#70,.T.);
#68=VERTEX_POINT('',#69);
#69=CARTESIAN_POINT('',(-1.739363500927,-2.378727001854,0.1));
#70=LINE('',#62,#71);
#71=VECTOR('',#72,1.);
#72=DIRECTION('',(-1.,-1.110223024625E-16,0.));
#73=ORIENTED_EDGE('',*,*,#74,.T.);
#74=EDGE_CURVE('',#68,#75,#77,.T.);
#75=VERTEX_POINT('',#76);
#76=CARTESIAN_POINT('',(-1.878727001854,-2.239363500927,0.1));
#77=LINE('',#69,#78);
#78=VECTOR('',#79,1.);
#79=DIRECTION('',(-0.707106781187,0.707106781187,0.));
#80=ORIENTED_EDGE('',*,*,#81,.T.);
#81=EDGE_CURVE('',#75,#82,#84,.T.);
#82=VERTEX_POINT('',#83);
#83=CARTESIAN_POINT('',(-1.878727001854,2.239363500927,0.1));
#84=LINE('',#76,#85);
#85=VECTOR('',#86,1.);
#86=DIRECTION('',(-1.110223024625E-16,1.,0.));
#87=ORIENTED_EDGE('',*,*,#88,.T.);
#88=EDGE_CURVE('',#82,#22,#89,.T.);
#89=LINE('',#83,#90);
#90=VECTOR('',#91,1.);
#91=DIRECTION('',(0.707106781187,0.707106781187,0.));
#92=PLANE('',#93);
#93=AXIS2_PLACEMENT_3D('',#23,#13,#94);
#94=DIRECTION('',(0.590251715916,-0.807219246461,0.));
#95=ADVANCED_FACE('',(#96),#107,.F.);
#96=FACE_BOUND('',#97,.F.);
#97=EDGE_LOOP('',(#45,#98,#103,#106));
#98=ORIENTED_EDGE('',*,*,#99,.T.);
#99=EDGE_CURVE('',#47,#100,#102,.T.);
#100=VERTEX_POINT('',#101);
#101=CARTESIAN_POINT('',(1.95,2.275,0.55));
#102=B_SPLINE_CURVE_WITH_KNOTS('',1,(#48,#101),.UNSPECIFIED.,.F.,.F.,(2,2),(0.,1.),.PIECEWISE_BEZIER_KNOTS.);
#103=ORIENTED_EDGE('',*,*,#104,.F.);
#104=EDGE_CURVE('',#30,#100,#105,.T.);
#105=LINE('',#31,#50);
#106=ORIENTED_EDGE('',*,*,#29,.F.);
#107=B_SPLINE_SURFACE_WITH_KNOTS('',1,1,((#25,#31),(#48,#101)),.UNSPECIFIED.,.F.,.F.,.F.,(2,2),(2,2),(0.,0.247487373415),(0.,1.),.PIECEWISE_BEZIER_KNOTS.);
#108=ADVANCED_FACE('',(#109),#125,.F.);
#109=FACE_BOUND('',#110,.F.);
#110=EDGE_LOOP('',(#111,#112,#117,#122));
#111=ORIENTED_EDGE('',*,*,#34,.T.);
#112=ORIENTED_EDGE('',*,*,#113,.T.);
#113=EDGE_CURVE('',#30,#114,#116,.T.);
#114=VERTEX_POINT('',#115);
#115=CARTESIAN_POINT('',(1.775,2.45,0.65));
#116=B_SPLINE_CURVE_WITH_KNOTS('',1,(#31,#115),.UNSPECIFIED.,.F.,.F.,(2,2),(0.,1.),.PIECEWISE_BEZIER_KNOTS.);
#117=ORIENTED_EDGE('',*,*,#118,.F.);
#118=EDGE_CURVE('',#119,#114,#121,.T.);
#119=VERTEX_POINT('',#120);
#120=CARTESIAN_POINT('',(-1.775,2.45,0.65));
#121=LINE('',#120,#27);
#122=ORIENTED_EDGE('',*,*,#123,.F.);
#123=EDGE_CURVE('',#35,#119,#124,.T.);
#124=B_SPLINE_CURVE_WITH_KNOTS('',1,(#36,#120),.UNSPECIFIED.,.F.,.F.,(2,2),(0.,1.),.PIECEWISE_BEZIER_KNOTS.);
#125=PLANE('',#126);
#126=AXIS2_PLACEMENT_3D('',#120,#58,#14);
#127=ADVANCED_FACE('',(#128),#139,.F.);
#128=FACE_BOUND('',#129,.F.);
#129=EDGE_LOOP('',(#87,#130,#131,#136));
#130=ORIENTED_EDGE('',*,*,#39,.T.);
#131=ORIENTED_EDGE('',*,*,#132,.F.);
#132=EDGE_CURVE('',#133,#35,#135,.T.);
#133=VERTEX_POINT('',#134);
#134=CARTESIAN_POINT('',(-1.95,2.275,0.55));
#135=LINE('',#134,#90);
#136=ORIENTED_EDGE('',*,*,#137,.F.);
#137=EDGE_CURVE('',#82,#133,#138,.T.);
#138=B_SPLINE_CURVE_WITH_KNOTS('',1,(#83,#134),.UNSPECIFIED.,.F.,.F.,(2,2),(0.,1.),.PIECEWISE_BEZIER_KNOTS.);
#139=B_SPLINE_SURFACE_WITH_KNOTS('',1,1,((#83,#134),(#23,#36)),.UNSPECIFIED.,.F.,.F.,.F.,(2,2),(2,2),(0.,0.247487373415),(0.,1.),.PIECEWISE_BEZIER_KNOTS.);
#140=ADVANCED_FACE('',(#141),#184,.F.);
#141=FACE_BOUND('',#142,.F.);
#142=EDGE_LOOP('',(#80,#143,#144,#150,#154,#158,#162,#166,#170,#174,#178,#181));
#143=ORIENTED_EDGE('',*,*,#137,.T.);
#144=ORIENTED_EDGE('',*,*,#145,.F.);
#145=EDGE_CURVE('',#146,#133,#148,.T.);
#146=VERTEX_POINT('',#147);
#147=CARTESIAN_POINT('',(-1.95,2.155,0.55));
#148=LINE('',#149,#85);
#149=CARTESIAN_POINT('',(-1.95,-2.275,0.55));
#150=ORIENTED_EDGE('',*,*,#151,.F.);
#151=EDGE_CURVE('',#152,#146,#148,.T.);
#152=VERTEX_POINT('',#153);
#153=CARTESIAN_POINT('',(-1.95,1.655,0.55));
#154=ORIENTED_EDGE('',*,*,#155,.F.);
#155=EDGE_CURVE('',#156,#152,#148,.T.);
#156=VERTEX_POINT('',#157);
#157=CARTESIAN_POINT('',(-1.95,0.885,0.55));
#158=ORIENTED_EDGE('',*,*,#159,.F.);
#159=EDGE_CURVE('',#160,#156,#148,.T.);
#160=VERTEX_POINT('',#161);
#161=CARTESIAN_POINT('',(-1.95,0.385,0.55));
#162=ORIENTED_EDGE('',*,*,#163,.F.);
#163=EDGE_CURVE('',#164,#160,#148,.T.);
#164=VERTEX_POINT('',#165);
#165=CARTESIAN_POINT('',(-1.95,-0.385,0.55));
#166=ORIENTED_EDGE('',*,*,#167,.F.);
#167=EDGE_CURVE('',#168,#164,#148,.T.);
#168=VERTEX_POINT('',#169);
#169=CARTESIAN_POINT('',(-1.95,-0.885,0.55));
#170=ORIENTED_EDGE('',*,*,#171,.F.);
#171=EDGE_CURVE('',#172,#168,#148,.T.);
#172=VERTEX_POINT('',#173);
#173=CARTESIAN_POINT('',(-1.95,-1.655,0.55));
#174=ORIENTED_EDGE('',*,*,#175,.F.);
#175=EDGE_CURVE('',#176,#172,#148,.T.);
#176=VERTEX_POINT('',#177);
#177=CARTESIAN_POINT('',(-1.95,-2.155,0.55));
#178=ORIENTED_EDGE('',*,*,#179,.F.);
#179=EDGE_CURVE('',#180,#176,#148,.T.);
#180=VERTEX_POINT('',#149);
#181=ORIENTED_EDGE('',*,*,#182,.F.);
#182=EDGE_CURVE('',#75,#180,#183,.T.);
#183=B_SPLINE_CURVE_WITH_KNOTS('',1,(#76,#149),.UNSPECIFIED.,.F.,.F.,(2,2),(0.,1.),.PIECEWISE_BEZIER_KNOTS.);
#184=B_SPLINE_SURFACE_WITH_KNOTS('',1,1,((#76,#149),(#83,#134)),.UNSPECIFIED.,.F.,.F.,.F.,(2,2),(2,2),(0.,4.55),(0.,1.),.PIECEWISE_BEZIER_KNOTS.);
#185=ADVANCED_FACE('',(#186),#229,.F.);
#186=FACE_BOUND('',#187,.F.);
#187=EDGE_LOOP('',(#52,#188,#193,#198,#202,#206,#210,#214,#218,#222,#226,#228));
#188=ORIENTED_EDGE('',*,*,#189,.T.);
#189=EDGE_CURVE('',#54,#190,#192,.T.);
#190=VERTEX_POINT('',#191);
#191=CARTESIAN_POINT('',(1.95,-2.275,0.55));
#192=B_SPLINE_CURVE_WITH_KNOTS('',1,(#55,#191),.UNSPECIFIED.,.F.,.F.,(2,2),(0.,1.),.PIECEWISE_BEZIER_KNOTS.);
#193=ORIENTED_EDGE('',*,*,#194,.F.);
#194=EDGE_CURVE('',#195,#190,#197,.T.);
#195=VERTEX_POINT('',#196);
#196=CARTESIAN_POINT('',(1.95,-2.155,0.55));
#197=LINE('',#101,#57);
#198=ORIENTED_EDGE('',*,*,#199,.F.);
#199=EDGE_CURVE('',#200,#195,#197,.T.);
#200=VERTEX_POINT('',#201);
#201=CARTESIAN_POINT('',(1.95,-1.655,0.55));
#202=ORIENTED_EDGE('',*,*,#203,.F.);
#203=EDGE_CURVE('',#204,#200,#197,.T.);
#204=VERTEX_POINT('',#205);
#205=CARTESIAN_POINT('',(1.95,-0.885,0.55));
#206=ORIENTED_EDGE('',*,*,#207,.F.);
#207=EDGE_CURVE('',#208,#204,#197,.T.);
#208=VERTEX_POINT('',#209);
#209=CARTESIAN_POINT('',(1.95,-0.385,0.55));
#210=ORIENTED_EDGE('',*,*,#211,.F.);
#211=EDGE_CURVE('',#212,#208,#197,.T.);
#212=VERTEX_POINT('',#213);
#213=CARTESIAN_POINT('',(1.95,0.385,0.55));
#214=ORIENTED_EDGE('',*,*,#215,.F.);
#215=EDGE_CURVE('',#216,#212,#197,.T.);
#216=VERTEX_POINT('',#217);
#217=CARTESIAN_POINT('',(1.95,0.885,0.55));
#218=ORIENTED_EDGE('',*,*,#219,.F.);
#219=EDGE_CURVE('',#220,#216,#197,.T.);
#220=VERTEX_POINT('',#221);
#221=CARTESIAN_POINT('',(1.95,1.655,0.55));
#222=ORIENTED_EDGE('',*,*,#223,.F.);
#223=EDGE_CURVE('',#224,#220,#197,.T.);
#224=VERTEX_POINT('',#225);
#225=CARTESIAN_POINT('',(1.95,2.155,0.55));
#226=ORIENTED_EDGE('',*,*,#227,.F.);
#227=EDGE_CURVE('',#100,#224,#197,.T.);
#228=ORIENTED_EDGE('',*,*,#99,.F.);
#229=B_SPLINE_SURFACE_WITH_KNOTS('',1,1,((#48,#101),(#55,#191)),.UNSPECIFIED.,.F.,.F.,.F.,(2,2),(2,2),(0.,4.55),(0.,1.),.PIECEWISE_BEZIER_KNOTS.);
#230=ADVANCED_FACE('',(#231),#242,.F.);
#231=FACE_BOUND('',#232,.F.);
#232=EDGE_LOOP('',(#73,#233,#234,#239));
#233=ORIENTED_EDGE('',*,*,#182,.T.);
#234=ORIENTED_EDGE('',*,*,#235,.F.);
#235=EDGE_CURVE('',#236,#180,#238,.T.);
#236=VERTEX_POINT('',#237);
#237=CARTESIAN_POINT('',(-1.775,-2.45,0.55));
#238=LINE('',#237,#78);
#239=ORIENTED_EDGE('',*,*,#240,.F.);
#240=EDGE_CURVE('',#68,#236,#241,.T.);
#241=B_SPLINE_CURVE_WITH_KNOTS('',1,(#69,#237),.UNSPECIFIED.,.F.,.F.,(2,2),(0.,1.),.PIECEWISE_BEZIER_KNOTS.);
#242=B_SPLINE_SURFACE_WITH_KNOTS('',1,1,((#69,#237),(#76,#149)),.UNSPECIFIED.,.F.,.F.,.F.,(2,2),(2,2),(0.,0.247487373415),(0.,1.),.PIECEWISE_BEZIER_KNOTS.);
#243=ADVANCED_FACE('',(#244),#255,.F.);
#244=FACE_BOUND('',#245,.F.);
#245=EDGE_LOOP('',(#59,#246,#251,#254));
#246=ORIENTED_EDGE('',*,*,#247,.T.);
#247=EDGE_CURVE('',#61,#248,#250,.T.);
#248=VERTEX_POINT('',#249);
#249=CARTESIAN_POINT('',(1.775,-2.45,0.55));
#250=B_SPLINE_CURVE_WITH_KNOTS('',1,(#62,#249),.UNSPECIFIED.,.F.,.F.,(2,2),(0.,1.),.PIECEWISE_BEZIER_KNOTS.);
#251=ORIENTED_EDGE('',*,*,#252,.F.);
#252=EDGE_CURVE('',#190,#248,#253,.T.);
#253=LINE('',#191,#64);
#254=ORIENTED_EDGE('',*,*,#189,.F.);
#255=B_SPLINE_SURFACE_WITH_KNOTS('',1,1,((#55,#191),(#62,#249)),.UNSPECIFIED.,.F.,.F.,.F.,(2,2),(2,2),(0.,0.247487373415),(0.,1.),.PIECEWISE_BEZIER_KNOTS.);
#256=ADVANCED_FACE('',(#257),#264,.F.);
#257=FACE_BOUND('',#258,.F.);
#258=EDGE_LOOP('',(#66,#259,#260,#263));
#259=ORIENTED_EDGE('',*,*,#240,.T.);
#260=ORIENTED_EDGE('',*,*,#261,.F.);
#261=EDGE_CURVE('',#248,#236,#262,.T.);
#262=LINE('',#249,#71);
#263=ORIENTED_EDGE('',*,*,#247,.F.);
#264=B_SPLINE_SURFACE_WITH_KNOTS('',1,1,((#62,#249),(#69,#237)),.UNSPECIFIED.,.F.,.F.,.F.,(2,2),(2,2),(0.,3.55),(0.,1.),.PIECEWISE_BEZIER_KNOTS.);
#265=ADVANCED_FACE('',(#266),#278,.F.);
#266=FACE_BOUND('',#267,.F.);
#267=EDGE_LOOP('',(#268,#269,#274,#277));
#268=ORIENTED_EDGE('',*,*,#104,.T.);
#269=ORIENTED_EDGE('',*,*,#270,.T.);
#270=EDGE_CURVE('',#100,#271,#273,.T.);
#271=VERTEX_POINT('',#272);
#272=CARTESIAN_POINT('',(1.95,2.275,0.65));
#273=B_SPLINE_CURVE_WITH_KNOTS('',1,(#101,#272),.UNSPECIFIED.,.F.,.F.,(2,2),(0.,1.),.PIECEWISE_BEZIER_KNOTS.);
#274=ORIENTED_EDGE('',*,*,#275,.F.);
#275=EDGE_CURVE('',#114,#271,#276,.T.);
#276=LINE('',#115,#50);
#277=ORIENTED_EDGE('',*,*,#113,.F.);
#278=PLANE('',#279);
#279=AXIS2_PLACEMENT_3D('',#115,#65,#51);
#280=ADVANCED_FACE('',(#281),#337,.F.);
#281=FACE_BOUND('',#282,.F.);
#282=EDGE_LOOP('',(#283,#288,#289,#290,#295,#301,#306,#311,#316,#321,#327,#333));
#283=ORIENTED_EDGE('',*,*,#284,.T.);
#284=EDGE_CURVE('',#285,#119,#287,.T.);
#285=VERTEX_POINT('',#286);
#286=CARTESIAN_POINT('',(-1.95,2.275,0.65));
#287=LINE('',#286,#90);
#288=ORIENTED_EDGE('',*,*,#118,.T.);
#289=ORIENTED_EDGE('',*,*,#275,.T.);
#290=ORIENTED_EDGE('',*,*,#291,.T.);
#291=EDGE_CURVE('',#271,#292,#294,.T.);
#292=VERTEX_POINT('',#293);
#293=CARTESIAN_POINT('',(1.95,2.155,0.65));
#294=LINE('',#272,#57);
#295=ORIENTED_EDGE('',*,*,#296,.T.);
#296=EDGE_CURVE('',#292,#297,#299,.T.);
#297=VERTEX_POINT('',#298);
#298=CARTESIAN_POINT('',(1.875,2.155,0.65));
#299=LINE('',#300,#71);
#300=CARTESIAN_POINT('',(2.05,2.155,0.65));
#301=ORIENTED_EDGE('',*,*,#302,.F.);
#302=EDGE_CURVE('',#303,#297,#305,.T.);
#303=VERTEX_POINT('',#304);
#304=CARTESIAN_POINT('',(1.875,2.2375,0.65));
#305=LINE('',#304,#57);
#306=ORIENTED_EDGE('',*,*,#307,.F.);
#307=EDGE_CURVE('',#308,#303,#310,.T.);
#308=VERTEX_POINT('',#309);
#309=CARTESIAN_POINT('',(1.7375,2.375,0.65));
#310=LINE('',#309,#50);
#311=ORIENTED_EDGE('',*,*,#312,.F.);
#312=EDGE_CURVE('',#313,#308,#315,.T.);
#313=VERTEX_POINT('',#314);
#314=CARTESIAN_POINT('',(-1.7375,2.375,0.65));
#315=LINE('',#314,#27);
#316=ORIENTED_EDGE('',*,*,#317,.F.);
#317=EDGE_CURVE('',#318,#313,#320,.T.);
#318=VERTEX_POINT('',#319);
#319=CARTESIAN_POINT('',(-1.875,2.2375,0.65));
#320=LINE('',#319,#90);
#321=ORIENTED_EDGE('',*,*,#322,.F.);
#322=EDGE_CURVE('',#323,#318,#325,.T.);
#323=VERTEX_POINT('',#324);
#324=CARTESIAN_POINT('',(-1.875,2.155,0.65));
#325=LINE('',#326,#85);
#326=CARTESIAN_POINT('',(-1.875,-2.2375,0.65));
#327=ORIENTED_EDGE('',*,*,#328,.F.);
#328=EDGE_CURVE('',#329,#323,#331,.T.);
#329=VERTEX_POINT('',#330);
#330=CARTESIAN_POINT('',(-1.95,2.155,0.65));
#331=LINE('',#332,#27);
#332=CARTESIAN_POINT('',(-2.05,2.155,0.65));
#333=ORIENTED_EDGE('',*,*,#334,.T.);
#334=EDGE_CURVE('',#329,#285,#335,.T.);
#335=LINE('',#336,#85);
#336=CARTESIAN_POINT('',(-1.95,-2.275,0.65));
#337=PLANE('',#338);
#338=AXIS2_PLACEMENT_3D('',#339,#340,#14);
#339=CARTESIAN_POINT('',(-3.027078129022E-16,2.4125,0.65));
#340=DIRECTION('',(5.746605807844E-18,-7.012113989679E-28,-1.));
#341=ADVANCED_FACE('',(#342),#350,.F.);
#342=FACE_BOUND('',#343,.F.);
#343=EDGE_LOOP('',(#344,#345,#346,#347));
#344=ORIENTED_EDGE('',*,*,#132,.T.);
#345=ORIENTED_EDGE('',*,*,#123,.T.);
#346=ORIENTED_EDGE('',*,*,#284,.F.);
#347=ORIENTED_EDGE('',*,*,#348,.F.);
#348=EDGE_CURVE('',#133,#285,#349,.T.);
#349=B_SPLINE_CURVE_WITH_KNOTS('',1,(#134,#286),.UNSPECIFIED.,.F.,.F.,(2,2),(0.,1.),.PIECEWISE_BEZIER_KNOTS.);
#350=PLANE('',#351);
#351=AXIS2_PLACEMENT_3D('',#286,#51,#91);
#352=ADVANCED_FACE('',(#353),#369,.F.);
#353=FACE_BOUND('',#354,.F.);
#354=EDGE_LOOP('',(#355,#359,#360,#367));
#355=ORIENTED_EDGE('',*,*,#356,.F.);
#356=EDGE_CURVE('',#180,#357,#358,.T.);
#357=VERTEX_POINT('',#336);
#358=B_SPLINE_CURVE_WITH_KNOTS('',1,(#149,#336),.UNSPECIFIED.,.F.,.F.,(2,2),(0.,1.),.PIECEWISE_BEZIER_KNOTS.);
#359=ORIENTED_EDGE('',*,*,#179,.T.);
#360=ORIENTED_EDGE('',*,*,#361,.T.);
#361=EDGE_CURVE('',#176,#362,#364,.T.);
#362=VERTEX_POINT('',#363);
#363=CARTESIAN_POINT('',(-1.95,-2.155,0.65));
#364=LINE('',#365,#366);
#365=CARTESIAN_POINT('',(-1.95,-2.155,0.481916344416));
#366=VECTOR('',#13,1.);
#367=ORIENTED_EDGE('',*,*,#368,.F.);
#368=EDGE_CURVE('',#357,#362,#335,.T.);
#369=PLANE('',#370);
#370=AXIS2_PLACEMENT_3D('',#336,#14,#86);
#371=ADVANCED_FACE('',(#372),#390,.F.);
#372=FACE_BOUND('',#373,.F.);
#373=EDGE_LOOP('',(#374,#380,#381,#387));
#374=ORIENTED_EDGE('',*,*,#375,.F.);
#375=EDGE_CURVE('',#176,#376,#378,.T.);
#376=VERTEX_POINT('',#377);
#377=CARTESIAN_POINT('',(-2.05,-2.155,0.55));
#378=LINE('',#379,#71);
#379=CARTESIAN_POINT('',(-1.8,-2.155,0.55));
#380=ORIENTED_EDGE('',*,*,#175,.T.);
#381=ORIENTED_EDGE('',*,*,#382,.T.);
#382=EDGE_CURVE('',#172,#383,#385,.T.);
#383=VERTEX_POINT('',#384);
#384=CARTESIAN_POINT('',(-2.05,-1.655,0.55));
#385=LINE('',#386,#71);
#386=CARTESIAN_POINT('',(-1.8,-1.655,0.55));
#387=ORIENTED_EDGE('',*,*,#388,.F.);
#388=EDGE_CURVE('',#376,#383,#389,.T.);
#389=LINE('',#377,#85);
#390=PLANE('',#391);
#391=AXIS2_PLACEMENT_3D('',#379,#13,#72);
#392=ADVANCED_FACE('',(#393),#369,.F.);
#393=FACE_BOUND('',#394,.F.);
#394=EDGE_LOOP('',(#395,#401,#402,#408));
#395=ORIENTED_EDGE('',*,*,#396,.F.);
#396=EDGE_CURVE('',#172,#397,#399,.T.);
#397=VERTEX_POINT('',#398);
#398=CARTESIAN_POINT('',(-1.95,-1.655,0.65));
#399=LINE('',#400,#366);
#400=CARTESIAN_POINT('',(-1.95,-1.655,0.481916344416));
#401=ORIENTED_EDGE('',*,*,#171,.T.);
#402=ORIENTED_EDGE('',*,*,#403,.T.);
#403=EDGE_CURVE('',#168,#404,#406,.T.);
#404=VERTEX_POINT('',#405);
#405=CARTESIAN_POINT('',(-1.95,-0.885,0.65));
#406=LINE('',#407,#366);
#407=CARTESIAN_POINT('',(-1.95,-0.885,0.481916344416));
#408=ORIENTED_EDGE('',*,*,#409,.F.);
#409=EDGE_CURVE('',#397,#404,#335,.T.);
#410=ADVANCED_FACE('',(#411),#429,.F.);
#411=FACE_BOUND('',#412,.F.);
#412=EDGE_LOOP('',(#413,#419,#420,#426));
#413=ORIENTED_EDGE('',*,*,#414,.F.);
#414=EDGE_CURVE('',#168,#415,#417,.T.);
#415=VERTEX_POINT('',#416);
#416=CARTESIAN_POINT('',(-2.05,-0.885,0.55));
#417=LINE('',#418,#71);
#418=CARTESIAN_POINT('',(-1.8,-0.885,0.55));
#419=ORIENTED_EDGE('',*,*,#167,.T.);
#420=ORIENTED_EDGE('',*,*,#421,.T.);
#421=EDGE_CURVE('',#164,#422,#424,.T.);
#422=VERTEX_POINT('',#423);
#423=CARTESIAN_POINT('',(-2.05,-0.385,0.55));
#424=LINE('',#425,#71);
#425=CARTESIAN_POINT('',(-1.8,-0.385,0.55));
#426=ORIENTED_EDGE('',*,*,#427,.F.);
#427=EDGE_CURVE('',#415,#422,#428,.T.);
#428=LINE('',#416,#85);
#429=PLANE('',#430);
#430=AXIS2_PLACEMENT_3D('',#418,#13,#72);
#431=ADVANCED_FACE('',(#432),#369,.F.);
#432=FACE_BOUND('',#433,.F.);
#433=EDGE_LOOP('',(#434,#440,#441,#447));
#434=ORIENTED_EDGE('',*,*,#435,.F.);
#435=EDGE_CURVE('',#164,#436,#438,.T.);
#436=VERTEX_POINT('',#437);
#437=CARTESIAN_POINT('',(-1.95,-0.385,0.65));
#438=LINE('',#439,#366);
#439=CARTESIAN_POINT('',(-1.95,-0.385,0.481916344416));
#440=ORIENTED_EDGE('',*,*,#163,.T.);
#441=ORIENTED_EDGE('',*,*,#442,.T.);
#442=EDGE_CURVE('',#160,#443,#445,.T.);
#443=VERTEX_POINT('',#444);
#444=CARTESIAN_POINT('',(-1.95,0.385,0.65));
#445=LINE('',#446,#366);
#446=CARTESIAN_POINT('',(-1.95,0.385,0.481916344416));
#447=ORIENTED_EDGE('',*,*,#448,.F.);
#448=EDGE_CURVE('',#436,#443,#335,.T.);
#449=ADVANCED_FACE('',(#450),#468,.F.);
#450=FACE_BOUND('',#451,.F.);
#451=EDGE_LOOP('',(#452,#458,#459,#465));
#452=ORIENTED_EDGE('',*,*,#453,.F.);
#453=EDGE_CURVE('',#160,#454,#456,.T.);
#454=VERTEX_POINT('',#455);
#455=CARTESIAN_POINT('',(-2.05,0.385,0.55));
#456=LINE('',#457,#71);
#457=CARTESIAN_POINT('',(-1.8,0.385,0.55));
#458=ORIENTED_EDGE('',*,*,#159,.T.);
#459=ORIENTED_EDGE('',*,*,#460,.T.);
#460=EDGE_CURVE('',#156,#461,#463,.T.);
#461=VERTEX_POINT('',#462);
#462=CARTESIAN_POINT('',(-2.05,0.885,0.55));
#463=LINE('',#464,#71);
#464=CARTESIAN_POINT('',(-1.8,0.885,0.55));
#465=ORIENTED_EDGE('',*,*,#466,.F.);
#466=EDGE_CURVE('',#454,#461,#467,.T.);
#467=LINE('',#455,#85);
#468=PLANE('',#469);
#469=AXIS2_PLACEMENT_3D('',#457,#13,#72);
#470=ADVANCED_FACE('',(#471),#369,.F.);
#471=FACE_BOUND('',#472,.F.);
#472=EDGE_LOOP('',(#473,#479,#480,#486));
#473=ORIENTED_EDGE('',*,*,#474,.F.);
#474=EDGE_CURVE('',#156,#475,#477,.T.);
#475=VERTEX_POINT('',#476);
#476=CARTESIAN_POINT('',(-1.95,0.885,0.65));
#477=LINE('',#478,#366);
#478=CARTESIAN_POINT('',(-1.95,0.885,0.481916344416));
#479=ORIENTED_EDGE('',*,*,#155,.T.);
#480=ORIENTED_EDGE('',*,*,#481,.T.);
#481=EDGE_CURVE('',#152,#482,#484,.T.);
#482=VERTEX_POINT('',#483);
#483=CARTESIAN_POINT('',(-1.95,1.655,0.65));
#484=LINE('',#485,#366);
#485=CARTESIAN_POINT('',(-1.95,1.655,0.481916344416));
#486=ORIENTED_EDGE('',*,*,#487,.F.);
#487=EDGE_CURVE('',#475,#482,#335,.T.);
#488=ADVANCED_FACE('',(#489),#507,.F.);
#489=FACE_BOUND('',#490,.F.);
#490=EDGE_LOOP('',(#491,#497,#498,#504));
#491=ORIENTED_EDGE('',*,*,#492,.F.);
#492=EDGE_CURVE('',#152,#493,#495,.T.);
#493=VERTEX_POINT('',#494);
#494=CARTESIAN_POINT('',(-2.05,1.655,0.55));
#495=LINE('',#496,#71);
#496=CARTESIAN_POINT('',(-1.8,1.655,0.55));
#497=ORIENTED_EDGE('',*,*,#151,.T.);
#498=ORIENTED_EDGE('',*,*,#499,.T.);
#499=EDGE_CURVE('',#146,#500,#502,.T.);
#500=VERTEX_POINT('',#501);
#501=CARTESIAN_POINT('',(-2.05,2.155,0.55));
#502=LINE('',#503,#71);
#503=CARTESIAN_POINT('',(-1.8,2.155,0.55));
#504=ORIENTED_EDGE('',*,*,#505,.F.);
#505=EDGE_CURVE('',#493,#500,#506,.T.);
#506=LINE('',#494,#85);
#507=PLANE('',#508);
#508=AXIS2_PLACEMENT_3D('',#496,#13,#72);
#509=ADVANCED_FACE('',(#510),#369,.F.);
#510=FACE_BOUND('',#511,.F.);
#511=EDGE_LOOP('',(#512,#516,#517,#518));
#512=ORIENTED_EDGE('',*,*,#513,.F.);
#513=EDGE_CURVE('',#146,#329,#514,.T.);
#514=LINE('',#515,#366);
#515=CARTESIAN_POINT('',(-1.95,2.155,0.481916344416));
#516=ORIENTED_EDGE('',*,*,#145,.T.);
#517=ORIENTED_EDGE('',*,*,#348,.T.);
#518=ORIENTED_EDGE('',*,*,#334,.F.);
#519=ADVANCED_FACE('',(#520),#529,.F.);
#520=FACE_BOUND('',#521,.F.);
#521=EDGE_LOOP('',(#522,#523,#524,#528));
#522=ORIENTED_EDGE('',*,*,#270,.F.);
#523=ORIENTED_EDGE('',*,*,#227,.T.);
#524=ORIENTED_EDGE('',*,*,#525,.T.);
#525=EDGE_CURVE('',#224,#292,#526,.T.);
#526=LINE('',#527,#366);
#527=CARTESIAN_POINT('',(1.95,2.155,0.481916344416));
#528=ORIENTED_EDGE('',*,*,#291,.F.);
#529=PLANE('',#530);
#530=AXIS2_PLACEMENT_3D('',#272,#72,#58);
#531=ADVANCED_FACE('',(#532),#550,.F.);
#532=FACE_BOUND('',#533,.F.);
#533=EDGE_LOOP('',(#534,#540,#541,#547));
#534=ORIENTED_EDGE('',*,*,#535,.F.);
#535=EDGE_CURVE('',#224,#536,#538,.T.);
#536=VERTEX_POINT('',#537);
#537=CARTESIAN_POINT('',(2.05,2.155,0.55));
#538=LINE('',#539,#27);
#539=CARTESIAN_POINT('',(1.8,2.155,0.55));
#540=ORIENTED_EDGE('',*,*,#223,.T.);
#541=ORIENTED_EDGE('',*,*,#542,.T.);
#542=EDGE_CURVE('',#220,#543,#545,.T.);
#543=VERTEX_POINT('',#544);
#544=CARTESIAN_POINT('',(2.05,1.655,0.55));
#545=LINE('',#546,#27);
#546=CARTESIAN_POINT('',(1.8,1.655,0.55));
#547=ORIENTED_EDGE('',*,*,#548,.F.);
#548=EDGE_CURVE('',#536,#543,#549,.T.);
#549=LINE('',#537,#57);
#550=PLANE('',#551);
#551=AXIS2_PLACEMENT_3D('',#539,#13,#14);
#552=ADVANCED_FACE('',(#553),#529,.F.);
#553=FACE_BOUND('',#554,.F.);
#554=EDGE_LOOP('',(#555,#561,#562,#568));
#555=ORIENTED_EDGE('',*,*,#556,.F.);
#556=EDGE_CURVE('',#220,#557,#559,.T.);
#557=VERTEX_POINT('',#558);
#558=CARTESIAN_POINT('',(1.95,1.655,0.65));
#559=LINE('',#560,#366);
#560=CARTESIAN_POINT('',(1.95,1.655,0.481916344416));
#561=ORIENTED_EDGE('',*,*,#219,.T.);
#562=ORIENTED_EDGE('',*,*,#563,.T.);
#563=EDGE_CURVE('',#216,#564,#566,.T.);
#564=VERTEX_POINT('',#565);
#565=CARTESIAN_POINT('',(1.95,0.885,0.65));
#566=LINE('',#567,#366);
#567=CARTESIAN_POINT('',(1.95,0.885,0.481916344416));
#568=ORIENTED_EDGE('',*,*,#569,.F.);
#569=EDGE_CURVE('',#557,#564,#294,.T.);
#570=ADVANCED_FACE('',(#571),#589,.F.);
#571=FACE_BOUND('',#572,.F.);
#572=EDGE_LOOP('',(#573,#579,#580,#586));
#573=ORIENTED_EDGE('',*,*,#574,.F.);
#574=EDGE_CURVE('',#216,#575,#577,.T.);
#575=VERTEX_POINT('',#576);
#576=CARTESIAN_POINT('',(2.05,0.885,0.55));
#577=LINE('',#578,#27);
#578=CARTESIAN_POINT('',(1.8,0.885,0.55));
#579=ORIENTED_EDGE('',*,*,#215,.T.);
#580=ORIENTED_EDGE('',*,*,#581,.T.);
#581=EDGE_CURVE('',#212,#582,#584,.T.);
#582=VERTEX_POINT('',#583);
#583=CARTESIAN_POINT('',(2.05,0.385,0.55));
#584=LINE('',#585,#27);
#585=CARTESIAN_POINT('',(1.8,0.385,0.55));
#586=ORIENTED_EDGE('',*,*,#587,.F.);
#587=EDGE_CURVE('',#575,#582,#588,.T.);
#588=LINE('',#576,#57);
#589=PLANE('',#590);
#590=AXIS2_PLACEMENT_3D('',#578,#13,#14);
#591=ADVANCED_FACE('',(#592),#529,.F.);
#592=FACE_BOUND('',#593,.F.);
#593=EDGE_LOOP('',(#594,#600,#601,#607));
#594=ORIENTED_EDGE('',*,*,#595,.F.);
#595=EDGE_CURVE('',#212,#596,#598,.T.);
#596=VERTEX_POINT('',#597);
#597=CARTESIAN_POINT('',(1.95,0.385,0.65));
#598=LINE('',#599,#366);
#599=CARTESIAN_POINT('',(1.95,0.385,0.481916344416));
#600=ORIENTED_EDGE('',*,*,#211,.T.);
#601=ORIENTED_EDGE('',*,*,#602,.T.);
#602=EDGE_CURVE('',#208,#603,#605,.T.);
#603=VERTEX_POINT('',#604);
#604=CARTESIAN_POINT('',(1.95,-0.385,0.65));
#605=LINE('',#606,#366);
#606=CARTESIAN_POINT('',(1.95,-0.385,0.481916344416));
#607=ORIENTED_EDGE('',*,*,#608,.F.);
#608=EDGE_CURVE('',#596,#603,#294,.T.);
#609=ADVANCED_FACE('',(#610),#628,.F.);
#610=FACE_BOUND('',#611,.F.);
#611=EDGE_LOOP('',(#612,#618,#619,#625));
#612=ORIENTED_EDGE('',*,*,#613,.F.);
#613=EDGE_CURVE('',#208,#614,#616,.T.);
#614=VERTEX_POINT('',#615);
#615=CARTESIAN_POINT('',(2.05,-0.385,0.55));
#616=LINE('',#617,#27);
#617=CARTESIAN_POINT('',(1.8,-0.385,0.55));
#618=ORIENTED_EDGE('',*,*,#207,.T.);
#619=ORIENTED_EDGE('',*,*,#620,.T.);
#620=EDGE_CURVE('',#204,#621,#623,.T.);
#621=VERTEX_POINT('',#622);
#622=CARTESIAN_POINT('',(2.05,-0.885,0.55));
#623=LINE('',#624,#27);
#624=CARTESIAN_POINT('',(1.8,-0.885,0.55));
#625=ORIENTED_EDGE('',*,*,#626,.F.);
#626=EDGE_CURVE('',#614,#621,#627,.T.);
#627=LINE('',#615,#57);
#628=PLANE('',#629);
#629=AXIS2_PLACEMENT_3D('',#617,#13,#14);
#630=ADVANCED_FACE('',(#631),#529,.F.);
#631=FACE_BOUND('',#632,.F.);
#632=EDGE_LOOP('',(#633,#639,#640,#646));
#633=ORIENTED_EDGE('',*,*,#634,.F.);
#634=EDGE_CURVE('',#204,#635,#637,.T.);
#635=VERTEX_POINT('',#636);
#636=CARTESIAN_POINT('',(1.95,-0.885,0.65));
#637=LINE('',#638,#366);
#638=CARTESIAN_POINT('',(1.95,-0.885,0.481916344416));
#639=ORIENTED_EDGE('',*,*,#203,.T.);
#640=ORIENTED_EDGE('',*,*,#641,.T.);
#641=EDGE_CURVE('',#200,#642,#644,.T.);
#642=VERTEX_POINT('',#643);
#643=CARTESIAN_POINT('',(1.95,-1.655,0.65));
#644=LINE('',#645,#366);
#645=CARTESIAN_POINT('',(1.95,-1.655,0.481916344416));
#646=ORIENTED_EDGE('',*,*,#647,.F.);
#647=EDGE_CURVE('',#635,#642,#294,.T.);
#648=ADVANCED_FACE('',(#649),#667,.F.);
#649=FACE_BOUND('',#650,.F.);
#650=EDGE_LOOP('',(#651,#657,#658,#664));
#651=ORIENTED_EDGE('',*,*,#652,.F.);
#652=EDGE_CURVE('',#200,#653,#655,.T.);
#653=VERTEX_POINT('',#654);
#654=CARTESIAN_POINT('',(2.05,-1.655,0.55));
#655=LINE('',#656,#27);
#656=CARTESIAN_POINT('',(1.8,-1.655,0.55));
#657=ORIENTED_EDGE('',*,*,#199,.T.);
#658=ORIENTED_EDGE('',*,*,#659,.T.);
#659=EDGE_CURVE('',#195,#660,#662,.T.);
#660=VERTEX_POINT('',#661);
#661=CARTESIAN_POINT('',(2.05,-2.155,0.55));
#662=LINE('',#663,#27);
#663=CARTESIAN_POINT('',(1.8,-2.155,0.55));
#664=ORIENTED_EDGE('',*,*,#665,.F.);
#665=EDGE_CURVE('',#653,#660,#666,.T.);
#666=LINE('',#654,#57);
#667=PLANE('',#668);
#668=AXIS2_PLACEMENT_3D('',#656,#13,#14);
#669=ADVANCED_FACE('',(#670),#529,.F.);
#670=FACE_BOUND('',#671,.F.);
#671=EDGE_LOOP('',(#672,#678,#679,#684));
#672=ORIENTED_EDGE('',*,*,#673,.F.);
#673=EDGE_CURVE('',#195,#674,#676,.T.);
#674=VERTEX_POINT('',#675);
#675=CARTESIAN_POINT('',(1.95,-2.155,0.65));
#676=LINE('',#677,#366);
#677=CARTESIAN_POINT('',(1.95,-2.155,0.481916344416));
#678=ORIENTED_EDGE('',*,*,#194,.T.);
#679=ORIENTED_EDGE('',*,*,#680,.T.);
#680=EDGE_CURVE('',#190,#681,#683,.T.);
#681=VERTEX_POINT('',#682);
#682=CARTESIAN_POINT('',(1.95,-2.275,0.65));
#683=B_SPLINE_CURVE_WITH_KNOTS('',1,(#191,#682),.UNSPECIFIED.,.F.,.F.,(2,2),(0.,1.),.PIECEWISE_BEZIER_KNOTS.);
#684=ORIENTED_EDGE('',*,*,#685,.F.);
#685=EDGE_CURVE('',#674,#681,#294,.T.);
#686=ADVANCED_FACE('',(#687),#699,.F.);
#687=FACE_BOUND('',#688,.F.);
#688=EDGE_LOOP('',(#689,#690,#691,#696));
#689=ORIENTED_EDGE('',*,*,#235,.T.);
#690=ORIENTED_EDGE('',*,*,#356,.T.);
#691=ORIENTED_EDGE('',*,*,#692,.F.);
#692=EDGE_CURVE('',#693,#357,#695,.T.);
#693=VERTEX_POINT('',#694);
#694=CARTESIAN_POINT('',(-1.775,-2.45,0.65));
#695=LINE('',#694,#78);
#696=ORIENTED_EDGE('',*,*,#697,.F.);
#697=EDGE_CURVE('',#236,#693,#698,.T.);
#698=B_SPLINE_CURVE_WITH_KNOTS('',1,(#237,#694),.UNSPECIFIED.,.F.,.F.,(2,2),(0.,1.),.PIECEWISE_BEZIER_KNOTS.);
#699=PLANE('',#700);
#700=AXIS2_PLACEMENT_3D('',#694,#91,#79);
#701=ADVANCED_FACE('',(#702),#714,.F.);
#702=FACE_BOUND('',#703,.F.);
#703=EDGE_LOOP('',(#704,#705,#710,#713));
#704=ORIENTED_EDGE('',*,*,#252,.T.);
#705=ORIENTED_EDGE('',*,*,#706,.T.);
#706=EDGE_CURVE('',#248,#707,#709,.T.);
#707=VERTEX_POINT('',#708);
#708=CARTESIAN_POINT('',(1.775,-2.45,0.65));
#709=B_SPLINE_CURVE_WITH_KNOTS('',1,(#249,#708),.UNSPECIFIED.,.F.,.F.,(2,2),(0.,1.),.PIECEWISE_BEZIER_KNOTS.);
#710=ORIENTED_EDGE('',*,*,#711,.F.);
#711=EDGE_CURVE('',#681,#707,#712,.T.);
#712=LINE('',#682,#64);
#713=ORIENTED_EDGE('',*,*,#680,.F.);
#714=PLANE('',#715);
#715=AXIS2_PLACEMENT_3D('',#682,#79,#65);
#716=ADVANCED_FACE('',(#717),#725,.F.);
#717=FACE_BOUND('',#718,.F.);
#718=EDGE_LOOP('',(#719,#720,#721,#724));
#719=ORIENTED_EDGE('',*,*,#261,.T.);
#720=ORIENTED_EDGE('',*,*,#697,.T.);
#721=ORIENTED_EDGE('',*,*,#722,.F.);
#722=EDGE_CURVE('',#707,#693,#723,.T.);
#723=LINE('',#708,#71);
#724=ORIENTED_EDGE('',*,*,#706,.F.);
#725=PLANE('',#726);
#726=AXIS2_PLACEMENT_3D('',#708,#86,#72);
#727=ADVANCED_FACE('',(#728),#748,.F.);
#728=FACE_BOUND('',#729,.F.);
#729=EDGE_LOOP('',(#730,#735,#739,#741,#742,#746));
#730=ORIENTED_EDGE('',*,*,#731,.F.);
#731=EDGE_CURVE('',#732,#482,#734,.T.);
#732=VERTEX_POINT('',#733);
#733=CARTESIAN_POINT('',(-2.05,1.655,0.65));
#734=LINE('',#733,#27);
#735=ORIENTED_EDGE('',*,*,#736,.T.);
#736=EDGE_CURVE('',#732,#737,#738,.T.);
#737=VERTEX_POINT('',#332);
#738=LINE('',#733,#85);
#739=ORIENTED_EDGE('',*,*,#740,.T.);
#740=EDGE_CURVE('',#737,#329,#331,.T.);
#741=ORIENTED_EDGE('',*,*,#328,.T.);
#742=ORIENTED_EDGE('',*,*,#743,.F.);
#743=EDGE_CURVE('',#744,#323,#325,.T.);
#744=VERTEX_POINT('',#745);
#745=CARTESIAN_POINT('',(-1.875,1.655,0.65));
#746=ORIENTED_EDGE('',*,*,#747,.F.);
#747=EDGE_CURVE('',#482,#744,#734,.T.);
#748=PLANE('',#749);
#749=AXIS2_PLACEMENT_3D('',#733,#340,#14);
#750=ADVANCED_FACE('',(#751),#795,.F.);
#751=FACE_BOUND('',#752,.F.);
#752=EDGE_LOOP('',(#753,#758,#762,#766,#770,#774,#778,#780,#781,#782,#787,#792));
#753=ORIENTED_EDGE('',*,*,#754,.T.);
#754=EDGE_CURVE('',#755,#756,#325,.T.);
#755=VERTEX_POINT('',#326);
#756=VERTEX_POINT('',#757);
#757=CARTESIAN_POINT('',(-1.875,-2.155,0.65));
#758=ORIENTED_EDGE('',*,*,#759,.T.);
#759=EDGE_CURVE('',#756,#760,#325,.T.);
#760=VERTEX_POINT('',#761);
#761=CARTESIAN_POINT('',(-1.875,-1.655,0.65));
#762=ORIENTED_EDGE('',*,*,#763,.T.);
#763=EDGE_CURVE('',#760,#764,#325,.T.);
#764=VERTEX_POINT('',#765);
#765=CARTESIAN_POINT('',(-1.875,-0.885,0.65));
#766=ORIENTED_EDGE('',*,*,#767,.T.);
#767=EDGE_CURVE('',#764,#768,#325,.T.);
#768=VERTEX_POINT('',#769);
#769=CARTESIAN_POINT('',(-1.875,-0.385,0.65));
#770=ORIENTED_EDGE('',*,*,#771,.T.);
#771=EDGE_CURVE('',#768,#772,#325,.T.);
#772=VERTEX_POINT('',#773);
#773=CARTESIAN_POINT('',(-1.875,0.385,0.65));
#774=ORIENTED_EDGE('',*,*,#775,.T.);
#775=EDGE_CURVE('',#772,#776,#325,.T.);
#776=VERTEX_POINT('',#777);
#777=CARTESIAN_POINT('',(-1.875,0.885,0.65));
#778=ORIENTED_EDGE('',*,*,#779,.T.);
#779=EDGE_CURVE('',#776,#744,#325,.T.);
#780=ORIENTED_EDGE('',*,*,#743,.T.);
#781=ORIENTED_EDGE('',*,*,#322,.T.);
#782=ORIENTED_EDGE('',*,*,#783,.T.);
#783=EDGE_CURVE('',#318,#784,#786,.T.);
#784=VERTEX_POINT('',#785);
#785=CARTESIAN_POINT('',(-1.803727001854,2.201863500927,1.1));
#786=B_SPLINE_CURVE_WITH_KNOTS('',1,(#319,#785),.UNSPECIFIED.,.F.,.F.,(2,2),(0.,1.),.PIECEWISE_BEZIER_KNOTS.);
#787=ORIENTED_EDGE('',*,*,#788,.F.);
#788=EDGE_CURVE('',#789,#784,#791,.T.);
#789=VERTEX_POINT('',#790);
#790=CARTESIAN_POINT('',(-1.803727001854,-2.201863500927,1.1));
#791=LINE('',#790,#85);
#792=ORIENTED_EDGE('',*,*,#793,.F.);
#793=EDGE_CURVE('',#755,#789,#794,.T.);
#794=B_SPLINE_CURVE_WITH_KNOTS('',1,(#326,#790),.UNSPECIFIED.,.F.,.F.,(2,2),(0.,1.),.PIECEWISE_BEZIER_KNOTS.);
#795=B_SPLINE_SURFACE_WITH_KNOTS('',1,1,((#326,#790),(#319,#785)),.UNSPECIFIED.,.F.,.F.,.F.,(2,2),(2,2),(0.,4.475),(0.,1.),.PIECEWISE_BEZIER_KNOTS.);
#796=ADVANCED_FACE('',(#797),#809,.F.);
#797=FACE_BOUND('',#798,.F.);
#798=EDGE_LOOP('',(#799,#800,#805,#808));
#799=ORIENTED_EDGE('',*,*,#317,.T.);
#800=ORIENTED_EDGE('',*,*,#801,.T.);
#801=EDGE_CURVE('',#313,#802,#804,.T.);
#802=VERTEX_POINT('',#803);
#803=CARTESIAN_POINT('',(-1.701863500927,2.303727001854,1.1));
#804=B_SPLINE_CURVE_WITH_KNOTS('',1,(#314,#803),.UNSPECIFIED.,.F.,.F.,(2,2),(0.,1.),.PIECEWISE_BEZIER_KNOTS.);
#805=ORIENTED_EDGE('',*,*,#806,.F.);
#806=EDGE_CURVE('',#784,#802,#807,.T.);
#807=LINE('',#785,#90);
#808=ORIENTED_EDGE('',*,*,#783,.F.);
#809=B_SPLINE_SURFACE_WITH_KNOTS('',1,1,((#319,#785),(#314,#803)),.UNSPECIFIED.,.F.,.F.,.F.,(2,2),(2,2),(0.,0.194454364826),(0.,1.),.PIECEWISE_BEZIER_KNOTS.);
#810=ADVANCED_FACE('',(#811),#823,.F.);
#811=FACE_BOUND('',#812,.F.);
#812=EDGE_LOOP('',(#813,#814,#819,#822));
#813=ORIENTED_EDGE('',*,*,#312,.T.);
#814=ORIENTED_EDGE('',*,*,#815,.T.);
#815=EDGE_CURVE('',#308,#816,#818,.T.);
#816=VERTEX_POINT('',#817);
#817=CARTESIAN_POINT('',(1.701863500927,2.303727001854,1.1));
#818=B_SPLINE_CURVE_WITH_KNOTS('',1,(#309,#817),.UNSPECIFIED.,.F.,.F.,(2,2),(0.,1.),.PIECEWISE_BEZIER_KNOTS.);
#819=ORIENTED_EDGE('',*,*,#820,.F.);
#820=EDGE_CURVE('',#802,#816,#821,.T.);
#821=LINE('',#803,#27);
#822=ORIENTED_EDGE('',*,*,#801,.F.);
#823=B_SPLINE_SURFACE_WITH_KNOTS('',1,1,((#314,#803),(#309,#817)),.UNSPECIFIED.,.F.,.F.,.F.,(2,2),(2,2),(0.,3.475),(0.,1.),.PIECEWISE_BEZIER_KNOTS.);
#824=ADVANCED_FACE('',(#825),#837,.F.);
#825=FACE_BOUND('',#826,.F.);
#826=EDGE_LOOP('',(#827,#828,#833,#836));
#827=ORIENTED_EDGE('',*,*,#307,.T.);
#828=ORIENTED_EDGE('',*,*,#829,.T.);
#829=EDGE_CURVE('',#303,#830,#832,.T.);
#830=VERTEX_POINT('',#831);
#831=CARTESIAN_POINT('',(1.803727001854,2.201863500927,1.1));
#832=B_SPLINE_CURVE_WITH_KNOTS('',1,(#304,#831),.UNSPECIFIED.,.F.,.F.,(2,2),(0.,1.),.PIECEWISE_BEZIER_KNOTS.);
#833=ORIENTED_EDGE('',*,*,#834,.F.);
#834=EDGE_CURVE('',#816,#830,#835,.T.);
#835=LINE('',#817,#50);
#836=ORIENTED_EDGE('',*,*,#815,.F.);
#837=B_SPLINE_SURFACE_WITH_KNOTS('',1,1,((#309,#817),(#304,#831)),.UNSPECIFIED.,.F.,.F.,.F.,(2,2),(2,2),(0.,0.194454364826),(0.,1.),.PIECEWISE_BEZIER_KNOTS.);
#838=ADVANCED_FACE('',(#839),#883,.F.);
#839=FACE_BOUND('',#840,.F.);
#840=EDGE_LOOP('',(#841,#842,#846,#850,#854,#858,#862,#866,#870,#874,#879,#882));
#841=ORIENTED_EDGE('',*,*,#302,.T.);
#842=ORIENTED_EDGE('',*,*,#843,.T.);
#843=EDGE_CURVE('',#297,#844,#305,.T.);
#844=VERTEX_POINT('',#845);
#845=CARTESIAN_POINT('',(1.875,1.655,0.65));
#846=ORIENTED_EDGE('',*,*,#847,.T.);
#847=EDGE_CURVE('',#844,#848,#305,.T.);
#848=VERTEX_POINT('',#849);
#849=CARTESIAN_POINT('',(1.875,0.885,0.65));
#850=ORIENTED_EDGE('',*,*,#851,.T.);
#851=EDGE_CURVE('',#848,#852,#305,.T.);
#852=VERTEX_POINT('',#853);
#853=CARTESIAN_POINT('',(1.875,0.385,0.65));
#854=ORIENTED_EDGE('',*,*,#855,.T.);
#855=EDGE_CURVE('',#852,#856,#305,.T.);
#856=VERTEX_POINT('',#857);
#857=CARTESIAN_POINT('',(1.875,-0.385,0.65));
#858=ORIENTED_EDGE('',*,*,#859,.T.);
#859=EDGE_CURVE('',#856,#860,#305,.T.);
#860=VERTEX_POINT('',#861);
#861=CARTESIAN_POINT('',(1.875,-0.885,0.65));
#862=ORIENTED_EDGE('',*,*,#863,.T.);
#863=EDGE_CURVE('',#860,#864,#305,.T.);
#864=VERTEX_POINT('',#865);
#865=CARTESIAN_POINT('',(1.875,-1.655,0.65));
#866=ORIENTED_EDGE('',*,*,#867,.T.);
#867=EDGE_CURVE('',#864,#868,#305,.T.);
#868=VERTEX_POINT('',#869);
#869=CARTESIAN_POINT('',(1.875,-2.155,0.65));
#870=ORIENTED_EDGE('',*,*,#871,.T.);
#871=EDGE_CURVE('',#868,#872,#305,.T.);
#872=VERTEX_POINT('',#873);
#873=CARTESIAN_POINT('',(1.875,-2.2375,0.65));
#874=ORIENTED_EDGE('',*,*,#875,.T.);
#875=EDGE_CURVE('',#872,#876,#878,.T.);
#876=VERTEX_POINT('',#877);
#877=CARTESIAN_POINT('',(1.803727001854,-2.201863500927,1.1));
#878=B_SPLINE_CURVE_WITH_KNOTS('',1,(#873,#877),.UNSPECIFIED.,.F.,.F.,(2,2),(0.,1.),.PIECEWISE_BEZIER_KNOTS.);
#879=ORIENTED_EDGE('',*,*,#880,.F.);
#880=EDGE_CURVE('',#830,#876,#881,.T.);
#881=LINE('',#831,#57);
#882=ORIENTED_EDGE('',*,*,#829,.F.);
#883=B_SPLINE_SURFACE_WITH_KNOTS('',1,1,((#304,#831),(#873,#877)),.UNSPECIFIED.,.F.,.F.,.F.,(2,2),(2,2),(0.,4.475),(0.,1.),.PIECEWISE_BEZIER_KNOTS.);
#884=ADVANCED_FACE('',(#885),#902,.F.);
#885=FACE_BOUND('',#886,.F.);
#886=EDGE_LOOP('',(#887,#890,#895,#898,#900,#901));
#887=ORIENTED_EDGE('',*,*,#888,.F.);
#888=EDGE_CURVE('',#889,#292,#299,.T.);
#889=VERTEX_POINT('',#300);
#890=ORIENTED_EDGE('',*,*,#891,.T.);
#891=EDGE_CURVE('',#889,#892,#894,.T.);
#892=VERTEX_POINT('',#893);
#893=CARTESIAN_POINT('',(2.05,1.655,0.65));
#894=LINE('',#300,#57);
#895=ORIENTED_EDGE('',*,*,#896,.T.);
#896=EDGE_CURVE('',#892,#557,#897,.T.);
#897=LINE('',#893,#71);
#898=ORIENTED_EDGE('',*,*,#899,.T.);
#899=EDGE_CURVE('',#557,#844,#897,.T.);
#900=ORIENTED_EDGE('',*,*,#843,.F.);
#901=ORIENTED_EDGE('',*,*,#296,.F.);
#902=PLANE('',#903);
#903=AXIS2_PLACEMENT_3D('',#300,#340,#72);
#904=ADVANCED_FACE('',(#905),#337,.F.);
#905=FACE_BOUND('',#906,.F.);
#906=EDGE_LOOP('',(#907,#908,#912,#913,#918,#923,#926,#927,#931,#932,#933,#934));
#907=ORIENTED_EDGE('',*,*,#368,.T.);
#908=ORIENTED_EDGE('',*,*,#909,.T.);
#909=EDGE_CURVE('',#362,#756,#910,.T.);
#910=LINE('',#911,#27);
#911=CARTESIAN_POINT('',(-2.05,-2.155,0.65));
#912=ORIENTED_EDGE('',*,*,#754,.F.);
#913=ORIENTED_EDGE('',*,*,#914,.F.);
#914=EDGE_CURVE('',#915,#755,#917,.T.);
#915=VERTEX_POINT('',#916);
#916=CARTESIAN_POINT('',(-1.7375,-2.375,0.65));
#917=LINE('',#916,#78);
#918=ORIENTED_EDGE('',*,*,#919,.F.);
#919=EDGE_CURVE('',#920,#915,#922,.T.);
#920=VERTEX_POINT('',#921);
#921=CARTESIAN_POINT('',(1.7375,-2.375,0.65));
#922=LINE('',#921,#71);
#923=ORIENTED_EDGE('',*,*,#924,.F.);
#924=EDGE_CURVE('',#872,#920,#925,.T.);
#925=LINE('',#873,#64);
#926=ORIENTED_EDGE('',*,*,#871,.F.);
#927=ORIENTED_EDGE('',*,*,#928,.F.);
#928=EDGE_CURVE('',#674,#868,#929,.T.);
#929=LINE('',#930,#71);
#930=CARTESIAN_POINT('',(2.05,-2.155,0.65));
#931=ORIENTED_EDGE('',*,*,#685,.T.);
#932=ORIENTED_EDGE('',*,*,#711,.T.);
#933=ORIENTED_EDGE('',*,*,#722,.T.);
#934=ORIENTED_EDGE('',*,*,#692,.T.);
#935=ADVANCED_FACE('',(#936),#998,.F.);
#936=FACE_BOUND('',#937,.F.);
#937=EDGE_LOOP('',(#938,#939,#940,#947,#954,#962,#967,#972,#977,#983,#990,#996));
#938=ORIENTED_EDGE('',*,*,#361,.F.);
#939=ORIENTED_EDGE('',*,*,#375,.T.);
#940=ORIENTED_EDGE('',*,*,#941,.T.);
#941=EDGE_CURVE('',#376,#942,#944,.T.);
#942=VERTEX_POINT('',#943);
#943=CARTESIAN_POINT('',(-2.148480775301,-2.155,0.467364817767));
#944=CIRCLE('',#945,1.E-01);
#945=AXIS2_PLACEMENT_3D('',#946,#58,#13);
#946=CARTESIAN_POINT('',(-2.05,-2.155,0.45));
#947=ORIENTED_EDGE('',*,*,#948,.T.);
#948=EDGE_CURVE('',#942,#949,#951,.T.);
#949=VERTEX_POINT('',#950);
#950=CARTESIAN_POINT('',(-2.197120194575,-2.155,0.165270364467));
#951=LINE('',#943,#952);
#952=VECTOR('',#953,1.);
#953=DIRECTION('',(-0.158960115908,1.818881646068E-18,-0.987285005229));
#954=ORIENTED_EDGE('',*,*,#955,.T.);
#955=EDGE_CURVE('',#949,#956,#958,.T.);
#956=VERTEX_POINT('',#957);
#957=CARTESIAN_POINT('',(-2.394081745177,-2.155,-1.110223024625E-16));
#958=CIRCLE('',#959,0.2);
#959=AXIS2_PLACEMENT_3D('',#960,#86,#961);
#960=CARTESIAN_POINT('',(-2.394081745177,-2.155,0.2));
#961=DIRECTION('',(0.984807753012,-1.126854202784E-17,-0.173648177667));
#962=ORIENTED_EDGE('',*,*,#963,.T.);
#963=EDGE_CURVE('',#956,#964,#966,.T.);
#964=VERTEX_POINT('',#965);
#965=CARTESIAN_POINT('',(-2.7,-2.155,-1.110223024625E-16));
#966=LINE('',#957,#71);
#967=ORIENTED_EDGE('',*,*,#968,.T.);
#968=EDGE_CURVE('',#964,#969,#971,.T.);
#969=VERTEX_POINT('',#970);
#970=CARTESIAN_POINT('',(-2.7,-2.155,1.E-01));
#971=LINE('',#965,#366);
#972=ORIENTED_EDGE('',*,*,#973,.T.);
#973=EDGE_CURVE('',#969,#974,#976,.T.);
#974=VERTEX_POINT('',#975);
#975=CARTESIAN_POINT('',(-2.394081745177,-2.155,1.E-01));
#976=LINE('',#970,#27);
#977=ORIENTED_EDGE('',*,*,#978,.T.);
#978=EDGE_CURVE('',#974,#979,#981,.T.);
#979=VERTEX_POINT('',#980);
#980=CARTESIAN_POINT('',(-2.295600969876,-2.155,0.182635182233));
#981=CIRCLE('',#982,1.E-01);
#982=AXIS2_PLACEMENT_3D('',#960,#58,#340);
#983=ORIENTED_EDGE('',*,*,#984,.T.);
#984=EDGE_CURVE('',#979,#985,#987,.T.);
#985=VERTEX_POINT('',#986);
#986=CARTESIAN_POINT('',(-2.246961550602,-2.155,0.484729635533));
#987=LINE('',#980,#988);
#988=VECTOR('',#989,1.);
#989=DIRECTION('',(0.158960115908,-1.818881646068E-18,0.987285005229));
#990=ORIENTED_EDGE('',*,*,#991,.T.);
#991=EDGE_CURVE('',#985,#992,#993,.T.);
#992=VERTEX_POINT('',#911);
#993=CIRCLE('',#994,0.2);
#994=AXIS2_PLACEMENT_3D('',#946,#86,#995);
#995=DIRECTION('',(-0.984807753012,1.126854202784E-17,0.173648177667));
#996=ORIENTED_EDGE('',*,*,#997,.T.);
#997=EDGE_CURVE('',#992,#362,#910,.T.);
#998=PLANE('',#999);
#999=AXIS2_PLACEMENT_3D('',#1000,#86,#13);
#1000=CARTESIAN_POINT('',(-2.242345074712,-2.155,0.313832688832));
#1001=ADVANCED_FACE('',(#1002),#1016,.F.);
#1002=FACE_BOUND('',#1003,.F.);
#1003=EDGE_LOOP('',(#1004,#1005,#1012,#1015));
#1004=ORIENTED_EDGE('',*,*,#388,.T.);
#1005=ORIENTED_EDGE('',*,*,#1006,.T.);
#1006=EDGE_CURVE('',#383,#1007,#1009,.T.);
#1007=VERTEX_POINT('',#1008);
#1008=CARTESIAN_POINT('',(-2.148480775301,-1.655,0.467364817767));
#1009=CIRCLE('',#1010,1.E-01);
#1010=AXIS2_PLACEMENT_3D('',#1011,#58,#13);
#1011=CARTESIAN_POINT('',(-2.05,-1.655,0.45));
#1012=ORIENTED_EDGE('',*,*,#1013,.F.);
#1013=EDGE_CURVE('',#942,#1007,#1014,.T.);
#1014=LINE('',#943,#85);
#1015=ORIENTED_EDGE('',*,*,#941,.F.);
#1016=CYLINDRICAL_SURFACE('',#945,1.E-01);
#1017=ADVANCED_FACE('',(#1018),#1067,.T.);
#1018=FACE_BOUND('',#1019,.T.);
#1019=EDGE_LOOP('',(#395,#381,#1005,#1020,#1025,#1032,#1037,#1042,#1047,#1053,#1058,#1064));
#1020=ORIENTED_EDGE('',*,*,#1021,.T.);
#1021=EDGE_CURVE('',#1007,#1022,#1024,.T.);
#1022=VERTEX_POINT('',#1023);
#1023=CARTESIAN_POINT('',(-2.197120194575,-1.655,0.165270364467));
#1024=LINE('',#1008,#952);
#1025=ORIENTED_EDGE('',*,*,#1026,.T.);
#1026=EDGE_CURVE('',#1022,#1027,#1029,.T.);
#1027=VERTEX_POINT('',#1028);
#1028=CARTESIAN_POINT('',(-2.394081745177,-1.655,-1.110223024625E-16));
#1029=CIRCLE('',#1030,0.2);
#1030=AXIS2_PLACEMENT_3D('',#1031,#86,#961);
#1031=CARTESIAN_POINT('',(-2.394081745177,-1.655,0.2));
#1032=ORIENTED_EDGE('',*,*,#1033,.T.);
#1033=EDGE_CURVE('',#1027,#1034,#1036,.T.);
#1034=VERTEX_POINT('',#1035);
#1035=CARTESIAN_POINT('',(-2.7,-1.655,-1.110223024625E-16));
#1036=LINE('',#1028,#71);
#1037=ORIENTED_EDGE('',*,*,#1038,.T.);
#1038=EDGE_CURVE('',#1034,#1039,#1041,.T.);
#1039=VERTEX_POINT('',#1040);
#1040=CARTESIAN_POINT('',(-2.7,-1.655,1.E-01));
#1041=LINE('',#1035,#366);
#1042=ORIENTED_EDGE('',*,*,#1043,.T.);
#1043=EDGE_CURVE('',#1039,#1044,#1046,.T.);
#1044=VERTEX_POINT('',#1045);
#1045=CARTESIAN_POINT('',(-2.394081745177,-1.655,1.E-01));
#1046=LINE('',#1040,#27);
#1047=ORIENTED_EDGE('',*,*,#1048,.T.);
#1048=EDGE_CURVE('',#1044,#1049,#1051,.T.);
#1049=VERTEX_POINT('',#1050);
#1050=CARTESIAN_POINT('',(-2.295600969876,-1.655,0.182635182233));
#1051=CIRCLE('',#1052,1.E-01);
#1052=AXIS2_PLACEMENT_3D('',#1031,#58,#340);
#1053=ORIENTED_EDGE('',*,*,#1054,.T.);
#1054=EDGE_CURVE('',#1049,#1055,#1057,.T.);
#1055=VERTEX_POINT('',#1056);
#1056=CARTESIAN_POINT('',(-2.246961550602,-1.655,0.484729635533));
#1057=LINE('',#1050,#988);
#1058=ORIENTED_EDGE('',*,*,#1059,.T.);
#1059=EDGE_CURVE('',#1055,#1060,#1062,.T.);
#1060=VERTEX_POINT('',#1061);
#1061=CARTESIAN_POINT('',(-2.05,-1.655,0.65));
#1062=CIRCLE('',#1063,0.2);
#1063=AXIS2_PLACEMENT_3D('',#1011,#86,#995);
#1064=ORIENTED_EDGE('',*,*,#1065,.T.);
#1065=EDGE_CURVE('',#1060,#397,#1066,.T.);
#1066=LINE('',#1061,#27);
#1067=PLANE('',#1068);
#1068=AXIS2_PLACEMENT_3D('',#1069,#86,#13);
#1069=CARTESIAN_POINT('',(-2.242345074712,-1.655,0.313832688832));
#1070=ADVANCED_FACE('',(#1071),#337,.F.);
#1071=FACE_BOUND('',#1072,.F.);
#1072=EDGE_LOOP('',(#1073,#1074,#1078,#1079));
#1073=ORIENTED_EDGE('',*,*,#409,.T.);
#1074=ORIENTED_EDGE('',*,*,#1075,.T.);
#1075=EDGE_CURVE('',#404,#764,#1076,.T.);
#1076=LINE('',#1077,#27);
#1077=CARTESIAN_POINT('',(-2.05,-0.885,0.65));
#1078=ORIENTED_EDGE('',*,*,#763,.F.);
#1079=ORIENTED_EDGE('',*,*,#1080,.F.);
#1080=EDGE_CURVE('',#397,#760,#1066,.T.);
#1081=ADVANCED_FACE('',(#1082),#1138,.F.);
#1082=FACE_BOUND('',#1083,.F.);
#1083=EDGE_LOOP('',(#1084,#1085,#1086,#1093,#1098,#1105,#1110,#1115,#1120,#1126,#1131,#1136));
#1084=ORIENTED_EDGE('',*,*,#403,.F.);
#1085=ORIENTED_EDGE('',*,*,#414,.T.);
#1086=ORIENTED_EDGE('',*,*,#1087,.T.);
#1087=EDGE_CURVE('',#415,#1088,#1090,.T.);
#1088=VERTEX_POINT('',#1089);
#1089=CARTESIAN_POINT('',(-2.148480775301,-0.885,0.467364817767));
#1090=CIRCLE('',#1091,1.E-01);
#1091=AXIS2_PLACEMENT_3D('',#1092,#58,#13);
#1092=CARTESIAN_POINT('',(-2.05,-0.885,0.45));
#1093=ORIENTED_EDGE('',*,*,#1094,.T.);
#1094=EDGE_CURVE('',#1088,#1095,#1097,.T.);
#1095=VERTEX_POINT('',#1096);
#1096=CARTESIAN_POINT('',(-2.197120194575,-0.885,0.165270364467));
#1097=LINE('',#1089,#952);
#1098=ORIENTED_EDGE('',*,*,#1099,.T.);
#1099=EDGE_CURVE('',#1095,#1100,#1102,.T.);
#1100=VERTEX_POINT('',#1101);
#1101=CARTESIAN_POINT('',(-2.394081745177,-0.885,-1.110223024625E-16));
#1102=CIRCLE('',#1103,0.2);
#1103=AXIS2_PLACEMENT_3D('',#1104,#86,#961);
#1104=CARTESIAN_POINT('',(-2.394081745177,-0.885,0.2));
#1105=ORIENTED_EDGE('',*,*,#1106,.T.);
#1106=EDGE_CURVE('',#1100,#1107,#1109,.T.);
#1107=VERTEX_POINT('',#1108);
#1108=CARTESIAN_POINT('',(-2.7,-0.885,-1.110223024625E-16));
#1109=LINE('',#1101,#71);
#1110=ORIENTED_EDGE('',*,*,#1111,.T.);
#1111=EDGE_CURVE('',#1107,#1112,#1114,.T.);
#1112=VERTEX_POINT('',#1113);
#1113=CARTESIAN_POINT('',(-2.7,-0.885,1.E-01));
#1114=LINE('',#1108,#366);
#1115=ORIENTED_EDGE('',*,*,#1116,.T.);
#1116=EDGE_CURVE('',#1112,#1117,#1119,.T.);
#1117=VERTEX_POINT('',#1118);
#1118=CARTESIAN_POINT('',(-2.394081745177,-0.885,1.E-01));
#1119=LINE('',#1113,#27);
#1120=ORIENTED_EDGE('',*,*,#1121,.T.);
#1121=EDGE_CURVE('',#1117,#1122,#1124,.T.);
#1122=VERTEX_POINT('',#1123);
#1123=CARTESIAN_POINT('',(-2.295600969876,-0.885,0.182635182233));
#1124=CIRCLE('',#1125,1.E-01);
#1125=AXIS2_PLACEMENT_3D('',#1104,#58,#340);
#1126=ORIENTED_EDGE('',*,*,#1127,.T.);
#1127=EDGE_CURVE('',#1122,#1128,#1130,.T.);
#1128=VERTEX_POINT('',#1129);
#1129=CARTESIAN_POINT('',(-2.246961550602,-0.885,0.484729635533));
#1130=LINE('',#1123,#988);
#1131=ORIENTED_EDGE('',*,*,#1132,.T.);
#1132=EDGE_CURVE('',#1128,#1133,#1134,.T.);
#1133=VERTEX_POINT('',#1077);
#1134=CIRCLE('',#1135,0.2);
#1135=AXIS2_PLACEMENT_3D('',#1092,#86,#995);
#1136=ORIENTED_EDGE('',*,*,#1137,.T.);
#1137=EDGE_CURVE('',#1133,#404,#1076,.T.);
#1138=PLANE('',#1139);
#1139=AXIS2_PLACEMENT_3D('',#1140,#86,#13);
#1140=CARTESIAN_POINT('',(-2.242345074712,-0.885,0.313832688832));
#1141=ADVANCED_FACE('',(#1142),#1156,.F.);
#1142=FACE_BOUND('',#1143,.F.);
#1143=EDGE_LOOP('',(#1144,#1145,#1152,#1155));
#1144=ORIENTED_EDGE('',*,*,#427,.T.);
#1145=ORIENTED_EDGE('',*,*,#1146,.T.);
#1146=EDGE_CURVE('',#422,#1147,#1149,.T.);
#1147=VERTEX_POINT('',#1148);
#1148=CARTESIAN_POINT('',(-2.148480775301,-0.385,0.467364817767));
#1149=CIRCLE('',#1150,1.E-01);
#1150=AXIS2_PLACEMENT_3D('',#1151,#58,#13);
#1151=CARTESIAN_POINT('',(-2.05,-0.385,0.45));
#1152=ORIENTED_EDGE('',*,*,#1153,.F.);
#1153=EDGE_CURVE('',#1088,#1147,#1154,.T.);
#1154=LINE('',#1089,#85);
#1155=ORIENTED_EDGE('',*,*,#1087,.F.);
#1156=CYLINDRICAL_SURFACE('',#1091,1.E-01);
#1157=ADVANCED_FACE('',(#1158),#1207,.T.);
#1158=FACE_BOUND('',#1159,.T.);
#1159=EDGE_LOOP('',(#434,#420,#1145,#1160,#1165,#1172,#1177,#1182,#1187,#1193,#1198,#1204));
#1160=ORIENTED_EDGE('',*,*,#1161,.T.);
#1161=EDGE_CURVE('',#1147,#1162,#1164,.T.);
#1162=VERTEX_POINT('',#1163);
#1163=CARTESIAN_POINT('',(-2.197120194575,-0.385,0.165270364467));
#1164=LINE('',#1148,#952);
#1165=ORIENTED_EDGE('',*,*,#1166,.T.);
#1166=EDGE_CURVE('',#1162,#1167,#1169,.T.);
#1167=VERTEX_POINT('',#1168);
#1168=CARTESIAN_POINT('',(-2.394081745177,-0.385,-1.110223024625E-16));
#1169=CIRCLE('',#1170,0.2);
#1170=AXIS2_PLACEMENT_3D('',#1171,#86,#961);
#1171=CARTESIAN_POINT('',(-2.394081745177,-0.385,0.2));
#1172=ORIENTED_EDGE('',*,*,#1173,.T.);
#1173=EDGE_CURVE('',#1167,#1174,#1176,.T.);
#1174=VERTEX_POINT('',#1175);
#1175=CARTESIAN_POINT('',(-2.7,-0.385,-1.110223024625E-16));
#1176=LINE('',#1168,#71);
#1177=ORIENTED_EDGE('',*,*,#1178,.T.);
#1178=EDGE_CURVE('',#1174,#1179,#1181,.T.);
#1179=VERTEX_POINT('',#1180);
#1180=CARTESIAN_POINT('',(-2.7,-0.385,1.E-01));
#1181=LINE('',#1175,#366);
#1182=ORIENTED_EDGE('',*,*,#1183,.T.);
#1183=EDGE_CURVE('',#1179,#1184,#1186,.T.);
#1184=VERTEX_POINT('',#1185);
#1185=CARTESIAN_POINT('',(-2.394081745177,-0.385,1.E-01));
#1186=LINE('',#1180,#27);
#1187=ORIENTED_EDGE('',*,*,#1188,.T.);
#1188=EDGE_CURVE('',#1184,#1189,#1191,.T.);
#1189=VERTEX_POINT('',#1190);
#1190=CARTESIAN_POINT('',(-2.295600969876,-0.385,0.182635182233));
#1191=CIRCLE('',#1192,1.E-01);
#1192=AXIS2_PLACEMENT_3D('',#1171,#58,#340);
#1193=ORIENTED_EDGE('',*,*,#1194,.T.);
#1194=EDGE_CURVE('',#1189,#1195,#1197,.T.);
#1195=VERTEX_POINT('',#1196);
#1196=CARTESIAN_POINT('',(-2.246961550602,-0.385,0.484729635533));
#1197=LINE('',#1190,#988);
#1198=ORIENTED_EDGE('',*,*,#1199,.T.);
#1199=EDGE_CURVE('',#1195,#1200,#1202,.T.);
#1200=VERTEX_POINT('',#1201);
#1201=CARTESIAN_POINT('',(-2.05,-0.385,0.65));
#1202=CIRCLE('',#1203,0.2);
#1203=AXIS2_PLACEMENT_3D('',#1151,#86,#995);
#1204=ORIENTED_EDGE('',*,*,#1205,.T.);
#1205=EDGE_CURVE('',#1200,#436,#1206,.T.);
#1206=LINE('',#1201,#27);
#1207=PLANE('',#1208);
#1208=AXIS2_PLACEMENT_3D('',#1209,#86,#13);
#1209=CARTESIAN_POINT('',(-2.242345074712,-0.385,0.313832688832));
#1210=ADVANCED_FACE('',(#1211),#337,.F.);
#1211=FACE_BOUND('',#1212,.F.);
#1212=EDGE_LOOP('',(#1213,#1214,#1218,#1219));
#1213=ORIENTED_EDGE('',*,*,#448,.T.);
#1214=ORIENTED_EDGE('',*,*,#1215,.T.);
#1215=EDGE_CURVE('',#443,#772,#1216,.T.);
#1216=LINE('',#1217,#27);
#1217=CARTESIAN_POINT('',(-2.05,0.385,0.65));
#1218=ORIENTED_EDGE('',*,*,#771,.F.);
#1219=ORIENTED_EDGE('',*,*,#1220,.F.);
#1220=EDGE_CURVE('',#436,#768,#1206,.T.);
#1221=ADVANCED_FACE('',(#1222),#1278,.F.);
#1222=FACE_BOUND('',#1223,.F.);
#1223=EDGE_LOOP('',(#1224,#1225,#1226,#1233,#1238,#1245,#1250,#1255,#1260,#1266,#1271,#1276));
#1224=ORIENTED_EDGE('',*,*,#442,.F.);
#1225=ORIENTED_EDGE('',*,*,#453,.T.);
#1226=ORIENTED_EDGE('',*,*,#1227,.T.);
#1227=EDGE_CURVE('',#454,#1228,#1230,.T.);
#1228=VERTEX_POINT('',#1229);
#1229=CARTESIAN_POINT('',(-2.148480775301,0.385,0.467364817767));
#1230=CIRCLE('',#1231,1.E-01);
#1231=AXIS2_PLACEMENT_3D('',#1232,#58,#13);
#1232=CARTESIAN_POINT('',(-2.05,0.385,0.45));
#1233=ORIENTED_EDGE('',*,*,#1234,.T.);
#1234=EDGE_CURVE('',#1228,#1235,#1237,.T.);
#1235=VERTEX_POINT('',#1236);
#1236=CARTESIAN_POINT('',(-2.197120194575,0.385,0.165270364467));
#1237=LINE('',#1229,#952);
#1238=ORIENTED_EDGE('',*,*,#1239,.T.);
#1239=EDGE_CURVE('',#1235,#1240,#1242,.T.);
#1240=VERTEX_POINT('',#1241);
#1241=CARTESIAN_POINT('',(-2.394081745177,0.385,-1.110223024625E-16));
#1242=CIRCLE('',#1243,0.2);
#1243=AXIS2_PLACEMENT_3D('',#1244,#86,#961);
#1244=CARTESIAN_POINT('',(-2.394081745177,0.385,0.2));
#1245=ORIENTED_EDGE('',*,*,#1246,.T.);
#1246=EDGE_CURVE('',#1240,#1247,#1249,.T.);
#1247=VERTEX_POINT('',#1248);
#1248=CARTESIAN_POINT('',(-2.7,0.385,-1.110223024625E-16));
#1249=LINE('',#1241,#71);
#1250=ORIENTED_EDGE('',*,*,#1251,.T.);
#1251=EDGE_CURVE('',#1247,#1252,#1254,.T.);
#1252=VERTEX_POINT('',#1253);
#1253=CARTESIAN_POINT('',(-2.7,0.385,1.E-01));
#1254=LINE('',#1248,#366);
#1255=ORIENTED_EDGE('',*,*,#1256,.T.);
#1256=EDGE_CURVE('',#1252,#1257,#1259,.T.);
#1257=VERTEX_POINT('',#1258);
#1258=CARTESIAN_POINT('',(-2.394081745177,0.385,1.E-01));
#1259=LINE('',#1253,#27);
#1260=ORIENTED_EDGE('',*,*,#1261,.T.);
#1261=EDGE_CURVE('',#1257,#1262,#1264,.T.);
#1262=VERTEX_POINT('',#1263);
#1263=CARTESIAN_POINT('',(-2.295600969876,0.385,0.182635182233));
#1264=CIRCLE('',#1265,1.E-01);
#1265=AXIS2_PLACEMENT_3D('',#1244,#58,#340);
#1266=ORIENTED_EDGE('',*,*,#1267,.T.);
#1267=EDGE_CURVE('',#1262,#1268,#1270,.T.);
#1268=VERTEX_POINT('',#1269);
#1269=CARTESIAN_POINT('',(-2.246961550602,0.385,0.484729635533));
#1270=LINE('',#1263,#988);
#1271=ORIENTED_EDGE('',*,*,#1272,.T.);
#1272=EDGE_CURVE('',#1268,#1273,#1274,.T.);
#1273=VERTEX_POINT('',#1217);
#1274=CIRCLE('',#1275,0.2);
#1275=AXIS2_PLACEMENT_3D('',#1232,#86,#995);
#1276=ORIENTED_EDGE('',*,*,#1277,.T.);
#1277=EDGE_CURVE('',#1273,#443,#1216,.T.);
#1278=PLANE('',#1279);
#1279=AXIS2_PLACEMENT_3D('',#1280,#86,#13);
#1280=CARTESIAN_POINT('',(-2.242345074712,0.385,0.313832688832));
#1281=ADVANCED_FACE('',(#1282),#1296,.F.);
#1282=FACE_BOUND('',#1283,.F.);
#1283=EDGE_LOOP('',(#1284,#1285,#1292,#1295));
#1284=ORIENTED_EDGE('',*,*,#466,.T.);
#1285=ORIENTED_EDGE('',*,*,#1286,.T.);
#1286=EDGE_CURVE('',#461,#1287,#1289,.T.);
#1287=VERTEX_POINT('',#1288);
#1288=CARTESIAN_POINT('',(-2.148480775301,0.885,0.467364817767));
#1289=CIRCLE('',#1290,1.E-01);
#1290=AXIS2_PLACEMENT_3D('',#1291,#58,#13);
#1291=CARTESIAN_POINT('',(-2.05,0.885,0.45));
#1292=ORIENTED_EDGE('',*,*,#1293,.F.);
#1293=EDGE_CURVE('',#1228,#1287,#1294,.T.);
#1294=LINE('',#1229,#85);
#1295=ORIENTED_EDGE('',*,*,#1227,.F.);
#1296=CYLINDRICAL_SURFACE('',#1231,1.E-01);
#1297=ADVANCED_FACE('',(#1298),#1347,.T.);
#1298=FACE_BOUND('',#1299,.T.);
#1299=EDGE_LOOP('',(#473,#459,#1285,#1300,#1305,#1312,#1317,#1322,#1327,#1333,#1338,#1344));
#1300=ORIENTED_EDGE('',*,*,#1301,.T.);
#1301=EDGE_CURVE('',#1287,#1302,#1304,.T.);
#1302=VERTEX_POINT('',#1303);
#1303=CARTESIAN_POINT('',(-2.197120194575,0.885,0.165270364467));
#1304=LINE('',#1288,#952);
#1305=ORIENTED_EDGE('',*,*,#1306,.T.);
#1306=EDGE_CURVE('',#1302,#1307,#1309,.T.);
#1307=VERTEX_POINT('',#1308);
#1308=CARTESIAN_POINT('',(-2.394081745177,0.885,-1.110223024625E-16));
#1309=CIRCLE('',#1310,0.2);
#1310=AXIS2_PLACEMENT_3D('',#1311,#86,#961);
#1311=CARTESIAN_POINT('',(-2.394081745177,0.885,0.2));
#1312=ORIENTED_EDGE('',*,*,#1313,.T.);
#1313=EDGE_CURVE('',#1307,#1314,#1316,.T.);
#1314=VERTEX_POINT('',#1315);
#1315=CARTESIAN_POINT('',(-2.7,0.885,-1.110223024625E-16));
#1316=LINE('',#1308,#71);
#1317=ORIENTED_EDGE('',*,*,#1318,.T.);
#1318=EDGE_CURVE('',#1314,#1319,#1321,.T.);
#1319=VERTEX_POINT('',#1320);
#1320=CARTESIAN_POINT('',(-2.7,0.885,1.E-01));
#1321=LINE('',#1315,#366);
#1322=ORIENTED_EDGE('',*,*,#1323,.T.);
#1323=EDGE_CURVE('',#1319,#1324,#1326,.T.);
#1324=VERTEX_POINT('',#1325);
#1325=CARTESIAN_POINT('',(-2.394081745177,0.885,1.E-01));
#1326=LINE('',#1320,#27);
#1327=ORIENTED_EDGE('',*,*,#1328,.T.);
#1328=EDGE_CURVE('',#1324,#1329,#1331,.T.);
#1329=VERTEX_POINT('',#1330);
#1330=CARTESIAN_POINT('',(-2.295600969876,0.885,0.182635182233));
#1331=CIRCLE('',#1332,1.E-01);
#1332=AXIS2_PLACEMENT_3D('',#1311,#58,#340);
#1333=ORIENTED_EDGE('',*,*,#1334,.T.);
#1334=EDGE_CURVE('',#1329,#1335,#1337,.T.);
#1335=VERTEX_POINT('',#1336);
#1336=CARTESIAN_POINT('',(-2.246961550602,0.885,0.484729635533));
#1337=LINE('',#1330,#988);
#1338=ORIENTED_EDGE('',*,*,#1339,.T.);
#1339=EDGE_CURVE('',#1335,#1340,#1342,.T.);
#1340=VERTEX_POINT('',#1341);
#1341=CARTESIAN_POINT('',(-2.05,0.885,0.65));
#1342=CIRCLE('',#1343,0.2);
#1343=AXIS2_PLACEMENT_3D('',#1291,#86,#995);
#1344=ORIENTED_EDGE('',*,*,#1345,.T.);
#1345=EDGE_CURVE('',#1340,#475,#1346,.T.);
#1346=LINE('',#1341,#27);
#1347=PLANE('',#1348);
#1348=AXIS2_PLACEMENT_3D('',#1349,#86,#13);
#1349=CARTESIAN_POINT('',(-2.242345074712,0.885,0.313832688832));
#1350=ADVANCED_FACE('',(#1351),#337,.F.);
#1351=FACE_BOUND('',#1352,.F.);
#1352=EDGE_LOOP('',(#1353,#1354,#1355,#1356));
#1353=ORIENTED_EDGE('',*,*,#487,.T.);
#1354=ORIENTED_EDGE('',*,*,#747,.T.);
#1355=ORIENTED_EDGE('',*,*,#779,.F.);
#1356=ORIENTED_EDGE('',*,*,#1357,.F.);
#1357=EDGE_CURVE('',#475,#776,#1346,.T.);
#1358=ADVANCED_FACE('',(#1359),#1413,.F.);
#1359=FACE_BOUND('',#1360,.F.);
#1360=EDGE_LOOP('',(#1361,#1362,#1363,#1370,#1375,#1382,#1387,#1392,#1397,#1403,#1408,#1412));
#1361=ORIENTED_EDGE('',*,*,#481,.F.);
#1362=ORIENTED_EDGE('',*,*,#492,.T.);
#1363=ORIENTED_EDGE('',*,*,#1364,.T.);
#1364=EDGE_CURVE('',#493,#1365,#1367,.T.);
#1365=VERTEX_POINT('',#1366);
#1366=CARTESIAN_POINT('',(-2.148480775301,1.655,0.467364817767));
#1367=CIRCLE('',#1368,1.E-01);
#1368=AXIS2_PLACEMENT_3D('',#1369,#58,#13);
#1369=CARTESIAN_POINT('',(-2.05,1.655,0.45));
#1370=ORIENTED_EDGE('',*,*,#1371,.T.);
#1371=EDGE_CURVE('',#1365,#1372,#1374,.T.);
#1372=VERTEX_POINT('',#1373);
#1373=CARTESIAN_POINT('',(-2.197120194575,1.655,0.165270364467));
#1374=LINE('',#1366,#952);
#1375=ORIENTED_EDGE('',*,*,#1376,.T.);
#1376=EDGE_CURVE('',#1372,#1377,#1379,.T.);
#1377=VERTEX_POINT('',#1378);
#1378=CARTESIAN_POINT('',(-2.394081745177,1.655,-1.110223024625E-16));
#1379=CIRCLE('',#1380,0.2);
#1380=AXIS2_PLACEMENT_3D('',#1381,#86,#961);
#1381=CARTESIAN_POINT('',(-2.394081745177,1.655,0.2));
#1382=ORIENTED_EDGE('',*,*,#1383,.T.);
#1383=EDGE_CURVE('',#1377,#1384,#1386,.T.);
#1384=VERTEX_POINT('',#1385);
#1385=CARTESIAN_POINT('',(-2.7,1.655,-1.110223024625E-16));
#1386=LINE('',#1378,#71);
#1387=ORIENTED_EDGE('',*,*,#1388,.T.);
#1388=EDGE_CURVE('',#1384,#1389,#1391,.T.);
#1389=VERTEX_POINT('',#1390);
#1390=CARTESIAN_POINT('',(-2.7,1.655,1.E-01));
#1391=LINE('',#1385,#366);
#1392=ORIENTED_EDGE('',*,*,#1393,.T.);
#1393=EDGE_CURVE('',#1389,#1394,#1396,.T.);
#1394=VERTEX_POINT('',#1395);
#1395=CARTESIAN_POINT('',(-2.394081745177,1.655,1.E-01));
#1396=LINE('',#1390,#27);
#1397=ORIENTED_EDGE('',*,*,#1398,.T.);
#1398=EDGE_CURVE('',#1394,#1399,#1401,.T.);
#1399=VERTEX_POINT('',#1400);
#1400=CARTESIAN_POINT('',(-2.295600969876,1.655,0.182635182233));
#1401=CIRCLE('',#1402,1.E-01);
#1402=AXIS2_PLACEMENT_3D('',#1381,#58,#340);
#1403=ORIENTED_EDGE('',*,*,#1404,.T.);
#1404=EDGE_CURVE('',#1399,#1405,#1407,.T.);
#1405=VERTEX_POINT('',#1406);
#1406=CARTESIAN_POINT('',(-2.246961550602,1.655,0.484729635533));
#1407=LINE('',#1400,#988);
#1408=ORIENTED_EDGE('',*,*,#1409,.T.);
#1409=EDGE_CURVE('',#1405,#732,#1410,.T.);
#1410=CIRCLE('',#1411,0.2);
#1411=AXIS2_PLACEMENT_3D('',#1369,#86,#995);
#1412=ORIENTED_EDGE('',*,*,#731,.T.);
#1413=PLANE('',#1414);
#1414=AXIS2_PLACEMENT_3D('',#1415,#86,#13);
#1415=CARTESIAN_POINT('',(-2.242345074712,1.655,0.313832688832));
#1416=ADVANCED_FACE('',(#1417),#1431,.F.);
#1417=FACE_BOUND('',#1418,.F.);
#1418=EDGE_LOOP('',(#1419,#1420,#1427,#1430));
#1419=ORIENTED_EDGE('',*,*,#505,.T.);
#1420=ORIENTED_EDGE('',*,*,#1421,.T.);
#1421=EDGE_CURVE('',#500,#1422,#1424,.T.);
#1422=VERTEX_POINT('',#1423);
#1423=CARTESIAN_POINT('',(-2.148480775301,2.155,0.467364817767));
#1424=CIRCLE('',#1425,1.E-01);
#1425=AXIS2_PLACEMENT_3D('',#1426,#58,#13);
#1426=CARTESIAN_POINT('',(-2.05,2.155,0.45));
#1427=ORIENTED_EDGE('',*,*,#1428,.F.);
#1428=EDGE_CURVE('',#1365,#1422,#1429,.T.);
#1429=LINE('',#1366,#85);
#1430=ORIENTED_EDGE('',*,*,#1364,.F.);
#1431=CYLINDRICAL_SURFACE('',#1368,1.E-01);
#1432=ADVANCED_FACE('',(#1433),#1477,.T.);
#1433=FACE_BOUND('',#1434,.T.);
#1434=EDGE_LOOP('',(#512,#498,#1420,#1435,#1440,#1447,#1452,#1457,#1462,#1468,#1473,#739));
#1435=ORIENTED_EDGE('',*,*,#1436,.T.);
#1436=EDGE_CURVE('',#1422,#1437,#1439,.T.);
#1437=VERTEX_POINT('',#1438);
#1438=CARTESIAN_POINT('',(-2.197120194575,2.155,0.165270364467));
#1439=LINE('',#1423,#952);
#1440=ORIENTED_EDGE('',*,*,#1441,.T.);
#1441=EDGE_CURVE('',#1437,#1442,#1444,.T.);
#1442=VERTEX_POINT('',#1443);
#1443=CARTESIAN_POINT('',(-2.394081745177,2.155,-1.110223024625E-16));
#1444=CIRCLE('',#1445,0.2);
#1445=AXIS2_PLACEMENT_3D('',#1446,#86,#961);
#1446=CARTESIAN_POINT('',(-2.394081745177,2.155,0.2));
#1447=ORIENTED_EDGE('',*,*,#1448,.T.);
#1448=EDGE_CURVE('',#1442,#1449,#1451,.T.);
#1449=VERTEX_POINT('',#1450);
#1450=CARTESIAN_POINT('',(-2.7,2.155,-1.110223024625E-16));
#1451=LINE('',#1443,#71);
#1452=ORIENTED_EDGE('',*,*,#1453,.T.);
#1453=EDGE_CURVE('',#1449,#1454,#1456,.T.);
#1454=VERTEX_POINT('',#1455);
#1455=CARTESIAN_POINT('',(-2.7,2.155,1.E-01));
#1456=LINE('',#1450,#366);
#1457=ORIENTED_EDGE('',*,*,#1458,.T.);
#1458=EDGE_CURVE('',#1454,#1459,#1461,.T.);
#1459=VERTEX_POINT('',#1460);
#1460=CARTESIAN_POINT('',(-2.394081745177,2.155,1.E-01));
#1461=LINE('',#1455,#27);
#1462=ORIENTED_EDGE('',*,*,#1463,.T.);
#1463=EDGE_CURVE('',#1459,#1464,#1466,.T.);
#1464=VERTEX_POINT('',#1465);
#1465=CARTESIAN_POINT('',(-2.295600969876,2.155,0.182635182233));
#1466=CIRCLE('',#1467,1.E-01);
#1467=AXIS2_PLACEMENT_3D('',#1446,#58,#340);
#1468=ORIENTED_EDGE('',*,*,#1469,.T.);
#1469=EDGE_CURVE('',#1464,#1470,#1472,.T.);
#1470=VERTEX_POINT('',#1471);
#1471=CARTESIAN_POINT('',(-2.246961550602,2.155,0.484729635533));
#1472=LINE('',#1465,#988);
#1473=ORIENTED_EDGE('',*,*,#1474,.T.);
#1474=EDGE_CURVE('',#1470,#737,#1475,.T.);
#1475=CIRCLE('',#1476,0.2);
#1476=AXIS2_PLACEMENT_3D('',#1426,#86,#995);
#1477=PLANE('',#1478);
#1478=AXIS2_PLACEMENT_3D('',#1479,#86,#13);
#1479=CARTESIAN_POINT('',(-2.242345074712,2.155,0.313832688832));
#1480=ADVANCED_FACE('',(#1481),#1541,.F.);
#1481=FACE_BOUND('',#1482,.F.);
#1482=EDGE_LOOP('',(#1483,#1484,#1485,#1492,#1499,#1507,#1512,#1517,#1522,#1528,#1535,#1540));
#1483=ORIENTED_EDGE('',*,*,#525,.F.);
#1484=ORIENTED_EDGE('',*,*,#535,.T.);
#1485=ORIENTED_EDGE('',*,*,#1486,.T.);
#1486=EDGE_CURVE('',#536,#1487,#1489,.T.);
#1487=VERTEX_POINT('',#1488);
#1488=CARTESIAN_POINT('',(2.148480775301,2.155,0.467364817767));
#1489=CIRCLE('',#1490,1.E-01);
#1490=AXIS2_PLACEMENT_3D('',#1491,#86,#13);
#1491=CARTESIAN_POINT('',(2.05,2.155,0.45));
#1492=ORIENTED_EDGE('',*,*,#1493,.T.);
#1493=EDGE_CURVE('',#1487,#1494,#1496,.T.);
#1494=VERTEX_POINT('',#1495);
#1495=CARTESIAN_POINT('',(2.197120194575,2.155,0.165270364467));
#1496=LINE('',#1488,#1497);
#1497=VECTOR('',#1498,1.);
#1498=DIRECTION('',(0.158960115908,1.764811806781E-17,-0.987285005229));
#1499=ORIENTED_EDGE('',*,*,#1500,.T.);
#1500=EDGE_CURVE('',#1494,#1501,#1503,.T.);
#1501=VERTEX_POINT('',#1502);
#1502=CARTESIAN_POINT('',(2.394081745177,2.155,-1.110223024625E-16));
#1503=CIRCLE('',#1504,0.2);
#1504=AXIS2_PLACEMENT_3D('',#1505,#58,#1506);
#1505=CARTESIAN_POINT('',(2.394081745177,2.155,0.2));
#1506=DIRECTION('',(-0.984807753012,-1.093356242224E-16,-0.173648177667));
#1507=ORIENTED_EDGE('',*,*,#1508,.T.);
#1508=EDGE_CURVE('',#1501,#1509,#1511,.T.);
#1509=VERTEX_POINT('',#1510);
#1510=CARTESIAN_POINT('',(2.7,2.155,-1.110223024625E-16));
#1511=LINE('',#1502,#27);
#1512=ORIENTED_EDGE('',*,*,#1513,.T.);
#1513=EDGE_CURVE('',#1509,#1514,#1516,.T.);
#1514=VERTEX_POINT('',#1515);
#1515=CARTESIAN_POINT('',(2.7,2.155,1.E-01));
#1516=LINE('',#1510,#366);
#1517=ORIENTED_EDGE('',*,*,#1518,.T.);
#1518=EDGE_CURVE('',#1514,#1519,#1521,.T.);
#1519=VERTEX_POINT('',#1520);
#1520=CARTESIAN_POINT('',(2.394081745177,2.155,1.E-01));
#1521=LINE('',#1515,#71);
#1522=ORIENTED_EDGE('',*,*,#1523,.T.);
#1523=EDGE_CURVE('',#1519,#1524,#1526,.T.);
#1524=VERTEX_POINT('',#1525);
#1525=CARTESIAN_POINT('',(2.295600969876,2.155,0.182635182233));
#1526=CIRCLE('',#1527,1.E-01);
#1527=AXIS2_PLACEMENT_3D('',#1505,#86,#340);
#1528=ORIENTED_EDGE('',*,*,#1529,.T.);
#1529=EDGE_CURVE('',#1524,#1530,#1532,.T.);
#1530=VERTEX_POINT('',#1531);
#1531=CARTESIAN_POINT('',(2.246961550602,2.155,0.484729635533));
#1532=LINE('',#1525,#1533);
#1533=VECTOR('',#1534,1.);
#1534=DIRECTION('',(-0.158960115908,-1.764811806781E-17,0.987285005229));
#1535=ORIENTED_EDGE('',*,*,#1536,.T.);
#1536=EDGE_CURVE('',#1530,#889,#1537,.T.);
#1537=CIRCLE('',#1538,0.2);
#1538=AXIS2_PLACEMENT_3D('',#1491,#58,#1539);
#1539=DIRECTION('',(0.984807753012,1.093356242224E-16,0.173648177667));
#1540=ORIENTED_EDGE('',*,*,#888,.T.);
#1541=PLANE('',#1542);
#1542=AXIS2_PLACEMENT_3D('',#1543,#58,#13);
#1543=CARTESIAN_POINT('',(2.242345074712,2.155,0.313832688832));
#1544=ADVANCED_FACE('',(#1545),#1559,.F.);
#1545=FACE_BOUND('',#1546,.F.);
#1546=EDGE_LOOP('',(#1547,#1548,#1555,#1558));
#1547=ORIENTED_EDGE('',*,*,#548,.T.);
#1548=ORIENTED_EDGE('',*,*,#1549,.T.);
#1549=EDGE_CURVE('',#543,#1550,#1552,.T.);
#1550=VERTEX_POINT('',#1551);
#1551=CARTESIAN_POINT('',(2.148480775301,1.655,0.467364817767));
#1552=CIRCLE('',#1553,1.E-01);
#1553=AXIS2_PLACEMENT_3D('',#1554,#86,#13);
#1554=CARTESIAN_POINT('',(2.05,1.655,0.45));
#1555=ORIENTED_EDGE('',*,*,#1556,.F.);
#1556=EDGE_CURVE('',#1487,#1550,#1557,.T.);
#1557=LINE('',#1488,#57);
#1558=ORIENTED_EDGE('',*,*,#1486,.F.);
#1559=CYLINDRICAL_SURFACE('',#1490,1.E-01);
#1560=ADVANCED_FACE('',(#1561),#1605,.T.);
#1561=FACE_BOUND('',#1562,.T.);
#1562=EDGE_LOOP('',(#555,#541,#1548,#1563,#1568,#1575,#1580,#1585,#1590,#1596,#1601,#895));
#1563=ORIENTED_EDGE('',*,*,#1564,.T.);
#1564=EDGE_CURVE('',#1550,#1565,#1567,.T.);
#1565=VERTEX_POINT('',#1566);
#1566=CARTESIAN_POINT('',(2.197120194575,1.655,0.165270364467));
#1567=LINE('',#1551,#1497);
#1568=ORIENTED_EDGE('',*,*,#1569,.T.);
#1569=EDGE_CURVE('',#1565,#1570,#1572,.T.);
#1570=VERTEX_POINT('',#1571);
#1571=CARTESIAN_POINT('',(2.394081745177,1.655,-1.110223024625E-16));
#1572=CIRCLE('',#1573,0.2);
#1573=AXIS2_PLACEMENT_3D('',#1574,#58,#1506);
#1574=CARTESIAN_POINT('',(2.394081745177,1.655,0.2));
#1575=ORIENTED_EDGE('',*,*,#1576,.T.);
#1576=EDGE_CURVE('',#1570,#1577,#1579,.T.);
#1577=VERTEX_POINT('',#1578);
#1578=CARTESIAN_POINT('',(2.7,1.655,-1.110223024625E-16));
#1579=LINE('',#1571,#27);
#1580=ORIENTED_EDGE('',*,*,#1581,.T.);
#1581=EDGE_CURVE('',#1577,#1582,#1584,.T.);
#1582=VERTEX_POINT('',#1583);
#1583=CARTESIAN_POINT('',(2.7,1.655,1.E-01));
#1584=LINE('',#1578,#366);
#1585=ORIENTED_EDGE('',*,*,#1586,.T.);
#1586=EDGE_CURVE('',#1582,#1587,#1589,.T.);
#1587=VERTEX_POINT('',#1588);
#1588=CARTESIAN_POINT('',(2.394081745177,1.655,1.E-01));
#1589=LINE('',#1583,#71);
#1590=ORIENTED_EDGE('',*,*,#1591,.T.);
#1591=EDGE_CURVE('',#1587,#1592,#1594,.T.);
#1592=VERTEX_POINT('',#1593);
#1593=CARTESIAN_POINT('',(2.295600969876,1.655,0.182635182233));
#1594=CIRCLE('',#1595,1.E-01);
#1595=AXIS2_PLACEMENT_3D('',#1574,#86,#340);
#1596=ORIENTED_EDGE('',*,*,#1597,.T.);
#1597=EDGE_CURVE('',#1592,#1598,#1600,.T.);
#1598=VERTEX_POINT('',#1599);
#1599=CARTESIAN_POINT('',(2.246961550602,1.655,0.484729635533));
#1600=LINE('',#1593,#1533);
#1601=ORIENTED_EDGE('',*,*,#1602,.T.);
#1602=EDGE_CURVE('',#1598,#892,#1603,.T.);
#1603=CIRCLE('',#1604,0.2);
#1604=AXIS2_PLACEMENT_3D('',#1554,#58,#1539);
#1605=PLANE('',#1606);
#1606=AXIS2_PLACEMENT_3D('',#1607,#58,#13);
#1607=CARTESIAN_POINT('',(2.242345074712,1.655,0.313832688832));
#1608=ADVANCED_FACE('',(#1609),#337,.F.);
#1609=FACE_BOUND('',#1610,.F.);
#1610=EDGE_LOOP('',(#1611,#1612,#1613,#1617));
#1611=ORIENTED_EDGE('',*,*,#899,.F.);
#1612=ORIENTED_EDGE('',*,*,#569,.T.);
#1613=ORIENTED_EDGE('',*,*,#1614,.T.);
#1614=EDGE_CURVE('',#564,#848,#1615,.T.);
#1615=LINE('',#1616,#71);
#1616=CARTESIAN_POINT('',(2.05,0.885,0.65));
#1617=ORIENTED_EDGE('',*,*,#847,.F.);
#1618=ADVANCED_FACE('',(#1619),#1675,.F.);
#1619=FACE_BOUND('',#1620,.F.);
#1620=EDGE_LOOP('',(#1621,#1622,#1623,#1630,#1635,#1642,#1647,#1652,#1657,#1663,#1668,#1673));
#1621=ORIENTED_EDGE('',*,*,#563,.F.);
#1622=ORIENTED_EDGE('',*,*,#574,.T.);
#1623=ORIENTED_EDGE('',*,*,#1624,.T.);
#1624=EDGE_CURVE('',#575,#1625,#1627,.T.);
#1625=VERTEX_POINT('',#1626);
#1626=CARTESIAN_POINT('',(2.148480775301,0.885,0.467364817767));
#1627=CIRCLE('',#1628,1.E-01);
#1628=AXIS2_PLACEMENT_3D('',#1629,#86,#13);
#1629=CARTESIAN_POINT('',(2.05,0.885,0.45));
#1630=ORIENTED_EDGE('',*,*,#1631,.T.);
#1631=EDGE_CURVE('',#1625,#1632,#1634,.T.);
#1632=VERTEX_POINT('',#1633);
#1633=CARTESIAN_POINT('',(2.197120194575,0.885,0.165270364467));
#1634=LINE('',#1626,#1497);
#1635=ORIENTED_EDGE('',*,*,#1636,.T.);
#1636=EDGE_CURVE('',#1632,#1637,#1639,.T.);
#1637=VERTEX_POINT('',#1638);
#1638=CARTESIAN_POINT('',(2.394081745177,0.885,-1.110223024625E-16));
#1639=CIRCLE('',#1640,0.2);
#1640=AXIS2_PLACEMENT_3D('',#1641,#58,#1506);
#1641=CARTESIAN_POINT('',(2.394081745177,0.885,0.2));
#1642=ORIENTED_EDGE('',*,*,#1643,.T.);
#1643=EDGE_CURVE('',#1637,#1644,#1646,.T.);
#1644=VERTEX_POINT('',#1645);
#1645=CARTESIAN_POINT('',(2.7,0.885,-1.110223024625E-16));
#1646=LINE('',#1638,#27);
#1647=ORIENTED_EDGE('',*,*,#1648,.T.);
#1648=EDGE_CURVE('',#1644,#1649,#1651,.T.);
#1649=VERTEX_POINT('',#1650);
#1650=CARTESIAN_POINT('',(2.7,0.885,1.E-01));
#1651=LINE('',#1645,#366);
#1652=ORIENTED_EDGE('',*,*,#1653,.T.);
#1653=EDGE_CURVE('',#1649,#1654,#1656,.T.);
#1654=VERTEX_POINT('',#1655);
#1655=CARTESIAN_POINT('',(2.394081745177,0.885,1.E-01));
#1656=LINE('',#1650,#71);
#1657=ORIENTED_EDGE('',*,*,#1658,.T.);
#1658=EDGE_CURVE('',#1654,#1659,#1661,.T.);
#1659=VERTEX_POINT('',#1660);
#1660=CARTESIAN_POINT('',(2.295600969876,0.885,0.182635182233));
#1661=CIRCLE('',#1662,1.E-01);
#1662=AXIS2_PLACEMENT_3D('',#1641,#86,#340);
#1663=ORIENTED_EDGE('',*,*,#1664,.T.);
#1664=EDGE_CURVE('',#1659,#1665,#1667,.T.);
#1665=VERTEX_POINT('',#1666);
#1666=CARTESIAN_POINT('',(2.246961550602,0.885,0.484729635533));
#1667=LINE('',#1660,#1533);
#1668=ORIENTED_EDGE('',*,*,#1669,.T.);
#1669=EDGE_CURVE('',#1665,#1670,#1671,.T.);
#1670=VERTEX_POINT('',#1616);
#1671=CIRCLE('',#1672,0.2);
#1672=AXIS2_PLACEMENT_3D('',#1629,#58,#1539);
#1673=ORIENTED_EDGE('',*,*,#1674,.T.);
#1674=EDGE_CURVE('',#1670,#564,#1615,.T.);
#1675=PLANE('',#1676);
#1676=AXIS2_PLACEMENT_3D('',#1677,#58,#13);
#1677=CARTESIAN_POINT('',(2.242345074712,0.885,0.313832688832));
#1678=ADVANCED_FACE('',(#1679),#1693,.F.);
#1679=FACE_BOUND('',#1680,.F.);
#1680=EDGE_LOOP('',(#1681,#1682,#1689,#1692));
#1681=ORIENTED_EDGE('',*,*,#587,.T.);
#1682=ORIENTED_EDGE('',*,*,#1683,.T.);
#1683=EDGE_CURVE('',#582,#1684,#1686,.T.);
#1684=VERTEX_POINT('',#1685);
#1685=CARTESIAN_POINT('',(2.148480775301,0.385,0.467364817767));
#1686=CIRCLE('',#1687,1.E-01);
#1687=AXIS2_PLACEMENT_3D('',#1688,#86,#13);
#1688=CARTESIAN_POINT('',(2.05,0.385,0.45));
#1689=ORIENTED_EDGE('',*,*,#1690,.F.);
#1690=EDGE_CURVE('',#1625,#1684,#1691,.T.);
#1691=LINE('',#1626,#57);
#1692=ORIENTED_EDGE('',*,*,#1624,.F.);
#1693=CYLINDRICAL_SURFACE('',#1628,1.E-01);
#1694=ADVANCED_FACE('',(#1695),#1744,.T.);
#1695=FACE_BOUND('',#1696,.T.);
#1696=EDGE_LOOP('',(#594,#580,#1682,#1697,#1702,#1709,#1714,#1719,#1724,#1730,#1735,#1741));
#1697=ORIENTED_EDGE('',*,*,#1698,.T.);
#1698=EDGE_CURVE('',#1684,#1699,#1701,.T.);
#1699=VERTEX_POINT('',#1700);
#1700=CARTESIAN_POINT('',(2.197120194575,0.385,0.165270364467));
#1701=LINE('',#1685,#1497);
#1702=ORIENTED_EDGE('',*,*,#1703,.T.);
#1703=EDGE_CURVE('',#1699,#1704,#1706,.T.);
#1704=VERTEX_POINT('',#1705);
#1705=CARTESIAN_POINT('',(2.394081745177,0.385,-1.110223024625E-16));
#1706=CIRCLE('',#1707,0.2);
#1707=AXIS2_PLACEMENT_3D('',#1708,#58,#1506);
#1708=CARTESIAN_POINT('',(2.394081745177,0.385,0.2));
#1709=ORIENTED_EDGE('',*,*,#1710,.T.);
#1710=EDGE_CURVE('',#1704,#1711,#1713,.T.);
#1711=VERTEX_POINT('',#1712);
#1712=CARTESIAN_POINT('',(2.7,0.385,-1.110223024625E-16));
#1713=LINE('',#1705,#27);
#1714=ORIENTED_EDGE('',*,*,#1715,.T.);
#1715=EDGE_CURVE('',#1711,#1716,#1718,.T.);
#1716=VERTEX_POINT('',#1717);
#1717=CARTESIAN_POINT('',(2.7,0.385,1.E-01));
#1718=LINE('',#1712,#366);
#1719=ORIENTED_EDGE('',*,*,#1720,.T.);
#1720=EDGE_CURVE('',#1716,#1721,#1723,.T.);
#1721=VERTEX_POINT('',#1722);
#1722=CARTESIAN_POINT('',(2.394081745177,0.385,1.E-01));
#1723=LINE('',#1717,#71);
#1724=ORIENTED_EDGE('',*,*,#1725,.T.);
#1725=EDGE_CURVE('',#1721,#1726,#1728,.T.);
#1726=VERTEX_POINT('',#1727);
#1727=CARTESIAN_POINT('',(2.295600969876,0.385,0.182635182233));
#1728=CIRCLE('',#1729,1.E-01);
#1729=AXIS2_PLACEMENT_3D('',#1708,#86,#340);
#1730=ORIENTED_EDGE('',*,*,#1731,.T.);
#1731=EDGE_CURVE('',#1726,#1732,#1734,.T.);
#1732=VERTEX_POINT('',#1733);
#1733=CARTESIAN_POINT('',(2.246961550602,0.385,0.484729635533));
#1734=LINE('',#1727,#1533);
#1735=ORIENTED_EDGE('',*,*,#1736,.T.);
#1736=EDGE_CURVE('',#1732,#1737,#1739,.T.);
#1737=VERTEX_POINT('',#1738);
#1738=CARTESIAN_POINT('',(2.05,0.385,0.65));
#1739=CIRCLE('',#1740,0.2);
#1740=AXIS2_PLACEMENT_3D('',#1688,#58,#1539);
#1741=ORIENTED_EDGE('',*,*,#1742,.T.);
#1742=EDGE_CURVE('',#1737,#596,#1743,.T.);
#1743=LINE('',#1738,#71);
#1744=PLANE('',#1745);
#1745=AXIS2_PLACEMENT_3D('',#1746,#58,#13);
#1746=CARTESIAN_POINT('',(2.242345074712,0.385,0.313832688832));
#1747=ADVANCED_FACE('',(#1748),#337,.F.);
#1748=FACE_BOUND('',#1749,.F.);
#1749=EDGE_LOOP('',(#1750,#1752,#1753,#1757));
#1750=ORIENTED_EDGE('',*,*,#1751,.F.);
#1751=EDGE_CURVE('',#596,#852,#1743,.T.);
#1752=ORIENTED_EDGE('',*,*,#608,.T.);
#1753=ORIENTED_EDGE('',*,*,#1754,.T.);
#1754=EDGE_CURVE('',#603,#856,#1755,.T.);
#1755=LINE('',#1756,#71);
#1756=CARTESIAN_POINT('',(2.05,-0.385,0.65));
#1757=ORIENTED_EDGE('',*,*,#855,.F.);
#1758=ADVANCED_FACE('',(#1759),#1815,.F.);
#1759=FACE_BOUND('',#1760,.F.);
#1760=EDGE_LOOP('',(#1761,#1762,#1763,#1770,#1775,#1782,#1787,#1792,#1797,#1803,#1808,#1813));
#1761=ORIENTED_EDGE('',*,*,#602,.F.);
#1762=ORIENTED_EDGE('',*,*,#613,.T.);
#1763=ORIENTED_EDGE('',*,*,#1764,.T.);
#1764=EDGE_CURVE('',#614,#1765,#1767,.T.);
#1765=VERTEX_POINT('',#1766);
#1766=CARTESIAN_POINT('',(2.148480775301,-0.385,0.467364817767));
#1767=CIRCLE('',#1768,1.E-01);
#1768=AXIS2_PLACEMENT_3D('',#1769,#86,#13);
#1769=CARTESIAN_POINT('',(2.05,-0.385,0.45));
#1770=ORIENTED_EDGE('',*,*,#1771,.T.);
#1771=EDGE_CURVE('',#1765,#1772,#1774,.T.);
#1772=VERTEX_POINT('',#1773);
#1773=CARTESIAN_POINT('',(2.197120194575,-0.385,0.165270364467));
#1774=LINE('',#1766,#1497);
#1775=ORIENTED_EDGE('',*,*,#1776,.T.);
#1776=EDGE_CURVE('',#1772,#1777,#1779,.T.);
#1777=VERTEX_POINT('',#1778);
#1778=CARTESIAN_POINT('',(2.394081745177,-0.385,-1.110223024625E-16));
#1779=CIRCLE('',#1780,0.2);
#1780=AXIS2_PLACEMENT_3D('',#1781,#58,#1506);
#1781=CARTESIAN_POINT('',(2.394081745177,-0.385,0.2));
#1782=ORIENTED_EDGE('',*,*,#1783,.T.);
#1783=EDGE_CURVE('',#1777,#1784,#1786,.T.);
#1784=VERTEX_POINT('',#1785);
#1785=CARTESIAN_POINT('',(2.7,-0.385,-1.110223024625E-16));
#1786=LINE('',#1778,#27);
#1787=ORIENTED_EDGE('',*,*,#1788,.T.);
#1788=EDGE_CURVE('',#1784,#1789,#1791,.T.);
#1789=VERTEX_POINT('',#1790);
#1790=CARTESIAN_POINT('',(2.7,-0.385,1.E-01));
#1791=LINE('',#1785,#366);
#1792=ORIENTED_EDGE('',*,*,#1793,.T.);
#1793=EDGE_CURVE('',#1789,#1794,#1796,.T.);
#1794=VERTEX_POINT('',#1795);
#1795=CARTESIAN_POINT('',(2.394081745177,-0.385,1.E-01));
#1796=LINE('',#1790,#71);
#1797=ORIENTED_EDGE('',*,*,#1798,.T.);
#1798=EDGE_CURVE('',#1794,#1799,#1801,.T.);
#1799=VERTEX_POINT('',#1800);
#1800=CARTESIAN_POINT('',(2.295600969876,-0.385,0.182635182233));
#1801=CIRCLE('',#1802,1.E-01);
#1802=AXIS2_PLACEMENT_3D('',#1781,#86,#340);
#1803=ORIENTED_EDGE('',*,*,#1804,.T.);
#1804=EDGE_CURVE('',#1799,#1805,#1807,.T.);
#1805=VERTEX_POINT('',#1806);
#1806=CARTESIAN_POINT('',(2.246961550602,-0.385,0.484729635533));
#1807=LINE('',#1800,#1533);
#1808=ORIENTED_EDGE('',*,*,#1809,.T.);
#1809=EDGE_CURVE('',#1805,#1810,#1811,.T.);
#1810=VERTEX_POINT('',#1756);
#1811=CIRCLE('',#1812,0.2);
#1812=AXIS2_PLACEMENT_3D('',#1769,#58,#1539);
#1813=ORIENTED_EDGE('',*,*,#1814,.T.);
#1814=EDGE_CURVE('',#1810,#603,#1755,.T.);
#1815=PLANE('',#1816);
#1816=AXIS2_PLACEMENT_3D('',#1817,#58,#13);
#1817=CARTESIAN_POINT('',(2.242345074712,-0.385,0.313832688832));
#1818=ADVANCED_FACE('',(#1819),#1833,.F.);
#1819=FACE_BOUND('',#1820,.F.);
#1820=EDGE_LOOP('',(#1821,#1822,#1829,#1832));
#1821=ORIENTED_EDGE('',*,*,#626,.T.);
#1822=ORIENTED_EDGE('',*,*,#1823,.T.);
#1823=EDGE_CURVE('',#621,#1824,#1826,.T.);
#1824=VERTEX_POINT('',#1825);
#1825=CARTESIAN_POINT('',(2.148480775301,-0.885,0.467364817767));
#1826=CIRCLE('',#1827,1.E-01);
#1827=AXIS2_PLACEMENT_3D('',#1828,#86,#13);
#1828=CARTESIAN_POINT('',(2.05,-0.885,0.45));
#1829=ORIENTED_EDGE('',*,*,#1830,.F.);
#1830=EDGE_CURVE('',#1765,#1824,#1831,.T.);
#1831=LINE('',#1766,#57);
#1832=ORIENTED_EDGE('',*,*,#1764,.F.);
#1833=CYLINDRICAL_SURFACE('',#1768,1.E-01);
#1834=ADVANCED_FACE('',(#1835),#1884,.T.);
#1835=FACE_BOUND('',#1836,.T.);
#1836=EDGE_LOOP('',(#633,#619,#1822,#1837,#1842,#1849,#1854,#1859,#1864,#1870,#1875,#1881));
#1837=ORIENTED_EDGE('',*,*,#1838,.T.);
#1838=EDGE_CURVE('',#1824,#1839,#1841,.T.);
#1839=VERTEX_POINT('',#1840);
#1840=CARTESIAN_POINT('',(2.197120194575,-0.885,0.165270364467));
#1841=LINE('',#1825,#1497);
#1842=ORIENTED_EDGE('',*,*,#1843,.T.);
#1843=EDGE_CURVE('',#1839,#1844,#1846,.T.);
#1844=VERTEX_POINT('',#1845);
#1845=CARTESIAN_POINT('',(2.394081745177,-0.885,-1.110223024625E-16));
#1846=CIRCLE('',#1847,0.2);
#1847=AXIS2_PLACEMENT_3D('',#1848,#58,#1506);
#1848=CARTESIAN_POINT('',(2.394081745177,-0.885,0.2));
#1849=ORIENTED_EDGE('',*,*,#1850,.T.);
#1850=EDGE_CURVE('',#1844,#1851,#1853,.T.);
#1851=VERTEX_POINT('',#1852);
#1852=CARTESIAN_POINT('',(2.7,-0.885,-1.110223024625E-16));
#1853=LINE('',#1845,#27);
#1854=ORIENTED_EDGE('',*,*,#1855,.T.);
#1855=EDGE_CURVE('',#1851,#1856,#1858,.T.);
#1856=VERTEX_POINT('',#1857);
#1857=CARTESIAN_POINT('',(2.7,-0.885,1.E-01));
#1858=LINE('',#1852,#366);
#1859=ORIENTED_EDGE('',*,*,#1860,.T.);
#1860=EDGE_CURVE('',#1856,#1861,#1863,.T.);
#1861=VERTEX_POINT('',#1862);
#1862=CARTESIAN_POINT('',(2.394081745177,-0.885,1.E-01));
#1863=LINE('',#1857,#71);
#1864=ORIENTED_EDGE('',*,*,#1865,.T.);
#1865=EDGE_CURVE('',#1861,#1866,#1868,.T.);
#1866=VERTEX_POINT('',#1867);
#1867=CARTESIAN_POINT('',(2.295600969876,-0.885,0.182635182233));
#1868=CIRCLE('',#1869,1.E-01);
#1869=AXIS2_PLACEMENT_3D('',#1848,#86,#340);
#1870=ORIENTED_EDGE('',*,*,#1871,.T.);
#1871=EDGE_CURVE('',#1866,#1872,#1874,.T.);
#1872=VERTEX_POINT('',#1873);
#1873=CARTESIAN_POINT('',(2.246961550602,-0.885,0.484729635533));
#1874=LINE('',#1867,#1533);
#1875=ORIENTED_EDGE('',*,*,#1876,.T.);
#1876=EDGE_CURVE('',#1872,#1877,#1879,.T.);
#1877=VERTEX_POINT('',#1878);
#1878=CARTESIAN_POINT('',(2.05,-0.885,0.65));
#1879=CIRCLE('',#1880,0.2);
#1880=AXIS2_PLACEMENT_3D('',#1828,#58,#1539);
#1881=ORIENTED_EDGE('',*,*,#1882,.T.);
#1882=EDGE_CURVE('',#1877,#635,#1883,.T.);
#1883=LINE('',#1878,#71);
#1884=PLANE('',#1885);
#1885=AXIS2_PLACEMENT_3D('',#1886,#58,#13);
#1886=CARTESIAN_POINT('',(2.242345074712,-0.885,0.313832688832));
#1887=ADVANCED_FACE('',(#1888),#337,.F.);
#1888=FACE_BOUND('',#1889,.F.);
#1889=EDGE_LOOP('',(#1890,#1892,#1893,#1897));
#1890=ORIENTED_EDGE('',*,*,#1891,.F.);
#1891=EDGE_CURVE('',#635,#860,#1883,.T.);
#1892=ORIENTED_EDGE('',*,*,#647,.T.);
#1893=ORIENTED_EDGE('',*,*,#1894,.T.);
#1894=EDGE_CURVE('',#642,#864,#1895,.T.);
#1895=LINE('',#1896,#71);
#1896=CARTESIAN_POINT('',(2.05,-1.655,0.65));
#1897=ORIENTED_EDGE('',*,*,#863,.F.);
#1898=ADVANCED_FACE('',(#1899),#1955,.F.);
#1899=FACE_BOUND('',#1900,.F.);
#1900=EDGE_LOOP('',(#1901,#1902,#1903,#1910,#1915,#1922,#1927,#1932,#1937,#1943,#1948,#1953));
#1901=ORIENTED_EDGE('',*,*,#641,.F.);
#1902=ORIENTED_EDGE('',*,*,#652,.T.);
#1903=ORIENTED_EDGE('',*,*,#1904,.T.);
#1904=EDGE_CURVE('',#653,#1905,#1907,.T.);
#1905=VERTEX_POINT('',#1906);
#1906=CARTESIAN_POINT('',(2.148480775301,-1.655,0.467364817767));
#1907=CIRCLE('',#1908,1.E-01);
#1908=AXIS2_PLACEMENT_3D('',#1909,#86,#13);
#1909=CARTESIAN_POINT('',(2.05,-1.655,0.45));
#1910=ORIENTED_EDGE('',*,*,#1911,.T.);
#1911=EDGE_CURVE('',#1905,#1912,#1914,.T.);
#1912=VERTEX_POINT('',#1913);
#1913=CARTESIAN_POINT('',(2.197120194575,-1.655,0.165270364467));
#1914=LINE('',#1906,#1497);
#1915=ORIENTED_EDGE('',*,*,#1916,.T.);
#1916=EDGE_CURVE('',#1912,#1917,#1919,.T.);
#1917=VERTEX_POINT('',#1918);
#1918=CARTESIAN_POINT('',(2.394081745177,-1.655,-1.110223024625E-16));
#1919=CIRCLE('',#1920,0.2);
#1920=AXIS2_PLACEMENT_3D('',#1921,#58,#1506);
#1921=CARTESIAN_POINT('',(2.394081745177,-1.655,0.2));
#1922=ORIENTED_EDGE('',*,*,#1923,.T.);
#1923=EDGE_CURVE('',#1917,#1924,#1926,.T.);
#1924=VERTEX_POINT('',#1925);
#1925=CARTESIAN_POINT('',(2.7,-1.655,-1.110223024625E-16));
#1926=LINE('',#1918,#27);
#1927=ORIENTED_EDGE('',*,*,#1928,.T.);
#1928=EDGE_CURVE('',#1924,#1929,#1931,.T.);
#1929=VERTEX_POINT('',#1930);
#1930=CARTESIAN_POINT('',(2.7,-1.655,1.E-01));
#1931=LINE('',#1925,#366);
#1932=ORIENTED_EDGE('',*,*,#1933,.T.);
#1933=EDGE_CURVE('',#1929,#1934,#1936,.T.);
#1934=VERTEX_POINT('',#1935);
#1935=CARTESIAN_POINT('',(2.394081745177,-1.655,1.E-01));
#1936=LINE('',#1930,#71);
#1937=ORIENTED_EDGE('',*,*,#1938,.T.);
#1938=EDGE_CURVE('',#1934,#1939,#1941,.T.);
#1939=VERTEX_POINT('',#1940);
#1940=CARTESIAN_POINT('',(2.295600969876,-1.655,0.182635182233));
#1941=CIRCLE('',#1942,1.E-01);
#1942=AXIS2_PLACEMENT_3D('',#1921,#86,#340);
#1943=ORIENTED_EDGE('',*,*,#1944,.T.);
#1944=EDGE_CURVE('',#1939,#1945,#1947,.T.);
#1945=VERTEX_POINT('',#1946);
#1946=CARTESIAN_POINT('',(2.246961550602,-1.655,0.484729635533));
#1947=LINE('',#1940,#1533);
#1948=ORIENTED_EDGE('',*,*,#1949,.T.);
#1949=EDGE_CURVE('',#1945,#1950,#1951,.T.);
#1950=VERTEX_POINT('',#1896);
#1951=CIRCLE('',#1952,0.2);
#1952=AXIS2_PLACEMENT_3D('',#1909,#58,#1539);
#1953=ORIENTED_EDGE('',*,*,#1954,.T.);
#1954=EDGE_CURVE('',#1950,#642,#1895,.T.);
#1955=PLANE('',#1956);
#1956=AXIS2_PLACEMENT_3D('',#1957,#58,#13);
#1957=CARTESIAN_POINT('',(2.242345074712,-1.655,0.313832688832));
#1958=ADVANCED_FACE('',(#1959),#1973,.F.);
#1959=FACE_BOUND('',#1960,.F.);
#1960=EDGE_LOOP('',(#1961,#1962,#1969,#1972));
#1961=ORIENTED_EDGE('',*,*,#665,.T.);
#1962=ORIENTED_EDGE('',*,*,#1963,.T.);
#1963=EDGE_CURVE('',#660,#1964,#1966,.T.);
#1964=VERTEX_POINT('',#1965);
#1965=CARTESIAN_POINT('',(2.148480775301,-2.155,0.467364817767));
#1966=CIRCLE('',#1967,1.E-01);
#1967=AXIS2_PLACEMENT_3D('',#1968,#86,#13);
#1968=CARTESIAN_POINT('',(2.05,-2.155,0.45));
#1969=ORIENTED_EDGE('',*,*,#1970,.F.);
#1970=EDGE_CURVE('',#1905,#1964,#1971,.T.);
#1971=LINE('',#1906,#57);
#1972=ORIENTED_EDGE('',*,*,#1904,.F.);
#1973=CYLINDRICAL_SURFACE('',#1908,1.E-01);
#1974=ADVANCED_FACE('',(#1975),#2022,.T.);
#1975=FACE_BOUND('',#1976,.T.);
#1976=EDGE_LOOP('',(#672,#658,#1962,#1977,#1982,#1989,#1994,#1999,#2004,#2010,#2015,#2020));
#1977=ORIENTED_EDGE('',*,*,#1978,.T.);
#1978=EDGE_CURVE('',#1964,#1979,#1981,.T.);
#1979=VERTEX_POINT('',#1980);
#1980=CARTESIAN_POINT('',(2.197120194575,-2.155,0.165270364467));
#1981=LINE('',#1965,#1497);
#1982=ORIENTED_EDGE('',*,*,#1983,.T.);
#1983=EDGE_CURVE('',#1979,#1984,#1986,.T.);
#1984=VERTEX_POINT('',#1985);
#1985=CARTESIAN_POINT('',(2.394081745177,-2.155,-1.110223024625E-16));
#1986=CIRCLE('',#1987,0.2);
#1987=AXIS2_PLACEMENT_3D('',#1988,#58,#1506);
#1988=CARTESIAN_POINT('',(2.394081745177,-2.155,0.2));
#1989=ORIENTED_EDGE('',*,*,#1990,.T.);
#1990=EDGE_CURVE('',#1984,#1991,#1993,.T.);
#1991=VERTEX_POINT('',#1992);
#1992=CARTESIAN_POINT('',(2.7,-2.155,-1.110223024625E-16));
#1993=LINE('',#1985,#27);
#1994=ORIENTED_EDGE('',*,*,#1995,.T.);
#1995=EDGE_CURVE('',#1991,#1996,#1998,.T.);
#1996=VERTEX_POINT('',#1997);
#1997=CARTESIAN_POINT('',(2.7,-2.155,1.E-01));
#1998=LINE('',#1992,#366);
#1999=ORIENTED_EDGE('',*,*,#2000,.T.);
#2000=EDGE_CURVE('',#1996,#2001,#2003,.T.);
#2001=VERTEX_POINT('',#2002);
#2002=CARTESIAN_POINT('',(2.394081745177,-2.155,1.E-01));
#2003=LINE('',#1997,#71);
#2004=ORIENTED_EDGE('',*,*,#2005,.T.);
#2005=EDGE_CURVE('',#2001,#2006,#2008,.T.);
#2006=VERTEX_POINT('',#2007);
#2007=CARTESIAN_POINT('',(2.295600969876,-2.155,0.182635182233));
#2008=CIRCLE('',#2009,1.E-01);
#2009=AXIS2_PLACEMENT_3D('',#1988,#86,#340);
#2010=ORIENTED_EDGE('',*,*,#2011,.T.);
#2011=EDGE_CURVE('',#2006,#2012,#2014,.T.);
#2012=VERTEX_POINT('',#2013);
#2013=CARTESIAN_POINT('',(2.246961550602,-2.155,0.484729635533));
#2014=LINE('',#2007,#1533);
#2015=ORIENTED_EDGE('',*,*,#2016,.T.);
#2016=EDGE_CURVE('',#2012,#2017,#2018,.T.);
#2017=VERTEX_POINT('',#930);
#2018=CIRCLE('',#2019,0.2);
#2019=AXIS2_PLACEMENT_3D('',#1968,#58,#1539);
#2020=ORIENTED_EDGE('',*,*,#2021,.T.);
#2021=EDGE_CURVE('',#2017,#674,#929,.T.);
#2022=PLANE('',#2023);
#2023=AXIS2_PLACEMENT_3D('',#2024,#58,#13);
#2024=CARTESIAN_POINT('',(2.242345074712,-2.155,0.313832688832));
#2025=ADVANCED_FACE('',(#2026),#2033,.T.);
#2026=FACE_BOUND('',#2027,.F.);
#2027=EDGE_LOOP('',(#2028,#1473,#2031,#2032));
#2028=ORIENTED_EDGE('',*,*,#2029,.T.);
#2029=EDGE_CURVE('',#1405,#1470,#2030,.T.);
#2030=LINE('',#1406,#85);
#2031=ORIENTED_EDGE('',*,*,#736,.F.);
#2032=ORIENTED_EDGE('',*,*,#1409,.F.);
#2033=CYLINDRICAL_SURFACE('',#2034,0.2);
#2034=AXIS2_PLACEMENT_3D('',#1369,#58,#995);
#2035=ADVANCED_FACE('',(#2036),#2045,.F.);
#2036=FACE_BOUND('',#2037,.F.);
#2037=EDGE_LOOP('',(#2038,#2039,#1064,#2042,#2043,#2044));
#2038=ORIENTED_EDGE('',*,*,#997,.F.);
#2039=ORIENTED_EDGE('',*,*,#2040,.T.);
#2040=EDGE_CURVE('',#992,#1060,#2041,.T.);
#2041=LINE('',#911,#85);
#2042=ORIENTED_EDGE('',*,*,#1080,.T.);
#2043=ORIENTED_EDGE('',*,*,#759,.F.);
#2044=ORIENTED_EDGE('',*,*,#909,.F.);
#2045=PLANE('',#2046);
#2046=AXIS2_PLACEMENT_3D('',#911,#340,#14);
#2047=ADVANCED_FACE('',(#2048),#2057,.F.);
#2048=FACE_BOUND('',#2049,.F.);
#2049=EDGE_LOOP('',(#2050,#2051,#1204,#2054,#2055,#2056));
#2050=ORIENTED_EDGE('',*,*,#1137,.F.);
#2051=ORIENTED_EDGE('',*,*,#2052,.T.);
#2052=EDGE_CURVE('',#1133,#1200,#2053,.T.);
#2053=LINE('',#1077,#85);
#2054=ORIENTED_EDGE('',*,*,#1220,.T.);
#2055=ORIENTED_EDGE('',*,*,#767,.F.);
#2056=ORIENTED_EDGE('',*,*,#1075,.F.);
#2057=PLANE('',#2058);
#2058=AXIS2_PLACEMENT_3D('',#1077,#340,#14);
#2059=ADVANCED_FACE('',(#2060),#2069,.F.);
#2060=FACE_BOUND('',#2061,.F.);
#2061=EDGE_LOOP('',(#2062,#2063,#1344,#2066,#2067,#2068));
#2062=ORIENTED_EDGE('',*,*,#1277,.F.);
#2063=ORIENTED_EDGE('',*,*,#2064,.T.);
#2064=EDGE_CURVE('',#1273,#1340,#2065,.T.);
#2065=LINE('',#1217,#85);
#2066=ORIENTED_EDGE('',*,*,#1357,.T.);
#2067=ORIENTED_EDGE('',*,*,#775,.F.);
#2068=ORIENTED_EDGE('',*,*,#1215,.F.);
#2069=PLANE('',#2070);
#2070=AXIS2_PLACEMENT_3D('',#1217,#340,#14);
#2071=ADVANCED_FACE('',(#2072,#2087),#2096,.T.);
#2072=FACE_BOUND('',#2073,.T.);
#2073=EDGE_LOOP('',(#819,#805,#787,#2074,#2079,#2084,#879,#833));
#2074=ORIENTED_EDGE('',*,*,#2075,.F.);
#2075=EDGE_CURVE('',#2076,#789,#2078,.T.);
#2076=VERTEX_POINT('',#2077);
#2077=CARTESIAN_POINT('',(-1.701863500927,-2.303727001854,1.1));
#2078=LINE('',#2077,#78);
#2079=ORIENTED_EDGE('',*,*,#2080,.F.);
#2080=EDGE_CURVE('',#2081,#2076,#2083,.T.);
#2081=VERTEX_POINT('',#2082);
#2082=CARTESIAN_POINT('',(1.701863500927,-2.303727001854,1.1));
#2083=LINE('',#2082,#71);
#2084=ORIENTED_EDGE('',*,*,#2085,.F.);
#2085=EDGE_CURVE('',#876,#2081,#2086,.T.);
#2086=LINE('',#877,#64);
#2087=FACE_BOUND('',#2088,.T.);
#2088=EDGE_LOOP('',(#2089));
#2089=ORIENTED_EDGE('',*,*,#2090,.T.);
#2090=EDGE_CURVE('',#2091,#2091,#2093,.T.);
#2091=VERTEX_POINT('',#2092);
#2092=CARTESIAN_POINT('',(-1.303727001854,1.703727001854,1.1));
#2093=CIRCLE('',#2094,0.1);
#2094=AXIS2_PLACEMENT_3D('',#2095,#340,#58);
#2095=CARTESIAN_POINT('',(-1.303727001854,1.803727001854,1.1));
#2096=PLANE('',#2097);
#2097=AXIS2_PLACEMENT_3D('',#803,#13,#2098);
#2098=DIRECTION('',(0.594189810353,-0.804324853074,0.));
#2099=ADVANCED_FACE('',(#2100),#2107,.F.);
#2100=FACE_BOUND('',#2101,.F.);
#2101=EDGE_LOOP('',(#2102,#2103,#2074,#2104));
#2102=ORIENTED_EDGE('',*,*,#914,.T.);
#2103=ORIENTED_EDGE('',*,*,#793,.T.);
#2104=ORIENTED_EDGE('',*,*,#2105,.F.);
#2105=EDGE_CURVE('',#915,#2076,#2106,.T.);
#2106=B_SPLINE_CURVE_WITH_KNOTS('',1,(#916,#2077),.UNSPECIFIED.,.F.,.F.,(2,2),(0.,1.),.PIECEWISE_BEZIER_KNOTS.);
#2107=B_SPLINE_SURFACE_WITH_KNOTS('',1,1,((#916,#2077),(#326,#790)),.UNSPECIFIED.,.F.,.F.,.F.,(2,2),(2,2),(0.,0.194454364826),(0.,1.),.PIECEWISE_BEZIER_KNOTS.);
#2108=ADVANCED_FACE('',(#2109),#2118,.F.);
#2109=FACE_BOUND('',#2110,.F.);
#2110=EDGE_LOOP('',(#2111,#2112,#1741,#2115,#2116,#2117));
#2111=ORIENTED_EDGE('',*,*,#1674,.F.);
#2112=ORIENTED_EDGE('',*,*,#2113,.T.);
#2113=EDGE_CURVE('',#1670,#1737,#2114,.T.);
#2114=LINE('',#1616,#57);
#2115=ORIENTED_EDGE('',*,*,#1751,.T.);
#2116=ORIENTED_EDGE('',*,*,#851,.F.);
#2117=ORIENTED_EDGE('',*,*,#1614,.F.);
#2118=PLANE('',#2119);
#2119=AXIS2_PLACEMENT_3D('',#1616,#340,#72);
#2120=ADVANCED_FACE('',(#2121),#2130,.F.);
#2121=FACE_BOUND('',#2122,.F.);
#2122=EDGE_LOOP('',(#2123,#2124,#1881,#2127,#2128,#2129));
#2123=ORIENTED_EDGE('',*,*,#1814,.F.);
#2124=ORIENTED_EDGE('',*,*,#2125,.T.);
#2125=EDGE_CURVE('',#1810,#1877,#2126,.T.);
#2126=LINE('',#1756,#57);
#2127=ORIENTED_EDGE('',*,*,#1891,.T.);
#2128=ORIENTED_EDGE('',*,*,#859,.F.);
#2129=ORIENTED_EDGE('',*,*,#1754,.F.);
#2130=PLANE('',#2131);
#2131=AXIS2_PLACEMENT_3D('',#1756,#340,#72);
#2132=ADVANCED_FACE('',(#2133),#2142,.F.);
#2133=FACE_BOUND('',#2134,.F.);
#2134=EDGE_LOOP('',(#2135,#2136,#2020,#2139,#2140,#2141));
#2135=ORIENTED_EDGE('',*,*,#1954,.F.);
#2136=ORIENTED_EDGE('',*,*,#2137,.T.);
#2137=EDGE_CURVE('',#1950,#2017,#2138,.T.);
#2138=LINE('',#1896,#57);
#2139=ORIENTED_EDGE('',*,*,#928,.T.);
#2140=ORIENTED_EDGE('',*,*,#867,.F.);
#2141=ORIENTED_EDGE('',*,*,#1894,.F.);
#2142=PLANE('',#2143);
#2143=AXIS2_PLACEMENT_3D('',#1896,#340,#72);
#2144=ADVANCED_FACE('',(#2145),#2152,.F.);
#2145=FACE_BOUND('',#2146,.F.);
#2146=EDGE_LOOP('',(#2147,#2148,#2084,#2151));
#2147=ORIENTED_EDGE('',*,*,#924,.T.);
#2148=ORIENTED_EDGE('',*,*,#2149,.T.);
#2149=EDGE_CURVE('',#920,#2081,#2150,.T.);
#2150=B_SPLINE_CURVE_WITH_KNOTS('',1,(#921,#2082),.UNSPECIFIED.,.F.,.F.,(2,2),(0.,1.),.PIECEWISE_BEZIER_KNOTS.);
#2151=ORIENTED_EDGE('',*,*,#875,.F.);
#2152=B_SPLINE_SURFACE_WITH_KNOTS('',1,1,((#873,#877),(#921,#2082)),.UNSPECIFIED.,.F.,.F.,.F.,(2,2),(2,2),(0.,0.194454364826),(0.,1.),.PIECEWISE_BEZIER_KNOTS.);
#2153=ADVANCED_FACE('',(#2154),#2161,.T.);
#2154=FACE_BOUND('',#2155,.F.);
#2155=EDGE_LOOP('',(#2156,#1601,#2159,#2160));
#2156=ORIENTED_EDGE('',*,*,#2157,.T.);
#2157=EDGE_CURVE('',#1530,#1598,#2158,.T.);
#2158=LINE('',#1531,#57);
#2159=ORIENTED_EDGE('',*,*,#891,.F.);
#2160=ORIENTED_EDGE('',*,*,#1536,.F.);
#2161=CYLINDRICAL_SURFACE('',#2162,0.2);
#2162=AXIS2_PLACEMENT_3D('',#1491,#86,#1539);
#2163=ADVANCED_FACE('',(#2164),#2169,.F.);
#2164=FACE_BOUND('',#2165,.F.);
#2165=EDGE_LOOP('',(#2166,#2167,#2079,#2168));
#2166=ORIENTED_EDGE('',*,*,#919,.T.);
#2167=ORIENTED_EDGE('',*,*,#2105,.T.);
#2168=ORIENTED_EDGE('',*,*,#2149,.F.);
#2169=B_SPLINE_SURFACE_WITH_KNOTS('',1,1,((#921,#2082),(#916,#2077)),.UNSPECIFIED.,.F.,.F.,.F.,(2,2),(2,2),(0.,3.475),(0.,1.),.PIECEWISE_BEZIER_KNOTS.);
#2170=ADVANCED_FACE('',(#2171),#2178,.T.);
#2171=FACE_BOUND('',#2172,.F.);
#2172=EDGE_LOOP('',(#2173,#1058,#2176,#2177));
#2173=ORIENTED_EDGE('',*,*,#2174,.T.);
#2174=EDGE_CURVE('',#985,#1055,#2175,.T.);
#2175=LINE('',#986,#85);
#2176=ORIENTED_EDGE('',*,*,#2040,.F.);
#2177=ORIENTED_EDGE('',*,*,#991,.F.);
#2178=CYLINDRICAL_SURFACE('',#2179,0.2);
#2179=AXIS2_PLACEMENT_3D('',#946,#58,#995);
#2180=ADVANCED_FACE('',(#2181),#2188,.F.);
#2181=FACE_BOUND('',#2182,.F.);
#2182=EDGE_LOOP('',(#2183,#1053,#2186,#2187));
#2183=ORIENTED_EDGE('',*,*,#2184,.T.);
#2184=EDGE_CURVE('',#979,#1049,#2185,.T.);
#2185=LINE('',#980,#85);
#2186=ORIENTED_EDGE('',*,*,#2174,.F.);
#2187=ORIENTED_EDGE('',*,*,#984,.F.);
#2188=PLANE('',#2189);
#2189=AXIS2_PLACEMENT_3D('',#980,#2190,#989);
#2190=DIRECTION('',(0.987285005229,-1.129688768275E-17,-0.158960115908));
#2191=ADVANCED_FACE('',(#2192),#2199,.F.);
#2192=FACE_BOUND('',#2193,.F.);
#2193=EDGE_LOOP('',(#2194,#1047,#2197,#2198));
#2194=ORIENTED_EDGE('',*,*,#2195,.T.);
#2195=EDGE_CURVE('',#974,#1044,#2196,.T.);
#2196=LINE('',#975,#85);
#2197=ORIENTED_EDGE('',*,*,#2184,.F.);
#2198=ORIENTED_EDGE('',*,*,#978,.F.);
#2199=CYLINDRICAL_SURFACE('',#982,1.E-01);
#2200=ADVANCED_FACE('',(#2201),#2208,.F.);
#2201=FACE_BOUND('',#2202,.F.);
#2202=EDGE_LOOP('',(#2203,#1042,#2206,#2207));
#2203=ORIENTED_EDGE('',*,*,#2204,.T.);
#2204=EDGE_CURVE('',#969,#1039,#2205,.T.);
#2205=LINE('',#970,#85);
#2206=ORIENTED_EDGE('',*,*,#2195,.F.);
#2207=ORIENTED_EDGE('',*,*,#973,.F.);
#2208=PLANE('',#2209);
#2209=AXIS2_PLACEMENT_3D('',#970,#340,#14);
#2210=ADVANCED_FACE('',(#2211),#2218,.F.);
#2211=FACE_BOUND('',#2212,.F.);
#2212=EDGE_LOOP('',(#2213,#1037,#2216,#2217));
#2213=ORIENTED_EDGE('',*,*,#2214,.T.);
#2214=EDGE_CURVE('',#964,#1034,#2215,.T.);
#2215=LINE('',#965,#85);
#2216=ORIENTED_EDGE('',*,*,#2204,.F.);
#2217=ORIENTED_EDGE('',*,*,#968,.F.);
#2218=PLANE('',#2219);
#2219=AXIS2_PLACEMENT_3D('',#965,#14,#13);
#2220=ADVANCED_FACE('',(#2221),#2228,.F.);
#2221=FACE_BOUND('',#2222,.F.);
#2222=EDGE_LOOP('',(#2223,#1032,#2226,#2227));
#2223=ORIENTED_EDGE('',*,*,#2224,.T.);
#2224=EDGE_CURVE('',#956,#1027,#2225,.T.);
#2225=LINE('',#957,#85);
#2226=ORIENTED_EDGE('',*,*,#2214,.F.);
#2227=ORIENTED_EDGE('',*,*,#963,.F.);
#2228=PLANE('',#2229);
#2229=AXIS2_PLACEMENT_3D('',#957,#13,#72);
#2230=ADVANCED_FACE('',(#2231),#2238,.T.);
#2231=FACE_BOUND('',#2232,.F.);
#2232=EDGE_LOOP('',(#2233,#1025,#2236,#2237));
#2233=ORIENTED_EDGE('',*,*,#2234,.T.);
#2234=EDGE_CURVE('',#949,#1022,#2235,.T.);
#2235=LINE('',#950,#85);
#2236=ORIENTED_EDGE('',*,*,#2224,.F.);
#2237=ORIENTED_EDGE('',*,*,#955,.F.);
#2238=CYLINDRICAL_SURFACE('',#2239,0.2);
#2239=AXIS2_PLACEMENT_3D('',#960,#58,#961);
#2240=ADVANCED_FACE('',(#2241),#2246,.F.);
#2241=FACE_BOUND('',#2242,.F.);
#2242=EDGE_LOOP('',(#2243,#1020,#2244,#2245));
#2243=ORIENTED_EDGE('',*,*,#1013,.T.);
#2244=ORIENTED_EDGE('',*,*,#2234,.F.);
#2245=ORIENTED_EDGE('',*,*,#948,.F.);
#2246=PLANE('',#2247);
#2247=AXIS2_PLACEMENT_3D('',#943,#2248,#953);
#2248=DIRECTION('',(-0.987285005229,1.129688768275E-17,0.158960115908));
#2249=ADVANCED_FACE('',(#2250),#2257,.T.);
#2250=FACE_BOUND('',#2251,.F.);
#2251=EDGE_LOOP('',(#2252,#1198,#2255,#2256));
#2252=ORIENTED_EDGE('',*,*,#2253,.T.);
#2253=EDGE_CURVE('',#1128,#1195,#2254,.T.);
#2254=LINE('',#1129,#85);
#2255=ORIENTED_EDGE('',*,*,#2052,.F.);
#2256=ORIENTED_EDGE('',*,*,#1132,.F.);
#2257=CYLINDRICAL_SURFACE('',#2258,0.2);
#2258=AXIS2_PLACEMENT_3D('',#1092,#58,#995);
#2259=ADVANCED_FACE('',(#2260),#2267,.F.);
#2260=FACE_BOUND('',#2261,.F.);
#2261=EDGE_LOOP('',(#2262,#1193,#2265,#2266));
#2262=ORIENTED_EDGE('',*,*,#2263,.T.);
#2263=EDGE_CURVE('',#1122,#1189,#2264,.T.);
#2264=LINE('',#1123,#85);
#2265=ORIENTED_EDGE('',*,*,#2253,.F.);
#2266=ORIENTED_EDGE('',*,*,#1127,.F.);
#2267=PLANE('',#2268);
#2268=AXIS2_PLACEMENT_3D('',#1123,#2190,#989);
#2269=ADVANCED_FACE('',(#2270),#2277,.F.);
#2270=FACE_BOUND('',#2271,.F.);
#2271=EDGE_LOOP('',(#2272,#1187,#2275,#2276));
#2272=ORIENTED_EDGE('',*,*,#2273,.T.);
#2273=EDGE_CURVE('',#1117,#1184,#2274,.T.);
#2274=LINE('',#1118,#85);
#2275=ORIENTED_EDGE('',*,*,#2263,.F.);
#2276=ORIENTED_EDGE('',*,*,#1121,.F.);
#2277=CYLINDRICAL_SURFACE('',#1125,1.E-01);
#2278=ADVANCED_FACE('',(#2279),#2286,.F.);
#2279=FACE_BOUND('',#2280,.F.);
#2280=EDGE_LOOP('',(#2281,#1182,#2284,#2285));
#2281=ORIENTED_EDGE('',*,*,#2282,.T.);
#2282=EDGE_CURVE('',#1112,#1179,#2283,.T.);
#2283=LINE('',#1113,#85);
#2284=ORIENTED_EDGE('',*,*,#2273,.F.);
#2285=ORIENTED_EDGE('',*,*,#1116,.F.);
#2286=PLANE('',#2287);
#2287=AXIS2_PLACEMENT_3D('',#1113,#340,#14);
#2288=ADVANCED_FACE('',(#2289),#2296,.F.);
#2289=FACE_BOUND('',#2290,.F.);
#2290=EDGE_LOOP('',(#2291,#1177,#2294,#2295));
#2291=ORIENTED_EDGE('',*,*,#2292,.T.);
#2292=EDGE_CURVE('',#1107,#1174,#2293,.T.);
#2293=LINE('',#1108,#85);
#2294=ORIENTED_EDGE('',*,*,#2282,.F.);
#2295=ORIENTED_EDGE('',*,*,#1111,.F.);
#2296=PLANE('',#2297);
#2297=AXIS2_PLACEMENT_3D('',#1108,#14,#13);
#2298=ADVANCED_FACE('',(#2299),#2306,.F.);
#2299=FACE_BOUND('',#2300,.F.);
#2300=EDGE_LOOP('',(#2301,#1172,#2304,#2305));
#2301=ORIENTED_EDGE('',*,*,#2302,.T.);
#2302=EDGE_CURVE('',#1100,#1167,#2303,.T.);
#2303=LINE('',#1101,#85);
#2304=ORIENTED_EDGE('',*,*,#2292,.F.);
#2305=ORIENTED_EDGE('',*,*,#1106,.F.);
#2306=PLANE('',#2307);
#2307=AXIS2_PLACEMENT_3D('',#1101,#13,#72);
#2308=ADVANCED_FACE('',(#2309),#2316,.T.);
#2309=FACE_BOUND('',#2310,.F.);
#2310=EDGE_LOOP('',(#2311,#1165,#2314,#2315));
#2311=ORIENTED_EDGE('',*,*,#2312,.T.);
#2312=EDGE_CURVE('',#1095,#1162,#2313,.T.);
#2313=LINE('',#1096,#85);
#2314=ORIENTED_EDGE('',*,*,#2302,.F.);
#2315=ORIENTED_EDGE('',*,*,#1099,.F.);
#2316=CYLINDRICAL_SURFACE('',#2317,0.2);
#2317=AXIS2_PLACEMENT_3D('',#1104,#58,#961);
#2318=ADVANCED_FACE('',(#2319),#2324,.F.);
#2319=FACE_BOUND('',#2320,.F.);
#2320=EDGE_LOOP('',(#2321,#1160,#2322,#2323));
#2321=ORIENTED_EDGE('',*,*,#1153,.T.);
#2322=ORIENTED_EDGE('',*,*,#2312,.F.);
#2323=ORIENTED_EDGE('',*,*,#1094,.F.);
#2324=PLANE('',#2325);
#2325=AXIS2_PLACEMENT_3D('',#1089,#2248,#953);
#2326=ADVANCED_FACE('',(#2327),#2334,.T.);
#2327=FACE_BOUND('',#2328,.F.);
#2328=EDGE_LOOP('',(#2329,#1338,#2332,#2333));
#2329=ORIENTED_EDGE('',*,*,#2330,.T.);
#2330=EDGE_CURVE('',#1268,#1335,#2331,.T.);
#2331=LINE('',#1269,#85);
#2332=ORIENTED_EDGE('',*,*,#2064,.F.);
#2333=ORIENTED_EDGE('',*,*,#1272,.F.);
#2334=CYLINDRICAL_SURFACE('',#2335,0.2);
#2335=AXIS2_PLACEMENT_3D('',#1232,#58,#995);
#2336=ADVANCED_FACE('',(#2337),#2344,.F.);
#2337=FACE_BOUND('',#2338,.F.);
#2338=EDGE_LOOP('',(#2339,#1333,#2342,#2343));
#2339=ORIENTED_EDGE('',*,*,#2340,.T.);
#2340=EDGE_CURVE('',#1262,#1329,#2341,.T.);
#2341=LINE('',#1263,#85);
#2342=ORIENTED_EDGE('',*,*,#2330,.F.);
#2343=ORIENTED_EDGE('',*,*,#1267,.F.);
#2344=PLANE('',#2345);
#2345=AXIS2_PLACEMENT_3D('',#1263,#2190,#989);
#2346=ADVANCED_FACE('',(#2347),#2354,.F.);
#2347=FACE_BOUND('',#2348,.F.);
#2348=EDGE_LOOP('',(#2349,#1327,#2352,#2353));
#2349=ORIENTED_EDGE('',*,*,#2350,.T.);
#2350=EDGE_CURVE('',#1257,#1324,#2351,.T.);
#2351=LINE('',#1258,#85);
#2352=ORIENTED_EDGE('',*,*,#2340,.F.);
#2353=ORIENTED_EDGE('',*,*,#1261,.F.);
#2354=CYLINDRICAL_SURFACE('',#1265,1.E-01);
#2355=ADVANCED_FACE('',(#2356),#2363,.F.);
#2356=FACE_BOUND('',#2357,.F.);
#2357=EDGE_LOOP('',(#2358,#1322,#2361,#2362));
#2358=ORIENTED_EDGE('',*,*,#2359,.T.);
#2359=EDGE_CURVE('',#1252,#1319,#2360,.T.);
#2360=LINE('',#1253,#85);
#2361=ORIENTED_EDGE('',*,*,#2350,.F.);
#2362=ORIENTED_EDGE('',*,*,#1256,.F.);
#2363=PLANE('',#2364);
#2364=AXIS2_PLACEMENT_3D('',#1253,#340,#14);
#2365=ADVANCED_FACE('',(#2366),#2373,.F.);
#2366=FACE_BOUND('',#2367,.F.);
#2367=EDGE_LOOP('',(#2368,#1317,#2371,#2372));
#2368=ORIENTED_EDGE('',*,*,#2369,.T.);
#2369=EDGE_CURVE('',#1247,#1314,#2370,.T.);
#2370=LINE('',#1248,#85);
#2371=ORIENTED_EDGE('',*,*,#2359,.F.);
#2372=ORIENTED_EDGE('',*,*,#1251,.F.);
#2373=PLANE('',#2374);
#2374=AXIS2_PLACEMENT_3D('',#1248,#14,#13);
#2375=ADVANCED_FACE('',(#2376),#2383,.F.);
#2376=FACE_BOUND('',#2377,.F.);
#2377=EDGE_LOOP('',(#2378,#1312,#2381,#2382));
#2378=ORIENTED_EDGE('',*,*,#2379,.T.);
#2379=EDGE_CURVE('',#1240,#1307,#2380,.T.);
#2380=LINE('',#1241,#85);
#2381=ORIENTED_EDGE('',*,*,#2369,.F.);
#2382=ORIENTED_EDGE('',*,*,#1246,.F.);
#2383=PLANE('',#2384);
#2384=AXIS2_PLACEMENT_3D('',#1241,#13,#72);
#2385=ADVANCED_FACE('',(#2386),#2393,.T.);
#2386=FACE_BOUND('',#2387,.F.);
#2387=EDGE_LOOP('',(#2388,#1305,#2391,#2392));
#2388=ORIENTED_EDGE('',*,*,#2389,.T.);
#2389=EDGE_CURVE('',#1235,#1302,#2390,.T.);
#2390=LINE('',#1236,#85);
#2391=ORIENTED_EDGE('',*,*,#2379,.F.);
#2392=ORIENTED_EDGE('',*,*,#1239,.F.);
#2393=CYLINDRICAL_SURFACE('',#2394,0.2);
#2394=AXIS2_PLACEMENT_3D('',#1244,#58,#961);
#2395=ADVANCED_FACE('',(#2396),#2401,.F.);
#2396=FACE_BOUND('',#2397,.F.);
#2397=EDGE_LOOP('',(#2398,#1300,#2399,#2400));
#2398=ORIENTED_EDGE('',*,*,#1293,.T.);
#2399=ORIENTED_EDGE('',*,*,#2389,.F.);
#2400=ORIENTED_EDGE('',*,*,#1234,.F.);
#2401=PLANE('',#2402);
#2402=AXIS2_PLACEMENT_3D('',#1229,#2248,#953);
#2403=ADVANCED_FACE('',(#2404),#2411,.F.);
#2404=FACE_BOUND('',#2405,.F.);
#2405=EDGE_LOOP('',(#2406,#1468,#2409,#2410));
#2406=ORIENTED_EDGE('',*,*,#2407,.T.);
#2407=EDGE_CURVE('',#1399,#1464,#2408,.T.);
#2408=LINE('',#1400,#85);
#2409=ORIENTED_EDGE('',*,*,#2029,.F.);
#2410=ORIENTED_EDGE('',*,*,#1404,.F.);
#2411=PLANE('',#2412);
#2412=AXIS2_PLACEMENT_3D('',#1400,#2190,#989);
#2413=ADVANCED_FACE('',(#2414),#2421,.F.);
#2414=FACE_BOUND('',#2415,.F.);
#2415=EDGE_LOOP('',(#2416,#1462,#2419,#2420));
#2416=ORIENTED_EDGE('',*,*,#2417,.T.);
#2417=EDGE_CURVE('',#1394,#1459,#2418,.T.);
#2418=LINE('',#1395,#85);
#2419=ORIENTED_EDGE('',*,*,#2407,.F.);
#2420=ORIENTED_EDGE('',*,*,#1398,.F.);
#2421=CYLINDRICAL_SURFACE('',#1402,1.E-01);
#2422=ADVANCED_FACE('',(#2423),#2430,.F.);
#2423=FACE_BOUND('',#2424,.F.);
#2424=EDGE_LOOP('',(#2425,#1457,#2428,#2429));
#2425=ORIENTED_EDGE('',*,*,#2426,.T.);
#2426=EDGE_CURVE('',#1389,#1454,#2427,.T.);
#2427=LINE('',#1390,#85);
#2428=ORIENTED_EDGE('',*,*,#2417,.F.);
#2429=ORIENTED_EDGE('',*,*,#1393,.F.);
#2430=PLANE('',#2431);
#2431=AXIS2_PLACEMENT_3D('',#1390,#340,#14);
#2432=ADVANCED_FACE('',(#2433),#2440,.F.);
#2433=FACE_BOUND('',#2434,.F.);
#2434=EDGE_LOOP('',(#2435,#1452,#2438,#2439));
#2435=ORIENTED_EDGE('',*,*,#2436,.T.);
#2436=EDGE_CURVE('',#1384,#1449,#2437,.T.);
#2437=LINE('',#1385,#85);
#2438=ORIENTED_EDGE('',*,*,#2426,.F.);
#2439=ORIENTED_EDGE('',*,*,#1388,.F.);
#2440=PLANE('',#2441);
#2441=AXIS2_PLACEMENT_3D('',#1385,#14,#13);
#2442=ADVANCED_FACE('',(#2443),#2450,.F.);
#2443=FACE_BOUND('',#2444,.F.);
#2444=EDGE_LOOP('',(#2445,#1447,#2448,#2449));
#2445=ORIENTED_EDGE('',*,*,#2446,.T.);
#2446=EDGE_CURVE('',#1377,#1442,#2447,.T.);
#2447=LINE('',#1378,#85);
#2448=ORIENTED_EDGE('',*,*,#2436,.F.);
#2449=ORIENTED_EDGE('',*,*,#1383,.F.);
#2450=PLANE('',#2451);
#2451=AXIS2_PLACEMENT_3D('',#1378,#13,#72);
#2452=ADVANCED_FACE('',(#2453),#2460,.T.);
#2453=FACE_BOUND('',#2454,.F.);
#2454=EDGE_LOOP('',(#2455,#1440,#2458,#2459));
#2455=ORIENTED_EDGE('',*,*,#2456,.T.);
#2456=EDGE_CURVE('',#1372,#1437,#2457,.T.);
#2457=LINE('',#1373,#85);
#2458=ORIENTED_EDGE('',*,*,#2446,.F.);
#2459=ORIENTED_EDGE('',*,*,#1376,.F.);
#2460=CYLINDRICAL_SURFACE('',#2461,0.2);
#2461=AXIS2_PLACEMENT_3D('',#1381,#58,#961);
#2462=ADVANCED_FACE('',(#2463),#2468,.F.);
#2463=FACE_BOUND('',#2464,.F.);
#2464=EDGE_LOOP('',(#2465,#1435,#2466,#2467));
#2465=ORIENTED_EDGE('',*,*,#1428,.T.);
#2466=ORIENTED_EDGE('',*,*,#2456,.F.);
#2467=ORIENTED_EDGE('',*,*,#1371,.F.);
#2468=PLANE('',#2469);
#2469=AXIS2_PLACEMENT_3D('',#1366,#2248,#953);
#2470=ADVANCED_FACE('',(#2471),#2478,.F.);
#2471=FACE_BOUND('',#2472,.F.);
#2472=EDGE_LOOP('',(#2473,#1596,#2476,#2477));
#2473=ORIENTED_EDGE('',*,*,#2474,.T.);
#2474=EDGE_CURVE('',#1524,#1592,#2475,.T.);
#2475=LINE('',#1525,#57);
#2476=ORIENTED_EDGE('',*,*,#2157,.F.);
#2477=ORIENTED_EDGE('',*,*,#1529,.F.);
#2478=PLANE('',#2479);
#2479=AXIS2_PLACEMENT_3D('',#1525,#2480,#1534);
#2480=DIRECTION('',(-0.987285005229,-1.096106544673E-16,-0.158960115908));
#2481=ADVANCED_FACE('',(#2482),#2489,.F.);
#2482=FACE_BOUND('',#2483,.F.);
#2483=EDGE_LOOP('',(#2484,#1590,#2487,#2488));
#2484=ORIENTED_EDGE('',*,*,#2485,.T.);
#2485=EDGE_CURVE('',#1519,#1587,#2486,.T.);
#2486=LINE('',#1520,#57);
#2487=ORIENTED_EDGE('',*,*,#2474,.F.);
#2488=ORIENTED_EDGE('',*,*,#1523,.F.);
#2489=CYLINDRICAL_SURFACE('',#1527,1.E-01);
#2490=ADVANCED_FACE('',(#2491),#2498,.F.);
#2491=FACE_BOUND('',#2492,.F.);
#2492=EDGE_LOOP('',(#2493,#1585,#2496,#2497));
#2493=ORIENTED_EDGE('',*,*,#2494,.T.);
#2494=EDGE_CURVE('',#1514,#1582,#2495,.T.);
#2495=LINE('',#1515,#57);
#2496=ORIENTED_EDGE('',*,*,#2485,.F.);
#2497=ORIENTED_EDGE('',*,*,#1518,.F.);
#2498=PLANE('',#2499);
#2499=AXIS2_PLACEMENT_3D('',#1515,#340,#72);
#2500=ADVANCED_FACE('',(#2501),#2508,.F.);
#2501=FACE_BOUND('',#2502,.F.);
#2502=EDGE_LOOP('',(#2503,#1580,#2506,#2507));
#2503=ORIENTED_EDGE('',*,*,#2504,.T.);
#2504=EDGE_CURVE('',#1509,#1577,#2505,.T.);
#2505=LINE('',#1510,#57);
#2506=ORIENTED_EDGE('',*,*,#2494,.F.);
#2507=ORIENTED_EDGE('',*,*,#1513,.F.);
#2508=PLANE('',#2509);
#2509=AXIS2_PLACEMENT_3D('',#1510,#72,#13);
#2510=ADVANCED_FACE('',(#2511),#2518,.F.);
#2511=FACE_BOUND('',#2512,.F.);
#2512=EDGE_LOOP('',(#2513,#1575,#2516,#2517));
#2513=ORIENTED_EDGE('',*,*,#2514,.T.);
#2514=EDGE_CURVE('',#1501,#1570,#2515,.T.);
#2515=LINE('',#1502,#57);
#2516=ORIENTED_EDGE('',*,*,#2504,.F.);
#2517=ORIENTED_EDGE('',*,*,#1508,.F.);
#2518=PLANE('',#2519);
#2519=AXIS2_PLACEMENT_3D('',#1502,#13,#14);
#2520=ADVANCED_FACE('',(#2521),#2528,.T.);
#2521=FACE_BOUND('',#2522,.F.);
#2522=EDGE_LOOP('',(#2523,#1568,#2526,#2527));
#2523=ORIENTED_EDGE('',*,*,#2524,.T.);
#2524=EDGE_CURVE('',#1494,#1565,#2525,.T.);
#2525=LINE('',#1495,#57);
#2526=ORIENTED_EDGE('',*,*,#2514,.F.);
#2527=ORIENTED_EDGE('',*,*,#1500,.F.);
#2528=CYLINDRICAL_SURFACE('',#2529,0.2);
#2529=AXIS2_PLACEMENT_3D('',#1505,#86,#1506);
#2530=ADVANCED_FACE('',(#2531),#2536,.F.);
#2531=FACE_BOUND('',#2532,.F.);
#2532=EDGE_LOOP('',(#2533,#1563,#2534,#2535));
#2533=ORIENTED_EDGE('',*,*,#1556,.T.);
#2534=ORIENTED_EDGE('',*,*,#2524,.F.);
#2535=ORIENTED_EDGE('',*,*,#1493,.F.);
#2536=PLANE('',#2537);
#2537=AXIS2_PLACEMENT_3D('',#1488,#2538,#1498);
#2538=DIRECTION('',(0.987285005229,1.096106544673E-16,0.158960115908));
#2539=ADVANCED_FACE('',(#2540),#2547,.T.);
#2540=FACE_BOUND('',#2541,.F.);
#2541=EDGE_LOOP('',(#2542,#1735,#2545,#2546));
#2542=ORIENTED_EDGE('',*,*,#2543,.T.);
#2543=EDGE_CURVE('',#1665,#1732,#2544,.T.);
#2544=LINE('',#1666,#57);
#2545=ORIENTED_EDGE('',*,*,#2113,.F.);
#2546=ORIENTED_EDGE('',*,*,#1669,.F.);
#2547=CYLINDRICAL_SURFACE('',#2548,0.2);
#2548=AXIS2_PLACEMENT_3D('',#1629,#86,#1539);
#2549=ADVANCED_FACE('',(#2550),#2557,.F.);
#2550=FACE_BOUND('',#2551,.F.);
#2551=EDGE_LOOP('',(#2552,#1730,#2555,#2556));
#2552=ORIENTED_EDGE('',*,*,#2553,.T.);
#2553=EDGE_CURVE('',#1659,#1726,#2554,.T.);
#2554=LINE('',#1660,#57);
#2555=ORIENTED_EDGE('',*,*,#2543,.F.);
#2556=ORIENTED_EDGE('',*,*,#1664,.F.);
#2557=PLANE('',#2558);
#2558=AXIS2_PLACEMENT_3D('',#1660,#2480,#1534);
#2559=ADVANCED_FACE('',(#2560),#2567,.F.);
#2560=FACE_BOUND('',#2561,.F.);
#2561=EDGE_LOOP('',(#2562,#1724,#2565,#2566));
#2562=ORIENTED_EDGE('',*,*,#2563,.T.);
#2563=EDGE_CURVE('',#1654,#1721,#2564,.T.);
#2564=LINE('',#1655,#57);
#2565=ORIENTED_EDGE('',*,*,#2553,.F.);
#2566=ORIENTED_EDGE('',*,*,#1658,.F.);
#2567=CYLINDRICAL_SURFACE('',#1662,1.E-01);
#2568=ADVANCED_FACE('',(#2569),#2576,.F.);
#2569=FACE_BOUND('',#2570,.F.);
#2570=EDGE_LOOP('',(#2571,#1719,#2574,#2575));
#2571=ORIENTED_EDGE('',*,*,#2572,.T.);
#2572=EDGE_CURVE('',#1649,#1716,#2573,.T.);
#2573=LINE('',#1650,#57);
#2574=ORIENTED_EDGE('',*,*,#2563,.F.);
#2575=ORIENTED_EDGE('',*,*,#1653,.F.);
#2576=PLANE('',#2577);
#2577=AXIS2_PLACEMENT_3D('',#1650,#340,#72);
#2578=ADVANCED_FACE('',(#2579),#2586,.F.);
#2579=FACE_BOUND('',#2580,.F.);
#2580=EDGE_LOOP('',(#2581,#1714,#2584,#2585));
#2581=ORIENTED_EDGE('',*,*,#2582,.T.);
#2582=EDGE_CURVE('',#1644,#1711,#2583,.T.);
#2583=LINE('',#1645,#57);
#2584=ORIENTED_EDGE('',*,*,#2572,.F.);
#2585=ORIENTED_EDGE('',*,*,#1648,.F.);
#2586=PLANE('',#2587);
#2587=AXIS2_PLACEMENT_3D('',#1645,#72,#13);
#2588=ADVANCED_FACE('',(#2589),#2596,.F.);
#2589=FACE_BOUND('',#2590,.F.);
#2590=EDGE_LOOP('',(#2591,#1709,#2594,#2595));
#2591=ORIENTED_EDGE('',*,*,#2592,.T.);
#2592=EDGE_CURVE('',#1637,#1704,#2593,.T.);
#2593=LINE('',#1638,#57);
#2594=ORIENTED_EDGE('',*,*,#2582,.F.);
#2595=ORIENTED_EDGE('',*,*,#1643,.F.);
#2596=PLANE('',#2597);
#2597=AXIS2_PLACEMENT_3D('',#1638,#13,#14);
#2598=ADVANCED_FACE('',(#2599),#2606,.T.);
#2599=FACE_BOUND('',#2600,.F.);
#2600=EDGE_LOOP('',(#2601,#1702,#2604,#2605));
#2601=ORIENTED_EDGE('',*,*,#2602,.T.);
#2602=EDGE_CURVE('',#1632,#1699,#2603,.T.);
#2603=LINE('',#1633,#57);
#2604=ORIENTED_EDGE('',*,*,#2592,.F.);
#2605=ORIENTED_EDGE('',*,*,#1636,.F.);
#2606=CYLINDRICAL_SURFACE('',#2607,0.2);
#2607=AXIS2_PLACEMENT_3D('',#1641,#86,#1506);
#2608=ADVANCED_FACE('',(#2609),#2614,.F.);
#2609=FACE_BOUND('',#2610,.F.);
#2610=EDGE_LOOP('',(#2611,#1697,#2612,#2613));
#2611=ORIENTED_EDGE('',*,*,#1690,.T.);
#2612=ORIENTED_EDGE('',*,*,#2602,.F.);
#2613=ORIENTED_EDGE('',*,*,#1631,.F.);
#2614=PLANE('',#2615);
#2615=AXIS2_PLACEMENT_3D('',#1626,#2538,#1498);
#2616=ADVANCED_FACE('',(#2617),#2624,.T.);
#2617=FACE_BOUND('',#2618,.F.);
#2618=EDGE_LOOP('',(#2619,#1875,#2622,#2623));
#2619=ORIENTED_EDGE('',*,*,#2620,.T.);
#2620=EDGE_CURVE('',#1805,#1872,#2621,.T.);
#2621=LINE('',#1806,#57);
#2622=ORIENTED_EDGE('',*,*,#2125,.F.);
#2623=ORIENTED_EDGE('',*,*,#1809,.F.);
#2624=CYLINDRICAL_SURFACE('',#2625,0.2);
#2625=AXIS2_PLACEMENT_3D('',#1769,#86,#1539);
#2626=ADVANCED_FACE('',(#2627),#2634,.F.);
#2627=FACE_BOUND('',#2628,.F.);
#2628=EDGE_LOOP('',(#2629,#1870,#2632,#2633));
#2629=ORIENTED_EDGE('',*,*,#2630,.T.);
#2630=EDGE_CURVE('',#1799,#1866,#2631,.T.);
#2631=LINE('',#1800,#57);
#2632=ORIENTED_EDGE('',*,*,#2620,.F.);
#2633=ORIENTED_EDGE('',*,*,#1804,.F.);
#2634=PLANE('',#2635);
#2635=AXIS2_PLACEMENT_3D('',#1800,#2480,#1534);
#2636=ADVANCED_FACE('',(#2637),#2644,.F.);
#2637=FACE_BOUND('',#2638,.F.);
#2638=EDGE_LOOP('',(#2639,#1864,#2642,#2643));
#2639=ORIENTED_EDGE('',*,*,#2640,.T.);
#2640=EDGE_CURVE('',#1794,#1861,#2641,.T.);
#2641=LINE('',#1795,#57);
#2642=ORIENTED_EDGE('',*,*,#2630,.F.);
#2643=ORIENTED_EDGE('',*,*,#1798,.F.);
#2644=CYLINDRICAL_SURFACE('',#1802,1.E-01);
#2645=ADVANCED_FACE('',(#2646),#2653,.F.);
#2646=FACE_BOUND('',#2647,.F.);
#2647=EDGE_LOOP('',(#2648,#1859,#2651,#2652));
#2648=ORIENTED_EDGE('',*,*,#2649,.T.);
#2649=EDGE_CURVE('',#1789,#1856,#2650,.T.);
#2650=LINE('',#1790,#57);
#2651=ORIENTED_EDGE('',*,*,#2640,.F.);
#2652=ORIENTED_EDGE('',*,*,#1793,.F.);
#2653=PLANE('',#2654);
#2654=AXIS2_PLACEMENT_3D('',#1790,#340,#72);
#2655=ADVANCED_FACE('',(#2656),#2663,.F.);
#2656=FACE_BOUND('',#2657,.F.);
#2657=EDGE_LOOP('',(#2658,#1854,#2661,#2662));
#2658=ORIENTED_EDGE('',*,*,#2659,.T.);
#2659=EDGE_CURVE('',#1784,#1851,#2660,.T.);
#2660=LINE('',#1785,#57);
#2661=ORIENTED_EDGE('',*,*,#2649,.F.);
#2662=ORIENTED_EDGE('',*,*,#1788,.F.);
#2663=PLANE('',#2664);
#2664=AXIS2_PLACEMENT_3D('',#1785,#72,#13);
#2665=ADVANCED_FACE('',(#2666),#2673,.F.);
#2666=FACE_BOUND('',#2667,.F.);
#2667=EDGE_LOOP('',(#2668,#1849,#2671,#2672));
#2668=ORIENTED_EDGE('',*,*,#2669,.T.);
#2669=EDGE_CURVE('',#1777,#1844,#2670,.T.);
#2670=LINE('',#1778,#57);
#2671=ORIENTED_EDGE('',*,*,#2659,.F.);
#2672=ORIENTED_EDGE('',*,*,#1783,.F.);
#2673=PLANE('',#2674);
#2674=AXIS2_PLACEMENT_3D('',#1778,#13,#14);
#2675=ADVANCED_FACE('',(#2676),#2683,.T.);
#2676=FACE_BOUND('',#2677,.F.);
#2677=EDGE_LOOP('',(#2678,#1842,#2681,#2682));
#2678=ORIENTED_EDGE('',*,*,#2679,.T.);
#2679=EDGE_CURVE('',#1772,#1839,#2680,.T.);
#2680=LINE('',#1773,#57);
#2681=ORIENTED_EDGE('',*,*,#2669,.F.);
#2682=ORIENTED_EDGE('',*,*,#1776,.F.);
#2683=CYLINDRICAL_SURFACE('',#2684,0.2);
#2684=AXIS2_PLACEMENT_3D('',#1781,#86,#1506);
#2685=ADVANCED_FACE('',(#2686),#2691,.F.);
#2686=FACE_BOUND('',#2687,.F.);
#2687=EDGE_LOOP('',(#2688,#1837,#2689,#2690));
#2688=ORIENTED_EDGE('',*,*,#1830,.T.);
#2689=ORIENTED_EDGE('',*,*,#2679,.F.);
#2690=ORIENTED_EDGE('',*,*,#1771,.F.);
#2691=PLANE('',#2692);
#2692=AXIS2_PLACEMENT_3D('',#1766,#2538,#1498);
#2693=ADVANCED_FACE('',(#2694),#2701,.T.);
#2694=FACE_BOUND('',#2695,.F.);
#2695=EDGE_LOOP('',(#2696,#2015,#2699,#2700));
#2696=ORIENTED_EDGE('',*,*,#2697,.T.);
#2697=EDGE_CURVE('',#1945,#2012,#2698,.T.);
#2698=LINE('',#1946,#57);
#2699=ORIENTED_EDGE('',*,*,#2137,.F.);
#2700=ORIENTED_EDGE('',*,*,#1949,.F.);
#2701=CYLINDRICAL_SURFACE('',#2702,0.2);
#2702=AXIS2_PLACEMENT_3D('',#1909,#86,#1539);
#2703=ADVANCED_FACE('',(#2704),#2711,.F.);
#2704=FACE_BOUND('',#2705,.F.);
#2705=EDGE_LOOP('',(#2706,#2010,#2709,#2710));
#2706=ORIENTED_EDGE('',*,*,#2707,.T.);
#2707=EDGE_CURVE('',#1939,#2006,#2708,.T.);
#2708=LINE('',#1940,#57);
#2709=ORIENTED_EDGE('',*,*,#2697,.F.);
#2710=ORIENTED_EDGE('',*,*,#1944,.F.);
#2711=PLANE('',#2712);
#2712=AXIS2_PLACEMENT_3D('',#1940,#2480,#1534);
#2713=ADVANCED_FACE('',(#2714),#2721,.F.);
#2714=FACE_BOUND('',#2715,.F.);
#2715=EDGE_LOOP('',(#2716,#2004,#2719,#2720));
#2716=ORIENTED_EDGE('',*,*,#2717,.T.);
#2717=EDGE_CURVE('',#1934,#2001,#2718,.T.);
#2718=LINE('',#1935,#57);
#2719=ORIENTED_EDGE('',*,*,#2707,.F.);
#2720=ORIENTED_EDGE('',*,*,#1938,.F.);
#2721=CYLINDRICAL_SURFACE('',#1942,1.E-01);
#2722=ADVANCED_FACE('',(#2723),#2730,.F.);
#2723=FACE_BOUND('',#2724,.F.);
#2724=EDGE_LOOP('',(#2725,#1999,#2728,#2729));
#2725=ORIENTED_EDGE('',*,*,#2726,.T.);
#2726=EDGE_CURVE('',#1929,#1996,#2727,.T.);
#2727=LINE('',#1930,#57);
#2728=ORIENTED_EDGE('',*,*,#2717,.F.);
#2729=ORIENTED_EDGE('',*,*,#1933,.F.);
#2730=PLANE('',#2731);
#2731=AXIS2_PLACEMENT_3D('',#1930,#340,#72);
#2732=ADVANCED_FACE('',(#2733),#2740,.F.);
#2733=FACE_BOUND('',#2734,.F.);
#2734=EDGE_LOOP('',(#2735,#1994,#2738,#2739));
#2735=ORIENTED_EDGE('',*,*,#2736,.T.);
#2736=EDGE_CURVE('',#1924,#1991,#2737,.T.);
#2737=LINE('',#1925,#57);
#2738=ORIENTED_EDGE('',*,*,#2726,.F.);
#2739=ORIENTED_EDGE('',*,*,#1928,.F.);
#2740=PLANE('',#2741);
#2741=AXIS2_PLACEMENT_3D('',#1925,#72,#13);
#2742=ADVANCED_FACE('',(#2743),#2750,.F.);
#2743=FACE_BOUND('',#2744,.F.);
#2744=EDGE_LOOP('',(#2745,#1989,#2748,#2749));
#2745=ORIENTED_EDGE('',*,*,#2746,.T.);
#2746=EDGE_CURVE('',#1917,#1984,#2747,.T.);
#2747=LINE('',#1918,#57);
#2748=ORIENTED_EDGE('',*,*,#2736,.F.);
#2749=ORIENTED_EDGE('',*,*,#1923,.F.);
#2750=PLANE('',#2751);
#2751=AXIS2_PLACEMENT_3D('',#1918,#13,#14);
#2752=ADVANCED_FACE('',(#2753),#2760,.T.);
#2753=FACE_BOUND('',#2754,.F.);
#2754=EDGE_LOOP('',(#2755,#1982,#2758,#2759));
#2755=ORIENTED_EDGE('',*,*,#2756,.T.);
#2756=EDGE_CURVE('',#1912,#1979,#2757,.T.);
#2757=LINE('',#1913,#57);
#2758=ORIENTED_EDGE('',*,*,#2746,.F.);
#2759=ORIENTED_EDGE('',*,*,#1916,.F.);
#2760=CYLINDRICAL_SURFACE('',#2761,0.2);
#2761=AXIS2_PLACEMENT_3D('',#1921,#86,#1506);
#2762=ADVANCED_FACE('',(#2763),#2768,.F.);
#2763=FACE_BOUND('',#2764,.F.);
#2764=EDGE_LOOP('',(#2765,#1977,#2766,#2767));
#2765=ORIENTED_EDGE('',*,*,#1970,.T.);
#2766=ORIENTED_EDGE('',*,*,#2756,.F.);
#2767=ORIENTED_EDGE('',*,*,#1911,.F.);
#2768=PLANE('',#2769);
#2769=AXIS2_PLACEMENT_3D('',#1906,#2538,#1498);
#2770=ADVANCED_FACE('',(#2771),#2774,.F.);
#2771=FACE_BOUND('',#2772,.T.);
#2772=EDGE_LOOP('',(#2773));
#2773=ORIENTED_EDGE('',*,*,#2090,.F.);
#2774=PLANE('',#2094);
#2775=( GEOMETRIC_REPRESENTATION_CONTEXT(3) GLOBAL_UNCERTAINTY_ASSIGNED_CONTEXT((#2779)) GLOBAL_UNIT_ASSIGNED_CONTEXT((#2776,#2777,#2778)) REPRESENTATION_CONTEXT('Context #1','3D Context with UNIT and UNCERTAINTY') );
#2776=( LENGTH_UNIT() NAMED_UNIT(*) SI_UNIT(.MILLI.,.METRE.) );
#2777=( NAMED_UNIT(*) PLANE_ANGLE_UNIT() SI_UNIT($,.RADIAN.) );
#2778=( NAMED_UNIT(*) SI_UNIT($,.STERADIAN.) SOLID_ANGLE_UNIT() );
#2779=UNCERTAINTY_MEASURE_WITH_UNIT(LENGTH_MEASURE(1.E-07),#2776,'distance_accuracy_value','confusion accuracy');
#2780=MECHANICAL_DESIGN_GEOMETRIC_PRESENTATION_REPRESENTATION('',(#2781,#2791,#2792,#2793,#2794,#2795,#2796,#2797,#2798,#2799,#2800,#2801,#2802,#2803,#2804,#2813,#2814,#2815,#2816,#2817,#2818,#2819,#2820,#2821,#2822,#2823,#2824,#2825,#2826,#2827,#2828,#2829,#2830,#2831,#2832,#2833,#2834,#2835,#2836,#2837,#2838,#2839,#2840,#2841,#2842,#2843,#2844,#2845,#2846,#2847,#2848,#2849,#2850,#2851,#2852,#2853,#2854,#2855,#2856,#2857,#2858,#2859,#2860,#2861,#2862,#2863,#2864,#2865,#2866,#2867,#2868,#2869,#2870,#2871,#2872,#2873,#2874,#2875,#2876,#2877,#2878,#2879,#2880,#2881,#2882,#2883,#2884,#2885,#2886,#2887,#2888,#2889,#2890,#2891,#2892,#2893,#2894,#2895,#2896,#2897,#2898,#2899,#2900,#2901,#2902,#2903,#2904,#2905,#2906,#2907,#2908,#2909,#2910,#2911,#2912,#2913,#2914,#2915,#2916,#2917,#2918,#2919,#2920,#2921,#2922,#2923,#2924,#2925,#2926,#2927,#2928,#2929,#2930,#2931,#2932,#2933,#2934,#2935,#2936,#2937,#2938,#2939,#2940,#2941,#2942,#2943,#2944),#2775);
#2781=STYLED_ITEM('color',(#2782),#17);
#2782=PRESENTATION_STYLE_ASSIGNMENT((#2783,#2789));
#2783=SURFACE_STYLE_USAGE(.BOTH.,#2784);
#2784=SURFACE_SIDE_STYLE('',(#2785));
#2785=SURFACE_STYLE_FILL_AREA(#2786);
#2786=FILL_AREA_STYLE('',(#2787));
#2787=FILL_AREA_STYLE_COLOUR('',#2788);
#2788=COLOUR_RGB('',0.147999998088,0.145000001626,0.145000001626);
#2789=CURVE_STYLE('',#2790,POSITIVE_LENGTH_MEASURE(0.1),#2788);
#2790=DRAUGHTING_PRE_DEFINED_CURVE_FONT('continuous');
#2791=STYLED_ITEM('color',(#2782),#42);
#2792=STYLED_ITEM('color',(#2782),#95);
#2793=STYLED_ITEM('color',(#2782),#108);
#2794=STYLED_ITEM('color',(#2782),#127);
#2795=STYLED_ITEM('color',(#2782),#140);
#2796=STYLED_ITEM('color',(#2782),#185);
#2797=STYLED_ITEM('color',(#2782),#230);
#2798=STYLED_ITEM('color',(#2782),#243);
#2799=STYLED_ITEM('color',(#2782),#256);
#2800=STYLED_ITEM('color',(#2782),#265);
#2801=STYLED_ITEM('color',(#2782),#280);
#2802=STYLED_ITEM('color',(#2782),#341);
#2803=STYLED_ITEM('color',(#2782),#352);
#2804=STYLED_ITEM('color',(#2805),#371);
#2805=PRESENTATION_STYLE_ASSIGNMENT((#2806,#2812));
#2806=SURFACE_STYLE_USAGE(.BOTH.,#2807);
#2807=SURFACE_SIDE_STYLE('',(#2808));
#2808=SURFACE_STYLE_FILL_AREA(#2809);
#2809=FILL_AREA_STYLE('',(#2810));
#2810=FILL_AREA_STYLE_COLOUR('',#2811);
#2811=COLOUR_RGB('',0.823999987314,0.819999987296,0.781000009244);
#2812=CURVE_STYLE('',#2790,POSITIVE_LENGTH_MEASURE(0.1),#2811);
#2813=STYLED_ITEM('color',(#2782),#392);
#2814=STYLED_ITEM('color',(#2805),#410);
#2815=STYLED_ITEM('color',(#2782),#431);
#2816=STYLED_ITEM('color',(#2805),#449);
#2817=STYLED_ITEM('color',(#2782),#470);
#2818=STYLED_ITEM('color',(#2805),#488);
#2819=STYLED_ITEM('color',(#2782),#509);
#2820=STYLED_ITEM('color',(#2782),#519);
#2821=STYLED_ITEM('color',(#2805),#531);
#2822=STYLED_ITEM('color',(#2782),#552);
#2823=STYLED_ITEM('color',(#2805),#570);
#2824=STYLED_ITEM('color',(#2782),#591);
#2825=STYLED_ITEM('color',(#2805),#609);
#2826=STYLED_ITEM('color',(#2782),#630);
#2827=STYLED_ITEM('color',(#2805),#648);
#2828=STYLED_ITEM('color',(#2782),#669);
#2829=STYLED_ITEM('color',(#2782),#686);
#2830=STYLED_ITEM('color',(#2782),#701);
#2831=STYLED_ITEM('color',(#2782),#716);
#2832=STYLED_ITEM('color',(#2805),#727);
#2833=STYLED_ITEM('color',(#2782),#750);
#2834=STYLED_ITEM('color',(#2782),#796);
#2835=STYLED_ITEM('color',(#2782),#810);
#2836=STYLED_ITEM('color',(#2782),#824);
#2837=STYLED_ITEM('color',(#2782),#838);
#2838=STYLED_ITEM('color',(#2805),#884);
#2839=STYLED_ITEM('color',(#2782),#904);
#2840=STYLED_ITEM('color',(#2805),#935);
#2841=STYLED_ITEM('color',(#2805),#1001);
#2842=STYLED_ITEM('color',(#2805),#1017);
#2843=STYLED_ITEM('color',(#2782),#1070);
#2844=STYLED_ITEM('color',(#2805),#1081);
#2845=STYLED_ITEM('color',(#2805),#1141);
#2846=STYLED_ITEM('color',(#2805),#1157);
#2847=STYLED_ITEM('color',(#2782),#1210);
#2848=STYLED_ITEM('color',(#2805),#1221);
#2849=STYLED_ITEM('color',(#2805),#1281);
#2850=STYLED_ITEM('color',(#2805),#1297);
#2851=STYLED_ITEM('color',(#2782),#1350);
#2852=STYLED_ITEM('color',(#2805),#1358);
#2853=STYLED_ITEM('color',(#2805),#1416);
#2854=STYLED_ITEM('color',(#2805),#1432);
#2855=STYLED_ITEM('color',(#2805),#1480);
#2856=STYLED_ITEM('color',(#2805),#1544);
#2857=STYLED_ITEM('color',(#2805),#1560);
#2858=STYLED_ITEM('color',(#2782),#1608);
#2859=STYLED_ITEM('color',(#2805),#1618);
#2860=STYLED_ITEM('color',(#2805),#1678);
#2861=STYLED_ITEM('color',(#2805),#1694);
#2862=STYLED_ITEM('color',(#2782),#1747);
#2863=STYLED_ITEM('color',(#2805),#1758);
#2864=STYLED_ITEM('color',(#2805),#1818);
#2865=STYLED_ITEM('color',(#2805),#1834);
#2866=STYLED_ITEM('color',(#2782),#1887);
#2867=STYLED_ITEM('color',(#2805),#1898);
#2868=STYLED_ITEM('color',(#2805),#1958);
#2869=STYLED_ITEM('color',(#2805),#1974);
#2870=STYLED_ITEM('color',(#2805),#2025);
#2871=STYLED_ITEM('color',(#2805),#2035);
#2872=STYLED_ITEM('color',(#2805),#2047);
#2873=STYLED_ITEM('color',(#2805),#2059);
#2874=STYLED_ITEM('color',(#2782),#2071);
#2875=STYLED_ITEM('color',(#2782),#2099);
#2876=STYLED_ITEM('color',(#2805),#2108);
#2877=STYLED_ITEM('color',(#2805),#2120);
#2878=STYLED_ITEM('color',(#2805),#2132);
#2879=STYLED_ITEM('color',(#2782),#2144);
#2880=STYLED_ITEM('color',(#2805),#2153);
#2881=STYLED_ITEM('color',(#2782),#2163);
#2882=STYLED_ITEM('color',(#2805),#2170);
#2883=STYLED_ITEM('color',(#2805),#2180);
#2884=STYLED_ITEM('color',(#2805),#2191);
#2885=STYLED_ITEM('color',(#2805),#2200);
#2886=STYLED_ITEM('color',(#2805),#2210);
#2887=STYLED_ITEM('color',(#2805),#2220);
#2888=STYLED_ITEM('color',(#2805),#2230);
#2889=STYLED_ITEM('color',(#2805),#2240);
#2890=STYLED_ITEM('color',(#2805),#2249);
#2891=STYLED_ITEM('color',(#2805),#2259);
#2892=STYLED_ITEM('color',(#2805),#2269);
#2893=STYLED_ITEM('color',(#2805),#2278);
#2894=STYLED_ITEM('color',(#2805),#2288);
#2895=STYLED_ITEM('color',(#2805),#2298);
#2896=STYLED_ITEM('color',(#2805),#2308);
#2897=STYLED_ITEM('color',(#2805),#2318);
#2898=STYLED_ITEM('color',(#2805),#2326);
#2899=STYLED_ITEM('color',(#2805),#2336);
#2900=STYLED_ITEM('color',(#2805),#2346);
#2901=STYLED_ITEM('color',(#2805),#2355);
#2902=STYLED_ITEM('color',(#2805),#2365);
#2903=STYLED_ITEM('color',(#2805),#2375);
#2904=STYLED_ITEM('color',(#2805),#2385);
#2905=STYLED_ITEM('color',(#2805),#2395);
#2906=STYLED_ITEM('color',(#2805),#2403);
#2907=STYLED_ITEM('color',(#2805),#2413);
#2908=STYLED_ITEM('color',(#2805),#2422);
#2909=STYLED_ITEM('color',(#2805),#2432);
#2910=STYLED_ITEM('color',(#2805),#2442);
#2911=STYLED_ITEM('color',(#2805),#2452);
#2912=STYLED_ITEM('color',(#2805),#2462);
#2913=STYLED_ITEM('color',(#2805),#2470);
#2914=STYLED_ITEM('color',(#2805),#2481);
#2915=STYLED_ITEM('color',(#2805),#2490);
#2916=STYLED_ITEM('color',(#2805),#2500);
#2917=STYLED_ITEM('color',(#2805),#2510);
#2918=STYLED_ITEM('color',(#2805),#2520);
#2919=STYLED_ITEM('color',(#2805),#2530);
#2920=STYLED_ITEM('color',(#2805),#2539);
#2921=STYLED_ITEM('color',(#2805),#2549);
#2922=STYLED_ITEM('color',(#2805),#2559);
#2923=STYLED_ITEM('color',(#2805),#2568);
#2924=STYLED_ITEM('color',(#2805),#2578);
#2925=STYLED_ITEM('color',(#2805),#2588);
#2926=STYLED_ITEM('color',(#2805),#2598);
#2927=STYLED_ITEM('color',(#2805),#2608);
#2928=STYLED_ITEM('color',(#2805),#2616);
#2929=STYLED_ITEM('color',(#2805),#2626);
#2930=STYLED_ITEM('color',(#2805),#2636);
#2931=STYLED_ITEM('color',(#2805),#2645);
#2932=STYLED_ITEM('color',(#2805),#2655);
#2933=STYLED_ITEM('color',(#2805),#2665);
#2934=STYLED_ITEM('color',(#2805),#2675);
#2935=STYLED_ITEM('color',(#2805),#2685);
#2936=STYLED_ITEM('color',(#2805),#2693);
#2937=STYLED_ITEM('color',(#2805),#2703);
#2938=STYLED_ITEM('color',(#2805),#2713);
#2939=STYLED_ITEM('color',(#2805),#2722);
#2940=STYLED_ITEM('color',(#2805),#2732);
#2941=STYLED_ITEM('color',(#2805),#2742);
#2942=STYLED_ITEM('color',(#2805),#2752);
#2943=STYLED_ITEM('color',(#2805),#2762);
#2944=STYLED_ITEM('color',(#2945),#2770);
#2945=PRESENTATION_STYLE_ASSIGNMENT((#2946,#2952));
#2946=SURFACE_STYLE_USAGE(.BOTH.,#2947);
#2947=SURFACE_SIDE_STYLE('',(#2948));
#2948=SURFACE_STYLE_FILL_AREA(#2949);
#2949=FILL_AREA_STYLE('',(#2950));
#2950=FILL_AREA_STYLE_COLOUR('',#2951);
#2951=COLOUR_RGB('',0.690999998585,0.664000007176,0.597999987832);
#2952=CURVE_STYLE('',#2790,POSITIVE_LENGTH_MEASURE(0.1),#2951);
ENDSEC;
END-ISO-10303-21;
