ISO-10303-21;
HEADER;
/* SOP-16_3.9x9.9mm_P1.27mm.step 3D STEP model for use in ECAD systems
 * Copyright (C) 2025, KiCAD
 *
 * This work is licensed under the
 * [Creative Commons CC-BY-SA 4.0 License](https://creativecommons.org/licenses/by-sa/4.0/legalcode),
 * with the following exception:
 *
 * To the extent that the creation of electronic designs that use 'Licensed Material' can be
 * considered to be 'Adapted Material', then the copyright holder waives article 3 of the license
 * with respect to these designs and any generated files which use data provided as part of the
 * 'Licensed Material'.
 *
 * You are free to use the library data in your own projects without the obligation to share your
 * project files under this or any other license agreement. However, if you wish to distribute
 * these libraries, or parts thereof (including in modified form) as a collection then the exception
 * above does not apply. Please refer to
 * https://gitlab.com/kicad/libraries/kicad-packages3D/-/blob/master/LICENSE.md for further clarification
 * of the exception.
 *
 * Disclaimer of Warranties and Limitation of Liability.
 * These libraries are provided in the hope that they will be useful, but are provided without warranty of any kind, express or implied.
 * USE 3D CAD DATA AT YOUR OWN RISK
 * DO NOT RELY UPON ANY INFORMATION FOUND HERE WITHOUT INDEPENDENT VERIFICATION.
 */

FILE_DESCRIPTION(
/* description */ ('model of SOP-16_3.9x9.9mm_P1.27mm'),
/* implementation_level */ '2;1');

FILE_NAME(
/* name */ 'SOP-16_3.9x9.9mm_P1.27mm.step',
/* time_stamp */ '1970-01-01T00:00:00',
/* author */ ('KiCAD','kicad'),
/* organization */ ('OCCT'),
/* preprocessor_version */ '',
/* originating_system */ 'KiCAD',
/* authorisation */ '');

FILE_SCHEMA(('AUTOMOTIVE_DESIGN { 1 0 10303 214 1 1 1 1 }'));
ENDSEC;

DATA;
#1=APPLICATION_PROTOCOL_DEFINITION('international standard','automotive_design',2000,#2);
#2=APPLICATION_CONTEXT('core data for automotive mechanical design processes');
#3=SHAPE_DEFINITION_REPRESENTATION(#4,#10);
#4=PRODUCT_DEFINITION_SHAPE('','',#5);
#5=PRODUCT_DEFINITION('design','',#6,#9);
#6=PRODUCT_DEFINITION_FORMATION('','',#7);
#7=PRODUCT('SOP-16_3.9x9.9mm_P1.27mm','SOP-16_3.9x9.9mm_P1.27mm','',(#8));
#8=PRODUCT_CONTEXT('',#2,'mechanical');
#9=PRODUCT_DEFINITION_CONTEXT('part definition',#2,'design');
#10=ADVANCED_BREP_SHAPE_REPRESENTATION('',(#11,#15),#5053);
#11=AXIS2_PLACEMENT_3D('',#12,#13,#14);
#12=CARTESIAN_POINT('',(0.,0.,0.));
#13=DIRECTION('',(0.,0.,1.));
#14=DIRECTION('',(1.,0.,-0.));
#15=MANIFOLD_SOLID_BREP('',#16);
#16=CLOSED_SHELL('',(#17,#42,#95,#108,#127,#140,#217,#294,#307,#320,#329,#344,#405,#416,#435,#456,#474,#495,#513,#534,#552,#573,#591,#612,#630,#651,#669,#690,#708,#729,#739,#751,#772,#790,#811,#829,#850,#868,#889,#907,#928,#946,#967,#985,#1006,#1024,#1045,#1062,#1077,#1092,#1103,#1126,#1204,#1218,#1232,#1246,#1324,#1344,#1375,#1441,#1457,#1510,#1521,#1581,#1597,#1650,#1661,#1721,#1737,#1790,#1801,#1861,#1877,#1930,#1941,#2001,#2017,#2070,#2081,#2141,#2157,#2210,#2221,#2281,#2297,#2350,#2358,#2416,#2432,#2480,#2544,#2560,#2608,#2618,#2678,#2694,#2747,#2758,#2818,#2834,#2887,#2898,#2958,#2974,#3027,#3038,#3098,#3114,#3167,#3178,#3238,#3254,#3307,#3318,#3378,#3394,#3447,#3458,#3518,#3534,#3585,#3595,#3607,#3619,#3631,#3643,#3655,#3667,#3679,#3712,#3722,#3734,#3746,#3758,#3770,#3782,#3794,#3806,#3816,#3826,#3834,#3844,#3855,#3864,#3874,#3884,#3894,#3904,#3913,#3923,#3933,#3942,#3952,#3962,#3972,#3982,#3990,#4000,#4010,#4019,#4029,#4039,#4049,#4059,#4067,#4077,#4087,#4096,#4106,#4116,#4126,#4136,#4144,#4154,#4164,#4173,#4183,#4193,#4203,#4213,#4221,#4231,#4241,#4250,#4260,#4270,#4280,#4290,#4298,#4308,#4318,#4327,#4337,#4347,#4357,#4367,#4375,#4385,#4394,#4404,#4414,#4424,#4434,#4442,#4453,#4462,#4472,#4482,#4492,#4502,#4511,#4521,#4531,#4540,#4550,#4560,#4570,#4580,#4588,#4598,#4608,#4617,#4627,#4637,#4647,#4657,#4665,#4675,#4685,#4694,#4704,#4714,#4724,#4734,#4742,#4752,#4762,#4771,#4781,#4791,#4801,#4811,#4819,#4829,#4839,#4848,#4858,#4868,#4878,#4888,#4896,#4906,#4916,#4925,#4935,#4945,#4955,#4965,#4973,#4983,#4993,#5002,#5012,#5022,#5032,#5042,#5050));
#17=ADVANCED_FACE('',(#18),#41,.F.);
#18=FACE_BOUND('',#19,.F.);
#19=EDGE_LOOP('',(#20,#28,#33,#38));
#20=ORIENTED_EDGE('',*,*,#21,.T.);
#21=EDGE_CURVE('',#22,#24,#26,.T.);
#22=VERTEX_POINT('',#23);
#23=CARTESIAN_POINT('',(-1.727174773624,4.854349547248,0.1));
#24=VERTEX_POINT('',#25);
#25=CARTESIAN_POINT('',(1.727174773624,4.854349547248,0.1));
#26=LINE('',#23,#27);
#27=VECTOR('',#14,1.);
#28=ORIENTED_EDGE('',*,*,#29,.T.);
#29=EDGE_CURVE('',#24,#30,#32,.T.);
#30=VERTEX_POINT('',#31);
#31=CARTESIAN_POINT('',(1.775,4.95,0.55));
#32=B_SPLINE_CURVE_WITH_KNOTS('',1,(#25,#31),.UNSPECIFIED.,.F.,.F.,(2,2),(0.,1.),.PIECEWISE_BEZIER_KNOTS.);
#33=ORIENTED_EDGE('',*,*,#34,.F.);
#34=EDGE_CURVE('',#35,#30,#37,.T.);
#35=VERTEX_POINT('',#36);
#36=CARTESIAN_POINT('',(-1.775,4.95,0.55));
#37=LINE('',#36,#27);
#38=ORIENTED_EDGE('',*,*,#39,.F.);
#39=EDGE_CURVE('',#22,#35,#40,.T.);
#40=B_SPLINE_CURVE_WITH_KNOTS('',1,(#23,#36),.UNSPECIFIED.,.F.,.F.,(2,2),(0.,1.),.PIECEWISE_BEZIER_KNOTS.);
#41=B_SPLINE_SURFACE_WITH_KNOTS('',1,1,((#23,#36),(#25,#31)),.UNSPECIFIED.,.F.,.F.,.F.,(2,2),(2,2),(0.,3.55),(0.,1.),.PIECEWISE_BEZIER_KNOTS.);
#42=ADVANCED_FACE('',(#43),#92,.F.);
#43=FACE_BOUND('',#44,.T.);
#44=EDGE_LOOP('',(#20,#45,#52,#59,#66,#73,#80,#87));
#45=ORIENTED_EDGE('',*,*,#46,.T.);
#46=EDGE_CURVE('',#24,#47,#49,.T.);
#47=VERTEX_POINT('',#48);
#48=CARTESIAN_POINT('',(1.854349547248,4.727174773624,0.1));
#49=LINE('',#25,#50);
#50=VECTOR('',#51,1.);
#51=DIRECTION('',(0.707106781187,-0.707106781187,0.));
#52=ORIENTED_EDGE('',*,*,#53,.T.);
#53=EDGE_CURVE('',#47,#54,#56,.T.);
#54=VERTEX_POINT('',#55);
#55=CARTESIAN_POINT('',(1.854349547248,-4.727174773624,0.1));
#56=LINE('',#48,#57);
#57=VECTOR('',#58,1.);
#58=DIRECTION('',(1.110223024625E-16,-1.,0.));
#59=ORIENTED_EDGE('',*,*,#60,.T.);
#60=EDGE_CURVE('',#54,#61,#63,.T.);
#61=VERTEX_POINT('',#62);
#62=CARTESIAN_POINT('',(1.727174773624,-4.854349547248,0.1));
#63=LINE('',#55,#64);
#64=VECTOR('',#65,1.);
#65=DIRECTION('',(-0.707106781187,-0.707106781187,0.));
#66=ORIENTED_EDGE('',*,*,#67,.T.);
#67=EDGE_CURVE('',#61,#68,#70,.T.);
#68=VERTEX_POINT('',#69);
#69=CARTESIAN_POINT('',(-1.727174773624,-4.854349547248,0.1));
#70=LINE('',#62,#71);
#71=VECTOR('',#72,1.);
#72=DIRECTION('',(-1.,-1.110223024625E-16,0.));
#73=ORIENTED_EDGE('',*,*,#74,.T.);
#74=EDGE_CURVE('',#68,#75,#77,.T.);
#75=VERTEX_POINT('',#76);
#76=CARTESIAN_POINT('',(-1.854349547248,-4.727174773624,0.1));
#77=LINE('',#69,#78);
#78=VECTOR('',#79,1.);
#79=DIRECTION('',(-0.707106781187,0.707106781187,0.));
#80=ORIENTED_EDGE('',*,*,#81,.T.);
#81=EDGE_CURVE('',#75,#82,#84,.T.);
#82=VERTEX_POINT('',#83);
#83=CARTESIAN_POINT('',(-1.854349547248,4.727174773624,0.1));
#84=LINE('',#76,#85);
#85=VECTOR('',#86,1.);
#86=DIRECTION('',(-1.110223024625E-16,1.,0.));
#87=ORIENTED_EDGE('',*,*,#88,.T.);
#88=EDGE_CURVE('',#82,#22,#89,.T.);
#89=LINE('',#83,#90);
#90=VECTOR('',#91,1.);
#91=DIRECTION('',(0.707106781187,0.707106781187,0.));
#92=PLANE('',#93);
#93=AXIS2_PLACEMENT_3D('',#23,#13,#94);
#94=DIRECTION('',(0.335213632522,-0.942142144568,0.));
#95=ADVANCED_FACE('',(#96),#107,.F.);
#96=FACE_BOUND('',#97,.F.);
#97=EDGE_LOOP('',(#45,#98,#103,#106));
#98=ORIENTED_EDGE('',*,*,#99,.T.);
#99=EDGE_CURVE('',#47,#100,#102,.T.);
#100=VERTEX_POINT('',#101);
#101=CARTESIAN_POINT('',(1.95,4.775,0.55));
#102=B_SPLINE_CURVE_WITH_KNOTS('',1,(#48,#101),.UNSPECIFIED.,.F.,.F.,(2,2),(0.,1.),.PIECEWISE_BEZIER_KNOTS.);
#103=ORIENTED_EDGE('',*,*,#104,.F.);
#104=EDGE_CURVE('',#30,#100,#105,.T.);
#105=LINE('',#31,#50);
#106=ORIENTED_EDGE('',*,*,#29,.F.);
#107=B_SPLINE_SURFACE_WITH_KNOTS('',1,1,((#25,#31),(#48,#101)),.UNSPECIFIED.,.F.,.F.,.F.,(2,2),(2,2),(0.,0.247487373415),(0.,1.),.PIECEWISE_BEZIER_KNOTS.);
#108=ADVANCED_FACE('',(#109),#125,.F.);
#109=FACE_BOUND('',#110,.F.);
#110=EDGE_LOOP('',(#111,#112,#117,#122));
#111=ORIENTED_EDGE('',*,*,#34,.T.);
#112=ORIENTED_EDGE('',*,*,#113,.T.);
#113=EDGE_CURVE('',#30,#114,#116,.T.);
#114=VERTEX_POINT('',#115);
#115=CARTESIAN_POINT('',(1.775,4.95,0.75));
#116=B_SPLINE_CURVE_WITH_KNOTS('',1,(#31,#115),.UNSPECIFIED.,.F.,.F.,(2,2),(0.,1.),.PIECEWISE_BEZIER_KNOTS.);
#117=ORIENTED_EDGE('',*,*,#118,.F.);
#118=EDGE_CURVE('',#119,#114,#121,.T.);
#119=VERTEX_POINT('',#120);
#120=CARTESIAN_POINT('',(-1.775,4.95,0.75));
#121=LINE('',#120,#27);
#122=ORIENTED_EDGE('',*,*,#123,.F.);
#123=EDGE_CURVE('',#35,#119,#124,.T.);
#124=B_SPLINE_CURVE_WITH_KNOTS('',1,(#36,#120),.UNSPECIFIED.,.F.,.F.,(2,2),(0.,1.),.PIECEWISE_BEZIER_KNOTS.);
#125=PLANE('',#126);
#126=AXIS2_PLACEMENT_3D('',#120,#58,#14);
#127=ADVANCED_FACE('',(#128),#139,.F.);
#128=FACE_BOUND('',#129,.F.);
#129=EDGE_LOOP('',(#87,#130,#131,#136));
#130=ORIENTED_EDGE('',*,*,#39,.T.);
#131=ORIENTED_EDGE('',*,*,#132,.F.);
#132=EDGE_CURVE('',#133,#35,#135,.T.);
#133=VERTEX_POINT('',#134);
#134=CARTESIAN_POINT('',(-1.95,4.775,0.55));
#135=LINE('',#134,#90);
#136=ORIENTED_EDGE('',*,*,#137,.F.);
#137=EDGE_CURVE('',#82,#133,#138,.T.);
#138=B_SPLINE_CURVE_WITH_KNOTS('',1,(#83,#134),.UNSPECIFIED.,.F.,.F.,(2,2),(0.,1.),.PIECEWISE_BEZIER_KNOTS.);
#139=B_SPLINE_SURFACE_WITH_KNOTS('',1,1,((#83,#134),(#23,#36)),.UNSPECIFIED.,.F.,.F.,.F.,(2,2),(2,2),(0.,0.247487373415),(0.,1.),.PIECEWISE_BEZIER_KNOTS.);
#140=ADVANCED_FACE('',(#141),#216,.F.);
#141=FACE_BOUND('',#142,.F.);
#142=EDGE_LOOP('',(#80,#143,#144,#150,#154,#158,#162,#166,#170,#174,#178,#182,#186,#190,#194,#198,#202,#206,#210,#213));
#143=ORIENTED_EDGE('',*,*,#137,.T.);
#144=ORIENTED_EDGE('',*,*,#145,.F.);
#145=EDGE_CURVE('',#146,#133,#148,.T.);
#146=VERTEX_POINT('',#147);
#147=CARTESIAN_POINT('',(-1.95,4.645,0.55));
#148=LINE('',#149,#85);
#149=CARTESIAN_POINT('',(-1.95,-4.775,0.55));
#150=ORIENTED_EDGE('',*,*,#151,.F.);
#151=EDGE_CURVE('',#152,#146,#148,.T.);
#152=VERTEX_POINT('',#153);
#153=CARTESIAN_POINT('',(-1.95,4.245,0.55));
#154=ORIENTED_EDGE('',*,*,#155,.F.);
#155=EDGE_CURVE('',#156,#152,#148,.T.);
#156=VERTEX_POINT('',#157);
#157=CARTESIAN_POINT('',(-1.95,3.375,0.55));
#158=ORIENTED_EDGE('',*,*,#159,.F.);
#159=EDGE_CURVE('',#160,#156,#148,.T.);
#160=VERTEX_POINT('',#161);
#161=CARTESIAN_POINT('',(-1.95,2.975,0.55));
#162=ORIENTED_EDGE('',*,*,#163,.F.);
#163=EDGE_CURVE('',#164,#160,#148,.T.);
#164=VERTEX_POINT('',#165);
#165=CARTESIAN_POINT('',(-1.95,2.105,0.55));
#166=ORIENTED_EDGE('',*,*,#167,.F.);
#167=EDGE_CURVE('',#168,#164,#148,.T.);
#168=VERTEX_POINT('',#169);
#169=CARTESIAN_POINT('',(-1.95,1.705,0.55));
#170=ORIENTED_EDGE('',*,*,#171,.F.);
#171=EDGE_CURVE('',#172,#168,#148,.T.);
#172=VERTEX_POINT('',#173);
#173=CARTESIAN_POINT('',(-1.95,0.835,0.55));
#174=ORIENTED_EDGE('',*,*,#175,.F.);
#175=EDGE_CURVE('',#176,#172,#148,.T.);
#176=VERTEX_POINT('',#177);
#177=CARTESIAN_POINT('',(-1.95,0.435,0.55));
#178=ORIENTED_EDGE('',*,*,#179,.F.);
#179=EDGE_CURVE('',#180,#176,#148,.T.);
#180=VERTEX_POINT('',#181);
#181=CARTESIAN_POINT('',(-1.95,-0.435,0.55));
#182=ORIENTED_EDGE('',*,*,#183,.F.);
#183=EDGE_CURVE('',#184,#180,#148,.T.);
#184=VERTEX_POINT('',#185);
#185=CARTESIAN_POINT('',(-1.95,-0.835,0.55));
#186=ORIENTED_EDGE('',*,*,#187,.F.);
#187=EDGE_CURVE('',#188,#184,#148,.T.);
#188=VERTEX_POINT('',#189);
#189=CARTESIAN_POINT('',(-1.95,-1.705,0.55));
#190=ORIENTED_EDGE('',*,*,#191,.F.);
#191=EDGE_CURVE('',#192,#188,#148,.T.);
#192=VERTEX_POINT('',#193);
#193=CARTESIAN_POINT('',(-1.95,-2.105,0.55));
#194=ORIENTED_EDGE('',*,*,#195,.F.);
#195=EDGE_CURVE('',#196,#192,#148,.T.);
#196=VERTEX_POINT('',#197);
#197=CARTESIAN_POINT('',(-1.95,-2.975,0.55));
#198=ORIENTED_EDGE('',*,*,#199,.F.);
#199=EDGE_CURVE('',#200,#196,#148,.T.);
#200=VERTEX_POINT('',#201);
#201=CARTESIAN_POINT('',(-1.95,-3.375,0.55));
#202=ORIENTED_EDGE('',*,*,#203,.F.);
#203=EDGE_CURVE('',#204,#200,#148,.T.);
#204=VERTEX_POINT('',#205);
#205=CARTESIAN_POINT('',(-1.95,-4.245,0.55));
#206=ORIENTED_EDGE('',*,*,#207,.F.);
#207=EDGE_CURVE('',#208,#204,#148,.T.);
#208=VERTEX_POINT('',#209);
#209=CARTESIAN_POINT('',(-1.95,-4.645,0.55));
#210=ORIENTED_EDGE('',*,*,#211,.F.);
#211=EDGE_CURVE('',#212,#208,#148,.T.);
#212=VERTEX_POINT('',#149);
#213=ORIENTED_EDGE('',*,*,#214,.F.);
#214=EDGE_CURVE('',#75,#212,#215,.T.);
#215=B_SPLINE_CURVE_WITH_KNOTS('',1,(#76,#149),.UNSPECIFIED.,.F.,.F.,(2,2),(0.,1.),.PIECEWISE_BEZIER_KNOTS.);
#216=B_SPLINE_SURFACE_WITH_KNOTS('',1,1,((#76,#149),(#83,#134)),.UNSPECIFIED.,.F.,.F.,.F.,(2,2),(2,2),(0.,9.55),(0.,1.),.PIECEWISE_BEZIER_KNOTS.);
#217=ADVANCED_FACE('',(#218),#293,.F.);
#218=FACE_BOUND('',#219,.F.);
#219=EDGE_LOOP('',(#52,#220,#225,#230,#234,#238,#242,#246,#250,#254,#258,#262,#266,#270,#274,#278,#282,#286,#290,#292));
#220=ORIENTED_EDGE('',*,*,#221,.T.);
#221=EDGE_CURVE('',#54,#222,#224,.T.);
#222=VERTEX_POINT('',#223);
#223=CARTESIAN_POINT('',(1.95,-4.775,0.55));
#224=B_SPLINE_CURVE_WITH_KNOTS('',1,(#55,#223),.UNSPECIFIED.,.F.,.F.,(2,2),(0.,1.),.PIECEWISE_BEZIER_KNOTS.);
#225=ORIENTED_EDGE('',*,*,#226,.F.);
#226=EDGE_CURVE('',#227,#222,#229,.T.);
#227=VERTEX_POINT('',#228);
#228=CARTESIAN_POINT('',(1.95,-4.645,0.55));
#229=LINE('',#101,#57);
#230=ORIENTED_EDGE('',*,*,#231,.F.);
#231=EDGE_CURVE('',#232,#227,#229,.T.);
#232=VERTEX_POINT('',#233);
#233=CARTESIAN_POINT('',(1.95,-4.245,0.55));
#234=ORIENTED_EDGE('',*,*,#235,.F.);
#235=EDGE_CURVE('',#236,#232,#229,.T.);
#236=VERTEX_POINT('',#237);
#237=CARTESIAN_POINT('',(1.95,-3.375,0.55));
#238=ORIENTED_EDGE('',*,*,#239,.F.);
#239=EDGE_CURVE('',#240,#236,#229,.T.);
#240=VERTEX_POINT('',#241);
#241=CARTESIAN_POINT('',(1.95,-2.975,0.55));
#242=ORIENTED_EDGE('',*,*,#243,.F.);
#243=EDGE_CURVE('',#244,#240,#229,.T.);
#244=VERTEX_POINT('',#245);
#245=CARTESIAN_POINT('',(1.95,-2.105,0.55));
#246=ORIENTED_EDGE('',*,*,#247,.F.);
#247=EDGE_CURVE('',#248,#244,#229,.T.);
#248=VERTEX_POINT('',#249);
#249=CARTESIAN_POINT('',(1.95,-1.705,0.55));
#250=ORIENTED_EDGE('',*,*,#251,.F.);
#251=EDGE_CURVE('',#252,#248,#229,.T.);
#252=VERTEX_POINT('',#253);
#253=CARTESIAN_POINT('',(1.95,-0.835,0.55));
#254=ORIENTED_EDGE('',*,*,#255,.F.);
#255=EDGE_CURVE('',#256,#252,#229,.T.);
#256=VERTEX_POINT('',#257);
#257=CARTESIAN_POINT('',(1.95,-0.435,0.55));
#258=ORIENTED_EDGE('',*,*,#259,.F.);
#259=EDGE_CURVE('',#260,#256,#229,.T.);
#260=VERTEX_POINT('',#261);
#261=CARTESIAN_POINT('',(1.95,0.435,0.55));
#262=ORIENTED_EDGE('',*,*,#263,.F.);
#263=EDGE_CURVE('',#264,#260,#229,.T.);
#264=VERTEX_POINT('',#265);
#265=CARTESIAN_POINT('',(1.95,0.835,0.55));
#266=ORIENTED_EDGE('',*,*,#267,.F.);
#267=EDGE_CURVE('',#268,#264,#229,.T.);
#268=VERTEX_POINT('',#269);
#269=CARTESIAN_POINT('',(1.95,1.705,0.55));
#270=ORIENTED_EDGE('',*,*,#271,.F.);
#271=EDGE_CURVE('',#272,#268,#229,.T.);
#272=VERTEX_POINT('',#273);
#273=CARTESIAN_POINT('',(1.95,2.105,0.55));
#274=ORIENTED_EDGE('',*,*,#275,.F.);
#275=EDGE_CURVE('',#276,#272,#229,.T.);
#276=VERTEX_POINT('',#277);
#277=CARTESIAN_POINT('',(1.95,2.975,0.55));
#278=ORIENTED_EDGE('',*,*,#279,.F.);
#279=EDGE_CURVE('',#280,#276,#229,.T.);
#280=VERTEX_POINT('',#281);
#281=CARTESIAN_POINT('',(1.95,3.375,0.55));
#282=ORIENTED_EDGE('',*,*,#283,.F.);
#283=EDGE_CURVE('',#284,#280,#229,.T.);
#284=VERTEX_POINT('',#285);
#285=CARTESIAN_POINT('',(1.95,4.245,0.55));
#286=ORIENTED_EDGE('',*,*,#287,.F.);
#287=EDGE_CURVE('',#288,#284,#229,.T.);
#288=VERTEX_POINT('',#289);
#289=CARTESIAN_POINT('',(1.95,4.645,0.55));
#290=ORIENTED_EDGE('',*,*,#291,.F.);
#291=EDGE_CURVE('',#100,#288,#229,.T.);
#292=ORIENTED_EDGE('',*,*,#99,.F.);
#293=B_SPLINE_SURFACE_WITH_KNOTS('',1,1,((#48,#101),(#55,#223)),.UNSPECIFIED.,.F.,.F.,.F.,(2,2),(2,2),(0.,9.55),(0.,1.),.PIECEWISE_BEZIER_KNOTS.);
#294=ADVANCED_FACE('',(#295),#306,.F.);
#295=FACE_BOUND('',#296,.F.);
#296=EDGE_LOOP('',(#73,#297,#298,#303));
#297=ORIENTED_EDGE('',*,*,#214,.T.);
#298=ORIENTED_EDGE('',*,*,#299,.F.);
#299=EDGE_CURVE('',#300,#212,#302,.T.);
#300=VERTEX_POINT('',#301);
#301=CARTESIAN_POINT('',(-1.775,-4.95,0.55));
#302=LINE('',#301,#78);
#303=ORIENTED_EDGE('',*,*,#304,.F.);
#304=EDGE_CURVE('',#68,#300,#305,.T.);
#305=B_SPLINE_CURVE_WITH_KNOTS('',1,(#69,#301),.UNSPECIFIED.,.F.,.F.,(2,2),(0.,1.),.PIECEWISE_BEZIER_KNOTS.);
#306=B_SPLINE_SURFACE_WITH_KNOTS('',1,1,((#69,#301),(#76,#149)),.UNSPECIFIED.,.F.,.F.,.F.,(2,2),(2,2),(0.,0.247487373415),(0.,1.),.PIECEWISE_BEZIER_KNOTS.);
#307=ADVANCED_FACE('',(#308),#319,.F.);
#308=FACE_BOUND('',#309,.F.);
#309=EDGE_LOOP('',(#59,#310,#315,#318));
#310=ORIENTED_EDGE('',*,*,#311,.T.);
#311=EDGE_CURVE('',#61,#312,#314,.T.);
#312=VERTEX_POINT('',#313);
#313=CARTESIAN_POINT('',(1.775,-4.95,0.55));
#314=B_SPLINE_CURVE_WITH_KNOTS('',1,(#62,#313),.UNSPECIFIED.,.F.,.F.,(2,2),(0.,1.),.PIECEWISE_BEZIER_KNOTS.);
#315=ORIENTED_EDGE('',*,*,#316,.F.);
#316=EDGE_CURVE('',#222,#312,#317,.T.);
#317=LINE('',#223,#64);
#318=ORIENTED_EDGE('',*,*,#221,.F.);
#319=B_SPLINE_SURFACE_WITH_KNOTS('',1,1,((#55,#223),(#62,#313)),.UNSPECIFIED.,.F.,.F.,.F.,(2,2),(2,2),(0.,0.247487373415),(0.,1.),.PIECEWISE_BEZIER_KNOTS.);
#320=ADVANCED_FACE('',(#321),#328,.F.);
#321=FACE_BOUND('',#322,.F.);
#322=EDGE_LOOP('',(#66,#323,#324,#327));
#323=ORIENTED_EDGE('',*,*,#304,.T.);
#324=ORIENTED_EDGE('',*,*,#325,.F.);
#325=EDGE_CURVE('',#312,#300,#326,.T.);
#326=LINE('',#313,#71);
#327=ORIENTED_EDGE('',*,*,#311,.F.);
#328=B_SPLINE_SURFACE_WITH_KNOTS('',1,1,((#62,#313),(#69,#301)),.UNSPECIFIED.,.F.,.F.,.F.,(2,2),(2,2),(0.,3.55),(0.,1.),.PIECEWISE_BEZIER_KNOTS.);
#329=ADVANCED_FACE('',(#330),#342,.F.);
#330=FACE_BOUND('',#331,.F.);
#331=EDGE_LOOP('',(#332,#333,#338,#341));
#332=ORIENTED_EDGE('',*,*,#104,.T.);
#333=ORIENTED_EDGE('',*,*,#334,.T.);
#334=EDGE_CURVE('',#100,#335,#337,.T.);
#335=VERTEX_POINT('',#336);
#336=CARTESIAN_POINT('',(1.95,4.775,0.75));
#337=B_SPLINE_CURVE_WITH_KNOTS('',1,(#101,#336),.UNSPECIFIED.,.F.,.F.,(2,2),(0.,1.),.PIECEWISE_BEZIER_KNOTS.);
#338=ORIENTED_EDGE('',*,*,#339,.F.);
#339=EDGE_CURVE('',#114,#335,#340,.T.);
#340=LINE('',#115,#50);
#341=ORIENTED_EDGE('',*,*,#113,.F.);
#342=PLANE('',#343);
#343=AXIS2_PLACEMENT_3D('',#115,#65,#51);
#344=ADVANCED_FACE('',(#345),#401,.F.);
#345=FACE_BOUND('',#346,.F.);
#346=EDGE_LOOP('',(#347,#352,#353,#354,#359,#365,#370,#375,#380,#385,#391,#397));
#347=ORIENTED_EDGE('',*,*,#348,.T.);
#348=EDGE_CURVE('',#349,#119,#351,.T.);
#349=VERTEX_POINT('',#350);
#350=CARTESIAN_POINT('',(-1.95,4.775,0.75));
#351=LINE('',#350,#90);
#352=ORIENTED_EDGE('',*,*,#118,.T.);
#353=ORIENTED_EDGE('',*,*,#339,.T.);
#354=ORIENTED_EDGE('',*,*,#355,.T.);
#355=EDGE_CURVE('',#335,#356,#358,.T.);
#356=VERTEX_POINT('',#357);
#357=CARTESIAN_POINT('',(1.95,4.645,0.75));
#358=LINE('',#336,#57);
#359=ORIENTED_EDGE('',*,*,#360,.T.);
#360=EDGE_CURVE('',#356,#361,#363,.T.);
#361=VERTEX_POINT('',#362);
#362=CARTESIAN_POINT('',(1.875,4.645,0.75));
#363=LINE('',#364,#71);
#364=CARTESIAN_POINT('',(2.15,4.645,0.75));
#365=ORIENTED_EDGE('',*,*,#366,.F.);
#366=EDGE_CURVE('',#367,#361,#369,.T.);
#367=VERTEX_POINT('',#368);
#368=CARTESIAN_POINT('',(1.875,4.7375,0.75));
#369=LINE('',#368,#57);
#370=ORIENTED_EDGE('',*,*,#371,.F.);
#371=EDGE_CURVE('',#372,#367,#374,.T.);
#372=VERTEX_POINT('',#373);
#373=CARTESIAN_POINT('',(1.7375,4.875,0.75));
#374=LINE('',#373,#50);
#375=ORIENTED_EDGE('',*,*,#376,.F.);
#376=EDGE_CURVE('',#377,#372,#379,.T.);
#377=VERTEX_POINT('',#378);
#378=CARTESIAN_POINT('',(-1.7375,4.875,0.75));
#379=LINE('',#378,#27);
#380=ORIENTED_EDGE('',*,*,#381,.F.);
#381=EDGE_CURVE('',#382,#377,#384,.T.);
#382=VERTEX_POINT('',#383);
#383=CARTESIAN_POINT('',(-1.875,4.7375,0.75));
#384=LINE('',#383,#90);
#385=ORIENTED_EDGE('',*,*,#386,.F.);
#386=EDGE_CURVE('',#387,#382,#389,.T.);
#387=VERTEX_POINT('',#388);
#388=CARTESIAN_POINT('',(-1.875,4.645,0.75));
#389=LINE('',#390,#85);
#390=CARTESIAN_POINT('',(-1.875,-4.7375,0.75));
#391=ORIENTED_EDGE('',*,*,#392,.F.);
#392=EDGE_CURVE('',#393,#387,#395,.T.);
#393=VERTEX_POINT('',#394);
#394=CARTESIAN_POINT('',(-1.95,4.645,0.75));
#395=LINE('',#396,#27);
#396=CARTESIAN_POINT('',(-2.15,4.645,0.75));
#397=ORIENTED_EDGE('',*,*,#398,.T.);
#398=EDGE_CURVE('',#393,#349,#399,.T.);
#399=LINE('',#400,#85);
#400=CARTESIAN_POINT('',(-1.95,-4.775,0.75));
#401=PLANE('',#402);
#402=AXIS2_PLACEMENT_3D('',#403,#404,#14);
#403=CARTESIAN_POINT('',(-5.802635690585E-16,4.9125,0.75));
#404=DIRECTION('',(3.393490644147E-18,-2.446772506061E-17,-1.));
#405=ADVANCED_FACE('',(#406),#414,.F.);
#406=FACE_BOUND('',#407,.F.);
#407=EDGE_LOOP('',(#408,#409,#410,#411));
#408=ORIENTED_EDGE('',*,*,#132,.T.);
#409=ORIENTED_EDGE('',*,*,#123,.T.);
#410=ORIENTED_EDGE('',*,*,#348,.F.);
#411=ORIENTED_EDGE('',*,*,#412,.F.);
#412=EDGE_CURVE('',#133,#349,#413,.T.);
#413=B_SPLINE_CURVE_WITH_KNOTS('',1,(#134,#350),.UNSPECIFIED.,.F.,.F.,(2,2),(0.,1.),.PIECEWISE_BEZIER_KNOTS.);
#414=PLANE('',#415);
#415=AXIS2_PLACEMENT_3D('',#350,#51,#91);
#416=ADVANCED_FACE('',(#417),#433,.F.);
#417=FACE_BOUND('',#418,.F.);
#418=EDGE_LOOP('',(#419,#423,#424,#431));
#419=ORIENTED_EDGE('',*,*,#420,.F.);
#420=EDGE_CURVE('',#212,#421,#422,.T.);
#421=VERTEX_POINT('',#400);
#422=B_SPLINE_CURVE_WITH_KNOTS('',1,(#149,#400),.UNSPECIFIED.,.F.,.F.,(2,2),(0.,1.),.PIECEWISE_BEZIER_KNOTS.);
#423=ORIENTED_EDGE('',*,*,#211,.T.);
#424=ORIENTED_EDGE('',*,*,#425,.T.);
#425=EDGE_CURVE('',#208,#426,#428,.T.);
#426=VERTEX_POINT('',#427);
#427=CARTESIAN_POINT('',(-1.95,-4.645,0.75));
#428=LINE('',#429,#430);
#429=CARTESIAN_POINT('',(-1.95,-4.645,0.556717313971));
#430=VECTOR('',#13,1.);
#431=ORIENTED_EDGE('',*,*,#432,.F.);
#432=EDGE_CURVE('',#421,#426,#399,.T.);
#433=PLANE('',#434);
#434=AXIS2_PLACEMENT_3D('',#400,#14,#86);
#435=ADVANCED_FACE('',(#436),#454,.F.);
#436=FACE_BOUND('',#437,.F.);
#437=EDGE_LOOP('',(#438,#444,#445,#451));
#438=ORIENTED_EDGE('',*,*,#439,.F.);
#439=EDGE_CURVE('',#208,#440,#442,.T.);
#440=VERTEX_POINT('',#441);
#441=CARTESIAN_POINT('',(-2.15,-4.645,0.55));
#442=LINE('',#443,#71);
#443=CARTESIAN_POINT('',(-1.8,-4.645,0.55));
#444=ORIENTED_EDGE('',*,*,#207,.T.);
#445=ORIENTED_EDGE('',*,*,#446,.T.);
#446=EDGE_CURVE('',#204,#447,#449,.T.);
#447=VERTEX_POINT('',#448);
#448=CARTESIAN_POINT('',(-2.15,-4.245,0.55));
#449=LINE('',#450,#71);
#450=CARTESIAN_POINT('',(-1.8,-4.245,0.55));
#451=ORIENTED_EDGE('',*,*,#452,.F.);
#452=EDGE_CURVE('',#440,#447,#453,.T.);
#453=LINE('',#441,#85);
#454=PLANE('',#455);
#455=AXIS2_PLACEMENT_3D('',#443,#13,#72);
#456=ADVANCED_FACE('',(#457),#433,.F.);
#457=FACE_BOUND('',#458,.F.);
#458=EDGE_LOOP('',(#459,#465,#466,#472));
#459=ORIENTED_EDGE('',*,*,#460,.F.);
#460=EDGE_CURVE('',#204,#461,#463,.T.);
#461=VERTEX_POINT('',#462);
#462=CARTESIAN_POINT('',(-1.95,-4.245,0.75));
#463=LINE('',#464,#430);
#464=CARTESIAN_POINT('',(-1.95,-4.245,0.556717313971));
#465=ORIENTED_EDGE('',*,*,#203,.T.);
#466=ORIENTED_EDGE('',*,*,#467,.T.);
#467=EDGE_CURVE('',#200,#468,#470,.T.);
#468=VERTEX_POINT('',#469);
#469=CARTESIAN_POINT('',(-1.95,-3.375,0.75));
#470=LINE('',#471,#430);
#471=CARTESIAN_POINT('',(-1.95,-3.375,0.556717313971));
#472=ORIENTED_EDGE('',*,*,#473,.F.);
#473=EDGE_CURVE('',#461,#468,#399,.T.);
#474=ADVANCED_FACE('',(#475),#493,.F.);
#475=FACE_BOUND('',#476,.F.);
#476=EDGE_LOOP('',(#477,#483,#484,#490));
#477=ORIENTED_EDGE('',*,*,#478,.F.);
#478=EDGE_CURVE('',#200,#479,#481,.T.);
#479=VERTEX_POINT('',#480);
#480=CARTESIAN_POINT('',(-2.15,-3.375,0.55));
#481=LINE('',#482,#71);
#482=CARTESIAN_POINT('',(-1.8,-3.375,0.55));
#483=ORIENTED_EDGE('',*,*,#199,.T.);
#484=ORIENTED_EDGE('',*,*,#485,.T.);
#485=EDGE_CURVE('',#196,#486,#488,.T.);
#486=VERTEX_POINT('',#487);
#487=CARTESIAN_POINT('',(-2.15,-2.975,0.55));
#488=LINE('',#489,#71);
#489=CARTESIAN_POINT('',(-1.8,-2.975,0.55));
#490=ORIENTED_EDGE('',*,*,#491,.F.);
#491=EDGE_CURVE('',#479,#486,#492,.T.);
#492=LINE('',#480,#85);
#493=PLANE('',#494);
#494=AXIS2_PLACEMENT_3D('',#482,#13,#72);
#495=ADVANCED_FACE('',(#496),#433,.F.);
#496=FACE_BOUND('',#497,.F.);
#497=EDGE_LOOP('',(#498,#504,#505,#511));
#498=ORIENTED_EDGE('',*,*,#499,.F.);
#499=EDGE_CURVE('',#196,#500,#502,.T.);
#500=VERTEX_POINT('',#501);
#501=CARTESIAN_POINT('',(-1.95,-2.975,0.75));
#502=LINE('',#503,#430);
#503=CARTESIAN_POINT('',(-1.95,-2.975,0.556717313971));
#504=ORIENTED_EDGE('',*,*,#195,.T.);
#505=ORIENTED_EDGE('',*,*,#506,.T.);
#506=EDGE_CURVE('',#192,#507,#509,.T.);
#507=VERTEX_POINT('',#508);
#508=CARTESIAN_POINT('',(-1.95,-2.105,0.75));
#509=LINE('',#510,#430);
#510=CARTESIAN_POINT('',(-1.95,-2.105,0.556717313971));
#511=ORIENTED_EDGE('',*,*,#512,.F.);
#512=EDGE_CURVE('',#500,#507,#399,.T.);
#513=ADVANCED_FACE('',(#514),#532,.F.);
#514=FACE_BOUND('',#515,.F.);
#515=EDGE_LOOP('',(#516,#522,#523,#529));
#516=ORIENTED_EDGE('',*,*,#517,.F.);
#517=EDGE_CURVE('',#192,#518,#520,.T.);
#518=VERTEX_POINT('',#519);
#519=CARTESIAN_POINT('',(-2.15,-2.105,0.55));
#520=LINE('',#521,#71);
#521=CARTESIAN_POINT('',(-1.8,-2.105,0.55));
#522=ORIENTED_EDGE('',*,*,#191,.T.);
#523=ORIENTED_EDGE('',*,*,#524,.T.);
#524=EDGE_CURVE('',#188,#525,#527,.T.);
#525=VERTEX_POINT('',#526);
#526=CARTESIAN_POINT('',(-2.15,-1.705,0.55));
#527=LINE('',#528,#71);
#528=CARTESIAN_POINT('',(-1.8,-1.705,0.55));
#529=ORIENTED_EDGE('',*,*,#530,.F.);
#530=EDGE_CURVE('',#518,#525,#531,.T.);
#531=LINE('',#519,#85);
#532=PLANE('',#533);
#533=AXIS2_PLACEMENT_3D('',#521,#13,#72);
#534=ADVANCED_FACE('',(#535),#433,.F.);
#535=FACE_BOUND('',#536,.F.);
#536=EDGE_LOOP('',(#537,#543,#544,#550));
#537=ORIENTED_EDGE('',*,*,#538,.F.);
#538=EDGE_CURVE('',#188,#539,#541,.T.);
#539=VERTEX_POINT('',#540);
#540=CARTESIAN_POINT('',(-1.95,-1.705,0.75));
#541=LINE('',#542,#430);
#542=CARTESIAN_POINT('',(-1.95,-1.705,0.556717313971));
#543=ORIENTED_EDGE('',*,*,#187,.T.);
#544=ORIENTED_EDGE('',*,*,#545,.T.);
#545=EDGE_CURVE('',#184,#546,#548,.T.);
#546=VERTEX_POINT('',#547);
#547=CARTESIAN_POINT('',(-1.95,-0.835,0.75));
#548=LINE('',#549,#430);
#549=CARTESIAN_POINT('',(-1.95,-0.835,0.556717313971));
#550=ORIENTED_EDGE('',*,*,#551,.F.);
#551=EDGE_CURVE('',#539,#546,#399,.T.);
#552=ADVANCED_FACE('',(#553),#571,.F.);
#553=FACE_BOUND('',#554,.F.);
#554=EDGE_LOOP('',(#555,#561,#562,#568));
#555=ORIENTED_EDGE('',*,*,#556,.F.);
#556=EDGE_CURVE('',#184,#557,#559,.T.);
#557=VERTEX_POINT('',#558);
#558=CARTESIAN_POINT('',(-2.15,-0.835,0.55));
#559=LINE('',#560,#71);
#560=CARTESIAN_POINT('',(-1.8,-0.835,0.55));
#561=ORIENTED_EDGE('',*,*,#183,.T.);
#562=ORIENTED_EDGE('',*,*,#563,.T.);
#563=EDGE_CURVE('',#180,#564,#566,.T.);
#564=VERTEX_POINT('',#565);
#565=CARTESIAN_POINT('',(-2.15,-0.435,0.55));
#566=LINE('',#567,#71);
#567=CARTESIAN_POINT('',(-1.8,-0.435,0.55));
#568=ORIENTED_EDGE('',*,*,#569,.F.);
#569=EDGE_CURVE('',#557,#564,#570,.T.);
#570=LINE('',#558,#85);
#571=PLANE('',#572);
#572=AXIS2_PLACEMENT_3D('',#560,#13,#72);
#573=ADVANCED_FACE('',(#574),#433,.F.);
#574=FACE_BOUND('',#575,.F.);
#575=EDGE_LOOP('',(#576,#582,#583,#589));
#576=ORIENTED_EDGE('',*,*,#577,.F.);
#577=EDGE_CURVE('',#180,#578,#580,.T.);
#578=VERTEX_POINT('',#579);
#579=CARTESIAN_POINT('',(-1.95,-0.435,0.75));
#580=LINE('',#581,#430);
#581=CARTESIAN_POINT('',(-1.95,-0.435,0.556717313971));
#582=ORIENTED_EDGE('',*,*,#179,.T.);
#583=ORIENTED_EDGE('',*,*,#584,.T.);
#584=EDGE_CURVE('',#176,#585,#587,.T.);
#585=VERTEX_POINT('',#586);
#586=CARTESIAN_POINT('',(-1.95,0.435,0.75));
#587=LINE('',#588,#430);
#588=CARTESIAN_POINT('',(-1.95,0.435,0.556717313971));
#589=ORIENTED_EDGE('',*,*,#590,.F.);
#590=EDGE_CURVE('',#578,#585,#399,.T.);
#591=ADVANCED_FACE('',(#592),#610,.F.);
#592=FACE_BOUND('',#593,.F.);
#593=EDGE_LOOP('',(#594,#600,#601,#607));
#594=ORIENTED_EDGE('',*,*,#595,.F.);
#595=EDGE_CURVE('',#176,#596,#598,.T.);
#596=VERTEX_POINT('',#597);
#597=CARTESIAN_POINT('',(-2.15,0.435,0.55));
#598=LINE('',#599,#71);
#599=CARTESIAN_POINT('',(-1.8,0.435,0.55));
#600=ORIENTED_EDGE('',*,*,#175,.T.);
#601=ORIENTED_EDGE('',*,*,#602,.T.);
#602=EDGE_CURVE('',#172,#603,#605,.T.);
#603=VERTEX_POINT('',#604);
#604=CARTESIAN_POINT('',(-2.15,0.835,0.55));
#605=LINE('',#606,#71);
#606=CARTESIAN_POINT('',(-1.8,0.835,0.55));
#607=ORIENTED_EDGE('',*,*,#608,.F.);
#608=EDGE_CURVE('',#596,#603,#609,.T.);
#609=LINE('',#597,#85);
#610=PLANE('',#611);
#611=AXIS2_PLACEMENT_3D('',#599,#13,#72);
#612=ADVANCED_FACE('',(#613),#433,.F.);
#613=FACE_BOUND('',#614,.F.);
#614=EDGE_LOOP('',(#615,#621,#622,#628));
#615=ORIENTED_EDGE('',*,*,#616,.F.);
#616=EDGE_CURVE('',#172,#617,#619,.T.);
#617=VERTEX_POINT('',#618);
#618=CARTESIAN_POINT('',(-1.95,0.835,0.75));
#619=LINE('',#620,#430);
#620=CARTESIAN_POINT('',(-1.95,0.835,0.556717313971));
#621=ORIENTED_EDGE('',*,*,#171,.T.);
#622=ORIENTED_EDGE('',*,*,#623,.T.);
#623=EDGE_CURVE('',#168,#624,#626,.T.);
#624=VERTEX_POINT('',#625);
#625=CARTESIAN_POINT('',(-1.95,1.705,0.75));
#626=LINE('',#627,#430);
#627=CARTESIAN_POINT('',(-1.95,1.705,0.556717313971));
#628=ORIENTED_EDGE('',*,*,#629,.F.);
#629=EDGE_CURVE('',#617,#624,#399,.T.);
#630=ADVANCED_FACE('',(#631),#649,.F.);
#631=FACE_BOUND('',#632,.F.);
#632=EDGE_LOOP('',(#633,#639,#640,#646));
#633=ORIENTED_EDGE('',*,*,#634,.F.);
#634=EDGE_CURVE('',#168,#635,#637,.T.);
#635=VERTEX_POINT('',#636);
#636=CARTESIAN_POINT('',(-2.15,1.705,0.55));
#637=LINE('',#638,#71);
#638=CARTESIAN_POINT('',(-1.8,1.705,0.55));
#639=ORIENTED_EDGE('',*,*,#167,.T.);
#640=ORIENTED_EDGE('',*,*,#641,.T.);
#641=EDGE_CURVE('',#164,#642,#644,.T.);
#642=VERTEX_POINT('',#643);
#643=CARTESIAN_POINT('',(-2.15,2.105,0.55));
#644=LINE('',#645,#71);
#645=CARTESIAN_POINT('',(-1.8,2.105,0.55));
#646=ORIENTED_EDGE('',*,*,#647,.F.);
#647=EDGE_CURVE('',#635,#642,#648,.T.);
#648=LINE('',#636,#85);
#649=PLANE('',#650);
#650=AXIS2_PLACEMENT_3D('',#638,#13,#72);
#651=ADVANCED_FACE('',(#652),#433,.F.);
#652=FACE_BOUND('',#653,.F.);
#653=EDGE_LOOP('',(#654,#660,#661,#667));
#654=ORIENTED_EDGE('',*,*,#655,.F.);
#655=EDGE_CURVE('',#164,#656,#658,.T.);
#656=VERTEX_POINT('',#657);
#657=CARTESIAN_POINT('',(-1.95,2.105,0.75));
#658=LINE('',#659,#430);
#659=CARTESIAN_POINT('',(-1.95,2.105,0.556717313971));
#660=ORIENTED_EDGE('',*,*,#163,.T.);
#661=ORIENTED_EDGE('',*,*,#662,.T.);
#662=EDGE_CURVE('',#160,#663,#665,.T.);
#663=VERTEX_POINT('',#664);
#664=CARTESIAN_POINT('',(-1.95,2.975,0.75));
#665=LINE('',#666,#430);
#666=CARTESIAN_POINT('',(-1.95,2.975,0.556717313971));
#667=ORIENTED_EDGE('',*,*,#668,.F.);
#668=EDGE_CURVE('',#656,#663,#399,.T.);
#669=ADVANCED_FACE('',(#670),#688,.F.);
#670=FACE_BOUND('',#671,.F.);
#671=EDGE_LOOP('',(#672,#678,#679,#685));
#672=ORIENTED_EDGE('',*,*,#673,.F.);
#673=EDGE_CURVE('',#160,#674,#676,.T.);
#674=VERTEX_POINT('',#675);
#675=CARTESIAN_POINT('',(-2.15,2.975,0.55));
#676=LINE('',#677,#71);
#677=CARTESIAN_POINT('',(-1.8,2.975,0.55));
#678=ORIENTED_EDGE('',*,*,#159,.T.);
#679=ORIENTED_EDGE('',*,*,#680,.T.);
#680=EDGE_CURVE('',#156,#681,#683,.T.);
#681=VERTEX_POINT('',#682);
#682=CARTESIAN_POINT('',(-2.15,3.375,0.55));
#683=LINE('',#684,#71);
#684=CARTESIAN_POINT('',(-1.8,3.375,0.55));
#685=ORIENTED_EDGE('',*,*,#686,.F.);
#686=EDGE_CURVE('',#674,#681,#687,.T.);
#687=LINE('',#675,#85);
#688=PLANE('',#689);
#689=AXIS2_PLACEMENT_3D('',#677,#13,#72);
#690=ADVANCED_FACE('',(#691),#433,.F.);
#691=FACE_BOUND('',#692,.F.);
#692=EDGE_LOOP('',(#693,#699,#700,#706));
#693=ORIENTED_EDGE('',*,*,#694,.F.);
#694=EDGE_CURVE('',#156,#695,#697,.T.);
#695=VERTEX_POINT('',#696);
#696=CARTESIAN_POINT('',(-1.95,3.375,0.75));
#697=LINE('',#698,#430);
#698=CARTESIAN_POINT('',(-1.95,3.375,0.556717313971));
#699=ORIENTED_EDGE('',*,*,#155,.T.);
#700=ORIENTED_EDGE('',*,*,#701,.T.);
#701=EDGE_CURVE('',#152,#702,#704,.T.);
#702=VERTEX_POINT('',#703);
#703=CARTESIAN_POINT('',(-1.95,4.245,0.75));
#704=LINE('',#705,#430);
#705=CARTESIAN_POINT('',(-1.95,4.245,0.556717313971));
#706=ORIENTED_EDGE('',*,*,#707,.F.);
#707=EDGE_CURVE('',#695,#702,#399,.T.);
#708=ADVANCED_FACE('',(#709),#727,.F.);
#709=FACE_BOUND('',#710,.F.);
#710=EDGE_LOOP('',(#711,#717,#718,#724));
#711=ORIENTED_EDGE('',*,*,#712,.F.);
#712=EDGE_CURVE('',#152,#713,#715,.T.);
#713=VERTEX_POINT('',#714);
#714=CARTESIAN_POINT('',(-2.15,4.245,0.55));
#715=LINE('',#716,#71);
#716=CARTESIAN_POINT('',(-1.8,4.245,0.55));
#717=ORIENTED_EDGE('',*,*,#151,.T.);
#718=ORIENTED_EDGE('',*,*,#719,.T.);
#719=EDGE_CURVE('',#146,#720,#722,.T.);
#720=VERTEX_POINT('',#721);
#721=CARTESIAN_POINT('',(-2.15,4.645,0.55));
#722=LINE('',#723,#71);
#723=CARTESIAN_POINT('',(-1.8,4.645,0.55));
#724=ORIENTED_EDGE('',*,*,#725,.F.);
#725=EDGE_CURVE('',#713,#720,#726,.T.);
#726=LINE('',#714,#85);
#727=PLANE('',#728);
#728=AXIS2_PLACEMENT_3D('',#716,#13,#72);
#729=ADVANCED_FACE('',(#730),#433,.F.);
#730=FACE_BOUND('',#731,.F.);
#731=EDGE_LOOP('',(#732,#736,#737,#738));
#732=ORIENTED_EDGE('',*,*,#733,.F.);
#733=EDGE_CURVE('',#146,#393,#734,.T.);
#734=LINE('',#735,#430);
#735=CARTESIAN_POINT('',(-1.95,4.645,0.556717313971));
#736=ORIENTED_EDGE('',*,*,#145,.T.);
#737=ORIENTED_EDGE('',*,*,#412,.T.);
#738=ORIENTED_EDGE('',*,*,#398,.F.);
#739=ADVANCED_FACE('',(#740),#749,.F.);
#740=FACE_BOUND('',#741,.F.);
#741=EDGE_LOOP('',(#742,#743,#744,#748));
#742=ORIENTED_EDGE('',*,*,#334,.F.);
#743=ORIENTED_EDGE('',*,*,#291,.T.);
#744=ORIENTED_EDGE('',*,*,#745,.T.);
#745=EDGE_CURVE('',#288,#356,#746,.T.);
#746=LINE('',#747,#430);
#747=CARTESIAN_POINT('',(1.95,4.645,0.556717313971));
#748=ORIENTED_EDGE('',*,*,#355,.F.);
#749=PLANE('',#750);
#750=AXIS2_PLACEMENT_3D('',#336,#72,#58);
#751=ADVANCED_FACE('',(#752),#770,.F.);
#752=FACE_BOUND('',#753,.F.);
#753=EDGE_LOOP('',(#754,#760,#761,#767));
#754=ORIENTED_EDGE('',*,*,#755,.F.);
#755=EDGE_CURVE('',#288,#756,#758,.T.);
#756=VERTEX_POINT('',#757);
#757=CARTESIAN_POINT('',(2.15,4.645,0.55));
#758=LINE('',#759,#27);
#759=CARTESIAN_POINT('',(1.8,4.645,0.55));
#760=ORIENTED_EDGE('',*,*,#287,.T.);
#761=ORIENTED_EDGE('',*,*,#762,.T.);
#762=EDGE_CURVE('',#284,#763,#765,.T.);
#763=VERTEX_POINT('',#764);
#764=CARTESIAN_POINT('',(2.15,4.245,0.55));
#765=LINE('',#766,#27);
#766=CARTESIAN_POINT('',(1.8,4.245,0.55));
#767=ORIENTED_EDGE('',*,*,#768,.F.);
#768=EDGE_CURVE('',#756,#763,#769,.T.);
#769=LINE('',#757,#57);
#770=PLANE('',#771);
#771=AXIS2_PLACEMENT_3D('',#759,#13,#14);
#772=ADVANCED_FACE('',(#773),#749,.F.);
#773=FACE_BOUND('',#774,.F.);
#774=EDGE_LOOP('',(#775,#781,#782,#788));
#775=ORIENTED_EDGE('',*,*,#776,.F.);
#776=EDGE_CURVE('',#284,#777,#779,.T.);
#777=VERTEX_POINT('',#778);
#778=CARTESIAN_POINT('',(1.95,4.245,0.75));
#779=LINE('',#780,#430);
#780=CARTESIAN_POINT('',(1.95,4.245,0.556717313971));
#781=ORIENTED_EDGE('',*,*,#283,.T.);
#782=ORIENTED_EDGE('',*,*,#783,.T.);
#783=EDGE_CURVE('',#280,#784,#786,.T.);
#784=VERTEX_POINT('',#785);
#785=CARTESIAN_POINT('',(1.95,3.375,0.75));
#786=LINE('',#787,#430);
#787=CARTESIAN_POINT('',(1.95,3.375,0.556717313971));
#788=ORIENTED_EDGE('',*,*,#789,.F.);
#789=EDGE_CURVE('',#777,#784,#358,.T.);
#790=ADVANCED_FACE('',(#791),#809,.F.);
#791=FACE_BOUND('',#792,.F.);
#792=EDGE_LOOP('',(#793,#799,#800,#806));
#793=ORIENTED_EDGE('',*,*,#794,.F.);
#794=EDGE_CURVE('',#280,#795,#797,.T.);
#795=VERTEX_POINT('',#796);
#796=CARTESIAN_POINT('',(2.15,3.375,0.55));
#797=LINE('',#798,#27);
#798=CARTESIAN_POINT('',(1.8,3.375,0.55));
#799=ORIENTED_EDGE('',*,*,#279,.T.);
#800=ORIENTED_EDGE('',*,*,#801,.T.);
#801=EDGE_CURVE('',#276,#802,#804,.T.);
#802=VERTEX_POINT('',#803);
#803=CARTESIAN_POINT('',(2.15,2.975,0.55));
#804=LINE('',#805,#27);
#805=CARTESIAN_POINT('',(1.8,2.975,0.55));
#806=ORIENTED_EDGE('',*,*,#807,.F.);
#807=EDGE_CURVE('',#795,#802,#808,.T.);
#808=LINE('',#796,#57);
#809=PLANE('',#810);
#810=AXIS2_PLACEMENT_3D('',#798,#13,#14);
#811=ADVANCED_FACE('',(#812),#749,.F.);
#812=FACE_BOUND('',#813,.F.);
#813=EDGE_LOOP('',(#814,#820,#821,#827));
#814=ORIENTED_EDGE('',*,*,#815,.F.);
#815=EDGE_CURVE('',#276,#816,#818,.T.);
#816=VERTEX_POINT('',#817);
#817=CARTESIAN_POINT('',(1.95,2.975,0.75));
#818=LINE('',#819,#430);
#819=CARTESIAN_POINT('',(1.95,2.975,0.556717313971));
#820=ORIENTED_EDGE('',*,*,#275,.T.);
#821=ORIENTED_EDGE('',*,*,#822,.T.);
#822=EDGE_CURVE('',#272,#823,#825,.T.);
#823=VERTEX_POINT('',#824);
#824=CARTESIAN_POINT('',(1.95,2.105,0.75));
#825=LINE('',#826,#430);
#826=CARTESIAN_POINT('',(1.95,2.105,0.556717313971));
#827=ORIENTED_EDGE('',*,*,#828,.F.);
#828=EDGE_CURVE('',#816,#823,#358,.T.);
#829=ADVANCED_FACE('',(#830),#848,.F.);
#830=FACE_BOUND('',#831,.F.);
#831=EDGE_LOOP('',(#832,#838,#839,#845));
#832=ORIENTED_EDGE('',*,*,#833,.F.);
#833=EDGE_CURVE('',#272,#834,#836,.T.);
#834=VERTEX_POINT('',#835);
#835=CARTESIAN_POINT('',(2.15,2.105,0.55));
#836=LINE('',#837,#27);
#837=CARTESIAN_POINT('',(1.8,2.105,0.55));
#838=ORIENTED_EDGE('',*,*,#271,.T.);
#839=ORIENTED_EDGE('',*,*,#840,.T.);
#840=EDGE_CURVE('',#268,#841,#843,.T.);
#841=VERTEX_POINT('',#842);
#842=CARTESIAN_POINT('',(2.15,1.705,0.55));
#843=LINE('',#844,#27);
#844=CARTESIAN_POINT('',(1.8,1.705,0.55));
#845=ORIENTED_EDGE('',*,*,#846,.F.);
#846=EDGE_CURVE('',#834,#841,#847,.T.);
#847=LINE('',#835,#57);
#848=PLANE('',#849);
#849=AXIS2_PLACEMENT_3D('',#837,#13,#14);
#850=ADVANCED_FACE('',(#851),#749,.F.);
#851=FACE_BOUND('',#852,.F.);
#852=EDGE_LOOP('',(#853,#859,#860,#866));
#853=ORIENTED_EDGE('',*,*,#854,.F.);
#854=EDGE_CURVE('',#268,#855,#857,.T.);
#855=VERTEX_POINT('',#856);
#856=CARTESIAN_POINT('',(1.95,1.705,0.75));
#857=LINE('',#858,#430);
#858=CARTESIAN_POINT('',(1.95,1.705,0.556717313971));
#859=ORIENTED_EDGE('',*,*,#267,.T.);
#860=ORIENTED_EDGE('',*,*,#861,.T.);
#861=EDGE_CURVE('',#264,#862,#864,.T.);
#862=VERTEX_POINT('',#863);
#863=CARTESIAN_POINT('',(1.95,0.835,0.75));
#864=LINE('',#865,#430);
#865=CARTESIAN_POINT('',(1.95,0.835,0.556717313971));
#866=ORIENTED_EDGE('',*,*,#867,.F.);
#867=EDGE_CURVE('',#855,#862,#358,.T.);
#868=ADVANCED_FACE('',(#869),#887,.F.);
#869=FACE_BOUND('',#870,.F.);
#870=EDGE_LOOP('',(#871,#877,#878,#884));
#871=ORIENTED_EDGE('',*,*,#872,.F.);
#872=EDGE_CURVE('',#264,#873,#875,.T.);
#873=VERTEX_POINT('',#874);
#874=CARTESIAN_POINT('',(2.15,0.835,0.55));
#875=LINE('',#876,#27);
#876=CARTESIAN_POINT('',(1.8,0.835,0.55));
#877=ORIENTED_EDGE('',*,*,#263,.T.);
#878=ORIENTED_EDGE('',*,*,#879,.T.);
#879=EDGE_CURVE('',#260,#880,#882,.T.);
#880=VERTEX_POINT('',#881);
#881=CARTESIAN_POINT('',(2.15,0.435,0.55));
#882=LINE('',#883,#27);
#883=CARTESIAN_POINT('',(1.8,0.435,0.55));
#884=ORIENTED_EDGE('',*,*,#885,.F.);
#885=EDGE_CURVE('',#873,#880,#886,.T.);
#886=LINE('',#874,#57);
#887=PLANE('',#888);
#888=AXIS2_PLACEMENT_3D('',#876,#13,#14);
#889=ADVANCED_FACE('',(#890),#749,.F.);
#890=FACE_BOUND('',#891,.F.);
#891=EDGE_LOOP('',(#892,#898,#899,#905));
#892=ORIENTED_EDGE('',*,*,#893,.F.);
#893=EDGE_CURVE('',#260,#894,#896,.T.);
#894=VERTEX_POINT('',#895);
#895=CARTESIAN_POINT('',(1.95,0.435,0.75));
#896=LINE('',#897,#430);
#897=CARTESIAN_POINT('',(1.95,0.435,0.556717313971));
#898=ORIENTED_EDGE('',*,*,#259,.T.);
#899=ORIENTED_EDGE('',*,*,#900,.T.);
#900=EDGE_CURVE('',#256,#901,#903,.T.);
#901=VERTEX_POINT('',#902);
#902=CARTESIAN_POINT('',(1.95,-0.435,0.75));
#903=LINE('',#904,#430);
#904=CARTESIAN_POINT('',(1.95,-0.435,0.556717313971));
#905=ORIENTED_EDGE('',*,*,#906,.F.);
#906=EDGE_CURVE('',#894,#901,#358,.T.);
#907=ADVANCED_FACE('',(#908),#926,.F.);
#908=FACE_BOUND('',#909,.F.);
#909=EDGE_LOOP('',(#910,#916,#917,#923));
#910=ORIENTED_EDGE('',*,*,#911,.F.);
#911=EDGE_CURVE('',#256,#912,#914,.T.);
#912=VERTEX_POINT('',#913);
#913=CARTESIAN_POINT('',(2.15,-0.435,0.55));
#914=LINE('',#915,#27);
#915=CARTESIAN_POINT('',(1.8,-0.435,0.55));
#916=ORIENTED_EDGE('',*,*,#255,.T.);
#917=ORIENTED_EDGE('',*,*,#918,.T.);
#918=EDGE_CURVE('',#252,#919,#921,.T.);
#919=VERTEX_POINT('',#920);
#920=CARTESIAN_POINT('',(2.15,-0.835,0.55));
#921=LINE('',#922,#27);
#922=CARTESIAN_POINT('',(1.8,-0.835,0.55));
#923=ORIENTED_EDGE('',*,*,#924,.F.);
#924=EDGE_CURVE('',#912,#919,#925,.T.);
#925=LINE('',#913,#57);
#926=PLANE('',#927);
#927=AXIS2_PLACEMENT_3D('',#915,#13,#14);
#928=ADVANCED_FACE('',(#929),#749,.F.);
#929=FACE_BOUND('',#930,.F.);
#930=EDGE_LOOP('',(#931,#937,#938,#944));
#931=ORIENTED_EDGE('',*,*,#932,.F.);
#932=EDGE_CURVE('',#252,#933,#935,.T.);
#933=VERTEX_POINT('',#934);
#934=CARTESIAN_POINT('',(1.95,-0.835,0.75));
#935=LINE('',#936,#430);
#936=CARTESIAN_POINT('',(1.95,-0.835,0.556717313971));
#937=ORIENTED_EDGE('',*,*,#251,.T.);
#938=ORIENTED_EDGE('',*,*,#939,.T.);
#939=EDGE_CURVE('',#248,#940,#942,.T.);
#940=VERTEX_POINT('',#941);
#941=CARTESIAN_POINT('',(1.95,-1.705,0.75));
#942=LINE('',#943,#430);
#943=CARTESIAN_POINT('',(1.95,-1.705,0.556717313971));
#944=ORIENTED_EDGE('',*,*,#945,.F.);
#945=EDGE_CURVE('',#933,#940,#358,.T.);
#946=ADVANCED_FACE('',(#947),#965,.F.);
#947=FACE_BOUND('',#948,.F.);
#948=EDGE_LOOP('',(#949,#955,#956,#962));
#949=ORIENTED_EDGE('',*,*,#950,.F.);
#950=EDGE_CURVE('',#248,#951,#953,.T.);
#951=VERTEX_POINT('',#952);
#952=CARTESIAN_POINT('',(2.15,-1.705,0.55));
#953=LINE('',#954,#27);
#954=CARTESIAN_POINT('',(1.8,-1.705,0.55));
#955=ORIENTED_EDGE('',*,*,#247,.T.);
#956=ORIENTED_EDGE('',*,*,#957,.T.);
#957=EDGE_CURVE('',#244,#958,#960,.T.);
#958=VERTEX_POINT('',#959);
#959=CARTESIAN_POINT('',(2.15,-2.105,0.55));
#960=LINE('',#961,#27);
#961=CARTESIAN_POINT('',(1.8,-2.105,0.55));
#962=ORIENTED_EDGE('',*,*,#963,.F.);
#963=EDGE_CURVE('',#951,#958,#964,.T.);
#964=LINE('',#952,#57);
#965=PLANE('',#966);
#966=AXIS2_PLACEMENT_3D('',#954,#13,#14);
#967=ADVANCED_FACE('',(#968),#749,.F.);
#968=FACE_BOUND('',#969,.F.);
#969=EDGE_LOOP('',(#970,#976,#977,#983));
#970=ORIENTED_EDGE('',*,*,#971,.F.);
#971=EDGE_CURVE('',#244,#972,#974,.T.);
#972=VERTEX_POINT('',#973);
#973=CARTESIAN_POINT('',(1.95,-2.105,0.75));
#974=LINE('',#975,#430);
#975=CARTESIAN_POINT('',(1.95,-2.105,0.556717313971));
#976=ORIENTED_EDGE('',*,*,#243,.T.);
#977=ORIENTED_EDGE('',*,*,#978,.T.);
#978=EDGE_CURVE('',#240,#979,#981,.T.);
#979=VERTEX_POINT('',#980);
#980=CARTESIAN_POINT('',(1.95,-2.975,0.75));
#981=LINE('',#982,#430);
#982=CARTESIAN_POINT('',(1.95,-2.975,0.556717313971));
#983=ORIENTED_EDGE('',*,*,#984,.F.);
#984=EDGE_CURVE('',#972,#979,#358,.T.);
#985=ADVANCED_FACE('',(#986),#1004,.F.);
#986=FACE_BOUND('',#987,.F.);
#987=EDGE_LOOP('',(#988,#994,#995,#1001));
#988=ORIENTED_EDGE('',*,*,#989,.F.);
#989=EDGE_CURVE('',#240,#990,#992,.T.);
#990=VERTEX_POINT('',#991);
#991=CARTESIAN_POINT('',(2.15,-2.975,0.55));
#992=LINE('',#993,#27);
#993=CARTESIAN_POINT('',(1.8,-2.975,0.55));
#994=ORIENTED_EDGE('',*,*,#239,.T.);
#995=ORIENTED_EDGE('',*,*,#996,.T.);
#996=EDGE_CURVE('',#236,#997,#999,.T.);
#997=VERTEX_POINT('',#998);
#998=CARTESIAN_POINT('',(2.15,-3.375,0.55));
#999=LINE('',#1000,#27);
#1000=CARTESIAN_POINT('',(1.8,-3.375,0.55));
#1001=ORIENTED_EDGE('',*,*,#1002,.F.);
#1002=EDGE_CURVE('',#990,#997,#1003,.T.);
#1003=LINE('',#991,#57);
#1004=PLANE('',#1005);
#1005=AXIS2_PLACEMENT_3D('',#993,#13,#14);
#1006=ADVANCED_FACE('',(#1007),#749,.F.);
#1007=FACE_BOUND('',#1008,.F.);
#1008=EDGE_LOOP('',(#1009,#1015,#1016,#1022));
#1009=ORIENTED_EDGE('',*,*,#1010,.F.);
#1010=EDGE_CURVE('',#236,#1011,#1013,.T.);
#1011=VERTEX_POINT('',#1012);
#1012=CARTESIAN_POINT('',(1.95,-3.375,0.75));
#1013=LINE('',#1014,#430);
#1014=CARTESIAN_POINT('',(1.95,-3.375,0.556717313971));
#1015=ORIENTED_EDGE('',*,*,#235,.T.);
#1016=ORIENTED_EDGE('',*,*,#1017,.T.);
#1017=EDGE_CURVE('',#232,#1018,#1020,.T.);
#1018=VERTEX_POINT('',#1019);
#1019=CARTESIAN_POINT('',(1.95,-4.245,0.75));
#1020=LINE('',#1021,#430);
#1021=CARTESIAN_POINT('',(1.95,-4.245,0.556717313971));
#1022=ORIENTED_EDGE('',*,*,#1023,.F.);
#1023=EDGE_CURVE('',#1011,#1018,#358,.T.);
#1024=ADVANCED_FACE('',(#1025),#1043,.F.);
#1025=FACE_BOUND('',#1026,.F.);
#1026=EDGE_LOOP('',(#1027,#1033,#1034,#1040));
#1027=ORIENTED_EDGE('',*,*,#1028,.F.);
#1028=EDGE_CURVE('',#232,#1029,#1031,.T.);
#1029=VERTEX_POINT('',#1030);
#1030=CARTESIAN_POINT('',(2.15,-4.245,0.55));
#1031=LINE('',#1032,#27);
#1032=CARTESIAN_POINT('',(1.8,-4.245,0.55));
#1033=ORIENTED_EDGE('',*,*,#231,.T.);
#1034=ORIENTED_EDGE('',*,*,#1035,.T.);
#1035=EDGE_CURVE('',#227,#1036,#1038,.T.);
#1036=VERTEX_POINT('',#1037);
#1037=CARTESIAN_POINT('',(2.15,-4.645,0.55));
#1038=LINE('',#1039,#27);
#1039=CARTESIAN_POINT('',(1.8,-4.645,0.55));
#1040=ORIENTED_EDGE('',*,*,#1041,.F.);
#1041=EDGE_CURVE('',#1029,#1036,#1042,.T.);
#1042=LINE('',#1030,#57);
#1043=PLANE('',#1044);
#1044=AXIS2_PLACEMENT_3D('',#1032,#13,#14);
#1045=ADVANCED_FACE('',(#1046),#749,.F.);
#1046=FACE_BOUND('',#1047,.F.);
#1047=EDGE_LOOP('',(#1048,#1054,#1055,#1060));
#1048=ORIENTED_EDGE('',*,*,#1049,.F.);
#1049=EDGE_CURVE('',#227,#1050,#1052,.T.);
#1050=VERTEX_POINT('',#1051);
#1051=CARTESIAN_POINT('',(1.95,-4.645,0.75));
#1052=LINE('',#1053,#430);
#1053=CARTESIAN_POINT('',(1.95,-4.645,0.556717313971));
#1054=ORIENTED_EDGE('',*,*,#226,.T.);
#1055=ORIENTED_EDGE('',*,*,#1056,.T.);
#1056=EDGE_CURVE('',#222,#1057,#1059,.T.);
#1057=VERTEX_POINT('',#1058);
#1058=CARTESIAN_POINT('',(1.95,-4.775,0.75));
#1059=B_SPLINE_CURVE_WITH_KNOTS('',1,(#223,#1058),.UNSPECIFIED.,.F.,.F.,(2,2),(0.,1.),.PIECEWISE_BEZIER_KNOTS.);
#1060=ORIENTED_EDGE('',*,*,#1061,.F.);
#1061=EDGE_CURVE('',#1050,#1057,#358,.T.);
#1062=ADVANCED_FACE('',(#1063),#1075,.F.);
#1063=FACE_BOUND('',#1064,.F.);
#1064=EDGE_LOOP('',(#1065,#1066,#1067,#1072));
#1065=ORIENTED_EDGE('',*,*,#299,.T.);
#1066=ORIENTED_EDGE('',*,*,#420,.T.);
#1067=ORIENTED_EDGE('',*,*,#1068,.F.);
#1068=EDGE_CURVE('',#1069,#421,#1071,.T.);
#1069=VERTEX_POINT('',#1070);
#1070=CARTESIAN_POINT('',(-1.775,-4.95,0.75));
#1071=LINE('',#1070,#78);
#1072=ORIENTED_EDGE('',*,*,#1073,.F.);
#1073=EDGE_CURVE('',#300,#1069,#1074,.T.);
#1074=B_SPLINE_CURVE_WITH_KNOTS('',1,(#301,#1070),.UNSPECIFIED.,.F.,.F.,(2,2),(0.,1.),.PIECEWISE_BEZIER_KNOTS.);
#1075=PLANE('',#1076);
#1076=AXIS2_PLACEMENT_3D('',#1070,#91,#79);
#1077=ADVANCED_FACE('',(#1078),#1090,.F.);
#1078=FACE_BOUND('',#1079,.F.);
#1079=EDGE_LOOP('',(#1080,#1081,#1086,#1089));
#1080=ORIENTED_EDGE('',*,*,#316,.T.);
#1081=ORIENTED_EDGE('',*,*,#1082,.T.);
#1082=EDGE_CURVE('',#312,#1083,#1085,.T.);
#1083=VERTEX_POINT('',#1084);
#1084=CARTESIAN_POINT('',(1.775,-4.95,0.75));
#1085=B_SPLINE_CURVE_WITH_KNOTS('',1,(#313,#1084),.UNSPECIFIED.,.F.,.F.,(2,2),(0.,1.),.PIECEWISE_BEZIER_KNOTS.);
#1086=ORIENTED_EDGE('',*,*,#1087,.F.);
#1087=EDGE_CURVE('',#1057,#1083,#1088,.T.);
#1088=LINE('',#1058,#64);
#1089=ORIENTED_EDGE('',*,*,#1056,.F.);
#1090=PLANE('',#1091);
#1091=AXIS2_PLACEMENT_3D('',#1058,#79,#65);
#1092=ADVANCED_FACE('',(#1093),#1101,.F.);
#1093=FACE_BOUND('',#1094,.F.);
#1094=EDGE_LOOP('',(#1095,#1096,#1097,#1100));
#1095=ORIENTED_EDGE('',*,*,#325,.T.);
#1096=ORIENTED_EDGE('',*,*,#1073,.T.);
#1097=ORIENTED_EDGE('',*,*,#1098,.F.);
#1098=EDGE_CURVE('',#1083,#1069,#1099,.T.);
#1099=LINE('',#1084,#71);
#1100=ORIENTED_EDGE('',*,*,#1082,.F.);
#1101=PLANE('',#1102);
#1102=AXIS2_PLACEMENT_3D('',#1084,#86,#72);
#1103=ADVANCED_FACE('',(#1104),#1124,.F.);
#1104=FACE_BOUND('',#1105,.F.);
#1105=EDGE_LOOP('',(#1106,#1111,#1115,#1117,#1118,#1122));
#1106=ORIENTED_EDGE('',*,*,#1107,.F.);
#1107=EDGE_CURVE('',#1108,#702,#1110,.T.);
#1108=VERTEX_POINT('',#1109);
#1109=CARTESIAN_POINT('',(-2.15,4.245,0.75));
#1110=LINE('',#1109,#27);
#1111=ORIENTED_EDGE('',*,*,#1112,.T.);
#1112=EDGE_CURVE('',#1108,#1113,#1114,.T.);
#1113=VERTEX_POINT('',#396);
#1114=LINE('',#1109,#85);
#1115=ORIENTED_EDGE('',*,*,#1116,.T.);
#1116=EDGE_CURVE('',#1113,#393,#395,.T.);
#1117=ORIENTED_EDGE('',*,*,#392,.T.);
#1118=ORIENTED_EDGE('',*,*,#1119,.F.);
#1119=EDGE_CURVE('',#1120,#387,#389,.T.);
#1120=VERTEX_POINT('',#1121);
#1121=CARTESIAN_POINT('',(-1.875,4.245,0.75));
#1122=ORIENTED_EDGE('',*,*,#1123,.F.);
#1123=EDGE_CURVE('',#702,#1120,#1110,.T.);
#1124=PLANE('',#1125);
#1125=AXIS2_PLACEMENT_3D('',#1109,#404,#14);
#1126=ADVANCED_FACE('',(#1127),#1203,.F.);
#1127=FACE_BOUND('',#1128,.F.);
#1128=EDGE_LOOP('',(#1129,#1134,#1138,#1142,#1146,#1150,#1154,#1158,#1162,#1166,#1170,#1174,#1178,#1182,#1186,#1188,#1189,#1190,#1195,#1200));
#1129=ORIENTED_EDGE('',*,*,#1130,.T.);
#1130=EDGE_CURVE('',#1131,#1132,#389,.T.);
#1131=VERTEX_POINT('',#390);
#1132=VERTEX_POINT('',#1133);
#1133=CARTESIAN_POINT('',(-1.875,-4.645,0.75));
#1134=ORIENTED_EDGE('',*,*,#1135,.T.);
#1135=EDGE_CURVE('',#1132,#1136,#389,.T.);
#1136=VERTEX_POINT('',#1137);
#1137=CARTESIAN_POINT('',(-1.875,-4.245,0.75));
#1138=ORIENTED_EDGE('',*,*,#1139,.T.);
#1139=EDGE_CURVE('',#1136,#1140,#389,.T.);
#1140=VERTEX_POINT('',#1141);
#1141=CARTESIAN_POINT('',(-1.875,-3.375,0.75));
#1142=ORIENTED_EDGE('',*,*,#1143,.T.);
#1143=EDGE_CURVE('',#1140,#1144,#389,.T.);
#1144=VERTEX_POINT('',#1145);
#1145=CARTESIAN_POINT('',(-1.875,-2.975,0.75));
#1146=ORIENTED_EDGE('',*,*,#1147,.T.);
#1147=EDGE_CURVE('',#1144,#1148,#389,.T.);
#1148=VERTEX_POINT('',#1149);
#1149=CARTESIAN_POINT('',(-1.875,-2.105,0.75));
#1150=ORIENTED_EDGE('',*,*,#1151,.T.);
#1151=EDGE_CURVE('',#1148,#1152,#389,.T.);
#1152=VERTEX_POINT('',#1153);
#1153=CARTESIAN_POINT('',(-1.875,-1.705,0.75));
#1154=ORIENTED_EDGE('',*,*,#1155,.T.);
#1155=EDGE_CURVE('',#1152,#1156,#389,.T.);
#1156=VERTEX_POINT('',#1157);
#1157=CARTESIAN_POINT('',(-1.875,-0.835,0.75));
#1158=ORIENTED_EDGE('',*,*,#1159,.T.);
#1159=EDGE_CURVE('',#1156,#1160,#389,.T.);
#1160=VERTEX_POINT('',#1161);
#1161=CARTESIAN_POINT('',(-1.875,-0.435,0.75));
#1162=ORIENTED_EDGE('',*,*,#1163,.T.);
#1163=EDGE_CURVE('',#1160,#1164,#389,.T.);
#1164=VERTEX_POINT('',#1165);
#1165=CARTESIAN_POINT('',(-1.875,0.435,0.75));
#1166=ORIENTED_EDGE('',*,*,#1167,.T.);
#1167=EDGE_CURVE('',#1164,#1168,#389,.T.);
#1168=VERTEX_POINT('',#1169);
#1169=CARTESIAN_POINT('',(-1.875,0.835,0.75));
#1170=ORIENTED_EDGE('',*,*,#1171,.T.);
#1171=EDGE_CURVE('',#1168,#1172,#389,.T.);
#1172=VERTEX_POINT('',#1173);
#1173=CARTESIAN_POINT('',(-1.875,1.705,0.75));
#1174=ORIENTED_EDGE('',*,*,#1175,.T.);
#1175=EDGE_CURVE('',#1172,#1176,#389,.T.);
#1176=VERTEX_POINT('',#1177);
#1177=CARTESIAN_POINT('',(-1.875,2.105,0.75));
#1178=ORIENTED_EDGE('',*,*,#1179,.T.);
#1179=EDGE_CURVE('',#1176,#1180,#389,.T.);
#1180=VERTEX_POINT('',#1181);
#1181=CARTESIAN_POINT('',(-1.875,2.975,0.75));
#1182=ORIENTED_EDGE('',*,*,#1183,.T.);
#1183=EDGE_CURVE('',#1180,#1184,#389,.T.);
#1184=VERTEX_POINT('',#1185);
#1185=CARTESIAN_POINT('',(-1.875,3.375,0.75));
#1186=ORIENTED_EDGE('',*,*,#1187,.T.);
#1187=EDGE_CURVE('',#1184,#1120,#389,.T.);
#1188=ORIENTED_EDGE('',*,*,#1119,.T.);
#1189=ORIENTED_EDGE('',*,*,#386,.T.);
#1190=ORIENTED_EDGE('',*,*,#1191,.T.);
#1191=EDGE_CURVE('',#382,#1192,#1194,.T.);
#1192=VERTEX_POINT('',#1193);
#1193=CARTESIAN_POINT('',(-1.779349547248,4.689674773624,1.2));
#1194=B_SPLINE_CURVE_WITH_KNOTS('',1,(#383,#1193),.UNSPECIFIED.,.F.,.F.,(2,2),(0.,1.),.PIECEWISE_BEZIER_KNOTS.);
#1195=ORIENTED_EDGE('',*,*,#1196,.F.);
#1196=EDGE_CURVE('',#1197,#1192,#1199,.T.);
#1197=VERTEX_POINT('',#1198);
#1198=CARTESIAN_POINT('',(-1.779349547248,-4.689674773624,1.2));
#1199=LINE('',#1198,#85);
#1200=ORIENTED_EDGE('',*,*,#1201,.F.);
#1201=EDGE_CURVE('',#1131,#1197,#1202,.T.);
#1202=B_SPLINE_CURVE_WITH_KNOTS('',1,(#390,#1198),.UNSPECIFIED.,.F.,.F.,(2,2),(0.,1.),.PIECEWISE_BEZIER_KNOTS.);
#1203=B_SPLINE_SURFACE_WITH_KNOTS('',1,1,((#390,#1198),(#383,#1193)),.UNSPECIFIED.,.F.,.F.,.F.,(2,2),(2,2),(0.,9.475),(0.,1.),.PIECEWISE_BEZIER_KNOTS.);
#1204=ADVANCED_FACE('',(#1205),#1217,.F.);
#1205=FACE_BOUND('',#1206,.F.);
#1206=EDGE_LOOP('',(#1207,#1208,#1213,#1216));
#1207=ORIENTED_EDGE('',*,*,#381,.T.);
#1208=ORIENTED_EDGE('',*,*,#1209,.T.);
#1209=EDGE_CURVE('',#377,#1210,#1212,.T.);
#1210=VERTEX_POINT('',#1211);
#1211=CARTESIAN_POINT('',(-1.689674773624,4.779349547248,1.2));
#1212=B_SPLINE_CURVE_WITH_KNOTS('',1,(#378,#1211),.UNSPECIFIED.,.F.,.F.,(2,2),(0.,1.),.PIECEWISE_BEZIER_KNOTS.);
#1213=ORIENTED_EDGE('',*,*,#1214,.F.);
#1214=EDGE_CURVE('',#1192,#1210,#1215,.T.);
#1215=LINE('',#1193,#90);
#1216=ORIENTED_EDGE('',*,*,#1191,.F.);
#1217=B_SPLINE_SURFACE_WITH_KNOTS('',1,1,((#383,#1193),(#378,#1211)),.UNSPECIFIED.,.F.,.F.,.F.,(2,2),(2,2),(0.,0.194454364826),(0.,1.),.PIECEWISE_BEZIER_KNOTS.);
#1218=ADVANCED_FACE('',(#1219),#1231,.F.);
#1219=FACE_BOUND('',#1220,.F.);
#1220=EDGE_LOOP('',(#1221,#1222,#1227,#1230));
#1221=ORIENTED_EDGE('',*,*,#376,.T.);
#1222=ORIENTED_EDGE('',*,*,#1223,.T.);
#1223=EDGE_CURVE('',#372,#1224,#1226,.T.);
#1224=VERTEX_POINT('',#1225);
#1225=CARTESIAN_POINT('',(1.689674773624,4.779349547248,1.2));
#1226=B_SPLINE_CURVE_WITH_KNOTS('',1,(#373,#1225),.UNSPECIFIED.,.F.,.F.,(2,2),(0.,1.),.PIECEWISE_BEZIER_KNOTS.);
#1227=ORIENTED_EDGE('',*,*,#1228,.F.);
#1228=EDGE_CURVE('',#1210,#1224,#1229,.T.);
#1229=LINE('',#1211,#27);
#1230=ORIENTED_EDGE('',*,*,#1209,.F.);
#1231=B_SPLINE_SURFACE_WITH_KNOTS('',1,1,((#378,#1211),(#373,#1225)),.UNSPECIFIED.,.F.,.F.,.F.,(2,2),(2,2),(0.,3.475),(0.,1.),.PIECEWISE_BEZIER_KNOTS.);
#1232=ADVANCED_FACE('',(#1233),#1245,.F.);
#1233=FACE_BOUND('',#1234,.F.);
#1234=EDGE_LOOP('',(#1235,#1236,#1241,#1244));
#1235=ORIENTED_EDGE('',*,*,#371,.T.);
#1236=ORIENTED_EDGE('',*,*,#1237,.T.);
#1237=EDGE_CURVE('',#367,#1238,#1240,.T.);
#1238=VERTEX_POINT('',#1239);
#1239=CARTESIAN_POINT('',(1.779349547248,4.689674773624,1.2));
#1240=B_SPLINE_CURVE_WITH_KNOTS('',1,(#368,#1239),.UNSPECIFIED.,.F.,.F.,(2,2),(0.,1.),.PIECEWISE_BEZIER_KNOTS.);
#1241=ORIENTED_EDGE('',*,*,#1242,.F.);
#1242=EDGE_CURVE('',#1224,#1238,#1243,.T.);
#1243=LINE('',#1225,#50);
#1244=ORIENTED_EDGE('',*,*,#1223,.F.);
#1245=B_SPLINE_SURFACE_WITH_KNOTS('',1,1,((#373,#1225),(#368,#1239)),.UNSPECIFIED.,.F.,.F.,.F.,(2,2),(2,2),(0.,0.194454364826),(0.,1.),.PIECEWISE_BEZIER_KNOTS.);
#1246=ADVANCED_FACE('',(#1247),#1323,.F.);
#1247=FACE_BOUND('',#1248,.F.);
#1248=EDGE_LOOP('',(#1249,#1250,#1254,#1258,#1262,#1266,#1270,#1274,#1278,#1282,#1286,#1290,#1294,#1298,#1302,#1306,#1310,#1314,#1319,#1322));
#1249=ORIENTED_EDGE('',*,*,#366,.T.);
#1250=ORIENTED_EDGE('',*,*,#1251,.T.);
#1251=EDGE_CURVE('',#361,#1252,#369,.T.);
#1252=VERTEX_POINT('',#1253);
#1253=CARTESIAN_POINT('',(1.875,4.245,0.75));
#1254=ORIENTED_EDGE('',*,*,#1255,.T.);
#1255=EDGE_CURVE('',#1252,#1256,#369,.T.);
#1256=VERTEX_POINT('',#1257);
#1257=CARTESIAN_POINT('',(1.875,3.375,0.75));
#1258=ORIENTED_EDGE('',*,*,#1259,.T.);
#1259=EDGE_CURVE('',#1256,#1260,#369,.T.);
#1260=VERTEX_POINT('',#1261);
#1261=CARTESIAN_POINT('',(1.875,2.975,0.75));
#1262=ORIENTED_EDGE('',*,*,#1263,.T.);
#1263=EDGE_CURVE('',#1260,#1264,#369,.T.);
#1264=VERTEX_POINT('',#1265);
#1265=CARTESIAN_POINT('',(1.875,2.105,0.75));
#1266=ORIENTED_EDGE('',*,*,#1267,.T.);
#1267=EDGE_CURVE('',#1264,#1268,#369,.T.);
#1268=VERTEX_POINT('',#1269);
#1269=CARTESIAN_POINT('',(1.875,1.705,0.75));
#1270=ORIENTED_EDGE('',*,*,#1271,.T.);
#1271=EDGE_CURVE('',#1268,#1272,#369,.T.);
#1272=VERTEX_POINT('',#1273);
#1273=CARTESIAN_POINT('',(1.875,0.835,0.75));
#1274=ORIENTED_EDGE('',*,*,#1275,.T.);
#1275=EDGE_CURVE('',#1272,#1276,#369,.T.);
#1276=VERTEX_POINT('',#1277);
#1277=CARTESIAN_POINT('',(1.875,0.435,0.75));
#1278=ORIENTED_EDGE('',*,*,#1279,.T.);
#1279=EDGE_CURVE('',#1276,#1280,#369,.T.);
#1280=VERTEX_POINT('',#1281);
#1281=CARTESIAN_POINT('',(1.875,-0.435,0.75));
#1282=ORIENTED_EDGE('',*,*,#1283,.T.);
#1283=EDGE_CURVE('',#1280,#1284,#369,.T.);
#1284=VERTEX_POINT('',#1285);
#1285=CARTESIAN_POINT('',(1.875,-0.835,0.75));
#1286=ORIENTED_EDGE('',*,*,#1287,.T.);
#1287=EDGE_CURVE('',#1284,#1288,#369,.T.);
#1288=VERTEX_POINT('',#1289);
#1289=CARTESIAN_POINT('',(1.875,-1.705,0.75));
#1290=ORIENTED_EDGE('',*,*,#1291,.T.);
#1291=EDGE_CURVE('',#1288,#1292,#369,.T.);
#1292=VERTEX_POINT('',#1293);
#1293=CARTESIAN_POINT('',(1.875,-2.105,0.75));
#1294=ORIENTED_EDGE('',*,*,#1295,.T.);
#1295=EDGE_CURVE('',#1292,#1296,#369,.T.);
#1296=VERTEX_POINT('',#1297);
#1297=CARTESIAN_POINT('',(1.875,-2.975,0.75));
#1298=ORIENTED_EDGE('',*,*,#1299,.T.);
#1299=EDGE_CURVE('',#1296,#1300,#369,.T.);
#1300=VERTEX_POINT('',#1301);
#1301=CARTESIAN_POINT('',(1.875,-3.375,0.75));
#1302=ORIENTED_EDGE('',*,*,#1303,.T.);
#1303=EDGE_CURVE('',#1300,#1304,#369,.T.);
#1304=VERTEX_POINT('',#1305);
#1305=CARTESIAN_POINT('',(1.875,-4.245,0.75));
#1306=ORIENTED_EDGE('',*,*,#1307,.T.);
#1307=EDGE_CURVE('',#1304,#1308,#369,.T.);
#1308=VERTEX_POINT('',#1309);
#1309=CARTESIAN_POINT('',(1.875,-4.645,0.75));
#1310=ORIENTED_EDGE('',*,*,#1311,.T.);
#1311=EDGE_CURVE('',#1308,#1312,#369,.T.);
#1312=VERTEX_POINT('',#1313);
#1313=CARTESIAN_POINT('',(1.875,-4.7375,0.75));
#1314=ORIENTED_EDGE('',*,*,#1315,.T.);
#1315=EDGE_CURVE('',#1312,#1316,#1318,.T.);
#1316=VERTEX_POINT('',#1317);
#1317=CARTESIAN_POINT('',(1.779349547248,-4.689674773624,1.2));
#1318=B_SPLINE_CURVE_WITH_KNOTS('',1,(#1313,#1317),.UNSPECIFIED.,.F.,.F.,(2,2),(0.,1.),.PIECEWISE_BEZIER_KNOTS.);
#1319=ORIENTED_EDGE('',*,*,#1320,.F.);
#1320=EDGE_CURVE('',#1238,#1316,#1321,.T.);
#1321=LINE('',#1239,#57);
#1322=ORIENTED_EDGE('',*,*,#1237,.F.);
#1323=B_SPLINE_SURFACE_WITH_KNOTS('',1,1,((#368,#1239),(#1313,#1317)),.UNSPECIFIED.,.F.,.F.,.F.,(2,2),(2,2),(0.,9.475),(0.,1.),.PIECEWISE_BEZIER_KNOTS.);
#1324=ADVANCED_FACE('',(#1325),#1342,.F.);
#1325=FACE_BOUND('',#1326,.F.);
#1326=EDGE_LOOP('',(#1327,#1330,#1335,#1338,#1340,#1341));
#1327=ORIENTED_EDGE('',*,*,#1328,.F.);
#1328=EDGE_CURVE('',#1329,#356,#363,.T.);
#1329=VERTEX_POINT('',#364);
#1330=ORIENTED_EDGE('',*,*,#1331,.T.);
#1331=EDGE_CURVE('',#1329,#1332,#1334,.T.);
#1332=VERTEX_POINT('',#1333);
#1333=CARTESIAN_POINT('',(2.15,4.245,0.75));
#1334=LINE('',#364,#57);
#1335=ORIENTED_EDGE('',*,*,#1336,.T.);
#1336=EDGE_CURVE('',#1332,#777,#1337,.T.);
#1337=LINE('',#1333,#71);
#1338=ORIENTED_EDGE('',*,*,#1339,.T.);
#1339=EDGE_CURVE('',#777,#1252,#1337,.T.);
#1340=ORIENTED_EDGE('',*,*,#1251,.F.);
#1341=ORIENTED_EDGE('',*,*,#360,.F.);
#1342=PLANE('',#1343);
#1343=AXIS2_PLACEMENT_3D('',#364,#404,#72);
#1344=ADVANCED_FACE('',(#1345),#401,.F.);
#1345=FACE_BOUND('',#1346,.F.);
#1346=EDGE_LOOP('',(#1347,#1348,#1352,#1353,#1358,#1363,#1366,#1367,#1371,#1372,#1373,#1374));
#1347=ORIENTED_EDGE('',*,*,#432,.T.);
#1348=ORIENTED_EDGE('',*,*,#1349,.T.);
#1349=EDGE_CURVE('',#426,#1132,#1350,.T.);
#1350=LINE('',#1351,#27);
#1351=CARTESIAN_POINT('',(-2.15,-4.645,0.75));
#1352=ORIENTED_EDGE('',*,*,#1130,.F.);
#1353=ORIENTED_EDGE('',*,*,#1354,.F.);
#1354=EDGE_CURVE('',#1355,#1131,#1357,.T.);
#1355=VERTEX_POINT('',#1356);
#1356=CARTESIAN_POINT('',(-1.7375,-4.875,0.75));
#1357=LINE('',#1356,#78);
#1358=ORIENTED_EDGE('',*,*,#1359,.F.);
#1359=EDGE_CURVE('',#1360,#1355,#1362,.T.);
#1360=VERTEX_POINT('',#1361);
#1361=CARTESIAN_POINT('',(1.7375,-4.875,0.75));
#1362=LINE('',#1361,#71);
#1363=ORIENTED_EDGE('',*,*,#1364,.F.);
#1364=EDGE_CURVE('',#1312,#1360,#1365,.T.);
#1365=LINE('',#1313,#64);
#1366=ORIENTED_EDGE('',*,*,#1311,.F.);
#1367=ORIENTED_EDGE('',*,*,#1368,.F.);
#1368=EDGE_CURVE('',#1050,#1308,#1369,.T.);
#1369=LINE('',#1370,#71);
#1370=CARTESIAN_POINT('',(2.15,-4.645,0.75));
#1371=ORIENTED_EDGE('',*,*,#1061,.T.);
#1372=ORIENTED_EDGE('',*,*,#1087,.T.);
#1373=ORIENTED_EDGE('',*,*,#1098,.T.);
#1374=ORIENTED_EDGE('',*,*,#1068,.T.);
#1375=ADVANCED_FACE('',(#1376),#1438,.F.);
#1376=FACE_BOUND('',#1377,.F.);
#1377=EDGE_LOOP('',(#1378,#1379,#1380,#1387,#1394,#1402,#1407,#1412,#1417,#1423,#1430,#1436));
#1378=ORIENTED_EDGE('',*,*,#425,.F.);
#1379=ORIENTED_EDGE('',*,*,#439,.T.);
#1380=ORIENTED_EDGE('',*,*,#1381,.T.);
#1381=EDGE_CURVE('',#440,#1382,#1384,.T.);
#1382=VERTEX_POINT('',#1383);
#1383=CARTESIAN_POINT('',(-2.248480775301,-4.645,0.467364817767));
#1384=CIRCLE('',#1385,1.E-01);
#1385=AXIS2_PLACEMENT_3D('',#1386,#58,#13);
#1386=CARTESIAN_POINT('',(-2.15,-4.645,0.45));
#1387=ORIENTED_EDGE('',*,*,#1388,.T.);
#1388=EDGE_CURVE('',#1382,#1389,#1391,.T.);
#1389=VERTEX_POINT('',#1390);
#1390=CARTESIAN_POINT('',(-2.281006721203,-4.645,0.2479055467));
#1391=LINE('',#1383,#1392);
#1392=VECTOR('',#1393,1.);
#1393=DIRECTION('',(-0.146608033424,1.677544455964E-18,-0.989194664632));
#1394=ORIENTED_EDGE('',*,*,#1395,.T.);
#1395=EDGE_CURVE('',#1389,#1396,#1398,.T.);
#1396=VERTEX_POINT('',#1397);
#1397=CARTESIAN_POINT('',(-2.576449047106,-4.645,0.));
#1398=CIRCLE('',#1399,0.3);
#1399=AXIS2_PLACEMENT_3D('',#1400,#86,#1401);
#1400=CARTESIAN_POINT('',(-2.576449047106,-4.645,0.3));
#1401=DIRECTION('',(0.984807753012,-1.126854202784E-17,-0.173648177667));
#1402=ORIENTED_EDGE('',*,*,#1403,.T.);
#1403=EDGE_CURVE('',#1396,#1404,#1406,.T.);
#1404=VERTEX_POINT('',#1405);
#1405=CARTESIAN_POINT('',(-3.,-4.645,0.));
#1406=LINE('',#1397,#71);
#1407=ORIENTED_EDGE('',*,*,#1408,.T.);
#1408=EDGE_CURVE('',#1404,#1409,#1411,.T.);
#1409=VERTEX_POINT('',#1410);
#1410=CARTESIAN_POINT('',(-3.,-4.645,0.2));
#1411=LINE('',#1405,#430);
#1412=ORIENTED_EDGE('',*,*,#1413,.T.);
#1413=EDGE_CURVE('',#1409,#1414,#1416,.T.);
#1414=VERTEX_POINT('',#1415);
#1415=CARTESIAN_POINT('',(-2.576449047106,-4.645,0.2));
#1416=LINE('',#1410,#27);
#1417=ORIENTED_EDGE('',*,*,#1418,.T.);
#1418=EDGE_CURVE('',#1414,#1419,#1421,.T.);
#1419=VERTEX_POINT('',#1420);
#1420=CARTESIAN_POINT('',(-2.477968271805,-4.645,0.282635182233));
#1421=CIRCLE('',#1422,1.E-01);
#1422=AXIS2_PLACEMENT_3D('',#1400,#58,#404);
#1423=ORIENTED_EDGE('',*,*,#1424,.T.);
#1424=EDGE_CURVE('',#1419,#1425,#1427,.T.);
#1425=VERTEX_POINT('',#1426);
#1426=CARTESIAN_POINT('',(-2.445442325904,-4.645,0.5020944533));
#1427=LINE('',#1420,#1428);
#1428=VECTOR('',#1429,1.);
#1429=DIRECTION('',(0.146608033424,-1.677544455964E-18,0.989194664632));
#1430=ORIENTED_EDGE('',*,*,#1431,.T.);
#1431=EDGE_CURVE('',#1425,#1432,#1433,.T.);
#1432=VERTEX_POINT('',#1351);
#1433=CIRCLE('',#1434,0.3);
#1434=AXIS2_PLACEMENT_3D('',#1386,#86,#1435);
#1435=DIRECTION('',(-0.984807753012,1.126854202784E-17,0.173648177667));
#1436=ORIENTED_EDGE('',*,*,#1437,.T.);
#1437=EDGE_CURVE('',#1432,#426,#1350,.T.);
#1438=PLANE('',#1439);
#1439=AXIS2_PLACEMENT_3D('',#1440,#86,#13);
#1440=CARTESIAN_POINT('',(-2.392663652428,-4.645,0.363434627942));
#1441=ADVANCED_FACE('',(#1442),#1456,.F.);
#1442=FACE_BOUND('',#1443,.F.);
#1443=EDGE_LOOP('',(#1444,#1445,#1452,#1455));
#1444=ORIENTED_EDGE('',*,*,#452,.T.);
#1445=ORIENTED_EDGE('',*,*,#1446,.T.);
#1446=EDGE_CURVE('',#447,#1447,#1449,.T.);
#1447=VERTEX_POINT('',#1448);
#1448=CARTESIAN_POINT('',(-2.248480775301,-4.245,0.467364817767));
#1449=CIRCLE('',#1450,1.E-01);
#1450=AXIS2_PLACEMENT_3D('',#1451,#58,#13);
#1451=CARTESIAN_POINT('',(-2.15,-4.245,0.45));
#1452=ORIENTED_EDGE('',*,*,#1453,.F.);
#1453=EDGE_CURVE('',#1382,#1447,#1454,.T.);
#1454=LINE('',#1383,#85);
#1455=ORIENTED_EDGE('',*,*,#1381,.F.);
#1456=CYLINDRICAL_SURFACE('',#1385,1.E-01);
#1457=ADVANCED_FACE('',(#1458),#1507,.T.);
#1458=FACE_BOUND('',#1459,.T.);
#1459=EDGE_LOOP('',(#459,#445,#1445,#1460,#1465,#1472,#1477,#1482,#1487,#1493,#1498,#1504));
#1460=ORIENTED_EDGE('',*,*,#1461,.T.);
#1461=EDGE_CURVE('',#1447,#1462,#1464,.T.);
#1462=VERTEX_POINT('',#1463);
#1463=CARTESIAN_POINT('',(-2.281006721203,-4.245,0.2479055467));
#1464=LINE('',#1448,#1392);
#1465=ORIENTED_EDGE('',*,*,#1466,.T.);
#1466=EDGE_CURVE('',#1462,#1467,#1469,.T.);
#1467=VERTEX_POINT('',#1468);
#1468=CARTESIAN_POINT('',(-2.576449047106,-4.245,0.));
#1469=CIRCLE('',#1470,0.3);
#1470=AXIS2_PLACEMENT_3D('',#1471,#86,#1401);
#1471=CARTESIAN_POINT('',(-2.576449047106,-4.245,0.3));
#1472=ORIENTED_EDGE('',*,*,#1473,.T.);
#1473=EDGE_CURVE('',#1467,#1474,#1476,.T.);
#1474=VERTEX_POINT('',#1475);
#1475=CARTESIAN_POINT('',(-3.,-4.245,0.));
#1476=LINE('',#1468,#71);
#1477=ORIENTED_EDGE('',*,*,#1478,.T.);
#1478=EDGE_CURVE('',#1474,#1479,#1481,.T.);
#1479=VERTEX_POINT('',#1480);
#1480=CARTESIAN_POINT('',(-3.,-4.245,0.2));
#1481=LINE('',#1475,#430);
#1482=ORIENTED_EDGE('',*,*,#1483,.T.);
#1483=EDGE_CURVE('',#1479,#1484,#1486,.T.);
#1484=VERTEX_POINT('',#1485);
#1485=CARTESIAN_POINT('',(-2.576449047106,-4.245,0.2));
#1486=LINE('',#1480,#27);
#1487=ORIENTED_EDGE('',*,*,#1488,.T.);
#1488=EDGE_CURVE('',#1484,#1489,#1491,.T.);
#1489=VERTEX_POINT('',#1490);
#1490=CARTESIAN_POINT('',(-2.477968271805,-4.245,0.282635182233));
#1491=CIRCLE('',#1492,1.E-01);
#1492=AXIS2_PLACEMENT_3D('',#1471,#58,#404);
#1493=ORIENTED_EDGE('',*,*,#1494,.T.);
#1494=EDGE_CURVE('',#1489,#1495,#1497,.T.);
#1495=VERTEX_POINT('',#1496);
#1496=CARTESIAN_POINT('',(-2.445442325904,-4.245,0.5020944533));
#1497=LINE('',#1490,#1428);
#1498=ORIENTED_EDGE('',*,*,#1499,.T.);
#1499=EDGE_CURVE('',#1495,#1500,#1502,.T.);
#1500=VERTEX_POINT('',#1501);
#1501=CARTESIAN_POINT('',(-2.15,-4.245,0.75));
#1502=CIRCLE('',#1503,0.3);
#1503=AXIS2_PLACEMENT_3D('',#1451,#86,#1435);
#1504=ORIENTED_EDGE('',*,*,#1505,.T.);
#1505=EDGE_CURVE('',#1500,#461,#1506,.T.);
#1506=LINE('',#1501,#27);
#1507=PLANE('',#1508);
#1508=AXIS2_PLACEMENT_3D('',#1509,#86,#13);
#1509=CARTESIAN_POINT('',(-2.392663652428,-4.245,0.363434627942));
#1510=ADVANCED_FACE('',(#1511),#401,.F.);
#1511=FACE_BOUND('',#1512,.F.);
#1512=EDGE_LOOP('',(#1513,#1514,#1518,#1519));
#1513=ORIENTED_EDGE('',*,*,#473,.T.);
#1514=ORIENTED_EDGE('',*,*,#1515,.T.);
#1515=EDGE_CURVE('',#468,#1140,#1516,.T.);
#1516=LINE('',#1517,#27);
#1517=CARTESIAN_POINT('',(-2.15,-3.375,0.75));
#1518=ORIENTED_EDGE('',*,*,#1139,.F.);
#1519=ORIENTED_EDGE('',*,*,#1520,.F.);
#1520=EDGE_CURVE('',#461,#1136,#1506,.T.);
#1521=ADVANCED_FACE('',(#1522),#1578,.F.);
#1522=FACE_BOUND('',#1523,.F.);
#1523=EDGE_LOOP('',(#1524,#1525,#1526,#1533,#1538,#1545,#1550,#1555,#1560,#1566,#1571,#1576));
#1524=ORIENTED_EDGE('',*,*,#467,.F.);
#1525=ORIENTED_EDGE('',*,*,#478,.T.);
#1526=ORIENTED_EDGE('',*,*,#1527,.T.);
#1527=EDGE_CURVE('',#479,#1528,#1530,.T.);
#1528=VERTEX_POINT('',#1529);
#1529=CARTESIAN_POINT('',(-2.248480775301,-3.375,0.467364817767));
#1530=CIRCLE('',#1531,1.E-01);
#1531=AXIS2_PLACEMENT_3D('',#1532,#58,#13);
#1532=CARTESIAN_POINT('',(-2.15,-3.375,0.45));
#1533=ORIENTED_EDGE('',*,*,#1534,.T.);
#1534=EDGE_CURVE('',#1528,#1535,#1537,.T.);
#1535=VERTEX_POINT('',#1536);
#1536=CARTESIAN_POINT('',(-2.281006721203,-3.375,0.2479055467));
#1537=LINE('',#1529,#1392);
#1538=ORIENTED_EDGE('',*,*,#1539,.T.);
#1539=EDGE_CURVE('',#1535,#1540,#1542,.T.);
#1540=VERTEX_POINT('',#1541);
#1541=CARTESIAN_POINT('',(-2.576449047106,-3.375,0.));
#1542=CIRCLE('',#1543,0.3);
#1543=AXIS2_PLACEMENT_3D('',#1544,#86,#1401);
#1544=CARTESIAN_POINT('',(-2.576449047106,-3.375,0.3));
#1545=ORIENTED_EDGE('',*,*,#1546,.T.);
#1546=EDGE_CURVE('',#1540,#1547,#1549,.T.);
#1547=VERTEX_POINT('',#1548);
#1548=CARTESIAN_POINT('',(-3.,-3.375,0.));
#1549=LINE('',#1541,#71);
#1550=ORIENTED_EDGE('',*,*,#1551,.T.);
#1551=EDGE_CURVE('',#1547,#1552,#1554,.T.);
#1552=VERTEX_POINT('',#1553);
#1553=CARTESIAN_POINT('',(-3.,-3.375,0.2));
#1554=LINE('',#1548,#430);
#1555=ORIENTED_EDGE('',*,*,#1556,.T.);
#1556=EDGE_CURVE('',#1552,#1557,#1559,.T.);
#1557=VERTEX_POINT('',#1558);
#1558=CARTESIAN_POINT('',(-2.576449047106,-3.375,0.2));
#1559=LINE('',#1553,#27);
#1560=ORIENTED_EDGE('',*,*,#1561,.T.);
#1561=EDGE_CURVE('',#1557,#1562,#1564,.T.);
#1562=VERTEX_POINT('',#1563);
#1563=CARTESIAN_POINT('',(-2.477968271805,-3.375,0.282635182233));
#1564=CIRCLE('',#1565,1.E-01);
#1565=AXIS2_PLACEMENT_3D('',#1544,#58,#404);
#1566=ORIENTED_EDGE('',*,*,#1567,.T.);
#1567=EDGE_CURVE('',#1562,#1568,#1570,.T.);
#1568=VERTEX_POINT('',#1569);
#1569=CARTESIAN_POINT('',(-2.445442325904,-3.375,0.5020944533));
#1570=LINE('',#1563,#1428);
#1571=ORIENTED_EDGE('',*,*,#1572,.T.);
#1572=EDGE_CURVE('',#1568,#1573,#1574,.T.);
#1573=VERTEX_POINT('',#1517);
#1574=CIRCLE('',#1575,0.3);
#1575=AXIS2_PLACEMENT_3D('',#1532,#86,#1435);
#1576=ORIENTED_EDGE('',*,*,#1577,.T.);
#1577=EDGE_CURVE('',#1573,#468,#1516,.T.);
#1578=PLANE('',#1579);
#1579=AXIS2_PLACEMENT_3D('',#1580,#86,#13);
#1580=CARTESIAN_POINT('',(-2.392663652428,-3.375,0.363434627942));
#1581=ADVANCED_FACE('',(#1582),#1596,.F.);
#1582=FACE_BOUND('',#1583,.F.);
#1583=EDGE_LOOP('',(#1584,#1585,#1592,#1595));
#1584=ORIENTED_EDGE('',*,*,#491,.T.);
#1585=ORIENTED_EDGE('',*,*,#1586,.T.);
#1586=EDGE_CURVE('',#486,#1587,#1589,.T.);
#1587=VERTEX_POINT('',#1588);
#1588=CARTESIAN_POINT('',(-2.248480775301,-2.975,0.467364817767));
#1589=CIRCLE('',#1590,1.E-01);
#1590=AXIS2_PLACEMENT_3D('',#1591,#58,#13);
#1591=CARTESIAN_POINT('',(-2.15,-2.975,0.45));
#1592=ORIENTED_EDGE('',*,*,#1593,.F.);
#1593=EDGE_CURVE('',#1528,#1587,#1594,.T.);
#1594=LINE('',#1529,#85);
#1595=ORIENTED_EDGE('',*,*,#1527,.F.);
#1596=CYLINDRICAL_SURFACE('',#1531,1.E-01);
#1597=ADVANCED_FACE('',(#1598),#1647,.T.);
#1598=FACE_BOUND('',#1599,.T.);
#1599=EDGE_LOOP('',(#498,#484,#1585,#1600,#1605,#1612,#1617,#1622,#1627,#1633,#1638,#1644));
#1600=ORIENTED_EDGE('',*,*,#1601,.T.);
#1601=EDGE_CURVE('',#1587,#1602,#1604,.T.);
#1602=VERTEX_POINT('',#1603);
#1603=CARTESIAN_POINT('',(-2.281006721203,-2.975,0.2479055467));
#1604=LINE('',#1588,#1392);
#1605=ORIENTED_EDGE('',*,*,#1606,.T.);
#1606=EDGE_CURVE('',#1602,#1607,#1609,.T.);
#1607=VERTEX_POINT('',#1608);
#1608=CARTESIAN_POINT('',(-2.576449047106,-2.975,0.));
#1609=CIRCLE('',#1610,0.3);
#1610=AXIS2_PLACEMENT_3D('',#1611,#86,#1401);
#1611=CARTESIAN_POINT('',(-2.576449047106,-2.975,0.3));
#1612=ORIENTED_EDGE('',*,*,#1613,.T.);
#1613=EDGE_CURVE('',#1607,#1614,#1616,.T.);
#1614=VERTEX_POINT('',#1615);
#1615=CARTESIAN_POINT('',(-3.,-2.975,0.));
#1616=LINE('',#1608,#71);
#1617=ORIENTED_EDGE('',*,*,#1618,.T.);
#1618=EDGE_CURVE('',#1614,#1619,#1621,.T.);
#1619=VERTEX_POINT('',#1620);
#1620=CARTESIAN_POINT('',(-3.,-2.975,0.2));
#1621=LINE('',#1615,#430);
#1622=ORIENTED_EDGE('',*,*,#1623,.T.);
#1623=EDGE_CURVE('',#1619,#1624,#1626,.T.);
#1624=VERTEX_POINT('',#1625);
#1625=CARTESIAN_POINT('',(-2.576449047106,-2.975,0.2));
#1626=LINE('',#1620,#27);
#1627=ORIENTED_EDGE('',*,*,#1628,.T.);
#1628=EDGE_CURVE('',#1624,#1629,#1631,.T.);
#1629=VERTEX_POINT('',#1630);
#1630=CARTESIAN_POINT('',(-2.477968271805,-2.975,0.282635182233));
#1631=CIRCLE('',#1632,1.E-01);
#1632=AXIS2_PLACEMENT_3D('',#1611,#58,#404);
#1633=ORIENTED_EDGE('',*,*,#1634,.T.);
#1634=EDGE_CURVE('',#1629,#1635,#1637,.T.);
#1635=VERTEX_POINT('',#1636);
#1636=CARTESIAN_POINT('',(-2.445442325904,-2.975,0.5020944533));
#1637=LINE('',#1630,#1428);
#1638=ORIENTED_EDGE('',*,*,#1639,.T.);
#1639=EDGE_CURVE('',#1635,#1640,#1642,.T.);
#1640=VERTEX_POINT('',#1641);
#1641=CARTESIAN_POINT('',(-2.15,-2.975,0.75));
#1642=CIRCLE('',#1643,0.3);
#1643=AXIS2_PLACEMENT_3D('',#1591,#86,#1435);
#1644=ORIENTED_EDGE('',*,*,#1645,.T.);
#1645=EDGE_CURVE('',#1640,#500,#1646,.T.);
#1646=LINE('',#1641,#27);
#1647=PLANE('',#1648);
#1648=AXIS2_PLACEMENT_3D('',#1649,#86,#13);
#1649=CARTESIAN_POINT('',(-2.392663652428,-2.975,0.363434627942));
#1650=ADVANCED_FACE('',(#1651),#401,.F.);
#1651=FACE_BOUND('',#1652,.F.);
#1652=EDGE_LOOP('',(#1653,#1654,#1658,#1659));
#1653=ORIENTED_EDGE('',*,*,#512,.T.);
#1654=ORIENTED_EDGE('',*,*,#1655,.T.);
#1655=EDGE_CURVE('',#507,#1148,#1656,.T.);
#1656=LINE('',#1657,#27);
#1657=CARTESIAN_POINT('',(-2.15,-2.105,0.75));
#1658=ORIENTED_EDGE('',*,*,#1147,.F.);
#1659=ORIENTED_EDGE('',*,*,#1660,.F.);
#1660=EDGE_CURVE('',#500,#1144,#1646,.T.);
#1661=ADVANCED_FACE('',(#1662),#1718,.F.);
#1662=FACE_BOUND('',#1663,.F.);
#1663=EDGE_LOOP('',(#1664,#1665,#1666,#1673,#1678,#1685,#1690,#1695,#1700,#1706,#1711,#1716));
#1664=ORIENTED_EDGE('',*,*,#506,.F.);
#1665=ORIENTED_EDGE('',*,*,#517,.T.);
#1666=ORIENTED_EDGE('',*,*,#1667,.T.);
#1667=EDGE_CURVE('',#518,#1668,#1670,.T.);
#1668=VERTEX_POINT('',#1669);
#1669=CARTESIAN_POINT('',(-2.248480775301,-2.105,0.467364817767));
#1670=CIRCLE('',#1671,1.E-01);
#1671=AXIS2_PLACEMENT_3D('',#1672,#58,#13);
#1672=CARTESIAN_POINT('',(-2.15,-2.105,0.45));
#1673=ORIENTED_EDGE('',*,*,#1674,.T.);
#1674=EDGE_CURVE('',#1668,#1675,#1677,.T.);
#1675=VERTEX_POINT('',#1676);
#1676=CARTESIAN_POINT('',(-2.281006721203,-2.105,0.2479055467));
#1677=LINE('',#1669,#1392);
#1678=ORIENTED_EDGE('',*,*,#1679,.T.);
#1679=EDGE_CURVE('',#1675,#1680,#1682,.T.);
#1680=VERTEX_POINT('',#1681);
#1681=CARTESIAN_POINT('',(-2.576449047106,-2.105,0.));
#1682=CIRCLE('',#1683,0.3);
#1683=AXIS2_PLACEMENT_3D('',#1684,#86,#1401);
#1684=CARTESIAN_POINT('',(-2.576449047106,-2.105,0.3));
#1685=ORIENTED_EDGE('',*,*,#1686,.T.);
#1686=EDGE_CURVE('',#1680,#1687,#1689,.T.);
#1687=VERTEX_POINT('',#1688);
#1688=CARTESIAN_POINT('',(-3.,-2.105,0.));
#1689=LINE('',#1681,#71);
#1690=ORIENTED_EDGE('',*,*,#1691,.T.);
#1691=EDGE_CURVE('',#1687,#1692,#1694,.T.);
#1692=VERTEX_POINT('',#1693);
#1693=CARTESIAN_POINT('',(-3.,-2.105,0.2));
#1694=LINE('',#1688,#430);
#1695=ORIENTED_EDGE('',*,*,#1696,.T.);
#1696=EDGE_CURVE('',#1692,#1697,#1699,.T.);
#1697=VERTEX_POINT('',#1698);
#1698=CARTESIAN_POINT('',(-2.576449047106,-2.105,0.2));
#1699=LINE('',#1693,#27);
#1700=ORIENTED_EDGE('',*,*,#1701,.T.);
#1701=EDGE_CURVE('',#1697,#1702,#1704,.T.);
#1702=VERTEX_POINT('',#1703);
#1703=CARTESIAN_POINT('',(-2.477968271805,-2.105,0.282635182233));
#1704=CIRCLE('',#1705,1.E-01);
#1705=AXIS2_PLACEMENT_3D('',#1684,#58,#404);
#1706=ORIENTED_EDGE('',*,*,#1707,.T.);
#1707=EDGE_CURVE('',#1702,#1708,#1710,.T.);
#1708=VERTEX_POINT('',#1709);
#1709=CARTESIAN_POINT('',(-2.445442325904,-2.105,0.5020944533));
#1710=LINE('',#1703,#1428);
#1711=ORIENTED_EDGE('',*,*,#1712,.T.);
#1712=EDGE_CURVE('',#1708,#1713,#1714,.T.);
#1713=VERTEX_POINT('',#1657);
#1714=CIRCLE('',#1715,0.3);
#1715=AXIS2_PLACEMENT_3D('',#1672,#86,#1435);
#1716=ORIENTED_EDGE('',*,*,#1717,.T.);
#1717=EDGE_CURVE('',#1713,#507,#1656,.T.);
#1718=PLANE('',#1719);
#1719=AXIS2_PLACEMENT_3D('',#1720,#86,#13);
#1720=CARTESIAN_POINT('',(-2.392663652428,-2.105,0.363434627942));
#1721=ADVANCED_FACE('',(#1722),#1736,.F.);
#1722=FACE_BOUND('',#1723,.F.);
#1723=EDGE_LOOP('',(#1724,#1725,#1732,#1735));
#1724=ORIENTED_EDGE('',*,*,#530,.T.);
#1725=ORIENTED_EDGE('',*,*,#1726,.T.);
#1726=EDGE_CURVE('',#525,#1727,#1729,.T.);
#1727=VERTEX_POINT('',#1728);
#1728=CARTESIAN_POINT('',(-2.248480775301,-1.705,0.467364817767));
#1729=CIRCLE('',#1730,1.E-01);
#1730=AXIS2_PLACEMENT_3D('',#1731,#58,#13);
#1731=CARTESIAN_POINT('',(-2.15,-1.705,0.45));
#1732=ORIENTED_EDGE('',*,*,#1733,.F.);
#1733=EDGE_CURVE('',#1668,#1727,#1734,.T.);
#1734=LINE('',#1669,#85);
#1735=ORIENTED_EDGE('',*,*,#1667,.F.);
#1736=CYLINDRICAL_SURFACE('',#1671,1.E-01);
#1737=ADVANCED_FACE('',(#1738),#1787,.T.);
#1738=FACE_BOUND('',#1739,.T.);
#1739=EDGE_LOOP('',(#537,#523,#1725,#1740,#1745,#1752,#1757,#1762,#1767,#1773,#1778,#1784));
#1740=ORIENTED_EDGE('',*,*,#1741,.T.);
#1741=EDGE_CURVE('',#1727,#1742,#1744,.T.);
#1742=VERTEX_POINT('',#1743);
#1743=CARTESIAN_POINT('',(-2.281006721203,-1.705,0.2479055467));
#1744=LINE('',#1728,#1392);
#1745=ORIENTED_EDGE('',*,*,#1746,.T.);
#1746=EDGE_CURVE('',#1742,#1747,#1749,.T.);
#1747=VERTEX_POINT('',#1748);
#1748=CARTESIAN_POINT('',(-2.576449047106,-1.705,0.));
#1749=CIRCLE('',#1750,0.3);
#1750=AXIS2_PLACEMENT_3D('',#1751,#86,#1401);
#1751=CARTESIAN_POINT('',(-2.576449047106,-1.705,0.3));
#1752=ORIENTED_EDGE('',*,*,#1753,.T.);
#1753=EDGE_CURVE('',#1747,#1754,#1756,.T.);
#1754=VERTEX_POINT('',#1755);
#1755=CARTESIAN_POINT('',(-3.,-1.705,0.));
#1756=LINE('',#1748,#71);
#1757=ORIENTED_EDGE('',*,*,#1758,.T.);
#1758=EDGE_CURVE('',#1754,#1759,#1761,.T.);
#1759=VERTEX_POINT('',#1760);
#1760=CARTESIAN_POINT('',(-3.,-1.705,0.2));
#1761=LINE('',#1755,#430);
#1762=ORIENTED_EDGE('',*,*,#1763,.T.);
#1763=EDGE_CURVE('',#1759,#1764,#1766,.T.);
#1764=VERTEX_POINT('',#1765);
#1765=CARTESIAN_POINT('',(-2.576449047106,-1.705,0.2));
#1766=LINE('',#1760,#27);
#1767=ORIENTED_EDGE('',*,*,#1768,.T.);
#1768=EDGE_CURVE('',#1764,#1769,#1771,.T.);
#1769=VERTEX_POINT('',#1770);
#1770=CARTESIAN_POINT('',(-2.477968271805,-1.705,0.282635182233));
#1771=CIRCLE('',#1772,1.E-01);
#1772=AXIS2_PLACEMENT_3D('',#1751,#58,#404);
#1773=ORIENTED_EDGE('',*,*,#1774,.T.);
#1774=EDGE_CURVE('',#1769,#1775,#1777,.T.);
#1775=VERTEX_POINT('',#1776);
#1776=CARTESIAN_POINT('',(-2.445442325904,-1.705,0.5020944533));
#1777=LINE('',#1770,#1428);
#1778=ORIENTED_EDGE('',*,*,#1779,.T.);
#1779=EDGE_CURVE('',#1775,#1780,#1782,.T.);
#1780=VERTEX_POINT('',#1781);
#1781=CARTESIAN_POINT('',(-2.15,-1.705,0.75));
#1782=CIRCLE('',#1783,0.3);
#1783=AXIS2_PLACEMENT_3D('',#1731,#86,#1435);
#1784=ORIENTED_EDGE('',*,*,#1785,.T.);
#1785=EDGE_CURVE('',#1780,#539,#1786,.T.);
#1786=LINE('',#1781,#27);
#1787=PLANE('',#1788);
#1788=AXIS2_PLACEMENT_3D('',#1789,#86,#13);
#1789=CARTESIAN_POINT('',(-2.392663652428,-1.705,0.363434627942));
#1790=ADVANCED_FACE('',(#1791),#401,.F.);
#1791=FACE_BOUND('',#1792,.F.);
#1792=EDGE_LOOP('',(#1793,#1794,#1798,#1799));
#1793=ORIENTED_EDGE('',*,*,#551,.T.);
#1794=ORIENTED_EDGE('',*,*,#1795,.T.);
#1795=EDGE_CURVE('',#546,#1156,#1796,.T.);
#1796=LINE('',#1797,#27);
#1797=CARTESIAN_POINT('',(-2.15,-0.835,0.75));
#1798=ORIENTED_EDGE('',*,*,#1155,.F.);
#1799=ORIENTED_EDGE('',*,*,#1800,.F.);
#1800=EDGE_CURVE('',#539,#1152,#1786,.T.);
#1801=ADVANCED_FACE('',(#1802),#1858,.F.);
#1802=FACE_BOUND('',#1803,.F.);
#1803=EDGE_LOOP('',(#1804,#1805,#1806,#1813,#1818,#1825,#1830,#1835,#1840,#1846,#1851,#1856));
#1804=ORIENTED_EDGE('',*,*,#545,.F.);
#1805=ORIENTED_EDGE('',*,*,#556,.T.);
#1806=ORIENTED_EDGE('',*,*,#1807,.T.);
#1807=EDGE_CURVE('',#557,#1808,#1810,.T.);
#1808=VERTEX_POINT('',#1809);
#1809=CARTESIAN_POINT('',(-2.248480775301,-0.835,0.467364817767));
#1810=CIRCLE('',#1811,1.E-01);
#1811=AXIS2_PLACEMENT_3D('',#1812,#58,#13);
#1812=CARTESIAN_POINT('',(-2.15,-0.835,0.45));
#1813=ORIENTED_EDGE('',*,*,#1814,.T.);
#1814=EDGE_CURVE('',#1808,#1815,#1817,.T.);
#1815=VERTEX_POINT('',#1816);
#1816=CARTESIAN_POINT('',(-2.281006721203,-0.835,0.2479055467));
#1817=LINE('',#1809,#1392);
#1818=ORIENTED_EDGE('',*,*,#1819,.T.);
#1819=EDGE_CURVE('',#1815,#1820,#1822,.T.);
#1820=VERTEX_POINT('',#1821);
#1821=CARTESIAN_POINT('',(-2.576449047106,-0.835,0.));
#1822=CIRCLE('',#1823,0.3);
#1823=AXIS2_PLACEMENT_3D('',#1824,#86,#1401);
#1824=CARTESIAN_POINT('',(-2.576449047106,-0.835,0.3));
#1825=ORIENTED_EDGE('',*,*,#1826,.T.);
#1826=EDGE_CURVE('',#1820,#1827,#1829,.T.);
#1827=VERTEX_POINT('',#1828);
#1828=CARTESIAN_POINT('',(-3.,-0.835,0.));
#1829=LINE('',#1821,#71);
#1830=ORIENTED_EDGE('',*,*,#1831,.T.);
#1831=EDGE_CURVE('',#1827,#1832,#1834,.T.);
#1832=VERTEX_POINT('',#1833);
#1833=CARTESIAN_POINT('',(-3.,-0.835,0.2));
#1834=LINE('',#1828,#430);
#1835=ORIENTED_EDGE('',*,*,#1836,.T.);
#1836=EDGE_CURVE('',#1832,#1837,#1839,.T.);
#1837=VERTEX_POINT('',#1838);
#1838=CARTESIAN_POINT('',(-2.576449047106,-0.835,0.2));
#1839=LINE('',#1833,#27);
#1840=ORIENTED_EDGE('',*,*,#1841,.T.);
#1841=EDGE_CURVE('',#1837,#1842,#1844,.T.);
#1842=VERTEX_POINT('',#1843);
#1843=CARTESIAN_POINT('',(-2.477968271805,-0.835,0.282635182233));
#1844=CIRCLE('',#1845,1.E-01);
#1845=AXIS2_PLACEMENT_3D('',#1824,#58,#404);
#1846=ORIENTED_EDGE('',*,*,#1847,.T.);
#1847=EDGE_CURVE('',#1842,#1848,#1850,.T.);
#1848=VERTEX_POINT('',#1849);
#1849=CARTESIAN_POINT('',(-2.445442325904,-0.835,0.5020944533));
#1850=LINE('',#1843,#1428);
#1851=ORIENTED_EDGE('',*,*,#1852,.T.);
#1852=EDGE_CURVE('',#1848,#1853,#1854,.T.);
#1853=VERTEX_POINT('',#1797);
#1854=CIRCLE('',#1855,0.3);
#1855=AXIS2_PLACEMENT_3D('',#1812,#86,#1435);
#1856=ORIENTED_EDGE('',*,*,#1857,.T.);
#1857=EDGE_CURVE('',#1853,#546,#1796,.T.);
#1858=PLANE('',#1859);
#1859=AXIS2_PLACEMENT_3D('',#1860,#86,#13);
#1860=CARTESIAN_POINT('',(-2.392663652428,-0.835,0.363434627942));
#1861=ADVANCED_FACE('',(#1862),#1876,.F.);
#1862=FACE_BOUND('',#1863,.F.);
#1863=EDGE_LOOP('',(#1864,#1865,#1872,#1875));
#1864=ORIENTED_EDGE('',*,*,#569,.T.);
#1865=ORIENTED_EDGE('',*,*,#1866,.T.);
#1866=EDGE_CURVE('',#564,#1867,#1869,.T.);
#1867=VERTEX_POINT('',#1868);
#1868=CARTESIAN_POINT('',(-2.248480775301,-0.435,0.467364817767));
#1869=CIRCLE('',#1870,1.E-01);
#1870=AXIS2_PLACEMENT_3D('',#1871,#58,#13);
#1871=CARTESIAN_POINT('',(-2.15,-0.435,0.45));
#1872=ORIENTED_EDGE('',*,*,#1873,.F.);
#1873=EDGE_CURVE('',#1808,#1867,#1874,.T.);
#1874=LINE('',#1809,#85);
#1875=ORIENTED_EDGE('',*,*,#1807,.F.);
#1876=CYLINDRICAL_SURFACE('',#1811,1.E-01);
#1877=ADVANCED_FACE('',(#1878),#1927,.T.);
#1878=FACE_BOUND('',#1879,.T.);
#1879=EDGE_LOOP('',(#576,#562,#1865,#1880,#1885,#1892,#1897,#1902,#1907,#1913,#1918,#1924));
#1880=ORIENTED_EDGE('',*,*,#1881,.T.);
#1881=EDGE_CURVE('',#1867,#1882,#1884,.T.);
#1882=VERTEX_POINT('',#1883);
#1883=CARTESIAN_POINT('',(-2.281006721203,-0.435,0.2479055467));
#1884=LINE('',#1868,#1392);
#1885=ORIENTED_EDGE('',*,*,#1886,.T.);
#1886=EDGE_CURVE('',#1882,#1887,#1889,.T.);
#1887=VERTEX_POINT('',#1888);
#1888=CARTESIAN_POINT('',(-2.576449047106,-0.435,0.));
#1889=CIRCLE('',#1890,0.3);
#1890=AXIS2_PLACEMENT_3D('',#1891,#86,#1401);
#1891=CARTESIAN_POINT('',(-2.576449047106,-0.435,0.3));
#1892=ORIENTED_EDGE('',*,*,#1893,.T.);
#1893=EDGE_CURVE('',#1887,#1894,#1896,.T.);
#1894=VERTEX_POINT('',#1895);
#1895=CARTESIAN_POINT('',(-3.,-0.435,0.));
#1896=LINE('',#1888,#71);
#1897=ORIENTED_EDGE('',*,*,#1898,.T.);
#1898=EDGE_CURVE('',#1894,#1899,#1901,.T.);
#1899=VERTEX_POINT('',#1900);
#1900=CARTESIAN_POINT('',(-3.,-0.435,0.2));
#1901=LINE('',#1895,#430);
#1902=ORIENTED_EDGE('',*,*,#1903,.T.);
#1903=EDGE_CURVE('',#1899,#1904,#1906,.T.);
#1904=VERTEX_POINT('',#1905);
#1905=CARTESIAN_POINT('',(-2.576449047106,-0.435,0.2));
#1906=LINE('',#1900,#27);
#1907=ORIENTED_EDGE('',*,*,#1908,.T.);
#1908=EDGE_CURVE('',#1904,#1909,#1911,.T.);
#1909=VERTEX_POINT('',#1910);
#1910=CARTESIAN_POINT('',(-2.477968271805,-0.435,0.282635182233));
#1911=CIRCLE('',#1912,1.E-01);
#1912=AXIS2_PLACEMENT_3D('',#1891,#58,#404);
#1913=ORIENTED_EDGE('',*,*,#1914,.T.);
#1914=EDGE_CURVE('',#1909,#1915,#1917,.T.);
#1915=VERTEX_POINT('',#1916);
#1916=CARTESIAN_POINT('',(-2.445442325904,-0.435,0.5020944533));
#1917=LINE('',#1910,#1428);
#1918=ORIENTED_EDGE('',*,*,#1919,.T.);
#1919=EDGE_CURVE('',#1915,#1920,#1922,.T.);
#1920=VERTEX_POINT('',#1921);
#1921=CARTESIAN_POINT('',(-2.15,-0.435,0.75));
#1922=CIRCLE('',#1923,0.3);
#1923=AXIS2_PLACEMENT_3D('',#1871,#86,#1435);
#1924=ORIENTED_EDGE('',*,*,#1925,.T.);
#1925=EDGE_CURVE('',#1920,#578,#1926,.T.);
#1926=LINE('',#1921,#27);
#1927=PLANE('',#1928);
#1928=AXIS2_PLACEMENT_3D('',#1929,#86,#13);
#1929=CARTESIAN_POINT('',(-2.392663652428,-0.435,0.363434627942));
#1930=ADVANCED_FACE('',(#1931),#401,.F.);
#1931=FACE_BOUND('',#1932,.F.);
#1932=EDGE_LOOP('',(#1933,#1934,#1938,#1939));
#1933=ORIENTED_EDGE('',*,*,#590,.T.);
#1934=ORIENTED_EDGE('',*,*,#1935,.T.);
#1935=EDGE_CURVE('',#585,#1164,#1936,.T.);
#1936=LINE('',#1937,#27);
#1937=CARTESIAN_POINT('',(-2.15,0.435,0.75));
#1938=ORIENTED_EDGE('',*,*,#1163,.F.);
#1939=ORIENTED_EDGE('',*,*,#1940,.F.);
#1940=EDGE_CURVE('',#578,#1160,#1926,.T.);
#1941=ADVANCED_FACE('',(#1942),#1998,.F.);
#1942=FACE_BOUND('',#1943,.F.);
#1943=EDGE_LOOP('',(#1944,#1945,#1946,#1953,#1958,#1965,#1970,#1975,#1980,#1986,#1991,#1996));
#1944=ORIENTED_EDGE('',*,*,#584,.F.);
#1945=ORIENTED_EDGE('',*,*,#595,.T.);
#1946=ORIENTED_EDGE('',*,*,#1947,.T.);
#1947=EDGE_CURVE('',#596,#1948,#1950,.T.);
#1948=VERTEX_POINT('',#1949);
#1949=CARTESIAN_POINT('',(-2.248480775301,0.435,0.467364817767));
#1950=CIRCLE('',#1951,1.E-01);
#1951=AXIS2_PLACEMENT_3D('',#1952,#58,#13);
#1952=CARTESIAN_POINT('',(-2.15,0.435,0.45));
#1953=ORIENTED_EDGE('',*,*,#1954,.T.);
#1954=EDGE_CURVE('',#1948,#1955,#1957,.T.);
#1955=VERTEX_POINT('',#1956);
#1956=CARTESIAN_POINT('',(-2.281006721203,0.435,0.2479055467));
#1957=LINE('',#1949,#1392);
#1958=ORIENTED_EDGE('',*,*,#1959,.T.);
#1959=EDGE_CURVE('',#1955,#1960,#1962,.T.);
#1960=VERTEX_POINT('',#1961);
#1961=CARTESIAN_POINT('',(-2.576449047106,0.435,0.));
#1962=CIRCLE('',#1963,0.3);
#1963=AXIS2_PLACEMENT_3D('',#1964,#86,#1401);
#1964=CARTESIAN_POINT('',(-2.576449047106,0.435,0.3));
#1965=ORIENTED_EDGE('',*,*,#1966,.T.);
#1966=EDGE_CURVE('',#1960,#1967,#1969,.T.);
#1967=VERTEX_POINT('',#1968);
#1968=CARTESIAN_POINT('',(-3.,0.435,0.));
#1969=LINE('',#1961,#71);
#1970=ORIENTED_EDGE('',*,*,#1971,.T.);
#1971=EDGE_CURVE('',#1967,#1972,#1974,.T.);
#1972=VERTEX_POINT('',#1973);
#1973=CARTESIAN_POINT('',(-3.,0.435,0.2));
#1974=LINE('',#1968,#430);
#1975=ORIENTED_EDGE('',*,*,#1976,.T.);
#1976=EDGE_CURVE('',#1972,#1977,#1979,.T.);
#1977=VERTEX_POINT('',#1978);
#1978=CARTESIAN_POINT('',(-2.576449047106,0.435,0.2));
#1979=LINE('',#1973,#27);
#1980=ORIENTED_EDGE('',*,*,#1981,.T.);
#1981=EDGE_CURVE('',#1977,#1982,#1984,.T.);
#1982=VERTEX_POINT('',#1983);
#1983=CARTESIAN_POINT('',(-2.477968271805,0.435,0.282635182233));
#1984=CIRCLE('',#1985,1.E-01);
#1985=AXIS2_PLACEMENT_3D('',#1964,#58,#404);
#1986=ORIENTED_EDGE('',*,*,#1987,.T.);
#1987=EDGE_CURVE('',#1982,#1988,#1990,.T.);
#1988=VERTEX_POINT('',#1989);
#1989=CARTESIAN_POINT('',(-2.445442325904,0.435,0.5020944533));
#1990=LINE('',#1983,#1428);
#1991=ORIENTED_EDGE('',*,*,#1992,.T.);
#1992=EDGE_CURVE('',#1988,#1993,#1994,.T.);
#1993=VERTEX_POINT('',#1937);
#1994=CIRCLE('',#1995,0.3);
#1995=AXIS2_PLACEMENT_3D('',#1952,#86,#1435);
#1996=ORIENTED_EDGE('',*,*,#1997,.T.);
#1997=EDGE_CURVE('',#1993,#585,#1936,.T.);
#1998=PLANE('',#1999);
#1999=AXIS2_PLACEMENT_3D('',#2000,#86,#13);
#2000=CARTESIAN_POINT('',(-2.392663652428,0.435,0.363434627942));
#2001=ADVANCED_FACE('',(#2002),#2016,.F.);
#2002=FACE_BOUND('',#2003,.F.);
#2003=EDGE_LOOP('',(#2004,#2005,#2012,#2015));
#2004=ORIENTED_EDGE('',*,*,#608,.T.);
#2005=ORIENTED_EDGE('',*,*,#2006,.T.);
#2006=EDGE_CURVE('',#603,#2007,#2009,.T.);
#2007=VERTEX_POINT('',#2008);
#2008=CARTESIAN_POINT('',(-2.248480775301,0.835,0.467364817767));
#2009=CIRCLE('',#2010,1.E-01);
#2010=AXIS2_PLACEMENT_3D('',#2011,#58,#13);
#2011=CARTESIAN_POINT('',(-2.15,0.835,0.45));
#2012=ORIENTED_EDGE('',*,*,#2013,.F.);
#2013=EDGE_CURVE('',#1948,#2007,#2014,.T.);
#2014=LINE('',#1949,#85);
#2015=ORIENTED_EDGE('',*,*,#1947,.F.);
#2016=CYLINDRICAL_SURFACE('',#1951,1.E-01);
#2017=ADVANCED_FACE('',(#2018),#2067,.T.);
#2018=FACE_BOUND('',#2019,.T.);
#2019=EDGE_LOOP('',(#615,#601,#2005,#2020,#2025,#2032,#2037,#2042,#2047,#2053,#2058,#2064));
#2020=ORIENTED_EDGE('',*,*,#2021,.T.);
#2021=EDGE_CURVE('',#2007,#2022,#2024,.T.);
#2022=VERTEX_POINT('',#2023);
#2023=CARTESIAN_POINT('',(-2.281006721203,0.835,0.2479055467));
#2024=LINE('',#2008,#1392);
#2025=ORIENTED_EDGE('',*,*,#2026,.T.);
#2026=EDGE_CURVE('',#2022,#2027,#2029,.T.);
#2027=VERTEX_POINT('',#2028);
#2028=CARTESIAN_POINT('',(-2.576449047106,0.835,0.));
#2029=CIRCLE('',#2030,0.3);
#2030=AXIS2_PLACEMENT_3D('',#2031,#86,#1401);
#2031=CARTESIAN_POINT('',(-2.576449047106,0.835,0.3));
#2032=ORIENTED_EDGE('',*,*,#2033,.T.);
#2033=EDGE_CURVE('',#2027,#2034,#2036,.T.);
#2034=VERTEX_POINT('',#2035);
#2035=CARTESIAN_POINT('',(-3.,0.835,0.));
#2036=LINE('',#2028,#71);
#2037=ORIENTED_EDGE('',*,*,#2038,.T.);
#2038=EDGE_CURVE('',#2034,#2039,#2041,.T.);
#2039=VERTEX_POINT('',#2040);
#2040=CARTESIAN_POINT('',(-3.,0.835,0.2));
#2041=LINE('',#2035,#430);
#2042=ORIENTED_EDGE('',*,*,#2043,.T.);
#2043=EDGE_CURVE('',#2039,#2044,#2046,.T.);
#2044=VERTEX_POINT('',#2045);
#2045=CARTESIAN_POINT('',(-2.576449047106,0.835,0.2));
#2046=LINE('',#2040,#27);
#2047=ORIENTED_EDGE('',*,*,#2048,.T.);
#2048=EDGE_CURVE('',#2044,#2049,#2051,.T.);
#2049=VERTEX_POINT('',#2050);
#2050=CARTESIAN_POINT('',(-2.477968271805,0.835,0.282635182233));
#2051=CIRCLE('',#2052,1.E-01);
#2052=AXIS2_PLACEMENT_3D('',#2031,#58,#404);
#2053=ORIENTED_EDGE('',*,*,#2054,.T.);
#2054=EDGE_CURVE('',#2049,#2055,#2057,.T.);
#2055=VERTEX_POINT('',#2056);
#2056=CARTESIAN_POINT('',(-2.445442325904,0.835,0.5020944533));
#2057=LINE('',#2050,#1428);
#2058=ORIENTED_EDGE('',*,*,#2059,.T.);
#2059=EDGE_CURVE('',#2055,#2060,#2062,.T.);
#2060=VERTEX_POINT('',#2061);
#2061=CARTESIAN_POINT('',(-2.15,0.835,0.75));
#2062=CIRCLE('',#2063,0.3);
#2063=AXIS2_PLACEMENT_3D('',#2011,#86,#1435);
#2064=ORIENTED_EDGE('',*,*,#2065,.T.);
#2065=EDGE_CURVE('',#2060,#617,#2066,.T.);
#2066=LINE('',#2061,#27);
#2067=PLANE('',#2068);
#2068=AXIS2_PLACEMENT_3D('',#2069,#86,#13);
#2069=CARTESIAN_POINT('',(-2.392663652428,0.835,0.363434627942));
#2070=ADVANCED_FACE('',(#2071),#401,.F.);
#2071=FACE_BOUND('',#2072,.F.);
#2072=EDGE_LOOP('',(#2073,#2074,#2078,#2079));
#2073=ORIENTED_EDGE('',*,*,#629,.T.);
#2074=ORIENTED_EDGE('',*,*,#2075,.T.);
#2075=EDGE_CURVE('',#624,#1172,#2076,.T.);
#2076=LINE('',#2077,#27);
#2077=CARTESIAN_POINT('',(-2.15,1.705,0.75));
#2078=ORIENTED_EDGE('',*,*,#1171,.F.);
#2079=ORIENTED_EDGE('',*,*,#2080,.F.);
#2080=EDGE_CURVE('',#617,#1168,#2066,.T.);
#2081=ADVANCED_FACE('',(#2082),#2138,.F.);
#2082=FACE_BOUND('',#2083,.F.);
#2083=EDGE_LOOP('',(#2084,#2085,#2086,#2093,#2098,#2105,#2110,#2115,#2120,#2126,#2131,#2136));
#2084=ORIENTED_EDGE('',*,*,#623,.F.);
#2085=ORIENTED_EDGE('',*,*,#634,.T.);
#2086=ORIENTED_EDGE('',*,*,#2087,.T.);
#2087=EDGE_CURVE('',#635,#2088,#2090,.T.);
#2088=VERTEX_POINT('',#2089);
#2089=CARTESIAN_POINT('',(-2.248480775301,1.705,0.467364817767));
#2090=CIRCLE('',#2091,1.E-01);
#2091=AXIS2_PLACEMENT_3D('',#2092,#58,#13);
#2092=CARTESIAN_POINT('',(-2.15,1.705,0.45));
#2093=ORIENTED_EDGE('',*,*,#2094,.T.);
#2094=EDGE_CURVE('',#2088,#2095,#2097,.T.);
#2095=VERTEX_POINT('',#2096);
#2096=CARTESIAN_POINT('',(-2.281006721203,1.705,0.2479055467));
#2097=LINE('',#2089,#1392);
#2098=ORIENTED_EDGE('',*,*,#2099,.T.);
#2099=EDGE_CURVE('',#2095,#2100,#2102,.T.);
#2100=VERTEX_POINT('',#2101);
#2101=CARTESIAN_POINT('',(-2.576449047106,1.705,0.));
#2102=CIRCLE('',#2103,0.3);
#2103=AXIS2_PLACEMENT_3D('',#2104,#86,#1401);
#2104=CARTESIAN_POINT('',(-2.576449047106,1.705,0.3));
#2105=ORIENTED_EDGE('',*,*,#2106,.T.);
#2106=EDGE_CURVE('',#2100,#2107,#2109,.T.);
#2107=VERTEX_POINT('',#2108);
#2108=CARTESIAN_POINT('',(-3.,1.705,0.));
#2109=LINE('',#2101,#71);
#2110=ORIENTED_EDGE('',*,*,#2111,.T.);
#2111=EDGE_CURVE('',#2107,#2112,#2114,.T.);
#2112=VERTEX_POINT('',#2113);
#2113=CARTESIAN_POINT('',(-3.,1.705,0.2));
#2114=LINE('',#2108,#430);
#2115=ORIENTED_EDGE('',*,*,#2116,.T.);
#2116=EDGE_CURVE('',#2112,#2117,#2119,.T.);
#2117=VERTEX_POINT('',#2118);
#2118=CARTESIAN_POINT('',(-2.576449047106,1.705,0.2));
#2119=LINE('',#2113,#27);
#2120=ORIENTED_EDGE('',*,*,#2121,.T.);
#2121=EDGE_CURVE('',#2117,#2122,#2124,.T.);
#2122=VERTEX_POINT('',#2123);
#2123=CARTESIAN_POINT('',(-2.477968271805,1.705,0.282635182233));
#2124=CIRCLE('',#2125,1.E-01);
#2125=AXIS2_PLACEMENT_3D('',#2104,#58,#404);
#2126=ORIENTED_EDGE('',*,*,#2127,.T.);
#2127=EDGE_CURVE('',#2122,#2128,#2130,.T.);
#2128=VERTEX_POINT('',#2129);
#2129=CARTESIAN_POINT('',(-2.445442325904,1.705,0.5020944533));
#2130=LINE('',#2123,#1428);
#2131=ORIENTED_EDGE('',*,*,#2132,.T.);
#2132=EDGE_CURVE('',#2128,#2133,#2134,.T.);
#2133=VERTEX_POINT('',#2077);
#2134=CIRCLE('',#2135,0.3);
#2135=AXIS2_PLACEMENT_3D('',#2092,#86,#1435);
#2136=ORIENTED_EDGE('',*,*,#2137,.T.);
#2137=EDGE_CURVE('',#2133,#624,#2076,.T.);
#2138=PLANE('',#2139);
#2139=AXIS2_PLACEMENT_3D('',#2140,#86,#13);
#2140=CARTESIAN_POINT('',(-2.392663652428,1.705,0.363434627942));
#2141=ADVANCED_FACE('',(#2142),#2156,.F.);
#2142=FACE_BOUND('',#2143,.F.);
#2143=EDGE_LOOP('',(#2144,#2145,#2152,#2155));
#2144=ORIENTED_EDGE('',*,*,#647,.T.);
#2145=ORIENTED_EDGE('',*,*,#2146,.T.);
#2146=EDGE_CURVE('',#642,#2147,#2149,.T.);
#2147=VERTEX_POINT('',#2148);
#2148=CARTESIAN_POINT('',(-2.248480775301,2.105,0.467364817767));
#2149=CIRCLE('',#2150,1.E-01);
#2150=AXIS2_PLACEMENT_3D('',#2151,#58,#13);
#2151=CARTESIAN_POINT('',(-2.15,2.105,0.45));
#2152=ORIENTED_EDGE('',*,*,#2153,.F.);
#2153=EDGE_CURVE('',#2088,#2147,#2154,.T.);
#2154=LINE('',#2089,#85);
#2155=ORIENTED_EDGE('',*,*,#2087,.F.);
#2156=CYLINDRICAL_SURFACE('',#2091,1.E-01);
#2157=ADVANCED_FACE('',(#2158),#2207,.T.);
#2158=FACE_BOUND('',#2159,.T.);
#2159=EDGE_LOOP('',(#654,#640,#2145,#2160,#2165,#2172,#2177,#2182,#2187,#2193,#2198,#2204));
#2160=ORIENTED_EDGE('',*,*,#2161,.T.);
#2161=EDGE_CURVE('',#2147,#2162,#2164,.T.);
#2162=VERTEX_POINT('',#2163);
#2163=CARTESIAN_POINT('',(-2.281006721203,2.105,0.2479055467));
#2164=LINE('',#2148,#1392);
#2165=ORIENTED_EDGE('',*,*,#2166,.T.);
#2166=EDGE_CURVE('',#2162,#2167,#2169,.T.);
#2167=VERTEX_POINT('',#2168);
#2168=CARTESIAN_POINT('',(-2.576449047106,2.105,0.));
#2169=CIRCLE('',#2170,0.3);
#2170=AXIS2_PLACEMENT_3D('',#2171,#86,#1401);
#2171=CARTESIAN_POINT('',(-2.576449047106,2.105,0.3));
#2172=ORIENTED_EDGE('',*,*,#2173,.T.);
#2173=EDGE_CURVE('',#2167,#2174,#2176,.T.);
#2174=VERTEX_POINT('',#2175);
#2175=CARTESIAN_POINT('',(-3.,2.105,0.));
#2176=LINE('',#2168,#71);
#2177=ORIENTED_EDGE('',*,*,#2178,.T.);
#2178=EDGE_CURVE('',#2174,#2179,#2181,.T.);
#2179=VERTEX_POINT('',#2180);
#2180=CARTESIAN_POINT('',(-3.,2.105,0.2));
#2181=LINE('',#2175,#430);
#2182=ORIENTED_EDGE('',*,*,#2183,.T.);
#2183=EDGE_CURVE('',#2179,#2184,#2186,.T.);
#2184=VERTEX_POINT('',#2185);
#2185=CARTESIAN_POINT('',(-2.576449047106,2.105,0.2));
#2186=LINE('',#2180,#27);
#2187=ORIENTED_EDGE('',*,*,#2188,.T.);
#2188=EDGE_CURVE('',#2184,#2189,#2191,.T.);
#2189=VERTEX_POINT('',#2190);
#2190=CARTESIAN_POINT('',(-2.477968271805,2.105,0.282635182233));
#2191=CIRCLE('',#2192,1.E-01);
#2192=AXIS2_PLACEMENT_3D('',#2171,#58,#404);
#2193=ORIENTED_EDGE('',*,*,#2194,.T.);
#2194=EDGE_CURVE('',#2189,#2195,#2197,.T.);
#2195=VERTEX_POINT('',#2196);
#2196=CARTESIAN_POINT('',(-2.445442325904,2.105,0.5020944533));
#2197=LINE('',#2190,#1428);
#2198=ORIENTED_EDGE('',*,*,#2199,.T.);
#2199=EDGE_CURVE('',#2195,#2200,#2202,.T.);
#2200=VERTEX_POINT('',#2201);
#2201=CARTESIAN_POINT('',(-2.15,2.105,0.75));
#2202=CIRCLE('',#2203,0.3);
#2203=AXIS2_PLACEMENT_3D('',#2151,#86,#1435);
#2204=ORIENTED_EDGE('',*,*,#2205,.T.);
#2205=EDGE_CURVE('',#2200,#656,#2206,.T.);
#2206=LINE('',#2201,#27);
#2207=PLANE('',#2208);
#2208=AXIS2_PLACEMENT_3D('',#2209,#86,#13);
#2209=CARTESIAN_POINT('',(-2.392663652428,2.105,0.363434627942));
#2210=ADVANCED_FACE('',(#2211),#401,.F.);
#2211=FACE_BOUND('',#2212,.F.);
#2212=EDGE_LOOP('',(#2213,#2214,#2218,#2219));
#2213=ORIENTED_EDGE('',*,*,#668,.T.);
#2214=ORIENTED_EDGE('',*,*,#2215,.T.);
#2215=EDGE_CURVE('',#663,#1180,#2216,.T.);
#2216=LINE('',#2217,#27);
#2217=CARTESIAN_POINT('',(-2.15,2.975,0.75));
#2218=ORIENTED_EDGE('',*,*,#1179,.F.);
#2219=ORIENTED_EDGE('',*,*,#2220,.F.);
#2220=EDGE_CURVE('',#656,#1176,#2206,.T.);
#2221=ADVANCED_FACE('',(#2222),#2278,.F.);
#2222=FACE_BOUND('',#2223,.F.);
#2223=EDGE_LOOP('',(#2224,#2225,#2226,#2233,#2238,#2245,#2250,#2255,#2260,#2266,#2271,#2276));
#2224=ORIENTED_EDGE('',*,*,#662,.F.);
#2225=ORIENTED_EDGE('',*,*,#673,.T.);
#2226=ORIENTED_EDGE('',*,*,#2227,.T.);
#2227=EDGE_CURVE('',#674,#2228,#2230,.T.);
#2228=VERTEX_POINT('',#2229);
#2229=CARTESIAN_POINT('',(-2.248480775301,2.975,0.467364817767));
#2230=CIRCLE('',#2231,1.E-01);
#2231=AXIS2_PLACEMENT_3D('',#2232,#58,#13);
#2232=CARTESIAN_POINT('',(-2.15,2.975,0.45));
#2233=ORIENTED_EDGE('',*,*,#2234,.T.);
#2234=EDGE_CURVE('',#2228,#2235,#2237,.T.);
#2235=VERTEX_POINT('',#2236);
#2236=CARTESIAN_POINT('',(-2.281006721203,2.975,0.2479055467));
#2237=LINE('',#2229,#1392);
#2238=ORIENTED_EDGE('',*,*,#2239,.T.);
#2239=EDGE_CURVE('',#2235,#2240,#2242,.T.);
#2240=VERTEX_POINT('',#2241);
#2241=CARTESIAN_POINT('',(-2.576449047106,2.975,0.));
#2242=CIRCLE('',#2243,0.3);
#2243=AXIS2_PLACEMENT_3D('',#2244,#86,#1401);
#2244=CARTESIAN_POINT('',(-2.576449047106,2.975,0.3));
#2245=ORIENTED_EDGE('',*,*,#2246,.T.);
#2246=EDGE_CURVE('',#2240,#2247,#2249,.T.);
#2247=VERTEX_POINT('',#2248);
#2248=CARTESIAN_POINT('',(-3.,2.975,0.));
#2249=LINE('',#2241,#71);
#2250=ORIENTED_EDGE('',*,*,#2251,.T.);
#2251=EDGE_CURVE('',#2247,#2252,#2254,.T.);
#2252=VERTEX_POINT('',#2253);
#2253=CARTESIAN_POINT('',(-3.,2.975,0.2));
#2254=LINE('',#2248,#430);
#2255=ORIENTED_EDGE('',*,*,#2256,.T.);
#2256=EDGE_CURVE('',#2252,#2257,#2259,.T.);
#2257=VERTEX_POINT('',#2258);
#2258=CARTESIAN_POINT('',(-2.576449047106,2.975,0.2));
#2259=LINE('',#2253,#27);
#2260=ORIENTED_EDGE('',*,*,#2261,.T.);
#2261=EDGE_CURVE('',#2257,#2262,#2264,.T.);
#2262=VERTEX_POINT('',#2263);
#2263=CARTESIAN_POINT('',(-2.477968271805,2.975,0.282635182233));
#2264=CIRCLE('',#2265,1.E-01);
#2265=AXIS2_PLACEMENT_3D('',#2244,#58,#404);
#2266=ORIENTED_EDGE('',*,*,#2267,.T.);
#2267=EDGE_CURVE('',#2262,#2268,#2270,.T.);
#2268=VERTEX_POINT('',#2269);
#2269=CARTESIAN_POINT('',(-2.445442325904,2.975,0.5020944533));
#2270=LINE('',#2263,#1428);
#2271=ORIENTED_EDGE('',*,*,#2272,.T.);
#2272=EDGE_CURVE('',#2268,#2273,#2274,.T.);
#2273=VERTEX_POINT('',#2217);
#2274=CIRCLE('',#2275,0.3);
#2275=AXIS2_PLACEMENT_3D('',#2232,#86,#1435);
#2276=ORIENTED_EDGE('',*,*,#2277,.T.);
#2277=EDGE_CURVE('',#2273,#663,#2216,.T.);
#2278=PLANE('',#2279);
#2279=AXIS2_PLACEMENT_3D('',#2280,#86,#13);
#2280=CARTESIAN_POINT('',(-2.392663652428,2.975,0.363434627942));
#2281=ADVANCED_FACE('',(#2282),#2296,.F.);
#2282=FACE_BOUND('',#2283,.F.);
#2283=EDGE_LOOP('',(#2284,#2285,#2292,#2295));
#2284=ORIENTED_EDGE('',*,*,#686,.T.);
#2285=ORIENTED_EDGE('',*,*,#2286,.T.);
#2286=EDGE_CURVE('',#681,#2287,#2289,.T.);
#2287=VERTEX_POINT('',#2288);
#2288=CARTESIAN_POINT('',(-2.248480775301,3.375,0.467364817767));
#2289=CIRCLE('',#2290,1.E-01);
#2290=AXIS2_PLACEMENT_3D('',#2291,#58,#13);
#2291=CARTESIAN_POINT('',(-2.15,3.375,0.45));
#2292=ORIENTED_EDGE('',*,*,#2293,.F.);
#2293=EDGE_CURVE('',#2228,#2287,#2294,.T.);
#2294=LINE('',#2229,#85);
#2295=ORIENTED_EDGE('',*,*,#2227,.F.);
#2296=CYLINDRICAL_SURFACE('',#2231,1.E-01);
#2297=ADVANCED_FACE('',(#2298),#2347,.T.);
#2298=FACE_BOUND('',#2299,.T.);
#2299=EDGE_LOOP('',(#693,#679,#2285,#2300,#2305,#2312,#2317,#2322,#2327,#2333,#2338,#2344));
#2300=ORIENTED_EDGE('',*,*,#2301,.T.);
#2301=EDGE_CURVE('',#2287,#2302,#2304,.T.);
#2302=VERTEX_POINT('',#2303);
#2303=CARTESIAN_POINT('',(-2.281006721203,3.375,0.2479055467));
#2304=LINE('',#2288,#1392);
#2305=ORIENTED_EDGE('',*,*,#2306,.T.);
#2306=EDGE_CURVE('',#2302,#2307,#2309,.T.);
#2307=VERTEX_POINT('',#2308);
#2308=CARTESIAN_POINT('',(-2.576449047106,3.375,0.));
#2309=CIRCLE('',#2310,0.3);
#2310=AXIS2_PLACEMENT_3D('',#2311,#86,#1401);
#2311=CARTESIAN_POINT('',(-2.576449047106,3.375,0.3));
#2312=ORIENTED_EDGE('',*,*,#2313,.T.);
#2313=EDGE_CURVE('',#2307,#2314,#2316,.T.);
#2314=VERTEX_POINT('',#2315);
#2315=CARTESIAN_POINT('',(-3.,3.375,0.));
#2316=LINE('',#2308,#71);
#2317=ORIENTED_EDGE('',*,*,#2318,.T.);
#2318=EDGE_CURVE('',#2314,#2319,#2321,.T.);
#2319=VERTEX_POINT('',#2320);
#2320=CARTESIAN_POINT('',(-3.,3.375,0.2));
#2321=LINE('',#2315,#430);
#2322=ORIENTED_EDGE('',*,*,#2323,.T.);
#2323=EDGE_CURVE('',#2319,#2324,#2326,.T.);
#2324=VERTEX_POINT('',#2325);
#2325=CARTESIAN_POINT('',(-2.576449047106,3.375,0.2));
#2326=LINE('',#2320,#27);
#2327=ORIENTED_EDGE('',*,*,#2328,.T.);
#2328=EDGE_CURVE('',#2324,#2329,#2331,.T.);
#2329=VERTEX_POINT('',#2330);
#2330=CARTESIAN_POINT('',(-2.477968271805,3.375,0.282635182233));
#2331=CIRCLE('',#2332,1.E-01);
#2332=AXIS2_PLACEMENT_3D('',#2311,#58,#404);
#2333=ORIENTED_EDGE('',*,*,#2334,.T.);
#2334=EDGE_CURVE('',#2329,#2335,#2337,.T.);
#2335=VERTEX_POINT('',#2336);
#2336=CARTESIAN_POINT('',(-2.445442325904,3.375,0.5020944533));
#2337=LINE('',#2330,#1428);
#2338=ORIENTED_EDGE('',*,*,#2339,.T.);
#2339=EDGE_CURVE('',#2335,#2340,#2342,.T.);
#2340=VERTEX_POINT('',#2341);
#2341=CARTESIAN_POINT('',(-2.15,3.375,0.75));
#2342=CIRCLE('',#2343,0.3);
#2343=AXIS2_PLACEMENT_3D('',#2291,#86,#1435);
#2344=ORIENTED_EDGE('',*,*,#2345,.T.);
#2345=EDGE_CURVE('',#2340,#695,#2346,.T.);
#2346=LINE('',#2341,#27);
#2347=PLANE('',#2348);
#2348=AXIS2_PLACEMENT_3D('',#2349,#86,#13);
#2349=CARTESIAN_POINT('',(-2.392663652428,3.375,0.363434627942));
#2350=ADVANCED_FACE('',(#2351),#401,.F.);
#2351=FACE_BOUND('',#2352,.F.);
#2352=EDGE_LOOP('',(#2353,#2354,#2355,#2356));
#2353=ORIENTED_EDGE('',*,*,#707,.T.);
#2354=ORIENTED_EDGE('',*,*,#1123,.T.);
#2355=ORIENTED_EDGE('',*,*,#1187,.F.);
#2356=ORIENTED_EDGE('',*,*,#2357,.F.);
#2357=EDGE_CURVE('',#695,#1184,#2346,.T.);
#2358=ADVANCED_FACE('',(#2359),#2413,.F.);
#2359=FACE_BOUND('',#2360,.F.);
#2360=EDGE_LOOP('',(#2361,#2362,#2363,#2370,#2375,#2382,#2387,#2392,#2397,#2403,#2408,#2412));
#2361=ORIENTED_EDGE('',*,*,#701,.F.);
#2362=ORIENTED_EDGE('',*,*,#712,.T.);
#2363=ORIENTED_EDGE('',*,*,#2364,.T.);
#2364=EDGE_CURVE('',#713,#2365,#2367,.T.);
#2365=VERTEX_POINT('',#2366);
#2366=CARTESIAN_POINT('',(-2.248480775301,4.245,0.467364817767));
#2367=CIRCLE('',#2368,1.E-01);
#2368=AXIS2_PLACEMENT_3D('',#2369,#58,#13);
#2369=CARTESIAN_POINT('',(-2.15,4.245,0.45));
#2370=ORIENTED_EDGE('',*,*,#2371,.T.);
#2371=EDGE_CURVE('',#2365,#2372,#2374,.T.);
#2372=VERTEX_POINT('',#2373);
#2373=CARTESIAN_POINT('',(-2.281006721203,4.245,0.2479055467));
#2374=LINE('',#2366,#1392);
#2375=ORIENTED_EDGE('',*,*,#2376,.T.);
#2376=EDGE_CURVE('',#2372,#2377,#2379,.T.);
#2377=VERTEX_POINT('',#2378);
#2378=CARTESIAN_POINT('',(-2.576449047106,4.245,0.));
#2379=CIRCLE('',#2380,0.3);
#2380=AXIS2_PLACEMENT_3D('',#2381,#86,#1401);
#2381=CARTESIAN_POINT('',(-2.576449047106,4.245,0.3));
#2382=ORIENTED_EDGE('',*,*,#2383,.T.);
#2383=EDGE_CURVE('',#2377,#2384,#2386,.T.);
#2384=VERTEX_POINT('',#2385);
#2385=CARTESIAN_POINT('',(-3.,4.245,0.));
#2386=LINE('',#2378,#71);
#2387=ORIENTED_EDGE('',*,*,#2388,.T.);
#2388=EDGE_CURVE('',#2384,#2389,#2391,.T.);
#2389=VERTEX_POINT('',#2390);
#2390=CARTESIAN_POINT('',(-3.,4.245,0.2));
#2391=LINE('',#2385,#430);
#2392=ORIENTED_EDGE('',*,*,#2393,.T.);
#2393=EDGE_CURVE('',#2389,#2394,#2396,.T.);
#2394=VERTEX_POINT('',#2395);
#2395=CARTESIAN_POINT('',(-2.576449047106,4.245,0.2));
#2396=LINE('',#2390,#27);
#2397=ORIENTED_EDGE('',*,*,#2398,.T.);
#2398=EDGE_CURVE('',#2394,#2399,#2401,.T.);
#2399=VERTEX_POINT('',#2400);
#2400=CARTESIAN_POINT('',(-2.477968271805,4.245,0.282635182233));
#2401=CIRCLE('',#2402,1.E-01);
#2402=AXIS2_PLACEMENT_3D('',#2381,#58,#404);
#2403=ORIENTED_EDGE('',*,*,#2404,.T.);
#2404=EDGE_CURVE('',#2399,#2405,#2407,.T.);
#2405=VERTEX_POINT('',#2406);
#2406=CARTESIAN_POINT('',(-2.445442325904,4.245,0.5020944533));
#2407=LINE('',#2400,#1428);
#2408=ORIENTED_EDGE('',*,*,#2409,.T.);
#2409=EDGE_CURVE('',#2405,#1108,#2410,.T.);
#2410=CIRCLE('',#2411,0.3);
#2411=AXIS2_PLACEMENT_3D('',#2369,#86,#1435);
#2412=ORIENTED_EDGE('',*,*,#1107,.T.);
#2413=PLANE('',#2414);
#2414=AXIS2_PLACEMENT_3D('',#2415,#86,#13);
#2415=CARTESIAN_POINT('',(-2.392663652428,4.245,0.363434627942));
#2416=ADVANCED_FACE('',(#2417),#2431,.F.);
#2417=FACE_BOUND('',#2418,.F.);
#2418=EDGE_LOOP('',(#2419,#2420,#2427,#2430));
#2419=ORIENTED_EDGE('',*,*,#725,.T.);
#2420=ORIENTED_EDGE('',*,*,#2421,.T.);
#2421=EDGE_CURVE('',#720,#2422,#2424,.T.);
#2422=VERTEX_POINT('',#2423);
#2423=CARTESIAN_POINT('',(-2.248480775301,4.645,0.467364817767));
#2424=CIRCLE('',#2425,1.E-01);
#2425=AXIS2_PLACEMENT_3D('',#2426,#58,#13);
#2426=CARTESIAN_POINT('',(-2.15,4.645,0.45));
#2427=ORIENTED_EDGE('',*,*,#2428,.F.);
#2428=EDGE_CURVE('',#2365,#2422,#2429,.T.);
#2429=LINE('',#2366,#85);
#2430=ORIENTED_EDGE('',*,*,#2364,.F.);
#2431=CYLINDRICAL_SURFACE('',#2368,1.E-01);
#2432=ADVANCED_FACE('',(#2433),#2477,.T.);
#2433=FACE_BOUND('',#2434,.T.);
#2434=EDGE_LOOP('',(#732,#718,#2420,#2435,#2440,#2447,#2452,#2457,#2462,#2468,#2473,#1115));
#2435=ORIENTED_EDGE('',*,*,#2436,.T.);
#2436=EDGE_CURVE('',#2422,#2437,#2439,.T.);
#2437=VERTEX_POINT('',#2438);
#2438=CARTESIAN_POINT('',(-2.281006721203,4.645,0.2479055467));
#2439=LINE('',#2423,#1392);
#2440=ORIENTED_EDGE('',*,*,#2441,.T.);
#2441=EDGE_CURVE('',#2437,#2442,#2444,.T.);
#2442=VERTEX_POINT('',#2443);
#2443=CARTESIAN_POINT('',(-2.576449047106,4.645,0.));
#2444=CIRCLE('',#2445,0.3);
#2445=AXIS2_PLACEMENT_3D('',#2446,#86,#1401);
#2446=CARTESIAN_POINT('',(-2.576449047106,4.645,0.3));
#2447=ORIENTED_EDGE('',*,*,#2448,.T.);
#2448=EDGE_CURVE('',#2442,#2449,#2451,.T.);
#2449=VERTEX_POINT('',#2450);
#2450=CARTESIAN_POINT('',(-3.,4.645,0.));
#2451=LINE('',#2443,#71);
#2452=ORIENTED_EDGE('',*,*,#2453,.T.);
#2453=EDGE_CURVE('',#2449,#2454,#2456,.T.);
#2454=VERTEX_POINT('',#2455);
#2455=CARTESIAN_POINT('',(-3.,4.645,0.2));
#2456=LINE('',#2450,#430);
#2457=ORIENTED_EDGE('',*,*,#2458,.T.);
#2458=EDGE_CURVE('',#2454,#2459,#2461,.T.);
#2459=VERTEX_POINT('',#2460);
#2460=CARTESIAN_POINT('',(-2.576449047106,4.645,0.2));
#2461=LINE('',#2455,#27);
#2462=ORIENTED_EDGE('',*,*,#2463,.T.);
#2463=EDGE_CURVE('',#2459,#2464,#2466,.T.);
#2464=VERTEX_POINT('',#2465);
#2465=CARTESIAN_POINT('',(-2.477968271805,4.645,0.282635182233));
#2466=CIRCLE('',#2467,1.E-01);
#2467=AXIS2_PLACEMENT_3D('',#2446,#58,#404);
#2468=ORIENTED_EDGE('',*,*,#2469,.T.);
#2469=EDGE_CURVE('',#2464,#2470,#2472,.T.);
#2470=VERTEX_POINT('',#2471);
#2471=CARTESIAN_POINT('',(-2.445442325904,4.645,0.5020944533));
#2472=LINE('',#2465,#1428);
#2473=ORIENTED_EDGE('',*,*,#2474,.T.);
#2474=EDGE_CURVE('',#2470,#1113,#2475,.T.);
#2475=CIRCLE('',#2476,0.3);
#2476=AXIS2_PLACEMENT_3D('',#2426,#86,#1435);
#2477=PLANE('',#2478);
#2478=AXIS2_PLACEMENT_3D('',#2479,#86,#13);
#2479=CARTESIAN_POINT('',(-2.392663652428,4.645,0.363434627942));
#2480=ADVANCED_FACE('',(#2481),#2541,.F.);
#2481=FACE_BOUND('',#2482,.F.);
#2482=EDGE_LOOP('',(#2483,#2484,#2485,#2492,#2499,#2507,#2512,#2517,#2522,#2528,#2535,#2540));
#2483=ORIENTED_EDGE('',*,*,#745,.F.);
#2484=ORIENTED_EDGE('',*,*,#755,.T.);
#2485=ORIENTED_EDGE('',*,*,#2486,.T.);
#2486=EDGE_CURVE('',#756,#2487,#2489,.T.);
#2487=VERTEX_POINT('',#2488);
#2488=CARTESIAN_POINT('',(2.248480775301,4.645,0.467364817767));
#2489=CIRCLE('',#2490,1.E-01);
#2490=AXIS2_PLACEMENT_3D('',#2491,#86,#13);
#2491=CARTESIAN_POINT('',(2.15,4.645,0.45));
#2492=ORIENTED_EDGE('',*,*,#2493,.T.);
#2493=EDGE_CURVE('',#2487,#2494,#2496,.T.);
#2494=VERTEX_POINT('',#2495);
#2495=CARTESIAN_POINT('',(2.281006721203,4.645,0.2479055467));
#2496=LINE('',#2488,#2497);
#2497=VECTOR('',#2498,1.);
#2498=DIRECTION('',(0.146608033424,1.627676143023E-17,-0.989194664632));
#2499=ORIENTED_EDGE('',*,*,#2500,.T.);
#2500=EDGE_CURVE('',#2494,#2501,#2503,.T.);
#2501=VERTEX_POINT('',#2502);
#2502=CARTESIAN_POINT('',(2.576449047106,4.645,0.));
#2503=CIRCLE('',#2504,0.3);
#2504=AXIS2_PLACEMENT_3D('',#2505,#58,#2506);
#2505=CARTESIAN_POINT('',(2.576449047106,4.645,0.3));
#2506=DIRECTION('',(-0.984807753012,-1.093356242224E-16,-0.173648177667));
#2507=ORIENTED_EDGE('',*,*,#2508,.T.);
#2508=EDGE_CURVE('',#2501,#2509,#2511,.T.);
#2509=VERTEX_POINT('',#2510);
#2510=CARTESIAN_POINT('',(3.,4.645,0.));
#2511=LINE('',#2502,#27);
#2512=ORIENTED_EDGE('',*,*,#2513,.T.);
#2513=EDGE_CURVE('',#2509,#2514,#2516,.T.);
#2514=VERTEX_POINT('',#2515);
#2515=CARTESIAN_POINT('',(3.,4.645,0.2));
#2516=LINE('',#2510,#430);
#2517=ORIENTED_EDGE('',*,*,#2518,.T.);
#2518=EDGE_CURVE('',#2514,#2519,#2521,.T.);
#2519=VERTEX_POINT('',#2520);
#2520=CARTESIAN_POINT('',(2.576449047106,4.645,0.2));
#2521=LINE('',#2515,#71);
#2522=ORIENTED_EDGE('',*,*,#2523,.T.);
#2523=EDGE_CURVE('',#2519,#2524,#2526,.T.);
#2524=VERTEX_POINT('',#2525);
#2525=CARTESIAN_POINT('',(2.477968271805,4.645,0.282635182233));
#2526=CIRCLE('',#2527,1.E-01);
#2527=AXIS2_PLACEMENT_3D('',#2505,#86,#404);
#2528=ORIENTED_EDGE('',*,*,#2529,.T.);
#2529=EDGE_CURVE('',#2524,#2530,#2532,.T.);
#2530=VERTEX_POINT('',#2531);
#2531=CARTESIAN_POINT('',(2.445442325904,4.645,0.5020944533));
#2532=LINE('',#2525,#2533);
#2533=VECTOR('',#2534,1.);
#2534=DIRECTION('',(-0.146608033424,-1.627676143023E-17,0.989194664632));
#2535=ORIENTED_EDGE('',*,*,#2536,.T.);
#2536=EDGE_CURVE('',#2530,#1329,#2537,.T.);
#2537=CIRCLE('',#2538,0.3);
#2538=AXIS2_PLACEMENT_3D('',#2491,#58,#2539);
#2539=DIRECTION('',(0.984807753012,1.093356242224E-16,0.173648177667));
#2540=ORIENTED_EDGE('',*,*,#1328,.T.);
#2541=PLANE('',#2542);
#2542=AXIS2_PLACEMENT_3D('',#2543,#58,#13);
#2543=CARTESIAN_POINT('',(2.392663652428,4.645,0.363434627942));
#2544=ADVANCED_FACE('',(#2545),#2559,.F.);
#2545=FACE_BOUND('',#2546,.F.);
#2546=EDGE_LOOP('',(#2547,#2548,#2555,#2558));
#2547=ORIENTED_EDGE('',*,*,#768,.T.);
#2548=ORIENTED_EDGE('',*,*,#2549,.T.);
#2549=EDGE_CURVE('',#763,#2550,#2552,.T.);
#2550=VERTEX_POINT('',#2551);
#2551=CARTESIAN_POINT('',(2.248480775301,4.245,0.467364817767));
#2552=CIRCLE('',#2553,1.E-01);
#2553=AXIS2_PLACEMENT_3D('',#2554,#86,#13);
#2554=CARTESIAN_POINT('',(2.15,4.245,0.45));
#2555=ORIENTED_EDGE('',*,*,#2556,.F.);
#2556=EDGE_CURVE('',#2487,#2550,#2557,.T.);
#2557=LINE('',#2488,#57);
#2558=ORIENTED_EDGE('',*,*,#2486,.F.);
#2559=CYLINDRICAL_SURFACE('',#2490,1.E-01);
#2560=ADVANCED_FACE('',(#2561),#2605,.T.);
#2561=FACE_BOUND('',#2562,.T.);
#2562=EDGE_LOOP('',(#775,#761,#2548,#2563,#2568,#2575,#2580,#2585,#2590,#2596,#2601,#1335));
#2563=ORIENTED_EDGE('',*,*,#2564,.T.);
#2564=EDGE_CURVE('',#2550,#2565,#2567,.T.);
#2565=VERTEX_POINT('',#2566);
#2566=CARTESIAN_POINT('',(2.281006721203,4.245,0.2479055467));
#2567=LINE('',#2551,#2497);
#2568=ORIENTED_EDGE('',*,*,#2569,.T.);
#2569=EDGE_CURVE('',#2565,#2570,#2572,.T.);
#2570=VERTEX_POINT('',#2571);
#2571=CARTESIAN_POINT('',(2.576449047106,4.245,0.));
#2572=CIRCLE('',#2573,0.3);
#2573=AXIS2_PLACEMENT_3D('',#2574,#58,#2506);
#2574=CARTESIAN_POINT('',(2.576449047106,4.245,0.3));
#2575=ORIENTED_EDGE('',*,*,#2576,.T.);
#2576=EDGE_CURVE('',#2570,#2577,#2579,.T.);
#2577=VERTEX_POINT('',#2578);
#2578=CARTESIAN_POINT('',(3.,4.245,0.));
#2579=LINE('',#2571,#27);
#2580=ORIENTED_EDGE('',*,*,#2581,.T.);
#2581=EDGE_CURVE('',#2577,#2582,#2584,.T.);
#2582=VERTEX_POINT('',#2583);
#2583=CARTESIAN_POINT('',(3.,4.245,0.2));
#2584=LINE('',#2578,#430);
#2585=ORIENTED_EDGE('',*,*,#2586,.T.);
#2586=EDGE_CURVE('',#2582,#2587,#2589,.T.);
#2587=VERTEX_POINT('',#2588);
#2588=CARTESIAN_POINT('',(2.576449047106,4.245,0.2));
#2589=LINE('',#2583,#71);
#2590=ORIENTED_EDGE('',*,*,#2591,.T.);
#2591=EDGE_CURVE('',#2587,#2592,#2594,.T.);
#2592=VERTEX_POINT('',#2593);
#2593=CARTESIAN_POINT('',(2.477968271805,4.245,0.282635182233));
#2594=CIRCLE('',#2595,1.E-01);
#2595=AXIS2_PLACEMENT_3D('',#2574,#86,#404);
#2596=ORIENTED_EDGE('',*,*,#2597,.T.);
#2597=EDGE_CURVE('',#2592,#2598,#2600,.T.);
#2598=VERTEX_POINT('',#2599);
#2599=CARTESIAN_POINT('',(2.445442325904,4.245,0.5020944533));
#2600=LINE('',#2593,#2533);
#2601=ORIENTED_EDGE('',*,*,#2602,.T.);
#2602=EDGE_CURVE('',#2598,#1332,#2603,.T.);
#2603=CIRCLE('',#2604,0.3);
#2604=AXIS2_PLACEMENT_3D('',#2554,#58,#2539);
#2605=PLANE('',#2606);
#2606=AXIS2_PLACEMENT_3D('',#2607,#58,#13);
#2607=CARTESIAN_POINT('',(2.392663652428,4.245,0.363434627942));
#2608=ADVANCED_FACE('',(#2609),#401,.F.);
#2609=FACE_BOUND('',#2610,.F.);
#2610=EDGE_LOOP('',(#2611,#2612,#2613,#2617));
#2611=ORIENTED_EDGE('',*,*,#1339,.F.);
#2612=ORIENTED_EDGE('',*,*,#789,.T.);
#2613=ORIENTED_EDGE('',*,*,#2614,.T.);
#2614=EDGE_CURVE('',#784,#1256,#2615,.T.);
#2615=LINE('',#2616,#71);
#2616=CARTESIAN_POINT('',(2.15,3.375,0.75));
#2617=ORIENTED_EDGE('',*,*,#1255,.F.);
#2618=ADVANCED_FACE('',(#2619),#2675,.F.);
#2619=FACE_BOUND('',#2620,.F.);
#2620=EDGE_LOOP('',(#2621,#2622,#2623,#2630,#2635,#2642,#2647,#2652,#2657,#2663,#2668,#2673));
#2621=ORIENTED_EDGE('',*,*,#783,.F.);
#2622=ORIENTED_EDGE('',*,*,#794,.T.);
#2623=ORIENTED_EDGE('',*,*,#2624,.T.);
#2624=EDGE_CURVE('',#795,#2625,#2627,.T.);
#2625=VERTEX_POINT('',#2626);
#2626=CARTESIAN_POINT('',(2.248480775301,3.375,0.467364817767));
#2627=CIRCLE('',#2628,1.E-01);
#2628=AXIS2_PLACEMENT_3D('',#2629,#86,#13);
#2629=CARTESIAN_POINT('',(2.15,3.375,0.45));
#2630=ORIENTED_EDGE('',*,*,#2631,.T.);
#2631=EDGE_CURVE('',#2625,#2632,#2634,.T.);
#2632=VERTEX_POINT('',#2633);
#2633=CARTESIAN_POINT('',(2.281006721203,3.375,0.2479055467));
#2634=LINE('',#2626,#2497);
#2635=ORIENTED_EDGE('',*,*,#2636,.T.);
#2636=EDGE_CURVE('',#2632,#2637,#2639,.T.);
#2637=VERTEX_POINT('',#2638);
#2638=CARTESIAN_POINT('',(2.576449047106,3.375,0.));
#2639=CIRCLE('',#2640,0.3);
#2640=AXIS2_PLACEMENT_3D('',#2641,#58,#2506);
#2641=CARTESIAN_POINT('',(2.576449047106,3.375,0.3));
#2642=ORIENTED_EDGE('',*,*,#2643,.T.);
#2643=EDGE_CURVE('',#2637,#2644,#2646,.T.);
#2644=VERTEX_POINT('',#2645);
#2645=CARTESIAN_POINT('',(3.,3.375,0.));
#2646=LINE('',#2638,#27);
#2647=ORIENTED_EDGE('',*,*,#2648,.T.);
#2648=EDGE_CURVE('',#2644,#2649,#2651,.T.);
#2649=VERTEX_POINT('',#2650);
#2650=CARTESIAN_POINT('',(3.,3.375,0.2));
#2651=LINE('',#2645,#430);
#2652=ORIENTED_EDGE('',*,*,#2653,.T.);
#2653=EDGE_CURVE('',#2649,#2654,#2656,.T.);
#2654=VERTEX_POINT('',#2655);
#2655=CARTESIAN_POINT('',(2.576449047106,3.375,0.2));
#2656=LINE('',#2650,#71);
#2657=ORIENTED_EDGE('',*,*,#2658,.T.);
#2658=EDGE_CURVE('',#2654,#2659,#2661,.T.);
#2659=VERTEX_POINT('',#2660);
#2660=CARTESIAN_POINT('',(2.477968271805,3.375,0.282635182233));
#2661=CIRCLE('',#2662,1.E-01);
#2662=AXIS2_PLACEMENT_3D('',#2641,#86,#404);
#2663=ORIENTED_EDGE('',*,*,#2664,.T.);
#2664=EDGE_CURVE('',#2659,#2665,#2667,.T.);
#2665=VERTEX_POINT('',#2666);
#2666=CARTESIAN_POINT('',(2.445442325904,3.375,0.5020944533));
#2667=LINE('',#2660,#2533);
#2668=ORIENTED_EDGE('',*,*,#2669,.T.);
#2669=EDGE_CURVE('',#2665,#2670,#2671,.T.);
#2670=VERTEX_POINT('',#2616);
#2671=CIRCLE('',#2672,0.3);
#2672=AXIS2_PLACEMENT_3D('',#2629,#58,#2539);
#2673=ORIENTED_EDGE('',*,*,#2674,.T.);
#2674=EDGE_CURVE('',#2670,#784,#2615,.T.);
#2675=PLANE('',#2676);
#2676=AXIS2_PLACEMENT_3D('',#2677,#58,#13);
#2677=CARTESIAN_POINT('',(2.392663652428,3.375,0.363434627942));
#2678=ADVANCED_FACE('',(#2679),#2693,.F.);
#2679=FACE_BOUND('',#2680,.F.);
#2680=EDGE_LOOP('',(#2681,#2682,#2689,#2692));
#2681=ORIENTED_EDGE('',*,*,#807,.T.);
#2682=ORIENTED_EDGE('',*,*,#2683,.T.);
#2683=EDGE_CURVE('',#802,#2684,#2686,.T.);
#2684=VERTEX_POINT('',#2685);
#2685=CARTESIAN_POINT('',(2.248480775301,2.975,0.467364817767));
#2686=CIRCLE('',#2687,1.E-01);
#2687=AXIS2_PLACEMENT_3D('',#2688,#86,#13);
#2688=CARTESIAN_POINT('',(2.15,2.975,0.45));
#2689=ORIENTED_EDGE('',*,*,#2690,.F.);
#2690=EDGE_CURVE('',#2625,#2684,#2691,.T.);
#2691=LINE('',#2626,#57);
#2692=ORIENTED_EDGE('',*,*,#2624,.F.);
#2693=CYLINDRICAL_SURFACE('',#2628,1.E-01);
#2694=ADVANCED_FACE('',(#2695),#2744,.T.);
#2695=FACE_BOUND('',#2696,.T.);
#2696=EDGE_LOOP('',(#814,#800,#2682,#2697,#2702,#2709,#2714,#2719,#2724,#2730,#2735,#2741));
#2697=ORIENTED_EDGE('',*,*,#2698,.T.);
#2698=EDGE_CURVE('',#2684,#2699,#2701,.T.);
#2699=VERTEX_POINT('',#2700);
#2700=CARTESIAN_POINT('',(2.281006721203,2.975,0.2479055467));
#2701=LINE('',#2685,#2497);
#2702=ORIENTED_EDGE('',*,*,#2703,.T.);
#2703=EDGE_CURVE('',#2699,#2704,#2706,.T.);
#2704=VERTEX_POINT('',#2705);
#2705=CARTESIAN_POINT('',(2.576449047106,2.975,0.));
#2706=CIRCLE('',#2707,0.3);
#2707=AXIS2_PLACEMENT_3D('',#2708,#58,#2506);
#2708=CARTESIAN_POINT('',(2.576449047106,2.975,0.3));
#2709=ORIENTED_EDGE('',*,*,#2710,.T.);
#2710=EDGE_CURVE('',#2704,#2711,#2713,.T.);
#2711=VERTEX_POINT('',#2712);
#2712=CARTESIAN_POINT('',(3.,2.975,0.));
#2713=LINE('',#2705,#27);
#2714=ORIENTED_EDGE('',*,*,#2715,.T.);
#2715=EDGE_CURVE('',#2711,#2716,#2718,.T.);
#2716=VERTEX_POINT('',#2717);
#2717=CARTESIAN_POINT('',(3.,2.975,0.2));
#2718=LINE('',#2712,#430);
#2719=ORIENTED_EDGE('',*,*,#2720,.T.);
#2720=EDGE_CURVE('',#2716,#2721,#2723,.T.);
#2721=VERTEX_POINT('',#2722);
#2722=CARTESIAN_POINT('',(2.576449047106,2.975,0.2));
#2723=LINE('',#2717,#71);
#2724=ORIENTED_EDGE('',*,*,#2725,.T.);
#2725=EDGE_CURVE('',#2721,#2726,#2728,.T.);
#2726=VERTEX_POINT('',#2727);
#2727=CARTESIAN_POINT('',(2.477968271805,2.975,0.282635182233));
#2728=CIRCLE('',#2729,1.E-01);
#2729=AXIS2_PLACEMENT_3D('',#2708,#86,#404);
#2730=ORIENTED_EDGE('',*,*,#2731,.T.);
#2731=EDGE_CURVE('',#2726,#2732,#2734,.T.);
#2732=VERTEX_POINT('',#2733);
#2733=CARTESIAN_POINT('',(2.445442325904,2.975,0.5020944533));
#2734=LINE('',#2727,#2533);
#2735=ORIENTED_EDGE('',*,*,#2736,.T.);
#2736=EDGE_CURVE('',#2732,#2737,#2739,.T.);
#2737=VERTEX_POINT('',#2738);
#2738=CARTESIAN_POINT('',(2.15,2.975,0.75));
#2739=CIRCLE('',#2740,0.3);
#2740=AXIS2_PLACEMENT_3D('',#2688,#58,#2539);
#2741=ORIENTED_EDGE('',*,*,#2742,.T.);
#2742=EDGE_CURVE('',#2737,#816,#2743,.T.);
#2743=LINE('',#2738,#71);
#2744=PLANE('',#2745);
#2745=AXIS2_PLACEMENT_3D('',#2746,#58,#13);
#2746=CARTESIAN_POINT('',(2.392663652428,2.975,0.363434627942));
#2747=ADVANCED_FACE('',(#2748),#401,.F.);
#2748=FACE_BOUND('',#2749,.F.);
#2749=EDGE_LOOP('',(#2750,#2752,#2753,#2757));
#2750=ORIENTED_EDGE('',*,*,#2751,.F.);
#2751=EDGE_CURVE('',#816,#1260,#2743,.T.);
#2752=ORIENTED_EDGE('',*,*,#828,.T.);
#2753=ORIENTED_EDGE('',*,*,#2754,.T.);
#2754=EDGE_CURVE('',#823,#1264,#2755,.T.);
#2755=LINE('',#2756,#71);
#2756=CARTESIAN_POINT('',(2.15,2.105,0.75));
#2757=ORIENTED_EDGE('',*,*,#1263,.F.);
#2758=ADVANCED_FACE('',(#2759),#2815,.F.);
#2759=FACE_BOUND('',#2760,.F.);
#2760=EDGE_LOOP('',(#2761,#2762,#2763,#2770,#2775,#2782,#2787,#2792,#2797,#2803,#2808,#2813));
#2761=ORIENTED_EDGE('',*,*,#822,.F.);
#2762=ORIENTED_EDGE('',*,*,#833,.T.);
#2763=ORIENTED_EDGE('',*,*,#2764,.T.);
#2764=EDGE_CURVE('',#834,#2765,#2767,.T.);
#2765=VERTEX_POINT('',#2766);
#2766=CARTESIAN_POINT('',(2.248480775301,2.105,0.467364817767));
#2767=CIRCLE('',#2768,1.E-01);
#2768=AXIS2_PLACEMENT_3D('',#2769,#86,#13);
#2769=CARTESIAN_POINT('',(2.15,2.105,0.45));
#2770=ORIENTED_EDGE('',*,*,#2771,.T.);
#2771=EDGE_CURVE('',#2765,#2772,#2774,.T.);
#2772=VERTEX_POINT('',#2773);
#2773=CARTESIAN_POINT('',(2.281006721203,2.105,0.2479055467));
#2774=LINE('',#2766,#2497);
#2775=ORIENTED_EDGE('',*,*,#2776,.T.);
#2776=EDGE_CURVE('',#2772,#2777,#2779,.T.);
#2777=VERTEX_POINT('',#2778);
#2778=CARTESIAN_POINT('',(2.576449047106,2.105,0.));
#2779=CIRCLE('',#2780,0.3);
#2780=AXIS2_PLACEMENT_3D('',#2781,#58,#2506);
#2781=CARTESIAN_POINT('',(2.576449047106,2.105,0.3));
#2782=ORIENTED_EDGE('',*,*,#2783,.T.);
#2783=EDGE_CURVE('',#2777,#2784,#2786,.T.);
#2784=VERTEX_POINT('',#2785);
#2785=CARTESIAN_POINT('',(3.,2.105,0.));
#2786=LINE('',#2778,#27);
#2787=ORIENTED_EDGE('',*,*,#2788,.T.);
#2788=EDGE_CURVE('',#2784,#2789,#2791,.T.);
#2789=VERTEX_POINT('',#2790);
#2790=CARTESIAN_POINT('',(3.,2.105,0.2));
#2791=LINE('',#2785,#430);
#2792=ORIENTED_EDGE('',*,*,#2793,.T.);
#2793=EDGE_CURVE('',#2789,#2794,#2796,.T.);
#2794=VERTEX_POINT('',#2795);
#2795=CARTESIAN_POINT('',(2.576449047106,2.105,0.2));
#2796=LINE('',#2790,#71);
#2797=ORIENTED_EDGE('',*,*,#2798,.T.);
#2798=EDGE_CURVE('',#2794,#2799,#2801,.T.);
#2799=VERTEX_POINT('',#2800);
#2800=CARTESIAN_POINT('',(2.477968271805,2.105,0.282635182233));
#2801=CIRCLE('',#2802,1.E-01);
#2802=AXIS2_PLACEMENT_3D('',#2781,#86,#404);
#2803=ORIENTED_EDGE('',*,*,#2804,.T.);
#2804=EDGE_CURVE('',#2799,#2805,#2807,.T.);
#2805=VERTEX_POINT('',#2806);
#2806=CARTESIAN_POINT('',(2.445442325904,2.105,0.5020944533));
#2807=LINE('',#2800,#2533);
#2808=ORIENTED_EDGE('',*,*,#2809,.T.);
#2809=EDGE_CURVE('',#2805,#2810,#2811,.T.);
#2810=VERTEX_POINT('',#2756);
#2811=CIRCLE('',#2812,0.3);
#2812=AXIS2_PLACEMENT_3D('',#2769,#58,#2539);
#2813=ORIENTED_EDGE('',*,*,#2814,.T.);
#2814=EDGE_CURVE('',#2810,#823,#2755,.T.);
#2815=PLANE('',#2816);
#2816=AXIS2_PLACEMENT_3D('',#2817,#58,#13);
#2817=CARTESIAN_POINT('',(2.392663652428,2.105,0.363434627942));
#2818=ADVANCED_FACE('',(#2819),#2833,.F.);
#2819=FACE_BOUND('',#2820,.F.);
#2820=EDGE_LOOP('',(#2821,#2822,#2829,#2832));
#2821=ORIENTED_EDGE('',*,*,#846,.T.);
#2822=ORIENTED_EDGE('',*,*,#2823,.T.);
#2823=EDGE_CURVE('',#841,#2824,#2826,.T.);
#2824=VERTEX_POINT('',#2825);
#2825=CARTESIAN_POINT('',(2.248480775301,1.705,0.467364817767));
#2826=CIRCLE('',#2827,1.E-01);
#2827=AXIS2_PLACEMENT_3D('',#2828,#86,#13);
#2828=CARTESIAN_POINT('',(2.15,1.705,0.45));
#2829=ORIENTED_EDGE('',*,*,#2830,.F.);
#2830=EDGE_CURVE('',#2765,#2824,#2831,.T.);
#2831=LINE('',#2766,#57);
#2832=ORIENTED_EDGE('',*,*,#2764,.F.);
#2833=CYLINDRICAL_SURFACE('',#2768,1.E-01);
#2834=ADVANCED_FACE('',(#2835),#2884,.T.);
#2835=FACE_BOUND('',#2836,.T.);
#2836=EDGE_LOOP('',(#853,#839,#2822,#2837,#2842,#2849,#2854,#2859,#2864,#2870,#2875,#2881));
#2837=ORIENTED_EDGE('',*,*,#2838,.T.);
#2838=EDGE_CURVE('',#2824,#2839,#2841,.T.);
#2839=VERTEX_POINT('',#2840);
#2840=CARTESIAN_POINT('',(2.281006721203,1.705,0.2479055467));
#2841=LINE('',#2825,#2497);
#2842=ORIENTED_EDGE('',*,*,#2843,.T.);
#2843=EDGE_CURVE('',#2839,#2844,#2846,.T.);
#2844=VERTEX_POINT('',#2845);
#2845=CARTESIAN_POINT('',(2.576449047106,1.705,0.));
#2846=CIRCLE('',#2847,0.3);
#2847=AXIS2_PLACEMENT_3D('',#2848,#58,#2506);
#2848=CARTESIAN_POINT('',(2.576449047106,1.705,0.3));
#2849=ORIENTED_EDGE('',*,*,#2850,.T.);
#2850=EDGE_CURVE('',#2844,#2851,#2853,.T.);
#2851=VERTEX_POINT('',#2852);
#2852=CARTESIAN_POINT('',(3.,1.705,0.));
#2853=LINE('',#2845,#27);
#2854=ORIENTED_EDGE('',*,*,#2855,.T.);
#2855=EDGE_CURVE('',#2851,#2856,#2858,.T.);
#2856=VERTEX_POINT('',#2857);
#2857=CARTESIAN_POINT('',(3.,1.705,0.2));
#2858=LINE('',#2852,#430);
#2859=ORIENTED_EDGE('',*,*,#2860,.T.);
#2860=EDGE_CURVE('',#2856,#2861,#2863,.T.);
#2861=VERTEX_POINT('',#2862);
#2862=CARTESIAN_POINT('',(2.576449047106,1.705,0.2));
#2863=LINE('',#2857,#71);
#2864=ORIENTED_EDGE('',*,*,#2865,.T.);
#2865=EDGE_CURVE('',#2861,#2866,#2868,.T.);
#2866=VERTEX_POINT('',#2867);
#2867=CARTESIAN_POINT('',(2.477968271805,1.705,0.282635182233));
#2868=CIRCLE('',#2869,1.E-01);
#2869=AXIS2_PLACEMENT_3D('',#2848,#86,#404);
#2870=ORIENTED_EDGE('',*,*,#2871,.T.);
#2871=EDGE_CURVE('',#2866,#2872,#2874,.T.);
#2872=VERTEX_POINT('',#2873);
#2873=CARTESIAN_POINT('',(2.445442325904,1.705,0.5020944533));
#2874=LINE('',#2867,#2533);
#2875=ORIENTED_EDGE('',*,*,#2876,.T.);
#2876=EDGE_CURVE('',#2872,#2877,#2879,.T.);
#2877=VERTEX_POINT('',#2878);
#2878=CARTESIAN_POINT('',(2.15,1.705,0.75));
#2879=CIRCLE('',#2880,0.3);
#2880=AXIS2_PLACEMENT_3D('',#2828,#58,#2539);
#2881=ORIENTED_EDGE('',*,*,#2882,.T.);
#2882=EDGE_CURVE('',#2877,#855,#2883,.T.);
#2883=LINE('',#2878,#71);
#2884=PLANE('',#2885);
#2885=AXIS2_PLACEMENT_3D('',#2886,#58,#13);
#2886=CARTESIAN_POINT('',(2.392663652428,1.705,0.363434627942));
#2887=ADVANCED_FACE('',(#2888),#401,.F.);
#2888=FACE_BOUND('',#2889,.F.);
#2889=EDGE_LOOP('',(#2890,#2892,#2893,#2897));
#2890=ORIENTED_EDGE('',*,*,#2891,.F.);
#2891=EDGE_CURVE('',#855,#1268,#2883,.T.);
#2892=ORIENTED_EDGE('',*,*,#867,.T.);
#2893=ORIENTED_EDGE('',*,*,#2894,.T.);
#2894=EDGE_CURVE('',#862,#1272,#2895,.T.);
#2895=LINE('',#2896,#71);
#2896=CARTESIAN_POINT('',(2.15,0.835,0.75));
#2897=ORIENTED_EDGE('',*,*,#1271,.F.);
#2898=ADVANCED_FACE('',(#2899),#2955,.F.);
#2899=FACE_BOUND('',#2900,.F.);
#2900=EDGE_LOOP('',(#2901,#2902,#2903,#2910,#2915,#2922,#2927,#2932,#2937,#2943,#2948,#2953));
#2901=ORIENTED_EDGE('',*,*,#861,.F.);
#2902=ORIENTED_EDGE('',*,*,#872,.T.);
#2903=ORIENTED_EDGE('',*,*,#2904,.T.);
#2904=EDGE_CURVE('',#873,#2905,#2907,.T.);
#2905=VERTEX_POINT('',#2906);
#2906=CARTESIAN_POINT('',(2.248480775301,0.835,0.467364817767));
#2907=CIRCLE('',#2908,1.E-01);
#2908=AXIS2_PLACEMENT_3D('',#2909,#86,#13);
#2909=CARTESIAN_POINT('',(2.15,0.835,0.45));
#2910=ORIENTED_EDGE('',*,*,#2911,.T.);
#2911=EDGE_CURVE('',#2905,#2912,#2914,.T.);
#2912=VERTEX_POINT('',#2913);
#2913=CARTESIAN_POINT('',(2.281006721203,0.835,0.2479055467));
#2914=LINE('',#2906,#2497);
#2915=ORIENTED_EDGE('',*,*,#2916,.T.);
#2916=EDGE_CURVE('',#2912,#2917,#2919,.T.);
#2917=VERTEX_POINT('',#2918);
#2918=CARTESIAN_POINT('',(2.576449047106,0.835,0.));
#2919=CIRCLE('',#2920,0.3);
#2920=AXIS2_PLACEMENT_3D('',#2921,#58,#2506);
#2921=CARTESIAN_POINT('',(2.576449047106,0.835,0.3));
#2922=ORIENTED_EDGE('',*,*,#2923,.T.);
#2923=EDGE_CURVE('',#2917,#2924,#2926,.T.);
#2924=VERTEX_POINT('',#2925);
#2925=CARTESIAN_POINT('',(3.,0.835,0.));
#2926=LINE('',#2918,#27);
#2927=ORIENTED_EDGE('',*,*,#2928,.T.);
#2928=EDGE_CURVE('',#2924,#2929,#2931,.T.);
#2929=VERTEX_POINT('',#2930);
#2930=CARTESIAN_POINT('',(3.,0.835,0.2));
#2931=LINE('',#2925,#430);
#2932=ORIENTED_EDGE('',*,*,#2933,.T.);
#2933=EDGE_CURVE('',#2929,#2934,#2936,.T.);
#2934=VERTEX_POINT('',#2935);
#2935=CARTESIAN_POINT('',(2.576449047106,0.835,0.2));
#2936=LINE('',#2930,#71);
#2937=ORIENTED_EDGE('',*,*,#2938,.T.);
#2938=EDGE_CURVE('',#2934,#2939,#2941,.T.);
#2939=VERTEX_POINT('',#2940);
#2940=CARTESIAN_POINT('',(2.477968271805,0.835,0.282635182233));
#2941=CIRCLE('',#2942,1.E-01);
#2942=AXIS2_PLACEMENT_3D('',#2921,#86,#404);
#2943=ORIENTED_EDGE('',*,*,#2944,.T.);
#2944=EDGE_CURVE('',#2939,#2945,#2947,.T.);
#2945=VERTEX_POINT('',#2946);
#2946=CARTESIAN_POINT('',(2.445442325904,0.835,0.5020944533));
#2947=LINE('',#2940,#2533);
#2948=ORIENTED_EDGE('',*,*,#2949,.T.);
#2949=EDGE_CURVE('',#2945,#2950,#2951,.T.);
#2950=VERTEX_POINT('',#2896);
#2951=CIRCLE('',#2952,0.3);
#2952=AXIS2_PLACEMENT_3D('',#2909,#58,#2539);
#2953=ORIENTED_EDGE('',*,*,#2954,.T.);
#2954=EDGE_CURVE('',#2950,#862,#2895,.T.);
#2955=PLANE('',#2956);
#2956=AXIS2_PLACEMENT_3D('',#2957,#58,#13);
#2957=CARTESIAN_POINT('',(2.392663652428,0.835,0.363434627942));
#2958=ADVANCED_FACE('',(#2959),#2973,.F.);
#2959=FACE_BOUND('',#2960,.F.);
#2960=EDGE_LOOP('',(#2961,#2962,#2969,#2972));
#2961=ORIENTED_EDGE('',*,*,#885,.T.);
#2962=ORIENTED_EDGE('',*,*,#2963,.T.);
#2963=EDGE_CURVE('',#880,#2964,#2966,.T.);
#2964=VERTEX_POINT('',#2965);
#2965=CARTESIAN_POINT('',(2.248480775301,0.435,0.467364817767));
#2966=CIRCLE('',#2967,1.E-01);
#2967=AXIS2_PLACEMENT_3D('',#2968,#86,#13);
#2968=CARTESIAN_POINT('',(2.15,0.435,0.45));
#2969=ORIENTED_EDGE('',*,*,#2970,.F.);
#2970=EDGE_CURVE('',#2905,#2964,#2971,.T.);
#2971=LINE('',#2906,#57);
#2972=ORIENTED_EDGE('',*,*,#2904,.F.);
#2973=CYLINDRICAL_SURFACE('',#2908,1.E-01);
#2974=ADVANCED_FACE('',(#2975),#3024,.T.);
#2975=FACE_BOUND('',#2976,.T.);
#2976=EDGE_LOOP('',(#892,#878,#2962,#2977,#2982,#2989,#2994,#2999,#3004,#3010,#3015,#3021));
#2977=ORIENTED_EDGE('',*,*,#2978,.T.);
#2978=EDGE_CURVE('',#2964,#2979,#2981,.T.);
#2979=VERTEX_POINT('',#2980);
#2980=CARTESIAN_POINT('',(2.281006721203,0.435,0.2479055467));
#2981=LINE('',#2965,#2497);
#2982=ORIENTED_EDGE('',*,*,#2983,.T.);
#2983=EDGE_CURVE('',#2979,#2984,#2986,.T.);
#2984=VERTEX_POINT('',#2985);
#2985=CARTESIAN_POINT('',(2.576449047106,0.435,0.));
#2986=CIRCLE('',#2987,0.3);
#2987=AXIS2_PLACEMENT_3D('',#2988,#58,#2506);
#2988=CARTESIAN_POINT('',(2.576449047106,0.435,0.3));
#2989=ORIENTED_EDGE('',*,*,#2990,.T.);
#2990=EDGE_CURVE('',#2984,#2991,#2993,.T.);
#2991=VERTEX_POINT('',#2992);
#2992=CARTESIAN_POINT('',(3.,0.435,0.));
#2993=LINE('',#2985,#27);
#2994=ORIENTED_EDGE('',*,*,#2995,.T.);
#2995=EDGE_CURVE('',#2991,#2996,#2998,.T.);
#2996=VERTEX_POINT('',#2997);
#2997=CARTESIAN_POINT('',(3.,0.435,0.2));
#2998=LINE('',#2992,#430);
#2999=ORIENTED_EDGE('',*,*,#3000,.T.);
#3000=EDGE_CURVE('',#2996,#3001,#3003,.T.);
#3001=VERTEX_POINT('',#3002);
#3002=CARTESIAN_POINT('',(2.576449047106,0.435,0.2));
#3003=LINE('',#2997,#71);
#3004=ORIENTED_EDGE('',*,*,#3005,.T.);
#3005=EDGE_CURVE('',#3001,#3006,#3008,.T.);
#3006=VERTEX_POINT('',#3007);
#3007=CARTESIAN_POINT('',(2.477968271805,0.435,0.282635182233));
#3008=CIRCLE('',#3009,1.E-01);
#3009=AXIS2_PLACEMENT_3D('',#2988,#86,#404);
#3010=ORIENTED_EDGE('',*,*,#3011,.T.);
#3011=EDGE_CURVE('',#3006,#3012,#3014,.T.);
#3012=VERTEX_POINT('',#3013);
#3013=CARTESIAN_POINT('',(2.445442325904,0.435,0.5020944533));
#3014=LINE('',#3007,#2533);
#3015=ORIENTED_EDGE('',*,*,#3016,.T.);
#3016=EDGE_CURVE('',#3012,#3017,#3019,.T.);
#3017=VERTEX_POINT('',#3018);
#3018=CARTESIAN_POINT('',(2.15,0.435,0.75));
#3019=CIRCLE('',#3020,0.3);
#3020=AXIS2_PLACEMENT_3D('',#2968,#58,#2539);
#3021=ORIENTED_EDGE('',*,*,#3022,.T.);
#3022=EDGE_CURVE('',#3017,#894,#3023,.T.);
#3023=LINE('',#3018,#71);
#3024=PLANE('',#3025);
#3025=AXIS2_PLACEMENT_3D('',#3026,#58,#13);
#3026=CARTESIAN_POINT('',(2.392663652428,0.435,0.363434627942));
#3027=ADVANCED_FACE('',(#3028),#401,.F.);
#3028=FACE_BOUND('',#3029,.F.);
#3029=EDGE_LOOP('',(#3030,#3032,#3033,#3037));
#3030=ORIENTED_EDGE('',*,*,#3031,.F.);
#3031=EDGE_CURVE('',#894,#1276,#3023,.T.);
#3032=ORIENTED_EDGE('',*,*,#906,.T.);
#3033=ORIENTED_EDGE('',*,*,#3034,.T.);
#3034=EDGE_CURVE('',#901,#1280,#3035,.T.);
#3035=LINE('',#3036,#71);
#3036=CARTESIAN_POINT('',(2.15,-0.435,0.75));
#3037=ORIENTED_EDGE('',*,*,#1279,.F.);
#3038=ADVANCED_FACE('',(#3039),#3095,.F.);
#3039=FACE_BOUND('',#3040,.F.);
#3040=EDGE_LOOP('',(#3041,#3042,#3043,#3050,#3055,#3062,#3067,#3072,#3077,#3083,#3088,#3093));
#3041=ORIENTED_EDGE('',*,*,#900,.F.);
#3042=ORIENTED_EDGE('',*,*,#911,.T.);
#3043=ORIENTED_EDGE('',*,*,#3044,.T.);
#3044=EDGE_CURVE('',#912,#3045,#3047,.T.);
#3045=VERTEX_POINT('',#3046);
#3046=CARTESIAN_POINT('',(2.248480775301,-0.435,0.467364817767));
#3047=CIRCLE('',#3048,1.E-01);
#3048=AXIS2_PLACEMENT_3D('',#3049,#86,#13);
#3049=CARTESIAN_POINT('',(2.15,-0.435,0.45));
#3050=ORIENTED_EDGE('',*,*,#3051,.T.);
#3051=EDGE_CURVE('',#3045,#3052,#3054,.T.);
#3052=VERTEX_POINT('',#3053);
#3053=CARTESIAN_POINT('',(2.281006721203,-0.435,0.2479055467));
#3054=LINE('',#3046,#2497);
#3055=ORIENTED_EDGE('',*,*,#3056,.T.);
#3056=EDGE_CURVE('',#3052,#3057,#3059,.T.);
#3057=VERTEX_POINT('',#3058);
#3058=CARTESIAN_POINT('',(2.576449047106,-0.435,0.));
#3059=CIRCLE('',#3060,0.3);
#3060=AXIS2_PLACEMENT_3D('',#3061,#58,#2506);
#3061=CARTESIAN_POINT('',(2.576449047106,-0.435,0.3));
#3062=ORIENTED_EDGE('',*,*,#3063,.T.);
#3063=EDGE_CURVE('',#3057,#3064,#3066,.T.);
#3064=VERTEX_POINT('',#3065);
#3065=CARTESIAN_POINT('',(3.,-0.435,0.));
#3066=LINE('',#3058,#27);
#3067=ORIENTED_EDGE('',*,*,#3068,.T.);
#3068=EDGE_CURVE('',#3064,#3069,#3071,.T.);
#3069=VERTEX_POINT('',#3070);
#3070=CARTESIAN_POINT('',(3.,-0.435,0.2));
#3071=LINE('',#3065,#430);
#3072=ORIENTED_EDGE('',*,*,#3073,.T.);
#3073=EDGE_CURVE('',#3069,#3074,#3076,.T.);
#3074=VERTEX_POINT('',#3075);
#3075=CARTESIAN_POINT('',(2.576449047106,-0.435,0.2));
#3076=LINE('',#3070,#71);
#3077=ORIENTED_EDGE('',*,*,#3078,.T.);
#3078=EDGE_CURVE('',#3074,#3079,#3081,.T.);
#3079=VERTEX_POINT('',#3080);
#3080=CARTESIAN_POINT('',(2.477968271805,-0.435,0.282635182233));
#3081=CIRCLE('',#3082,1.E-01);
#3082=AXIS2_PLACEMENT_3D('',#3061,#86,#404);
#3083=ORIENTED_EDGE('',*,*,#3084,.T.);
#3084=EDGE_CURVE('',#3079,#3085,#3087,.T.);
#3085=VERTEX_POINT('',#3086);
#3086=CARTESIAN_POINT('',(2.445442325904,-0.435,0.5020944533));
#3087=LINE('',#3080,#2533);
#3088=ORIENTED_EDGE('',*,*,#3089,.T.);
#3089=EDGE_CURVE('',#3085,#3090,#3091,.T.);
#3090=VERTEX_POINT('',#3036);
#3091=CIRCLE('',#3092,0.3);
#3092=AXIS2_PLACEMENT_3D('',#3049,#58,#2539);
#3093=ORIENTED_EDGE('',*,*,#3094,.T.);
#3094=EDGE_CURVE('',#3090,#901,#3035,.T.);
#3095=PLANE('',#3096);
#3096=AXIS2_PLACEMENT_3D('',#3097,#58,#13);
#3097=CARTESIAN_POINT('',(2.392663652428,-0.435,0.363434627942));
#3098=ADVANCED_FACE('',(#3099),#3113,.F.);
#3099=FACE_BOUND('',#3100,.F.);
#3100=EDGE_LOOP('',(#3101,#3102,#3109,#3112));
#3101=ORIENTED_EDGE('',*,*,#924,.T.);
#3102=ORIENTED_EDGE('',*,*,#3103,.T.);
#3103=EDGE_CURVE('',#919,#3104,#3106,.T.);
#3104=VERTEX_POINT('',#3105);
#3105=CARTESIAN_POINT('',(2.248480775301,-0.835,0.467364817767));
#3106=CIRCLE('',#3107,1.E-01);
#3107=AXIS2_PLACEMENT_3D('',#3108,#86,#13);
#3108=CARTESIAN_POINT('',(2.15,-0.835,0.45));
#3109=ORIENTED_EDGE('',*,*,#3110,.F.);
#3110=EDGE_CURVE('',#3045,#3104,#3111,.T.);
#3111=LINE('',#3046,#57);
#3112=ORIENTED_EDGE('',*,*,#3044,.F.);
#3113=CYLINDRICAL_SURFACE('',#3048,1.E-01);
#3114=ADVANCED_FACE('',(#3115),#3164,.T.);
#3115=FACE_BOUND('',#3116,.T.);
#3116=EDGE_LOOP('',(#931,#917,#3102,#3117,#3122,#3129,#3134,#3139,#3144,#3150,#3155,#3161));
#3117=ORIENTED_EDGE('',*,*,#3118,.T.);
#3118=EDGE_CURVE('',#3104,#3119,#3121,.T.);
#3119=VERTEX_POINT('',#3120);
#3120=CARTESIAN_POINT('',(2.281006721203,-0.835,0.2479055467));
#3121=LINE('',#3105,#2497);
#3122=ORIENTED_EDGE('',*,*,#3123,.T.);
#3123=EDGE_CURVE('',#3119,#3124,#3126,.T.);
#3124=VERTEX_POINT('',#3125);
#3125=CARTESIAN_POINT('',(2.576449047106,-0.835,0.));
#3126=CIRCLE('',#3127,0.3);
#3127=AXIS2_PLACEMENT_3D('',#3128,#58,#2506);
#3128=CARTESIAN_POINT('',(2.576449047106,-0.835,0.3));
#3129=ORIENTED_EDGE('',*,*,#3130,.T.);
#3130=EDGE_CURVE('',#3124,#3131,#3133,.T.);
#3131=VERTEX_POINT('',#3132);
#3132=CARTESIAN_POINT('',(3.,-0.835,0.));
#3133=LINE('',#3125,#27);
#3134=ORIENTED_EDGE('',*,*,#3135,.T.);
#3135=EDGE_CURVE('',#3131,#3136,#3138,.T.);
#3136=VERTEX_POINT('',#3137);
#3137=CARTESIAN_POINT('',(3.,-0.835,0.2));
#3138=LINE('',#3132,#430);
#3139=ORIENTED_EDGE('',*,*,#3140,.T.);
#3140=EDGE_CURVE('',#3136,#3141,#3143,.T.);
#3141=VERTEX_POINT('',#3142);
#3142=CARTESIAN_POINT('',(2.576449047106,-0.835,0.2));
#3143=LINE('',#3137,#71);
#3144=ORIENTED_EDGE('',*,*,#3145,.T.);
#3145=EDGE_CURVE('',#3141,#3146,#3148,.T.);
#3146=VERTEX_POINT('',#3147);
#3147=CARTESIAN_POINT('',(2.477968271805,-0.835,0.282635182233));
#3148=CIRCLE('',#3149,1.E-01);
#3149=AXIS2_PLACEMENT_3D('',#3128,#86,#404);
#3150=ORIENTED_EDGE('',*,*,#3151,.T.);
#3151=EDGE_CURVE('',#3146,#3152,#3154,.T.);
#3152=VERTEX_POINT('',#3153);
#3153=CARTESIAN_POINT('',(2.445442325904,-0.835,0.5020944533));
#3154=LINE('',#3147,#2533);
#3155=ORIENTED_EDGE('',*,*,#3156,.T.);
#3156=EDGE_CURVE('',#3152,#3157,#3159,.T.);
#3157=VERTEX_POINT('',#3158);
#3158=CARTESIAN_POINT('',(2.15,-0.835,0.75));
#3159=CIRCLE('',#3160,0.3);
#3160=AXIS2_PLACEMENT_3D('',#3108,#58,#2539);
#3161=ORIENTED_EDGE('',*,*,#3162,.T.);
#3162=EDGE_CURVE('',#3157,#933,#3163,.T.);
#3163=LINE('',#3158,#71);
#3164=PLANE('',#3165);
#3165=AXIS2_PLACEMENT_3D('',#3166,#58,#13);
#3166=CARTESIAN_POINT('',(2.392663652428,-0.835,0.363434627942));
#3167=ADVANCED_FACE('',(#3168),#401,.F.);
#3168=FACE_BOUND('',#3169,.F.);
#3169=EDGE_LOOP('',(#3170,#3172,#3173,#3177));
#3170=ORIENTED_EDGE('',*,*,#3171,.F.);
#3171=EDGE_CURVE('',#933,#1284,#3163,.T.);
#3172=ORIENTED_EDGE('',*,*,#945,.T.);
#3173=ORIENTED_EDGE('',*,*,#3174,.T.);
#3174=EDGE_CURVE('',#940,#1288,#3175,.T.);
#3175=LINE('',#3176,#71);
#3176=CARTESIAN_POINT('',(2.15,-1.705,0.75));
#3177=ORIENTED_EDGE('',*,*,#1287,.F.);
#3178=ADVANCED_FACE('',(#3179),#3235,.F.);
#3179=FACE_BOUND('',#3180,.F.);
#3180=EDGE_LOOP('',(#3181,#3182,#3183,#3190,#3195,#3202,#3207,#3212,#3217,#3223,#3228,#3233));
#3181=ORIENTED_EDGE('',*,*,#939,.F.);
#3182=ORIENTED_EDGE('',*,*,#950,.T.);
#3183=ORIENTED_EDGE('',*,*,#3184,.T.);
#3184=EDGE_CURVE('',#951,#3185,#3187,.T.);
#3185=VERTEX_POINT('',#3186);
#3186=CARTESIAN_POINT('',(2.248480775301,-1.705,0.467364817767));
#3187=CIRCLE('',#3188,1.E-01);
#3188=AXIS2_PLACEMENT_3D('',#3189,#86,#13);
#3189=CARTESIAN_POINT('',(2.15,-1.705,0.45));
#3190=ORIENTED_EDGE('',*,*,#3191,.T.);
#3191=EDGE_CURVE('',#3185,#3192,#3194,.T.);
#3192=VERTEX_POINT('',#3193);
#3193=CARTESIAN_POINT('',(2.281006721203,-1.705,0.2479055467));
#3194=LINE('',#3186,#2497);
#3195=ORIENTED_EDGE('',*,*,#3196,.T.);
#3196=EDGE_CURVE('',#3192,#3197,#3199,.T.);
#3197=VERTEX_POINT('',#3198);
#3198=CARTESIAN_POINT('',(2.576449047106,-1.705,0.));
#3199=CIRCLE('',#3200,0.3);
#3200=AXIS2_PLACEMENT_3D('',#3201,#58,#2506);
#3201=CARTESIAN_POINT('',(2.576449047106,-1.705,0.3));
#3202=ORIENTED_EDGE('',*,*,#3203,.T.);
#3203=EDGE_CURVE('',#3197,#3204,#3206,.T.);
#3204=VERTEX_POINT('',#3205);
#3205=CARTESIAN_POINT('',(3.,-1.705,0.));
#3206=LINE('',#3198,#27);
#3207=ORIENTED_EDGE('',*,*,#3208,.T.);
#3208=EDGE_CURVE('',#3204,#3209,#3211,.T.);
#3209=VERTEX_POINT('',#3210);
#3210=CARTESIAN_POINT('',(3.,-1.705,0.2));
#3211=LINE('',#3205,#430);
#3212=ORIENTED_EDGE('',*,*,#3213,.T.);
#3213=EDGE_CURVE('',#3209,#3214,#3216,.T.);
#3214=VERTEX_POINT('',#3215);
#3215=CARTESIAN_POINT('',(2.576449047106,-1.705,0.2));
#3216=LINE('',#3210,#71);
#3217=ORIENTED_EDGE('',*,*,#3218,.T.);
#3218=EDGE_CURVE('',#3214,#3219,#3221,.T.);
#3219=VERTEX_POINT('',#3220);
#3220=CARTESIAN_POINT('',(2.477968271805,-1.705,0.282635182233));
#3221=CIRCLE('',#3222,1.E-01);
#3222=AXIS2_PLACEMENT_3D('',#3201,#86,#404);
#3223=ORIENTED_EDGE('',*,*,#3224,.T.);
#3224=EDGE_CURVE('',#3219,#3225,#3227,.T.);
#3225=VERTEX_POINT('',#3226);
#3226=CARTESIAN_POINT('',(2.445442325904,-1.705,0.5020944533));
#3227=LINE('',#3220,#2533);
#3228=ORIENTED_EDGE('',*,*,#3229,.T.);
#3229=EDGE_CURVE('',#3225,#3230,#3231,.T.);
#3230=VERTEX_POINT('',#3176);
#3231=CIRCLE('',#3232,0.3);
#3232=AXIS2_PLACEMENT_3D('',#3189,#58,#2539);
#3233=ORIENTED_EDGE('',*,*,#3234,.T.);
#3234=EDGE_CURVE('',#3230,#940,#3175,.T.);
#3235=PLANE('',#3236);
#3236=AXIS2_PLACEMENT_3D('',#3237,#58,#13);
#3237=CARTESIAN_POINT('',(2.392663652428,-1.705,0.363434627942));
#3238=ADVANCED_FACE('',(#3239),#3253,.F.);
#3239=FACE_BOUND('',#3240,.F.);
#3240=EDGE_LOOP('',(#3241,#3242,#3249,#3252));
#3241=ORIENTED_EDGE('',*,*,#963,.T.);
#3242=ORIENTED_EDGE('',*,*,#3243,.T.);
#3243=EDGE_CURVE('',#958,#3244,#3246,.T.);
#3244=VERTEX_POINT('',#3245);
#3245=CARTESIAN_POINT('',(2.248480775301,-2.105,0.467364817767));
#3246=CIRCLE('',#3247,1.E-01);
#3247=AXIS2_PLACEMENT_3D('',#3248,#86,#13);
#3248=CARTESIAN_POINT('',(2.15,-2.105,0.45));
#3249=ORIENTED_EDGE('',*,*,#3250,.F.);
#3250=EDGE_CURVE('',#3185,#3244,#3251,.T.);
#3251=LINE('',#3186,#57);
#3252=ORIENTED_EDGE('',*,*,#3184,.F.);
#3253=CYLINDRICAL_SURFACE('',#3188,1.E-01);
#3254=ADVANCED_FACE('',(#3255),#3304,.T.);
#3255=FACE_BOUND('',#3256,.T.);
#3256=EDGE_LOOP('',(#970,#956,#3242,#3257,#3262,#3269,#3274,#3279,#3284,#3290,#3295,#3301));
#3257=ORIENTED_EDGE('',*,*,#3258,.T.);
#3258=EDGE_CURVE('',#3244,#3259,#3261,.T.);
#3259=VERTEX_POINT('',#3260);
#3260=CARTESIAN_POINT('',(2.281006721203,-2.105,0.2479055467));
#3261=LINE('',#3245,#2497);
#3262=ORIENTED_EDGE('',*,*,#3263,.T.);
#3263=EDGE_CURVE('',#3259,#3264,#3266,.T.);
#3264=VERTEX_POINT('',#3265);
#3265=CARTESIAN_POINT('',(2.576449047106,-2.105,0.));
#3266=CIRCLE('',#3267,0.3);
#3267=AXIS2_PLACEMENT_3D('',#3268,#58,#2506);
#3268=CARTESIAN_POINT('',(2.576449047106,-2.105,0.3));
#3269=ORIENTED_EDGE('',*,*,#3270,.T.);
#3270=EDGE_CURVE('',#3264,#3271,#3273,.T.);
#3271=VERTEX_POINT('',#3272);
#3272=CARTESIAN_POINT('',(3.,-2.105,0.));
#3273=LINE('',#3265,#27);
#3274=ORIENTED_EDGE('',*,*,#3275,.T.);
#3275=EDGE_CURVE('',#3271,#3276,#3278,.T.);
#3276=VERTEX_POINT('',#3277);
#3277=CARTESIAN_POINT('',(3.,-2.105,0.2));
#3278=LINE('',#3272,#430);
#3279=ORIENTED_EDGE('',*,*,#3280,.T.);
#3280=EDGE_CURVE('',#3276,#3281,#3283,.T.);
#3281=VERTEX_POINT('',#3282);
#3282=CARTESIAN_POINT('',(2.576449047106,-2.105,0.2));
#3283=LINE('',#3277,#71);
#3284=ORIENTED_EDGE('',*,*,#3285,.T.);
#3285=EDGE_CURVE('',#3281,#3286,#3288,.T.);
#3286=VERTEX_POINT('',#3287);
#3287=CARTESIAN_POINT('',(2.477968271805,-2.105,0.282635182233));
#3288=CIRCLE('',#3289,1.E-01);
#3289=AXIS2_PLACEMENT_3D('',#3268,#86,#404);
#3290=ORIENTED_EDGE('',*,*,#3291,.T.);
#3291=EDGE_CURVE('',#3286,#3292,#3294,.T.);
#3292=VERTEX_POINT('',#3293);
#3293=CARTESIAN_POINT('',(2.445442325904,-2.105,0.5020944533));
#3294=LINE('',#3287,#2533);
#3295=ORIENTED_EDGE('',*,*,#3296,.T.);
#3296=EDGE_CURVE('',#3292,#3297,#3299,.T.);
#3297=VERTEX_POINT('',#3298);
#3298=CARTESIAN_POINT('',(2.15,-2.105,0.75));
#3299=CIRCLE('',#3300,0.3);
#3300=AXIS2_PLACEMENT_3D('',#3248,#58,#2539);
#3301=ORIENTED_EDGE('',*,*,#3302,.T.);
#3302=EDGE_CURVE('',#3297,#972,#3303,.T.);
#3303=LINE('',#3298,#71);
#3304=PLANE('',#3305);
#3305=AXIS2_PLACEMENT_3D('',#3306,#58,#13);
#3306=CARTESIAN_POINT('',(2.392663652428,-2.105,0.363434627942));
#3307=ADVANCED_FACE('',(#3308),#401,.F.);
#3308=FACE_BOUND('',#3309,.F.);
#3309=EDGE_LOOP('',(#3310,#3312,#3313,#3317));
#3310=ORIENTED_EDGE('',*,*,#3311,.F.);
#3311=EDGE_CURVE('',#972,#1292,#3303,.T.);
#3312=ORIENTED_EDGE('',*,*,#984,.T.);
#3313=ORIENTED_EDGE('',*,*,#3314,.T.);
#3314=EDGE_CURVE('',#979,#1296,#3315,.T.);
#3315=LINE('',#3316,#71);
#3316=CARTESIAN_POINT('',(2.15,-2.975,0.75));
#3317=ORIENTED_EDGE('',*,*,#1295,.F.);
#3318=ADVANCED_FACE('',(#3319),#3375,.F.);
#3319=FACE_BOUND('',#3320,.F.);
#3320=EDGE_LOOP('',(#3321,#3322,#3323,#3330,#3335,#3342,#3347,#3352,#3357,#3363,#3368,#3373));
#3321=ORIENTED_EDGE('',*,*,#978,.F.);
#3322=ORIENTED_EDGE('',*,*,#989,.T.);
#3323=ORIENTED_EDGE('',*,*,#3324,.T.);
#3324=EDGE_CURVE('',#990,#3325,#3327,.T.);
#3325=VERTEX_POINT('',#3326);
#3326=CARTESIAN_POINT('',(2.248480775301,-2.975,0.467364817767));
#3327=CIRCLE('',#3328,1.E-01);
#3328=AXIS2_PLACEMENT_3D('',#3329,#86,#13);
#3329=CARTESIAN_POINT('',(2.15,-2.975,0.45));
#3330=ORIENTED_EDGE('',*,*,#3331,.T.);
#3331=EDGE_CURVE('',#3325,#3332,#3334,.T.);
#3332=VERTEX_POINT('',#3333);
#3333=CARTESIAN_POINT('',(2.281006721203,-2.975,0.2479055467));
#3334=LINE('',#3326,#2497);
#3335=ORIENTED_EDGE('',*,*,#3336,.T.);
#3336=EDGE_CURVE('',#3332,#3337,#3339,.T.);
#3337=VERTEX_POINT('',#3338);
#3338=CARTESIAN_POINT('',(2.576449047106,-2.975,0.));
#3339=CIRCLE('',#3340,0.3);
#3340=AXIS2_PLACEMENT_3D('',#3341,#58,#2506);
#3341=CARTESIAN_POINT('',(2.576449047106,-2.975,0.3));
#3342=ORIENTED_EDGE('',*,*,#3343,.T.);
#3343=EDGE_CURVE('',#3337,#3344,#3346,.T.);
#3344=VERTEX_POINT('',#3345);
#3345=CARTESIAN_POINT('',(3.,-2.975,0.));
#3346=LINE('',#3338,#27);
#3347=ORIENTED_EDGE('',*,*,#3348,.T.);
#3348=EDGE_CURVE('',#3344,#3349,#3351,.T.);
#3349=VERTEX_POINT('',#3350);
#3350=CARTESIAN_POINT('',(3.,-2.975,0.2));
#3351=LINE('',#3345,#430);
#3352=ORIENTED_EDGE('',*,*,#3353,.T.);
#3353=EDGE_CURVE('',#3349,#3354,#3356,.T.);
#3354=VERTEX_POINT('',#3355);
#3355=CARTESIAN_POINT('',(2.576449047106,-2.975,0.2));
#3356=LINE('',#3350,#71);
#3357=ORIENTED_EDGE('',*,*,#3358,.T.);
#3358=EDGE_CURVE('',#3354,#3359,#3361,.T.);
#3359=VERTEX_POINT('',#3360);
#3360=CARTESIAN_POINT('',(2.477968271805,-2.975,0.282635182233));
#3361=CIRCLE('',#3362,1.E-01);
#3362=AXIS2_PLACEMENT_3D('',#3341,#86,#404);
#3363=ORIENTED_EDGE('',*,*,#3364,.T.);
#3364=EDGE_CURVE('',#3359,#3365,#3367,.T.);
#3365=VERTEX_POINT('',#3366);
#3366=CARTESIAN_POINT('',(2.445442325904,-2.975,0.5020944533));
#3367=LINE('',#3360,#2533);
#3368=ORIENTED_EDGE('',*,*,#3369,.T.);
#3369=EDGE_CURVE('',#3365,#3370,#3371,.T.);
#3370=VERTEX_POINT('',#3316);
#3371=CIRCLE('',#3372,0.3);
#3372=AXIS2_PLACEMENT_3D('',#3329,#58,#2539);
#3373=ORIENTED_EDGE('',*,*,#3374,.T.);
#3374=EDGE_CURVE('',#3370,#979,#3315,.T.);
#3375=PLANE('',#3376);
#3376=AXIS2_PLACEMENT_3D('',#3377,#58,#13);
#3377=CARTESIAN_POINT('',(2.392663652428,-2.975,0.363434627942));
#3378=ADVANCED_FACE('',(#3379),#3393,.F.);
#3379=FACE_BOUND('',#3380,.F.);
#3380=EDGE_LOOP('',(#3381,#3382,#3389,#3392));
#3381=ORIENTED_EDGE('',*,*,#1002,.T.);
#3382=ORIENTED_EDGE('',*,*,#3383,.T.);
#3383=EDGE_CURVE('',#997,#3384,#3386,.T.);
#3384=VERTEX_POINT('',#3385);
#3385=CARTESIAN_POINT('',(2.248480775301,-3.375,0.467364817767));
#3386=CIRCLE('',#3387,1.E-01);
#3387=AXIS2_PLACEMENT_3D('',#3388,#86,#13);
#3388=CARTESIAN_POINT('',(2.15,-3.375,0.45));
#3389=ORIENTED_EDGE('',*,*,#3390,.F.);
#3390=EDGE_CURVE('',#3325,#3384,#3391,.T.);
#3391=LINE('',#3326,#57);
#3392=ORIENTED_EDGE('',*,*,#3324,.F.);
#3393=CYLINDRICAL_SURFACE('',#3328,1.E-01);
#3394=ADVANCED_FACE('',(#3395),#3444,.T.);
#3395=FACE_BOUND('',#3396,.T.);
#3396=EDGE_LOOP('',(#1009,#995,#3382,#3397,#3402,#3409,#3414,#3419,#3424,#3430,#3435,#3441));
#3397=ORIENTED_EDGE('',*,*,#3398,.T.);
#3398=EDGE_CURVE('',#3384,#3399,#3401,.T.);
#3399=VERTEX_POINT('',#3400);
#3400=CARTESIAN_POINT('',(2.281006721203,-3.375,0.2479055467));
#3401=LINE('',#3385,#2497);
#3402=ORIENTED_EDGE('',*,*,#3403,.T.);
#3403=EDGE_CURVE('',#3399,#3404,#3406,.T.);
#3404=VERTEX_POINT('',#3405);
#3405=CARTESIAN_POINT('',(2.576449047106,-3.375,0.));
#3406=CIRCLE('',#3407,0.3);
#3407=AXIS2_PLACEMENT_3D('',#3408,#58,#2506);
#3408=CARTESIAN_POINT('',(2.576449047106,-3.375,0.3));
#3409=ORIENTED_EDGE('',*,*,#3410,.T.);
#3410=EDGE_CURVE('',#3404,#3411,#3413,.T.);
#3411=VERTEX_POINT('',#3412);
#3412=CARTESIAN_POINT('',(3.,-3.375,0.));
#3413=LINE('',#3405,#27);
#3414=ORIENTED_EDGE('',*,*,#3415,.T.);
#3415=EDGE_CURVE('',#3411,#3416,#3418,.T.);
#3416=VERTEX_POINT('',#3417);
#3417=CARTESIAN_POINT('',(3.,-3.375,0.2));
#3418=LINE('',#3412,#430);
#3419=ORIENTED_EDGE('',*,*,#3420,.T.);
#3420=EDGE_CURVE('',#3416,#3421,#3423,.T.);
#3421=VERTEX_POINT('',#3422);
#3422=CARTESIAN_POINT('',(2.576449047106,-3.375,0.2));
#3423=LINE('',#3417,#71);
#3424=ORIENTED_EDGE('',*,*,#3425,.T.);
#3425=EDGE_CURVE('',#3421,#3426,#3428,.T.);
#3426=VERTEX_POINT('',#3427);
#3427=CARTESIAN_POINT('',(2.477968271805,-3.375,0.282635182233));
#3428=CIRCLE('',#3429,1.E-01);
#3429=AXIS2_PLACEMENT_3D('',#3408,#86,#404);
#3430=ORIENTED_EDGE('',*,*,#3431,.T.);
#3431=EDGE_CURVE('',#3426,#3432,#3434,.T.);
#3432=VERTEX_POINT('',#3433);
#3433=CARTESIAN_POINT('',(2.445442325904,-3.375,0.5020944533));
#3434=LINE('',#3427,#2533);
#3435=ORIENTED_EDGE('',*,*,#3436,.T.);
#3436=EDGE_CURVE('',#3432,#3437,#3439,.T.);
#3437=VERTEX_POINT('',#3438);
#3438=CARTESIAN_POINT('',(2.15,-3.375,0.75));
#3439=CIRCLE('',#3440,0.3);
#3440=AXIS2_PLACEMENT_3D('',#3388,#58,#2539);
#3441=ORIENTED_EDGE('',*,*,#3442,.T.);
#3442=EDGE_CURVE('',#3437,#1011,#3443,.T.);
#3443=LINE('',#3438,#71);
#3444=PLANE('',#3445);
#3445=AXIS2_PLACEMENT_3D('',#3446,#58,#13);
#3446=CARTESIAN_POINT('',(2.392663652428,-3.375,0.363434627942));
#3447=ADVANCED_FACE('',(#3448),#401,.F.);
#3448=FACE_BOUND('',#3449,.F.);
#3449=EDGE_LOOP('',(#3450,#3452,#3453,#3457));
#3450=ORIENTED_EDGE('',*,*,#3451,.F.);
#3451=EDGE_CURVE('',#1011,#1300,#3443,.T.);
#3452=ORIENTED_EDGE('',*,*,#1023,.T.);
#3453=ORIENTED_EDGE('',*,*,#3454,.T.);
#3454=EDGE_CURVE('',#1018,#1304,#3455,.T.);
#3455=LINE('',#3456,#71);
#3456=CARTESIAN_POINT('',(2.15,-4.245,0.75));
#3457=ORIENTED_EDGE('',*,*,#1303,.F.);
#3458=ADVANCED_FACE('',(#3459),#3515,.F.);
#3459=FACE_BOUND('',#3460,.F.);
#3460=EDGE_LOOP('',(#3461,#3462,#3463,#3470,#3475,#3482,#3487,#3492,#3497,#3503,#3508,#3513));
#3461=ORIENTED_EDGE('',*,*,#1017,.F.);
#3462=ORIENTED_EDGE('',*,*,#1028,.T.);
#3463=ORIENTED_EDGE('',*,*,#3464,.T.);
#3464=EDGE_CURVE('',#1029,#3465,#3467,.T.);
#3465=VERTEX_POINT('',#3466);
#3466=CARTESIAN_POINT('',(2.248480775301,-4.245,0.467364817767));
#3467=CIRCLE('',#3468,1.E-01);
#3468=AXIS2_PLACEMENT_3D('',#3469,#86,#13);
#3469=CARTESIAN_POINT('',(2.15,-4.245,0.45));
#3470=ORIENTED_EDGE('',*,*,#3471,.T.);
#3471=EDGE_CURVE('',#3465,#3472,#3474,.T.);
#3472=VERTEX_POINT('',#3473);
#3473=CARTESIAN_POINT('',(2.281006721203,-4.245,0.2479055467));
#3474=LINE('',#3466,#2497);
#3475=ORIENTED_EDGE('',*,*,#3476,.T.);
#3476=EDGE_CURVE('',#3472,#3477,#3479,.T.);
#3477=VERTEX_POINT('',#3478);
#3478=CARTESIAN_POINT('',(2.576449047106,-4.245,0.));
#3479=CIRCLE('',#3480,0.3);
#3480=AXIS2_PLACEMENT_3D('',#3481,#58,#2506);
#3481=CARTESIAN_POINT('',(2.576449047106,-4.245,0.3));
#3482=ORIENTED_EDGE('',*,*,#3483,.T.);
#3483=EDGE_CURVE('',#3477,#3484,#3486,.T.);
#3484=VERTEX_POINT('',#3485);
#3485=CARTESIAN_POINT('',(3.,-4.245,0.));
#3486=LINE('',#3478,#27);
#3487=ORIENTED_EDGE('',*,*,#3488,.T.);
#3488=EDGE_CURVE('',#3484,#3489,#3491,.T.);
#3489=VERTEX_POINT('',#3490);
#3490=CARTESIAN_POINT('',(3.,-4.245,0.2));
#3491=LINE('',#3485,#430);
#3492=ORIENTED_EDGE('',*,*,#3493,.T.);
#3493=EDGE_CURVE('',#3489,#3494,#3496,.T.);
#3494=VERTEX_POINT('',#3495);
#3495=CARTESIAN_POINT('',(2.576449047106,-4.245,0.2));
#3496=LINE('',#3490,#71);
#3497=ORIENTED_EDGE('',*,*,#3498,.T.);
#3498=EDGE_CURVE('',#3494,#3499,#3501,.T.);
#3499=VERTEX_POINT('',#3500);
#3500=CARTESIAN_POINT('',(2.477968271805,-4.245,0.282635182233));
#3501=CIRCLE('',#3502,1.E-01);
#3502=AXIS2_PLACEMENT_3D('',#3481,#86,#404);
#3503=ORIENTED_EDGE('',*,*,#3504,.T.);
#3504=EDGE_CURVE('',#3499,#3505,#3507,.T.);
#3505=VERTEX_POINT('',#3506);
#3506=CARTESIAN_POINT('',(2.445442325904,-4.245,0.5020944533));
#3507=LINE('',#3500,#2533);
#3508=ORIENTED_EDGE('',*,*,#3509,.T.);
#3509=EDGE_CURVE('',#3505,#3510,#3511,.T.);
#3510=VERTEX_POINT('',#3456);
#3511=CIRCLE('',#3512,0.3);
#3512=AXIS2_PLACEMENT_3D('',#3469,#58,#2539);
#3513=ORIENTED_EDGE('',*,*,#3514,.T.);
#3514=EDGE_CURVE('',#3510,#1018,#3455,.T.);
#3515=PLANE('',#3516);
#3516=AXIS2_PLACEMENT_3D('',#3517,#58,#13);
#3517=CARTESIAN_POINT('',(2.392663652428,-4.245,0.363434627942));
#3518=ADVANCED_FACE('',(#3519),#3533,.F.);
#3519=FACE_BOUND('',#3520,.F.);
#3520=EDGE_LOOP('',(#3521,#3522,#3529,#3532));
#3521=ORIENTED_EDGE('',*,*,#1041,.T.);
#3522=ORIENTED_EDGE('',*,*,#3523,.T.);
#3523=EDGE_CURVE('',#1036,#3524,#3526,.T.);
#3524=VERTEX_POINT('',#3525);
#3525=CARTESIAN_POINT('',(2.248480775301,-4.645,0.467364817767));
#3526=CIRCLE('',#3527,1.E-01);
#3527=AXIS2_PLACEMENT_3D('',#3528,#86,#13);
#3528=CARTESIAN_POINT('',(2.15,-4.645,0.45));
#3529=ORIENTED_EDGE('',*,*,#3530,.F.);
#3530=EDGE_CURVE('',#3465,#3524,#3531,.T.);
#3531=LINE('',#3466,#57);
#3532=ORIENTED_EDGE('',*,*,#3464,.F.);
#3533=CYLINDRICAL_SURFACE('',#3468,1.E-01);
#3534=ADVANCED_FACE('',(#3535),#3582,.T.);
#3535=FACE_BOUND('',#3536,.T.);
#3536=EDGE_LOOP('',(#1048,#1034,#3522,#3537,#3542,#3549,#3554,#3559,#3564,#3570,#3575,#3580));
#3537=ORIENTED_EDGE('',*,*,#3538,.T.);
#3538=EDGE_CURVE('',#3524,#3539,#3541,.T.);
#3539=VERTEX_POINT('',#3540);
#3540=CARTESIAN_POINT('',(2.281006721203,-4.645,0.2479055467));
#3541=LINE('',#3525,#2497);
#3542=ORIENTED_EDGE('',*,*,#3543,.T.);
#3543=EDGE_CURVE('',#3539,#3544,#3546,.T.);
#3544=VERTEX_POINT('',#3545);
#3545=CARTESIAN_POINT('',(2.576449047106,-4.645,0.));
#3546=CIRCLE('',#3547,0.3);
#3547=AXIS2_PLACEMENT_3D('',#3548,#58,#2506);
#3548=CARTESIAN_POINT('',(2.576449047106,-4.645,0.3));
#3549=ORIENTED_EDGE('',*,*,#3550,.T.);
#3550=EDGE_CURVE('',#3544,#3551,#3553,.T.);
#3551=VERTEX_POINT('',#3552);
#3552=CARTESIAN_POINT('',(3.,-4.645,0.));
#3553=LINE('',#3545,#27);
#3554=ORIENTED_EDGE('',*,*,#3555,.T.);
#3555=EDGE_CURVE('',#3551,#3556,#3558,.T.);
#3556=VERTEX_POINT('',#3557);
#3557=CARTESIAN_POINT('',(3.,-4.645,0.2));
#3558=LINE('',#3552,#430);
#3559=ORIENTED_EDGE('',*,*,#3560,.T.);
#3560=EDGE_CURVE('',#3556,#3561,#3563,.T.);
#3561=VERTEX_POINT('',#3562);
#3562=CARTESIAN_POINT('',(2.576449047106,-4.645,0.2));
#3563=LINE('',#3557,#71);
#3564=ORIENTED_EDGE('',*,*,#3565,.T.);
#3565=EDGE_CURVE('',#3561,#3566,#3568,.T.);
#3566=VERTEX_POINT('',#3567);
#3567=CARTESIAN_POINT('',(2.477968271805,-4.645,0.282635182233));
#3568=CIRCLE('',#3569,1.E-01);
#3569=AXIS2_PLACEMENT_3D('',#3548,#86,#404);
#3570=ORIENTED_EDGE('',*,*,#3571,.T.);
#3571=EDGE_CURVE('',#3566,#3572,#3574,.T.);
#3572=VERTEX_POINT('',#3573);
#3573=CARTESIAN_POINT('',(2.445442325904,-4.645,0.5020944533));
#3574=LINE('',#3567,#2533);
#3575=ORIENTED_EDGE('',*,*,#3576,.T.);
#3576=EDGE_CURVE('',#3572,#3577,#3578,.T.);
#3577=VERTEX_POINT('',#1370);
#3578=CIRCLE('',#3579,0.3);
#3579=AXIS2_PLACEMENT_3D('',#3528,#58,#2539);
#3580=ORIENTED_EDGE('',*,*,#3581,.T.);
#3581=EDGE_CURVE('',#3577,#1050,#1369,.T.);
#3582=PLANE('',#3583);
#3583=AXIS2_PLACEMENT_3D('',#3584,#58,#13);
#3584=CARTESIAN_POINT('',(2.392663652428,-4.645,0.363434627942));
#3585=ADVANCED_FACE('',(#3586),#3593,.T.);
#3586=FACE_BOUND('',#3587,.F.);
#3587=EDGE_LOOP('',(#3588,#2473,#3591,#3592));
#3588=ORIENTED_EDGE('',*,*,#3589,.T.);
#3589=EDGE_CURVE('',#2405,#2470,#3590,.T.);
#3590=LINE('',#2406,#85);
#3591=ORIENTED_EDGE('',*,*,#1112,.F.);
#3592=ORIENTED_EDGE('',*,*,#2409,.F.);
#3593=CYLINDRICAL_SURFACE('',#3594,0.3);
#3594=AXIS2_PLACEMENT_3D('',#2369,#58,#1435);
#3595=ADVANCED_FACE('',(#3596),#3605,.F.);
#3596=FACE_BOUND('',#3597,.F.);
#3597=EDGE_LOOP('',(#3598,#3599,#1504,#3602,#3603,#3604));
#3598=ORIENTED_EDGE('',*,*,#1437,.F.);
#3599=ORIENTED_EDGE('',*,*,#3600,.T.);
#3600=EDGE_CURVE('',#1432,#1500,#3601,.T.);
#3601=LINE('',#1351,#85);
#3602=ORIENTED_EDGE('',*,*,#1520,.T.);
#3603=ORIENTED_EDGE('',*,*,#1135,.F.);
#3604=ORIENTED_EDGE('',*,*,#1349,.F.);
#3605=PLANE('',#3606);
#3606=AXIS2_PLACEMENT_3D('',#1351,#404,#14);
#3607=ADVANCED_FACE('',(#3608),#3617,.F.);
#3608=FACE_BOUND('',#3609,.F.);
#3609=EDGE_LOOP('',(#3610,#3611,#1644,#3614,#3615,#3616));
#3610=ORIENTED_EDGE('',*,*,#1577,.F.);
#3611=ORIENTED_EDGE('',*,*,#3612,.T.);
#3612=EDGE_CURVE('',#1573,#1640,#3613,.T.);
#3613=LINE('',#1517,#85);
#3614=ORIENTED_EDGE('',*,*,#1660,.T.);
#3615=ORIENTED_EDGE('',*,*,#1143,.F.);
#3616=ORIENTED_EDGE('',*,*,#1515,.F.);
#3617=PLANE('',#3618);
#3618=AXIS2_PLACEMENT_3D('',#1517,#404,#14);
#3619=ADVANCED_FACE('',(#3620),#3629,.F.);
#3620=FACE_BOUND('',#3621,.F.);
#3621=EDGE_LOOP('',(#3622,#3623,#1784,#3626,#3627,#3628));
#3622=ORIENTED_EDGE('',*,*,#1717,.F.);
#3623=ORIENTED_EDGE('',*,*,#3624,.T.);
#3624=EDGE_CURVE('',#1713,#1780,#3625,.T.);
#3625=LINE('',#1657,#85);
#3626=ORIENTED_EDGE('',*,*,#1800,.T.);
#3627=ORIENTED_EDGE('',*,*,#1151,.F.);
#3628=ORIENTED_EDGE('',*,*,#1655,.F.);
#3629=PLANE('',#3630);
#3630=AXIS2_PLACEMENT_3D('',#1657,#404,#14);
#3631=ADVANCED_FACE('',(#3632),#3641,.F.);
#3632=FACE_BOUND('',#3633,.F.);
#3633=EDGE_LOOP('',(#3634,#3635,#1924,#3638,#3639,#3640));
#3634=ORIENTED_EDGE('',*,*,#1857,.F.);
#3635=ORIENTED_EDGE('',*,*,#3636,.T.);
#3636=EDGE_CURVE('',#1853,#1920,#3637,.T.);
#3637=LINE('',#1797,#85);
#3638=ORIENTED_EDGE('',*,*,#1940,.T.);
#3639=ORIENTED_EDGE('',*,*,#1159,.F.);
#3640=ORIENTED_EDGE('',*,*,#1795,.F.);
#3641=PLANE('',#3642);
#3642=AXIS2_PLACEMENT_3D('',#1797,#404,#14);
#3643=ADVANCED_FACE('',(#3644),#3653,.F.);
#3644=FACE_BOUND('',#3645,.F.);
#3645=EDGE_LOOP('',(#3646,#3647,#2064,#3650,#3651,#3652));
#3646=ORIENTED_EDGE('',*,*,#1997,.F.);
#3647=ORIENTED_EDGE('',*,*,#3648,.T.);
#3648=EDGE_CURVE('',#1993,#2060,#3649,.T.);
#3649=LINE('',#1937,#85);
#3650=ORIENTED_EDGE('',*,*,#2080,.T.);
#3651=ORIENTED_EDGE('',*,*,#1167,.F.);
#3652=ORIENTED_EDGE('',*,*,#1935,.F.);
#3653=PLANE('',#3654);
#3654=AXIS2_PLACEMENT_3D('',#1937,#404,#14);
#3655=ADVANCED_FACE('',(#3656),#3665,.F.);
#3656=FACE_BOUND('',#3657,.F.);
#3657=EDGE_LOOP('',(#3658,#3659,#2204,#3662,#3663,#3664));
#3658=ORIENTED_EDGE('',*,*,#2137,.F.);
#3659=ORIENTED_EDGE('',*,*,#3660,.T.);
#3660=EDGE_CURVE('',#2133,#2200,#3661,.T.);
#3661=LINE('',#2077,#85);
#3662=ORIENTED_EDGE('',*,*,#2220,.T.);
#3663=ORIENTED_EDGE('',*,*,#1175,.F.);
#3664=ORIENTED_EDGE('',*,*,#2075,.F.);
#3665=PLANE('',#3666);
#3666=AXIS2_PLACEMENT_3D('',#2077,#404,#14);
#3667=ADVANCED_FACE('',(#3668),#3677,.F.);
#3668=FACE_BOUND('',#3669,.F.);
#3669=EDGE_LOOP('',(#3670,#3671,#2344,#3674,#3675,#3676));
#3670=ORIENTED_EDGE('',*,*,#2277,.F.);
#3671=ORIENTED_EDGE('',*,*,#3672,.T.);
#3672=EDGE_CURVE('',#2273,#2340,#3673,.T.);
#3673=LINE('',#2217,#85);
#3674=ORIENTED_EDGE('',*,*,#2357,.T.);
#3675=ORIENTED_EDGE('',*,*,#1183,.F.);
#3676=ORIENTED_EDGE('',*,*,#2215,.F.);
#3677=PLANE('',#3678);
#3678=AXIS2_PLACEMENT_3D('',#2217,#404,#14);
#3679=ADVANCED_FACE('',(#3680,#3700),#3709,.F.);
#3680=FACE_BOUND('',#3681,.F.);
#3681=EDGE_LOOP('',(#3682,#3683,#3684,#3685,#3690,#3695,#3698,#3699));
#3682=ORIENTED_EDGE('',*,*,#1228,.T.);
#3683=ORIENTED_EDGE('',*,*,#1242,.T.);
#3684=ORIENTED_EDGE('',*,*,#1320,.T.);
#3685=ORIENTED_EDGE('',*,*,#3686,.T.);
#3686=EDGE_CURVE('',#1316,#3687,#3689,.T.);
#3687=VERTEX_POINT('',#3688);
#3688=CARTESIAN_POINT('',(1.689674773624,-4.779349547248,1.2));
#3689=LINE('',#1317,#64);
#3690=ORIENTED_EDGE('',*,*,#3691,.T.);
#3691=EDGE_CURVE('',#3687,#3692,#3694,.T.);
#3692=VERTEX_POINT('',#3693);
#3693=CARTESIAN_POINT('',(-1.689674773624,-4.779349547248,1.2));
#3694=LINE('',#3688,#71);
#3695=ORIENTED_EDGE('',*,*,#3696,.T.);
#3696=EDGE_CURVE('',#3692,#1197,#3697,.T.);
#3697=LINE('',#3693,#78);
#3698=ORIENTED_EDGE('',*,*,#1196,.T.);
#3699=ORIENTED_EDGE('',*,*,#1214,.T.);
#3700=FACE_BOUND('',#3701,.F.);
#3701=EDGE_LOOP('',(#3702));
#3702=ORIENTED_EDGE('',*,*,#3703,.F.);
#3703=EDGE_CURVE('',#3704,#3704,#3706,.T.);
#3704=VERTEX_POINT('',#3705);
#3705=CARTESIAN_POINT('',(-1.079349547248,3.829349547248,1.2));
#3706=CIRCLE('',#3707,0.25);
#3707=AXIS2_PLACEMENT_3D('',#3708,#404,#58);
#3708=CARTESIAN_POINT('',(-1.079349547248,4.079349547248,1.2));
#3709=PLANE('',#3710);
#3710=AXIS2_PLACEMENT_3D('',#1211,#404,#3711);
#3711=DIRECTION('',(0.333319224032,-0.942814029855,0.));
#3712=ADVANCED_FACE('',(#3713),#3721,.F.);
#3713=FACE_BOUND('',#3714,.F.);
#3714=EDGE_LOOP('',(#3715,#3716,#3717,#3718));
#3715=ORIENTED_EDGE('',*,*,#1354,.T.);
#3716=ORIENTED_EDGE('',*,*,#1201,.T.);
#3717=ORIENTED_EDGE('',*,*,#3696,.F.);
#3718=ORIENTED_EDGE('',*,*,#3719,.F.);
#3719=EDGE_CURVE('',#1355,#3692,#3720,.T.);
#3720=B_SPLINE_CURVE_WITH_KNOTS('',1,(#1356,#3693),.UNSPECIFIED.,.F.,.F.,(2,2),(0.,1.),.PIECEWISE_BEZIER_KNOTS.);
#3721=B_SPLINE_SURFACE_WITH_KNOTS('',1,1,((#1356,#3693),(#390,#1198)),.UNSPECIFIED.,.F.,.F.,.F.,(2,2),(2,2),(0.,0.194454364826),(0.,1.),.PIECEWISE_BEZIER_KNOTS.);
#3722=ADVANCED_FACE('',(#3723),#3732,.F.);
#3723=FACE_BOUND('',#3724,.F.);
#3724=EDGE_LOOP('',(#3725,#3726,#2741,#3729,#3730,#3731));
#3725=ORIENTED_EDGE('',*,*,#2674,.F.);
#3726=ORIENTED_EDGE('',*,*,#3727,.T.);
#3727=EDGE_CURVE('',#2670,#2737,#3728,.T.);
#3728=LINE('',#2616,#57);
#3729=ORIENTED_EDGE('',*,*,#2751,.T.);
#3730=ORIENTED_EDGE('',*,*,#1259,.F.);
#3731=ORIENTED_EDGE('',*,*,#2614,.F.);
#3732=PLANE('',#3733);
#3733=AXIS2_PLACEMENT_3D('',#2616,#404,#72);
#3734=ADVANCED_FACE('',(#3735),#3744,.F.);
#3735=FACE_BOUND('',#3736,.F.);
#3736=EDGE_LOOP('',(#3737,#3738,#2881,#3741,#3742,#3743));
#3737=ORIENTED_EDGE('',*,*,#2814,.F.);
#3738=ORIENTED_EDGE('',*,*,#3739,.T.);
#3739=EDGE_CURVE('',#2810,#2877,#3740,.T.);
#3740=LINE('',#2756,#57);
#3741=ORIENTED_EDGE('',*,*,#2891,.T.);
#3742=ORIENTED_EDGE('',*,*,#1267,.F.);
#3743=ORIENTED_EDGE('',*,*,#2754,.F.);
#3744=PLANE('',#3745);
#3745=AXIS2_PLACEMENT_3D('',#2756,#404,#72);
#3746=ADVANCED_FACE('',(#3747),#3756,.F.);
#3747=FACE_BOUND('',#3748,.F.);
#3748=EDGE_LOOP('',(#3749,#3750,#3021,#3753,#3754,#3755));
#3749=ORIENTED_EDGE('',*,*,#2954,.F.);
#3750=ORIENTED_EDGE('',*,*,#3751,.T.);
#3751=EDGE_CURVE('',#2950,#3017,#3752,.T.);
#3752=LINE('',#2896,#57);
#3753=ORIENTED_EDGE('',*,*,#3031,.T.);
#3754=ORIENTED_EDGE('',*,*,#1275,.F.);
#3755=ORIENTED_EDGE('',*,*,#2894,.F.);
#3756=PLANE('',#3757);
#3757=AXIS2_PLACEMENT_3D('',#2896,#404,#72);
#3758=ADVANCED_FACE('',(#3759),#3768,.F.);
#3759=FACE_BOUND('',#3760,.F.);
#3760=EDGE_LOOP('',(#3761,#3762,#3161,#3765,#3766,#3767));
#3761=ORIENTED_EDGE('',*,*,#3094,.F.);
#3762=ORIENTED_EDGE('',*,*,#3763,.T.);
#3763=EDGE_CURVE('',#3090,#3157,#3764,.T.);
#3764=LINE('',#3036,#57);
#3765=ORIENTED_EDGE('',*,*,#3171,.T.);
#3766=ORIENTED_EDGE('',*,*,#1283,.F.);
#3767=ORIENTED_EDGE('',*,*,#3034,.F.);
#3768=PLANE('',#3769);
#3769=AXIS2_PLACEMENT_3D('',#3036,#404,#72);
#3770=ADVANCED_FACE('',(#3771),#3780,.F.);
#3771=FACE_BOUND('',#3772,.F.);
#3772=EDGE_LOOP('',(#3773,#3774,#3301,#3777,#3778,#3779));
#3773=ORIENTED_EDGE('',*,*,#3234,.F.);
#3774=ORIENTED_EDGE('',*,*,#3775,.T.);
#3775=EDGE_CURVE('',#3230,#3297,#3776,.T.);
#3776=LINE('',#3176,#57);
#3777=ORIENTED_EDGE('',*,*,#3311,.T.);
#3778=ORIENTED_EDGE('',*,*,#1291,.F.);
#3779=ORIENTED_EDGE('',*,*,#3174,.F.);
#3780=PLANE('',#3781);
#3781=AXIS2_PLACEMENT_3D('',#3176,#404,#72);
#3782=ADVANCED_FACE('',(#3783),#3792,.F.);
#3783=FACE_BOUND('',#3784,.F.);
#3784=EDGE_LOOP('',(#3785,#3786,#3441,#3789,#3790,#3791));
#3785=ORIENTED_EDGE('',*,*,#3374,.F.);
#3786=ORIENTED_EDGE('',*,*,#3787,.T.);
#3787=EDGE_CURVE('',#3370,#3437,#3788,.T.);
#3788=LINE('',#3316,#57);
#3789=ORIENTED_EDGE('',*,*,#3451,.T.);
#3790=ORIENTED_EDGE('',*,*,#1299,.F.);
#3791=ORIENTED_EDGE('',*,*,#3314,.F.);
#3792=PLANE('',#3793);
#3793=AXIS2_PLACEMENT_3D('',#3316,#404,#72);
#3794=ADVANCED_FACE('',(#3795),#3804,.F.);
#3795=FACE_BOUND('',#3796,.F.);
#3796=EDGE_LOOP('',(#3797,#3798,#3580,#3801,#3802,#3803));
#3797=ORIENTED_EDGE('',*,*,#3514,.F.);
#3798=ORIENTED_EDGE('',*,*,#3799,.T.);
#3799=EDGE_CURVE('',#3510,#3577,#3800,.T.);
#3800=LINE('',#3456,#57);
#3801=ORIENTED_EDGE('',*,*,#1368,.T.);
#3802=ORIENTED_EDGE('',*,*,#1307,.F.);
#3803=ORIENTED_EDGE('',*,*,#3454,.F.);
#3804=PLANE('',#3805);
#3805=AXIS2_PLACEMENT_3D('',#3456,#404,#72);
#3806=ADVANCED_FACE('',(#3807),#3815,.F.);
#3807=FACE_BOUND('',#3808,.F.);
#3808=EDGE_LOOP('',(#3809,#3810,#3813,#3814));
#3809=ORIENTED_EDGE('',*,*,#1364,.T.);
#3810=ORIENTED_EDGE('',*,*,#3811,.T.);
#3811=EDGE_CURVE('',#1360,#3687,#3812,.T.);
#3812=B_SPLINE_CURVE_WITH_KNOTS('',1,(#1361,#3688),.UNSPECIFIED.,.F.,.F.,(2,2),(0.,1.),.PIECEWISE_BEZIER_KNOTS.);
#3813=ORIENTED_EDGE('',*,*,#3686,.F.);
#3814=ORIENTED_EDGE('',*,*,#1315,.F.);
#3815=B_SPLINE_SURFACE_WITH_KNOTS('',1,1,((#1313,#1317),(#1361,#3688)),.UNSPECIFIED.,.F.,.F.,.F.,(2,2),(2,2),(0.,0.194454364826),(0.,1.),.PIECEWISE_BEZIER_KNOTS.);
#3816=ADVANCED_FACE('',(#3817),#3824,.T.);
#3817=FACE_BOUND('',#3818,.F.);
#3818=EDGE_LOOP('',(#3819,#2601,#3822,#3823));
#3819=ORIENTED_EDGE('',*,*,#3820,.T.);
#3820=EDGE_CURVE('',#2530,#2598,#3821,.T.);
#3821=LINE('',#2531,#57);
#3822=ORIENTED_EDGE('',*,*,#1331,.F.);
#3823=ORIENTED_EDGE('',*,*,#2536,.F.);
#3824=CYLINDRICAL_SURFACE('',#3825,0.3);
#3825=AXIS2_PLACEMENT_3D('',#2491,#86,#2539);
#3826=ADVANCED_FACE('',(#3827),#3833,.F.);
#3827=FACE_BOUND('',#3828,.F.);
#3828=EDGE_LOOP('',(#3829,#3830,#3831,#3832));
#3829=ORIENTED_EDGE('',*,*,#1359,.T.);
#3830=ORIENTED_EDGE('',*,*,#3719,.T.);
#3831=ORIENTED_EDGE('',*,*,#3691,.F.);
#3832=ORIENTED_EDGE('',*,*,#3811,.F.);
#3833=B_SPLINE_SURFACE_WITH_KNOTS('',1,1,((#1361,#3688),(#1356,#3693)),.UNSPECIFIED.,.F.,.F.,.F.,(2,2),(2,2),(0.,3.475),(0.,1.),.PIECEWISE_BEZIER_KNOTS.);
#3834=ADVANCED_FACE('',(#3835),#3842,.T.);
#3835=FACE_BOUND('',#3836,.F.);
#3836=EDGE_LOOP('',(#3837,#1498,#3840,#3841));
#3837=ORIENTED_EDGE('',*,*,#3838,.T.);
#3838=EDGE_CURVE('',#1425,#1495,#3839,.T.);
#3839=LINE('',#1426,#85);
#3840=ORIENTED_EDGE('',*,*,#3600,.F.);
#3841=ORIENTED_EDGE('',*,*,#1431,.F.);
#3842=CYLINDRICAL_SURFACE('',#3843,0.3);
#3843=AXIS2_PLACEMENT_3D('',#1386,#58,#1435);
#3844=ADVANCED_FACE('',(#3845),#3852,.F.);
#3845=FACE_BOUND('',#3846,.F.);
#3846=EDGE_LOOP('',(#3847,#1493,#3850,#3851));
#3847=ORIENTED_EDGE('',*,*,#3848,.T.);
#3848=EDGE_CURVE('',#1419,#1489,#3849,.T.);
#3849=LINE('',#1420,#85);
#3850=ORIENTED_EDGE('',*,*,#3838,.F.);
#3851=ORIENTED_EDGE('',*,*,#1424,.F.);
#3852=PLANE('',#3853);
#3853=AXIS2_PLACEMENT_3D('',#1420,#3854,#1429);
#3854=DIRECTION('',(0.989194664632,-1.131873872644E-17,-0.146608033424));
#3855=ADVANCED_FACE('',(#3856),#3863,.F.);
#3856=FACE_BOUND('',#3857,.F.);
#3857=EDGE_LOOP('',(#3858,#1487,#3861,#3862));
#3858=ORIENTED_EDGE('',*,*,#3859,.T.);
#3859=EDGE_CURVE('',#1414,#1484,#3860,.T.);
#3860=LINE('',#1415,#85);
#3861=ORIENTED_EDGE('',*,*,#3848,.F.);
#3862=ORIENTED_EDGE('',*,*,#1418,.F.);
#3863=CYLINDRICAL_SURFACE('',#1422,1.E-01);
#3864=ADVANCED_FACE('',(#3865),#3872,.F.);
#3865=FACE_BOUND('',#3866,.F.);
#3866=EDGE_LOOP('',(#3867,#1482,#3870,#3871));
#3867=ORIENTED_EDGE('',*,*,#3868,.T.);
#3868=EDGE_CURVE('',#1409,#1479,#3869,.T.);
#3869=LINE('',#1410,#85);
#3870=ORIENTED_EDGE('',*,*,#3859,.F.);
#3871=ORIENTED_EDGE('',*,*,#1413,.F.);
#3872=PLANE('',#3873);
#3873=AXIS2_PLACEMENT_3D('',#1410,#404,#14);
#3874=ADVANCED_FACE('',(#3875),#3882,.F.);
#3875=FACE_BOUND('',#3876,.F.);
#3876=EDGE_LOOP('',(#3877,#1477,#3880,#3881));
#3877=ORIENTED_EDGE('',*,*,#3878,.T.);
#3878=EDGE_CURVE('',#1404,#1474,#3879,.T.);
#3879=LINE('',#1405,#85);
#3880=ORIENTED_EDGE('',*,*,#3868,.F.);
#3881=ORIENTED_EDGE('',*,*,#1408,.F.);
#3882=PLANE('',#3883);
#3883=AXIS2_PLACEMENT_3D('',#1405,#14,#13);
#3884=ADVANCED_FACE('',(#3885),#3892,.F.);
#3885=FACE_BOUND('',#3886,.F.);
#3886=EDGE_LOOP('',(#3887,#1472,#3890,#3891));
#3887=ORIENTED_EDGE('',*,*,#3888,.T.);
#3888=EDGE_CURVE('',#1396,#1467,#3889,.T.);
#3889=LINE('',#1397,#85);
#3890=ORIENTED_EDGE('',*,*,#3878,.F.);
#3891=ORIENTED_EDGE('',*,*,#1403,.F.);
#3892=PLANE('',#3893);
#3893=AXIS2_PLACEMENT_3D('',#1397,#13,#72);
#3894=ADVANCED_FACE('',(#3895),#3902,.T.);
#3895=FACE_BOUND('',#3896,.F.);
#3896=EDGE_LOOP('',(#3897,#1465,#3900,#3901));
#3897=ORIENTED_EDGE('',*,*,#3898,.T.);
#3898=EDGE_CURVE('',#1389,#1462,#3899,.T.);
#3899=LINE('',#1390,#85);
#3900=ORIENTED_EDGE('',*,*,#3888,.F.);
#3901=ORIENTED_EDGE('',*,*,#1395,.F.);
#3902=CYLINDRICAL_SURFACE('',#3903,0.3);
#3903=AXIS2_PLACEMENT_3D('',#1400,#58,#1401);
#3904=ADVANCED_FACE('',(#3905),#3910,.F.);
#3905=FACE_BOUND('',#3906,.F.);
#3906=EDGE_LOOP('',(#3907,#1460,#3908,#3909));
#3907=ORIENTED_EDGE('',*,*,#1453,.T.);
#3908=ORIENTED_EDGE('',*,*,#3898,.F.);
#3909=ORIENTED_EDGE('',*,*,#1388,.F.);
#3910=PLANE('',#3911);
#3911=AXIS2_PLACEMENT_3D('',#1383,#3912,#1393);
#3912=DIRECTION('',(-0.989194664632,1.131873872644E-17,0.146608033424));
#3913=ADVANCED_FACE('',(#3914),#3921,.T.);
#3914=FACE_BOUND('',#3915,.F.);
#3915=EDGE_LOOP('',(#3916,#1638,#3919,#3920));
#3916=ORIENTED_EDGE('',*,*,#3917,.T.);
#3917=EDGE_CURVE('',#1568,#1635,#3918,.T.);
#3918=LINE('',#1569,#85);
#3919=ORIENTED_EDGE('',*,*,#3612,.F.);
#3920=ORIENTED_EDGE('',*,*,#1572,.F.);
#3921=CYLINDRICAL_SURFACE('',#3922,0.3);
#3922=AXIS2_PLACEMENT_3D('',#1532,#58,#1435);
#3923=ADVANCED_FACE('',(#3924),#3931,.F.);
#3924=FACE_BOUND('',#3925,.F.);
#3925=EDGE_LOOP('',(#3926,#1633,#3929,#3930));
#3926=ORIENTED_EDGE('',*,*,#3927,.T.);
#3927=EDGE_CURVE('',#1562,#1629,#3928,.T.);
#3928=LINE('',#1563,#85);
#3929=ORIENTED_EDGE('',*,*,#3917,.F.);
#3930=ORIENTED_EDGE('',*,*,#1567,.F.);
#3931=PLANE('',#3932);
#3932=AXIS2_PLACEMENT_3D('',#1563,#3854,#1429);
#3933=ADVANCED_FACE('',(#3934),#3941,.F.);
#3934=FACE_BOUND('',#3935,.F.);
#3935=EDGE_LOOP('',(#3936,#1627,#3939,#3940));
#3936=ORIENTED_EDGE('',*,*,#3937,.T.);
#3937=EDGE_CURVE('',#1557,#1624,#3938,.T.);
#3938=LINE('',#1558,#85);
#3939=ORIENTED_EDGE('',*,*,#3927,.F.);
#3940=ORIENTED_EDGE('',*,*,#1561,.F.);
#3941=CYLINDRICAL_SURFACE('',#1565,1.E-01);
#3942=ADVANCED_FACE('',(#3943),#3950,.F.);
#3943=FACE_BOUND('',#3944,.F.);
#3944=EDGE_LOOP('',(#3945,#1622,#3948,#3949));
#3945=ORIENTED_EDGE('',*,*,#3946,.T.);
#3946=EDGE_CURVE('',#1552,#1619,#3947,.T.);
#3947=LINE('',#1553,#85);
#3948=ORIENTED_EDGE('',*,*,#3937,.F.);
#3949=ORIENTED_EDGE('',*,*,#1556,.F.);
#3950=PLANE('',#3951);
#3951=AXIS2_PLACEMENT_3D('',#1553,#404,#14);
#3952=ADVANCED_FACE('',(#3953),#3960,.F.);
#3953=FACE_BOUND('',#3954,.F.);
#3954=EDGE_LOOP('',(#3955,#1617,#3958,#3959));
#3955=ORIENTED_EDGE('',*,*,#3956,.T.);
#3956=EDGE_CURVE('',#1547,#1614,#3957,.T.);
#3957=LINE('',#1548,#85);
#3958=ORIENTED_EDGE('',*,*,#3946,.F.);
#3959=ORIENTED_EDGE('',*,*,#1551,.F.);
#3960=PLANE('',#3961);
#3961=AXIS2_PLACEMENT_3D('',#1548,#14,#13);
#3962=ADVANCED_FACE('',(#3963),#3970,.F.);
#3963=FACE_BOUND('',#3964,.F.);
#3964=EDGE_LOOP('',(#3965,#1612,#3968,#3969));
#3965=ORIENTED_EDGE('',*,*,#3966,.T.);
#3966=EDGE_CURVE('',#1540,#1607,#3967,.T.);
#3967=LINE('',#1541,#85);
#3968=ORIENTED_EDGE('',*,*,#3956,.F.);
#3969=ORIENTED_EDGE('',*,*,#1546,.F.);
#3970=PLANE('',#3971);
#3971=AXIS2_PLACEMENT_3D('',#1541,#13,#72);
#3972=ADVANCED_FACE('',(#3973),#3980,.T.);
#3973=FACE_BOUND('',#3974,.F.);
#3974=EDGE_LOOP('',(#3975,#1605,#3978,#3979));
#3975=ORIENTED_EDGE('',*,*,#3976,.T.);
#3976=EDGE_CURVE('',#1535,#1602,#3977,.T.);
#3977=LINE('',#1536,#85);
#3978=ORIENTED_EDGE('',*,*,#3966,.F.);
#3979=ORIENTED_EDGE('',*,*,#1539,.F.);
#3980=CYLINDRICAL_SURFACE('',#3981,0.3);
#3981=AXIS2_PLACEMENT_3D('',#1544,#58,#1401);
#3982=ADVANCED_FACE('',(#3983),#3988,.F.);
#3983=FACE_BOUND('',#3984,.F.);
#3984=EDGE_LOOP('',(#3985,#1600,#3986,#3987));
#3985=ORIENTED_EDGE('',*,*,#1593,.T.);
#3986=ORIENTED_EDGE('',*,*,#3976,.F.);
#3987=ORIENTED_EDGE('',*,*,#1534,.F.);
#3988=PLANE('',#3989);
#3989=AXIS2_PLACEMENT_3D('',#1529,#3912,#1393);
#3990=ADVANCED_FACE('',(#3991),#3998,.T.);
#3991=FACE_BOUND('',#3992,.F.);
#3992=EDGE_LOOP('',(#3993,#1778,#3996,#3997));
#3993=ORIENTED_EDGE('',*,*,#3994,.T.);
#3994=EDGE_CURVE('',#1708,#1775,#3995,.T.);
#3995=LINE('',#1709,#85);
#3996=ORIENTED_EDGE('',*,*,#3624,.F.);
#3997=ORIENTED_EDGE('',*,*,#1712,.F.);
#3998=CYLINDRICAL_SURFACE('',#3999,0.3);
#3999=AXIS2_PLACEMENT_3D('',#1672,#58,#1435);
#4000=ADVANCED_FACE('',(#4001),#4008,.F.);
#4001=FACE_BOUND('',#4002,.F.);
#4002=EDGE_LOOP('',(#4003,#1773,#4006,#4007));
#4003=ORIENTED_EDGE('',*,*,#4004,.T.);
#4004=EDGE_CURVE('',#1702,#1769,#4005,.T.);
#4005=LINE('',#1703,#85);
#4006=ORIENTED_EDGE('',*,*,#3994,.F.);
#4007=ORIENTED_EDGE('',*,*,#1707,.F.);
#4008=PLANE('',#4009);
#4009=AXIS2_PLACEMENT_3D('',#1703,#3854,#1429);
#4010=ADVANCED_FACE('',(#4011),#4018,.F.);
#4011=FACE_BOUND('',#4012,.F.);
#4012=EDGE_LOOP('',(#4013,#1767,#4016,#4017));
#4013=ORIENTED_EDGE('',*,*,#4014,.T.);
#4014=EDGE_CURVE('',#1697,#1764,#4015,.T.);
#4015=LINE('',#1698,#85);
#4016=ORIENTED_EDGE('',*,*,#4004,.F.);
#4017=ORIENTED_EDGE('',*,*,#1701,.F.);
#4018=CYLINDRICAL_SURFACE('',#1705,1.E-01);
#4019=ADVANCED_FACE('',(#4020),#4027,.F.);
#4020=FACE_BOUND('',#4021,.F.);
#4021=EDGE_LOOP('',(#4022,#1762,#4025,#4026));
#4022=ORIENTED_EDGE('',*,*,#4023,.T.);
#4023=EDGE_CURVE('',#1692,#1759,#4024,.T.);
#4024=LINE('',#1693,#85);
#4025=ORIENTED_EDGE('',*,*,#4014,.F.);
#4026=ORIENTED_EDGE('',*,*,#1696,.F.);
#4027=PLANE('',#4028);
#4028=AXIS2_PLACEMENT_3D('',#1693,#404,#14);
#4029=ADVANCED_FACE('',(#4030),#4037,.F.);
#4030=FACE_BOUND('',#4031,.F.);
#4031=EDGE_LOOP('',(#4032,#1757,#4035,#4036));
#4032=ORIENTED_EDGE('',*,*,#4033,.T.);
#4033=EDGE_CURVE('',#1687,#1754,#4034,.T.);
#4034=LINE('',#1688,#85);
#4035=ORIENTED_EDGE('',*,*,#4023,.F.);
#4036=ORIENTED_EDGE('',*,*,#1691,.F.);
#4037=PLANE('',#4038);
#4038=AXIS2_PLACEMENT_3D('',#1688,#14,#13);
#4039=ADVANCED_FACE('',(#4040),#4047,.F.);
#4040=FACE_BOUND('',#4041,.F.);
#4041=EDGE_LOOP('',(#4042,#1752,#4045,#4046));
#4042=ORIENTED_EDGE('',*,*,#4043,.T.);
#4043=EDGE_CURVE('',#1680,#1747,#4044,.T.);
#4044=LINE('',#1681,#85);
#4045=ORIENTED_EDGE('',*,*,#4033,.F.);
#4046=ORIENTED_EDGE('',*,*,#1686,.F.);
#4047=PLANE('',#4048);
#4048=AXIS2_PLACEMENT_3D('',#1681,#13,#72);
#4049=ADVANCED_FACE('',(#4050),#4057,.T.);
#4050=FACE_BOUND('',#4051,.F.);
#4051=EDGE_LOOP('',(#4052,#1745,#4055,#4056));
#4052=ORIENTED_EDGE('',*,*,#4053,.T.);
#4053=EDGE_CURVE('',#1675,#1742,#4054,.T.);
#4054=LINE('',#1676,#85);
#4055=ORIENTED_EDGE('',*,*,#4043,.F.);
#4056=ORIENTED_EDGE('',*,*,#1679,.F.);
#4057=CYLINDRICAL_SURFACE('',#4058,0.3);
#4058=AXIS2_PLACEMENT_3D('',#1684,#58,#1401);
#4059=ADVANCED_FACE('',(#4060),#4065,.F.);
#4060=FACE_BOUND('',#4061,.F.);
#4061=EDGE_LOOP('',(#4062,#1740,#4063,#4064));
#4062=ORIENTED_EDGE('',*,*,#1733,.T.);
#4063=ORIENTED_EDGE('',*,*,#4053,.F.);
#4064=ORIENTED_EDGE('',*,*,#1674,.F.);
#4065=PLANE('',#4066);
#4066=AXIS2_PLACEMENT_3D('',#1669,#3912,#1393);
#4067=ADVANCED_FACE('',(#4068),#4075,.T.);
#4068=FACE_BOUND('',#4069,.F.);
#4069=EDGE_LOOP('',(#4070,#1918,#4073,#4074));
#4070=ORIENTED_EDGE('',*,*,#4071,.T.);
#4071=EDGE_CURVE('',#1848,#1915,#4072,.T.);
#4072=LINE('',#1849,#85);
#4073=ORIENTED_EDGE('',*,*,#3636,.F.);
#4074=ORIENTED_EDGE('',*,*,#1852,.F.);
#4075=CYLINDRICAL_SURFACE('',#4076,0.3);
#4076=AXIS2_PLACEMENT_3D('',#1812,#58,#1435);
#4077=ADVANCED_FACE('',(#4078),#4085,.F.);
#4078=FACE_BOUND('',#4079,.F.);
#4079=EDGE_LOOP('',(#4080,#1913,#4083,#4084));
#4080=ORIENTED_EDGE('',*,*,#4081,.T.);
#4081=EDGE_CURVE('',#1842,#1909,#4082,.T.);
#4082=LINE('',#1843,#85);
#4083=ORIENTED_EDGE('',*,*,#4071,.F.);
#4084=ORIENTED_EDGE('',*,*,#1847,.F.);
#4085=PLANE('',#4086);
#4086=AXIS2_PLACEMENT_3D('',#1843,#3854,#1429);
#4087=ADVANCED_FACE('',(#4088),#4095,.F.);
#4088=FACE_BOUND('',#4089,.F.);
#4089=EDGE_LOOP('',(#4090,#1907,#4093,#4094));
#4090=ORIENTED_EDGE('',*,*,#4091,.T.);
#4091=EDGE_CURVE('',#1837,#1904,#4092,.T.);
#4092=LINE('',#1838,#85);
#4093=ORIENTED_EDGE('',*,*,#4081,.F.);
#4094=ORIENTED_EDGE('',*,*,#1841,.F.);
#4095=CYLINDRICAL_SURFACE('',#1845,1.E-01);
#4096=ADVANCED_FACE('',(#4097),#4104,.F.);
#4097=FACE_BOUND('',#4098,.F.);
#4098=EDGE_LOOP('',(#4099,#1902,#4102,#4103));
#4099=ORIENTED_EDGE('',*,*,#4100,.T.);
#4100=EDGE_CURVE('',#1832,#1899,#4101,.T.);
#4101=LINE('',#1833,#85);
#4102=ORIENTED_EDGE('',*,*,#4091,.F.);
#4103=ORIENTED_EDGE('',*,*,#1836,.F.);
#4104=PLANE('',#4105);
#4105=AXIS2_PLACEMENT_3D('',#1833,#404,#14);
#4106=ADVANCED_FACE('',(#4107),#4114,.F.);
#4107=FACE_BOUND('',#4108,.F.);
#4108=EDGE_LOOP('',(#4109,#1897,#4112,#4113));
#4109=ORIENTED_EDGE('',*,*,#4110,.T.);
#4110=EDGE_CURVE('',#1827,#1894,#4111,.T.);
#4111=LINE('',#1828,#85);
#4112=ORIENTED_EDGE('',*,*,#4100,.F.);
#4113=ORIENTED_EDGE('',*,*,#1831,.F.);
#4114=PLANE('',#4115);
#4115=AXIS2_PLACEMENT_3D('',#1828,#14,#13);
#4116=ADVANCED_FACE('',(#4117),#4124,.F.);
#4117=FACE_BOUND('',#4118,.F.);
#4118=EDGE_LOOP('',(#4119,#1892,#4122,#4123));
#4119=ORIENTED_EDGE('',*,*,#4120,.T.);
#4120=EDGE_CURVE('',#1820,#1887,#4121,.T.);
#4121=LINE('',#1821,#85);
#4122=ORIENTED_EDGE('',*,*,#4110,.F.);
#4123=ORIENTED_EDGE('',*,*,#1826,.F.);
#4124=PLANE('',#4125);
#4125=AXIS2_PLACEMENT_3D('',#1821,#13,#72);
#4126=ADVANCED_FACE('',(#4127),#4134,.T.);
#4127=FACE_BOUND('',#4128,.F.);
#4128=EDGE_LOOP('',(#4129,#1885,#4132,#4133));
#4129=ORIENTED_EDGE('',*,*,#4130,.T.);
#4130=EDGE_CURVE('',#1815,#1882,#4131,.T.);
#4131=LINE('',#1816,#85);
#4132=ORIENTED_EDGE('',*,*,#4120,.F.);
#4133=ORIENTED_EDGE('',*,*,#1819,.F.);
#4134=CYLINDRICAL_SURFACE('',#4135,0.3);
#4135=AXIS2_PLACEMENT_3D('',#1824,#58,#1401);
#4136=ADVANCED_FACE('',(#4137),#4142,.F.);
#4137=FACE_BOUND('',#4138,.F.);
#4138=EDGE_LOOP('',(#4139,#1880,#4140,#4141));
#4139=ORIENTED_EDGE('',*,*,#1873,.T.);
#4140=ORIENTED_EDGE('',*,*,#4130,.F.);
#4141=ORIENTED_EDGE('',*,*,#1814,.F.);
#4142=PLANE('',#4143);
#4143=AXIS2_PLACEMENT_3D('',#1809,#3912,#1393);
#4144=ADVANCED_FACE('',(#4145),#4152,.T.);
#4145=FACE_BOUND('',#4146,.F.);
#4146=EDGE_LOOP('',(#4147,#2058,#4150,#4151));
#4147=ORIENTED_EDGE('',*,*,#4148,.T.);
#4148=EDGE_CURVE('',#1988,#2055,#4149,.T.);
#4149=LINE('',#1989,#85);
#4150=ORIENTED_EDGE('',*,*,#3648,.F.);
#4151=ORIENTED_EDGE('',*,*,#1992,.F.);
#4152=CYLINDRICAL_SURFACE('',#4153,0.3);
#4153=AXIS2_PLACEMENT_3D('',#1952,#58,#1435);
#4154=ADVANCED_FACE('',(#4155),#4162,.F.);
#4155=FACE_BOUND('',#4156,.F.);
#4156=EDGE_LOOP('',(#4157,#2053,#4160,#4161));
#4157=ORIENTED_EDGE('',*,*,#4158,.T.);
#4158=EDGE_CURVE('',#1982,#2049,#4159,.T.);
#4159=LINE('',#1983,#85);
#4160=ORIENTED_EDGE('',*,*,#4148,.F.);
#4161=ORIENTED_EDGE('',*,*,#1987,.F.);
#4162=PLANE('',#4163);
#4163=AXIS2_PLACEMENT_3D('',#1983,#3854,#1429);
#4164=ADVANCED_FACE('',(#4165),#4172,.F.);
#4165=FACE_BOUND('',#4166,.F.);
#4166=EDGE_LOOP('',(#4167,#2047,#4170,#4171));
#4167=ORIENTED_EDGE('',*,*,#4168,.T.);
#4168=EDGE_CURVE('',#1977,#2044,#4169,.T.);
#4169=LINE('',#1978,#85);
#4170=ORIENTED_EDGE('',*,*,#4158,.F.);
#4171=ORIENTED_EDGE('',*,*,#1981,.F.);
#4172=CYLINDRICAL_SURFACE('',#1985,1.E-01);
#4173=ADVANCED_FACE('',(#4174),#4181,.F.);
#4174=FACE_BOUND('',#4175,.F.);
#4175=EDGE_LOOP('',(#4176,#2042,#4179,#4180));
#4176=ORIENTED_EDGE('',*,*,#4177,.T.);
#4177=EDGE_CURVE('',#1972,#2039,#4178,.T.);
#4178=LINE('',#1973,#85);
#4179=ORIENTED_EDGE('',*,*,#4168,.F.);
#4180=ORIENTED_EDGE('',*,*,#1976,.F.);
#4181=PLANE('',#4182);
#4182=AXIS2_PLACEMENT_3D('',#1973,#404,#14);
#4183=ADVANCED_FACE('',(#4184),#4191,.F.);
#4184=FACE_BOUND('',#4185,.F.);
#4185=EDGE_LOOP('',(#4186,#2037,#4189,#4190));
#4186=ORIENTED_EDGE('',*,*,#4187,.T.);
#4187=EDGE_CURVE('',#1967,#2034,#4188,.T.);
#4188=LINE('',#1968,#85);
#4189=ORIENTED_EDGE('',*,*,#4177,.F.);
#4190=ORIENTED_EDGE('',*,*,#1971,.F.);
#4191=PLANE('',#4192);
#4192=AXIS2_PLACEMENT_3D('',#1968,#14,#13);
#4193=ADVANCED_FACE('',(#4194),#4201,.F.);
#4194=FACE_BOUND('',#4195,.F.);
#4195=EDGE_LOOP('',(#4196,#2032,#4199,#4200));
#4196=ORIENTED_EDGE('',*,*,#4197,.T.);
#4197=EDGE_CURVE('',#1960,#2027,#4198,.T.);
#4198=LINE('',#1961,#85);
#4199=ORIENTED_EDGE('',*,*,#4187,.F.);
#4200=ORIENTED_EDGE('',*,*,#1966,.F.);
#4201=PLANE('',#4202);
#4202=AXIS2_PLACEMENT_3D('',#1961,#13,#72);
#4203=ADVANCED_FACE('',(#4204),#4211,.T.);
#4204=FACE_BOUND('',#4205,.F.);
#4205=EDGE_LOOP('',(#4206,#2025,#4209,#4210));
#4206=ORIENTED_EDGE('',*,*,#4207,.T.);
#4207=EDGE_CURVE('',#1955,#2022,#4208,.T.);
#4208=LINE('',#1956,#85);
#4209=ORIENTED_EDGE('',*,*,#4197,.F.);
#4210=ORIENTED_EDGE('',*,*,#1959,.F.);
#4211=CYLINDRICAL_SURFACE('',#4212,0.3);
#4212=AXIS2_PLACEMENT_3D('',#1964,#58,#1401);
#4213=ADVANCED_FACE('',(#4214),#4219,.F.);
#4214=FACE_BOUND('',#4215,.F.);
#4215=EDGE_LOOP('',(#4216,#2020,#4217,#4218));
#4216=ORIENTED_EDGE('',*,*,#2013,.T.);
#4217=ORIENTED_EDGE('',*,*,#4207,.F.);
#4218=ORIENTED_EDGE('',*,*,#1954,.F.);
#4219=PLANE('',#4220);
#4220=AXIS2_PLACEMENT_3D('',#1949,#3912,#1393);
#4221=ADVANCED_FACE('',(#4222),#4229,.T.);
#4222=FACE_BOUND('',#4223,.F.);
#4223=EDGE_LOOP('',(#4224,#2198,#4227,#4228));
#4224=ORIENTED_EDGE('',*,*,#4225,.T.);
#4225=EDGE_CURVE('',#2128,#2195,#4226,.T.);
#4226=LINE('',#2129,#85);
#4227=ORIENTED_EDGE('',*,*,#3660,.F.);
#4228=ORIENTED_EDGE('',*,*,#2132,.F.);
#4229=CYLINDRICAL_SURFACE('',#4230,0.3);
#4230=AXIS2_PLACEMENT_3D('',#2092,#58,#1435);
#4231=ADVANCED_FACE('',(#4232),#4239,.F.);
#4232=FACE_BOUND('',#4233,.F.);
#4233=EDGE_LOOP('',(#4234,#2193,#4237,#4238));
#4234=ORIENTED_EDGE('',*,*,#4235,.T.);
#4235=EDGE_CURVE('',#2122,#2189,#4236,.T.);
#4236=LINE('',#2123,#85);
#4237=ORIENTED_EDGE('',*,*,#4225,.F.);
#4238=ORIENTED_EDGE('',*,*,#2127,.F.);
#4239=PLANE('',#4240);
#4240=AXIS2_PLACEMENT_3D('',#2123,#3854,#1429);
#4241=ADVANCED_FACE('',(#4242),#4249,.F.);
#4242=FACE_BOUND('',#4243,.F.);
#4243=EDGE_LOOP('',(#4244,#2187,#4247,#4248));
#4244=ORIENTED_EDGE('',*,*,#4245,.T.);
#4245=EDGE_CURVE('',#2117,#2184,#4246,.T.);
#4246=LINE('',#2118,#85);
#4247=ORIENTED_EDGE('',*,*,#4235,.F.);
#4248=ORIENTED_EDGE('',*,*,#2121,.F.);
#4249=CYLINDRICAL_SURFACE('',#2125,1.E-01);
#4250=ADVANCED_FACE('',(#4251),#4258,.F.);
#4251=FACE_BOUND('',#4252,.F.);
#4252=EDGE_LOOP('',(#4253,#2182,#4256,#4257));
#4253=ORIENTED_EDGE('',*,*,#4254,.T.);
#4254=EDGE_CURVE('',#2112,#2179,#4255,.T.);
#4255=LINE('',#2113,#85);
#4256=ORIENTED_EDGE('',*,*,#4245,.F.);
#4257=ORIENTED_EDGE('',*,*,#2116,.F.);
#4258=PLANE('',#4259);
#4259=AXIS2_PLACEMENT_3D('',#2113,#404,#14);
#4260=ADVANCED_FACE('',(#4261),#4268,.F.);
#4261=FACE_BOUND('',#4262,.F.);
#4262=EDGE_LOOP('',(#4263,#2177,#4266,#4267));
#4263=ORIENTED_EDGE('',*,*,#4264,.T.);
#4264=EDGE_CURVE('',#2107,#2174,#4265,.T.);
#4265=LINE('',#2108,#85);
#4266=ORIENTED_EDGE('',*,*,#4254,.F.);
#4267=ORIENTED_EDGE('',*,*,#2111,.F.);
#4268=PLANE('',#4269);
#4269=AXIS2_PLACEMENT_3D('',#2108,#14,#13);
#4270=ADVANCED_FACE('',(#4271),#4278,.F.);
#4271=FACE_BOUND('',#4272,.F.);
#4272=EDGE_LOOP('',(#4273,#2172,#4276,#4277));
#4273=ORIENTED_EDGE('',*,*,#4274,.T.);
#4274=EDGE_CURVE('',#2100,#2167,#4275,.T.);
#4275=LINE('',#2101,#85);
#4276=ORIENTED_EDGE('',*,*,#4264,.F.);
#4277=ORIENTED_EDGE('',*,*,#2106,.F.);
#4278=PLANE('',#4279);
#4279=AXIS2_PLACEMENT_3D('',#2101,#13,#72);
#4280=ADVANCED_FACE('',(#4281),#4288,.T.);
#4281=FACE_BOUND('',#4282,.F.);
#4282=EDGE_LOOP('',(#4283,#2165,#4286,#4287));
#4283=ORIENTED_EDGE('',*,*,#4284,.T.);
#4284=EDGE_CURVE('',#2095,#2162,#4285,.T.);
#4285=LINE('',#2096,#85);
#4286=ORIENTED_EDGE('',*,*,#4274,.F.);
#4287=ORIENTED_EDGE('',*,*,#2099,.F.);
#4288=CYLINDRICAL_SURFACE('',#4289,0.3);
#4289=AXIS2_PLACEMENT_3D('',#2104,#58,#1401);
#4290=ADVANCED_FACE('',(#4291),#4296,.F.);
#4291=FACE_BOUND('',#4292,.F.);
#4292=EDGE_LOOP('',(#4293,#2160,#4294,#4295));
#4293=ORIENTED_EDGE('',*,*,#2153,.T.);
#4294=ORIENTED_EDGE('',*,*,#4284,.F.);
#4295=ORIENTED_EDGE('',*,*,#2094,.F.);
#4296=PLANE('',#4297);
#4297=AXIS2_PLACEMENT_3D('',#2089,#3912,#1393);
#4298=ADVANCED_FACE('',(#4299),#4306,.T.);
#4299=FACE_BOUND('',#4300,.F.);
#4300=EDGE_LOOP('',(#4301,#2338,#4304,#4305));
#4301=ORIENTED_EDGE('',*,*,#4302,.T.);
#4302=EDGE_CURVE('',#2268,#2335,#4303,.T.);
#4303=LINE('',#2269,#85);
#4304=ORIENTED_EDGE('',*,*,#3672,.F.);
#4305=ORIENTED_EDGE('',*,*,#2272,.F.);
#4306=CYLINDRICAL_SURFACE('',#4307,0.3);
#4307=AXIS2_PLACEMENT_3D('',#2232,#58,#1435);
#4308=ADVANCED_FACE('',(#4309),#4316,.F.);
#4309=FACE_BOUND('',#4310,.F.);
#4310=EDGE_LOOP('',(#4311,#2333,#4314,#4315));
#4311=ORIENTED_EDGE('',*,*,#4312,.T.);
#4312=EDGE_CURVE('',#2262,#2329,#4313,.T.);
#4313=LINE('',#2263,#85);
#4314=ORIENTED_EDGE('',*,*,#4302,.F.);
#4315=ORIENTED_EDGE('',*,*,#2267,.F.);
#4316=PLANE('',#4317);
#4317=AXIS2_PLACEMENT_3D('',#2263,#3854,#1429);
#4318=ADVANCED_FACE('',(#4319),#4326,.F.);
#4319=FACE_BOUND('',#4320,.F.);
#4320=EDGE_LOOP('',(#4321,#2327,#4324,#4325));
#4321=ORIENTED_EDGE('',*,*,#4322,.T.);
#4322=EDGE_CURVE('',#2257,#2324,#4323,.T.);
#4323=LINE('',#2258,#85);
#4324=ORIENTED_EDGE('',*,*,#4312,.F.);
#4325=ORIENTED_EDGE('',*,*,#2261,.F.);
#4326=CYLINDRICAL_SURFACE('',#2265,1.E-01);
#4327=ADVANCED_FACE('',(#4328),#4335,.F.);
#4328=FACE_BOUND('',#4329,.F.);
#4329=EDGE_LOOP('',(#4330,#2322,#4333,#4334));
#4330=ORIENTED_EDGE('',*,*,#4331,.T.);
#4331=EDGE_CURVE('',#2252,#2319,#4332,.T.);
#4332=LINE('',#2253,#85);
#4333=ORIENTED_EDGE('',*,*,#4322,.F.);
#4334=ORIENTED_EDGE('',*,*,#2256,.F.);
#4335=PLANE('',#4336);
#4336=AXIS2_PLACEMENT_3D('',#2253,#404,#14);
#4337=ADVANCED_FACE('',(#4338),#4345,.F.);
#4338=FACE_BOUND('',#4339,.F.);
#4339=EDGE_LOOP('',(#4340,#2317,#4343,#4344));
#4340=ORIENTED_EDGE('',*,*,#4341,.T.);
#4341=EDGE_CURVE('',#2247,#2314,#4342,.T.);
#4342=LINE('',#2248,#85);
#4343=ORIENTED_EDGE('',*,*,#4331,.F.);
#4344=ORIENTED_EDGE('',*,*,#2251,.F.);
#4345=PLANE('',#4346);
#4346=AXIS2_PLACEMENT_3D('',#2248,#14,#13);
#4347=ADVANCED_FACE('',(#4348),#4355,.F.);
#4348=FACE_BOUND('',#4349,.F.);
#4349=EDGE_LOOP('',(#4350,#2312,#4353,#4354));
#4350=ORIENTED_EDGE('',*,*,#4351,.T.);
#4351=EDGE_CURVE('',#2240,#2307,#4352,.T.);
#4352=LINE('',#2241,#85);
#4353=ORIENTED_EDGE('',*,*,#4341,.F.);
#4354=ORIENTED_EDGE('',*,*,#2246,.F.);
#4355=PLANE('',#4356);
#4356=AXIS2_PLACEMENT_3D('',#2241,#13,#72);
#4357=ADVANCED_FACE('',(#4358),#4365,.T.);
#4358=FACE_BOUND('',#4359,.F.);
#4359=EDGE_LOOP('',(#4360,#2305,#4363,#4364));
#4360=ORIENTED_EDGE('',*,*,#4361,.T.);
#4361=EDGE_CURVE('',#2235,#2302,#4362,.T.);
#4362=LINE('',#2236,#85);
#4363=ORIENTED_EDGE('',*,*,#4351,.F.);
#4364=ORIENTED_EDGE('',*,*,#2239,.F.);
#4365=CYLINDRICAL_SURFACE('',#4366,0.3);
#4366=AXIS2_PLACEMENT_3D('',#2244,#58,#1401);
#4367=ADVANCED_FACE('',(#4368),#4373,.F.);
#4368=FACE_BOUND('',#4369,.F.);
#4369=EDGE_LOOP('',(#4370,#2300,#4371,#4372));
#4370=ORIENTED_EDGE('',*,*,#2293,.T.);
#4371=ORIENTED_EDGE('',*,*,#4361,.F.);
#4372=ORIENTED_EDGE('',*,*,#2234,.F.);
#4373=PLANE('',#4374);
#4374=AXIS2_PLACEMENT_3D('',#2229,#3912,#1393);
#4375=ADVANCED_FACE('',(#4376),#4383,.F.);
#4376=FACE_BOUND('',#4377,.F.);
#4377=EDGE_LOOP('',(#4378,#2468,#4381,#4382));
#4378=ORIENTED_EDGE('',*,*,#4379,.T.);
#4379=EDGE_CURVE('',#2399,#2464,#4380,.T.);
#4380=LINE('',#2400,#85);
#4381=ORIENTED_EDGE('',*,*,#3589,.F.);
#4382=ORIENTED_EDGE('',*,*,#2404,.F.);
#4383=PLANE('',#4384);
#4384=AXIS2_PLACEMENT_3D('',#2400,#3854,#1429);
#4385=ADVANCED_FACE('',(#4386),#4393,.F.);
#4386=FACE_BOUND('',#4387,.F.);
#4387=EDGE_LOOP('',(#4388,#2462,#4391,#4392));
#4388=ORIENTED_EDGE('',*,*,#4389,.T.);
#4389=EDGE_CURVE('',#2394,#2459,#4390,.T.);
#4390=LINE('',#2395,#85);
#4391=ORIENTED_EDGE('',*,*,#4379,.F.);
#4392=ORIENTED_EDGE('',*,*,#2398,.F.);
#4393=CYLINDRICAL_SURFACE('',#2402,1.E-01);
#4394=ADVANCED_FACE('',(#4395),#4402,.F.);
#4395=FACE_BOUND('',#4396,.F.);
#4396=EDGE_LOOP('',(#4397,#2457,#4400,#4401));
#4397=ORIENTED_EDGE('',*,*,#4398,.T.);
#4398=EDGE_CURVE('',#2389,#2454,#4399,.T.);
#4399=LINE('',#2390,#85);
#4400=ORIENTED_EDGE('',*,*,#4389,.F.);
#4401=ORIENTED_EDGE('',*,*,#2393,.F.);
#4402=PLANE('',#4403);
#4403=AXIS2_PLACEMENT_3D('',#2390,#404,#14);
#4404=ADVANCED_FACE('',(#4405),#4412,.F.);
#4405=FACE_BOUND('',#4406,.F.);
#4406=EDGE_LOOP('',(#4407,#2452,#4410,#4411));
#4407=ORIENTED_EDGE('',*,*,#4408,.T.);
#4408=EDGE_CURVE('',#2384,#2449,#4409,.T.);
#4409=LINE('',#2385,#85);
#4410=ORIENTED_EDGE('',*,*,#4398,.F.);
#4411=ORIENTED_EDGE('',*,*,#2388,.F.);
#4412=PLANE('',#4413);
#4413=AXIS2_PLACEMENT_3D('',#2385,#14,#13);
#4414=ADVANCED_FACE('',(#4415),#4422,.F.);
#4415=FACE_BOUND('',#4416,.F.);
#4416=EDGE_LOOP('',(#4417,#2447,#4420,#4421));
#4417=ORIENTED_EDGE('',*,*,#4418,.T.);
#4418=EDGE_CURVE('',#2377,#2442,#4419,.T.);
#4419=LINE('',#2378,#85);
#4420=ORIENTED_EDGE('',*,*,#4408,.F.);
#4421=ORIENTED_EDGE('',*,*,#2383,.F.);
#4422=PLANE('',#4423);
#4423=AXIS2_PLACEMENT_3D('',#2378,#13,#72);
#4424=ADVANCED_FACE('',(#4425),#4432,.T.);
#4425=FACE_BOUND('',#4426,.F.);
#4426=EDGE_LOOP('',(#4427,#2440,#4430,#4431));
#4427=ORIENTED_EDGE('',*,*,#4428,.T.);
#4428=EDGE_CURVE('',#2372,#2437,#4429,.T.);
#4429=LINE('',#2373,#85);
#4430=ORIENTED_EDGE('',*,*,#4418,.F.);
#4431=ORIENTED_EDGE('',*,*,#2376,.F.);
#4432=CYLINDRICAL_SURFACE('',#4433,0.3);
#4433=AXIS2_PLACEMENT_3D('',#2381,#58,#1401);
#4434=ADVANCED_FACE('',(#4435),#4440,.F.);
#4435=FACE_BOUND('',#4436,.F.);
#4436=EDGE_LOOP('',(#4437,#2435,#4438,#4439));
#4437=ORIENTED_EDGE('',*,*,#2428,.T.);
#4438=ORIENTED_EDGE('',*,*,#4428,.F.);
#4439=ORIENTED_EDGE('',*,*,#2371,.F.);
#4440=PLANE('',#4441);
#4441=AXIS2_PLACEMENT_3D('',#2366,#3912,#1393);
#4442=ADVANCED_FACE('',(#4443),#4450,.F.);
#4443=FACE_BOUND('',#4444,.F.);
#4444=EDGE_LOOP('',(#4445,#2596,#4448,#4449));
#4445=ORIENTED_EDGE('',*,*,#4446,.T.);
#4446=EDGE_CURVE('',#2524,#2592,#4447,.T.);
#4447=LINE('',#2525,#57);
#4448=ORIENTED_EDGE('',*,*,#3820,.F.);
#4449=ORIENTED_EDGE('',*,*,#2529,.F.);
#4450=PLANE('',#4451);
#4451=AXIS2_PLACEMENT_3D('',#2525,#4452,#2534);
#4452=DIRECTION('',(-0.989194664632,-1.09822669251E-16,-0.146608033424));
#4453=ADVANCED_FACE('',(#4454),#4461,.F.);
#4454=FACE_BOUND('',#4455,.F.);
#4455=EDGE_LOOP('',(#4456,#2590,#4459,#4460));
#4456=ORIENTED_EDGE('',*,*,#4457,.T.);
#4457=EDGE_CURVE('',#2519,#2587,#4458,.T.);
#4458=LINE('',#2520,#57);
#4459=ORIENTED_EDGE('',*,*,#4446,.F.);
#4460=ORIENTED_EDGE('',*,*,#2523,.F.);
#4461=CYLINDRICAL_SURFACE('',#2527,1.E-01);
#4462=ADVANCED_FACE('',(#4463),#4470,.F.);
#4463=FACE_BOUND('',#4464,.F.);
#4464=EDGE_LOOP('',(#4465,#2585,#4468,#4469));
#4465=ORIENTED_EDGE('',*,*,#4466,.T.);
#4466=EDGE_CURVE('',#2514,#2582,#4467,.T.);
#4467=LINE('',#2515,#57);
#4468=ORIENTED_EDGE('',*,*,#4457,.F.);
#4469=ORIENTED_EDGE('',*,*,#2518,.F.);
#4470=PLANE('',#4471);
#4471=AXIS2_PLACEMENT_3D('',#2515,#404,#72);
#4472=ADVANCED_FACE('',(#4473),#4480,.F.);
#4473=FACE_BOUND('',#4474,.F.);
#4474=EDGE_LOOP('',(#4475,#2580,#4478,#4479));
#4475=ORIENTED_EDGE('',*,*,#4476,.T.);
#4476=EDGE_CURVE('',#2509,#2577,#4477,.T.);
#4477=LINE('',#2510,#57);
#4478=ORIENTED_EDGE('',*,*,#4466,.F.);
#4479=ORIENTED_EDGE('',*,*,#2513,.F.);
#4480=PLANE('',#4481);
#4481=AXIS2_PLACEMENT_3D('',#2510,#72,#13);
#4482=ADVANCED_FACE('',(#4483),#4490,.F.);
#4483=FACE_BOUND('',#4484,.F.);
#4484=EDGE_LOOP('',(#4485,#2575,#4488,#4489));
#4485=ORIENTED_EDGE('',*,*,#4486,.T.);
#4486=EDGE_CURVE('',#2501,#2570,#4487,.T.);
#4487=LINE('',#2502,#57);
#4488=ORIENTED_EDGE('',*,*,#4476,.F.);
#4489=ORIENTED_EDGE('',*,*,#2508,.F.);
#4490=PLANE('',#4491);
#4491=AXIS2_PLACEMENT_3D('',#2502,#13,#14);
#4492=ADVANCED_FACE('',(#4493),#4500,.T.);
#4493=FACE_BOUND('',#4494,.F.);
#4494=EDGE_LOOP('',(#4495,#2568,#4498,#4499));
#4495=ORIENTED_EDGE('',*,*,#4496,.T.);
#4496=EDGE_CURVE('',#2494,#2565,#4497,.T.);
#4497=LINE('',#2495,#57);
#4498=ORIENTED_EDGE('',*,*,#4486,.F.);
#4499=ORIENTED_EDGE('',*,*,#2500,.F.);
#4500=CYLINDRICAL_SURFACE('',#4501,0.3);
#4501=AXIS2_PLACEMENT_3D('',#2505,#86,#2506);
#4502=ADVANCED_FACE('',(#4503),#4508,.F.);
#4503=FACE_BOUND('',#4504,.F.);
#4504=EDGE_LOOP('',(#4505,#2563,#4506,#4507));
#4505=ORIENTED_EDGE('',*,*,#2556,.T.);
#4506=ORIENTED_EDGE('',*,*,#4496,.F.);
#4507=ORIENTED_EDGE('',*,*,#2493,.F.);
#4508=PLANE('',#4509);
#4509=AXIS2_PLACEMENT_3D('',#2488,#4510,#2498);
#4510=DIRECTION('',(0.989194664632,1.09822669251E-16,0.146608033424));
#4511=ADVANCED_FACE('',(#4512),#4519,.T.);
#4512=FACE_BOUND('',#4513,.F.);
#4513=EDGE_LOOP('',(#4514,#2735,#4517,#4518));
#4514=ORIENTED_EDGE('',*,*,#4515,.T.);
#4515=EDGE_CURVE('',#2665,#2732,#4516,.T.);
#4516=LINE('',#2666,#57);
#4517=ORIENTED_EDGE('',*,*,#3727,.F.);
#4518=ORIENTED_EDGE('',*,*,#2669,.F.);
#4519=CYLINDRICAL_SURFACE('',#4520,0.3);
#4520=AXIS2_PLACEMENT_3D('',#2629,#86,#2539);
#4521=ADVANCED_FACE('',(#4522),#4529,.F.);
#4522=FACE_BOUND('',#4523,.F.);
#4523=EDGE_LOOP('',(#4524,#2730,#4527,#4528));
#4524=ORIENTED_EDGE('',*,*,#4525,.T.);
#4525=EDGE_CURVE('',#2659,#2726,#4526,.T.);
#4526=LINE('',#2660,#57);
#4527=ORIENTED_EDGE('',*,*,#4515,.F.);
#4528=ORIENTED_EDGE('',*,*,#2664,.F.);
#4529=PLANE('',#4530);
#4530=AXIS2_PLACEMENT_3D('',#2660,#4452,#2534);
#4531=ADVANCED_FACE('',(#4532),#4539,.F.);
#4532=FACE_BOUND('',#4533,.F.);
#4533=EDGE_LOOP('',(#4534,#2724,#4537,#4538));
#4534=ORIENTED_EDGE('',*,*,#4535,.T.);
#4535=EDGE_CURVE('',#2654,#2721,#4536,.T.);
#4536=LINE('',#2655,#57);
#4537=ORIENTED_EDGE('',*,*,#4525,.F.);
#4538=ORIENTED_EDGE('',*,*,#2658,.F.);
#4539=CYLINDRICAL_SURFACE('',#2662,1.E-01);
#4540=ADVANCED_FACE('',(#4541),#4548,.F.);
#4541=FACE_BOUND('',#4542,.F.);
#4542=EDGE_LOOP('',(#4543,#2719,#4546,#4547));
#4543=ORIENTED_EDGE('',*,*,#4544,.T.);
#4544=EDGE_CURVE('',#2649,#2716,#4545,.T.);
#4545=LINE('',#2650,#57);
#4546=ORIENTED_EDGE('',*,*,#4535,.F.);
#4547=ORIENTED_EDGE('',*,*,#2653,.F.);
#4548=PLANE('',#4549);
#4549=AXIS2_PLACEMENT_3D('',#2650,#404,#72);
#4550=ADVANCED_FACE('',(#4551),#4558,.F.);
#4551=FACE_BOUND('',#4552,.F.);
#4552=EDGE_LOOP('',(#4553,#2714,#4556,#4557));
#4553=ORIENTED_EDGE('',*,*,#4554,.T.);
#4554=EDGE_CURVE('',#2644,#2711,#4555,.T.);
#4555=LINE('',#2645,#57);
#4556=ORIENTED_EDGE('',*,*,#4544,.F.);
#4557=ORIENTED_EDGE('',*,*,#2648,.F.);
#4558=PLANE('',#4559);
#4559=AXIS2_PLACEMENT_3D('',#2645,#72,#13);
#4560=ADVANCED_FACE('',(#4561),#4568,.F.);
#4561=FACE_BOUND('',#4562,.F.);
#4562=EDGE_LOOP('',(#4563,#2709,#4566,#4567));
#4563=ORIENTED_EDGE('',*,*,#4564,.T.);
#4564=EDGE_CURVE('',#2637,#2704,#4565,.T.);
#4565=LINE('',#2638,#57);
#4566=ORIENTED_EDGE('',*,*,#4554,.F.);
#4567=ORIENTED_EDGE('',*,*,#2643,.F.);
#4568=PLANE('',#4569);
#4569=AXIS2_PLACEMENT_3D('',#2638,#13,#14);
#4570=ADVANCED_FACE('',(#4571),#4578,.T.);
#4571=FACE_BOUND('',#4572,.F.);
#4572=EDGE_LOOP('',(#4573,#2702,#4576,#4577));
#4573=ORIENTED_EDGE('',*,*,#4574,.T.);
#4574=EDGE_CURVE('',#2632,#2699,#4575,.T.);
#4575=LINE('',#2633,#57);
#4576=ORIENTED_EDGE('',*,*,#4564,.F.);
#4577=ORIENTED_EDGE('',*,*,#2636,.F.);
#4578=CYLINDRICAL_SURFACE('',#4579,0.3);
#4579=AXIS2_PLACEMENT_3D('',#2641,#86,#2506);
#4580=ADVANCED_FACE('',(#4581),#4586,.F.);
#4581=FACE_BOUND('',#4582,.F.);
#4582=EDGE_LOOP('',(#4583,#2697,#4584,#4585));
#4583=ORIENTED_EDGE('',*,*,#2690,.T.);
#4584=ORIENTED_EDGE('',*,*,#4574,.F.);
#4585=ORIENTED_EDGE('',*,*,#2631,.F.);
#4586=PLANE('',#4587);
#4587=AXIS2_PLACEMENT_3D('',#2626,#4510,#2498);
#4588=ADVANCED_FACE('',(#4589),#4596,.T.);
#4589=FACE_BOUND('',#4590,.F.);
#4590=EDGE_LOOP('',(#4591,#2875,#4594,#4595));
#4591=ORIENTED_EDGE('',*,*,#4592,.T.);
#4592=EDGE_CURVE('',#2805,#2872,#4593,.T.);
#4593=LINE('',#2806,#57);
#4594=ORIENTED_EDGE('',*,*,#3739,.F.);
#4595=ORIENTED_EDGE('',*,*,#2809,.F.);
#4596=CYLINDRICAL_SURFACE('',#4597,0.3);
#4597=AXIS2_PLACEMENT_3D('',#2769,#86,#2539);
#4598=ADVANCED_FACE('',(#4599),#4606,.F.);
#4599=FACE_BOUND('',#4600,.F.);
#4600=EDGE_LOOP('',(#4601,#2870,#4604,#4605));
#4601=ORIENTED_EDGE('',*,*,#4602,.T.);
#4602=EDGE_CURVE('',#2799,#2866,#4603,.T.);
#4603=LINE('',#2800,#57);
#4604=ORIENTED_EDGE('',*,*,#4592,.F.);
#4605=ORIENTED_EDGE('',*,*,#2804,.F.);
#4606=PLANE('',#4607);
#4607=AXIS2_PLACEMENT_3D('',#2800,#4452,#2534);
#4608=ADVANCED_FACE('',(#4609),#4616,.F.);
#4609=FACE_BOUND('',#4610,.F.);
#4610=EDGE_LOOP('',(#4611,#2864,#4614,#4615));
#4611=ORIENTED_EDGE('',*,*,#4612,.T.);
#4612=EDGE_CURVE('',#2794,#2861,#4613,.T.);
#4613=LINE('',#2795,#57);
#4614=ORIENTED_EDGE('',*,*,#4602,.F.);
#4615=ORIENTED_EDGE('',*,*,#2798,.F.);
#4616=CYLINDRICAL_SURFACE('',#2802,1.E-01);
#4617=ADVANCED_FACE('',(#4618),#4625,.F.);
#4618=FACE_BOUND('',#4619,.F.);
#4619=EDGE_LOOP('',(#4620,#2859,#4623,#4624));
#4620=ORIENTED_EDGE('',*,*,#4621,.T.);
#4621=EDGE_CURVE('',#2789,#2856,#4622,.T.);
#4622=LINE('',#2790,#57);
#4623=ORIENTED_EDGE('',*,*,#4612,.F.);
#4624=ORIENTED_EDGE('',*,*,#2793,.F.);
#4625=PLANE('',#4626);
#4626=AXIS2_PLACEMENT_3D('',#2790,#404,#72);
#4627=ADVANCED_FACE('',(#4628),#4635,.F.);
#4628=FACE_BOUND('',#4629,.F.);
#4629=EDGE_LOOP('',(#4630,#2854,#4633,#4634));
#4630=ORIENTED_EDGE('',*,*,#4631,.T.);
#4631=EDGE_CURVE('',#2784,#2851,#4632,.T.);
#4632=LINE('',#2785,#57);
#4633=ORIENTED_EDGE('',*,*,#4621,.F.);
#4634=ORIENTED_EDGE('',*,*,#2788,.F.);
#4635=PLANE('',#4636);
#4636=AXIS2_PLACEMENT_3D('',#2785,#72,#13);
#4637=ADVANCED_FACE('',(#4638),#4645,.F.);
#4638=FACE_BOUND('',#4639,.F.);
#4639=EDGE_LOOP('',(#4640,#2849,#4643,#4644));
#4640=ORIENTED_EDGE('',*,*,#4641,.T.);
#4641=EDGE_CURVE('',#2777,#2844,#4642,.T.);
#4642=LINE('',#2778,#57);
#4643=ORIENTED_EDGE('',*,*,#4631,.F.);
#4644=ORIENTED_EDGE('',*,*,#2783,.F.);
#4645=PLANE('',#4646);
#4646=AXIS2_PLACEMENT_3D('',#2778,#13,#14);
#4647=ADVANCED_FACE('',(#4648),#4655,.T.);
#4648=FACE_BOUND('',#4649,.F.);
#4649=EDGE_LOOP('',(#4650,#2842,#4653,#4654));
#4650=ORIENTED_EDGE('',*,*,#4651,.T.);
#4651=EDGE_CURVE('',#2772,#2839,#4652,.T.);
#4652=LINE('',#2773,#57);
#4653=ORIENTED_EDGE('',*,*,#4641,.F.);
#4654=ORIENTED_EDGE('',*,*,#2776,.F.);
#4655=CYLINDRICAL_SURFACE('',#4656,0.3);
#4656=AXIS2_PLACEMENT_3D('',#2781,#86,#2506);
#4657=ADVANCED_FACE('',(#4658),#4663,.F.);
#4658=FACE_BOUND('',#4659,.F.);
#4659=EDGE_LOOP('',(#4660,#2837,#4661,#4662));
#4660=ORIENTED_EDGE('',*,*,#2830,.T.);
#4661=ORIENTED_EDGE('',*,*,#4651,.F.);
#4662=ORIENTED_EDGE('',*,*,#2771,.F.);
#4663=PLANE('',#4664);
#4664=AXIS2_PLACEMENT_3D('',#2766,#4510,#2498);
#4665=ADVANCED_FACE('',(#4666),#4673,.T.);
#4666=FACE_BOUND('',#4667,.F.);
#4667=EDGE_LOOP('',(#4668,#3015,#4671,#4672));
#4668=ORIENTED_EDGE('',*,*,#4669,.T.);
#4669=EDGE_CURVE('',#2945,#3012,#4670,.T.);
#4670=LINE('',#2946,#57);
#4671=ORIENTED_EDGE('',*,*,#3751,.F.);
#4672=ORIENTED_EDGE('',*,*,#2949,.F.);
#4673=CYLINDRICAL_SURFACE('',#4674,0.3);
#4674=AXIS2_PLACEMENT_3D('',#2909,#86,#2539);
#4675=ADVANCED_FACE('',(#4676),#4683,.F.);
#4676=FACE_BOUND('',#4677,.F.);
#4677=EDGE_LOOP('',(#4678,#3010,#4681,#4682));
#4678=ORIENTED_EDGE('',*,*,#4679,.T.);
#4679=EDGE_CURVE('',#2939,#3006,#4680,.T.);
#4680=LINE('',#2940,#57);
#4681=ORIENTED_EDGE('',*,*,#4669,.F.);
#4682=ORIENTED_EDGE('',*,*,#2944,.F.);
#4683=PLANE('',#4684);
#4684=AXIS2_PLACEMENT_3D('',#2940,#4452,#2534);
#4685=ADVANCED_FACE('',(#4686),#4693,.F.);
#4686=FACE_BOUND('',#4687,.F.);
#4687=EDGE_LOOP('',(#4688,#3004,#4691,#4692));
#4688=ORIENTED_EDGE('',*,*,#4689,.T.);
#4689=EDGE_CURVE('',#2934,#3001,#4690,.T.);
#4690=LINE('',#2935,#57);
#4691=ORIENTED_EDGE('',*,*,#4679,.F.);
#4692=ORIENTED_EDGE('',*,*,#2938,.F.);
#4693=CYLINDRICAL_SURFACE('',#2942,1.E-01);
#4694=ADVANCED_FACE('',(#4695),#4702,.F.);
#4695=FACE_BOUND('',#4696,.F.);
#4696=EDGE_LOOP('',(#4697,#2999,#4700,#4701));
#4697=ORIENTED_EDGE('',*,*,#4698,.T.);
#4698=EDGE_CURVE('',#2929,#2996,#4699,.T.);
#4699=LINE('',#2930,#57);
#4700=ORIENTED_EDGE('',*,*,#4689,.F.);
#4701=ORIENTED_EDGE('',*,*,#2933,.F.);
#4702=PLANE('',#4703);
#4703=AXIS2_PLACEMENT_3D('',#2930,#404,#72);
#4704=ADVANCED_FACE('',(#4705),#4712,.F.);
#4705=FACE_BOUND('',#4706,.F.);
#4706=EDGE_LOOP('',(#4707,#2994,#4710,#4711));
#4707=ORIENTED_EDGE('',*,*,#4708,.T.);
#4708=EDGE_CURVE('',#2924,#2991,#4709,.T.);
#4709=LINE('',#2925,#57);
#4710=ORIENTED_EDGE('',*,*,#4698,.F.);
#4711=ORIENTED_EDGE('',*,*,#2928,.F.);
#4712=PLANE('',#4713);
#4713=AXIS2_PLACEMENT_3D('',#2925,#72,#13);
#4714=ADVANCED_FACE('',(#4715),#4722,.F.);
#4715=FACE_BOUND('',#4716,.F.);
#4716=EDGE_LOOP('',(#4717,#2989,#4720,#4721));
#4717=ORIENTED_EDGE('',*,*,#4718,.T.);
#4718=EDGE_CURVE('',#2917,#2984,#4719,.T.);
#4719=LINE('',#2918,#57);
#4720=ORIENTED_EDGE('',*,*,#4708,.F.);
#4721=ORIENTED_EDGE('',*,*,#2923,.F.);
#4722=PLANE('',#4723);
#4723=AXIS2_PLACEMENT_3D('',#2918,#13,#14);
#4724=ADVANCED_FACE('',(#4725),#4732,.T.);
#4725=FACE_BOUND('',#4726,.F.);
#4726=EDGE_LOOP('',(#4727,#2982,#4730,#4731));
#4727=ORIENTED_EDGE('',*,*,#4728,.T.);
#4728=EDGE_CURVE('',#2912,#2979,#4729,.T.);
#4729=LINE('',#2913,#57);
#4730=ORIENTED_EDGE('',*,*,#4718,.F.);
#4731=ORIENTED_EDGE('',*,*,#2916,.F.);
#4732=CYLINDRICAL_SURFACE('',#4733,0.3);
#4733=AXIS2_PLACEMENT_3D('',#2921,#86,#2506);
#4734=ADVANCED_FACE('',(#4735),#4740,.F.);
#4735=FACE_BOUND('',#4736,.F.);
#4736=EDGE_LOOP('',(#4737,#2977,#4738,#4739));
#4737=ORIENTED_EDGE('',*,*,#2970,.T.);
#4738=ORIENTED_EDGE('',*,*,#4728,.F.);
#4739=ORIENTED_EDGE('',*,*,#2911,.F.);
#4740=PLANE('',#4741);
#4741=AXIS2_PLACEMENT_3D('',#2906,#4510,#2498);
#4742=ADVANCED_FACE('',(#4743),#4750,.T.);
#4743=FACE_BOUND('',#4744,.F.);
#4744=EDGE_LOOP('',(#4745,#3155,#4748,#4749));
#4745=ORIENTED_EDGE('',*,*,#4746,.T.);
#4746=EDGE_CURVE('',#3085,#3152,#4747,.T.);
#4747=LINE('',#3086,#57);
#4748=ORIENTED_EDGE('',*,*,#3763,.F.);
#4749=ORIENTED_EDGE('',*,*,#3089,.F.);
#4750=CYLINDRICAL_SURFACE('',#4751,0.3);
#4751=AXIS2_PLACEMENT_3D('',#3049,#86,#2539);
#4752=ADVANCED_FACE('',(#4753),#4760,.F.);
#4753=FACE_BOUND('',#4754,.F.);
#4754=EDGE_LOOP('',(#4755,#3150,#4758,#4759));
#4755=ORIENTED_EDGE('',*,*,#4756,.T.);
#4756=EDGE_CURVE('',#3079,#3146,#4757,.T.);
#4757=LINE('',#3080,#57);
#4758=ORIENTED_EDGE('',*,*,#4746,.F.);
#4759=ORIENTED_EDGE('',*,*,#3084,.F.);
#4760=PLANE('',#4761);
#4761=AXIS2_PLACEMENT_3D('',#3080,#4452,#2534);
#4762=ADVANCED_FACE('',(#4763),#4770,.F.);
#4763=FACE_BOUND('',#4764,.F.);
#4764=EDGE_LOOP('',(#4765,#3144,#4768,#4769));
#4765=ORIENTED_EDGE('',*,*,#4766,.T.);
#4766=EDGE_CURVE('',#3074,#3141,#4767,.T.);
#4767=LINE('',#3075,#57);
#4768=ORIENTED_EDGE('',*,*,#4756,.F.);
#4769=ORIENTED_EDGE('',*,*,#3078,.F.);
#4770=CYLINDRICAL_SURFACE('',#3082,1.E-01);
#4771=ADVANCED_FACE('',(#4772),#4779,.F.);
#4772=FACE_BOUND('',#4773,.F.);
#4773=EDGE_LOOP('',(#4774,#3139,#4777,#4778));
#4774=ORIENTED_EDGE('',*,*,#4775,.T.);
#4775=EDGE_CURVE('',#3069,#3136,#4776,.T.);
#4776=LINE('',#3070,#57);
#4777=ORIENTED_EDGE('',*,*,#4766,.F.);
#4778=ORIENTED_EDGE('',*,*,#3073,.F.);
#4779=PLANE('',#4780);
#4780=AXIS2_PLACEMENT_3D('',#3070,#404,#72);
#4781=ADVANCED_FACE('',(#4782),#4789,.F.);
#4782=FACE_BOUND('',#4783,.F.);
#4783=EDGE_LOOP('',(#4784,#3134,#4787,#4788));
#4784=ORIENTED_EDGE('',*,*,#4785,.T.);
#4785=EDGE_CURVE('',#3064,#3131,#4786,.T.);
#4786=LINE('',#3065,#57);
#4787=ORIENTED_EDGE('',*,*,#4775,.F.);
#4788=ORIENTED_EDGE('',*,*,#3068,.F.);
#4789=PLANE('',#4790);
#4790=AXIS2_PLACEMENT_3D('',#3065,#72,#13);
#4791=ADVANCED_FACE('',(#4792),#4799,.F.);
#4792=FACE_BOUND('',#4793,.F.);
#4793=EDGE_LOOP('',(#4794,#3129,#4797,#4798));
#4794=ORIENTED_EDGE('',*,*,#4795,.T.);
#4795=EDGE_CURVE('',#3057,#3124,#4796,.T.);
#4796=LINE('',#3058,#57);
#4797=ORIENTED_EDGE('',*,*,#4785,.F.);
#4798=ORIENTED_EDGE('',*,*,#3063,.F.);
#4799=PLANE('',#4800);
#4800=AXIS2_PLACEMENT_3D('',#3058,#13,#14);
#4801=ADVANCED_FACE('',(#4802),#4809,.T.);
#4802=FACE_BOUND('',#4803,.F.);
#4803=EDGE_LOOP('',(#4804,#3122,#4807,#4808));
#4804=ORIENTED_EDGE('',*,*,#4805,.T.);
#4805=EDGE_CURVE('',#3052,#3119,#4806,.T.);
#4806=LINE('',#3053,#57);
#4807=ORIENTED_EDGE('',*,*,#4795,.F.);
#4808=ORIENTED_EDGE('',*,*,#3056,.F.);
#4809=CYLINDRICAL_SURFACE('',#4810,0.3);
#4810=AXIS2_PLACEMENT_3D('',#3061,#86,#2506);
#4811=ADVANCED_FACE('',(#4812),#4817,.F.);
#4812=FACE_BOUND('',#4813,.F.);
#4813=EDGE_LOOP('',(#4814,#3117,#4815,#4816));
#4814=ORIENTED_EDGE('',*,*,#3110,.T.);
#4815=ORIENTED_EDGE('',*,*,#4805,.F.);
#4816=ORIENTED_EDGE('',*,*,#3051,.F.);
#4817=PLANE('',#4818);
#4818=AXIS2_PLACEMENT_3D('',#3046,#4510,#2498);
#4819=ADVANCED_FACE('',(#4820),#4827,.T.);
#4820=FACE_BOUND('',#4821,.F.);
#4821=EDGE_LOOP('',(#4822,#3295,#4825,#4826));
#4822=ORIENTED_EDGE('',*,*,#4823,.T.);
#4823=EDGE_CURVE('',#3225,#3292,#4824,.T.);
#4824=LINE('',#3226,#57);
#4825=ORIENTED_EDGE('',*,*,#3775,.F.);
#4826=ORIENTED_EDGE('',*,*,#3229,.F.);
#4827=CYLINDRICAL_SURFACE('',#4828,0.3);
#4828=AXIS2_PLACEMENT_3D('',#3189,#86,#2539);
#4829=ADVANCED_FACE('',(#4830),#4837,.F.);
#4830=FACE_BOUND('',#4831,.F.);
#4831=EDGE_LOOP('',(#4832,#3290,#4835,#4836));
#4832=ORIENTED_EDGE('',*,*,#4833,.T.);
#4833=EDGE_CURVE('',#3219,#3286,#4834,.T.);
#4834=LINE('',#3220,#57);
#4835=ORIENTED_EDGE('',*,*,#4823,.F.);
#4836=ORIENTED_EDGE('',*,*,#3224,.F.);
#4837=PLANE('',#4838);
#4838=AXIS2_PLACEMENT_3D('',#3220,#4452,#2534);
#4839=ADVANCED_FACE('',(#4840),#4847,.F.);
#4840=FACE_BOUND('',#4841,.F.);
#4841=EDGE_LOOP('',(#4842,#3284,#4845,#4846));
#4842=ORIENTED_EDGE('',*,*,#4843,.T.);
#4843=EDGE_CURVE('',#3214,#3281,#4844,.T.);
#4844=LINE('',#3215,#57);
#4845=ORIENTED_EDGE('',*,*,#4833,.F.);
#4846=ORIENTED_EDGE('',*,*,#3218,.F.);
#4847=CYLINDRICAL_SURFACE('',#3222,1.E-01);
#4848=ADVANCED_FACE('',(#4849),#4856,.F.);
#4849=FACE_BOUND('',#4850,.F.);
#4850=EDGE_LOOP('',(#4851,#3279,#4854,#4855));
#4851=ORIENTED_EDGE('',*,*,#4852,.T.);
#4852=EDGE_CURVE('',#3209,#3276,#4853,.T.);
#4853=LINE('',#3210,#57);
#4854=ORIENTED_EDGE('',*,*,#4843,.F.);
#4855=ORIENTED_EDGE('',*,*,#3213,.F.);
#4856=PLANE('',#4857);
#4857=AXIS2_PLACEMENT_3D('',#3210,#404,#72);
#4858=ADVANCED_FACE('',(#4859),#4866,.F.);
#4859=FACE_BOUND('',#4860,.F.);
#4860=EDGE_LOOP('',(#4861,#3274,#4864,#4865));
#4861=ORIENTED_EDGE('',*,*,#4862,.T.);
#4862=EDGE_CURVE('',#3204,#3271,#4863,.T.);
#4863=LINE('',#3205,#57);
#4864=ORIENTED_EDGE('',*,*,#4852,.F.);
#4865=ORIENTED_EDGE('',*,*,#3208,.F.);
#4866=PLANE('',#4867);
#4867=AXIS2_PLACEMENT_3D('',#3205,#72,#13);
#4868=ADVANCED_FACE('',(#4869),#4876,.F.);
#4869=FACE_BOUND('',#4870,.F.);
#4870=EDGE_LOOP('',(#4871,#3269,#4874,#4875));
#4871=ORIENTED_EDGE('',*,*,#4872,.T.);
#4872=EDGE_CURVE('',#3197,#3264,#4873,.T.);
#4873=LINE('',#3198,#57);
#4874=ORIENTED_EDGE('',*,*,#4862,.F.);
#4875=ORIENTED_EDGE('',*,*,#3203,.F.);
#4876=PLANE('',#4877);
#4877=AXIS2_PLACEMENT_3D('',#3198,#13,#14);
#4878=ADVANCED_FACE('',(#4879),#4886,.T.);
#4879=FACE_BOUND('',#4880,.F.);
#4880=EDGE_LOOP('',(#4881,#3262,#4884,#4885));
#4881=ORIENTED_EDGE('',*,*,#4882,.T.);
#4882=EDGE_CURVE('',#3192,#3259,#4883,.T.);
#4883=LINE('',#3193,#57);
#4884=ORIENTED_EDGE('',*,*,#4872,.F.);
#4885=ORIENTED_EDGE('',*,*,#3196,.F.);
#4886=CYLINDRICAL_SURFACE('',#4887,0.3);
#4887=AXIS2_PLACEMENT_3D('',#3201,#86,#2506);
#4888=ADVANCED_FACE('',(#4889),#4894,.F.);
#4889=FACE_BOUND('',#4890,.F.);
#4890=EDGE_LOOP('',(#4891,#3257,#4892,#4893));
#4891=ORIENTED_EDGE('',*,*,#3250,.T.);
#4892=ORIENTED_EDGE('',*,*,#4882,.F.);
#4893=ORIENTED_EDGE('',*,*,#3191,.F.);
#4894=PLANE('',#4895);
#4895=AXIS2_PLACEMENT_3D('',#3186,#4510,#2498);
#4896=ADVANCED_FACE('',(#4897),#4904,.T.);
#4897=FACE_BOUND('',#4898,.F.);
#4898=EDGE_LOOP('',(#4899,#3435,#4902,#4903));
#4899=ORIENTED_EDGE('',*,*,#4900,.T.);
#4900=EDGE_CURVE('',#3365,#3432,#4901,.T.);
#4901=LINE('',#3366,#57);
#4902=ORIENTED_EDGE('',*,*,#3787,.F.);
#4903=ORIENTED_EDGE('',*,*,#3369,.F.);
#4904=CYLINDRICAL_SURFACE('',#4905,0.3);
#4905=AXIS2_PLACEMENT_3D('',#3329,#86,#2539);
#4906=ADVANCED_FACE('',(#4907),#4914,.F.);
#4907=FACE_BOUND('',#4908,.F.);
#4908=EDGE_LOOP('',(#4909,#3430,#4912,#4913));
#4909=ORIENTED_EDGE('',*,*,#4910,.T.);
#4910=EDGE_CURVE('',#3359,#3426,#4911,.T.);
#4911=LINE('',#3360,#57);
#4912=ORIENTED_EDGE('',*,*,#4900,.F.);
#4913=ORIENTED_EDGE('',*,*,#3364,.F.);
#4914=PLANE('',#4915);
#4915=AXIS2_PLACEMENT_3D('',#3360,#4452,#2534);
#4916=ADVANCED_FACE('',(#4917),#4924,.F.);
#4917=FACE_BOUND('',#4918,.F.);
#4918=EDGE_LOOP('',(#4919,#3424,#4922,#4923));
#4919=ORIENTED_EDGE('',*,*,#4920,.T.);
#4920=EDGE_CURVE('',#3354,#3421,#4921,.T.);
#4921=LINE('',#3355,#57);
#4922=ORIENTED_EDGE('',*,*,#4910,.F.);
#4923=ORIENTED_EDGE('',*,*,#3358,.F.);
#4924=CYLINDRICAL_SURFACE('',#3362,1.E-01);
#4925=ADVANCED_FACE('',(#4926),#4933,.F.);
#4926=FACE_BOUND('',#4927,.F.);
#4927=EDGE_LOOP('',(#4928,#3419,#4931,#4932));
#4928=ORIENTED_EDGE('',*,*,#4929,.T.);
#4929=EDGE_CURVE('',#3349,#3416,#4930,.T.);
#4930=LINE('',#3350,#57);
#4931=ORIENTED_EDGE('',*,*,#4920,.F.);
#4932=ORIENTED_EDGE('',*,*,#3353,.F.);
#4933=PLANE('',#4934);
#4934=AXIS2_PLACEMENT_3D('',#3350,#404,#72);
#4935=ADVANCED_FACE('',(#4936),#4943,.F.);
#4936=FACE_BOUND('',#4937,.F.);
#4937=EDGE_LOOP('',(#4938,#3414,#4941,#4942));
#4938=ORIENTED_EDGE('',*,*,#4939,.T.);
#4939=EDGE_CURVE('',#3344,#3411,#4940,.T.);
#4940=LINE('',#3345,#57);
#4941=ORIENTED_EDGE('',*,*,#4929,.F.);
#4942=ORIENTED_EDGE('',*,*,#3348,.F.);
#4943=PLANE('',#4944);
#4944=AXIS2_PLACEMENT_3D('',#3345,#72,#13);
#4945=ADVANCED_FACE('',(#4946),#4953,.F.);
#4946=FACE_BOUND('',#4947,.F.);
#4947=EDGE_LOOP('',(#4948,#3409,#4951,#4952));
#4948=ORIENTED_EDGE('',*,*,#4949,.T.);
#4949=EDGE_CURVE('',#3337,#3404,#4950,.T.);
#4950=LINE('',#3338,#57);
#4951=ORIENTED_EDGE('',*,*,#4939,.F.);
#4952=ORIENTED_EDGE('',*,*,#3343,.F.);
#4953=PLANE('',#4954);
#4954=AXIS2_PLACEMENT_3D('',#3338,#13,#14);
#4955=ADVANCED_FACE('',(#4956),#4963,.T.);
#4956=FACE_BOUND('',#4957,.F.);
#4957=EDGE_LOOP('',(#4958,#3402,#4961,#4962));
#4958=ORIENTED_EDGE('',*,*,#4959,.T.);
#4959=EDGE_CURVE('',#3332,#3399,#4960,.T.);
#4960=LINE('',#3333,#57);
#4961=ORIENTED_EDGE('',*,*,#4949,.F.);
#4962=ORIENTED_EDGE('',*,*,#3336,.F.);
#4963=CYLINDRICAL_SURFACE('',#4964,0.3);
#4964=AXIS2_PLACEMENT_3D('',#3341,#86,#2506);
#4965=ADVANCED_FACE('',(#4966),#4971,.F.);
#4966=FACE_BOUND('',#4967,.F.);
#4967=EDGE_LOOP('',(#4968,#3397,#4969,#4970));
#4968=ORIENTED_EDGE('',*,*,#3390,.T.);
#4969=ORIENTED_EDGE('',*,*,#4959,.F.);
#4970=ORIENTED_EDGE('',*,*,#3331,.F.);
#4971=PLANE('',#4972);
#4972=AXIS2_PLACEMENT_3D('',#3326,#4510,#2498);
#4973=ADVANCED_FACE('',(#4974),#4981,.T.);
#4974=FACE_BOUND('',#4975,.F.);
#4975=EDGE_LOOP('',(#4976,#3575,#4979,#4980));
#4976=ORIENTED_EDGE('',*,*,#4977,.T.);
#4977=EDGE_CURVE('',#3505,#3572,#4978,.T.);
#4978=LINE('',#3506,#57);
#4979=ORIENTED_EDGE('',*,*,#3799,.F.);
#4980=ORIENTED_EDGE('',*,*,#3509,.F.);
#4981=CYLINDRICAL_SURFACE('',#4982,0.3);
#4982=AXIS2_PLACEMENT_3D('',#3469,#86,#2539);
#4983=ADVANCED_FACE('',(#4984),#4991,.F.);
#4984=FACE_BOUND('',#4985,.F.);
#4985=EDGE_LOOP('',(#4986,#3570,#4989,#4990));
#4986=ORIENTED_EDGE('',*,*,#4987,.T.);
#4987=EDGE_CURVE('',#3499,#3566,#4988,.T.);
#4988=LINE('',#3500,#57);
#4989=ORIENTED_EDGE('',*,*,#4977,.F.);
#4990=ORIENTED_EDGE('',*,*,#3504,.F.);
#4991=PLANE('',#4992);
#4992=AXIS2_PLACEMENT_3D('',#3500,#4452,#2534);
#4993=ADVANCED_FACE('',(#4994),#5001,.F.);
#4994=FACE_BOUND('',#4995,.F.);
#4995=EDGE_LOOP('',(#4996,#3564,#4999,#5000));
#4996=ORIENTED_EDGE('',*,*,#4997,.T.);
#4997=EDGE_CURVE('',#3494,#3561,#4998,.T.);
#4998=LINE('',#3495,#57);
#4999=ORIENTED_EDGE('',*,*,#4987,.F.);
#5000=ORIENTED_EDGE('',*,*,#3498,.F.);
#5001=CYLINDRICAL_SURFACE('',#3502,1.E-01);
#5002=ADVANCED_FACE('',(#5003),#5010,.F.);
#5003=FACE_BOUND('',#5004,.F.);
#5004=EDGE_LOOP('',(#5005,#3559,#5008,#5009));
#5005=ORIENTED_EDGE('',*,*,#5006,.T.);
#5006=EDGE_CURVE('',#3489,#3556,#5007,.T.);
#5007=LINE('',#3490,#57);
#5008=ORIENTED_EDGE('',*,*,#4997,.F.);
#5009=ORIENTED_EDGE('',*,*,#3493,.F.);
#5010=PLANE('',#5011);
#5011=AXIS2_PLACEMENT_3D('',#3490,#404,#72);
#5012=ADVANCED_FACE('',(#5013),#5020,.F.);
#5013=FACE_BOUND('',#5014,.F.);
#5014=EDGE_LOOP('',(#5015,#3554,#5018,#5019));
#5015=ORIENTED_EDGE('',*,*,#5016,.T.);
#5016=EDGE_CURVE('',#3484,#3551,#5017,.T.);
#5017=LINE('',#3485,#57);
#5018=ORIENTED_EDGE('',*,*,#5006,.F.);
#5019=ORIENTED_EDGE('',*,*,#3488,.F.);
#5020=PLANE('',#5021);
#5021=AXIS2_PLACEMENT_3D('',#3485,#72,#13);
#5022=ADVANCED_FACE('',(#5023),#5030,.F.);
#5023=FACE_BOUND('',#5024,.F.);
#5024=EDGE_LOOP('',(#5025,#3549,#5028,#5029));
#5025=ORIENTED_EDGE('',*,*,#5026,.T.);
#5026=EDGE_CURVE('',#3477,#3544,#5027,.T.);
#5027=LINE('',#3478,#57);
#5028=ORIENTED_EDGE('',*,*,#5016,.F.);
#5029=ORIENTED_EDGE('',*,*,#3483,.F.);
#5030=PLANE('',#5031);
#5031=AXIS2_PLACEMENT_3D('',#3478,#13,#14);
#5032=ADVANCED_FACE('',(#5033),#5040,.T.);
#5033=FACE_BOUND('',#5034,.F.);
#5034=EDGE_LOOP('',(#5035,#3542,#5038,#5039));
#5035=ORIENTED_EDGE('',*,*,#5036,.T.);
#5036=EDGE_CURVE('',#3472,#3539,#5037,.T.);
#5037=LINE('',#3473,#57);
#5038=ORIENTED_EDGE('',*,*,#5026,.F.);
#5039=ORIENTED_EDGE('',*,*,#3476,.F.);
#5040=CYLINDRICAL_SURFACE('',#5041,0.3);
#5041=AXIS2_PLACEMENT_3D('',#3481,#86,#2506);
#5042=ADVANCED_FACE('',(#5043),#5048,.F.);
#5043=FACE_BOUND('',#5044,.F.);
#5044=EDGE_LOOP('',(#5045,#3537,#5046,#5047));
#5045=ORIENTED_EDGE('',*,*,#3530,.T.);
#5046=ORIENTED_EDGE('',*,*,#5036,.F.);
#5047=ORIENTED_EDGE('',*,*,#3471,.F.);
#5048=PLANE('',#5049);
#5049=AXIS2_PLACEMENT_3D('',#3466,#4510,#2498);
#5050=ADVANCED_FACE('',(#5051),#5052,.F.);
#5051=FACE_BOUND('',#3701,.T.);
#5052=PLANE('',#3707);
#5053=( GEOMETRIC_REPRESENTATION_CONTEXT(3) GLOBAL_UNCERTAINTY_ASSIGNED_CONTEXT((#5057)) GLOBAL_UNIT_ASSIGNED_CONTEXT((#5054,#5055,#5056)) REPRESENTATION_CONTEXT('Context #1','3D Context with UNIT and UNCERTAINTY') );
#5054=( LENGTH_UNIT() NAMED_UNIT(*) SI_UNIT(.MILLI.,.METRE.) );
#5055=( NAMED_UNIT(*) PLANE_ANGLE_UNIT() SI_UNIT($,.RADIAN.) );
#5056=( NAMED_UNIT(*) SI_UNIT($,.STERADIAN.) SOLID_ANGLE_UNIT() );
#5057=UNCERTAINTY_MEASURE_WITH_UNIT(LENGTH_MEASURE(1.E-07),#5054,'distance_accuracy_value','confusion accuracy');
#5058=MECHANICAL_DESIGN_GEOMETRIC_PRESENTATION_REPRESENTATION('',(#5059,#5069,#5070,#5071,#5072,#5073,#5074,#5075,#5076,#5077,#5078,#5079,#5080,#5081,#5082,#5091,#5092,#5093,#5094,#5095,#5096,#5097,#5098,#5099,#5100,#5101,#5102,#5103,#5104,#5105,#5106,#5107,#5108,#5109,#5110,#5111,#5112,#5113,#5114,#5115,#5116,#5117,#5118,#5119,#5120,#5121,#5122,#5123,#5124,#5125,#5126,#5127,#5128,#5129,#5130,#5131,#5132,#5133,#5134,#5135,#5136,#5137,#5138,#5139,#5140,#5141,#5142,#5143,#5144,#5145,#5146,#5147,#5148,#5149,#5150,#5151,#5152,#5153,#5154,#5155,#5156,#5157,#5158,#5159,#5160,#5161,#5162,#5163,#5164,#5165,#5166,#5167,#5168,#5169,#5170,#5171,#5172,#5173,#5174,#5175,#5176,#5177,#5178,#5179,#5180,#5181,#5182,#5183,#5184,#5185,#5186,#5187,#5188,#5189,#5190,#5191,#5192,#5193,#5194,#5195,#5196,#5197,#5198,#5199,#5200,#5201,#5202,#5203,#5204,#5205,#5206,#5207,#5208,#5209,#5210,#5211,#5212,#5213,#5214,#5215,#5216,#5217,#5218,#5219,#5220,#5221,#5222,#5223,#5224,#5225,#5226,#5227,#5228,#5229,#5230,#5231,#5232,#5233,#5234,#5235,#5236,#5237,#5238,#5239,#5240,#5241,#5242,#5243,#5244,#5245,#5246,#5247,#5248,#5249,#5250,#5251,#5252,#5253,#5254,#5255,#5256,#5257,#5258,#5259,#5260,#5261,#5262,#5263,#5264,#5265,#5266,#5267,#5268,#5269,#5270,#5271,#5272,#5273,#5274,#5275,#5276,#5277,#5278,#5279,#5280,#5281,#5282,#5283,#5284,#5285,#5286,#5287,#5288,#5289,#5290,#5291,#5292,#5293,#5294,#5295,#5296,#5297,#5298,#5299,#5300,#5301,#5302,#5303,#5304,#5305,#5306,#5307,#5308,#5309,#5310,#5311,#5312,#5313,#5314,#5315,#5316,#5317,#5318,#5319,#5320,#5321,#5322,#5323,#5324,#5325,#5326,#5327,#5328,#5329,#5330,#5331,#5332,#5333,#5334,#5335,#5336,#5337,#5338,#5339,#5340,#5341,#5342),#5053);
#5059=STYLED_ITEM('color',(#5060),#17);
#5060=PRESENTATION_STYLE_ASSIGNMENT((#5061,#5067));
#5061=SURFACE_STYLE_USAGE(.BOTH.,#5062);
#5062=SURFACE_SIDE_STYLE('',(#5063));
#5063=SURFACE_STYLE_FILL_AREA(#5064);
#5064=FILL_AREA_STYLE('',(#5065));
#5065=FILL_AREA_STYLE_COLOUR('',#5066);
#5066=COLOUR_RGB('',0.147999998088,0.145000001626,0.145000001626);
#5067=CURVE_STYLE('',#5068,POSITIVE_LENGTH_MEASURE(0.1),#5066);
#5068=DRAUGHTING_PRE_DEFINED_CURVE_FONT('continuous');
#5069=STYLED_ITEM('color',(#5060),#42);
#5070=STYLED_ITEM('color',(#5060),#95);
#5071=STYLED_ITEM('color',(#5060),#108);
#5072=STYLED_ITEM('color',(#5060),#127);
#5073=STYLED_ITEM('color',(#5060),#140);
#5074=STYLED_ITEM('color',(#5060),#217);
#5075=STYLED_ITEM('color',(#5060),#294);
#5076=STYLED_ITEM('color',(#5060),#307);
#5077=STYLED_ITEM('color',(#5060),#320);
#5078=STYLED_ITEM('color',(#5060),#329);
#5079=STYLED_ITEM('color',(#5060),#344);
#5080=STYLED_ITEM('color',(#5060),#405);
#5081=STYLED_ITEM('color',(#5060),#416);
#5082=STYLED_ITEM('color',(#5083),#435);
#5083=PRESENTATION_STYLE_ASSIGNMENT((#5084,#5090));
#5084=SURFACE_STYLE_USAGE(.BOTH.,#5085);
#5085=SURFACE_SIDE_STYLE('',(#5086));
#5086=SURFACE_STYLE_FILL_AREA(#5087);
#5087=FILL_AREA_STYLE('',(#5088));
#5088=FILL_AREA_STYLE_COLOUR('',#5089);
#5089=COLOUR_RGB('',0.823999987314,0.819999987296,0.781000009244);
#5090=CURVE_STYLE('',#5068,POSITIVE_LENGTH_MEASURE(0.1),#5089);
#5091=STYLED_ITEM('color',(#5060),#456);
#5092=STYLED_ITEM('color',(#5083),#474);
#5093=STYLED_ITEM('color',(#5060),#495);
#5094=STYLED_ITEM('color',(#5083),#513);
#5095=STYLED_ITEM('color',(#5060),#534);
#5096=STYLED_ITEM('color',(#5083),#552);
#5097=STYLED_ITEM('color',(#5060),#573);
#5098=STYLED_ITEM('color',(#5083),#591);
#5099=STYLED_ITEM('color',(#5060),#612);
#5100=STYLED_ITEM('color',(#5083),#630);
#5101=STYLED_ITEM('color',(#5060),#651);
#5102=STYLED_ITEM('color',(#5083),#669);
#5103=STYLED_ITEM('color',(#5060),#690);
#5104=STYLED_ITEM('color',(#5083),#708);
#5105=STYLED_ITEM('color',(#5060),#729);
#5106=STYLED_ITEM('color',(#5060),#739);
#5107=STYLED_ITEM('color',(#5083),#751);
#5108=STYLED_ITEM('color',(#5060),#772);
#5109=STYLED_ITEM('color',(#5083),#790);
#5110=STYLED_ITEM('color',(#5060),#811);
#5111=STYLED_ITEM('color',(#5083),#829);
#5112=STYLED_ITEM('color',(#5060),#850);
#5113=STYLED_ITEM('color',(#5083),#868);
#5114=STYLED_ITEM('color',(#5060),#889);
#5115=STYLED_ITEM('color',(#5083),#907);
#5116=STYLED_ITEM('color',(#5060),#928);
#5117=STYLED_ITEM('color',(#5083),#946);
#5118=STYLED_ITEM('color',(#5060),#967);
#5119=STYLED_ITEM('color',(#5083),#985);
#5120=STYLED_ITEM('color',(#5060),#1006);
#5121=STYLED_ITEM('color',(#5083),#1024);
#5122=STYLED_ITEM('color',(#5060),#1045);
#5123=STYLED_ITEM('color',(#5060),#1062);
#5124=STYLED_ITEM('color',(#5060),#1077);
#5125=STYLED_ITEM('color',(#5060),#1092);
#5126=STYLED_ITEM('color',(#5083),#1103);
#5127=STYLED_ITEM('color',(#5060),#1126);
#5128=STYLED_ITEM('color',(#5060),#1204);
#5129=STYLED_ITEM('color',(#5060),#1218);
#5130=STYLED_ITEM('color',(#5060),#1232);
#5131=STYLED_ITEM('color',(#5060),#1246);
#5132=STYLED_ITEM('color',(#5083),#1324);
#5133=STYLED_ITEM('color',(#5060),#1344);
#5134=STYLED_ITEM('color',(#5083),#1375);
#5135=STYLED_ITEM('color',(#5083),#1441);
#5136=STYLED_ITEM('color',(#5083),#1457);
#5137=STYLED_ITEM('color',(#5060),#1510);
#5138=STYLED_ITEM('color',(#5083),#1521);
#5139=STYLED_ITEM('color',(#5083),#1581);
#5140=STYLED_ITEM('color',(#5083),#1597);
#5141=STYLED_ITEM('color',(#5060),#1650);
#5142=STYLED_ITEM('color',(#5083),#1661);
#5143=STYLED_ITEM('color',(#5083),#1721);
#5144=STYLED_ITEM('color',(#5083),#1737);
#5145=STYLED_ITEM('color',(#5060),#1790);
#5146=STYLED_ITEM('color',(#5083),#1801);
#5147=STYLED_ITEM('color',(#5083),#1861);
#5148=STYLED_ITEM('color',(#5083),#1877);
#5149=STYLED_ITEM('color',(#5060),#1930);
#5150=STYLED_ITEM('color',(#5083),#1941);
#5151=STYLED_ITEM('color',(#5083),#2001);
#5152=STYLED_ITEM('color',(#5083),#2017);
#5153=STYLED_ITEM('color',(#5060),#2070);
#5154=STYLED_ITEM('color',(#5083),#2081);
#5155=STYLED_ITEM('color',(#5083),#2141);
#5156=STYLED_ITEM('color',(#5083),#2157);
#5157=STYLED_ITEM('color',(#5060),#2210);
#5158=STYLED_ITEM('color',(#5083),#2221);
#5159=STYLED_ITEM('color',(#5083),#2281);
#5160=STYLED_ITEM('color',(#5083),#2297);
#5161=STYLED_ITEM('color',(#5060),#2350);
#5162=STYLED_ITEM('color',(#5083),#2358);
#5163=STYLED_ITEM('color',(#5083),#2416);
#5164=STYLED_ITEM('color',(#5083),#2432);
#5165=STYLED_ITEM('color',(#5083),#2480);
#5166=STYLED_ITEM('color',(#5083),#2544);
#5167=STYLED_ITEM('color',(#5083),#2560);
#5168=STYLED_ITEM('color',(#5060),#2608);
#5169=STYLED_ITEM('color',(#5083),#2618);
#5170=STYLED_ITEM('color',(#5083),#2678);
#5171=STYLED_ITEM('color',(#5083),#2694);
#5172=STYLED_ITEM('color',(#5060),#2747);
#5173=STYLED_ITEM('color',(#5083),#2758);
#5174=STYLED_ITEM('color',(#5083),#2818);
#5175=STYLED_ITEM('color',(#5083),#2834);
#5176=STYLED_ITEM('color',(#5060),#2887);
#5177=STYLED_ITEM('color',(#5083),#2898);
#5178=STYLED_ITEM('color',(#5083),#2958);
#5179=STYLED_ITEM('color',(#5083),#2974);
#5180=STYLED_ITEM('color',(#5060),#3027);
#5181=STYLED_ITEM('color',(#5083),#3038);
#5182=STYLED_ITEM('color',(#5083),#3098);
#5183=STYLED_ITEM('color',(#5083),#3114);
#5184=STYLED_ITEM('color',(#5060),#3167);
#5185=STYLED_ITEM('color',(#5083),#3178);
#5186=STYLED_ITEM('color',(#5083),#3238);
#5187=STYLED_ITEM('color',(#5083),#3254);
#5188=STYLED_ITEM('color',(#5060),#3307);
#5189=STYLED_ITEM('color',(#5083),#3318);
#5190=STYLED_ITEM('color',(#5083),#3378);
#5191=STYLED_ITEM('color',(#5083),#3394);
#5192=STYLED_ITEM('color',(#5060),#3447);
#5193=STYLED_ITEM('color',(#5083),#3458);
#5194=STYLED_ITEM('color',(#5083),#3518);
#5195=STYLED_ITEM('color',(#5083),#3534);
#5196=STYLED_ITEM('color',(#5083),#3585);
#5197=STYLED_ITEM('color',(#5083),#3595);
#5198=STYLED_ITEM('color',(#5083),#3607);
#5199=STYLED_ITEM('color',(#5083),#3619);
#5200=STYLED_ITEM('color',(#5083),#3631);
#5201=STYLED_ITEM('color',(#5083),#3643);
#5202=STYLED_ITEM('color',(#5083),#3655);
#5203=STYLED_ITEM('color',(#5083),#3667);
#5204=STYLED_ITEM('color',(#5060),#3679);
#5205=STYLED_ITEM('color',(#5060),#3712);
#5206=STYLED_ITEM('color',(#5083),#3722);
#5207=STYLED_ITEM('color',(#5083),#3734);
#5208=STYLED_ITEM('color',(#5083),#3746);
#5209=STYLED_ITEM('color',(#5083),#3758);
#5210=STYLED_ITEM('color',(#5083),#3770);
#5211=STYLED_ITEM('color',(#5083),#3782);
#5212=STYLED_ITEM('color',(#5083),#3794);
#5213=STYLED_ITEM('color',(#5060),#3806);
#5214=STYLED_ITEM('color',(#5083),#3816);
#5215=STYLED_ITEM('color',(#5060),#3826);
#5216=STYLED_ITEM('color',(#5083),#3834);
#5217=STYLED_ITEM('color',(#5083),#3844);
#5218=STYLED_ITEM('color',(#5083),#3855);
#5219=STYLED_ITEM('color',(#5083),#3864);
#5220=STYLED_ITEM('color',(#5083),#3874);
#5221=STYLED_ITEM('color',(#5083),#3884);
#5222=STYLED_ITEM('color',(#5083),#3894);
#5223=STYLED_ITEM('color',(#5083),#3904);
#5224=STYLED_ITEM('color',(#5083),#3913);
#5225=STYLED_ITEM('color',(#5083),#3923);
#5226=STYLED_ITEM('color',(#5083),#3933);
#5227=STYLED_ITEM('color',(#5083),#3942);
#5228=STYLED_ITEM('color',(#5083),#3952);
#5229=STYLED_ITEM('color',(#5083),#3962);
#5230=STYLED_ITEM('color',(#5083),#3972);
#5231=STYLED_ITEM('color',(#5083),#3982);
#5232=STYLED_ITEM('color',(#5083),#3990);
#5233=STYLED_ITEM('color',(#5083),#4000);
#5234=STYLED_ITEM('color',(#5083),#4010);
#5235=STYLED_ITEM('color',(#5083),#4019);
#5236=STYLED_ITEM('color',(#5083),#4029);
#5237=STYLED_ITEM('color',(#5083),#4039);
#5238=STYLED_ITEM('color',(#5083),#4049);
#5239=STYLED_ITEM('color',(#5083),#4059);
#5240=STYLED_ITEM('color',(#5083),#4067);
#5241=STYLED_ITEM('color',(#5083),#4077);
#5242=STYLED_ITEM('color',(#5083),#4087);
#5243=STYLED_ITEM('color',(#5083),#4096);
#5244=STYLED_ITEM('color',(#5083),#4106);
#5245=STYLED_ITEM('color',(#5083),#4116);
#5246=STYLED_ITEM('color',(#5083),#4126);
#5247=STYLED_ITEM('color',(#5083),#4136);
#5248=STYLED_ITEM('color',(#5083),#4144);
#5249=STYLED_ITEM('color',(#5083),#4154);
#5250=STYLED_ITEM('color',(#5083),#4164);
#5251=STYLED_ITEM('color',(#5083),#4173);
#5252=STYLED_ITEM('color',(#5083),#4183);
#5253=STYLED_ITEM('color',(#5083),#4193);
#5254=STYLED_ITEM('color',(#5083),#4203);
#5255=STYLED_ITEM('color',(#5083),#4213);
#5256=STYLED_ITEM('color',(#5083),#4221);
#5257=STYLED_ITEM('color',(#5083),#4231);
#5258=STYLED_ITEM('color',(#5083),#4241);
#5259=STYLED_ITEM('color',(#5083),#4250);
#5260=STYLED_ITEM('color',(#5083),#4260);
#5261=STYLED_ITEM('color',(#5083),#4270);
#5262=STYLED_ITEM('color',(#5083),#4280);
#5263=STYLED_ITEM('color',(#5083),#4290);
#5264=STYLED_ITEM('color',(#5083),#4298);
#5265=STYLED_ITEM('color',(#5083),#4308);
#5266=STYLED_ITEM('color',(#5083),#4318);
#5267=STYLED_ITEM('color',(#5083),#4327);
#5268=STYLED_ITEM('color',(#5083),#4337);
#5269=STYLED_ITEM('color',(#5083),#4347);
#5270=STYLED_ITEM('color',(#5083),#4357);
#5271=STYLED_ITEM('color',(#5083),#4367);
#5272=STYLED_ITEM('color',(#5083),#4375);
#5273=STYLED_ITEM('color',(#5083),#4385);
#5274=STYLED_ITEM('color',(#5083),#4394);
#5275=STYLED_ITEM('color',(#5083),#4404);
#5276=STYLED_ITEM('color',(#5083),#4414);
#5277=STYLED_ITEM('color',(#5083),#4424);
#5278=STYLED_ITEM('color',(#5083),#4434);
#5279=STYLED_ITEM('color',(#5083),#4442);
#5280=STYLED_ITEM('color',(#5083),#4453);
#5281=STYLED_ITEM('color',(#5083),#4462);
#5282=STYLED_ITEM('color',(#5083),#4472);
#5283=STYLED_ITEM('color',(#5083),#4482);
#5284=STYLED_ITEM('color',(#5083),#4492);
#5285=STYLED_ITEM('color',(#5083),#4502);
#5286=STYLED_ITEM('color',(#5083),#4511);
#5287=STYLED_ITEM('color',(#5083),#4521);
#5288=STYLED_ITEM('color',(#5083),#4531);
#5289=STYLED_ITEM('color',(#5083),#4540);
#5290=STYLED_ITEM('color',(#5083),#4550);
#5291=STYLED_ITEM('color',(#5083),#4560);
#5292=STYLED_ITEM('color',(#5083),#4570);
#5293=STYLED_ITEM('color',(#5083),#4580);
#5294=STYLED_ITEM('color',(#5083),#4588);
#5295=STYLED_ITEM('color',(#5083),#4598);
#5296=STYLED_ITEM('color',(#5083),#4608);
#5297=STYLED_ITEM('color',(#5083),#4617);
#5298=STYLED_ITEM('color',(#5083),#4627);
#5299=STYLED_ITEM('color',(#5083),#4637);
#5300=STYLED_ITEM('color',(#5083),#4647);
#5301=STYLED_ITEM('color',(#5083),#4657);
#5302=STYLED_ITEM('color',(#5083),#4665);
#5303=STYLED_ITEM('color',(#5083),#4675);
#5304=STYLED_ITEM('color',(#5083),#4685);
#5305=STYLED_ITEM('color',(#5083),#4694);
#5306=STYLED_ITEM('color',(#5083),#4704);
#5307=STYLED_ITEM('color',(#5083),#4714);
#5308=STYLED_ITEM('color',(#5083),#4724);
#5309=STYLED_ITEM('color',(#5083),#4734);
#5310=STYLED_ITEM('color',(#5083),#4742);
#5311=STYLED_ITEM('color',(#5083),#4752);
#5312=STYLED_ITEM('color',(#5083),#4762);
#5313=STYLED_ITEM('color',(#5083),#4771);
#5314=STYLED_ITEM('color',(#5083),#4781);
#5315=STYLED_ITEM('color',(#5083),#4791);
#5316=STYLED_ITEM('color',(#5083),#4801);
#5317=STYLED_ITEM('color',(#5083),#4811);
#5318=STYLED_ITEM('color',(#5083),#4819);
#5319=STYLED_ITEM('color',(#5083),#4829);
#5320=STYLED_ITEM('color',(#5083),#4839);
#5321=STYLED_ITEM('color',(#5083),#4848);
#5322=STYLED_ITEM('color',(#5083),#4858);
#5323=STYLED_ITEM('color',(#5083),#4868);
#5324=STYLED_ITEM('color',(#5083),#4878);
#5325=STYLED_ITEM('color',(#5083),#4888);
#5326=STYLED_ITEM('color',(#5083),#4896);
#5327=STYLED_ITEM('color',(#5083),#4906);
#5328=STYLED_ITEM('color',(#5083),#4916);
#5329=STYLED_ITEM('color',(#5083),#4925);
#5330=STYLED_ITEM('color',(#5083),#4935);
#5331=STYLED_ITEM('color',(#5083),#4945);
#5332=STYLED_ITEM('color',(#5083),#4955);
#5333=STYLED_ITEM('color',(#5083),#4965);
#5334=STYLED_ITEM('color',(#5083),#4973);
#5335=STYLED_ITEM('color',(#5083),#4983);
#5336=STYLED_ITEM('color',(#5083),#4993);
#5337=STYLED_ITEM('color',(#5083),#5002);
#5338=STYLED_ITEM('color',(#5083),#5012);
#5339=STYLED_ITEM('color',(#5083),#5022);
#5340=STYLED_ITEM('color',(#5083),#5032);
#5341=STYLED_ITEM('color',(#5083),#5042);
#5342=STYLED_ITEM('color',(#5343),#5050);
#5343=PRESENTATION_STYLE_ASSIGNMENT((#5344,#5350));
#5344=SURFACE_STYLE_USAGE(.BOTH.,#5345);
#5345=SURFACE_SIDE_STYLE('',(#5346));
#5346=SURFACE_STYLE_FILL_AREA(#5347);
#5347=FILL_AREA_STYLE('',(#5348));
#5348=FILL_AREA_STYLE_COLOUR('',#5349);
#5349=COLOUR_RGB('',0.690999998585,0.664000007176,0.597999987832);
#5350=CURVE_STYLE('',#5068,POSITIVE_LENGTH_MEASURE(0.1),#5349);
ENDSEC;
END-ISO-10303-21;
