ISO-10303-21;
HEADER;
FILE_DESCRIPTION(('KiCad electronic assembly'),'2;1');
FILE_NAME('Barrel.step','2026-09-23T20:21:22',('Pcbnew'),('Kicad'),
  'Open CASCADE STEP processor 7.9','KiCad to STEP converter','Unknown'
  );
FILE_SCHEMA(('AUTOMOTIVE_DESIGN { 1 0 10303 214 1 1 1 1 }'));
ENDSEC;
DATA;
#1 = APPLICATION_PROTOCOL_DEFINITION('international standard',
  'automotive_design',2000,#2);
#2 = APPLICATION_CONTEXT(
  'core data for automotive mechanical design processes');
#3 = SHAPE_DEFINITION_REPRESENTATION(#4,#10);
#4 = PRODUCT_DEFINITION_SHAPE('','',#5);
#5 = PRODUCT_DEFINITION('design','',#6,#9);
#6 = PRODUCT_DEFINITION_FORMATION('','',#7);
#7 = PRODUCT('Barrel 1','Barrel 1','',(#8));
#8 = PRODUCT_CONTEXT('',#2,'mechanical');
#9 = PRODUCT_DEFINITION_CONTEXT('part definition',#2,'design');
#10 = SHAPE_REPRESENTATION('',(#11,#15,#19,#23,#27,#31,#35),#39);
#11 = AXIS2_PLACEMENT_3D('',#12,#13,#14);
#12 = CARTESIAN_POINT('',(0.,0.,0.));
#13 = DIRECTION('',(0.,0.,1.));
#14 = DIRECTION('',(1.,0.,-0.));
#15 = AXIS2_PLACEMENT_3D('',#16,#17,#18);
#16 = CARTESIAN_POINT('',(0.,-8.135,0.995));
#17 = DIRECTION('',(0.,0.,1.));
#18 = DIRECTION('',(1.,0.,0.));
#19 = AXIS2_PLACEMENT_3D('',#20,#21,#22);
#20 = CARTESIAN_POINT('',(0.,0.,0.));
#21 = DIRECTION('',(0.,0.,1.));
#22 = DIRECTION('',(1.,0.,-0.));
#23 = AXIS2_PLACEMENT_3D('',#24,#25,#26);
#24 = CARTESIAN_POINT('',(0.,0.,0.));
#25 = DIRECTION('',(0.,0.,1.));
#26 = DIRECTION('',(1.,0.,-0.));
#27 = AXIS2_PLACEMENT_3D('',#28,#29,#30);
#28 = CARTESIAN_POINT('',(0.,0.,0.));
#29 = DIRECTION('',(0.,0.,1.));
#30 = DIRECTION('',(1.,0.,-0.));
#31 = AXIS2_PLACEMENT_3D('',#32,#33,#34);
#32 = CARTESIAN_POINT('',(0.,0.,0.));
#33 = DIRECTION('',(0.,0.,1.));
#34 = DIRECTION('',(1.,0.,-0.));
#35 = AXIS2_PLACEMENT_3D('',#36,#37,#38);
#36 = CARTESIAN_POINT('',(0.,0.,0.));
#37 = DIRECTION('',(0.,0.,1.));
#38 = DIRECTION('',(1.,0.,-0.));
#39 = ( GEOMETRIC_REPRESENTATION_CONTEXT(3) 
GLOBAL_UNCERTAINTY_ASSIGNED_CONTEXT((#43)) GLOBAL_UNIT_ASSIGNED_CONTEXT(
(#40,#41,#42)) REPRESENTATION_CONTEXT('Context #1',
  '3D Context with UNIT and UNCERTAINTY') );
#40 = ( LENGTH_UNIT() NAMED_UNIT(*) SI_UNIT(.MILLI.,.METRE.) );
#41 = ( NAMED_UNIT(*) PLANE_ANGLE_UNIT() SI_UNIT($,.RADIAN.) );
#42 = ( NAMED_UNIT(*) SI_UNIT($,.STERADIAN.) SOLID_ANGLE_UNIT() );
#43 = UNCERTAINTY_MEASURE_WITH_UNIT(LENGTH_MEASURE(1.E-07),#40,
  'distance_accuracy_value','confusion accuracy');
#44 = PRODUCT_RELATED_PRODUCT_CATEGORY('part',$,(#7));
#45 = SHAPE_DEFINITION_REPRESENTATION(#46,#52);
#46 = PRODUCT_DEFINITION_SHAPE('','',#47);
#47 = PRODUCT_DEFINITION('design','',#48,#51);
#48 = PRODUCT_DEFINITION_FORMATION('','',#49);
#49 = PRODUCT('Dell_DC_barrel_jack','Dell_DC_barrel_jack','',(#50));
#50 = PRODUCT_CONTEXT('',#2,'mechanical');
#51 = PRODUCT_DEFINITION_CONTEXT('part definition',#2,'design');
#52 = SHAPE_REPRESENTATION('',(#11,#53),#57);
#53 = AXIS2_PLACEMENT_3D('',#54,#55,#56);
#54 = CARTESIAN_POINT('',(0.,0.,0.));
#55 = DIRECTION('',(0.,0.,1.));
#56 = DIRECTION('',(1.,0.,-0.));
#57 = ( GEOMETRIC_REPRESENTATION_CONTEXT(3) 
GLOBAL_UNCERTAINTY_ASSIGNED_CONTEXT((#61)) GLOBAL_UNIT_ASSIGNED_CONTEXT(
(#58,#59,#60)) REPRESENTATION_CONTEXT('Context #1',
  '3D Context with UNIT and UNCERTAINTY') );
#58 = ( LENGTH_UNIT() NAMED_UNIT(*) SI_UNIT(.MILLI.,.METRE.) );
#59 = ( NAMED_UNIT(*) PLANE_ANGLE_UNIT() SI_UNIT($,.RADIAN.) );
#60 = ( NAMED_UNIT(*) SI_UNIT($,.STERADIAN.) SOLID_ANGLE_UNIT() );
#61 = UNCERTAINTY_MEASURE_WITH_UNIT(LENGTH_MEASURE(1.E-07),#58,
  'distance_accuracy_value','confusion accuracy');
#62 = CONTEXT_DEPENDENT_SHAPE_REPRESENTATION(#63,#65);
#63 = ( REPRESENTATION_RELATIONSHIP('','',#52,#10) 
REPRESENTATION_RELATIONSHIP_WITH_TRANSFORMATION(#64) 
SHAPE_REPRESENTATION_RELATIONSHIP() );
#64 = ITEM_DEFINED_TRANSFORMATION('','',#11,#15);
#65 = PRODUCT_DEFINITION_SHAPE('Placement','Placement of an item',#66);
#66 = NEXT_ASSEMBLY_USAGE_OCCURRENCE('14','J6','',#5,#47,$);
#67 = PRODUCT_RELATED_PRODUCT_CATEGORY('part',$,(#49));
#68 = SHAPE_DEFINITION_REPRESENTATION(#69,#75);
#69 = PRODUCT_DEFINITION_SHAPE('','',#70);
#70 = PRODUCT_DEFINITION('design','',#71,#74);
#71 = PRODUCT_DEFINITION_FORMATION('','',#72);
#72 = PRODUCT('Dell_DC_barrel_jack','Dell_DC_barrel_jack','',(#73));
#73 = PRODUCT_CONTEXT('',#2,'mechanical');
#74 = PRODUCT_DEFINITION_CONTEXT('part definition',#2,'design');
#75 = SHAPE_REPRESENTATION('',(#11,#76,#80,#84,#88,#92,#96,#100,#104,
    #108,#112,#116,#120),#124);
#76 = AXIS2_PLACEMENT_3D('',#77,#78,#79);
#77 = CARTESIAN_POINT('',(0.,0.,0.));
#78 = DIRECTION('',(0.,0.,1.));
#79 = DIRECTION('',(1.,0.,0.));
#80 = AXIS2_PLACEMENT_3D('',#81,#82,#83);
#81 = CARTESIAN_POINT('',(0.,0.,0.));
#82 = DIRECTION('',(0.,0.,1.));
#83 = DIRECTION('',(1.,0.,0.));
#84 = AXIS2_PLACEMENT_3D('',#85,#86,#87);
#85 = CARTESIAN_POINT('',(0.,0.,0.));
#86 = DIRECTION('',(0.,0.,1.));
#87 = DIRECTION('',(1.,0.,0.));
#88 = AXIS2_PLACEMENT_3D('',#89,#90,#91);
#89 = CARTESIAN_POINT('',(0.,0.,0.));
#90 = DIRECTION('',(0.,0.,1.));
#91 = DIRECTION('',(1.,0.,0.));
#92 = AXIS2_PLACEMENT_3D('',#93,#94,#95);
#93 = CARTESIAN_POINT('',(0.,0.,0.));
#94 = DIRECTION('',(0.,0.,1.));
#95 = DIRECTION('',(1.,0.,0.));
#96 = AXIS2_PLACEMENT_3D('',#97,#98,#99);
#97 = CARTESIAN_POINT('',(0.,0.,0.));
#98 = DIRECTION('',(0.,0.,1.));
#99 = DIRECTION('',(1.,0.,0.));
#100 = AXIS2_PLACEMENT_3D('',#101,#102,#103);
#101 = CARTESIAN_POINT('',(0.,0.,0.));
#102 = DIRECTION('',(0.,0.,1.));
#103 = DIRECTION('',(1.,0.,0.));
#104 = AXIS2_PLACEMENT_3D('',#105,#106,#107);
#105 = CARTESIAN_POINT('',(0.,0.,0.));
#106 = DIRECTION('',(0.,0.,1.));
#107 = DIRECTION('',(1.,0.,0.));
#108 = AXIS2_PLACEMENT_3D('',#109,#110,#111);
#109 = CARTESIAN_POINT('',(0.,0.,0.));
#110 = DIRECTION('',(0.,0.,1.));
#111 = DIRECTION('',(1.,0.,0.));
#112 = AXIS2_PLACEMENT_3D('',#113,#114,#115);
#113 = CARTESIAN_POINT('',(0.,0.,0.));
#114 = DIRECTION('',(0.,0.,1.));
#115 = DIRECTION('',(1.,0.,0.));
#116 = AXIS2_PLACEMENT_3D('',#117,#118,#119);
#117 = CARTESIAN_POINT('',(0.,0.,0.));
#118 = DIRECTION('',(0.,0.,1.));
#119 = DIRECTION('',(1.,0.,0.));
#120 = AXIS2_PLACEMENT_3D('',#121,#122,#123);
#121 = CARTESIAN_POINT('',(0.,0.,0.));
#122 = DIRECTION('',(0.,0.,1.));
#123 = DIRECTION('',(1.,0.,0.));
#124 = ( GEOMETRIC_REPRESENTATION_CONTEXT(3) 
GLOBAL_UNCERTAINTY_ASSIGNED_CONTEXT((#128)) GLOBAL_UNIT_ASSIGNED_CONTEXT
((#125,#126,#127)) REPRESENTATION_CONTEXT('Context #1',
  '3D Context with UNIT and UNCERTAINTY') );
#125 = ( LENGTH_UNIT() NAMED_UNIT(*) SI_UNIT(.MILLI.,.METRE.) );
#126 = ( NAMED_UNIT(*) PLANE_ANGLE_UNIT() SI_UNIT($,.RADIAN.) );
#127 = ( NAMED_UNIT(*) SI_UNIT($,.STERADIAN.) SOLID_ANGLE_UNIT() );
#128 = UNCERTAINTY_MEASURE_WITH_UNIT(LENGTH_MEASURE(1.E-07),#125,
  'distance_accuracy_value','confusion accuracy');
#129 = CONTEXT_DEPENDENT_SHAPE_REPRESENTATION(#130,#132);
#130 = ( REPRESENTATION_RELATIONSHIP('','',#75,#52) 
REPRESENTATION_RELATIONSHIP_WITH_TRANSFORMATION(#131) 
SHAPE_REPRESENTATION_RELATIONSHIP() );
#131 = ITEM_DEFINED_TRANSFORMATION('','',#11,#53);
#132 = PRODUCT_DEFINITION_SHAPE('Placement','Placement of an item',#133
  );
#133 = NEXT_ASSEMBLY_USAGE_OCCURRENCE('13','=>[0:1:1:3]','',#47,#70,$);
#134 = PRODUCT_RELATED_PRODUCT_CATEGORY('part',$,(#72));
#135 = SHAPE_DEFINITION_REPRESENTATION(#136,#142);
#136 = PRODUCT_DEFINITION_SHAPE('','',#137);
#137 = PRODUCT_DEFINITION('design','',#138,#141);
#138 = PRODUCT_DEFINITION_FORMATION('','',#139);
#139 = PRODUCT('black_plastic_body','black_plastic_body','',(#140));
#140 = PRODUCT_CONTEXT('',#2,'mechanical');
#141 = PRODUCT_DEFINITION_CONTEXT('part definition',#2,'design');
#142 = ADVANCED_BREP_SHAPE_REPRESENTATION('',(#11,#143),#846);
#143 = MANIFOLD_SOLID_BREP('',#144);
#144 = CLOSED_SHELL('',(#145,#185,#252,#277,#310,#429,#457,#481,#498,
    #521,#533,#557,#581,#614,#638,#663,#687,#712,#736,#762,#787,#804,
    #821,#837));
#145 = ADVANCED_FACE('',(#146),#180,.F.);
#146 = FACE_BOUND('',#147,.F.);
#147 = EDGE_LOOP('',(#148,#158,#166,#174));
#148 = ORIENTED_EDGE('',*,*,#149,.F.);
#149 = EDGE_CURVE('',#150,#152,#154,.T.);
#150 = VERTEX_POINT('',#151);
#151 = CARTESIAN_POINT('',(-4.95,0.25,9.8));
#152 = VERTEX_POINT('',#153);
#153 = CARTESIAN_POINT('',(-4.95,0.9,9.8));
#154 = LINE('',#155,#156);
#155 = CARTESIAN_POINT('',(-4.95,0.,9.8));
#156 = VECTOR('',#157,1.);
#157 = DIRECTION('',(0.,1.,0.));
#158 = ORIENTED_EDGE('',*,*,#159,.F.);
#159 = EDGE_CURVE('',#160,#150,#162,.T.);
#160 = VERTEX_POINT('',#161);
#161 = CARTESIAN_POINT('',(-4.95,0.25,0.));
#162 = LINE('',#163,#164);
#163 = CARTESIAN_POINT('',(-4.95,0.25,0.));
#164 = VECTOR('',#165,1.);
#165 = DIRECTION('',(0.,0.,1.));
#166 = ORIENTED_EDGE('',*,*,#167,.T.);
#167 = EDGE_CURVE('',#160,#168,#170,.T.);
#168 = VERTEX_POINT('',#169);
#169 = CARTESIAN_POINT('',(-4.95,0.9,0.));
#170 = LINE('',#171,#172);
#171 = CARTESIAN_POINT('',(-4.95,0.,0.));
#172 = VECTOR('',#173,1.);
#173 = DIRECTION('',(0.,1.,0.));
#174 = ORIENTED_EDGE('',*,*,#175,.T.);
#175 = EDGE_CURVE('',#168,#152,#176,.T.);
#176 = LINE('',#177,#178);
#177 = CARTESIAN_POINT('',(-4.95,0.9,0.));
#178 = VECTOR('',#179,1.);
#179 = DIRECTION('',(0.,0.,1.));
#180 = PLANE('',#181);
#181 = AXIS2_PLACEMENT_3D('',#182,#183,#184);
#182 = CARTESIAN_POINT('',(-4.95,0.,0.));
#183 = DIRECTION('',(1.,0.,0.));
#184 = DIRECTION('',(0.,0.,1.));
#185 = ADVANCED_FACE('',(#186),#247,.T.);
#186 = FACE_BOUND('',#187,.T.);
#187 = EDGE_LOOP('',(#188,#189,#198,#206,#215,#223,#232,#240));
#188 = ORIENTED_EDGE('',*,*,#149,.F.);
#189 = ORIENTED_EDGE('',*,*,#190,.T.);
#190 = EDGE_CURVE('',#150,#191,#193,.T.);
#191 = VERTEX_POINT('',#192);
#192 = CARTESIAN_POINT('',(-4.7,-5.551115123126E-17,9.8));
#193 = CIRCLE('',#194,0.25);
#194 = AXIS2_PLACEMENT_3D('',#195,#196,#197);
#195 = CARTESIAN_POINT('',(-4.7,0.25,9.8));
#196 = DIRECTION('',(0.,0.,1.));
#197 = DIRECTION('',(0.,-1.,0.));
#198 = ORIENTED_EDGE('',*,*,#199,.T.);
#199 = EDGE_CURVE('',#191,#200,#202,.T.);
#200 = VERTEX_POINT('',#201);
#201 = CARTESIAN_POINT('',(4.7,-5.551115123126E-17,9.8));
#202 = LINE('',#203,#204);
#203 = CARTESIAN_POINT('',(-4.95,0.,9.8));
#204 = VECTOR('',#205,1.);
#205 = DIRECTION('',(1.,0.,0.));
#206 = ORIENTED_EDGE('',*,*,#207,.F.);
#207 = EDGE_CURVE('',#208,#200,#210,.T.);
#208 = VERTEX_POINT('',#209);
#209 = CARTESIAN_POINT('',(4.95,0.25,9.8));
#210 = CIRCLE('',#211,0.25);
#211 = AXIS2_PLACEMENT_3D('',#212,#213,#214);
#212 = CARTESIAN_POINT('',(4.7,0.25,9.8));
#213 = DIRECTION('',(-0.,-0.,-1.));
#214 = DIRECTION('',(0.,-1.,0.));
#215 = ORIENTED_EDGE('',*,*,#216,.T.);
#216 = EDGE_CURVE('',#208,#217,#219,.T.);
#217 = VERTEX_POINT('',#218);
#218 = CARTESIAN_POINT('',(4.95,0.9,9.8));
#219 = LINE('',#220,#221);
#220 = CARTESIAN_POINT('',(4.95,0.,9.8));
#221 = VECTOR('',#222,1.);
#222 = DIRECTION('',(0.,1.,0.));
#223 = ORIENTED_EDGE('',*,*,#224,.T.);
#224 = EDGE_CURVE('',#217,#225,#227,.T.);
#225 = VERTEX_POINT('',#226);
#226 = CARTESIAN_POINT('',(4.7,1.15,9.8));
#227 = CIRCLE('',#228,0.25);
#228 = AXIS2_PLACEMENT_3D('',#229,#230,#231);
#229 = CARTESIAN_POINT('',(4.7,0.9,9.8));
#230 = DIRECTION('',(0.,0.,1.));
#231 = DIRECTION('',(0.,-1.,0.));
#232 = ORIENTED_EDGE('',*,*,#233,.F.);
#233 = EDGE_CURVE('',#234,#225,#236,.T.);
#234 = VERTEX_POINT('',#235);
#235 = CARTESIAN_POINT('',(-4.7,1.15,9.8));
#236 = LINE('',#237,#238);
#237 = CARTESIAN_POINT('',(-4.95,1.15,9.8));
#238 = VECTOR('',#239,1.);
#239 = DIRECTION('',(1.,0.,0.));
#240 = ORIENTED_EDGE('',*,*,#241,.F.);
#241 = EDGE_CURVE('',#152,#234,#242,.T.);
#242 = CIRCLE('',#243,0.25);
#243 = AXIS2_PLACEMENT_3D('',#244,#245,#246);
#244 = CARTESIAN_POINT('',(-4.7,0.9,9.8));
#245 = DIRECTION('',(-0.,-0.,-1.));
#246 = DIRECTION('',(0.,-1.,0.));
#247 = PLANE('',#248);
#248 = AXIS2_PLACEMENT_3D('',#249,#250,#251);
#249 = CARTESIAN_POINT('',(-4.95,0.,9.8));
#250 = DIRECTION('',(0.,0.,1.));
#251 = DIRECTION('',(1.,0.,-0.));
#252 = ADVANCED_FACE('',(#253),#272,.T.);
#253 = FACE_BOUND('',#254,.T.);
#254 = EDGE_LOOP('',(#255,#264,#270,#271));
#255 = ORIENTED_EDGE('',*,*,#256,.T.);
#256 = EDGE_CURVE('',#160,#257,#259,.T.);
#257 = VERTEX_POINT('',#258);
#258 = CARTESIAN_POINT('',(-4.7,-5.551115123126E-17,0.));
#259 = CIRCLE('',#260,0.25);
#260 = AXIS2_PLACEMENT_3D('',#261,#262,#263);
#261 = CARTESIAN_POINT('',(-4.7,0.25,0.));
#262 = DIRECTION('',(0.,0.,1.));
#263 = DIRECTION('',(0.,-1.,0.));
#264 = ORIENTED_EDGE('',*,*,#265,.T.);
#265 = EDGE_CURVE('',#257,#191,#266,.T.);
#266 = LINE('',#267,#268);
#267 = CARTESIAN_POINT('',(-4.7,-5.551115123126E-17,0.));
#268 = VECTOR('',#269,1.);
#269 = DIRECTION('',(0.,0.,1.));
#270 = ORIENTED_EDGE('',*,*,#190,.F.);
#271 = ORIENTED_EDGE('',*,*,#159,.F.);
#272 = CYLINDRICAL_SURFACE('',#273,0.25);
#273 = AXIS2_PLACEMENT_3D('',#274,#275,#276);
#274 = CARTESIAN_POINT('',(-4.7,0.25,0.));
#275 = DIRECTION('',(0.,0.,1.));
#276 = DIRECTION('',(-1.,-0.,0.));
#277 = ADVANCED_FACE('',(#278),#305,.T.);
#278 = FACE_BOUND('',#279,.T.);
#279 = EDGE_LOOP('',(#280,#281,#282,#290,#298));
#280 = ORIENTED_EDGE('',*,*,#175,.T.);
#281 = ORIENTED_EDGE('',*,*,#241,.T.);
#282 = ORIENTED_EDGE('',*,*,#283,.F.);
#283 = EDGE_CURVE('',#284,#234,#286,.T.);
#284 = VERTEX_POINT('',#285);
#285 = CARTESIAN_POINT('',(-4.7,1.15,9.55));
#286 = LINE('',#287,#288);
#287 = CARTESIAN_POINT('',(-4.7,1.15,0.));
#288 = VECTOR('',#289,1.);
#289 = DIRECTION('',(0.,0.,1.));
#290 = ORIENTED_EDGE('',*,*,#291,.F.);
#291 = EDGE_CURVE('',#292,#284,#294,.T.);
#292 = VERTEX_POINT('',#293);
#293 = CARTESIAN_POINT('',(-4.7,1.15,0.));
#294 = LINE('',#295,#296);
#295 = CARTESIAN_POINT('',(-4.7,1.15,0.));
#296 = VECTOR('',#297,1.);
#297 = DIRECTION('',(0.,0.,1.));
#298 = ORIENTED_EDGE('',*,*,#299,.F.);
#299 = EDGE_CURVE('',#168,#292,#300,.T.);
#300 = CIRCLE('',#301,0.25);
#301 = AXIS2_PLACEMENT_3D('',#302,#303,#304);
#302 = CARTESIAN_POINT('',(-4.7,0.9,0.));
#303 = DIRECTION('',(-0.,-0.,-1.));
#304 = DIRECTION('',(0.,-1.,0.));
#305 = CYLINDRICAL_SURFACE('',#306,0.25);
#306 = AXIS2_PLACEMENT_3D('',#307,#308,#309);
#307 = CARTESIAN_POINT('',(-4.7,0.9,0.));
#308 = DIRECTION('',(0.,0.,1.));
#309 = DIRECTION('',(-1.,-0.,0.));
#310 = ADVANCED_FACE('',(#311),#424,.F.);
#311 = FACE_BOUND('',#312,.F.);
#312 = EDGE_LOOP('',(#313,#314,#315,#323,#332,#340,#349,#357,#366,#374,
    #383,#391,#400,#408,#417,#423));
#313 = ORIENTED_EDGE('',*,*,#167,.F.);
#314 = ORIENTED_EDGE('',*,*,#256,.T.);
#315 = ORIENTED_EDGE('',*,*,#316,.T.);
#316 = EDGE_CURVE('',#257,#317,#319,.T.);
#317 = VERTEX_POINT('',#318);
#318 = CARTESIAN_POINT('',(4.7,-5.551115123126E-17,0.));
#319 = LINE('',#320,#321);
#320 = CARTESIAN_POINT('',(-4.95,0.,0.));
#321 = VECTOR('',#322,1.);
#322 = DIRECTION('',(1.,0.,0.));
#323 = ORIENTED_EDGE('',*,*,#324,.F.);
#324 = EDGE_CURVE('',#325,#317,#327,.T.);
#325 = VERTEX_POINT('',#326);
#326 = CARTESIAN_POINT('',(4.95,0.25,0.));
#327 = CIRCLE('',#328,0.25);
#328 = AXIS2_PLACEMENT_3D('',#329,#330,#331);
#329 = CARTESIAN_POINT('',(4.7,0.25,0.));
#330 = DIRECTION('',(-0.,-0.,-1.));
#331 = DIRECTION('',(0.,-1.,0.));
#332 = ORIENTED_EDGE('',*,*,#333,.T.);
#333 = EDGE_CURVE('',#325,#334,#336,.T.);
#334 = VERTEX_POINT('',#335);
#335 = CARTESIAN_POINT('',(4.95,0.9,0.));
#336 = LINE('',#337,#338);
#337 = CARTESIAN_POINT('',(4.95,0.,0.));
#338 = VECTOR('',#339,1.);
#339 = DIRECTION('',(0.,1.,0.));
#340 = ORIENTED_EDGE('',*,*,#341,.T.);
#341 = EDGE_CURVE('',#334,#342,#344,.T.);
#342 = VERTEX_POINT('',#343);
#343 = CARTESIAN_POINT('',(4.7,1.15,0.));
#344 = CIRCLE('',#345,0.25);
#345 = AXIS2_PLACEMENT_3D('',#346,#347,#348);
#346 = CARTESIAN_POINT('',(4.7,0.9,0.));
#347 = DIRECTION('',(0.,0.,1.));
#348 = DIRECTION('',(0.,-1.,0.));
#349 = ORIENTED_EDGE('',*,*,#350,.T.);
#350 = EDGE_CURVE('',#342,#351,#353,.T.);
#351 = VERTEX_POINT('',#352);
#352 = CARTESIAN_POINT('',(4.7,11.65,0.));
#353 = LINE('',#354,#355);
#354 = CARTESIAN_POINT('',(4.7,1.15,0.));
#355 = VECTOR('',#356,1.);
#356 = DIRECTION('',(0.,1.,0.));
#357 = ORIENTED_EDGE('',*,*,#358,.F.);
#358 = EDGE_CURVE('',#359,#351,#361,.T.);
#359 = VERTEX_POINT('',#360);
#360 = CARTESIAN_POINT('',(4.95,11.9,0.));
#361 = CIRCLE('',#362,0.25);
#362 = AXIS2_PLACEMENT_3D('',#363,#364,#365);
#363 = CARTESIAN_POINT('',(4.7,11.9,0.));
#364 = DIRECTION('',(-0.,-0.,-1.));
#365 = DIRECTION('',(0.,-1.,0.));
#366 = ORIENTED_EDGE('',*,*,#367,.T.);
#367 = EDGE_CURVE('',#359,#368,#370,.T.);
#368 = VERTEX_POINT('',#369);
#369 = CARTESIAN_POINT('',(4.95,12.15,0.));
#370 = LINE('',#371,#372);
#371 = CARTESIAN_POINT('',(4.95,11.65,0.));
#372 = VECTOR('',#373,1.);
#373 = DIRECTION('',(0.,1.,0.));
#374 = ORIENTED_EDGE('',*,*,#375,.T.);
#375 = EDGE_CURVE('',#368,#376,#378,.T.);
#376 = VERTEX_POINT('',#377);
#377 = CARTESIAN_POINT('',(4.7,12.4,0.));
#378 = CIRCLE('',#379,0.25);
#379 = AXIS2_PLACEMENT_3D('',#380,#381,#382);
#380 = CARTESIAN_POINT('',(4.7,12.15,0.));
#381 = DIRECTION('',(0.,0.,1.));
#382 = DIRECTION('',(0.,-1.,0.));
#383 = ORIENTED_EDGE('',*,*,#384,.F.);
#384 = EDGE_CURVE('',#385,#376,#387,.T.);
#385 = VERTEX_POINT('',#386);
#386 = CARTESIAN_POINT('',(-4.7,12.4,0.));
#387 = LINE('',#388,#389);
#388 = CARTESIAN_POINT('',(-4.95,12.4,0.));
#389 = VECTOR('',#390,1.);
#390 = DIRECTION('',(1.,0.,0.));
#391 = ORIENTED_EDGE('',*,*,#392,.F.);
#392 = EDGE_CURVE('',#393,#385,#395,.T.);
#393 = VERTEX_POINT('',#394);
#394 = CARTESIAN_POINT('',(-4.95,12.15,0.));
#395 = CIRCLE('',#396,0.25);
#396 = AXIS2_PLACEMENT_3D('',#397,#398,#399);
#397 = CARTESIAN_POINT('',(-4.7,12.15,0.));
#398 = DIRECTION('',(-0.,-0.,-1.));
#399 = DIRECTION('',(0.,-1.,0.));
#400 = ORIENTED_EDGE('',*,*,#401,.F.);
#401 = EDGE_CURVE('',#402,#393,#404,.T.);
#402 = VERTEX_POINT('',#403);
#403 = CARTESIAN_POINT('',(-4.95,11.9,0.));
#404 = LINE('',#405,#406);
#405 = CARTESIAN_POINT('',(-4.95,11.65,0.));
#406 = VECTOR('',#407,1.);
#407 = DIRECTION('',(0.,1.,0.));
#408 = ORIENTED_EDGE('',*,*,#409,.T.);
#409 = EDGE_CURVE('',#402,#410,#412,.T.);
#410 = VERTEX_POINT('',#411);
#411 = CARTESIAN_POINT('',(-4.7,11.65,0.));
#412 = CIRCLE('',#413,0.25);
#413 = AXIS2_PLACEMENT_3D('',#414,#415,#416);
#414 = CARTESIAN_POINT('',(-4.7,11.9,0.));
#415 = DIRECTION('',(0.,0.,1.));
#416 = DIRECTION('',(0.,-1.,0.));
#417 = ORIENTED_EDGE('',*,*,#418,.F.);
#418 = EDGE_CURVE('',#292,#410,#419,.T.);
#419 = LINE('',#420,#421);
#420 = CARTESIAN_POINT('',(-4.7,1.15,0.));
#421 = VECTOR('',#422,1.);
#422 = DIRECTION('',(0.,1.,0.));
#423 = ORIENTED_EDGE('',*,*,#299,.F.);
#424 = PLANE('',#425);
#425 = AXIS2_PLACEMENT_3D('',#426,#427,#428);
#426 = CARTESIAN_POINT('',(-4.95,0.,0.));
#427 = DIRECTION('',(0.,0.,1.));
#428 = DIRECTION('',(1.,0.,-0.));
#429 = ADVANCED_FACE('',(#430,#441),#452,.F.);
#430 = FACE_BOUND('',#431,.F.);
#431 = EDGE_LOOP('',(#432,#433,#434,#435));
#432 = ORIENTED_EDGE('',*,*,#316,.F.);
#433 = ORIENTED_EDGE('',*,*,#265,.T.);
#434 = ORIENTED_EDGE('',*,*,#199,.T.);
#435 = ORIENTED_EDGE('',*,*,#436,.F.);
#436 = EDGE_CURVE('',#317,#200,#437,.T.);
#437 = LINE('',#438,#439);
#438 = CARTESIAN_POINT('',(4.7,-5.551115123126E-17,0.));
#439 = VECTOR('',#440,1.);
#440 = DIRECTION('',(0.,0.,1.));
#441 = FACE_BOUND('',#442,.F.);
#442 = EDGE_LOOP('',(#443));
#443 = ORIENTED_EDGE('',*,*,#444,.F.);
#444 = EDGE_CURVE('',#445,#445,#447,.T.);
#445 = VERTEX_POINT('',#446);
#446 = CARTESIAN_POINT('',(-9.184850993605E-16,0.,8.65));
#447 = CIRCLE('',#448,3.75);
#448 = AXIS2_PLACEMENT_3D('',#449,#450,#451);
#449 = CARTESIAN_POINT('',(0.,0.,4.9));
#450 = DIRECTION('',(0.,1.,0.));
#451 = DIRECTION('',(0.,-0.,1.));
#452 = PLANE('',#453);
#453 = AXIS2_PLACEMENT_3D('',#454,#455,#456);
#454 = CARTESIAN_POINT('',(-4.95,0.,0.));
#455 = DIRECTION('',(0.,1.,0.));
#456 = DIRECTION('',(0.,-0.,1.));
#457 = ADVANCED_FACE('',(#458),#476,.T.);
#458 = FACE_BOUND('',#459,.T.);
#459 = EDGE_LOOP('',(#460,#468,#469,#470));
#460 = ORIENTED_EDGE('',*,*,#461,.F.);
#461 = EDGE_CURVE('',#284,#462,#464,.T.);
#462 = VERTEX_POINT('',#463);
#463 = CARTESIAN_POINT('',(4.7,1.15,9.55));
#464 = LINE('',#465,#466);
#465 = CARTESIAN_POINT('',(-4.7,1.15,9.55));
#466 = VECTOR('',#467,1.);
#467 = DIRECTION('',(1.,0.,0.));
#468 = ORIENTED_EDGE('',*,*,#283,.T.);
#469 = ORIENTED_EDGE('',*,*,#233,.T.);
#470 = ORIENTED_EDGE('',*,*,#471,.F.);
#471 = EDGE_CURVE('',#462,#225,#472,.T.);
#472 = LINE('',#473,#474);
#473 = CARTESIAN_POINT('',(4.7,1.15,0.));
#474 = VECTOR('',#475,1.);
#475 = DIRECTION('',(0.,0.,1.));
#476 = PLANE('',#477);
#477 = AXIS2_PLACEMENT_3D('',#478,#479,#480);
#478 = CARTESIAN_POINT('',(-4.95,1.15,0.));
#479 = DIRECTION('',(0.,1.,0.));
#480 = DIRECTION('',(0.,-0.,1.));
#481 = ADVANCED_FACE('',(#482),#493,.T.);
#482 = FACE_BOUND('',#483,.T.);
#483 = EDGE_LOOP('',(#484,#490,#491,#492));
#484 = ORIENTED_EDGE('',*,*,#485,.T.);
#485 = EDGE_CURVE('',#325,#208,#486,.T.);
#486 = LINE('',#487,#488);
#487 = CARTESIAN_POINT('',(4.95,0.25,0.));
#488 = VECTOR('',#489,1.);
#489 = DIRECTION('',(0.,0.,1.));
#490 = ORIENTED_EDGE('',*,*,#207,.T.);
#491 = ORIENTED_EDGE('',*,*,#436,.F.);
#492 = ORIENTED_EDGE('',*,*,#324,.F.);
#493 = CYLINDRICAL_SURFACE('',#494,0.25);
#494 = AXIS2_PLACEMENT_3D('',#495,#496,#497);
#495 = CARTESIAN_POINT('',(4.7,0.25,0.));
#496 = DIRECTION('',(0.,0.,1.));
#497 = DIRECTION('',(1.,0.,-0.));
#498 = ADVANCED_FACE('',(#499),#516,.T.);
#499 = FACE_BOUND('',#500,.T.);
#500 = EDGE_LOOP('',(#501,#502,#508,#509,#510));
#501 = ORIENTED_EDGE('',*,*,#341,.T.);
#502 = ORIENTED_EDGE('',*,*,#503,.T.);
#503 = EDGE_CURVE('',#342,#462,#504,.T.);
#504 = LINE('',#505,#506);
#505 = CARTESIAN_POINT('',(4.7,1.15,0.));
#506 = VECTOR('',#507,1.);
#507 = DIRECTION('',(0.,0.,1.));
#508 = ORIENTED_EDGE('',*,*,#471,.T.);
#509 = ORIENTED_EDGE('',*,*,#224,.F.);
#510 = ORIENTED_EDGE('',*,*,#511,.F.);
#511 = EDGE_CURVE('',#334,#217,#512,.T.);
#512 = LINE('',#513,#514);
#513 = CARTESIAN_POINT('',(4.95,0.9,0.));
#514 = VECTOR('',#515,1.);
#515 = DIRECTION('',(0.,0.,1.));
#516 = CYLINDRICAL_SURFACE('',#517,0.25);
#517 = AXIS2_PLACEMENT_3D('',#518,#519,#520);
#518 = CARTESIAN_POINT('',(4.7,0.9,0.));
#519 = DIRECTION('',(0.,0.,1.));
#520 = DIRECTION('',(1.,0.,-0.));
#521 = ADVANCED_FACE('',(#522),#528,.T.);
#522 = FACE_BOUND('',#523,.T.);
#523 = EDGE_LOOP('',(#524,#525,#526,#527));
#524 = ORIENTED_EDGE('',*,*,#216,.F.);
#525 = ORIENTED_EDGE('',*,*,#485,.F.);
#526 = ORIENTED_EDGE('',*,*,#333,.T.);
#527 = ORIENTED_EDGE('',*,*,#511,.T.);
#528 = PLANE('',#529);
#529 = AXIS2_PLACEMENT_3D('',#530,#531,#532);
#530 = CARTESIAN_POINT('',(4.95,0.,0.));
#531 = DIRECTION('',(1.,0.,0.));
#532 = DIRECTION('',(0.,0.,1.));
#533 = ADVANCED_FACE('',(#534),#552,.F.);
#534 = FACE_BOUND('',#535,.F.);
#535 = EDGE_LOOP('',(#536,#537,#538,#546));
#536 = ORIENTED_EDGE('',*,*,#291,.F.);
#537 = ORIENTED_EDGE('',*,*,#418,.T.);
#538 = ORIENTED_EDGE('',*,*,#539,.T.);
#539 = EDGE_CURVE('',#410,#540,#542,.T.);
#540 = VERTEX_POINT('',#541);
#541 = CARTESIAN_POINT('',(-4.7,11.65,9.55));
#542 = LINE('',#543,#544);
#543 = CARTESIAN_POINT('',(-4.7,11.65,0.));
#544 = VECTOR('',#545,1.);
#545 = DIRECTION('',(0.,0.,1.));
#546 = ORIENTED_EDGE('',*,*,#547,.F.);
#547 = EDGE_CURVE('',#284,#540,#548,.T.);
#548 = LINE('',#549,#550);
#549 = CARTESIAN_POINT('',(-4.7,1.15,9.55));
#550 = VECTOR('',#551,1.);
#551 = DIRECTION('',(0.,1.,0.));
#552 = PLANE('',#553);
#553 = AXIS2_PLACEMENT_3D('',#554,#555,#556);
#554 = CARTESIAN_POINT('',(-4.7,1.15,0.));
#555 = DIRECTION('',(1.,0.,0.));
#556 = DIRECTION('',(0.,0.,1.));
#557 = ADVANCED_FACE('',(#558),#576,.T.);
#558 = FACE_BOUND('',#559,.T.);
#559 = EDGE_LOOP('',(#560,#561,#562,#570));
#560 = ORIENTED_EDGE('',*,*,#503,.F.);
#561 = ORIENTED_EDGE('',*,*,#350,.T.);
#562 = ORIENTED_EDGE('',*,*,#563,.T.);
#563 = EDGE_CURVE('',#351,#564,#566,.T.);
#564 = VERTEX_POINT('',#565);
#565 = CARTESIAN_POINT('',(4.7,11.65,9.55));
#566 = LINE('',#567,#568);
#567 = CARTESIAN_POINT('',(4.7,11.65,0.));
#568 = VECTOR('',#569,1.);
#569 = DIRECTION('',(0.,0.,1.));
#570 = ORIENTED_EDGE('',*,*,#571,.F.);
#571 = EDGE_CURVE('',#462,#564,#572,.T.);
#572 = LINE('',#573,#574);
#573 = CARTESIAN_POINT('',(4.7,1.15,9.55));
#574 = VECTOR('',#575,1.);
#575 = DIRECTION('',(0.,1.,0.));
#576 = PLANE('',#577);
#577 = AXIS2_PLACEMENT_3D('',#578,#579,#580);
#578 = CARTESIAN_POINT('',(4.7,1.15,0.));
#579 = DIRECTION('',(1.,0.,0.));
#580 = DIRECTION('',(0.,0.,1.));
#581 = ADVANCED_FACE('',(#582),#609,.T.);
#582 = FACE_BOUND('',#583,.T.);
#583 = EDGE_LOOP('',(#584,#592,#601,#607,#608));
#584 = ORIENTED_EDGE('',*,*,#585,.T.);
#585 = EDGE_CURVE('',#359,#586,#588,.T.);
#586 = VERTEX_POINT('',#587);
#587 = CARTESIAN_POINT('',(4.95,11.9,9.8));
#588 = LINE('',#589,#590);
#589 = CARTESIAN_POINT('',(4.95,11.9,0.));
#590 = VECTOR('',#591,1.);
#591 = DIRECTION('',(0.,0.,1.));
#592 = ORIENTED_EDGE('',*,*,#593,.T.);
#593 = EDGE_CURVE('',#586,#594,#596,.T.);
#594 = VERTEX_POINT('',#595);
#595 = CARTESIAN_POINT('',(4.7,11.65,9.8));
#596 = CIRCLE('',#597,0.25);
#597 = AXIS2_PLACEMENT_3D('',#598,#599,#600);
#598 = CARTESIAN_POINT('',(4.7,11.9,9.8));
#599 = DIRECTION('',(-0.,-0.,-1.));
#600 = DIRECTION('',(0.,-1.,0.));
#601 = ORIENTED_EDGE('',*,*,#602,.F.);
#602 = EDGE_CURVE('',#564,#594,#603,.T.);
#603 = LINE('',#604,#605);
#604 = CARTESIAN_POINT('',(4.7,11.65,0.));
#605 = VECTOR('',#606,1.);
#606 = DIRECTION('',(0.,0.,1.));
#607 = ORIENTED_EDGE('',*,*,#563,.F.);
#608 = ORIENTED_EDGE('',*,*,#358,.F.);
#609 = CYLINDRICAL_SURFACE('',#610,0.25);
#610 = AXIS2_PLACEMENT_3D('',#611,#612,#613);
#611 = CARTESIAN_POINT('',(4.7,11.9,0.));
#612 = DIRECTION('',(0.,0.,1.));
#613 = DIRECTION('',(1.,0.,-0.));
#614 = ADVANCED_FACE('',(#615),#633,.T.);
#615 = FACE_BOUND('',#616,.T.);
#616 = EDGE_LOOP('',(#617,#625,#626,#627));
#617 = ORIENTED_EDGE('',*,*,#618,.F.);
#618 = EDGE_CURVE('',#586,#619,#621,.T.);
#619 = VERTEX_POINT('',#620);
#620 = CARTESIAN_POINT('',(4.95,12.15,9.8));
#621 = LINE('',#622,#623);
#622 = CARTESIAN_POINT('',(4.95,11.65,9.8));
#623 = VECTOR('',#624,1.);
#624 = DIRECTION('',(0.,1.,0.));
#625 = ORIENTED_EDGE('',*,*,#585,.F.);
#626 = ORIENTED_EDGE('',*,*,#367,.T.);
#627 = ORIENTED_EDGE('',*,*,#628,.T.);
#628 = EDGE_CURVE('',#368,#619,#629,.T.);
#629 = LINE('',#630,#631);
#630 = CARTESIAN_POINT('',(4.95,12.15,0.));
#631 = VECTOR('',#632,1.);
#632 = DIRECTION('',(0.,0.,1.));
#633 = PLANE('',#634);
#634 = AXIS2_PLACEMENT_3D('',#635,#636,#637);
#635 = CARTESIAN_POINT('',(4.95,11.65,0.));
#636 = DIRECTION('',(1.,0.,0.));
#637 = DIRECTION('',(0.,0.,1.));
#638 = ADVANCED_FACE('',(#639),#658,.T.);
#639 = FACE_BOUND('',#640,.T.);
#640 = EDGE_LOOP('',(#641,#642,#650,#657));
#641 = ORIENTED_EDGE('',*,*,#375,.T.);
#642 = ORIENTED_EDGE('',*,*,#643,.T.);
#643 = EDGE_CURVE('',#376,#644,#646,.T.);
#644 = VERTEX_POINT('',#645);
#645 = CARTESIAN_POINT('',(4.7,12.4,9.8));
#646 = LINE('',#647,#648);
#647 = CARTESIAN_POINT('',(4.7,12.4,0.));
#648 = VECTOR('',#649,1.);
#649 = DIRECTION('',(0.,0.,1.));
#650 = ORIENTED_EDGE('',*,*,#651,.F.);
#651 = EDGE_CURVE('',#619,#644,#652,.T.);
#652 = CIRCLE('',#653,0.25);
#653 = AXIS2_PLACEMENT_3D('',#654,#655,#656);
#654 = CARTESIAN_POINT('',(4.7,12.15,9.8));
#655 = DIRECTION('',(0.,0.,1.));
#656 = DIRECTION('',(0.,-1.,0.));
#657 = ORIENTED_EDGE('',*,*,#628,.F.);
#658 = CYLINDRICAL_SURFACE('',#659,0.25);
#659 = AXIS2_PLACEMENT_3D('',#660,#661,#662);
#660 = CARTESIAN_POINT('',(4.7,12.15,0.));
#661 = DIRECTION('',(0.,0.,1.));
#662 = DIRECTION('',(1.,0.,-0.));
#663 = ADVANCED_FACE('',(#664),#682,.T.);
#664 = FACE_BOUND('',#665,.T.);
#665 = EDGE_LOOP('',(#666,#667,#675,#681));
#666 = ORIENTED_EDGE('',*,*,#384,.F.);
#667 = ORIENTED_EDGE('',*,*,#668,.T.);
#668 = EDGE_CURVE('',#385,#669,#671,.T.);
#669 = VERTEX_POINT('',#670);
#670 = CARTESIAN_POINT('',(-4.7,12.4,9.8));
#671 = LINE('',#672,#673);
#672 = CARTESIAN_POINT('',(-4.7,12.4,0.));
#673 = VECTOR('',#674,1.);
#674 = DIRECTION('',(0.,0.,1.));
#675 = ORIENTED_EDGE('',*,*,#676,.T.);
#676 = EDGE_CURVE('',#669,#644,#677,.T.);
#677 = LINE('',#678,#679);
#678 = CARTESIAN_POINT('',(-4.95,12.4,9.8));
#679 = VECTOR('',#680,1.);
#680 = DIRECTION('',(1.,0.,0.));
#681 = ORIENTED_EDGE('',*,*,#643,.F.);
#682 = PLANE('',#683);
#683 = AXIS2_PLACEMENT_3D('',#684,#685,#686);
#684 = CARTESIAN_POINT('',(-4.95,12.4,0.));
#685 = DIRECTION('',(0.,1.,0.));
#686 = DIRECTION('',(0.,-0.,1.));
#687 = ADVANCED_FACE('',(#688),#707,.T.);
#688 = FACE_BOUND('',#689,.T.);
#689 = EDGE_LOOP('',(#690,#698,#705,#706));
#690 = ORIENTED_EDGE('',*,*,#691,.T.);
#691 = EDGE_CURVE('',#393,#692,#694,.T.);
#692 = VERTEX_POINT('',#693);
#693 = CARTESIAN_POINT('',(-4.95,12.15,9.8));
#694 = LINE('',#695,#696);
#695 = CARTESIAN_POINT('',(-4.95,12.15,0.));
#696 = VECTOR('',#697,1.);
#697 = DIRECTION('',(0.,0.,1.));
#698 = ORIENTED_EDGE('',*,*,#699,.T.);
#699 = EDGE_CURVE('',#692,#669,#700,.T.);
#700 = CIRCLE('',#701,0.25);
#701 = AXIS2_PLACEMENT_3D('',#702,#703,#704);
#702 = CARTESIAN_POINT('',(-4.7,12.15,9.8));
#703 = DIRECTION('',(-0.,-0.,-1.));
#704 = DIRECTION('',(0.,-1.,0.));
#705 = ORIENTED_EDGE('',*,*,#668,.F.);
#706 = ORIENTED_EDGE('',*,*,#392,.F.);
#707 = CYLINDRICAL_SURFACE('',#708,0.25);
#708 = AXIS2_PLACEMENT_3D('',#709,#710,#711);
#709 = CARTESIAN_POINT('',(-4.7,12.15,0.));
#710 = DIRECTION('',(0.,0.,1.));
#711 = DIRECTION('',(-1.,-0.,0.));
#712 = ADVANCED_FACE('',(#713),#731,.F.);
#713 = FACE_BOUND('',#714,.F.);
#714 = EDGE_LOOP('',(#715,#723,#729,#730));
#715 = ORIENTED_EDGE('',*,*,#716,.F.);
#716 = EDGE_CURVE('',#717,#692,#719,.T.);
#717 = VERTEX_POINT('',#718);
#718 = CARTESIAN_POINT('',(-4.95,11.9,9.8));
#719 = LINE('',#720,#721);
#720 = CARTESIAN_POINT('',(-4.95,11.65,9.8));
#721 = VECTOR('',#722,1.);
#722 = DIRECTION('',(0.,1.,0.));
#723 = ORIENTED_EDGE('',*,*,#724,.F.);
#724 = EDGE_CURVE('',#402,#717,#725,.T.);
#725 = LINE('',#726,#727);
#726 = CARTESIAN_POINT('',(-4.95,11.9,0.));
#727 = VECTOR('',#728,1.);
#728 = DIRECTION('',(0.,0.,1.));
#729 = ORIENTED_EDGE('',*,*,#401,.T.);
#730 = ORIENTED_EDGE('',*,*,#691,.T.);
#731 = PLANE('',#732);
#732 = AXIS2_PLACEMENT_3D('',#733,#734,#735);
#733 = CARTESIAN_POINT('',(-4.95,11.65,0.));
#734 = DIRECTION('',(1.,0.,0.));
#735 = DIRECTION('',(0.,0.,1.));
#736 = ADVANCED_FACE('',(#737),#757,.T.);
#737 = FACE_BOUND('',#738,.T.);
#738 = EDGE_LOOP('',(#739,#740,#741,#749,#756));
#739 = ORIENTED_EDGE('',*,*,#409,.T.);
#740 = ORIENTED_EDGE('',*,*,#539,.T.);
#741 = ORIENTED_EDGE('',*,*,#742,.T.);
#742 = EDGE_CURVE('',#540,#743,#745,.T.);
#743 = VERTEX_POINT('',#744);
#744 = CARTESIAN_POINT('',(-4.7,11.65,9.8));
#745 = LINE('',#746,#747);
#746 = CARTESIAN_POINT('',(-4.7,11.65,0.));
#747 = VECTOR('',#748,1.);
#748 = DIRECTION('',(0.,0.,1.));
#749 = ORIENTED_EDGE('',*,*,#750,.F.);
#750 = EDGE_CURVE('',#717,#743,#751,.T.);
#751 = CIRCLE('',#752,0.25);
#752 = AXIS2_PLACEMENT_3D('',#753,#754,#755);
#753 = CARTESIAN_POINT('',(-4.7,11.9,9.8));
#754 = DIRECTION('',(0.,0.,1.));
#755 = DIRECTION('',(0.,-1.,0.));
#756 = ORIENTED_EDGE('',*,*,#724,.F.);
#757 = CYLINDRICAL_SURFACE('',#758,0.25);
#758 = AXIS2_PLACEMENT_3D('',#759,#760,#761);
#759 = CARTESIAN_POINT('',(-4.7,11.9,0.));
#760 = DIRECTION('',(0.,0.,1.));
#761 = DIRECTION('',(-1.,-0.,0.));
#762 = ADVANCED_FACE('',(#763),#782,.F.);
#763 = FACE_BOUND('',#764,.F.);
#764 = EDGE_LOOP('',(#765,#773,#780,#781));
#765 = ORIENTED_EDGE('',*,*,#766,.T.);
#766 = EDGE_CURVE('',#445,#767,#769,.T.);
#767 = VERTEX_POINT('',#768);
#768 = CARTESIAN_POINT('',(-9.184850993605E-16,8.65,8.65));
#769 = LINE('',#770,#771);
#770 = CARTESIAN_POINT('',(-9.184850993605E-16,-5.E-02,8.65));
#771 = VECTOR('',#772,1.);
#772 = DIRECTION('',(0.,1.,0.));
#773 = ORIENTED_EDGE('',*,*,#774,.F.);
#774 = EDGE_CURVE('',#767,#767,#775,.T.);
#775 = CIRCLE('',#776,3.75);
#776 = AXIS2_PLACEMENT_3D('',#777,#778,#779);
#777 = CARTESIAN_POINT('',(0.,8.65,4.9));
#778 = DIRECTION('',(0.,1.,0.));
#779 = DIRECTION('',(0.,-0.,1.));
#780 = ORIENTED_EDGE('',*,*,#766,.F.);
#781 = ORIENTED_EDGE('',*,*,#444,.T.);
#782 = CYLINDRICAL_SURFACE('',#783,3.75);
#783 = AXIS2_PLACEMENT_3D('',#784,#785,#786);
#784 = CARTESIAN_POINT('',(0.,-5.E-02,4.9));
#785 = DIRECTION('',(0.,1.,0.));
#786 = DIRECTION('',(0.,-0.,1.));
#787 = ADVANCED_FACE('',(#788),#799,.T.);
#788 = FACE_BOUND('',#789,.T.);
#789 = EDGE_LOOP('',(#790,#791,#792,#793));
#790 = ORIENTED_EDGE('',*,*,#547,.F.);
#791 = ORIENTED_EDGE('',*,*,#461,.T.);
#792 = ORIENTED_EDGE('',*,*,#571,.T.);
#793 = ORIENTED_EDGE('',*,*,#794,.F.);
#794 = EDGE_CURVE('',#540,#564,#795,.T.);
#795 = LINE('',#796,#797);
#796 = CARTESIAN_POINT('',(-4.7,11.65,9.55));
#797 = VECTOR('',#798,1.);
#798 = DIRECTION('',(1.,0.,0.));
#799 = PLANE('',#800);
#800 = AXIS2_PLACEMENT_3D('',#801,#802,#803);
#801 = CARTESIAN_POINT('',(-4.7,1.15,9.55));
#802 = DIRECTION('',(0.,0.,1.));
#803 = DIRECTION('',(1.,0.,-0.));
#804 = ADVANCED_FACE('',(#805),#816,.F.);
#805 = FACE_BOUND('',#806,.F.);
#806 = EDGE_LOOP('',(#807,#808,#809,#815));
#807 = ORIENTED_EDGE('',*,*,#794,.F.);
#808 = ORIENTED_EDGE('',*,*,#742,.T.);
#809 = ORIENTED_EDGE('',*,*,#810,.T.);
#810 = EDGE_CURVE('',#743,#594,#811,.T.);
#811 = LINE('',#812,#813);
#812 = CARTESIAN_POINT('',(-4.95,11.65,9.8));
#813 = VECTOR('',#814,1.);
#814 = DIRECTION('',(1.,0.,0.));
#815 = ORIENTED_EDGE('',*,*,#602,.F.);
#816 = PLANE('',#817);
#817 = AXIS2_PLACEMENT_3D('',#818,#819,#820);
#818 = CARTESIAN_POINT('',(-4.95,11.65,0.));
#819 = DIRECTION('',(0.,1.,0.));
#820 = DIRECTION('',(0.,-0.,1.));
#821 = ADVANCED_FACE('',(#822),#832,.T.);
#822 = FACE_BOUND('',#823,.T.);
#823 = EDGE_LOOP('',(#824,#825,#826,#827,#828,#829,#830,#831));
#824 = ORIENTED_EDGE('',*,*,#716,.F.);
#825 = ORIENTED_EDGE('',*,*,#750,.T.);
#826 = ORIENTED_EDGE('',*,*,#810,.T.);
#827 = ORIENTED_EDGE('',*,*,#593,.F.);
#828 = ORIENTED_EDGE('',*,*,#618,.T.);
#829 = ORIENTED_EDGE('',*,*,#651,.T.);
#830 = ORIENTED_EDGE('',*,*,#676,.F.);
#831 = ORIENTED_EDGE('',*,*,#699,.F.);
#832 = PLANE('',#833);
#833 = AXIS2_PLACEMENT_3D('',#834,#835,#836);
#834 = CARTESIAN_POINT('',(-4.95,11.65,9.8));
#835 = DIRECTION('',(0.,0.,1.));
#836 = DIRECTION('',(1.,0.,-0.));
#837 = ADVANCED_FACE('',(#838),#841,.F.);
#838 = FACE_BOUND('',#839,.F.);
#839 = EDGE_LOOP('',(#840));
#840 = ORIENTED_EDGE('',*,*,#774,.T.);
#841 = PLANE('',#842);
#842 = AXIS2_PLACEMENT_3D('',#843,#844,#845);
#843 = CARTESIAN_POINT('',(0.,8.65,4.9));
#844 = DIRECTION('',(0.,1.,0.));
#845 = DIRECTION('',(0.,-0.,1.));
#846 = ( GEOMETRIC_REPRESENTATION_CONTEXT(3) 
GLOBAL_UNCERTAINTY_ASSIGNED_CONTEXT((#850)) GLOBAL_UNIT_ASSIGNED_CONTEXT
((#847,#848,#849)) REPRESENTATION_CONTEXT('Context #1',
  '3D Context with UNIT and UNCERTAINTY') );
#847 = ( LENGTH_UNIT() NAMED_UNIT(*) SI_UNIT(.MILLI.,.METRE.) );
#848 = ( NAMED_UNIT(*) PLANE_ANGLE_UNIT() SI_UNIT($,.RADIAN.) );
#849 = ( NAMED_UNIT(*) SI_UNIT($,.STERADIAN.) SOLID_ANGLE_UNIT() );
#850 = UNCERTAINTY_MEASURE_WITH_UNIT(LENGTH_MEASURE(1.E-07),#847,
  'distance_accuracy_value','confusion accuracy');
#851 = CONTEXT_DEPENDENT_SHAPE_REPRESENTATION(#852,#854);
#852 = ( REPRESENTATION_RELATIONSHIP('','',#142,#75) 
REPRESENTATION_RELATIONSHIP_WITH_TRANSFORMATION(#853) 
SHAPE_REPRESENTATION_RELATIONSHIP() );
#853 = ITEM_DEFINED_TRANSFORMATION('','',#11,#76);
#854 = PRODUCT_DEFINITION_SHAPE('Placement','Placement of an item',#855
  );
#855 = NEXT_ASSEMBLY_USAGE_OCCURRENCE('1','black_plastic_body','',#70,
  #137,$);
#856 = PRODUCT_RELATED_PRODUCT_CATEGORY('part',$,(#139));
#857 = SHAPE_DEFINITION_REPRESENTATION(#858,#864);
#858 = PRODUCT_DEFINITION_SHAPE('','',#859);
#859 = PRODUCT_DEFINITION('design','',#860,#863);
#860 = PRODUCT_DEFINITION_FORMATION('','',#861);
#861 = PRODUCT('contiguous_stamped_shield_and_four_stakes',
  'contiguous_stamped_shield_and_four_stakes','',(#862));
#862 = PRODUCT_CONTEXT('',#2,'mechanical');
#863 = PRODUCT_DEFINITION_CONTEXT('part definition',#2,'design');
#864 = ADVANCED_BREP_SHAPE_REPRESENTATION('',(#11,#865),#1675);
#865 = MANIFOLD_SOLID_BREP('',#866);
#866 = CLOSED_SHELL('',(#867,#907,#970,#994,#1050,#1131,#1194,#1211,
    #1292,#1355,#1367,#1391,#1415,#1432,#1456,#1480,#1497,#1509,#1521,
    #1545,#1569,#1586,#1610,#1634,#1651,#1663));
#867 = ADVANCED_FACE('',(#868),#902,.F.);
#868 = FACE_BOUND('',#869,.F.);
#869 = EDGE_LOOP('',(#870,#880,#888,#896));
#870 = ORIENTED_EDGE('',*,*,#871,.F.);
#871 = EDGE_CURVE('',#872,#874,#876,.T.);
#872 = VERTEX_POINT('',#873);
#873 = CARTESIAN_POINT('',(-4.95,1.15,0.925));
#874 = VERTEX_POINT('',#875);
#875 = CARTESIAN_POINT('',(-4.95,1.15,9.8));
#876 = LINE('',#877,#878);
#877 = CARTESIAN_POINT('',(-4.95,1.15,0.925));
#878 = VECTOR('',#879,1.);
#879 = DIRECTION('',(0.,0.,1.));
#880 = ORIENTED_EDGE('',*,*,#881,.T.);
#881 = EDGE_CURVE('',#872,#882,#884,.T.);
#882 = VERTEX_POINT('',#883);
#883 = CARTESIAN_POINT('',(-4.95,11.65,0.925));
#884 = LINE('',#885,#886);
#885 = CARTESIAN_POINT('',(-4.95,1.15,0.925));
#886 = VECTOR('',#887,1.);
#887 = DIRECTION('',(0.,1.,0.));
#888 = ORIENTED_EDGE('',*,*,#889,.T.);
#889 = EDGE_CURVE('',#882,#890,#892,.T.);
#890 = VERTEX_POINT('',#891);
#891 = CARTESIAN_POINT('',(-4.95,11.65,9.8));
#892 = LINE('',#893,#894);
#893 = CARTESIAN_POINT('',(-4.95,11.65,0.925));
#894 = VECTOR('',#895,1.);
#895 = DIRECTION('',(0.,0.,1.));
#896 = ORIENTED_EDGE('',*,*,#897,.F.);
#897 = EDGE_CURVE('',#874,#890,#898,.T.);
#898 = LINE('',#899,#900);
#899 = CARTESIAN_POINT('',(-4.95,1.15,9.8));
#900 = VECTOR('',#901,1.);
#901 = DIRECTION('',(0.,1.,0.));
#902 = PLANE('',#903);
#903 = AXIS2_PLACEMENT_3D('',#904,#905,#906);
#904 = CARTESIAN_POINT('',(-4.95,1.15,0.925));
#905 = DIRECTION('',(1.,0.,0.));
#906 = DIRECTION('',(0.,0.,1.));
#907 = ADVANCED_FACE('',(#908),#965,.F.);
#908 = FACE_BOUND('',#909,.F.);
#909 = EDGE_LOOP('',(#910,#918,#919,#927,#935,#943,#951,#959));
#910 = ORIENTED_EDGE('',*,*,#911,.F.);
#911 = EDGE_CURVE('',#872,#912,#914,.T.);
#912 = VERTEX_POINT('',#913);
#913 = CARTESIAN_POINT('',(-4.7,1.15,0.925));
#914 = LINE('',#915,#916);
#915 = CARTESIAN_POINT('',(-4.95,1.15,0.925));
#916 = VECTOR('',#917,1.);
#917 = DIRECTION('',(1.,0.,0.));
#918 = ORIENTED_EDGE('',*,*,#871,.T.);
#919 = ORIENTED_EDGE('',*,*,#920,.T.);
#920 = EDGE_CURVE('',#874,#921,#923,.T.);
#921 = VERTEX_POINT('',#922);
#922 = CARTESIAN_POINT('',(4.95,1.15,9.8));
#923 = LINE('',#924,#925);
#924 = CARTESIAN_POINT('',(-4.95,1.15,9.8));
#925 = VECTOR('',#926,1.);
#926 = DIRECTION('',(1.,0.,0.));
#927 = ORIENTED_EDGE('',*,*,#928,.F.);
#928 = EDGE_CURVE('',#929,#921,#931,.T.);
#929 = VERTEX_POINT('',#930);
#930 = CARTESIAN_POINT('',(4.95,1.15,0.925));
#931 = LINE('',#932,#933);
#932 = CARTESIAN_POINT('',(4.95,1.15,0.925));
#933 = VECTOR('',#934,1.);
#934 = DIRECTION('',(0.,0.,1.));
#935 = ORIENTED_EDGE('',*,*,#936,.F.);
#936 = EDGE_CURVE('',#937,#929,#939,.T.);
#937 = VERTEX_POINT('',#938);
#938 = CARTESIAN_POINT('',(4.7,1.15,0.925));
#939 = LINE('',#940,#941);
#940 = CARTESIAN_POINT('',(-4.95,1.15,0.925));
#941 = VECTOR('',#942,1.);
#942 = DIRECTION('',(1.,0.,0.));
#943 = ORIENTED_EDGE('',*,*,#944,.F.);
#944 = EDGE_CURVE('',#945,#937,#947,.T.);
#945 = VERTEX_POINT('',#946);
#946 = CARTESIAN_POINT('',(4.7,1.15,9.55));
#947 = LINE('',#948,#949);
#948 = CARTESIAN_POINT('',(4.7,1.15,0.925));
#949 = VECTOR('',#950,1.);
#950 = DIRECTION('',(0.,0.,-1.));
#951 = ORIENTED_EDGE('',*,*,#952,.F.);
#952 = EDGE_CURVE('',#953,#945,#955,.T.);
#953 = VERTEX_POINT('',#954);
#954 = CARTESIAN_POINT('',(-4.7,1.15,9.55));
#955 = LINE('',#956,#957);
#956 = CARTESIAN_POINT('',(-4.825,1.15,9.55));
#957 = VECTOR('',#958,1.);
#958 = DIRECTION('',(1.,0.,0.));
#959 = ORIENTED_EDGE('',*,*,#960,.T.);
#960 = EDGE_CURVE('',#953,#912,#961,.T.);
#961 = LINE('',#962,#963);
#962 = CARTESIAN_POINT('',(-4.7,1.15,0.925));
#963 = VECTOR('',#964,1.);
#964 = DIRECTION('',(0.,0.,-1.));
#965 = PLANE('',#966);
#966 = AXIS2_PLACEMENT_3D('',#967,#968,#969);
#967 = CARTESIAN_POINT('',(-4.95,1.15,0.925));
#968 = DIRECTION('',(0.,1.,0.));
#969 = DIRECTION('',(0.,-0.,1.));
#970 = ADVANCED_FACE('',(#971),#989,.T.);
#971 = FACE_BOUND('',#972,.T.);
#972 = EDGE_LOOP('',(#973,#974,#975,#983));
#973 = ORIENTED_EDGE('',*,*,#897,.F.);
#974 = ORIENTED_EDGE('',*,*,#920,.T.);
#975 = ORIENTED_EDGE('',*,*,#976,.T.);
#976 = EDGE_CURVE('',#921,#977,#979,.T.);
#977 = VERTEX_POINT('',#978);
#978 = CARTESIAN_POINT('',(4.95,11.65,9.8));
#979 = LINE('',#980,#981);
#980 = CARTESIAN_POINT('',(4.95,1.15,9.8));
#981 = VECTOR('',#982,1.);
#982 = DIRECTION('',(0.,1.,0.));
#983 = ORIENTED_EDGE('',*,*,#984,.F.);
#984 = EDGE_CURVE('',#890,#977,#985,.T.);
#985 = LINE('',#986,#987);
#986 = CARTESIAN_POINT('',(-4.95,11.65,9.8));
#987 = VECTOR('',#988,1.);
#988 = DIRECTION('',(1.,0.,0.));
#989 = PLANE('',#990);
#990 = AXIS2_PLACEMENT_3D('',#991,#992,#993);
#991 = CARTESIAN_POINT('',(-4.95,1.15,9.8));
#992 = DIRECTION('',(0.,0.,1.));
#993 = DIRECTION('',(1.,0.,-0.));
#994 = ADVANCED_FACE('',(#995),#1045,.T.);
#995 = FACE_BOUND('',#996,.T.);
#996 = EDGE_LOOP('',(#997,#1005,#1006,#1007,#1015,#1023,#1031,#1039));
#997 = ORIENTED_EDGE('',*,*,#998,.F.);
#998 = EDGE_CURVE('',#882,#999,#1001,.T.);
#999 = VERTEX_POINT('',#1000);
#1000 = CARTESIAN_POINT('',(-4.7,11.65,0.925));
#1001 = LINE('',#1002,#1003);
#1002 = CARTESIAN_POINT('',(-4.95,11.65,0.925));
#1003 = VECTOR('',#1004,1.);
#1004 = DIRECTION('',(1.,0.,0.));
#1005 = ORIENTED_EDGE('',*,*,#889,.T.);
#1006 = ORIENTED_EDGE('',*,*,#984,.T.);
#1007 = ORIENTED_EDGE('',*,*,#1008,.F.);
#1008 = EDGE_CURVE('',#1009,#977,#1011,.T.);
#1009 = VERTEX_POINT('',#1010);
#1010 = CARTESIAN_POINT('',(4.95,11.65,0.925));
#1011 = LINE('',#1012,#1013);
#1012 = CARTESIAN_POINT('',(4.95,11.65,0.925));
#1013 = VECTOR('',#1014,1.);
#1014 = DIRECTION('',(0.,0.,1.));
#1015 = ORIENTED_EDGE('',*,*,#1016,.F.);
#1016 = EDGE_CURVE('',#1017,#1009,#1019,.T.);
#1017 = VERTEX_POINT('',#1018);
#1018 = CARTESIAN_POINT('',(4.7,11.65,0.925));
#1019 = LINE('',#1020,#1021);
#1020 = CARTESIAN_POINT('',(-4.95,11.65,0.925));
#1021 = VECTOR('',#1022,1.);
#1022 = DIRECTION('',(1.,0.,0.));
#1023 = ORIENTED_EDGE('',*,*,#1024,.F.);
#1024 = EDGE_CURVE('',#1025,#1017,#1027,.T.);
#1025 = VERTEX_POINT('',#1026);
#1026 = CARTESIAN_POINT('',(4.7,11.65,9.55));
#1027 = LINE('',#1028,#1029);
#1028 = CARTESIAN_POINT('',(4.7,11.65,0.925));
#1029 = VECTOR('',#1030,1.);
#1030 = DIRECTION('',(0.,0.,-1.));
#1031 = ORIENTED_EDGE('',*,*,#1032,.F.);
#1032 = EDGE_CURVE('',#1033,#1025,#1035,.T.);
#1033 = VERTEX_POINT('',#1034);
#1034 = CARTESIAN_POINT('',(-4.7,11.65,9.55));
#1035 = LINE('',#1036,#1037);
#1036 = CARTESIAN_POINT('',(-4.825,11.65,9.55));
#1037 = VECTOR('',#1038,1.);
#1038 = DIRECTION('',(1.,0.,0.));
#1039 = ORIENTED_EDGE('',*,*,#1040,.T.);
#1040 = EDGE_CURVE('',#1033,#999,#1041,.T.);
#1041 = LINE('',#1042,#1043);
#1042 = CARTESIAN_POINT('',(-4.7,11.65,0.925));
#1043 = VECTOR('',#1044,1.);
#1044 = DIRECTION('',(0.,0.,-1.));
#1045 = PLANE('',#1046);
#1046 = AXIS2_PLACEMENT_3D('',#1047,#1048,#1049);
#1047 = CARTESIAN_POINT('',(-4.95,11.65,0.925));
#1048 = DIRECTION('',(0.,1.,0.));
#1049 = DIRECTION('',(0.,-0.,1.));
#1050 = ADVANCED_FACE('',(#1051),#1126,.F.);
#1051 = FACE_BOUND('',#1052,.F.);
#1052 = EDGE_LOOP('',(#1053,#1054,#1055,#1056,#1064,#1072,#1080,#1088,
    #1096,#1104,#1112,#1120));
#1053 = ORIENTED_EDGE('',*,*,#998,.F.);
#1054 = ORIENTED_EDGE('',*,*,#881,.F.);
#1055 = ORIENTED_EDGE('',*,*,#911,.T.);
#1056 = ORIENTED_EDGE('',*,*,#1057,.T.);
#1057 = EDGE_CURVE('',#912,#1058,#1060,.T.);
#1058 = VERTEX_POINT('',#1059);
#1059 = CARTESIAN_POINT('',(-4.7,2.2,0.925));
#1060 = LINE('',#1061,#1062);
#1061 = CARTESIAN_POINT('',(-4.7,1.05,0.925));
#1062 = VECTOR('',#1063,1.);
#1063 = DIRECTION('',(0.,1.,0.));
#1064 = ORIENTED_EDGE('',*,*,#1065,.T.);
#1065 = EDGE_CURVE('',#1058,#1066,#1068,.T.);
#1066 = VERTEX_POINT('',#1067);
#1067 = CARTESIAN_POINT('',(-4.85,2.2,0.925));
#1068 = LINE('',#1069,#1070);
#1069 = CARTESIAN_POINT('',(-4.9,2.2,0.925));
#1070 = VECTOR('',#1071,1.);
#1071 = DIRECTION('',(-1.,0.,0.));
#1072 = ORIENTED_EDGE('',*,*,#1073,.T.);
#1073 = EDGE_CURVE('',#1066,#1074,#1076,.T.);
#1074 = VERTEX_POINT('',#1075);
#1075 = CARTESIAN_POINT('',(-4.85,3.3,0.925));
#1076 = LINE('',#1077,#1078);
#1077 = CARTESIAN_POINT('',(-4.85,1.675,0.925));
#1078 = VECTOR('',#1079,1.);
#1079 = DIRECTION('',(0.,1.,0.));
#1080 = ORIENTED_EDGE('',*,*,#1081,.F.);
#1081 = EDGE_CURVE('',#1082,#1074,#1084,.T.);
#1082 = VERTEX_POINT('',#1083);
#1083 = CARTESIAN_POINT('',(-4.7,3.3,0.925));
#1084 = LINE('',#1085,#1086);
#1085 = CARTESIAN_POINT('',(-4.9,3.3,0.925));
#1086 = VECTOR('',#1087,1.);
#1087 = DIRECTION('',(-1.,0.,0.));
#1088 = ORIENTED_EDGE('',*,*,#1089,.T.);
#1089 = EDGE_CURVE('',#1082,#1090,#1092,.T.);
#1090 = VERTEX_POINT('',#1091);
#1091 = CARTESIAN_POINT('',(-4.7,8.6,0.925));
#1092 = LINE('',#1093,#1094);
#1093 = CARTESIAN_POINT('',(-4.7,1.05,0.925));
#1094 = VECTOR('',#1095,1.);
#1095 = DIRECTION('',(0.,1.,0.));
#1096 = ORIENTED_EDGE('',*,*,#1097,.T.);
#1097 = EDGE_CURVE('',#1090,#1098,#1100,.T.);
#1098 = VERTEX_POINT('',#1099);
#1099 = CARTESIAN_POINT('',(-4.85,8.6,0.925));
#1100 = LINE('',#1101,#1102);
#1101 = CARTESIAN_POINT('',(-4.9,8.6,0.925));
#1102 = VECTOR('',#1103,1.);
#1103 = DIRECTION('',(-1.,0.,0.));
#1104 = ORIENTED_EDGE('',*,*,#1105,.T.);
#1105 = EDGE_CURVE('',#1098,#1106,#1108,.T.);
#1106 = VERTEX_POINT('',#1107);
#1107 = CARTESIAN_POINT('',(-4.85,9.7,0.925));
#1108 = LINE('',#1109,#1110);
#1109 = CARTESIAN_POINT('',(-4.85,4.875,0.925));
#1110 = VECTOR('',#1111,1.);
#1111 = DIRECTION('',(0.,1.,0.));
#1112 = ORIENTED_EDGE('',*,*,#1113,.F.);
#1113 = EDGE_CURVE('',#1114,#1106,#1116,.T.);
#1114 = VERTEX_POINT('',#1115);
#1115 = CARTESIAN_POINT('',(-4.7,9.7,0.925));
#1116 = LINE('',#1117,#1118);
#1117 = CARTESIAN_POINT('',(-4.9,9.7,0.925));
#1118 = VECTOR('',#1119,1.);
#1119 = DIRECTION('',(-1.,0.,0.));
#1120 = ORIENTED_EDGE('',*,*,#1121,.T.);
#1121 = EDGE_CURVE('',#1114,#999,#1122,.T.);
#1122 = LINE('',#1123,#1124);
#1123 = CARTESIAN_POINT('',(-4.7,1.05,0.925));
#1124 = VECTOR('',#1125,1.);
#1125 = DIRECTION('',(0.,1.,0.));
#1126 = PLANE('',#1127);
#1127 = AXIS2_PLACEMENT_3D('',#1128,#1129,#1130);
#1128 = CARTESIAN_POINT('',(-4.95,1.15,0.925));
#1129 = DIRECTION('',(0.,0.,1.));
#1130 = DIRECTION('',(1.,0.,-0.));
#1131 = ADVANCED_FACE('',(#1132),#1189,.T.);
#1132 = FACE_BOUND('',#1133,.T.);
#1133 = EDGE_LOOP('',(#1134,#1140,#1141,#1142,#1150,#1158,#1164,#1165,
    #1173,#1181,#1187,#1188));
#1134 = ORIENTED_EDGE('',*,*,#1135,.F.);
#1135 = EDGE_CURVE('',#953,#1033,#1136,.T.);
#1136 = LINE('',#1137,#1138);
#1137 = CARTESIAN_POINT('',(-4.7,1.05,9.55));
#1138 = VECTOR('',#1139,1.);
#1139 = DIRECTION('',(0.,1.,0.));
#1140 = ORIENTED_EDGE('',*,*,#960,.T.);
#1141 = ORIENTED_EDGE('',*,*,#1057,.T.);
#1142 = ORIENTED_EDGE('',*,*,#1143,.F.);
#1143 = EDGE_CURVE('',#1144,#1058,#1146,.T.);
#1144 = VERTEX_POINT('',#1145);
#1145 = CARTESIAN_POINT('',(-4.7,2.2,-1.6));
#1146 = LINE('',#1147,#1148);
#1147 = CARTESIAN_POINT('',(-4.7,2.2,-1.6));
#1148 = VECTOR('',#1149,1.);
#1149 = DIRECTION('',(0.,0.,1.));
#1150 = ORIENTED_EDGE('',*,*,#1151,.T.);
#1151 = EDGE_CURVE('',#1144,#1152,#1154,.T.);
#1152 = VERTEX_POINT('',#1153);
#1153 = CARTESIAN_POINT('',(-4.7,3.3,-1.6));
#1154 = LINE('',#1155,#1156);
#1155 = CARTESIAN_POINT('',(-4.7,2.2,-1.6));
#1156 = VECTOR('',#1157,1.);
#1157 = DIRECTION('',(0.,1.,0.));
#1158 = ORIENTED_EDGE('',*,*,#1159,.T.);
#1159 = EDGE_CURVE('',#1152,#1082,#1160,.T.);
#1160 = LINE('',#1161,#1162);
#1161 = CARTESIAN_POINT('',(-4.7,3.3,-1.6));
#1162 = VECTOR('',#1163,1.);
#1163 = DIRECTION('',(0.,0.,1.));
#1164 = ORIENTED_EDGE('',*,*,#1089,.T.);
#1165 = ORIENTED_EDGE('',*,*,#1166,.F.);
#1166 = EDGE_CURVE('',#1167,#1090,#1169,.T.);
#1167 = VERTEX_POINT('',#1168);
#1168 = CARTESIAN_POINT('',(-4.7,8.6,-1.6));
#1169 = LINE('',#1170,#1171);
#1170 = CARTESIAN_POINT('',(-4.7,8.6,-1.6));
#1171 = VECTOR('',#1172,1.);
#1172 = DIRECTION('',(0.,0.,1.));
#1173 = ORIENTED_EDGE('',*,*,#1174,.T.);
#1174 = EDGE_CURVE('',#1167,#1175,#1177,.T.);
#1175 = VERTEX_POINT('',#1176);
#1176 = CARTESIAN_POINT('',(-4.7,9.7,-1.6));
#1177 = LINE('',#1178,#1179);
#1178 = CARTESIAN_POINT('',(-4.7,8.6,-1.6));
#1179 = VECTOR('',#1180,1.);
#1180 = DIRECTION('',(0.,1.,0.));
#1181 = ORIENTED_EDGE('',*,*,#1182,.T.);
#1182 = EDGE_CURVE('',#1175,#1114,#1183,.T.);
#1183 = LINE('',#1184,#1185);
#1184 = CARTESIAN_POINT('',(-4.7,9.7,-1.6));
#1185 = VECTOR('',#1186,1.);
#1186 = DIRECTION('',(0.,0.,1.));
#1187 = ORIENTED_EDGE('',*,*,#1121,.T.);
#1188 = ORIENTED_EDGE('',*,*,#1040,.F.);
#1189 = PLANE('',#1190);
#1190 = AXIS2_PLACEMENT_3D('',#1191,#1192,#1193);
#1191 = CARTESIAN_POINT('',(-4.7,1.05,0.925));
#1192 = DIRECTION('',(1.,0.,0.));
#1193 = DIRECTION('',(0.,0.,1.));
#1194 = ADVANCED_FACE('',(#1195),#1206,.F.);
#1195 = FACE_BOUND('',#1196,.F.);
#1196 = EDGE_LOOP('',(#1197,#1198,#1199,#1205));
#1197 = ORIENTED_EDGE('',*,*,#1135,.F.);
#1198 = ORIENTED_EDGE('',*,*,#952,.T.);
#1199 = ORIENTED_EDGE('',*,*,#1200,.T.);
#1200 = EDGE_CURVE('',#945,#1025,#1201,.T.);
#1201 = LINE('',#1202,#1203);
#1202 = CARTESIAN_POINT('',(4.7,1.05,9.55));
#1203 = VECTOR('',#1204,1.);
#1204 = DIRECTION('',(0.,1.,0.));
#1205 = ORIENTED_EDGE('',*,*,#1032,.F.);
#1206 = PLANE('',#1207);
#1207 = AXIS2_PLACEMENT_3D('',#1208,#1209,#1210);
#1208 = CARTESIAN_POINT('',(-4.7,1.05,9.55));
#1209 = DIRECTION('',(0.,0.,1.));
#1210 = DIRECTION('',(1.,0.,-0.));
#1211 = ADVANCED_FACE('',(#1212),#1287,.F.);
#1212 = FACE_BOUND('',#1213,.F.);
#1213 = EDGE_LOOP('',(#1214,#1215,#1216,#1224,#1232,#1240,#1248,#1256,
    #1264,#1272,#1280,#1286));
#1214 = ORIENTED_EDGE('',*,*,#1200,.F.);
#1215 = ORIENTED_EDGE('',*,*,#944,.T.);
#1216 = ORIENTED_EDGE('',*,*,#1217,.T.);
#1217 = EDGE_CURVE('',#937,#1218,#1220,.T.);
#1218 = VERTEX_POINT('',#1219);
#1219 = CARTESIAN_POINT('',(4.7,2.2,0.925));
#1220 = LINE('',#1221,#1222);
#1221 = CARTESIAN_POINT('',(4.7,1.05,0.925));
#1222 = VECTOR('',#1223,1.);
#1223 = DIRECTION('',(0.,1.,0.));
#1224 = ORIENTED_EDGE('',*,*,#1225,.F.);
#1225 = EDGE_CURVE('',#1226,#1218,#1228,.T.);
#1226 = VERTEX_POINT('',#1227);
#1227 = CARTESIAN_POINT('',(4.7,2.2,-1.6));
#1228 = LINE('',#1229,#1230);
#1229 = CARTESIAN_POINT('',(4.7,2.2,-1.6));
#1230 = VECTOR('',#1231,1.);
#1231 = DIRECTION('',(0.,0.,1.));
#1232 = ORIENTED_EDGE('',*,*,#1233,.T.);
#1233 = EDGE_CURVE('',#1226,#1234,#1236,.T.);
#1234 = VERTEX_POINT('',#1235);
#1235 = CARTESIAN_POINT('',(4.7,3.3,-1.6));
#1236 = LINE('',#1237,#1238);
#1237 = CARTESIAN_POINT('',(4.7,2.2,-1.6));
#1238 = VECTOR('',#1239,1.);
#1239 = DIRECTION('',(0.,1.,0.));
#1240 = ORIENTED_EDGE('',*,*,#1241,.T.);
#1241 = EDGE_CURVE('',#1234,#1242,#1244,.T.);
#1242 = VERTEX_POINT('',#1243);
#1243 = CARTESIAN_POINT('',(4.7,3.3,0.925));
#1244 = LINE('',#1245,#1246);
#1245 = CARTESIAN_POINT('',(4.7,3.3,-1.6));
#1246 = VECTOR('',#1247,1.);
#1247 = DIRECTION('',(0.,0.,1.));
#1248 = ORIENTED_EDGE('',*,*,#1249,.T.);
#1249 = EDGE_CURVE('',#1242,#1250,#1252,.T.);
#1250 = VERTEX_POINT('',#1251);
#1251 = CARTESIAN_POINT('',(4.7,8.6,0.925));
#1252 = LINE('',#1253,#1254);
#1253 = CARTESIAN_POINT('',(4.7,1.05,0.925));
#1254 = VECTOR('',#1255,1.);
#1255 = DIRECTION('',(0.,1.,0.));
#1256 = ORIENTED_EDGE('',*,*,#1257,.F.);
#1257 = EDGE_CURVE('',#1258,#1250,#1260,.T.);
#1258 = VERTEX_POINT('',#1259);
#1259 = CARTESIAN_POINT('',(4.7,8.6,-1.6));
#1260 = LINE('',#1261,#1262);
#1261 = CARTESIAN_POINT('',(4.7,8.6,-1.6));
#1262 = VECTOR('',#1263,1.);
#1263 = DIRECTION('',(0.,0.,1.));
#1264 = ORIENTED_EDGE('',*,*,#1265,.T.);
#1265 = EDGE_CURVE('',#1258,#1266,#1268,.T.);
#1266 = VERTEX_POINT('',#1267);
#1267 = CARTESIAN_POINT('',(4.7,9.7,-1.6));
#1268 = LINE('',#1269,#1270);
#1269 = CARTESIAN_POINT('',(4.7,8.6,-1.6));
#1270 = VECTOR('',#1271,1.);
#1271 = DIRECTION('',(0.,1.,0.));
#1272 = ORIENTED_EDGE('',*,*,#1273,.T.);
#1273 = EDGE_CURVE('',#1266,#1274,#1276,.T.);
#1274 = VERTEX_POINT('',#1275);
#1275 = CARTESIAN_POINT('',(4.7,9.7,0.925));
#1276 = LINE('',#1277,#1278);
#1277 = CARTESIAN_POINT('',(4.7,9.7,-1.6));
#1278 = VECTOR('',#1279,1.);
#1279 = DIRECTION('',(0.,0.,1.));
#1280 = ORIENTED_EDGE('',*,*,#1281,.T.);
#1281 = EDGE_CURVE('',#1274,#1017,#1282,.T.);
#1282 = LINE('',#1283,#1284);
#1283 = CARTESIAN_POINT('',(4.7,1.05,0.925));
#1284 = VECTOR('',#1285,1.);
#1285 = DIRECTION('',(0.,1.,0.));
#1286 = ORIENTED_EDGE('',*,*,#1024,.F.);
#1287 = PLANE('',#1288);
#1288 = AXIS2_PLACEMENT_3D('',#1289,#1290,#1291);
#1289 = CARTESIAN_POINT('',(4.7,1.05,0.925));
#1290 = DIRECTION('',(1.,0.,0.));
#1291 = DIRECTION('',(0.,0.,1.));
#1292 = ADVANCED_FACE('',(#1293),#1350,.F.);
#1293 = FACE_BOUND('',#1294,.F.);
#1294 = EDGE_LOOP('',(#1295,#1296,#1297,#1305,#1313,#1319,#1320,#1328,
    #1336,#1342,#1343,#1344));
#1295 = ORIENTED_EDGE('',*,*,#1016,.F.);
#1296 = ORIENTED_EDGE('',*,*,#1281,.F.);
#1297 = ORIENTED_EDGE('',*,*,#1298,.F.);
#1298 = EDGE_CURVE('',#1299,#1274,#1301,.T.);
#1299 = VERTEX_POINT('',#1300);
#1300 = CARTESIAN_POINT('',(4.85,9.7,0.925));
#1301 = LINE('',#1302,#1303);
#1302 = CARTESIAN_POINT('',(-0.125,9.7,0.925));
#1303 = VECTOR('',#1304,1.);
#1304 = DIRECTION('',(-1.,0.,0.));
#1305 = ORIENTED_EDGE('',*,*,#1306,.F.);
#1306 = EDGE_CURVE('',#1307,#1299,#1309,.T.);
#1307 = VERTEX_POINT('',#1308);
#1308 = CARTESIAN_POINT('',(4.85,8.6,0.925));
#1309 = LINE('',#1310,#1311);
#1310 = CARTESIAN_POINT('',(4.85,4.875,0.925));
#1311 = VECTOR('',#1312,1.);
#1312 = DIRECTION('',(0.,1.,0.));
#1313 = ORIENTED_EDGE('',*,*,#1314,.T.);
#1314 = EDGE_CURVE('',#1307,#1250,#1315,.T.);
#1315 = LINE('',#1316,#1317);
#1316 = CARTESIAN_POINT('',(-0.125,8.6,0.925));
#1317 = VECTOR('',#1318,1.);
#1318 = DIRECTION('',(-1.,0.,0.));
#1319 = ORIENTED_EDGE('',*,*,#1249,.F.);
#1320 = ORIENTED_EDGE('',*,*,#1321,.F.);
#1321 = EDGE_CURVE('',#1322,#1242,#1324,.T.);
#1322 = VERTEX_POINT('',#1323);
#1323 = CARTESIAN_POINT('',(4.85,3.3,0.925));
#1324 = LINE('',#1325,#1326);
#1325 = CARTESIAN_POINT('',(-0.125,3.3,0.925));
#1326 = VECTOR('',#1327,1.);
#1327 = DIRECTION('',(-1.,0.,0.));
#1328 = ORIENTED_EDGE('',*,*,#1329,.F.);
#1329 = EDGE_CURVE('',#1330,#1322,#1332,.T.);
#1330 = VERTEX_POINT('',#1331);
#1331 = CARTESIAN_POINT('',(4.85,2.2,0.925));
#1332 = LINE('',#1333,#1334);
#1333 = CARTESIAN_POINT('',(4.85,1.675,0.925));
#1334 = VECTOR('',#1335,1.);
#1335 = DIRECTION('',(0.,1.,0.));
#1336 = ORIENTED_EDGE('',*,*,#1337,.T.);
#1337 = EDGE_CURVE('',#1330,#1218,#1338,.T.);
#1338 = LINE('',#1339,#1340);
#1339 = CARTESIAN_POINT('',(-0.125,2.2,0.925));
#1340 = VECTOR('',#1341,1.);
#1341 = DIRECTION('',(-1.,0.,0.));
#1342 = ORIENTED_EDGE('',*,*,#1217,.F.);
#1343 = ORIENTED_EDGE('',*,*,#936,.T.);
#1344 = ORIENTED_EDGE('',*,*,#1345,.T.);
#1345 = EDGE_CURVE('',#929,#1009,#1346,.T.);
#1346 = LINE('',#1347,#1348);
#1347 = CARTESIAN_POINT('',(4.95,1.15,0.925));
#1348 = VECTOR('',#1349,1.);
#1349 = DIRECTION('',(0.,1.,0.));
#1350 = PLANE('',#1351);
#1351 = AXIS2_PLACEMENT_3D('',#1352,#1353,#1354);
#1352 = CARTESIAN_POINT('',(-4.95,1.15,0.925));
#1353 = DIRECTION('',(0.,0.,1.));
#1354 = DIRECTION('',(1.,0.,-0.));
#1355 = ADVANCED_FACE('',(#1356),#1362,.T.);
#1356 = FACE_BOUND('',#1357,.T.);
#1357 = EDGE_LOOP('',(#1358,#1359,#1360,#1361));
#1358 = ORIENTED_EDGE('',*,*,#928,.F.);
#1359 = ORIENTED_EDGE('',*,*,#1345,.T.);
#1360 = ORIENTED_EDGE('',*,*,#1008,.T.);
#1361 = ORIENTED_EDGE('',*,*,#976,.F.);
#1362 = PLANE('',#1363);
#1363 = AXIS2_PLACEMENT_3D('',#1364,#1365,#1366);
#1364 = CARTESIAN_POINT('',(4.95,1.15,0.925));
#1365 = DIRECTION('',(1.,0.,0.));
#1366 = DIRECTION('',(0.,0.,1.));
#1367 = ADVANCED_FACE('',(#1368),#1386,.T.);
#1368 = FACE_BOUND('',#1369,.T.);
#1369 = EDGE_LOOP('',(#1370,#1371,#1379,#1385));
#1370 = ORIENTED_EDGE('',*,*,#1182,.F.);
#1371 = ORIENTED_EDGE('',*,*,#1372,.F.);
#1372 = EDGE_CURVE('',#1373,#1175,#1375,.T.);
#1373 = VERTEX_POINT('',#1374);
#1374 = CARTESIAN_POINT('',(-4.85,9.7,-1.6));
#1375 = LINE('',#1376,#1377);
#1376 = CARTESIAN_POINT('',(-4.85,9.7,-1.6));
#1377 = VECTOR('',#1378,1.);
#1378 = DIRECTION('',(1.,0.,0.));
#1379 = ORIENTED_EDGE('',*,*,#1380,.T.);
#1380 = EDGE_CURVE('',#1373,#1106,#1381,.T.);
#1381 = LINE('',#1382,#1383);
#1382 = CARTESIAN_POINT('',(-4.85,9.7,-1.6));
#1383 = VECTOR('',#1384,1.);
#1384 = DIRECTION('',(0.,0.,1.));
#1385 = ORIENTED_EDGE('',*,*,#1113,.F.);
#1386 = PLANE('',#1387);
#1387 = AXIS2_PLACEMENT_3D('',#1388,#1389,#1390);
#1388 = CARTESIAN_POINT('',(-4.85,9.7,-1.6));
#1389 = DIRECTION('',(0.,1.,0.));
#1390 = DIRECTION('',(0.,-0.,1.));
#1391 = ADVANCED_FACE('',(#1392),#1410,.F.);
#1392 = FACE_BOUND('',#1393,.F.);
#1393 = EDGE_LOOP('',(#1394,#1402,#1408,#1409));
#1394 = ORIENTED_EDGE('',*,*,#1395,.F.);
#1395 = EDGE_CURVE('',#1396,#1098,#1398,.T.);
#1396 = VERTEX_POINT('',#1397);
#1397 = CARTESIAN_POINT('',(-4.85,8.6,-1.6));
#1398 = LINE('',#1399,#1400);
#1399 = CARTESIAN_POINT('',(-4.85,8.6,-1.6));
#1400 = VECTOR('',#1401,1.);
#1401 = DIRECTION('',(0.,0.,1.));
#1402 = ORIENTED_EDGE('',*,*,#1403,.T.);
#1403 = EDGE_CURVE('',#1396,#1373,#1404,.T.);
#1404 = LINE('',#1405,#1406);
#1405 = CARTESIAN_POINT('',(-4.85,8.6,-1.6));
#1406 = VECTOR('',#1407,1.);
#1407 = DIRECTION('',(0.,1.,0.));
#1408 = ORIENTED_EDGE('',*,*,#1380,.T.);
#1409 = ORIENTED_EDGE('',*,*,#1105,.F.);
#1410 = PLANE('',#1411);
#1411 = AXIS2_PLACEMENT_3D('',#1412,#1413,#1414);
#1412 = CARTESIAN_POINT('',(-4.85,8.6,-1.6));
#1413 = DIRECTION('',(1.,0.,0.));
#1414 = DIRECTION('',(0.,0.,1.));
#1415 = ADVANCED_FACE('',(#1416),#1427,.F.);
#1416 = FACE_BOUND('',#1417,.F.);
#1417 = EDGE_LOOP('',(#1418,#1419,#1425,#1426));
#1418 = ORIENTED_EDGE('',*,*,#1166,.F.);
#1419 = ORIENTED_EDGE('',*,*,#1420,.F.);
#1420 = EDGE_CURVE('',#1396,#1167,#1421,.T.);
#1421 = LINE('',#1422,#1423);
#1422 = CARTESIAN_POINT('',(-4.85,8.6,-1.6));
#1423 = VECTOR('',#1424,1.);
#1424 = DIRECTION('',(1.,0.,0.));
#1425 = ORIENTED_EDGE('',*,*,#1395,.T.);
#1426 = ORIENTED_EDGE('',*,*,#1097,.F.);
#1427 = PLANE('',#1428);
#1428 = AXIS2_PLACEMENT_3D('',#1429,#1430,#1431);
#1429 = CARTESIAN_POINT('',(-4.85,8.6,-1.6));
#1430 = DIRECTION('',(0.,1.,0.));
#1431 = DIRECTION('',(0.,-0.,1.));
#1432 = ADVANCED_FACE('',(#1433),#1451,.T.);
#1433 = FACE_BOUND('',#1434,.T.);
#1434 = EDGE_LOOP('',(#1435,#1436,#1444,#1450));
#1435 = ORIENTED_EDGE('',*,*,#1159,.F.);
#1436 = ORIENTED_EDGE('',*,*,#1437,.F.);
#1437 = EDGE_CURVE('',#1438,#1152,#1440,.T.);
#1438 = VERTEX_POINT('',#1439);
#1439 = CARTESIAN_POINT('',(-4.85,3.3,-1.6));
#1440 = LINE('',#1441,#1442);
#1441 = CARTESIAN_POINT('',(-4.85,3.3,-1.6));
#1442 = VECTOR('',#1443,1.);
#1443 = DIRECTION('',(1.,0.,0.));
#1444 = ORIENTED_EDGE('',*,*,#1445,.T.);
#1445 = EDGE_CURVE('',#1438,#1074,#1446,.T.);
#1446 = LINE('',#1447,#1448);
#1447 = CARTESIAN_POINT('',(-4.85,3.3,-1.6));
#1448 = VECTOR('',#1449,1.);
#1449 = DIRECTION('',(0.,0.,1.));
#1450 = ORIENTED_EDGE('',*,*,#1081,.F.);
#1451 = PLANE('',#1452);
#1452 = AXIS2_PLACEMENT_3D('',#1453,#1454,#1455);
#1453 = CARTESIAN_POINT('',(-4.85,3.3,-1.6));
#1454 = DIRECTION('',(0.,1.,0.));
#1455 = DIRECTION('',(0.,-0.,1.));
#1456 = ADVANCED_FACE('',(#1457),#1475,.F.);
#1457 = FACE_BOUND('',#1458,.F.);
#1458 = EDGE_LOOP('',(#1459,#1467,#1473,#1474));
#1459 = ORIENTED_EDGE('',*,*,#1460,.F.);
#1460 = EDGE_CURVE('',#1461,#1066,#1463,.T.);
#1461 = VERTEX_POINT('',#1462);
#1462 = CARTESIAN_POINT('',(-4.85,2.2,-1.6));
#1463 = LINE('',#1464,#1465);
#1464 = CARTESIAN_POINT('',(-4.85,2.2,-1.6));
#1465 = VECTOR('',#1466,1.);
#1466 = DIRECTION('',(0.,0.,1.));
#1467 = ORIENTED_EDGE('',*,*,#1468,.T.);
#1468 = EDGE_CURVE('',#1461,#1438,#1469,.T.);
#1469 = LINE('',#1470,#1471);
#1470 = CARTESIAN_POINT('',(-4.85,2.2,-1.6));
#1471 = VECTOR('',#1472,1.);
#1472 = DIRECTION('',(0.,1.,0.));
#1473 = ORIENTED_EDGE('',*,*,#1445,.T.);
#1474 = ORIENTED_EDGE('',*,*,#1073,.F.);
#1475 = PLANE('',#1476);
#1476 = AXIS2_PLACEMENT_3D('',#1477,#1478,#1479);
#1477 = CARTESIAN_POINT('',(-4.85,2.2,-1.6));
#1478 = DIRECTION('',(1.,0.,0.));
#1479 = DIRECTION('',(0.,0.,1.));
#1480 = ADVANCED_FACE('',(#1481),#1492,.F.);
#1481 = FACE_BOUND('',#1482,.F.);
#1482 = EDGE_LOOP('',(#1483,#1484,#1490,#1491));
#1483 = ORIENTED_EDGE('',*,*,#1143,.F.);
#1484 = ORIENTED_EDGE('',*,*,#1485,.F.);
#1485 = EDGE_CURVE('',#1461,#1144,#1486,.T.);
#1486 = LINE('',#1487,#1488);
#1487 = CARTESIAN_POINT('',(-4.85,2.2,-1.6));
#1488 = VECTOR('',#1489,1.);
#1489 = DIRECTION('',(1.,0.,0.));
#1490 = ORIENTED_EDGE('',*,*,#1460,.T.);
#1491 = ORIENTED_EDGE('',*,*,#1065,.F.);
#1492 = PLANE('',#1493);
#1493 = AXIS2_PLACEMENT_3D('',#1494,#1495,#1496);
#1494 = CARTESIAN_POINT('',(-4.85,2.2,-1.6));
#1495 = DIRECTION('',(0.,1.,0.));
#1496 = DIRECTION('',(0.,-0.,1.));
#1497 = ADVANCED_FACE('',(#1498),#1504,.F.);
#1498 = FACE_BOUND('',#1499,.F.);
#1499 = EDGE_LOOP('',(#1500,#1501,#1502,#1503));
#1500 = ORIENTED_EDGE('',*,*,#1468,.F.);
#1501 = ORIENTED_EDGE('',*,*,#1485,.T.);
#1502 = ORIENTED_EDGE('',*,*,#1151,.T.);
#1503 = ORIENTED_EDGE('',*,*,#1437,.F.);
#1504 = PLANE('',#1505);
#1505 = AXIS2_PLACEMENT_3D('',#1506,#1507,#1508);
#1506 = CARTESIAN_POINT('',(-4.85,2.2,-1.6));
#1507 = DIRECTION('',(0.,0.,1.));
#1508 = DIRECTION('',(1.,0.,-0.));
#1509 = ADVANCED_FACE('',(#1510),#1516,.F.);
#1510 = FACE_BOUND('',#1511,.F.);
#1511 = EDGE_LOOP('',(#1512,#1513,#1514,#1515));
#1512 = ORIENTED_EDGE('',*,*,#1403,.F.);
#1513 = ORIENTED_EDGE('',*,*,#1420,.T.);
#1514 = ORIENTED_EDGE('',*,*,#1174,.T.);
#1515 = ORIENTED_EDGE('',*,*,#1372,.F.);
#1516 = PLANE('',#1517);
#1517 = AXIS2_PLACEMENT_3D('',#1518,#1519,#1520);
#1518 = CARTESIAN_POINT('',(-4.85,8.6,-1.6));
#1519 = DIRECTION('',(0.,0.,1.));
#1520 = DIRECTION('',(1.,0.,-0.));
#1521 = ADVANCED_FACE('',(#1522),#1540,.T.);
#1522 = FACE_BOUND('',#1523,.T.);
#1523 = EDGE_LOOP('',(#1524,#1532,#1538,#1539));
#1524 = ORIENTED_EDGE('',*,*,#1525,.F.);
#1525 = EDGE_CURVE('',#1526,#1299,#1528,.T.);
#1526 = VERTEX_POINT('',#1527);
#1527 = CARTESIAN_POINT('',(4.85,9.7,-1.6));
#1528 = LINE('',#1529,#1530);
#1529 = CARTESIAN_POINT('',(4.85,9.7,-1.6));
#1530 = VECTOR('',#1531,1.);
#1531 = DIRECTION('',(0.,0.,1.));
#1532 = ORIENTED_EDGE('',*,*,#1533,.F.);
#1533 = EDGE_CURVE('',#1266,#1526,#1534,.T.);
#1534 = LINE('',#1535,#1536);
#1535 = CARTESIAN_POINT('',(4.7,9.7,-1.6));
#1536 = VECTOR('',#1537,1.);
#1537 = DIRECTION('',(1.,0.,0.));
#1538 = ORIENTED_EDGE('',*,*,#1273,.T.);
#1539 = ORIENTED_EDGE('',*,*,#1298,.F.);
#1540 = PLANE('',#1541);
#1541 = AXIS2_PLACEMENT_3D('',#1542,#1543,#1544);
#1542 = CARTESIAN_POINT('',(4.7,9.7,-1.6));
#1543 = DIRECTION('',(0.,1.,0.));
#1544 = DIRECTION('',(0.,-0.,1.));
#1545 = ADVANCED_FACE('',(#1546),#1564,.F.);
#1546 = FACE_BOUND('',#1547,.F.);
#1547 = EDGE_LOOP('',(#1548,#1549,#1557,#1563));
#1548 = ORIENTED_EDGE('',*,*,#1265,.F.);
#1549 = ORIENTED_EDGE('',*,*,#1550,.T.);
#1550 = EDGE_CURVE('',#1258,#1551,#1553,.T.);
#1551 = VERTEX_POINT('',#1552);
#1552 = CARTESIAN_POINT('',(4.85,8.6,-1.6));
#1553 = LINE('',#1554,#1555);
#1554 = CARTESIAN_POINT('',(4.7,8.6,-1.6));
#1555 = VECTOR('',#1556,1.);
#1556 = DIRECTION('',(1.,0.,0.));
#1557 = ORIENTED_EDGE('',*,*,#1558,.T.);
#1558 = EDGE_CURVE('',#1551,#1526,#1559,.T.);
#1559 = LINE('',#1560,#1561);
#1560 = CARTESIAN_POINT('',(4.85,8.6,-1.6));
#1561 = VECTOR('',#1562,1.);
#1562 = DIRECTION('',(0.,1.,0.));
#1563 = ORIENTED_EDGE('',*,*,#1533,.F.);
#1564 = PLANE('',#1565);
#1565 = AXIS2_PLACEMENT_3D('',#1566,#1567,#1568);
#1566 = CARTESIAN_POINT('',(4.7,8.6,-1.6));
#1567 = DIRECTION('',(0.,0.,1.));
#1568 = DIRECTION('',(1.,0.,-0.));
#1569 = ADVANCED_FACE('',(#1570),#1581,.F.);
#1570 = FACE_BOUND('',#1571,.F.);
#1571 = EDGE_LOOP('',(#1572,#1578,#1579,#1580));
#1572 = ORIENTED_EDGE('',*,*,#1573,.F.);
#1573 = EDGE_CURVE('',#1551,#1307,#1574,.T.);
#1574 = LINE('',#1575,#1576);
#1575 = CARTESIAN_POINT('',(4.85,8.6,-1.6));
#1576 = VECTOR('',#1577,1.);
#1577 = DIRECTION('',(0.,0.,1.));
#1578 = ORIENTED_EDGE('',*,*,#1550,.F.);
#1579 = ORIENTED_EDGE('',*,*,#1257,.T.);
#1580 = ORIENTED_EDGE('',*,*,#1314,.F.);
#1581 = PLANE('',#1582);
#1582 = AXIS2_PLACEMENT_3D('',#1583,#1584,#1585);
#1583 = CARTESIAN_POINT('',(4.7,8.6,-1.6));
#1584 = DIRECTION('',(0.,1.,0.));
#1585 = DIRECTION('',(0.,-0.,1.));
#1586 = ADVANCED_FACE('',(#1587),#1605,.F.);
#1587 = FACE_BOUND('',#1588,.F.);
#1588 = EDGE_LOOP('',(#1589,#1597,#1603,#1604));
#1589 = ORIENTED_EDGE('',*,*,#1590,.F.);
#1590 = EDGE_CURVE('',#1591,#1330,#1593,.T.);
#1591 = VERTEX_POINT('',#1592);
#1592 = CARTESIAN_POINT('',(4.85,2.2,-1.6));
#1593 = LINE('',#1594,#1595);
#1594 = CARTESIAN_POINT('',(4.85,2.2,-1.6));
#1595 = VECTOR('',#1596,1.);
#1596 = DIRECTION('',(0.,0.,1.));
#1597 = ORIENTED_EDGE('',*,*,#1598,.F.);
#1598 = EDGE_CURVE('',#1226,#1591,#1599,.T.);
#1599 = LINE('',#1600,#1601);
#1600 = CARTESIAN_POINT('',(4.7,2.2,-1.6));
#1601 = VECTOR('',#1602,1.);
#1602 = DIRECTION('',(1.,0.,0.));
#1603 = ORIENTED_EDGE('',*,*,#1225,.T.);
#1604 = ORIENTED_EDGE('',*,*,#1337,.F.);
#1605 = PLANE('',#1606);
#1606 = AXIS2_PLACEMENT_3D('',#1607,#1608,#1609);
#1607 = CARTESIAN_POINT('',(4.7,2.2,-1.6));
#1608 = DIRECTION('',(0.,1.,0.));
#1609 = DIRECTION('',(0.,-0.,1.));
#1610 = ADVANCED_FACE('',(#1611),#1629,.T.);
#1611 = FACE_BOUND('',#1612,.T.);
#1612 = EDGE_LOOP('',(#1613,#1614,#1622,#1628));
#1613 = ORIENTED_EDGE('',*,*,#1590,.F.);
#1614 = ORIENTED_EDGE('',*,*,#1615,.T.);
#1615 = EDGE_CURVE('',#1591,#1616,#1618,.T.);
#1616 = VERTEX_POINT('',#1617);
#1617 = CARTESIAN_POINT('',(4.85,3.3,-1.6));
#1618 = LINE('',#1619,#1620);
#1619 = CARTESIAN_POINT('',(4.85,2.2,-1.6));
#1620 = VECTOR('',#1621,1.);
#1621 = DIRECTION('',(0.,1.,0.));
#1622 = ORIENTED_EDGE('',*,*,#1623,.T.);
#1623 = EDGE_CURVE('',#1616,#1322,#1624,.T.);
#1624 = LINE('',#1625,#1626);
#1625 = CARTESIAN_POINT('',(4.85,3.3,-1.6));
#1626 = VECTOR('',#1627,1.);
#1627 = DIRECTION('',(0.,0.,1.));
#1628 = ORIENTED_EDGE('',*,*,#1329,.F.);
#1629 = PLANE('',#1630);
#1630 = AXIS2_PLACEMENT_3D('',#1631,#1632,#1633);
#1631 = CARTESIAN_POINT('',(4.85,2.2,-1.6));
#1632 = DIRECTION('',(1.,0.,0.));
#1633 = DIRECTION('',(0.,0.,1.));
#1634 = ADVANCED_FACE('',(#1635),#1646,.T.);
#1635 = FACE_BOUND('',#1636,.T.);
#1636 = EDGE_LOOP('',(#1637,#1638,#1644,#1645));
#1637 = ORIENTED_EDGE('',*,*,#1623,.F.);
#1638 = ORIENTED_EDGE('',*,*,#1639,.F.);
#1639 = EDGE_CURVE('',#1234,#1616,#1640,.T.);
#1640 = LINE('',#1641,#1642);
#1641 = CARTESIAN_POINT('',(4.7,3.3,-1.6));
#1642 = VECTOR('',#1643,1.);
#1643 = DIRECTION('',(1.,0.,0.));
#1644 = ORIENTED_EDGE('',*,*,#1241,.T.);
#1645 = ORIENTED_EDGE('',*,*,#1321,.F.);
#1646 = PLANE('',#1647);
#1647 = AXIS2_PLACEMENT_3D('',#1648,#1649,#1650);
#1648 = CARTESIAN_POINT('',(4.7,3.3,-1.6));
#1649 = DIRECTION('',(0.,1.,0.));
#1650 = DIRECTION('',(0.,-0.,1.));
#1651 = ADVANCED_FACE('',(#1652),#1658,.T.);
#1652 = FACE_BOUND('',#1653,.T.);
#1653 = EDGE_LOOP('',(#1654,#1655,#1656,#1657));
#1654 = ORIENTED_EDGE('',*,*,#1573,.F.);
#1655 = ORIENTED_EDGE('',*,*,#1558,.T.);
#1656 = ORIENTED_EDGE('',*,*,#1525,.T.);
#1657 = ORIENTED_EDGE('',*,*,#1306,.F.);
#1658 = PLANE('',#1659);
#1659 = AXIS2_PLACEMENT_3D('',#1660,#1661,#1662);
#1660 = CARTESIAN_POINT('',(4.85,8.6,-1.6));
#1661 = DIRECTION('',(1.,0.,0.));
#1662 = DIRECTION('',(0.,0.,1.));
#1663 = ADVANCED_FACE('',(#1664),#1670,.F.);
#1664 = FACE_BOUND('',#1665,.F.);
#1665 = EDGE_LOOP('',(#1666,#1667,#1668,#1669));
#1666 = ORIENTED_EDGE('',*,*,#1233,.F.);
#1667 = ORIENTED_EDGE('',*,*,#1598,.T.);
#1668 = ORIENTED_EDGE('',*,*,#1615,.T.);
#1669 = ORIENTED_EDGE('',*,*,#1639,.F.);
#1670 = PLANE('',#1671);
#1671 = AXIS2_PLACEMENT_3D('',#1672,#1673,#1674);
#1672 = CARTESIAN_POINT('',(4.7,2.2,-1.6));
#1673 = DIRECTION('',(0.,0.,1.));
#1674 = DIRECTION('',(1.,0.,-0.));
#1675 = ( GEOMETRIC_REPRESENTATION_CONTEXT(3) 
GLOBAL_UNCERTAINTY_ASSIGNED_CONTEXT((#1679)) 
GLOBAL_UNIT_ASSIGNED_CONTEXT((#1676,#1677,#1678)) REPRESENTATION_CONTEXT
('Context #1','3D Context with UNIT and UNCERTAINTY') );
#1676 = ( LENGTH_UNIT() NAMED_UNIT(*) SI_UNIT(.MILLI.,.METRE.) );
#1677 = ( NAMED_UNIT(*) PLANE_ANGLE_UNIT() SI_UNIT($,.RADIAN.) );
#1678 = ( NAMED_UNIT(*) SI_UNIT($,.STERADIAN.) SOLID_ANGLE_UNIT() );
#1679 = UNCERTAINTY_MEASURE_WITH_UNIT(LENGTH_MEASURE(1.E-07),#1676,
  'distance_accuracy_value','confusion accuracy');
#1680 = CONTEXT_DEPENDENT_SHAPE_REPRESENTATION(#1681,#1683);
#1681 = ( REPRESENTATION_RELATIONSHIP('','',#864,#75) 
REPRESENTATION_RELATIONSHIP_WITH_TRANSFORMATION(#1682) 
SHAPE_REPRESENTATION_RELATIONSHIP() );
#1682 = ITEM_DEFINED_TRANSFORMATION('','',#11,#80);
#1683 = PRODUCT_DEFINITION_SHAPE('Placement','Placement of an item',
  #1684);
#1684 = NEXT_ASSEMBLY_USAGE_OCCURRENCE('2',
  'contiguous_stamped_shield_and_four_stakes','',#70,#859,$);
#1685 = PRODUCT_RELATED_PRODUCT_CATEGORY('part',$,(#861));
#1686 = SHAPE_DEFINITION_REPRESENTATION(#1687,#1693);
#1687 = PRODUCT_DEFINITION_SHAPE('','',#1688);
#1688 = PRODUCT_DEFINITION('design','',#1689,#1692);
#1689 = PRODUCT_DEFINITION_FORMATION('','',#1690);
#1690 = PRODUCT('plastic_centre_boss_with_ID_hole',
  'plastic_centre_boss_with_ID_hole','',(#1691));
#1691 = PRODUCT_CONTEXT('',#2,'mechanical');
#1692 = PRODUCT_DEFINITION_CONTEXT('part definition',#2,'design');
#1693 = ADVANCED_BREP_SHAPE_REPRESENTATION('',(#11,#1694),#1786);
#1694 = MANIFOLD_SOLID_BREP('',#1695);
#1695 = CLOSED_SHELL('',(#1696,#1729,#1749,#1769));
#1696 = ADVANCED_FACE('',(#1697),#1724,.T.);
#1697 = FACE_BOUND('',#1698,.T.);
#1698 = EDGE_LOOP('',(#1699,#1708,#1716,#1723));
#1699 = ORIENTED_EDGE('',*,*,#1700,.F.);
#1700 = EDGE_CURVE('',#1701,#1701,#1703,.T.);
#1701 = VERTEX_POINT('',#1702);
#1702 = CARTESIAN_POINT('',(-4.041334437186E-16,8.6,6.55));
#1703 = CIRCLE('',#1704,1.65);
#1704 = AXIS2_PLACEMENT_3D('',#1705,#1706,#1707);
#1705 = CARTESIAN_POINT('',(0.,8.6,4.9));
#1706 = DIRECTION('',(0.,1.,0.));
#1707 = DIRECTION('',(0.,-0.,1.));
#1708 = ORIENTED_EDGE('',*,*,#1709,.F.);
#1709 = EDGE_CURVE('',#1710,#1701,#1712,.T.);
#1710 = VERTEX_POINT('',#1711);
#1711 = CARTESIAN_POINT('',(-4.041334437186E-16,0.7,6.55));
#1712 = LINE('',#1713,#1714);
#1713 = CARTESIAN_POINT('',(-4.041334437186E-16,0.7,6.55));
#1714 = VECTOR('',#1715,1.);
#1715 = DIRECTION('',(0.,1.,0.));
#1716 = ORIENTED_EDGE('',*,*,#1717,.T.);
#1717 = EDGE_CURVE('',#1710,#1710,#1718,.T.);
#1718 = CIRCLE('',#1719,1.65);
#1719 = AXIS2_PLACEMENT_3D('',#1720,#1721,#1722);
#1720 = CARTESIAN_POINT('',(0.,0.7,4.9));
#1721 = DIRECTION('',(0.,1.,0.));
#1722 = DIRECTION('',(0.,-0.,1.));
#1723 = ORIENTED_EDGE('',*,*,#1709,.T.);
#1724 = CYLINDRICAL_SURFACE('',#1725,1.65);
#1725 = AXIS2_PLACEMENT_3D('',#1726,#1727,#1728);
#1726 = CARTESIAN_POINT('',(0.,0.7,4.9));
#1727 = DIRECTION('',(0.,1.,0.));
#1728 = DIRECTION('',(0.,-0.,1.));
#1729 = ADVANCED_FACE('',(#1730,#1733),#1744,.T.);
#1730 = FACE_BOUND('',#1731,.T.);
#1731 = EDGE_LOOP('',(#1732));
#1732 = ORIENTED_EDGE('',*,*,#1700,.T.);
#1733 = FACE_BOUND('',#1734,.T.);
#1734 = EDGE_LOOP('',(#1735));
#1735 = ORIENTED_EDGE('',*,*,#1736,.F.);
#1736 = EDGE_CURVE('',#1737,#1737,#1739,.T.);
#1737 = VERTEX_POINT('',#1738);
#1738 = CARTESIAN_POINT('',(-7.837739514543E-17,8.6,5.22));
#1739 = CIRCLE('',#1740,0.32);
#1740 = AXIS2_PLACEMENT_3D('',#1741,#1742,#1743);
#1741 = CARTESIAN_POINT('',(0.,8.6,4.9));
#1742 = DIRECTION('',(0.,1.,0.));
#1743 = DIRECTION('',(0.,-0.,1.));
#1744 = PLANE('',#1745);
#1745 = AXIS2_PLACEMENT_3D('',#1746,#1747,#1748);
#1746 = CARTESIAN_POINT('',(0.,8.6,4.9));
#1747 = DIRECTION('',(0.,1.,0.));
#1748 = DIRECTION('',(0.,-0.,1.));
#1749 = ADVANCED_FACE('',(#1750,#1753),#1764,.F.);
#1750 = FACE_BOUND('',#1751,.F.);
#1751 = EDGE_LOOP('',(#1752));
#1752 = ORIENTED_EDGE('',*,*,#1717,.T.);
#1753 = FACE_BOUND('',#1754,.F.);
#1754 = EDGE_LOOP('',(#1755));
#1755 = ORIENTED_EDGE('',*,*,#1756,.F.);
#1756 = EDGE_CURVE('',#1757,#1757,#1759,.T.);
#1757 = VERTEX_POINT('',#1758);
#1758 = CARTESIAN_POINT('',(-7.837739514543E-17,0.7,5.22));
#1759 = CIRCLE('',#1760,0.32);
#1760 = AXIS2_PLACEMENT_3D('',#1761,#1762,#1763);
#1761 = CARTESIAN_POINT('',(0.,0.7,4.9));
#1762 = DIRECTION('',(0.,1.,0.));
#1763 = DIRECTION('',(0.,-0.,1.));
#1764 = PLANE('',#1765);
#1765 = AXIS2_PLACEMENT_3D('',#1766,#1767,#1768);
#1766 = CARTESIAN_POINT('',(0.,0.7,4.9));
#1767 = DIRECTION('',(0.,1.,0.));
#1768 = DIRECTION('',(0.,-0.,1.));
#1769 = ADVANCED_FACE('',(#1770),#1781,.F.);
#1770 = FACE_BOUND('',#1771,.F.);
#1771 = EDGE_LOOP('',(#1772,#1773,#1779,#1780));
#1772 = ORIENTED_EDGE('',*,*,#1736,.F.);
#1773 = ORIENTED_EDGE('',*,*,#1774,.F.);
#1774 = EDGE_CURVE('',#1757,#1737,#1775,.T.);
#1775 = LINE('',#1776,#1777);
#1776 = CARTESIAN_POINT('',(-7.837739514543E-17,0.6,5.22));
#1777 = VECTOR('',#1778,1.);
#1778 = DIRECTION('',(0.,1.,0.));
#1779 = ORIENTED_EDGE('',*,*,#1756,.T.);
#1780 = ORIENTED_EDGE('',*,*,#1774,.T.);
#1781 = CYLINDRICAL_SURFACE('',#1782,0.32);
#1782 = AXIS2_PLACEMENT_3D('',#1783,#1784,#1785);
#1783 = CARTESIAN_POINT('',(0.,0.6,4.9));
#1784 = DIRECTION('',(0.,1.,0.));
#1785 = DIRECTION('',(0.,-0.,1.));
#1786 = ( GEOMETRIC_REPRESENTATION_CONTEXT(3) 
GLOBAL_UNCERTAINTY_ASSIGNED_CONTEXT((#1790)) 
GLOBAL_UNIT_ASSIGNED_CONTEXT((#1787,#1788,#1789)) REPRESENTATION_CONTEXT
('Context #1','3D Context with UNIT and UNCERTAINTY') );
#1787 = ( LENGTH_UNIT() NAMED_UNIT(*) SI_UNIT(.MILLI.,.METRE.) );
#1788 = ( NAMED_UNIT(*) PLANE_ANGLE_UNIT() SI_UNIT($,.RADIAN.) );
#1789 = ( NAMED_UNIT(*) SI_UNIT($,.STERADIAN.) SOLID_ANGLE_UNIT() );
#1790 = UNCERTAINTY_MEASURE_WITH_UNIT(LENGTH_MEASURE(1.E-07),#1787,
  'distance_accuracy_value','confusion accuracy');
#1791 = CONTEXT_DEPENDENT_SHAPE_REPRESENTATION(#1792,#1794);
#1792 = ( REPRESENTATION_RELATIONSHIP('','',#1693,#75) 
REPRESENTATION_RELATIONSHIP_WITH_TRANSFORMATION(#1793) 
SHAPE_REPRESENTATION_RELATIONSHIP() );
#1793 = ITEM_DEFINED_TRANSFORMATION('','',#11,#84);
#1794 = PRODUCT_DEFINITION_SHAPE('Placement','Placement of an item',
  #1795);
#1795 = NEXT_ASSEMBLY_USAGE_OCCURRENCE('3',
  'plastic_centre_boss_with_ID_hole','',#70,#1688,$);
#1796 = PRODUCT_RELATED_PRODUCT_CATEGORY('part',$,(#1690));
#1797 = SHAPE_DEFINITION_REPRESENTATION(#1798,#1804);
#1798 = PRODUCT_DEFINITION_SHAPE('','',#1799);
#1799 = PRODUCT_DEFINITION('design','',#1800,#1803);
#1800 = PRODUCT_DEFINITION_FORMATION('','',#1801);
#1801 = PRODUCT('barrel_side_contact_1','barrel_side_contact_1','',(
    #1802));
#1802 = PRODUCT_CONTEXT('',#2,'mechanical');
#1803 = PRODUCT_DEFINITION_CONTEXT('part definition',#2,'design');
#1804 = ADVANCED_BREP_SHAPE_REPRESENTATION('',(#11,#1805),#1955);
#1805 = MANIFOLD_SOLID_BREP('',#1806);
#1806 = CLOSED_SHELL('',(#1807,#1847,#1887,#1909,#1931,#1943));
#1807 = ADVANCED_FACE('',(#1808),#1842,.F.);
#1808 = FACE_BOUND('',#1809,.F.);
#1809 = EDGE_LOOP('',(#1810,#1820,#1828,#1836));
#1810 = ORIENTED_EDGE('',*,*,#1811,.F.);
#1811 = EDGE_CURVE('',#1812,#1814,#1816,.T.);
#1812 = VERTEX_POINT('',#1813);
#1813 = CARTESIAN_POINT('',(-3.08,2.05,4.45));
#1814 = VERTEX_POINT('',#1815);
#1815 = CARTESIAN_POINT('',(-3.08,2.05,5.35));
#1816 = LINE('',#1817,#1818);
#1817 = CARTESIAN_POINT('',(-3.08,2.05,4.45));
#1818 = VECTOR('',#1819,1.);
#1819 = DIRECTION('',(0.,0.,1.));
#1820 = ORIENTED_EDGE('',*,*,#1821,.T.);
#1821 = EDGE_CURVE('',#1812,#1822,#1824,.T.);
#1822 = VERTEX_POINT('',#1823);
#1823 = CARTESIAN_POINT('',(-3.08,6.25,4.45));
#1824 = LINE('',#1825,#1826);
#1825 = CARTESIAN_POINT('',(-3.08,2.05,4.45));
#1826 = VECTOR('',#1827,1.);
#1827 = DIRECTION('',(0.,1.,0.));
#1828 = ORIENTED_EDGE('',*,*,#1829,.T.);
#1829 = EDGE_CURVE('',#1822,#1830,#1832,.T.);
#1830 = VERTEX_POINT('',#1831);
#1831 = CARTESIAN_POINT('',(-3.08,6.25,5.35));
#1832 = LINE('',#1833,#1834);
#1833 = CARTESIAN_POINT('',(-3.08,6.25,4.45));
#1834 = VECTOR('',#1835,1.);
#1835 = DIRECTION('',(0.,0.,1.));
#1836 = ORIENTED_EDGE('',*,*,#1837,.F.);
#1837 = EDGE_CURVE('',#1814,#1830,#1838,.T.);
#1838 = LINE('',#1839,#1840);
#1839 = CARTESIAN_POINT('',(-3.08,2.05,5.35));
#1840 = VECTOR('',#1841,1.);
#1841 = DIRECTION('',(0.,1.,0.));
#1842 = PLANE('',#1843);
#1843 = AXIS2_PLACEMENT_3D('',#1844,#1845,#1846);
#1844 = CARTESIAN_POINT('',(-3.08,2.05,4.45));
#1845 = DIRECTION('',(1.,0.,0.));
#1846 = DIRECTION('',(0.,0.,1.));
#1847 = ADVANCED_FACE('',(#1848),#1882,.T.);
#1848 = FACE_BOUND('',#1849,.T.);
#1849 = EDGE_LOOP('',(#1850,#1860,#1868,#1876));
#1850 = ORIENTED_EDGE('',*,*,#1851,.F.);
#1851 = EDGE_CURVE('',#1852,#1854,#1856,.T.);
#1852 = VERTEX_POINT('',#1853);
#1853 = CARTESIAN_POINT('',(-2.72,2.05,4.45));
#1854 = VERTEX_POINT('',#1855);
#1855 = CARTESIAN_POINT('',(-2.72,2.05,5.35));
#1856 = LINE('',#1857,#1858);
#1857 = CARTESIAN_POINT('',(-2.72,2.05,4.45));
#1858 = VECTOR('',#1859,1.);
#1859 = DIRECTION('',(0.,0.,1.));
#1860 = ORIENTED_EDGE('',*,*,#1861,.T.);
#1861 = EDGE_CURVE('',#1852,#1862,#1864,.T.);
#1862 = VERTEX_POINT('',#1863);
#1863 = CARTESIAN_POINT('',(-2.72,6.25,4.45));
#1864 = LINE('',#1865,#1866);
#1865 = CARTESIAN_POINT('',(-2.72,2.05,4.45));
#1866 = VECTOR('',#1867,1.);
#1867 = DIRECTION('',(0.,1.,0.));
#1868 = ORIENTED_EDGE('',*,*,#1869,.T.);
#1869 = EDGE_CURVE('',#1862,#1870,#1872,.T.);
#1870 = VERTEX_POINT('',#1871);
#1871 = CARTESIAN_POINT('',(-2.72,6.25,5.35));
#1872 = LINE('',#1873,#1874);
#1873 = CARTESIAN_POINT('',(-2.72,6.25,4.45));
#1874 = VECTOR('',#1875,1.);
#1875 = DIRECTION('',(0.,0.,1.));
#1876 = ORIENTED_EDGE('',*,*,#1877,.F.);
#1877 = EDGE_CURVE('',#1854,#1870,#1878,.T.);
#1878 = LINE('',#1879,#1880);
#1879 = CARTESIAN_POINT('',(-2.72,2.05,5.35));
#1880 = VECTOR('',#1881,1.);
#1881 = DIRECTION('',(0.,1.,0.));
#1882 = PLANE('',#1883);
#1883 = AXIS2_PLACEMENT_3D('',#1884,#1885,#1886);
#1884 = CARTESIAN_POINT('',(-2.72,2.05,4.45));
#1885 = DIRECTION('',(1.,0.,0.));
#1886 = DIRECTION('',(0.,0.,1.));
#1887 = ADVANCED_FACE('',(#1888),#1904,.F.);
#1888 = FACE_BOUND('',#1889,.F.);
#1889 = EDGE_LOOP('',(#1890,#1896,#1897,#1903));
#1890 = ORIENTED_EDGE('',*,*,#1891,.F.);
#1891 = EDGE_CURVE('',#1812,#1852,#1892,.T.);
#1892 = LINE('',#1893,#1894);
#1893 = CARTESIAN_POINT('',(-3.08,2.05,4.45));
#1894 = VECTOR('',#1895,1.);
#1895 = DIRECTION('',(1.,0.,0.));
#1896 = ORIENTED_EDGE('',*,*,#1811,.T.);
#1897 = ORIENTED_EDGE('',*,*,#1898,.T.);
#1898 = EDGE_CURVE('',#1814,#1854,#1899,.T.);
#1899 = LINE('',#1900,#1901);
#1900 = CARTESIAN_POINT('',(-3.08,2.05,5.35));
#1901 = VECTOR('',#1902,1.);
#1902 = DIRECTION('',(1.,0.,0.));
#1903 = ORIENTED_EDGE('',*,*,#1851,.F.);
#1904 = PLANE('',#1905);
#1905 = AXIS2_PLACEMENT_3D('',#1906,#1907,#1908);
#1906 = CARTESIAN_POINT('',(-3.08,2.05,4.45));
#1907 = DIRECTION('',(0.,1.,0.));
#1908 = DIRECTION('',(0.,-0.,1.));
#1909 = ADVANCED_FACE('',(#1910),#1926,.T.);
#1910 = FACE_BOUND('',#1911,.T.);
#1911 = EDGE_LOOP('',(#1912,#1918,#1919,#1925));
#1912 = ORIENTED_EDGE('',*,*,#1913,.F.);
#1913 = EDGE_CURVE('',#1822,#1862,#1914,.T.);
#1914 = LINE('',#1915,#1916);
#1915 = CARTESIAN_POINT('',(-3.08,6.25,4.45));
#1916 = VECTOR('',#1917,1.);
#1917 = DIRECTION('',(1.,0.,0.));
#1918 = ORIENTED_EDGE('',*,*,#1829,.T.);
#1919 = ORIENTED_EDGE('',*,*,#1920,.T.);
#1920 = EDGE_CURVE('',#1830,#1870,#1921,.T.);
#1921 = LINE('',#1922,#1923);
#1922 = CARTESIAN_POINT('',(-3.08,6.25,5.35));
#1923 = VECTOR('',#1924,1.);
#1924 = DIRECTION('',(1.,0.,0.));
#1925 = ORIENTED_EDGE('',*,*,#1869,.F.);
#1926 = PLANE('',#1927);
#1927 = AXIS2_PLACEMENT_3D('',#1928,#1929,#1930);
#1928 = CARTESIAN_POINT('',(-3.08,6.25,4.45));
#1929 = DIRECTION('',(0.,1.,0.));
#1930 = DIRECTION('',(0.,-0.,1.));
#1931 = ADVANCED_FACE('',(#1932),#1938,.F.);
#1932 = FACE_BOUND('',#1933,.F.);
#1933 = EDGE_LOOP('',(#1934,#1935,#1936,#1937));
#1934 = ORIENTED_EDGE('',*,*,#1821,.F.);
#1935 = ORIENTED_EDGE('',*,*,#1891,.T.);
#1936 = ORIENTED_EDGE('',*,*,#1861,.T.);
#1937 = ORIENTED_EDGE('',*,*,#1913,.F.);
#1938 = PLANE('',#1939);
#1939 = AXIS2_PLACEMENT_3D('',#1940,#1941,#1942);
#1940 = CARTESIAN_POINT('',(-3.08,2.05,4.45));
#1941 = DIRECTION('',(0.,0.,1.));
#1942 = DIRECTION('',(1.,0.,-0.));
#1943 = ADVANCED_FACE('',(#1944),#1950,.T.);
#1944 = FACE_BOUND('',#1945,.T.);
#1945 = EDGE_LOOP('',(#1946,#1947,#1948,#1949));
#1946 = ORIENTED_EDGE('',*,*,#1837,.F.);
#1947 = ORIENTED_EDGE('',*,*,#1898,.T.);
#1948 = ORIENTED_EDGE('',*,*,#1877,.T.);
#1949 = ORIENTED_EDGE('',*,*,#1920,.F.);
#1950 = PLANE('',#1951);
#1951 = AXIS2_PLACEMENT_3D('',#1952,#1953,#1954);
#1952 = CARTESIAN_POINT('',(-3.08,2.05,5.35));
#1953 = DIRECTION('',(0.,0.,1.));
#1954 = DIRECTION('',(1.,0.,-0.));
#1955 = ( GEOMETRIC_REPRESENTATION_CONTEXT(3) 
GLOBAL_UNCERTAINTY_ASSIGNED_CONTEXT((#1959)) 
GLOBAL_UNIT_ASSIGNED_CONTEXT((#1956,#1957,#1958)) REPRESENTATION_CONTEXT
('Context #1','3D Context with UNIT and UNCERTAINTY') );
#1956 = ( LENGTH_UNIT() NAMED_UNIT(*) SI_UNIT(.MILLI.,.METRE.) );
#1957 = ( NAMED_UNIT(*) PLANE_ANGLE_UNIT() SI_UNIT($,.RADIAN.) );
#1958 = ( NAMED_UNIT(*) SI_UNIT($,.STERADIAN.) SOLID_ANGLE_UNIT() );
#1959 = UNCERTAINTY_MEASURE_WITH_UNIT(LENGTH_MEASURE(1.E-07),#1956,
  'distance_accuracy_value','confusion accuracy');
#1960 = CONTEXT_DEPENDENT_SHAPE_REPRESENTATION(#1961,#1963);
#1961 = ( REPRESENTATION_RELATIONSHIP('','',#1804,#75) 
REPRESENTATION_RELATIONSHIP_WITH_TRANSFORMATION(#1962) 
SHAPE_REPRESENTATION_RELATIONSHIP() );
#1962 = ITEM_DEFINED_TRANSFORMATION('','',#11,#88);
#1963 = PRODUCT_DEFINITION_SHAPE('Placement','Placement of an item',
  #1964);
#1964 = NEXT_ASSEMBLY_USAGE_OCCURRENCE('4','barrel_side_contact_1','',
  #70,#1799,$);
#1965 = PRODUCT_RELATED_PRODUCT_CATEGORY('part',$,(#1801));
#1966 = SHAPE_DEFINITION_REPRESENTATION(#1967,#1973);
#1967 = PRODUCT_DEFINITION_SHAPE('','',#1968);
#1968 = PRODUCT_DEFINITION('design','',#1969,#1972);
#1969 = PRODUCT_DEFINITION_FORMATION('','',#1970);
#1970 = PRODUCT('barrel_side_contact_2','barrel_side_contact_2','',(
    #1971));
#1971 = PRODUCT_CONTEXT('',#2,'mechanical');
#1972 = PRODUCT_DEFINITION_CONTEXT('part definition',#2,'design');
#1973 = ADVANCED_BREP_SHAPE_REPRESENTATION('',(#11,#1974),#2124);
#1974 = MANIFOLD_SOLID_BREP('',#1975);
#1975 = CLOSED_SHELL('',(#1976,#2016,#2056,#2078,#2100,#2112));
#1976 = ADVANCED_FACE('',(#1977),#2011,.F.);
#1977 = FACE_BOUND('',#1978,.F.);
#1978 = EDGE_LOOP('',(#1979,#1989,#1997,#2005));
#1979 = ORIENTED_EDGE('',*,*,#1980,.F.);
#1980 = EDGE_CURVE('',#1981,#1983,#1985,.T.);
#1981 = VERTEX_POINT('',#1982);
#1982 = CARTESIAN_POINT('',(2.72,2.05,4.45));
#1983 = VERTEX_POINT('',#1984);
#1984 = CARTESIAN_POINT('',(2.72,2.05,5.35));
#1985 = LINE('',#1986,#1987);
#1986 = CARTESIAN_POINT('',(2.72,2.05,4.45));
#1987 = VECTOR('',#1988,1.);
#1988 = DIRECTION('',(0.,0.,1.));
#1989 = ORIENTED_EDGE('',*,*,#1990,.T.);
#1990 = EDGE_CURVE('',#1981,#1991,#1993,.T.);
#1991 = VERTEX_POINT('',#1992);
#1992 = CARTESIAN_POINT('',(2.72,6.25,4.45));
#1993 = LINE('',#1994,#1995);
#1994 = CARTESIAN_POINT('',(2.72,2.05,4.45));
#1995 = VECTOR('',#1996,1.);
#1996 = DIRECTION('',(0.,1.,0.));
#1997 = ORIENTED_EDGE('',*,*,#1998,.T.);
#1998 = EDGE_CURVE('',#1991,#1999,#2001,.T.);
#1999 = VERTEX_POINT('',#2000);
#2000 = CARTESIAN_POINT('',(2.72,6.25,5.35));
#2001 = LINE('',#2002,#2003);
#2002 = CARTESIAN_POINT('',(2.72,6.25,4.45));
#2003 = VECTOR('',#2004,1.);
#2004 = DIRECTION('',(0.,0.,1.));
#2005 = ORIENTED_EDGE('',*,*,#2006,.F.);
#2006 = EDGE_CURVE('',#1983,#1999,#2007,.T.);
#2007 = LINE('',#2008,#2009);
#2008 = CARTESIAN_POINT('',(2.72,2.05,5.35));
#2009 = VECTOR('',#2010,1.);
#2010 = DIRECTION('',(0.,1.,0.));
#2011 = PLANE('',#2012);
#2012 = AXIS2_PLACEMENT_3D('',#2013,#2014,#2015);
#2013 = CARTESIAN_POINT('',(2.72,2.05,4.45));
#2014 = DIRECTION('',(1.,0.,0.));
#2015 = DIRECTION('',(0.,0.,1.));
#2016 = ADVANCED_FACE('',(#2017),#2051,.T.);
#2017 = FACE_BOUND('',#2018,.T.);
#2018 = EDGE_LOOP('',(#2019,#2029,#2037,#2045));
#2019 = ORIENTED_EDGE('',*,*,#2020,.F.);
#2020 = EDGE_CURVE('',#2021,#2023,#2025,.T.);
#2021 = VERTEX_POINT('',#2022);
#2022 = CARTESIAN_POINT('',(3.08,2.05,4.45));
#2023 = VERTEX_POINT('',#2024);
#2024 = CARTESIAN_POINT('',(3.08,2.05,5.35));
#2025 = LINE('',#2026,#2027);
#2026 = CARTESIAN_POINT('',(3.08,2.05,4.45));
#2027 = VECTOR('',#2028,1.);
#2028 = DIRECTION('',(0.,0.,1.));
#2029 = ORIENTED_EDGE('',*,*,#2030,.T.);
#2030 = EDGE_CURVE('',#2021,#2031,#2033,.T.);
#2031 = VERTEX_POINT('',#2032);
#2032 = CARTESIAN_POINT('',(3.08,6.25,4.45));
#2033 = LINE('',#2034,#2035);
#2034 = CARTESIAN_POINT('',(3.08,2.05,4.45));
#2035 = VECTOR('',#2036,1.);
#2036 = DIRECTION('',(0.,1.,0.));
#2037 = ORIENTED_EDGE('',*,*,#2038,.T.);
#2038 = EDGE_CURVE('',#2031,#2039,#2041,.T.);
#2039 = VERTEX_POINT('',#2040);
#2040 = CARTESIAN_POINT('',(3.08,6.25,5.35));
#2041 = LINE('',#2042,#2043);
#2042 = CARTESIAN_POINT('',(3.08,6.25,4.45));
#2043 = VECTOR('',#2044,1.);
#2044 = DIRECTION('',(0.,0.,1.));
#2045 = ORIENTED_EDGE('',*,*,#2046,.F.);
#2046 = EDGE_CURVE('',#2023,#2039,#2047,.T.);
#2047 = LINE('',#2048,#2049);
#2048 = CARTESIAN_POINT('',(3.08,2.05,5.35));
#2049 = VECTOR('',#2050,1.);
#2050 = DIRECTION('',(0.,1.,0.));
#2051 = PLANE('',#2052);
#2052 = AXIS2_PLACEMENT_3D('',#2053,#2054,#2055);
#2053 = CARTESIAN_POINT('',(3.08,2.05,4.45));
#2054 = DIRECTION('',(1.,0.,0.));
#2055 = DIRECTION('',(0.,0.,1.));
#2056 = ADVANCED_FACE('',(#2057),#2073,.F.);
#2057 = FACE_BOUND('',#2058,.F.);
#2058 = EDGE_LOOP('',(#2059,#2065,#2066,#2072));
#2059 = ORIENTED_EDGE('',*,*,#2060,.F.);
#2060 = EDGE_CURVE('',#1981,#2021,#2061,.T.);
#2061 = LINE('',#2062,#2063);
#2062 = CARTESIAN_POINT('',(2.72,2.05,4.45));
#2063 = VECTOR('',#2064,1.);
#2064 = DIRECTION('',(1.,0.,0.));
#2065 = ORIENTED_EDGE('',*,*,#1980,.T.);
#2066 = ORIENTED_EDGE('',*,*,#2067,.T.);
#2067 = EDGE_CURVE('',#1983,#2023,#2068,.T.);
#2068 = LINE('',#2069,#2070);
#2069 = CARTESIAN_POINT('',(2.72,2.05,5.35));
#2070 = VECTOR('',#2071,1.);
#2071 = DIRECTION('',(1.,0.,0.));
#2072 = ORIENTED_EDGE('',*,*,#2020,.F.);
#2073 = PLANE('',#2074);
#2074 = AXIS2_PLACEMENT_3D('',#2075,#2076,#2077);
#2075 = CARTESIAN_POINT('',(2.72,2.05,4.45));
#2076 = DIRECTION('',(0.,1.,0.));
#2077 = DIRECTION('',(0.,-0.,1.));
#2078 = ADVANCED_FACE('',(#2079),#2095,.T.);
#2079 = FACE_BOUND('',#2080,.T.);
#2080 = EDGE_LOOP('',(#2081,#2087,#2088,#2094));
#2081 = ORIENTED_EDGE('',*,*,#2082,.F.);
#2082 = EDGE_CURVE('',#1991,#2031,#2083,.T.);
#2083 = LINE('',#2084,#2085);
#2084 = CARTESIAN_POINT('',(2.72,6.25,4.45));
#2085 = VECTOR('',#2086,1.);
#2086 = DIRECTION('',(1.,0.,0.));
#2087 = ORIENTED_EDGE('',*,*,#1998,.T.);
#2088 = ORIENTED_EDGE('',*,*,#2089,.T.);
#2089 = EDGE_CURVE('',#1999,#2039,#2090,.T.);
#2090 = LINE('',#2091,#2092);
#2091 = CARTESIAN_POINT('',(2.72,6.25,5.35));
#2092 = VECTOR('',#2093,1.);
#2093 = DIRECTION('',(1.,0.,0.));
#2094 = ORIENTED_EDGE('',*,*,#2038,.F.);
#2095 = PLANE('',#2096);
#2096 = AXIS2_PLACEMENT_3D('',#2097,#2098,#2099);
#2097 = CARTESIAN_POINT('',(2.72,6.25,4.45));
#2098 = DIRECTION('',(0.,1.,0.));
#2099 = DIRECTION('',(0.,-0.,1.));
#2100 = ADVANCED_FACE('',(#2101),#2107,.F.);
#2101 = FACE_BOUND('',#2102,.F.);
#2102 = EDGE_LOOP('',(#2103,#2104,#2105,#2106));
#2103 = ORIENTED_EDGE('',*,*,#1990,.F.);
#2104 = ORIENTED_EDGE('',*,*,#2060,.T.);
#2105 = ORIENTED_EDGE('',*,*,#2030,.T.);
#2106 = ORIENTED_EDGE('',*,*,#2082,.F.);
#2107 = PLANE('',#2108);
#2108 = AXIS2_PLACEMENT_3D('',#2109,#2110,#2111);
#2109 = CARTESIAN_POINT('',(2.72,2.05,4.45));
#2110 = DIRECTION('',(0.,0.,1.));
#2111 = DIRECTION('',(1.,0.,-0.));
#2112 = ADVANCED_FACE('',(#2113),#2119,.T.);
#2113 = FACE_BOUND('',#2114,.T.);
#2114 = EDGE_LOOP('',(#2115,#2116,#2117,#2118));
#2115 = ORIENTED_EDGE('',*,*,#2006,.F.);
#2116 = ORIENTED_EDGE('',*,*,#2067,.T.);
#2117 = ORIENTED_EDGE('',*,*,#2046,.T.);
#2118 = ORIENTED_EDGE('',*,*,#2089,.F.);
#2119 = PLANE('',#2120);
#2120 = AXIS2_PLACEMENT_3D('',#2121,#2122,#2123);
#2121 = CARTESIAN_POINT('',(2.72,2.05,5.35));
#2122 = DIRECTION('',(0.,0.,1.));
#2123 = DIRECTION('',(1.,0.,-0.));
#2124 = ( GEOMETRIC_REPRESENTATION_CONTEXT(3) 
GLOBAL_UNCERTAINTY_ASSIGNED_CONTEXT((#2128)) 
GLOBAL_UNIT_ASSIGNED_CONTEXT((#2125,#2126,#2127)) REPRESENTATION_CONTEXT
('Context #1','3D Context with UNIT and UNCERTAINTY') );
#2125 = ( LENGTH_UNIT() NAMED_UNIT(*) SI_UNIT(.MILLI.,.METRE.) );
#2126 = ( NAMED_UNIT(*) PLANE_ANGLE_UNIT() SI_UNIT($,.RADIAN.) );
#2127 = ( NAMED_UNIT(*) SI_UNIT($,.STERADIAN.) SOLID_ANGLE_UNIT() );
#2128 = UNCERTAINTY_MEASURE_WITH_UNIT(LENGTH_MEASURE(1.E-07),#2125,
  'distance_accuracy_value','confusion accuracy');
#2129 = CONTEXT_DEPENDENT_SHAPE_REPRESENTATION(#2130,#2132);
#2130 = ( REPRESENTATION_RELATIONSHIP('','',#1973,#75) 
REPRESENTATION_RELATIONSHIP_WITH_TRANSFORMATION(#2131) 
SHAPE_REPRESENTATION_RELATIONSHIP() );
#2131 = ITEM_DEFINED_TRANSFORMATION('','',#11,#92);
#2132 = PRODUCT_DEFINITION_SHAPE('Placement','Placement of an item',
  #2133);
#2133 = NEXT_ASSEMBLY_USAGE_OCCURRENCE('5','barrel_side_contact_2','',
  #70,#1968,$);
#2134 = PRODUCT_RELATED_PRODUCT_CATEGORY('part',$,(#1970));
#2135 = SHAPE_DEFINITION_REPRESENTATION(#2136,#2142);
#2136 = PRODUCT_DEFINITION_SHAPE('','',#2137);
#2137 = PRODUCT_DEFINITION('design','',#2138,#2141);
#2138 = PRODUCT_DEFINITION_FORMATION('','',#2139);
#2139 = PRODUCT('pad1_terminal_1_x-2.775_y12.25',
  'pad1_terminal_1_x-2.775_y12.25','',(#2140));
#2140 = PRODUCT_CONTEXT('',#2,'mechanical');
#2141 = PRODUCT_DEFINITION_CONTEXT('part definition',#2,'design');
#2142 = ADVANCED_BREP_SHAPE_REPRESENTATION('',(#11,#2143),#2293);
#2143 = MANIFOLD_SOLID_BREP('',#2144);
#2144 = CLOSED_SHELL('',(#2145,#2185,#2225,#2247,#2269,#2281));
#2145 = ADVANCED_FACE('',(#2146),#2180,.F.);
#2146 = FACE_BOUND('',#2147,.F.);
#2147 = EDGE_LOOP('',(#2148,#2158,#2166,#2174));
#2148 = ORIENTED_EDGE('',*,*,#2149,.F.);
#2149 = EDGE_CURVE('',#2150,#2152,#2154,.T.);
#2150 = VERTEX_POINT('',#2151);
#2151 = CARTESIAN_POINT('',(-3.35,12.09,-1.6));
#2152 = VERTEX_POINT('',#2153);
#2153 = CARTESIAN_POINT('',(-3.35,12.09,0.45));
#2154 = LINE('',#2155,#2156);
#2155 = CARTESIAN_POINT('',(-3.35,12.09,-1.6));
#2156 = VECTOR('',#2157,1.);
#2157 = DIRECTION('',(0.,0.,1.));
#2158 = ORIENTED_EDGE('',*,*,#2159,.T.);
#2159 = EDGE_CURVE('',#2150,#2160,#2162,.T.);
#2160 = VERTEX_POINT('',#2161);
#2161 = CARTESIAN_POINT('',(-3.35,12.41,-1.6));
#2162 = LINE('',#2163,#2164);
#2163 = CARTESIAN_POINT('',(-3.35,12.09,-1.6));
#2164 = VECTOR('',#2165,1.);
#2165 = DIRECTION('',(0.,1.,0.));
#2166 = ORIENTED_EDGE('',*,*,#2167,.T.);
#2167 = EDGE_CURVE('',#2160,#2168,#2170,.T.);
#2168 = VERTEX_POINT('',#2169);
#2169 = CARTESIAN_POINT('',(-3.35,12.41,0.45));
#2170 = LINE('',#2171,#2172);
#2171 = CARTESIAN_POINT('',(-3.35,12.41,-1.6));
#2172 = VECTOR('',#2173,1.);
#2173 = DIRECTION('',(0.,0.,1.));
#2174 = ORIENTED_EDGE('',*,*,#2175,.F.);
#2175 = EDGE_CURVE('',#2152,#2168,#2176,.T.);
#2176 = LINE('',#2177,#2178);
#2177 = CARTESIAN_POINT('',(-3.35,12.09,0.45));
#2178 = VECTOR('',#2179,1.);
#2179 = DIRECTION('',(0.,1.,0.));
#2180 = PLANE('',#2181);
#2181 = AXIS2_PLACEMENT_3D('',#2182,#2183,#2184);
#2182 = CARTESIAN_POINT('',(-3.35,12.09,-1.6));
#2183 = DIRECTION('',(1.,0.,0.));
#2184 = DIRECTION('',(0.,0.,1.));
#2185 = ADVANCED_FACE('',(#2186),#2220,.T.);
#2186 = FACE_BOUND('',#2187,.T.);
#2187 = EDGE_LOOP('',(#2188,#2198,#2206,#2214));
#2188 = ORIENTED_EDGE('',*,*,#2189,.F.);
#2189 = EDGE_CURVE('',#2190,#2192,#2194,.T.);
#2190 = VERTEX_POINT('',#2191);
#2191 = CARTESIAN_POINT('',(-2.2,12.09,-1.6));
#2192 = VERTEX_POINT('',#2193);
#2193 = CARTESIAN_POINT('',(-2.2,12.09,0.45));
#2194 = LINE('',#2195,#2196);
#2195 = CARTESIAN_POINT('',(-2.2,12.09,-1.6));
#2196 = VECTOR('',#2197,1.);
#2197 = DIRECTION('',(0.,0.,1.));
#2198 = ORIENTED_EDGE('',*,*,#2199,.T.);
#2199 = EDGE_CURVE('',#2190,#2200,#2202,.T.);
#2200 = VERTEX_POINT('',#2201);
#2201 = CARTESIAN_POINT('',(-2.2,12.41,-1.6));
#2202 = LINE('',#2203,#2204);
#2203 = CARTESIAN_POINT('',(-2.2,12.09,-1.6));
#2204 = VECTOR('',#2205,1.);
#2205 = DIRECTION('',(0.,1.,0.));
#2206 = ORIENTED_EDGE('',*,*,#2207,.T.);
#2207 = EDGE_CURVE('',#2200,#2208,#2210,.T.);
#2208 = VERTEX_POINT('',#2209);
#2209 = CARTESIAN_POINT('',(-2.2,12.41,0.45));
#2210 = LINE('',#2211,#2212);
#2211 = CARTESIAN_POINT('',(-2.2,12.41,-1.6));
#2212 = VECTOR('',#2213,1.);
#2213 = DIRECTION('',(0.,0.,1.));
#2214 = ORIENTED_EDGE('',*,*,#2215,.F.);
#2215 = EDGE_CURVE('',#2192,#2208,#2216,.T.);
#2216 = LINE('',#2217,#2218);
#2217 = CARTESIAN_POINT('',(-2.2,12.09,0.45));
#2218 = VECTOR('',#2219,1.);
#2219 = DIRECTION('',(0.,1.,0.));
#2220 = PLANE('',#2221);
#2221 = AXIS2_PLACEMENT_3D('',#2222,#2223,#2224);
#2222 = CARTESIAN_POINT('',(-2.2,12.09,-1.6));
#2223 = DIRECTION('',(1.,0.,0.));
#2224 = DIRECTION('',(0.,0.,1.));
#2225 = ADVANCED_FACE('',(#2226),#2242,.F.);
#2226 = FACE_BOUND('',#2227,.F.);
#2227 = EDGE_LOOP('',(#2228,#2234,#2235,#2241));
#2228 = ORIENTED_EDGE('',*,*,#2229,.F.);
#2229 = EDGE_CURVE('',#2150,#2190,#2230,.T.);
#2230 = LINE('',#2231,#2232);
#2231 = CARTESIAN_POINT('',(-3.35,12.09,-1.6));
#2232 = VECTOR('',#2233,1.);
#2233 = DIRECTION('',(1.,0.,0.));
#2234 = ORIENTED_EDGE('',*,*,#2149,.T.);
#2235 = ORIENTED_EDGE('',*,*,#2236,.T.);
#2236 = EDGE_CURVE('',#2152,#2192,#2237,.T.);
#2237 = LINE('',#2238,#2239);
#2238 = CARTESIAN_POINT('',(-3.35,12.09,0.45));
#2239 = VECTOR('',#2240,1.);
#2240 = DIRECTION('',(1.,0.,0.));
#2241 = ORIENTED_EDGE('',*,*,#2189,.F.);
#2242 = PLANE('',#2243);
#2243 = AXIS2_PLACEMENT_3D('',#2244,#2245,#2246);
#2244 = CARTESIAN_POINT('',(-3.35,12.09,-1.6));
#2245 = DIRECTION('',(0.,1.,0.));
#2246 = DIRECTION('',(0.,-0.,1.));
#2247 = ADVANCED_FACE('',(#2248),#2264,.T.);
#2248 = FACE_BOUND('',#2249,.T.);
#2249 = EDGE_LOOP('',(#2250,#2256,#2257,#2263));
#2250 = ORIENTED_EDGE('',*,*,#2251,.F.);
#2251 = EDGE_CURVE('',#2160,#2200,#2252,.T.);
#2252 = LINE('',#2253,#2254);
#2253 = CARTESIAN_POINT('',(-3.35,12.41,-1.6));
#2254 = VECTOR('',#2255,1.);
#2255 = DIRECTION('',(1.,0.,0.));
#2256 = ORIENTED_EDGE('',*,*,#2167,.T.);
#2257 = ORIENTED_EDGE('',*,*,#2258,.T.);
#2258 = EDGE_CURVE('',#2168,#2208,#2259,.T.);
#2259 = LINE('',#2260,#2261);
#2260 = CARTESIAN_POINT('',(-3.35,12.41,0.45));
#2261 = VECTOR('',#2262,1.);
#2262 = DIRECTION('',(1.,0.,0.));
#2263 = ORIENTED_EDGE('',*,*,#2207,.F.);
#2264 = PLANE('',#2265);
#2265 = AXIS2_PLACEMENT_3D('',#2266,#2267,#2268);
#2266 = CARTESIAN_POINT('',(-3.35,12.41,-1.6));
#2267 = DIRECTION('',(0.,1.,0.));
#2268 = DIRECTION('',(0.,-0.,1.));
#2269 = ADVANCED_FACE('',(#2270),#2276,.F.);
#2270 = FACE_BOUND('',#2271,.F.);
#2271 = EDGE_LOOP('',(#2272,#2273,#2274,#2275));
#2272 = ORIENTED_EDGE('',*,*,#2159,.F.);
#2273 = ORIENTED_EDGE('',*,*,#2229,.T.);
#2274 = ORIENTED_EDGE('',*,*,#2199,.T.);
#2275 = ORIENTED_EDGE('',*,*,#2251,.F.);
#2276 = PLANE('',#2277);
#2277 = AXIS2_PLACEMENT_3D('',#2278,#2279,#2280);
#2278 = CARTESIAN_POINT('',(-3.35,12.09,-1.6));
#2279 = DIRECTION('',(0.,0.,1.));
#2280 = DIRECTION('',(1.,0.,-0.));
#2281 = ADVANCED_FACE('',(#2282),#2288,.T.);
#2282 = FACE_BOUND('',#2283,.T.);
#2283 = EDGE_LOOP('',(#2284,#2285,#2286,#2287));
#2284 = ORIENTED_EDGE('',*,*,#2175,.F.);
#2285 = ORIENTED_EDGE('',*,*,#2236,.T.);
#2286 = ORIENTED_EDGE('',*,*,#2215,.T.);
#2287 = ORIENTED_EDGE('',*,*,#2258,.F.);
#2288 = PLANE('',#2289);
#2289 = AXIS2_PLACEMENT_3D('',#2290,#2291,#2292);
#2290 = CARTESIAN_POINT('',(-3.35,12.09,0.45));
#2291 = DIRECTION('',(0.,0.,1.));
#2292 = DIRECTION('',(1.,0.,-0.));
#2293 = ( GEOMETRIC_REPRESENTATION_CONTEXT(3) 
GLOBAL_UNCERTAINTY_ASSIGNED_CONTEXT((#2297)) 
GLOBAL_UNIT_ASSIGNED_CONTEXT((#2294,#2295,#2296)) REPRESENTATION_CONTEXT
('Context #1','3D Context with UNIT and UNCERTAINTY') );
#2294 = ( LENGTH_UNIT() NAMED_UNIT(*) SI_UNIT(.MILLI.,.METRE.) );
#2295 = ( NAMED_UNIT(*) PLANE_ANGLE_UNIT() SI_UNIT($,.RADIAN.) );
#2296 = ( NAMED_UNIT(*) SI_UNIT($,.STERADIAN.) SOLID_ANGLE_UNIT() );
#2297 = UNCERTAINTY_MEASURE_WITH_UNIT(LENGTH_MEASURE(1.E-07),#2294,
  'distance_accuracy_value','confusion accuracy');
#2298 = CONTEXT_DEPENDENT_SHAPE_REPRESENTATION(#2299,#2301);
#2299 = ( REPRESENTATION_RELATIONSHIP('','',#2142,#75) 
REPRESENTATION_RELATIONSHIP_WITH_TRANSFORMATION(#2300) 
SHAPE_REPRESENTATION_RELATIONSHIP() );
#2300 = ITEM_DEFINED_TRANSFORMATION('','',#11,#96);
#2301 = PRODUCT_DEFINITION_SHAPE('Placement','Placement of an item',
  #2302);
#2302 = NEXT_ASSEMBLY_USAGE_OCCURRENCE('6',
  'pad1_terminal_1_x-2.775_y12.25','',#70,#2137,$);
#2303 = PRODUCT_RELATED_PRODUCT_CATEGORY('part',$,(#2139));
#2304 = SHAPE_DEFINITION_REPRESENTATION(#2305,#2311);
#2305 = PRODUCT_DEFINITION_SHAPE('','',#2306);
#2306 = PRODUCT_DEFINITION('design','',#2307,#2310);
#2307 = PRODUCT_DEFINITION_FORMATION('','',#2308);
#2308 = PRODUCT('pad1_terminal_2_x2.775_y12.25',
  'pad1_terminal_2_x2.775_y12.25','',(#2309));
#2309 = PRODUCT_CONTEXT('',#2,'mechanical');
#2310 = PRODUCT_DEFINITION_CONTEXT('part definition',#2,'design');
#2311 = ADVANCED_BREP_SHAPE_REPRESENTATION('',(#11,#2312),#2462);
#2312 = MANIFOLD_SOLID_BREP('',#2313);
#2313 = CLOSED_SHELL('',(#2314,#2354,#2394,#2416,#2438,#2450));
#2314 = ADVANCED_FACE('',(#2315),#2349,.F.);
#2315 = FACE_BOUND('',#2316,.F.);
#2316 = EDGE_LOOP('',(#2317,#2327,#2335,#2343));
#2317 = ORIENTED_EDGE('',*,*,#2318,.F.);
#2318 = EDGE_CURVE('',#2319,#2321,#2323,.T.);
#2319 = VERTEX_POINT('',#2320);
#2320 = CARTESIAN_POINT('',(2.2,12.09,-1.6));
#2321 = VERTEX_POINT('',#2322);
#2322 = CARTESIAN_POINT('',(2.2,12.09,0.45));
#2323 = LINE('',#2324,#2325);
#2324 = CARTESIAN_POINT('',(2.2,12.09,-1.6));
#2325 = VECTOR('',#2326,1.);
#2326 = DIRECTION('',(0.,0.,1.));
#2327 = ORIENTED_EDGE('',*,*,#2328,.T.);
#2328 = EDGE_CURVE('',#2319,#2329,#2331,.T.);
#2329 = VERTEX_POINT('',#2330);
#2330 = CARTESIAN_POINT('',(2.2,12.41,-1.6));
#2331 = LINE('',#2332,#2333);
#2332 = CARTESIAN_POINT('',(2.2,12.09,-1.6));
#2333 = VECTOR('',#2334,1.);
#2334 = DIRECTION('',(0.,1.,0.));
#2335 = ORIENTED_EDGE('',*,*,#2336,.T.);
#2336 = EDGE_CURVE('',#2329,#2337,#2339,.T.);
#2337 = VERTEX_POINT('',#2338);
#2338 = CARTESIAN_POINT('',(2.2,12.41,0.45));
#2339 = LINE('',#2340,#2341);
#2340 = CARTESIAN_POINT('',(2.2,12.41,-1.6));
#2341 = VECTOR('',#2342,1.);
#2342 = DIRECTION('',(0.,0.,1.));
#2343 = ORIENTED_EDGE('',*,*,#2344,.F.);
#2344 = EDGE_CURVE('',#2321,#2337,#2345,.T.);
#2345 = LINE('',#2346,#2347);
#2346 = CARTESIAN_POINT('',(2.2,12.09,0.45));
#2347 = VECTOR('',#2348,1.);
#2348 = DIRECTION('',(0.,1.,0.));
#2349 = PLANE('',#2350);
#2350 = AXIS2_PLACEMENT_3D('',#2351,#2352,#2353);
#2351 = CARTESIAN_POINT('',(2.2,12.09,-1.6));
#2352 = DIRECTION('',(1.,0.,0.));
#2353 = DIRECTION('',(0.,0.,1.));
#2354 = ADVANCED_FACE('',(#2355),#2389,.T.);
#2355 = FACE_BOUND('',#2356,.T.);
#2356 = EDGE_LOOP('',(#2357,#2367,#2375,#2383));
#2357 = ORIENTED_EDGE('',*,*,#2358,.F.);
#2358 = EDGE_CURVE('',#2359,#2361,#2363,.T.);
#2359 = VERTEX_POINT('',#2360);
#2360 = CARTESIAN_POINT('',(3.35,12.09,-1.6));
#2361 = VERTEX_POINT('',#2362);
#2362 = CARTESIAN_POINT('',(3.35,12.09,0.45));
#2363 = LINE('',#2364,#2365);
#2364 = CARTESIAN_POINT('',(3.35,12.09,-1.6));
#2365 = VECTOR('',#2366,1.);
#2366 = DIRECTION('',(0.,0.,1.));
#2367 = ORIENTED_EDGE('',*,*,#2368,.T.);
#2368 = EDGE_CURVE('',#2359,#2369,#2371,.T.);
#2369 = VERTEX_POINT('',#2370);
#2370 = CARTESIAN_POINT('',(3.35,12.41,-1.6));
#2371 = LINE('',#2372,#2373);
#2372 = CARTESIAN_POINT('',(3.35,12.09,-1.6));
#2373 = VECTOR('',#2374,1.);
#2374 = DIRECTION('',(0.,1.,0.));
#2375 = ORIENTED_EDGE('',*,*,#2376,.T.);
#2376 = EDGE_CURVE('',#2369,#2377,#2379,.T.);
#2377 = VERTEX_POINT('',#2378);
#2378 = CARTESIAN_POINT('',(3.35,12.41,0.45));
#2379 = LINE('',#2380,#2381);
#2380 = CARTESIAN_POINT('',(3.35,12.41,-1.6));
#2381 = VECTOR('',#2382,1.);
#2382 = DIRECTION('',(0.,0.,1.));
#2383 = ORIENTED_EDGE('',*,*,#2384,.F.);
#2384 = EDGE_CURVE('',#2361,#2377,#2385,.T.);
#2385 = LINE('',#2386,#2387);
#2386 = CARTESIAN_POINT('',(3.35,12.09,0.45));
#2387 = VECTOR('',#2388,1.);
#2388 = DIRECTION('',(0.,1.,0.));
#2389 = PLANE('',#2390);
#2390 = AXIS2_PLACEMENT_3D('',#2391,#2392,#2393);
#2391 = CARTESIAN_POINT('',(3.35,12.09,-1.6));
#2392 = DIRECTION('',(1.,0.,0.));
#2393 = DIRECTION('',(0.,0.,1.));
#2394 = ADVANCED_FACE('',(#2395),#2411,.F.);
#2395 = FACE_BOUND('',#2396,.F.);
#2396 = EDGE_LOOP('',(#2397,#2403,#2404,#2410));
#2397 = ORIENTED_EDGE('',*,*,#2398,.F.);
#2398 = EDGE_CURVE('',#2319,#2359,#2399,.T.);
#2399 = LINE('',#2400,#2401);
#2400 = CARTESIAN_POINT('',(2.2,12.09,-1.6));
#2401 = VECTOR('',#2402,1.);
#2402 = DIRECTION('',(1.,0.,0.));
#2403 = ORIENTED_EDGE('',*,*,#2318,.T.);
#2404 = ORIENTED_EDGE('',*,*,#2405,.T.);
#2405 = EDGE_CURVE('',#2321,#2361,#2406,.T.);
#2406 = LINE('',#2407,#2408);
#2407 = CARTESIAN_POINT('',(2.2,12.09,0.45));
#2408 = VECTOR('',#2409,1.);
#2409 = DIRECTION('',(1.,0.,0.));
#2410 = ORIENTED_EDGE('',*,*,#2358,.F.);
#2411 = PLANE('',#2412);
#2412 = AXIS2_PLACEMENT_3D('',#2413,#2414,#2415);
#2413 = CARTESIAN_POINT('',(2.2,12.09,-1.6));
#2414 = DIRECTION('',(0.,1.,0.));
#2415 = DIRECTION('',(0.,-0.,1.));
#2416 = ADVANCED_FACE('',(#2417),#2433,.T.);
#2417 = FACE_BOUND('',#2418,.T.);
#2418 = EDGE_LOOP('',(#2419,#2425,#2426,#2432));
#2419 = ORIENTED_EDGE('',*,*,#2420,.F.);
#2420 = EDGE_CURVE('',#2329,#2369,#2421,.T.);
#2421 = LINE('',#2422,#2423);
#2422 = CARTESIAN_POINT('',(2.2,12.41,-1.6));
#2423 = VECTOR('',#2424,1.);
#2424 = DIRECTION('',(1.,0.,0.));
#2425 = ORIENTED_EDGE('',*,*,#2336,.T.);
#2426 = ORIENTED_EDGE('',*,*,#2427,.T.);
#2427 = EDGE_CURVE('',#2337,#2377,#2428,.T.);
#2428 = LINE('',#2429,#2430);
#2429 = CARTESIAN_POINT('',(2.2,12.41,0.45));
#2430 = VECTOR('',#2431,1.);
#2431 = DIRECTION('',(1.,0.,0.));
#2432 = ORIENTED_EDGE('',*,*,#2376,.F.);
#2433 = PLANE('',#2434);
#2434 = AXIS2_PLACEMENT_3D('',#2435,#2436,#2437);
#2435 = CARTESIAN_POINT('',(2.2,12.41,-1.6));
#2436 = DIRECTION('',(0.,1.,0.));
#2437 = DIRECTION('',(0.,-0.,1.));
#2438 = ADVANCED_FACE('',(#2439),#2445,.F.);
#2439 = FACE_BOUND('',#2440,.F.);
#2440 = EDGE_LOOP('',(#2441,#2442,#2443,#2444));
#2441 = ORIENTED_EDGE('',*,*,#2328,.F.);
#2442 = ORIENTED_EDGE('',*,*,#2398,.T.);
#2443 = ORIENTED_EDGE('',*,*,#2368,.T.);
#2444 = ORIENTED_EDGE('',*,*,#2420,.F.);
#2445 = PLANE('',#2446);
#2446 = AXIS2_PLACEMENT_3D('',#2447,#2448,#2449);
#2447 = CARTESIAN_POINT('',(2.2,12.09,-1.6));
#2448 = DIRECTION('',(0.,0.,1.));
#2449 = DIRECTION('',(1.,0.,-0.));
#2450 = ADVANCED_FACE('',(#2451),#2457,.T.);
#2451 = FACE_BOUND('',#2452,.T.);
#2452 = EDGE_LOOP('',(#2453,#2454,#2455,#2456));
#2453 = ORIENTED_EDGE('',*,*,#2344,.F.);
#2454 = ORIENTED_EDGE('',*,*,#2405,.T.);
#2455 = ORIENTED_EDGE('',*,*,#2384,.T.);
#2456 = ORIENTED_EDGE('',*,*,#2427,.F.);
#2457 = PLANE('',#2458);
#2458 = AXIS2_PLACEMENT_3D('',#2459,#2460,#2461);
#2459 = CARTESIAN_POINT('',(2.2,12.09,0.45));
#2460 = DIRECTION('',(0.,0.,1.));
#2461 = DIRECTION('',(1.,0.,-0.));
#2462 = ( GEOMETRIC_REPRESENTATION_CONTEXT(3) 
GLOBAL_UNCERTAINTY_ASSIGNED_CONTEXT((#2466)) 
GLOBAL_UNIT_ASSIGNED_CONTEXT((#2463,#2464,#2465)) REPRESENTATION_CONTEXT
('Context #1','3D Context with UNIT and UNCERTAINTY') );
#2463 = ( LENGTH_UNIT() NAMED_UNIT(*) SI_UNIT(.MILLI.,.METRE.) );
#2464 = ( NAMED_UNIT(*) PLANE_ANGLE_UNIT() SI_UNIT($,.RADIAN.) );
#2465 = ( NAMED_UNIT(*) SI_UNIT($,.STERADIAN.) SOLID_ANGLE_UNIT() );
#2466 = UNCERTAINTY_MEASURE_WITH_UNIT(LENGTH_MEASURE(1.E-07),#2463,
  'distance_accuracy_value','confusion accuracy');
#2467 = CONTEXT_DEPENDENT_SHAPE_REPRESENTATION(#2468,#2470);
#2468 = ( REPRESENTATION_RELATIONSHIP('','',#2311,#75) 
REPRESENTATION_RELATIONSHIP_WITH_TRANSFORMATION(#2469) 
SHAPE_REPRESENTATION_RELATIONSHIP() );
#2469 = ITEM_DEFINED_TRANSFORMATION('','',#11,#100);
#2470 = PRODUCT_DEFINITION_SHAPE('Placement','Placement of an item',
  #2471);
#2471 = NEXT_ASSEMBLY_USAGE_OCCURRENCE('7',
  'pad1_terminal_2_x2.775_y12.25','',#70,#2306,$);
#2472 = PRODUCT_RELATED_PRODUCT_CATEGORY('part',$,(#2308));
#2473 = SHAPE_DEFINITION_REPRESENTATION(#2474,#2480);
#2474 = PRODUCT_DEFINITION_SHAPE('','',#2475);
#2475 = PRODUCT_DEFINITION('design','',#2476,#2479);
#2476 = PRODUCT_DEFINITION_FORMATION('','',#2477);
#2477 = PRODUCT('pad2_terminal_3_x0_y12.25','pad2_terminal_3_x0_y12.25',
  '',(#2478));
#2478 = PRODUCT_CONTEXT('',#2,'mechanical');
#2479 = PRODUCT_DEFINITION_CONTEXT('part definition',#2,'design');
#2480 = ADVANCED_BREP_SHAPE_REPRESENTATION('',(#11,#2481),#2534);
#2481 = MANIFOLD_SOLID_BREP('',#2482);
#2482 = CLOSED_SHELL('',(#2483,#2516,#2525));
#2483 = ADVANCED_FACE('',(#2484),#2511,.T.);
#2484 = FACE_BOUND('',#2485,.T.);
#2485 = EDGE_LOOP('',(#2486,#2495,#2503,#2510));
#2486 = ORIENTED_EDGE('',*,*,#2487,.T.);
#2487 = EDGE_CURVE('',#2488,#2488,#2490,.T.);
#2488 = VERTEX_POINT('',#2489);
#2489 = CARTESIAN_POINT('',(0.25,12.25,-1.6));
#2490 = CIRCLE('',#2491,0.25);
#2491 = AXIS2_PLACEMENT_3D('',#2492,#2493,#2494);
#2492 = CARTESIAN_POINT('',(0.,12.25,-1.6));
#2493 = DIRECTION('',(0.,0.,1.));
#2494 = DIRECTION('',(1.,0.,-0.));
#2495 = ORIENTED_EDGE('',*,*,#2496,.T.);
#2496 = EDGE_CURVE('',#2488,#2497,#2499,.T.);
#2497 = VERTEX_POINT('',#2498);
#2498 = CARTESIAN_POINT('',(0.25,12.25,0.45));
#2499 = LINE('',#2500,#2501);
#2500 = CARTESIAN_POINT('',(0.25,12.25,-1.6));
#2501 = VECTOR('',#2502,1.);
#2502 = DIRECTION('',(0.,0.,1.));
#2503 = ORIENTED_EDGE('',*,*,#2504,.F.);
#2504 = EDGE_CURVE('',#2497,#2497,#2505,.T.);
#2505 = CIRCLE('',#2506,0.25);
#2506 = AXIS2_PLACEMENT_3D('',#2507,#2508,#2509);
#2507 = CARTESIAN_POINT('',(0.,12.25,0.45));
#2508 = DIRECTION('',(0.,0.,1.));
#2509 = DIRECTION('',(1.,0.,-0.));
#2510 = ORIENTED_EDGE('',*,*,#2496,.F.);
#2511 = CYLINDRICAL_SURFACE('',#2512,0.25);
#2512 = AXIS2_PLACEMENT_3D('',#2513,#2514,#2515);
#2513 = CARTESIAN_POINT('',(0.,12.25,-1.6));
#2514 = DIRECTION('',(-0.,-0.,-1.));
#2515 = DIRECTION('',(1.,0.,0.));
#2516 = ADVANCED_FACE('',(#2517),#2520,.F.);
#2517 = FACE_BOUND('',#2518,.F.);
#2518 = EDGE_LOOP('',(#2519));
#2519 = ORIENTED_EDGE('',*,*,#2487,.T.);
#2520 = PLANE('',#2521);
#2521 = AXIS2_PLACEMENT_3D('',#2522,#2523,#2524);
#2522 = CARTESIAN_POINT('',(-1.068312603546E-16,12.25,-1.6));
#2523 = DIRECTION('',(0.,0.,1.));
#2524 = DIRECTION('',(1.,0.,-0.));
#2525 = ADVANCED_FACE('',(#2526),#2529,.T.);
#2526 = FACE_BOUND('',#2527,.T.);
#2527 = EDGE_LOOP('',(#2528));
#2528 = ORIENTED_EDGE('',*,*,#2504,.T.);
#2529 = PLANE('',#2530);
#2530 = AXIS2_PLACEMENT_3D('',#2531,#2532,#2533);
#2531 = CARTESIAN_POINT('',(-1.068312603546E-16,12.25,0.45));
#2532 = DIRECTION('',(0.,0.,1.));
#2533 = DIRECTION('',(1.,0.,-0.));
#2534 = ( GEOMETRIC_REPRESENTATION_CONTEXT(3) 
GLOBAL_UNCERTAINTY_ASSIGNED_CONTEXT((#2538)) 
GLOBAL_UNIT_ASSIGNED_CONTEXT((#2535,#2536,#2537)) REPRESENTATION_CONTEXT
('Context #1','3D Context with UNIT and UNCERTAINTY') );
#2535 = ( LENGTH_UNIT() NAMED_UNIT(*) SI_UNIT(.MILLI.,.METRE.) );
#2536 = ( NAMED_UNIT(*) PLANE_ANGLE_UNIT() SI_UNIT($,.RADIAN.) );
#2537 = ( NAMED_UNIT(*) SI_UNIT($,.STERADIAN.) SOLID_ANGLE_UNIT() );
#2538 = UNCERTAINTY_MEASURE_WITH_UNIT(LENGTH_MEASURE(1.E-07),#2535,
  'distance_accuracy_value','confusion accuracy');
#2539 = CONTEXT_DEPENDENT_SHAPE_REPRESENTATION(#2540,#2542);
#2540 = ( REPRESENTATION_RELATIONSHIP('','',#2480,#75) 
REPRESENTATION_RELATIONSHIP_WITH_TRANSFORMATION(#2541) 
SHAPE_REPRESENTATION_RELATIONSHIP() );
#2541 = ITEM_DEFINED_TRANSFORMATION('','',#11,#104);
#2542 = PRODUCT_DEFINITION_SHAPE('Placement','Placement of an item',
  #2543);
#2543 = NEXT_ASSEMBLY_USAGE_OCCURRENCE('8','pad2_terminal_3_x0_y12.25',
  '',#70,#2475,$);
#2544 = PRODUCT_RELATED_PRODUCT_CATEGORY('part',$,(#2477));
#2545 = SHAPE_DEFINITION_REPRESENTATION(#2546,#2552);
#2546 = PRODUCT_DEFINITION_SHAPE('','',#2547);
#2547 = PRODUCT_DEFINITION('design','',#2548,#2551);
#2548 = PRODUCT_DEFINITION_FORMATION('','',#2549);
#2549 = PRODUCT('pad3_terminal_4_x0_y8.85','pad3_terminal_4_x0_y8.85',''
  ,(#2550));
#2550 = PRODUCT_CONTEXT('',#2,'mechanical');
#2551 = PRODUCT_DEFINITION_CONTEXT('part definition',#2,'design');
#2552 = ADVANCED_BREP_SHAPE_REPRESENTATION('',(#11,#2553),#2703);
#2553 = MANIFOLD_SOLID_BREP('',#2554);
#2554 = CLOSED_SHELL('',(#2555,#2595,#2635,#2657,#2679,#2691));
#2555 = ADVANCED_FACE('',(#2556),#2590,.F.);
#2556 = FACE_BOUND('',#2557,.F.);
#2557 = EDGE_LOOP('',(#2558,#2568,#2576,#2584));
#2558 = ORIENTED_EDGE('',*,*,#2559,.F.);
#2559 = EDGE_CURVE('',#2560,#2562,#2564,.T.);
#2560 = VERTEX_POINT('',#2561);
#2561 = CARTESIAN_POINT('',(-0.55,8.7,-1.6));
#2562 = VERTEX_POINT('',#2563);
#2563 = CARTESIAN_POINT('',(-0.55,8.7,0.45));
#2564 = LINE('',#2565,#2566);
#2565 = CARTESIAN_POINT('',(-0.55,8.7,-1.6));
#2566 = VECTOR('',#2567,1.);
#2567 = DIRECTION('',(0.,0.,1.));
#2568 = ORIENTED_EDGE('',*,*,#2569,.T.);
#2569 = EDGE_CURVE('',#2560,#2570,#2572,.T.);
#2570 = VERTEX_POINT('',#2571);
#2571 = CARTESIAN_POINT('',(-0.55,9.,-1.6));
#2572 = LINE('',#2573,#2574);
#2573 = CARTESIAN_POINT('',(-0.55,8.7,-1.6));
#2574 = VECTOR('',#2575,1.);
#2575 = DIRECTION('',(0.,1.,0.));
#2576 = ORIENTED_EDGE('',*,*,#2577,.T.);
#2577 = EDGE_CURVE('',#2570,#2578,#2580,.T.);
#2578 = VERTEX_POINT('',#2579);
#2579 = CARTESIAN_POINT('',(-0.55,9.,0.45));
#2580 = LINE('',#2581,#2582);
#2581 = CARTESIAN_POINT('',(-0.55,9.,-1.6));
#2582 = VECTOR('',#2583,1.);
#2583 = DIRECTION('',(0.,0.,1.));
#2584 = ORIENTED_EDGE('',*,*,#2585,.F.);
#2585 = EDGE_CURVE('',#2562,#2578,#2586,.T.);
#2586 = LINE('',#2587,#2588);
#2587 = CARTESIAN_POINT('',(-0.55,8.7,0.45));
#2588 = VECTOR('',#2589,1.);
#2589 = DIRECTION('',(0.,1.,0.));
#2590 = PLANE('',#2591);
#2591 = AXIS2_PLACEMENT_3D('',#2592,#2593,#2594);
#2592 = CARTESIAN_POINT('',(-0.55,8.7,-1.6));
#2593 = DIRECTION('',(1.,0.,0.));
#2594 = DIRECTION('',(0.,0.,1.));
#2595 = ADVANCED_FACE('',(#2596),#2630,.T.);
#2596 = FACE_BOUND('',#2597,.T.);
#2597 = EDGE_LOOP('',(#2598,#2608,#2616,#2624));
#2598 = ORIENTED_EDGE('',*,*,#2599,.F.);
#2599 = EDGE_CURVE('',#2600,#2602,#2604,.T.);
#2600 = VERTEX_POINT('',#2601);
#2601 = CARTESIAN_POINT('',(0.55,8.7,-1.6));
#2602 = VERTEX_POINT('',#2603);
#2603 = CARTESIAN_POINT('',(0.55,8.7,0.45));
#2604 = LINE('',#2605,#2606);
#2605 = CARTESIAN_POINT('',(0.55,8.7,-1.6));
#2606 = VECTOR('',#2607,1.);
#2607 = DIRECTION('',(0.,0.,1.));
#2608 = ORIENTED_EDGE('',*,*,#2609,.T.);
#2609 = EDGE_CURVE('',#2600,#2610,#2612,.T.);
#2610 = VERTEX_POINT('',#2611);
#2611 = CARTESIAN_POINT('',(0.55,9.,-1.6));
#2612 = LINE('',#2613,#2614);
#2613 = CARTESIAN_POINT('',(0.55,8.7,-1.6));
#2614 = VECTOR('',#2615,1.);
#2615 = DIRECTION('',(0.,1.,0.));
#2616 = ORIENTED_EDGE('',*,*,#2617,.T.);
#2617 = EDGE_CURVE('',#2610,#2618,#2620,.T.);
#2618 = VERTEX_POINT('',#2619);
#2619 = CARTESIAN_POINT('',(0.55,9.,0.45));
#2620 = LINE('',#2621,#2622);
#2621 = CARTESIAN_POINT('',(0.55,9.,-1.6));
#2622 = VECTOR('',#2623,1.);
#2623 = DIRECTION('',(0.,0.,1.));
#2624 = ORIENTED_EDGE('',*,*,#2625,.F.);
#2625 = EDGE_CURVE('',#2602,#2618,#2626,.T.);
#2626 = LINE('',#2627,#2628);
#2627 = CARTESIAN_POINT('',(0.55,8.7,0.45));
#2628 = VECTOR('',#2629,1.);
#2629 = DIRECTION('',(0.,1.,0.));
#2630 = PLANE('',#2631);
#2631 = AXIS2_PLACEMENT_3D('',#2632,#2633,#2634);
#2632 = CARTESIAN_POINT('',(0.55,8.7,-1.6));
#2633 = DIRECTION('',(1.,0.,0.));
#2634 = DIRECTION('',(0.,0.,1.));
#2635 = ADVANCED_FACE('',(#2636),#2652,.F.);
#2636 = FACE_BOUND('',#2637,.F.);
#2637 = EDGE_LOOP('',(#2638,#2644,#2645,#2651));
#2638 = ORIENTED_EDGE('',*,*,#2639,.F.);
#2639 = EDGE_CURVE('',#2560,#2600,#2640,.T.);
#2640 = LINE('',#2641,#2642);
#2641 = CARTESIAN_POINT('',(-0.55,8.7,-1.6));
#2642 = VECTOR('',#2643,1.);
#2643 = DIRECTION('',(1.,0.,0.));
#2644 = ORIENTED_EDGE('',*,*,#2559,.T.);
#2645 = ORIENTED_EDGE('',*,*,#2646,.T.);
#2646 = EDGE_CURVE('',#2562,#2602,#2647,.T.);
#2647 = LINE('',#2648,#2649);
#2648 = CARTESIAN_POINT('',(-0.55,8.7,0.45));
#2649 = VECTOR('',#2650,1.);
#2650 = DIRECTION('',(1.,0.,0.));
#2651 = ORIENTED_EDGE('',*,*,#2599,.F.);
#2652 = PLANE('',#2653);
#2653 = AXIS2_PLACEMENT_3D('',#2654,#2655,#2656);
#2654 = CARTESIAN_POINT('',(-0.55,8.7,-1.6));
#2655 = DIRECTION('',(0.,1.,0.));
#2656 = DIRECTION('',(0.,-0.,1.));
#2657 = ADVANCED_FACE('',(#2658),#2674,.T.);
#2658 = FACE_BOUND('',#2659,.T.);
#2659 = EDGE_LOOP('',(#2660,#2666,#2667,#2673));
#2660 = ORIENTED_EDGE('',*,*,#2661,.F.);
#2661 = EDGE_CURVE('',#2570,#2610,#2662,.T.);
#2662 = LINE('',#2663,#2664);
#2663 = CARTESIAN_POINT('',(-0.55,9.,-1.6));
#2664 = VECTOR('',#2665,1.);
#2665 = DIRECTION('',(1.,0.,0.));
#2666 = ORIENTED_EDGE('',*,*,#2577,.T.);
#2667 = ORIENTED_EDGE('',*,*,#2668,.T.);
#2668 = EDGE_CURVE('',#2578,#2618,#2669,.T.);
#2669 = LINE('',#2670,#2671);
#2670 = CARTESIAN_POINT('',(-0.55,9.,0.45));
#2671 = VECTOR('',#2672,1.);
#2672 = DIRECTION('',(1.,0.,0.));
#2673 = ORIENTED_EDGE('',*,*,#2617,.F.);
#2674 = PLANE('',#2675);
#2675 = AXIS2_PLACEMENT_3D('',#2676,#2677,#2678);
#2676 = CARTESIAN_POINT('',(-0.55,9.,-1.6));
#2677 = DIRECTION('',(0.,1.,0.));
#2678 = DIRECTION('',(0.,-0.,1.));
#2679 = ADVANCED_FACE('',(#2680),#2686,.F.);
#2680 = FACE_BOUND('',#2681,.F.);
#2681 = EDGE_LOOP('',(#2682,#2683,#2684,#2685));
#2682 = ORIENTED_EDGE('',*,*,#2569,.F.);
#2683 = ORIENTED_EDGE('',*,*,#2639,.T.);
#2684 = ORIENTED_EDGE('',*,*,#2609,.T.);
#2685 = ORIENTED_EDGE('',*,*,#2661,.F.);
#2686 = PLANE('',#2687);
#2687 = AXIS2_PLACEMENT_3D('',#2688,#2689,#2690);
#2688 = CARTESIAN_POINT('',(-0.55,8.7,-1.6));
#2689 = DIRECTION('',(0.,0.,1.));
#2690 = DIRECTION('',(1.,0.,-0.));
#2691 = ADVANCED_FACE('',(#2692),#2698,.T.);
#2692 = FACE_BOUND('',#2693,.T.);
#2693 = EDGE_LOOP('',(#2694,#2695,#2696,#2697));
#2694 = ORIENTED_EDGE('',*,*,#2585,.F.);
#2695 = ORIENTED_EDGE('',*,*,#2646,.T.);
#2696 = ORIENTED_EDGE('',*,*,#2625,.T.);
#2697 = ORIENTED_EDGE('',*,*,#2668,.F.);
#2698 = PLANE('',#2699);
#2699 = AXIS2_PLACEMENT_3D('',#2700,#2701,#2702);
#2700 = CARTESIAN_POINT('',(-0.55,8.7,0.45));
#2701 = DIRECTION('',(0.,0.,1.));
#2702 = DIRECTION('',(1.,0.,-0.));
#2703 = ( GEOMETRIC_REPRESENTATION_CONTEXT(3) 
GLOBAL_UNCERTAINTY_ASSIGNED_CONTEXT((#2707)) 
GLOBAL_UNIT_ASSIGNED_CONTEXT((#2704,#2705,#2706)) REPRESENTATION_CONTEXT
('Context #1','3D Context with UNIT and UNCERTAINTY') );
#2704 = ( LENGTH_UNIT() NAMED_UNIT(*) SI_UNIT(.MILLI.,.METRE.) );
#2705 = ( NAMED_UNIT(*) PLANE_ANGLE_UNIT() SI_UNIT($,.RADIAN.) );
#2706 = ( NAMED_UNIT(*) SI_UNIT($,.STERADIAN.) SOLID_ANGLE_UNIT() );
#2707 = UNCERTAINTY_MEASURE_WITH_UNIT(LENGTH_MEASURE(1.E-07),#2704,
  'distance_accuracy_value','confusion accuracy');
#2708 = CONTEXT_DEPENDENT_SHAPE_REPRESENTATION(#2709,#2711);
#2709 = ( REPRESENTATION_RELATIONSHIP('','',#2552,#75) 
REPRESENTATION_RELATIONSHIP_WITH_TRANSFORMATION(#2710) 
SHAPE_REPRESENTATION_RELATIONSHIP() );
#2710 = ITEM_DEFINED_TRANSFORMATION('','',#11,#108);
#2711 = PRODUCT_DEFINITION_SHAPE('Placement','Placement of an item',
  #2712);
#2712 = NEXT_ASSEMBLY_USAGE_OCCURRENCE('9','pad3_terminal_4_x0_y8.85',''
  ,#70,#2547,$);
#2713 = PRODUCT_RELATED_PRODUCT_CATEGORY('part',$,(#2549));
#2714 = SHAPE_DEFINITION_REPRESENTATION(#2715,#2721);
#2715 = PRODUCT_DEFINITION_SHAPE('','',#2716);
#2716 = PRODUCT_DEFINITION('design','',#2717,#2720);
#2717 = PRODUCT_DEFINITION_FORMATION('','',#2718);
#2718 = PRODUCT('pad3_terminal_5_x0_y5.05','pad3_terminal_5_x0_y5.05',''
  ,(#2719));
#2719 = PRODUCT_CONTEXT('',#2,'mechanical');
#2720 = PRODUCT_DEFINITION_CONTEXT('part definition',#2,'design');
#2721 = ADVANCED_BREP_SHAPE_REPRESENTATION('',(#11,#2722),#2872);
#2722 = MANIFOLD_SOLID_BREP('',#2723);
#2723 = CLOSED_SHELL('',(#2724,#2764,#2804,#2826,#2848,#2860));
#2724 = ADVANCED_FACE('',(#2725),#2759,.F.);
#2725 = FACE_BOUND('',#2726,.F.);
#2726 = EDGE_LOOP('',(#2727,#2737,#2745,#2753));
#2727 = ORIENTED_EDGE('',*,*,#2728,.F.);
#2728 = EDGE_CURVE('',#2729,#2731,#2733,.T.);
#2729 = VERTEX_POINT('',#2730);
#2730 = CARTESIAN_POINT('',(-0.55,4.9,-1.6));
#2731 = VERTEX_POINT('',#2732);
#2732 = CARTESIAN_POINT('',(-0.55,4.9,0.45));
#2733 = LINE('',#2734,#2735);
#2734 = CARTESIAN_POINT('',(-0.55,4.9,-1.6));
#2735 = VECTOR('',#2736,1.);
#2736 = DIRECTION('',(0.,0.,1.));
#2737 = ORIENTED_EDGE('',*,*,#2738,.T.);
#2738 = EDGE_CURVE('',#2729,#2739,#2741,.T.);
#2739 = VERTEX_POINT('',#2740);
#2740 = CARTESIAN_POINT('',(-0.55,5.2,-1.6));
#2741 = LINE('',#2742,#2743);
#2742 = CARTESIAN_POINT('',(-0.55,4.9,-1.6));
#2743 = VECTOR('',#2744,1.);
#2744 = DIRECTION('',(0.,1.,0.));
#2745 = ORIENTED_EDGE('',*,*,#2746,.T.);
#2746 = EDGE_CURVE('',#2739,#2747,#2749,.T.);
#2747 = VERTEX_POINT('',#2748);
#2748 = CARTESIAN_POINT('',(-0.55,5.2,0.45));
#2749 = LINE('',#2750,#2751);
#2750 = CARTESIAN_POINT('',(-0.55,5.2,-1.6));
#2751 = VECTOR('',#2752,1.);
#2752 = DIRECTION('',(0.,0.,1.));
#2753 = ORIENTED_EDGE('',*,*,#2754,.F.);
#2754 = EDGE_CURVE('',#2731,#2747,#2755,.T.);
#2755 = LINE('',#2756,#2757);
#2756 = CARTESIAN_POINT('',(-0.55,4.9,0.45));
#2757 = VECTOR('',#2758,1.);
#2758 = DIRECTION('',(0.,1.,0.));
#2759 = PLANE('',#2760);
#2760 = AXIS2_PLACEMENT_3D('',#2761,#2762,#2763);
#2761 = CARTESIAN_POINT('',(-0.55,4.9,-1.6));
#2762 = DIRECTION('',(1.,0.,0.));
#2763 = DIRECTION('',(0.,0.,1.));
#2764 = ADVANCED_FACE('',(#2765),#2799,.T.);
#2765 = FACE_BOUND('',#2766,.T.);
#2766 = EDGE_LOOP('',(#2767,#2777,#2785,#2793));
#2767 = ORIENTED_EDGE('',*,*,#2768,.F.);
#2768 = EDGE_CURVE('',#2769,#2771,#2773,.T.);
#2769 = VERTEX_POINT('',#2770);
#2770 = CARTESIAN_POINT('',(0.55,4.9,-1.6));
#2771 = VERTEX_POINT('',#2772);
#2772 = CARTESIAN_POINT('',(0.55,4.9,0.45));
#2773 = LINE('',#2774,#2775);
#2774 = CARTESIAN_POINT('',(0.55,4.9,-1.6));
#2775 = VECTOR('',#2776,1.);
#2776 = DIRECTION('',(0.,0.,1.));
#2777 = ORIENTED_EDGE('',*,*,#2778,.T.);
#2778 = EDGE_CURVE('',#2769,#2779,#2781,.T.);
#2779 = VERTEX_POINT('',#2780);
#2780 = CARTESIAN_POINT('',(0.55,5.2,-1.6));
#2781 = LINE('',#2782,#2783);
#2782 = CARTESIAN_POINT('',(0.55,4.9,-1.6));
#2783 = VECTOR('',#2784,1.);
#2784 = DIRECTION('',(0.,1.,0.));
#2785 = ORIENTED_EDGE('',*,*,#2786,.T.);
#2786 = EDGE_CURVE('',#2779,#2787,#2789,.T.);
#2787 = VERTEX_POINT('',#2788);
#2788 = CARTESIAN_POINT('',(0.55,5.2,0.45));
#2789 = LINE('',#2790,#2791);
#2790 = CARTESIAN_POINT('',(0.55,5.2,-1.6));
#2791 = VECTOR('',#2792,1.);
#2792 = DIRECTION('',(0.,0.,1.));
#2793 = ORIENTED_EDGE('',*,*,#2794,.F.);
#2794 = EDGE_CURVE('',#2771,#2787,#2795,.T.);
#2795 = LINE('',#2796,#2797);
#2796 = CARTESIAN_POINT('',(0.55,4.9,0.45));
#2797 = VECTOR('',#2798,1.);
#2798 = DIRECTION('',(0.,1.,0.));
#2799 = PLANE('',#2800);
#2800 = AXIS2_PLACEMENT_3D('',#2801,#2802,#2803);
#2801 = CARTESIAN_POINT('',(0.55,4.9,-1.6));
#2802 = DIRECTION('',(1.,0.,0.));
#2803 = DIRECTION('',(0.,0.,1.));
#2804 = ADVANCED_FACE('',(#2805),#2821,.F.);
#2805 = FACE_BOUND('',#2806,.F.);
#2806 = EDGE_LOOP('',(#2807,#2813,#2814,#2820));
#2807 = ORIENTED_EDGE('',*,*,#2808,.F.);
#2808 = EDGE_CURVE('',#2729,#2769,#2809,.T.);
#2809 = LINE('',#2810,#2811);
#2810 = CARTESIAN_POINT('',(-0.55,4.9,-1.6));
#2811 = VECTOR('',#2812,1.);
#2812 = DIRECTION('',(1.,0.,0.));
#2813 = ORIENTED_EDGE('',*,*,#2728,.T.);
#2814 = ORIENTED_EDGE('',*,*,#2815,.T.);
#2815 = EDGE_CURVE('',#2731,#2771,#2816,.T.);
#2816 = LINE('',#2817,#2818);
#2817 = CARTESIAN_POINT('',(-0.55,4.9,0.45));
#2818 = VECTOR('',#2819,1.);
#2819 = DIRECTION('',(1.,0.,0.));
#2820 = ORIENTED_EDGE('',*,*,#2768,.F.);
#2821 = PLANE('',#2822);
#2822 = AXIS2_PLACEMENT_3D('',#2823,#2824,#2825);
#2823 = CARTESIAN_POINT('',(-0.55,4.9,-1.6));
#2824 = DIRECTION('',(0.,1.,0.));
#2825 = DIRECTION('',(0.,-0.,1.));
#2826 = ADVANCED_FACE('',(#2827),#2843,.T.);
#2827 = FACE_BOUND('',#2828,.T.);
#2828 = EDGE_LOOP('',(#2829,#2835,#2836,#2842));
#2829 = ORIENTED_EDGE('',*,*,#2830,.F.);
#2830 = EDGE_CURVE('',#2739,#2779,#2831,.T.);
#2831 = LINE('',#2832,#2833);
#2832 = CARTESIAN_POINT('',(-0.55,5.2,-1.6));
#2833 = VECTOR('',#2834,1.);
#2834 = DIRECTION('',(1.,0.,0.));
#2835 = ORIENTED_EDGE('',*,*,#2746,.T.);
#2836 = ORIENTED_EDGE('',*,*,#2837,.T.);
#2837 = EDGE_CURVE('',#2747,#2787,#2838,.T.);
#2838 = LINE('',#2839,#2840);
#2839 = CARTESIAN_POINT('',(-0.55,5.2,0.45));
#2840 = VECTOR('',#2841,1.);
#2841 = DIRECTION('',(1.,0.,0.));
#2842 = ORIENTED_EDGE('',*,*,#2786,.F.);
#2843 = PLANE('',#2844);
#2844 = AXIS2_PLACEMENT_3D('',#2845,#2846,#2847);
#2845 = CARTESIAN_POINT('',(-0.55,5.2,-1.6));
#2846 = DIRECTION('',(0.,1.,0.));
#2847 = DIRECTION('',(0.,-0.,1.));
#2848 = ADVANCED_FACE('',(#2849),#2855,.F.);
#2849 = FACE_BOUND('',#2850,.F.);
#2850 = EDGE_LOOP('',(#2851,#2852,#2853,#2854));
#2851 = ORIENTED_EDGE('',*,*,#2738,.F.);
#2852 = ORIENTED_EDGE('',*,*,#2808,.T.);
#2853 = ORIENTED_EDGE('',*,*,#2778,.T.);
#2854 = ORIENTED_EDGE('',*,*,#2830,.F.);
#2855 = PLANE('',#2856);
#2856 = AXIS2_PLACEMENT_3D('',#2857,#2858,#2859);
#2857 = CARTESIAN_POINT('',(-0.55,4.9,-1.6));
#2858 = DIRECTION('',(0.,0.,1.));
#2859 = DIRECTION('',(1.,0.,-0.));
#2860 = ADVANCED_FACE('',(#2861),#2867,.T.);
#2861 = FACE_BOUND('',#2862,.T.);
#2862 = EDGE_LOOP('',(#2863,#2864,#2865,#2866));
#2863 = ORIENTED_EDGE('',*,*,#2754,.F.);
#2864 = ORIENTED_EDGE('',*,*,#2815,.T.);
#2865 = ORIENTED_EDGE('',*,*,#2794,.T.);
#2866 = ORIENTED_EDGE('',*,*,#2837,.F.);
#2867 = PLANE('',#2868);
#2868 = AXIS2_PLACEMENT_3D('',#2869,#2870,#2871);
#2869 = CARTESIAN_POINT('',(-0.55,4.9,0.45));
#2870 = DIRECTION('',(0.,0.,1.));
#2871 = DIRECTION('',(1.,0.,-0.));
#2872 = ( GEOMETRIC_REPRESENTATION_CONTEXT(3) 
GLOBAL_UNCERTAINTY_ASSIGNED_CONTEXT((#2876)) 
GLOBAL_UNIT_ASSIGNED_CONTEXT((#2873,#2874,#2875)) REPRESENTATION_CONTEXT
('Context #1','3D Context with UNIT and UNCERTAINTY') );
#2873 = ( LENGTH_UNIT() NAMED_UNIT(*) SI_UNIT(.MILLI.,.METRE.) );
#2874 = ( NAMED_UNIT(*) PLANE_ANGLE_UNIT() SI_UNIT($,.RADIAN.) );
#2875 = ( NAMED_UNIT(*) SI_UNIT($,.STERADIAN.) SOLID_ANGLE_UNIT() );
#2876 = UNCERTAINTY_MEASURE_WITH_UNIT(LENGTH_MEASURE(1.E-07),#2873,
  'distance_accuracy_value','confusion accuracy');
#2877 = CONTEXT_DEPENDENT_SHAPE_REPRESENTATION(#2878,#2880);
#2878 = ( REPRESENTATION_RELATIONSHIP('','',#2721,#75) 
REPRESENTATION_RELATIONSHIP_WITH_TRANSFORMATION(#2879) 
SHAPE_REPRESENTATION_RELATIONSHIP() );
#2879 = ITEM_DEFINED_TRANSFORMATION('','',#11,#112);
#2880 = PRODUCT_DEFINITION_SHAPE('Placement','Placement of an item',
  #2881);
#2881 = NEXT_ASSEMBLY_USAGE_OCCURRENCE('10','pad3_terminal_5_x0_y5.05',
  '',#70,#2716,$);
#2882 = PRODUCT_RELATED_PRODUCT_CATEGORY('part',$,(#2718));
#2883 = SHAPE_DEFINITION_REPRESENTATION(#2884,#2890);
#2884 = PRODUCT_DEFINITION_SHAPE('','',#2885);
#2885 = PRODUCT_DEFINITION('design','',#2886,#2889);
#2886 = PRODUCT_DEFINITION_FORMATION('','',#2887);
#2887 = PRODUCT('plastic_peg_1','plastic_peg_1','',(#2888));
#2888 = PRODUCT_CONTEXT('',#2,'mechanical');
#2889 = PRODUCT_DEFINITION_CONTEXT('part definition',#2,'design');
#2890 = ADVANCED_BREP_SHAPE_REPRESENTATION('',(#11,#2891),#2944);
#2891 = MANIFOLD_SOLID_BREP('',#2892);
#2892 = CLOSED_SHELL('',(#2893,#2926,#2935));
#2893 = ADVANCED_FACE('',(#2894),#2921,.T.);
#2894 = FACE_BOUND('',#2895,.T.);
#2895 = EDGE_LOOP('',(#2896,#2905,#2913,#2920));
#2896 = ORIENTED_EDGE('',*,*,#2897,.T.);
#2897 = EDGE_CURVE('',#2898,#2898,#2900,.T.);
#2898 = VERTEX_POINT('',#2899);
#2899 = CARTESIAN_POINT('',(-1.185,2.7,-1.6));
#2900 = CIRCLE('',#2901,0.54);
#2901 = AXIS2_PLACEMENT_3D('',#2902,#2903,#2904);
#2902 = CARTESIAN_POINT('',(-1.725,2.7,-1.6));
#2903 = DIRECTION('',(0.,0.,1.));
#2904 = DIRECTION('',(1.,0.,-0.));
#2905 = ORIENTED_EDGE('',*,*,#2906,.T.);
#2906 = EDGE_CURVE('',#2898,#2907,#2909,.T.);
#2907 = VERTEX_POINT('',#2908);
#2908 = CARTESIAN_POINT('',(-1.185,2.7,0.));
#2909 = LINE('',#2910,#2911);
#2910 = CARTESIAN_POINT('',(-1.185,2.7,-1.6));
#2911 = VECTOR('',#2912,1.);
#2912 = DIRECTION('',(0.,0.,1.));
#2913 = ORIENTED_EDGE('',*,*,#2914,.F.);
#2914 = EDGE_CURVE('',#2907,#2907,#2915,.T.);
#2915 = CIRCLE('',#2916,0.54);
#2916 = AXIS2_PLACEMENT_3D('',#2917,#2918,#2919);
#2917 = CARTESIAN_POINT('',(-1.725,2.7,0.));
#2918 = DIRECTION('',(0.,0.,1.));
#2919 = DIRECTION('',(1.,0.,-0.));
#2920 = ORIENTED_EDGE('',*,*,#2906,.F.);
#2921 = CYLINDRICAL_SURFACE('',#2922,0.54);
#2922 = AXIS2_PLACEMENT_3D('',#2923,#2924,#2925);
#2923 = CARTESIAN_POINT('',(-1.725,2.7,-1.6));
#2924 = DIRECTION('',(-0.,-0.,-1.));
#2925 = DIRECTION('',(1.,0.,0.));
#2926 = ADVANCED_FACE('',(#2927),#2930,.F.);
#2927 = FACE_BOUND('',#2928,.F.);
#2928 = EDGE_LOOP('',(#2929));
#2929 = ORIENTED_EDGE('',*,*,#2897,.T.);
#2930 = PLANE('',#2931);
#2931 = AXIS2_PLACEMENT_3D('',#2932,#2933,#2934);
#2932 = CARTESIAN_POINT('',(-1.725,2.7,-1.6));
#2933 = DIRECTION('',(0.,0.,1.));
#2934 = DIRECTION('',(1.,0.,-0.));
#2935 = ADVANCED_FACE('',(#2936),#2939,.T.);
#2936 = FACE_BOUND('',#2937,.T.);
#2937 = EDGE_LOOP('',(#2938));
#2938 = ORIENTED_EDGE('',*,*,#2914,.T.);
#2939 = PLANE('',#2940);
#2940 = AXIS2_PLACEMENT_3D('',#2941,#2942,#2943);
#2941 = CARTESIAN_POINT('',(-1.725,2.7,0.));
#2942 = DIRECTION('',(0.,0.,1.));
#2943 = DIRECTION('',(1.,0.,-0.));
#2944 = ( GEOMETRIC_REPRESENTATION_CONTEXT(3) 
GLOBAL_UNCERTAINTY_ASSIGNED_CONTEXT((#2948)) 
GLOBAL_UNIT_ASSIGNED_CONTEXT((#2945,#2946,#2947)) REPRESENTATION_CONTEXT
('Context #1','3D Context with UNIT and UNCERTAINTY') );
#2945 = ( LENGTH_UNIT() NAMED_UNIT(*) SI_UNIT(.MILLI.,.METRE.) );
#2946 = ( NAMED_UNIT(*) PLANE_ANGLE_UNIT() SI_UNIT($,.RADIAN.) );
#2947 = ( NAMED_UNIT(*) SI_UNIT($,.STERADIAN.) SOLID_ANGLE_UNIT() );
#2948 = UNCERTAINTY_MEASURE_WITH_UNIT(LENGTH_MEASURE(1.E-07),#2945,
  'distance_accuracy_value','confusion accuracy');
#2949 = CONTEXT_DEPENDENT_SHAPE_REPRESENTATION(#2950,#2952);
#2950 = ( REPRESENTATION_RELATIONSHIP('','',#2890,#75) 
REPRESENTATION_RELATIONSHIP_WITH_TRANSFORMATION(#2951) 
SHAPE_REPRESENTATION_RELATIONSHIP() );
#2951 = ITEM_DEFINED_TRANSFORMATION('','',#11,#116);
#2952 = PRODUCT_DEFINITION_SHAPE('Placement','Placement of an item',
  #2953);
#2953 = NEXT_ASSEMBLY_USAGE_OCCURRENCE('11','plastic_peg_1','',#70,#2885
  ,$);
#2954 = PRODUCT_RELATED_PRODUCT_CATEGORY('part',$,(#2887));
#2955 = SHAPE_DEFINITION_REPRESENTATION(#2956,#2962);
#2956 = PRODUCT_DEFINITION_SHAPE('','',#2957);
#2957 = PRODUCT_DEFINITION('design','',#2958,#2961);
#2958 = PRODUCT_DEFINITION_FORMATION('','',#2959);
#2959 = PRODUCT('plastic_peg_2','plastic_peg_2','',(#2960));
#2960 = PRODUCT_CONTEXT('',#2,'mechanical');
#2961 = PRODUCT_DEFINITION_CONTEXT('part definition',#2,'design');
#2962 = ADVANCED_BREP_SHAPE_REPRESENTATION('',(#11,#2963),#3016);
#2963 = MANIFOLD_SOLID_BREP('',#2964);
#2964 = CLOSED_SHELL('',(#2965,#2998,#3007));
#2965 = ADVANCED_FACE('',(#2966),#2993,.T.);
#2966 = FACE_BOUND('',#2967,.T.);
#2967 = EDGE_LOOP('',(#2968,#2977,#2985,#2992));
#2968 = ORIENTED_EDGE('',*,*,#2969,.T.);
#2969 = EDGE_CURVE('',#2970,#2970,#2972,.T.);
#2970 = VERTEX_POINT('',#2971);
#2971 = CARTESIAN_POINT('',(2.265,2.7,-1.6));
#2972 = CIRCLE('',#2973,0.54);
#2973 = AXIS2_PLACEMENT_3D('',#2974,#2975,#2976);
#2974 = CARTESIAN_POINT('',(1.725,2.7,-1.6));
#2975 = DIRECTION('',(0.,0.,1.));
#2976 = DIRECTION('',(1.,0.,-0.));
#2977 = ORIENTED_EDGE('',*,*,#2978,.T.);
#2978 = EDGE_CURVE('',#2970,#2979,#2981,.T.);
#2979 = VERTEX_POINT('',#2980);
#2980 = CARTESIAN_POINT('',(2.265,2.7,0.));
#2981 = LINE('',#2982,#2983);
#2982 = CARTESIAN_POINT('',(2.265,2.7,-1.6));
#2983 = VECTOR('',#2984,1.);
#2984 = DIRECTION('',(0.,0.,1.));
#2985 = ORIENTED_EDGE('',*,*,#2986,.F.);
#2986 = EDGE_CURVE('',#2979,#2979,#2987,.T.);
#2987 = CIRCLE('',#2988,0.54);
#2988 = AXIS2_PLACEMENT_3D('',#2989,#2990,#2991);
#2989 = CARTESIAN_POINT('',(1.725,2.7,0.));
#2990 = DIRECTION('',(0.,0.,1.));
#2991 = DIRECTION('',(1.,0.,-0.));
#2992 = ORIENTED_EDGE('',*,*,#2978,.F.);
#2993 = CYLINDRICAL_SURFACE('',#2994,0.54);
#2994 = AXIS2_PLACEMENT_3D('',#2995,#2996,#2997);
#2995 = CARTESIAN_POINT('',(1.725,2.7,-1.6));
#2996 = DIRECTION('',(-0.,-0.,-1.));
#2997 = DIRECTION('',(1.,0.,0.));
#2998 = ADVANCED_FACE('',(#2999),#3002,.F.);
#2999 = FACE_BOUND('',#3000,.F.);
#3000 = EDGE_LOOP('',(#3001));
#3001 = ORIENTED_EDGE('',*,*,#2969,.T.);
#3002 = PLANE('',#3003);
#3003 = AXIS2_PLACEMENT_3D('',#3004,#3005,#3006);
#3004 = CARTESIAN_POINT('',(1.725,2.7,-1.6));
#3005 = DIRECTION('',(0.,0.,1.));
#3006 = DIRECTION('',(1.,0.,-0.));
#3007 = ADVANCED_FACE('',(#3008),#3011,.T.);
#3008 = FACE_BOUND('',#3009,.T.);
#3009 = EDGE_LOOP('',(#3010));
#3010 = ORIENTED_EDGE('',*,*,#2986,.T.);
#3011 = PLANE('',#3012);
#3012 = AXIS2_PLACEMENT_3D('',#3013,#3014,#3015);
#3013 = CARTESIAN_POINT('',(1.725,2.7,0.));
#3014 = DIRECTION('',(0.,0.,1.));
#3015 = DIRECTION('',(1.,0.,-0.));
#3016 = ( GEOMETRIC_REPRESENTATION_CONTEXT(3) 
GLOBAL_UNCERTAINTY_ASSIGNED_CONTEXT((#3020)) 
GLOBAL_UNIT_ASSIGNED_CONTEXT((#3017,#3018,#3019)) REPRESENTATION_CONTEXT
('Context #1','3D Context with UNIT and UNCERTAINTY') );
#3017 = ( LENGTH_UNIT() NAMED_UNIT(*) SI_UNIT(.MILLI.,.METRE.) );
#3018 = ( NAMED_UNIT(*) PLANE_ANGLE_UNIT() SI_UNIT($,.RADIAN.) );
#3019 = ( NAMED_UNIT(*) SI_UNIT($,.STERADIAN.) SOLID_ANGLE_UNIT() );
#3020 = UNCERTAINTY_MEASURE_WITH_UNIT(LENGTH_MEASURE(1.E-07),#3017,
  'distance_accuracy_value','confusion accuracy');
#3021 = CONTEXT_DEPENDENT_SHAPE_REPRESENTATION(#3022,#3024);
#3022 = ( REPRESENTATION_RELATIONSHIP('','',#2962,#75) 
REPRESENTATION_RELATIONSHIP_WITH_TRANSFORMATION(#3023) 
SHAPE_REPRESENTATION_RELATIONSHIP() );
#3023 = ITEM_DEFINED_TRANSFORMATION('','',#11,#120);
#3024 = PRODUCT_DEFINITION_SHAPE('Placement','Placement of an item',
  #3025);
#3025 = NEXT_ASSEMBLY_USAGE_OCCURRENCE('12','plastic_peg_2','',#70,#2957
  ,$);
#3026 = PRODUCT_RELATED_PRODUCT_CATEGORY('part',$,(#2959));
#3027 = SHAPE_DEFINITION_REPRESENTATION(#3028,#3034);
#3028 = PRODUCT_DEFINITION_SHAPE('','',#3029);
#3029 = PRODUCT_DEFINITION('design','',#3030,#3033);
#3030 = PRODUCT_DEFINITION_FORMATION('','',#3031);
#3031 = PRODUCT('Barrel-unsaved-export-6gLF2A_pad',
  'Barrel-unsaved-export-6gLF2A_pad','',(#3032));
#3032 = PRODUCT_CONTEXT('',#2,'mechanical');
#3033 = PRODUCT_DEFINITION_CONTEXT('part definition',#2,'design');
#3034 = SHAPE_REPRESENTATION('',(#11,#3035,#3329,#3623,#3917,#4211,#4505
    ,#4799,#5089,#5379,#5673,#5963,#6253,#6547,#6837,#7127,#7421,#7711,
    #8001,#8295,#8589,#8883,#9177,#9471,#9765,#10059,#10151,#10243),
  #10335);
#3035 = MANIFOLD_SOLID_BREP('',#3036);
#3036 = CLOSED_SHELL('',(#3037,#3079,#3110,#3141,#3195,#3249,#3261,#3283
    ,#3300,#3317));
#3037 = ADVANCED_FACE('',(#3038),#3074,.T.);
#3038 = FACE_BOUND('',#3039,.T.);
#3039 = EDGE_LOOP('',(#3040,#3050,#3059,#3067));
#3040 = ORIENTED_EDGE('',*,*,#3041,.T.);
#3041 = EDGE_CURVE('',#3042,#3044,#3046,.T.);
#3042 = VERTEX_POINT('',#3043);
#3043 = CARTESIAN_POINT('',(-0.5,-8.5E-02,0.91));
#3044 = VERTEX_POINT('',#3045);
#3045 = CARTESIAN_POINT('',(-0.5,-8.5E-02,0.95));
#3046 = LINE('',#3047,#3048);
#3047 = CARTESIAN_POINT('',(-0.5,-8.5E-02,0.91));
#3048 = VECTOR('',#3049,1.);
#3049 = DIRECTION('',(0.,0.,1.));
#3050 = ORIENTED_EDGE('',*,*,#3051,.T.);
#3051 = EDGE_CURVE('',#3044,#3052,#3054,.T.);
#3052 = VERTEX_POINT('',#3053);
#3053 = CARTESIAN_POINT('',(-0.5,1.515,0.95));
#3054 = CIRCLE('',#3055,0.8);
#3055 = AXIS2_PLACEMENT_3D('',#3056,#3057,#3058);
#3056 = CARTESIAN_POINT('',(-0.500000247002,0.715,0.95));
#3057 = DIRECTION('',(0.,0.,-1.));
#3058 = DIRECTION('',(3.087522673639E-07,-1.,0.));
#3059 = ORIENTED_EDGE('',*,*,#3060,.F.);
#3060 = EDGE_CURVE('',#3061,#3052,#3063,.T.);
#3061 = VERTEX_POINT('',#3062);
#3062 = CARTESIAN_POINT('',(-0.5,1.515,0.91));
#3063 = LINE('',#3064,#3065);
#3064 = CARTESIAN_POINT('',(-0.5,1.515,0.91));
#3065 = VECTOR('',#3066,1.);
#3066 = DIRECTION('',(0.,0.,1.));
#3067 = ORIENTED_EDGE('',*,*,#3068,.F.);
#3068 = EDGE_CURVE('',#3042,#3061,#3069,.T.);
#3069 = CIRCLE('',#3070,0.8);
#3070 = AXIS2_PLACEMENT_3D('',#3071,#3072,#3073);
#3071 = CARTESIAN_POINT('',(-0.500000247002,0.715,0.91));
#3072 = DIRECTION('',(0.,0.,-1.));
#3073 = DIRECTION('',(3.087522673639E-07,-1.,0.));
#3074 = CYLINDRICAL_SURFACE('',#3075,0.8);
#3075 = AXIS2_PLACEMENT_3D('',#3076,#3077,#3078);
#3076 = CARTESIAN_POINT('',(-0.500000247002,0.715,0.91));
#3077 = DIRECTION('',(0.,0.,-1.));
#3078 = DIRECTION('',(3.087522673639E-07,-1.,0.));
#3079 = ADVANCED_FACE('',(#3080),#3105,.T.);
#3080 = FACE_BOUND('',#3081,.T.);
#3081 = EDGE_LOOP('',(#3082,#3092,#3098,#3099));
#3082 = ORIENTED_EDGE('',*,*,#3083,.T.);
#3083 = EDGE_CURVE('',#3084,#3086,#3088,.T.);
#3084 = VERTEX_POINT('',#3085);
#3085 = CARTESIAN_POINT('',(0.5,-8.5E-02,0.91));
#3086 = VERTEX_POINT('',#3087);
#3087 = CARTESIAN_POINT('',(0.5,-8.5E-02,0.95));
#3088 = LINE('',#3089,#3090);
#3089 = CARTESIAN_POINT('',(0.5,-8.5E-02,0.91));
#3090 = VECTOR('',#3091,1.);
#3091 = DIRECTION('',(0.,0.,1.));
#3092 = ORIENTED_EDGE('',*,*,#3093,.T.);
#3093 = EDGE_CURVE('',#3086,#3044,#3094,.T.);
#3094 = LINE('',#3095,#3096);
#3095 = CARTESIAN_POINT('',(0.5,-8.5E-02,0.95));
#3096 = VECTOR('',#3097,1.);
#3097 = DIRECTION('',(-1.,0.,0.));
#3098 = ORIENTED_EDGE('',*,*,#3041,.F.);
#3099 = ORIENTED_EDGE('',*,*,#3100,.F.);
#3100 = EDGE_CURVE('',#3084,#3042,#3101,.T.);
#3101 = LINE('',#3102,#3103);
#3102 = CARTESIAN_POINT('',(0.5,-8.5E-02,0.91));
#3103 = VECTOR('',#3104,1.);
#3104 = DIRECTION('',(-1.,0.,0.));
#3105 = PLANE('',#3106);
#3106 = AXIS2_PLACEMENT_3D('',#3107,#3108,#3109);
#3107 = CARTESIAN_POINT('',(0.5,-8.5E-02,0.91));
#3108 = DIRECTION('',(0.,-1.,0.));
#3109 = DIRECTION('',(-1.,0.,0.));
#3110 = ADVANCED_FACE('',(#3111),#3136,.T.);
#3111 = FACE_BOUND('',#3112,.T.);
#3112 = EDGE_LOOP('',(#3113,#3114,#3122,#3130));
#3113 = ORIENTED_EDGE('',*,*,#3060,.T.);
#3114 = ORIENTED_EDGE('',*,*,#3115,.T.);
#3115 = EDGE_CURVE('',#3052,#3116,#3118,.T.);
#3116 = VERTEX_POINT('',#3117);
#3117 = CARTESIAN_POINT('',(0.5,1.515,0.95));
#3118 = LINE('',#3119,#3120);
#3119 = CARTESIAN_POINT('',(-0.5,1.515,0.95));
#3120 = VECTOR('',#3121,1.);
#3121 = DIRECTION('',(1.,0.,0.));
#3122 = ORIENTED_EDGE('',*,*,#3123,.F.);
#3123 = EDGE_CURVE('',#3124,#3116,#3126,.T.);
#3124 = VERTEX_POINT('',#3125);
#3125 = CARTESIAN_POINT('',(0.5,1.515,0.91));
#3126 = LINE('',#3127,#3128);
#3127 = CARTESIAN_POINT('',(0.5,1.515,0.91));
#3128 = VECTOR('',#3129,1.);
#3129 = DIRECTION('',(0.,0.,1.));
#3130 = ORIENTED_EDGE('',*,*,#3131,.F.);
#3131 = EDGE_CURVE('',#3061,#3124,#3132,.T.);
#3132 = LINE('',#3133,#3134);
#3133 = CARTESIAN_POINT('',(-0.5,1.515,0.91));
#3134 = VECTOR('',#3135,1.);
#3135 = DIRECTION('',(1.,0.,0.));
#3136 = PLANE('',#3137);
#3137 = AXIS2_PLACEMENT_3D('',#3138,#3139,#3140);
#3138 = CARTESIAN_POINT('',(-0.5,1.515,0.91));
#3139 = DIRECTION('',(0.,1.,0.));
#3140 = DIRECTION('',(1.,0.,0.));
#3141 = ADVANCED_FACE('',(#3142,#3154),#3190,.F.);
#3142 = FACE_BOUND('',#3143,.F.);
#3143 = EDGE_LOOP('',(#3144,#3145,#3146,#3153));
#3144 = ORIENTED_EDGE('',*,*,#3068,.F.);
#3145 = ORIENTED_EDGE('',*,*,#3100,.F.);
#3146 = ORIENTED_EDGE('',*,*,#3147,.F.);
#3147 = EDGE_CURVE('',#3124,#3084,#3148,.T.);
#3148 = CIRCLE('',#3149,0.8);
#3149 = AXIS2_PLACEMENT_3D('',#3150,#3151,#3152);
#3150 = CARTESIAN_POINT('',(0.500000247002,0.715,0.91));
#3151 = DIRECTION('',(0.,0.,-1.));
#3152 = DIRECTION('',(-3.087522673639E-07,1.,-0.));
#3153 = ORIENTED_EDGE('',*,*,#3131,.F.);
#3154 = FACE_BOUND('',#3155,.F.);
#3155 = EDGE_LOOP('',(#3156,#3167,#3175,#3184));
#3156 = ORIENTED_EDGE('',*,*,#3157,.T.);
#3157 = EDGE_CURVE('',#3158,#3160,#3162,.T.);
#3158 = VERTEX_POINT('',#3159);
#3159 = CARTESIAN_POINT('',(0.5,0.89,0.91));
#3160 = VERTEX_POINT('',#3161);
#3161 = CARTESIAN_POINT('',(0.5,0.54,0.91));
#3162 = CIRCLE('',#3163,0.175);
#3163 = AXIS2_PLACEMENT_3D('',#3164,#3165,#3166);
#3164 = CARTESIAN_POINT('',(0.5,0.715,0.91));
#3165 = DIRECTION('',(-0.,0.,-1.));
#3166 = DIRECTION('',(-0.,-1.,0.));
#3167 = ORIENTED_EDGE('',*,*,#3168,.T.);
#3168 = EDGE_CURVE('',#3160,#3169,#3171,.T.);
#3169 = VERTEX_POINT('',#3170);
#3170 = CARTESIAN_POINT('',(-0.5,0.54,0.91));
#3171 = LINE('',#3172,#3173);
#3172 = CARTESIAN_POINT('',(-0.25,0.54,0.91));
#3173 = VECTOR('',#3174,1.);
#3174 = DIRECTION('',(-1.,0.,0.));
#3175 = ORIENTED_EDGE('',*,*,#3176,.T.);
#3176 = EDGE_CURVE('',#3169,#3177,#3179,.T.);
#3177 = VERTEX_POINT('',#3178);
#3178 = CARTESIAN_POINT('',(-0.5,0.89,0.91));
#3179 = CIRCLE('',#3180,0.175);
#3180 = AXIS2_PLACEMENT_3D('',#3181,#3182,#3183);
#3181 = CARTESIAN_POINT('',(-0.5,0.715,0.91));
#3182 = DIRECTION('',(-0.,0.,-1.));
#3183 = DIRECTION('',(0.,1.,0.));
#3184 = ORIENTED_EDGE('',*,*,#3185,.T.);
#3185 = EDGE_CURVE('',#3177,#3158,#3186,.T.);
#3186 = LINE('',#3187,#3188);
#3187 = CARTESIAN_POINT('',(0.25,0.89,0.91));
#3188 = VECTOR('',#3189,1.);
#3189 = DIRECTION('',(1.,0.,-0.));
#3190 = PLANE('',#3191);
#3191 = AXIS2_PLACEMENT_3D('',#3192,#3193,#3194);
#3192 = CARTESIAN_POINT('',(0.,0.,0.91));
#3193 = DIRECTION('',(0.,0.,1.));
#3194 = DIRECTION('',(1.,0.,-0.));
#3195 = ADVANCED_FACE('',(#3196,#3208),#3244,.T.);
#3196 = FACE_BOUND('',#3197,.T.);
#3197 = EDGE_LOOP('',(#3198,#3199,#3200,#3207));
#3198 = ORIENTED_EDGE('',*,*,#3051,.F.);
#3199 = ORIENTED_EDGE('',*,*,#3093,.F.);
#3200 = ORIENTED_EDGE('',*,*,#3201,.F.);
#3201 = EDGE_CURVE('',#3116,#3086,#3202,.T.);
#3202 = CIRCLE('',#3203,0.8);
#3203 = AXIS2_PLACEMENT_3D('',#3204,#3205,#3206);
#3204 = CARTESIAN_POINT('',(0.500000247002,0.715,0.95));
#3205 = DIRECTION('',(0.,0.,-1.));
#3206 = DIRECTION('',(-3.087522673639E-07,1.,-0.));
#3207 = ORIENTED_EDGE('',*,*,#3115,.F.);
#3208 = FACE_BOUND('',#3209,.T.);
#3209 = EDGE_LOOP('',(#3210,#3221,#3229,#3238));
#3210 = ORIENTED_EDGE('',*,*,#3211,.T.);
#3211 = EDGE_CURVE('',#3212,#3214,#3216,.T.);
#3212 = VERTEX_POINT('',#3213);
#3213 = CARTESIAN_POINT('',(0.5,0.89,0.95));
#3214 = VERTEX_POINT('',#3215);
#3215 = CARTESIAN_POINT('',(0.5,0.54,0.95));
#3216 = CIRCLE('',#3217,0.175);
#3217 = AXIS2_PLACEMENT_3D('',#3218,#3219,#3220);
#3218 = CARTESIAN_POINT('',(0.5,0.715,0.95));
#3219 = DIRECTION('',(-0.,0.,-1.));
#3220 = DIRECTION('',(-0.,-1.,0.));
#3221 = ORIENTED_EDGE('',*,*,#3222,.T.);
#3222 = EDGE_CURVE('',#3214,#3223,#3225,.T.);
#3223 = VERTEX_POINT('',#3224);
#3224 = CARTESIAN_POINT('',(-0.5,0.54,0.95));
#3225 = LINE('',#3226,#3227);
#3226 = CARTESIAN_POINT('',(-0.25,0.54,0.95));
#3227 = VECTOR('',#3228,1.);
#3228 = DIRECTION('',(-1.,0.,0.));
#3229 = ORIENTED_EDGE('',*,*,#3230,.T.);
#3230 = EDGE_CURVE('',#3223,#3231,#3233,.T.);
#3231 = VERTEX_POINT('',#3232);
#3232 = CARTESIAN_POINT('',(-0.5,0.89,0.95));
#3233 = CIRCLE('',#3234,0.175);
#3234 = AXIS2_PLACEMENT_3D('',#3235,#3236,#3237);
#3235 = CARTESIAN_POINT('',(-0.5,0.715,0.95));
#3236 = DIRECTION('',(-0.,0.,-1.));
#3237 = DIRECTION('',(0.,1.,0.));
#3238 = ORIENTED_EDGE('',*,*,#3239,.T.);
#3239 = EDGE_CURVE('',#3231,#3212,#3240,.T.);
#3240 = LINE('',#3241,#3242);
#3241 = CARTESIAN_POINT('',(0.25,0.89,0.95));
#3242 = VECTOR('',#3243,1.);
#3243 = DIRECTION('',(1.,0.,-0.));
#3244 = PLANE('',#3245);
#3245 = AXIS2_PLACEMENT_3D('',#3246,#3247,#3248);
#3246 = CARTESIAN_POINT('',(0.,0.,0.95));
#3247 = DIRECTION('',(0.,0.,1.));
#3248 = DIRECTION('',(1.,0.,-0.));
#3249 = ADVANCED_FACE('',(#3250),#3256,.T.);
#3250 = FACE_BOUND('',#3251,.T.);
#3251 = EDGE_LOOP('',(#3252,#3253,#3254,#3255));
#3252 = ORIENTED_EDGE('',*,*,#3123,.T.);
#3253 = ORIENTED_EDGE('',*,*,#3201,.T.);
#3254 = ORIENTED_EDGE('',*,*,#3083,.F.);
#3255 = ORIENTED_EDGE('',*,*,#3147,.F.);
#3256 = CYLINDRICAL_SURFACE('',#3257,0.8);
#3257 = AXIS2_PLACEMENT_3D('',#3258,#3259,#3260);
#3258 = CARTESIAN_POINT('',(0.500000247002,0.715,0.91));
#3259 = DIRECTION('',(0.,0.,-1.));
#3260 = DIRECTION('',(-3.087522673639E-07,1.,-0.));
#3261 = ADVANCED_FACE('',(#3262),#3278,.F.);
#3262 = FACE_BOUND('',#3263,.T.);
#3263 = EDGE_LOOP('',(#3264,#3265,#3271,#3272));
#3264 = ORIENTED_EDGE('',*,*,#3157,.T.);
#3265 = ORIENTED_EDGE('',*,*,#3266,.T.);
#3266 = EDGE_CURVE('',#3160,#3214,#3267,.T.);
#3267 = LINE('',#3268,#3269);
#3268 = CARTESIAN_POINT('',(0.5,0.54,-4.6E-02));
#3269 = VECTOR('',#3270,1.);
#3270 = DIRECTION('',(0.,0.,1.));
#3271 = ORIENTED_EDGE('',*,*,#3211,.F.);
#3272 = ORIENTED_EDGE('',*,*,#3273,.F.);
#3273 = EDGE_CURVE('',#3158,#3212,#3274,.T.);
#3274 = LINE('',#3275,#3276);
#3275 = CARTESIAN_POINT('',(0.5,0.89,-4.6E-02));
#3276 = VECTOR('',#3277,1.);
#3277 = DIRECTION('',(0.,0.,1.));
#3278 = CYLINDRICAL_SURFACE('',#3279,0.175);
#3279 = AXIS2_PLACEMENT_3D('',#3280,#3281,#3282);
#3280 = CARTESIAN_POINT('',(0.5,0.715,-4.6E-02));
#3281 = DIRECTION('',(-0.,-0.,-1.));
#3282 = DIRECTION('',(-0.,-1.,0.));
#3283 = ADVANCED_FACE('',(#3284),#3295,.T.);
#3284 = FACE_BOUND('',#3285,.T.);
#3285 = EDGE_LOOP('',(#3286,#3287,#3288,#3289));
#3286 = ORIENTED_EDGE('',*,*,#3185,.T.);
#3287 = ORIENTED_EDGE('',*,*,#3273,.T.);
#3288 = ORIENTED_EDGE('',*,*,#3239,.F.);
#3289 = ORIENTED_EDGE('',*,*,#3290,.F.);
#3290 = EDGE_CURVE('',#3177,#3231,#3291,.T.);
#3291 = LINE('',#3292,#3293);
#3292 = CARTESIAN_POINT('',(-0.5,0.89,-4.6E-02));
#3293 = VECTOR('',#3294,1.);
#3294 = DIRECTION('',(0.,0.,1.));
#3295 = PLANE('',#3296);
#3296 = AXIS2_PLACEMENT_3D('',#3297,#3298,#3299);
#3297 = CARTESIAN_POINT('',(0.5,0.89,-4.6E-02));
#3298 = DIRECTION('',(0.,-1.,0.));
#3299 = DIRECTION('',(-1.,0.,0.));
#3300 = ADVANCED_FACE('',(#3301),#3312,.F.);
#3301 = FACE_BOUND('',#3302,.T.);
#3302 = EDGE_LOOP('',(#3303,#3304,#3305,#3306));
#3303 = ORIENTED_EDGE('',*,*,#3176,.T.);
#3304 = ORIENTED_EDGE('',*,*,#3290,.T.);
#3305 = ORIENTED_EDGE('',*,*,#3230,.F.);
#3306 = ORIENTED_EDGE('',*,*,#3307,.F.);
#3307 = EDGE_CURVE('',#3169,#3223,#3308,.T.);
#3308 = LINE('',#3309,#3310);
#3309 = CARTESIAN_POINT('',(-0.5,0.54,-4.6E-02));
#3310 = VECTOR('',#3311,1.);
#3311 = DIRECTION('',(0.,0.,1.));
#3312 = CYLINDRICAL_SURFACE('',#3313,0.175);
#3313 = AXIS2_PLACEMENT_3D('',#3314,#3315,#3316);
#3314 = CARTESIAN_POINT('',(-0.5,0.715,-4.6E-02));
#3315 = DIRECTION('',(-0.,0.,-1.));
#3316 = DIRECTION('',(0.,1.,0.));
#3317 = ADVANCED_FACE('',(#3318),#3324,.T.);
#3318 = FACE_BOUND('',#3319,.T.);
#3319 = EDGE_LOOP('',(#3320,#3321,#3322,#3323));
#3320 = ORIENTED_EDGE('',*,*,#3168,.T.);
#3321 = ORIENTED_EDGE('',*,*,#3307,.T.);
#3322 = ORIENTED_EDGE('',*,*,#3222,.F.);
#3323 = ORIENTED_EDGE('',*,*,#3266,.F.);
#3324 = PLANE('',#3325);
#3325 = AXIS2_PLACEMENT_3D('',#3326,#3327,#3328);
#3326 = CARTESIAN_POINT('',(-0.5,0.54,-4.6E-02));
#3327 = DIRECTION('',(0.,1.,0.));
#3328 = DIRECTION('',(1.,0.,0.));
#3329 = MANIFOLD_SOLID_BREP('',#3330);
#3330 = CLOSED_SHELL('',(#3331,#3373,#3404,#3435,#3489,#3543,#3555,#3577
    ,#3594,#3611));
#3331 = ADVANCED_FACE('',(#3332),#3368,.T.);
#3332 = FACE_BOUND('',#3333,.F.);
#3333 = EDGE_LOOP('',(#3334,#3344,#3353,#3361));
#3334 = ORIENTED_EDGE('',*,*,#3335,.T.);
#3335 = EDGE_CURVE('',#3336,#3338,#3340,.T.);
#3336 = VERTEX_POINT('',#3337);
#3337 = CARTESIAN_POINT('',(-0.5,-8.5E-02,0.));
#3338 = VERTEX_POINT('',#3339);
#3339 = CARTESIAN_POINT('',(-0.5,-8.5E-02,-4.E-02));
#3340 = LINE('',#3341,#3342);
#3341 = CARTESIAN_POINT('',(-0.5,-8.5E-02,0.));
#3342 = VECTOR('',#3343,1.);
#3343 = DIRECTION('',(0.,0.,-1.));
#3344 = ORIENTED_EDGE('',*,*,#3345,.T.);
#3345 = EDGE_CURVE('',#3338,#3346,#3348,.T.);
#3346 = VERTEX_POINT('',#3347);
#3347 = CARTESIAN_POINT('',(-0.5,1.515,-4.E-02));
#3348 = CIRCLE('',#3349,0.8);
#3349 = AXIS2_PLACEMENT_3D('',#3350,#3351,#3352);
#3350 = CARTESIAN_POINT('',(-0.500000247002,0.715,-4.E-02));
#3351 = DIRECTION('',(0.,0.,-1.));
#3352 = DIRECTION('',(3.087522673639E-07,-1.,0.));
#3353 = ORIENTED_EDGE('',*,*,#3354,.F.);
#3354 = EDGE_CURVE('',#3355,#3346,#3357,.T.);
#3355 = VERTEX_POINT('',#3356);
#3356 = CARTESIAN_POINT('',(-0.5,1.515,0.));
#3357 = LINE('',#3358,#3359);
#3358 = CARTESIAN_POINT('',(-0.5,1.515,0.));
#3359 = VECTOR('',#3360,1.);
#3360 = DIRECTION('',(0.,0.,-1.));
#3361 = ORIENTED_EDGE('',*,*,#3362,.F.);
#3362 = EDGE_CURVE('',#3336,#3355,#3363,.T.);
#3363 = CIRCLE('',#3364,0.8);
#3364 = AXIS2_PLACEMENT_3D('',#3365,#3366,#3367);
#3365 = CARTESIAN_POINT('',(-0.500000247002,0.715,0.));
#3366 = DIRECTION('',(0.,0.,-1.));
#3367 = DIRECTION('',(3.087522673639E-07,-1.,0.));
#3368 = CYLINDRICAL_SURFACE('',#3369,0.8);
#3369 = AXIS2_PLACEMENT_3D('',#3370,#3371,#3372);
#3370 = CARTESIAN_POINT('',(-0.500000247002,0.715,0.));
#3371 = DIRECTION('',(-0.,-0.,1.));
#3372 = DIRECTION('',(3.087522673639E-07,-1.,0.));
#3373 = ADVANCED_FACE('',(#3374),#3399,.F.);
#3374 = FACE_BOUND('',#3375,.F.);
#3375 = EDGE_LOOP('',(#3376,#3386,#3392,#3393));
#3376 = ORIENTED_EDGE('',*,*,#3377,.T.);
#3377 = EDGE_CURVE('',#3378,#3380,#3382,.T.);
#3378 = VERTEX_POINT('',#3379);
#3379 = CARTESIAN_POINT('',(0.5,-8.5E-02,0.));
#3380 = VERTEX_POINT('',#3381);
#3381 = CARTESIAN_POINT('',(0.5,-8.5E-02,-4.E-02));
#3382 = LINE('',#3383,#3384);
#3383 = CARTESIAN_POINT('',(0.5,-8.5E-02,0.));
#3384 = VECTOR('',#3385,1.);
#3385 = DIRECTION('',(0.,0.,-1.));
#3386 = ORIENTED_EDGE('',*,*,#3387,.T.);
#3387 = EDGE_CURVE('',#3380,#3338,#3388,.T.);
#3388 = LINE('',#3389,#3390);
#3389 = CARTESIAN_POINT('',(0.5,-8.5E-02,-4.E-02));
#3390 = VECTOR('',#3391,1.);
#3391 = DIRECTION('',(-1.,0.,0.));
#3392 = ORIENTED_EDGE('',*,*,#3335,.F.);
#3393 = ORIENTED_EDGE('',*,*,#3394,.F.);
#3394 = EDGE_CURVE('',#3378,#3336,#3395,.T.);
#3395 = LINE('',#3396,#3397);
#3396 = CARTESIAN_POINT('',(0.5,-8.5E-02,0.));
#3397 = VECTOR('',#3398,1.);
#3398 = DIRECTION('',(-1.,0.,0.));
#3399 = PLANE('',#3400);
#3400 = AXIS2_PLACEMENT_3D('',#3401,#3402,#3403);
#3401 = CARTESIAN_POINT('',(0.5,-8.5E-02,0.));
#3402 = DIRECTION('',(0.,1.,0.));
#3403 = DIRECTION('',(-1.,0.,0.));
#3404 = ADVANCED_FACE('',(#3405),#3430,.F.);
#3405 = FACE_BOUND('',#3406,.F.);
#3406 = EDGE_LOOP('',(#3407,#3408,#3416,#3424));
#3407 = ORIENTED_EDGE('',*,*,#3354,.T.);
#3408 = ORIENTED_EDGE('',*,*,#3409,.T.);
#3409 = EDGE_CURVE('',#3346,#3410,#3412,.T.);
#3410 = VERTEX_POINT('',#3411);
#3411 = CARTESIAN_POINT('',(0.5,1.515,-4.E-02));
#3412 = LINE('',#3413,#3414);
#3413 = CARTESIAN_POINT('',(-0.5,1.515,-4.E-02));
#3414 = VECTOR('',#3415,1.);
#3415 = DIRECTION('',(1.,0.,0.));
#3416 = ORIENTED_EDGE('',*,*,#3417,.F.);
#3417 = EDGE_CURVE('',#3418,#3410,#3420,.T.);
#3418 = VERTEX_POINT('',#3419);
#3419 = CARTESIAN_POINT('',(0.5,1.515,0.));
#3420 = LINE('',#3421,#3422);
#3421 = CARTESIAN_POINT('',(0.5,1.515,0.));
#3422 = VECTOR('',#3423,1.);
#3423 = DIRECTION('',(0.,0.,-1.));
#3424 = ORIENTED_EDGE('',*,*,#3425,.F.);
#3425 = EDGE_CURVE('',#3355,#3418,#3426,.T.);
#3426 = LINE('',#3427,#3428);
#3427 = CARTESIAN_POINT('',(-0.5,1.515,0.));
#3428 = VECTOR('',#3429,1.);
#3429 = DIRECTION('',(1.,0.,0.));
#3430 = PLANE('',#3431);
#3431 = AXIS2_PLACEMENT_3D('',#3432,#3433,#3434);
#3432 = CARTESIAN_POINT('',(-0.5,1.515,0.));
#3433 = DIRECTION('',(0.,-1.,0.));
#3434 = DIRECTION('',(1.,0.,0.));
#3435 = ADVANCED_FACE('',(#3436,#3448),#3484,.F.);
#3436 = FACE_BOUND('',#3437,.F.);
#3437 = EDGE_LOOP('',(#3438,#3439,#3440,#3447));
#3438 = ORIENTED_EDGE('',*,*,#3362,.T.);
#3439 = ORIENTED_EDGE('',*,*,#3425,.T.);
#3440 = ORIENTED_EDGE('',*,*,#3441,.T.);
#3441 = EDGE_CURVE('',#3418,#3378,#3442,.T.);
#3442 = CIRCLE('',#3443,0.8);
#3443 = AXIS2_PLACEMENT_3D('',#3444,#3445,#3446);
#3444 = CARTESIAN_POINT('',(0.500000247002,0.715,0.));
#3445 = DIRECTION('',(0.,0.,-1.));
#3446 = DIRECTION('',(-3.087522673639E-07,1.,-0.));
#3447 = ORIENTED_EDGE('',*,*,#3394,.T.);
#3448 = FACE_BOUND('',#3449,.F.);
#3449 = EDGE_LOOP('',(#3450,#3461,#3469,#3478));
#3450 = ORIENTED_EDGE('',*,*,#3451,.F.);
#3451 = EDGE_CURVE('',#3452,#3454,#3456,.T.);
#3452 = VERTEX_POINT('',#3453);
#3453 = CARTESIAN_POINT('',(-0.5,0.54,0.));
#3454 = VERTEX_POINT('',#3455);
#3455 = CARTESIAN_POINT('',(-0.5,0.89,0.));
#3456 = CIRCLE('',#3457,0.175);
#3457 = AXIS2_PLACEMENT_3D('',#3458,#3459,#3460);
#3458 = CARTESIAN_POINT('',(-0.5,0.715,0.));
#3459 = DIRECTION('',(-0.,0.,-1.));
#3460 = DIRECTION('',(0.,1.,0.));
#3461 = ORIENTED_EDGE('',*,*,#3462,.T.);
#3462 = EDGE_CURVE('',#3452,#3463,#3465,.T.);
#3463 = VERTEX_POINT('',#3464);
#3464 = CARTESIAN_POINT('',(0.5,0.54,0.));
#3465 = LINE('',#3466,#3467);
#3466 = CARTESIAN_POINT('',(-0.25,0.54,0.));
#3467 = VECTOR('',#3468,1.);
#3468 = DIRECTION('',(1.,0.,0.));
#3469 = ORIENTED_EDGE('',*,*,#3470,.F.);
#3470 = EDGE_CURVE('',#3471,#3463,#3473,.T.);
#3471 = VERTEX_POINT('',#3472);
#3472 = CARTESIAN_POINT('',(0.5,0.89,0.));
#3473 = CIRCLE('',#3474,0.175);
#3474 = AXIS2_PLACEMENT_3D('',#3475,#3476,#3477);
#3475 = CARTESIAN_POINT('',(0.5,0.715,0.));
#3476 = DIRECTION('',(-0.,0.,-1.));
#3477 = DIRECTION('',(-0.,-1.,0.));
#3478 = ORIENTED_EDGE('',*,*,#3479,.T.);
#3479 = EDGE_CURVE('',#3471,#3454,#3480,.T.);
#3480 = LINE('',#3481,#3482);
#3481 = CARTESIAN_POINT('',(0.25,0.89,0.));
#3482 = VECTOR('',#3483,1.);
#3483 = DIRECTION('',(-1.,0.,0.));
#3484 = PLANE('',#3485);
#3485 = AXIS2_PLACEMENT_3D('',#3486,#3487,#3488);
#3486 = CARTESIAN_POINT('',(0.,0.,0.));
#3487 = DIRECTION('',(-0.,-0.,-1.));
#3488 = DIRECTION('',(-1.,0.,0.));
#3489 = ADVANCED_FACE('',(#3490,#3502),#3538,.T.);
#3490 = FACE_BOUND('',#3491,.T.);
#3491 = EDGE_LOOP('',(#3492,#3493,#3494,#3501));
#3492 = ORIENTED_EDGE('',*,*,#3345,.T.);
#3493 = ORIENTED_EDGE('',*,*,#3409,.T.);
#3494 = ORIENTED_EDGE('',*,*,#3495,.T.);
#3495 = EDGE_CURVE('',#3410,#3380,#3496,.T.);
#3496 = CIRCLE('',#3497,0.8);
#3497 = AXIS2_PLACEMENT_3D('',#3498,#3499,#3500);
#3498 = CARTESIAN_POINT('',(0.500000247002,0.715,-4.E-02));
#3499 = DIRECTION('',(0.,0.,-1.));
#3500 = DIRECTION('',(-3.087522673639E-07,1.,-0.));
#3501 = ORIENTED_EDGE('',*,*,#3387,.T.);
#3502 = FACE_BOUND('',#3503,.T.);
#3503 = EDGE_LOOP('',(#3504,#3515,#3523,#3532));
#3504 = ORIENTED_EDGE('',*,*,#3505,.F.);
#3505 = EDGE_CURVE('',#3506,#3508,#3510,.T.);
#3506 = VERTEX_POINT('',#3507);
#3507 = CARTESIAN_POINT('',(-0.5,0.54,-4.E-02));
#3508 = VERTEX_POINT('',#3509);
#3509 = CARTESIAN_POINT('',(-0.5,0.89,-4.E-02));
#3510 = CIRCLE('',#3511,0.175);
#3511 = AXIS2_PLACEMENT_3D('',#3512,#3513,#3514);
#3512 = CARTESIAN_POINT('',(-0.5,0.715,-4.E-02));
#3513 = DIRECTION('',(-0.,0.,-1.));
#3514 = DIRECTION('',(0.,1.,0.));
#3515 = ORIENTED_EDGE('',*,*,#3516,.T.);
#3516 = EDGE_CURVE('',#3506,#3517,#3519,.T.);
#3517 = VERTEX_POINT('',#3518);
#3518 = CARTESIAN_POINT('',(0.5,0.54,-4.E-02));
#3519 = LINE('',#3520,#3521);
#3520 = CARTESIAN_POINT('',(-0.25,0.54,-4.E-02));
#3521 = VECTOR('',#3522,1.);
#3522 = DIRECTION('',(1.,0.,0.));
#3523 = ORIENTED_EDGE('',*,*,#3524,.F.);
#3524 = EDGE_CURVE('',#3525,#3517,#3527,.T.);
#3525 = VERTEX_POINT('',#3526);
#3526 = CARTESIAN_POINT('',(0.5,0.89,-4.E-02));
#3527 = CIRCLE('',#3528,0.175);
#3528 = AXIS2_PLACEMENT_3D('',#3529,#3530,#3531);
#3529 = CARTESIAN_POINT('',(0.5,0.715,-4.E-02));
#3530 = DIRECTION('',(-0.,0.,-1.));
#3531 = DIRECTION('',(-0.,-1.,0.));
#3532 = ORIENTED_EDGE('',*,*,#3533,.T.);
#3533 = EDGE_CURVE('',#3525,#3508,#3534,.T.);
#3534 = LINE('',#3535,#3536);
#3535 = CARTESIAN_POINT('',(0.25,0.89,-4.E-02));
#3536 = VECTOR('',#3537,1.);
#3537 = DIRECTION('',(-1.,0.,0.));
#3538 = PLANE('',#3539);
#3539 = AXIS2_PLACEMENT_3D('',#3540,#3541,#3542);
#3540 = CARTESIAN_POINT('',(0.,0.,-4.E-02));
#3541 = DIRECTION('',(-0.,-0.,-1.));
#3542 = DIRECTION('',(-1.,0.,0.));
#3543 = ADVANCED_FACE('',(#3544),#3550,.T.);
#3544 = FACE_BOUND('',#3545,.F.);
#3545 = EDGE_LOOP('',(#3546,#3547,#3548,#3549));
#3546 = ORIENTED_EDGE('',*,*,#3417,.T.);
#3547 = ORIENTED_EDGE('',*,*,#3495,.T.);
#3548 = ORIENTED_EDGE('',*,*,#3377,.F.);
#3549 = ORIENTED_EDGE('',*,*,#3441,.F.);
#3550 = CYLINDRICAL_SURFACE('',#3551,0.8);
#3551 = AXIS2_PLACEMENT_3D('',#3552,#3553,#3554);
#3552 = CARTESIAN_POINT('',(0.500000247002,0.715,0.));
#3553 = DIRECTION('',(-0.,-0.,1.));
#3554 = DIRECTION('',(-3.087522673639E-07,1.,-0.));
#3555 = ADVANCED_FACE('',(#3556),#3572,.F.);
#3556 = FACE_BOUND('',#3557,.T.);
#3557 = EDGE_LOOP('',(#3558,#3559,#3565,#3566));
#3558 = ORIENTED_EDGE('',*,*,#3505,.T.);
#3559 = ORIENTED_EDGE('',*,*,#3560,.T.);
#3560 = EDGE_CURVE('',#3508,#3454,#3561,.T.);
#3561 = LINE('',#3562,#3563);
#3562 = CARTESIAN_POINT('',(-0.5,0.89,-4.6E-02));
#3563 = VECTOR('',#3564,1.);
#3564 = DIRECTION('',(0.,0.,1.));
#3565 = ORIENTED_EDGE('',*,*,#3451,.F.);
#3566 = ORIENTED_EDGE('',*,*,#3567,.F.);
#3567 = EDGE_CURVE('',#3506,#3452,#3568,.T.);
#3568 = LINE('',#3569,#3570);
#3569 = CARTESIAN_POINT('',(-0.5,0.54,-4.6E-02));
#3570 = VECTOR('',#3571,1.);
#3571 = DIRECTION('',(0.,0.,1.));
#3572 = CYLINDRICAL_SURFACE('',#3573,0.175);
#3573 = AXIS2_PLACEMENT_3D('',#3574,#3575,#3576);
#3574 = CARTESIAN_POINT('',(-0.5,0.715,-4.6E-02));
#3575 = DIRECTION('',(-0.,0.,-1.));
#3576 = DIRECTION('',(0.,1.,0.));
#3577 = ADVANCED_FACE('',(#3578),#3589,.T.);
#3578 = FACE_BOUND('',#3579,.T.);
#3579 = EDGE_LOOP('',(#3580,#3581,#3587,#3588));
#3580 = ORIENTED_EDGE('',*,*,#3533,.F.);
#3581 = ORIENTED_EDGE('',*,*,#3582,.T.);
#3582 = EDGE_CURVE('',#3525,#3471,#3583,.T.);
#3583 = LINE('',#3584,#3585);
#3584 = CARTESIAN_POINT('',(0.5,0.89,-4.6E-02));
#3585 = VECTOR('',#3586,1.);
#3586 = DIRECTION('',(0.,0.,1.));
#3587 = ORIENTED_EDGE('',*,*,#3479,.T.);
#3588 = ORIENTED_EDGE('',*,*,#3560,.F.);
#3589 = PLANE('',#3590);
#3590 = AXIS2_PLACEMENT_3D('',#3591,#3592,#3593);
#3591 = CARTESIAN_POINT('',(0.5,0.89,-4.6E-02));
#3592 = DIRECTION('',(0.,-1.,0.));
#3593 = DIRECTION('',(-1.,0.,0.));
#3594 = ADVANCED_FACE('',(#3595),#3606,.F.);
#3595 = FACE_BOUND('',#3596,.T.);
#3596 = EDGE_LOOP('',(#3597,#3598,#3604,#3605));
#3597 = ORIENTED_EDGE('',*,*,#3524,.T.);
#3598 = ORIENTED_EDGE('',*,*,#3599,.T.);
#3599 = EDGE_CURVE('',#3517,#3463,#3600,.T.);
#3600 = LINE('',#3601,#3602);
#3601 = CARTESIAN_POINT('',(0.5,0.54,-4.6E-02));
#3602 = VECTOR('',#3603,1.);
#3603 = DIRECTION('',(0.,0.,1.));
#3604 = ORIENTED_EDGE('',*,*,#3470,.F.);
#3605 = ORIENTED_EDGE('',*,*,#3582,.F.);
#3606 = CYLINDRICAL_SURFACE('',#3607,0.175);
#3607 = AXIS2_PLACEMENT_3D('',#3608,#3609,#3610);
#3608 = CARTESIAN_POINT('',(0.5,0.715,-4.6E-02));
#3609 = DIRECTION('',(-0.,-0.,-1.));
#3610 = DIRECTION('',(-0.,-1.,0.));
#3611 = ADVANCED_FACE('',(#3612),#3618,.T.);
#3612 = FACE_BOUND('',#3613,.T.);
#3613 = EDGE_LOOP('',(#3614,#3615,#3616,#3617));
#3614 = ORIENTED_EDGE('',*,*,#3516,.F.);
#3615 = ORIENTED_EDGE('',*,*,#3567,.T.);
#3616 = ORIENTED_EDGE('',*,*,#3462,.T.);
#3617 = ORIENTED_EDGE('',*,*,#3599,.F.);
#3618 = PLANE('',#3619);
#3619 = AXIS2_PLACEMENT_3D('',#3620,#3621,#3622);
#3620 = CARTESIAN_POINT('',(-0.5,0.54,-4.6E-02));
#3621 = DIRECTION('',(0.,1.,0.));
#3622 = DIRECTION('',(1.,0.,0.));
#3623 = MANIFOLD_SOLID_BREP('',#3624);
#3624 = CLOSED_SHELL('',(#3625,#3665,#3698,#3731,#3784,#3837,#3849,#3871
    ,#3888,#3905));
#3625 = ADVANCED_FACE('',(#3626),#3660,.F.);
#3626 = FACE_BOUND('',#3627,.F.);
#3627 = EDGE_LOOP('',(#3628,#3638,#3646,#3654));
#3628 = ORIENTED_EDGE('',*,*,#3629,.T.);
#3629 = EDGE_CURVE('',#3630,#3632,#3634,.T.);
#3630 = VERTEX_POINT('',#3631);
#3631 = CARTESIAN_POINT('',(-0.5,0.515,-4.E-02));
#3632 = VERTEX_POINT('',#3633);
#3633 = CARTESIAN_POINT('',(-0.5,0.515,0.95));
#3634 = LINE('',#3635,#3636);
#3635 = CARTESIAN_POINT('',(-0.5,0.515,-4.E-02));
#3636 = VECTOR('',#3637,1.);
#3637 = DIRECTION('',(0.,0.,1.));
#3638 = ORIENTED_EDGE('',*,*,#3639,.T.);
#3639 = EDGE_CURVE('',#3632,#3640,#3642,.T.);
#3640 = VERTEX_POINT('',#3641);
#3641 = CARTESIAN_POINT('',(0.5,0.515,0.95));
#3642 = LINE('',#3643,#3644);
#3643 = CARTESIAN_POINT('',(-0.5,0.515,0.95));
#3644 = VECTOR('',#3645,1.);
#3645 = DIRECTION('',(1.,0.,0.));
#3646 = ORIENTED_EDGE('',*,*,#3647,.F.);
#3647 = EDGE_CURVE('',#3648,#3640,#3650,.T.);
#3648 = VERTEX_POINT('',#3649);
#3649 = CARTESIAN_POINT('',(0.5,0.515,-4.E-02));
#3650 = LINE('',#3651,#3652);
#3651 = CARTESIAN_POINT('',(0.5,0.515,-4.E-02));
#3652 = VECTOR('',#3653,1.);
#3653 = DIRECTION('',(0.,0.,1.));
#3654 = ORIENTED_EDGE('',*,*,#3655,.F.);
#3655 = EDGE_CURVE('',#3630,#3648,#3656,.T.);
#3656 = LINE('',#3657,#3658);
#3657 = CARTESIAN_POINT('',(-0.5,0.515,-4.E-02));
#3658 = VECTOR('',#3659,1.);
#3659 = DIRECTION('',(1.,0.,0.));
#3660 = PLANE('',#3661);
#3661 = AXIS2_PLACEMENT_3D('',#3662,#3663,#3664);
#3662 = CARTESIAN_POINT('',(-0.5,0.515,-4.E-02));
#3663 = DIRECTION('',(0.,1.,0.));
#3664 = DIRECTION('',(1.,0.,0.));
#3665 = ADVANCED_FACE('',(#3666),#3693,.T.);
#3666 = FACE_BOUND('',#3667,.F.);
#3667 = EDGE_LOOP('',(#3668,#3678,#3685,#3686));
#3668 = ORIENTED_EDGE('',*,*,#3669,.T.);
#3669 = EDGE_CURVE('',#3670,#3672,#3674,.T.);
#3670 = VERTEX_POINT('',#3671);
#3671 = CARTESIAN_POINT('',(-0.5,0.915,-4.E-02));
#3672 = VERTEX_POINT('',#3673);
#3673 = CARTESIAN_POINT('',(-0.5,0.915,0.95));
#3674 = LINE('',#3675,#3676);
#3675 = CARTESIAN_POINT('',(-0.5,0.915,-4.E-02));
#3676 = VECTOR('',#3677,1.);
#3677 = DIRECTION('',(0.,0.,1.));
#3678 = ORIENTED_EDGE('',*,*,#3679,.T.);
#3679 = EDGE_CURVE('',#3672,#3632,#3680,.T.);
#3680 = CIRCLE('',#3681,0.2);
#3681 = AXIS2_PLACEMENT_3D('',#3682,#3683,#3684);
#3682 = CARTESIAN_POINT('',(-0.5,0.715,0.95));
#3683 = DIRECTION('',(0.,-0.,1.));
#3684 = DIRECTION('',(0.,1.,0.));
#3685 = ORIENTED_EDGE('',*,*,#3629,.F.);
#3686 = ORIENTED_EDGE('',*,*,#3687,.F.);
#3687 = EDGE_CURVE('',#3670,#3630,#3688,.T.);
#3688 = CIRCLE('',#3689,0.2);
#3689 = AXIS2_PLACEMENT_3D('',#3690,#3691,#3692);
#3690 = CARTESIAN_POINT('',(-0.5,0.715,-4.E-02));
#3691 = DIRECTION('',(0.,-0.,1.));
#3692 = DIRECTION('',(0.,1.,0.));
#3693 = CYLINDRICAL_SURFACE('',#3694,0.2);
#3694 = AXIS2_PLACEMENT_3D('',#3695,#3696,#3697);
#3695 = CARTESIAN_POINT('',(-0.5,0.715,-4.E-02));
#3696 = DIRECTION('',(-0.,0.,-1.));
#3697 = DIRECTION('',(0.,1.,0.));
#3698 = ADVANCED_FACE('',(#3699),#3726,.T.);
#3699 = FACE_BOUND('',#3700,.F.);
#3700 = EDGE_LOOP('',(#3701,#3702,#3711,#3719));
#3701 = ORIENTED_EDGE('',*,*,#3647,.T.);
#3702 = ORIENTED_EDGE('',*,*,#3703,.T.);
#3703 = EDGE_CURVE('',#3640,#3704,#3706,.T.);
#3704 = VERTEX_POINT('',#3705);
#3705 = CARTESIAN_POINT('',(0.5,0.915,0.95));
#3706 = CIRCLE('',#3707,0.2);
#3707 = AXIS2_PLACEMENT_3D('',#3708,#3709,#3710);
#3708 = CARTESIAN_POINT('',(0.5,0.715,0.95));
#3709 = DIRECTION('',(0.,0.,1.));
#3710 = DIRECTION('',(-0.,-1.,0.));
#3711 = ORIENTED_EDGE('',*,*,#3712,.F.);
#3712 = EDGE_CURVE('',#3713,#3704,#3715,.T.);
#3713 = VERTEX_POINT('',#3714);
#3714 = CARTESIAN_POINT('',(0.5,0.915,-4.E-02));
#3715 = LINE('',#3716,#3717);
#3716 = CARTESIAN_POINT('',(0.5,0.915,-4.E-02));
#3717 = VECTOR('',#3718,1.);
#3718 = DIRECTION('',(0.,0.,1.));
#3719 = ORIENTED_EDGE('',*,*,#3720,.F.);
#3720 = EDGE_CURVE('',#3648,#3713,#3721,.T.);
#3721 = CIRCLE('',#3722,0.2);
#3722 = AXIS2_PLACEMENT_3D('',#3723,#3724,#3725);
#3723 = CARTESIAN_POINT('',(0.5,0.715,-4.E-02));
#3724 = DIRECTION('',(0.,0.,1.));
#3725 = DIRECTION('',(-0.,-1.,0.));
#3726 = CYLINDRICAL_SURFACE('',#3727,0.2);
#3727 = AXIS2_PLACEMENT_3D('',#3728,#3729,#3730);
#3728 = CARTESIAN_POINT('',(0.5,0.715,-4.E-02));
#3729 = DIRECTION('',(-0.,-0.,-1.));
#3730 = DIRECTION('',(-0.,-1.,0.));
#3731 = ADVANCED_FACE('',(#3732,#3743),#3779,.F.);
#3732 = FACE_BOUND('',#3733,.F.);
#3733 = EDGE_LOOP('',(#3734,#3735,#3736,#3742));
#3734 = ORIENTED_EDGE('',*,*,#3655,.T.);
#3735 = ORIENTED_EDGE('',*,*,#3720,.T.);
#3736 = ORIENTED_EDGE('',*,*,#3737,.T.);
#3737 = EDGE_CURVE('',#3713,#3670,#3738,.T.);
#3738 = LINE('',#3739,#3740);
#3739 = CARTESIAN_POINT('',(0.5,0.915,-4.E-02));
#3740 = VECTOR('',#3741,1.);
#3741 = DIRECTION('',(-1.,0.,0.));
#3742 = ORIENTED_EDGE('',*,*,#3687,.T.);
#3743 = FACE_BOUND('',#3744,.F.);
#3744 = EDGE_LOOP('',(#3745,#3756,#3764,#3773));
#3745 = ORIENTED_EDGE('',*,*,#3746,.T.);
#3746 = EDGE_CURVE('',#3747,#3749,#3751,.T.);
#3747 = VERTEX_POINT('',#3748);
#3748 = CARTESIAN_POINT('',(0.5,0.89,-4.E-02));
#3749 = VERTEX_POINT('',#3750);
#3750 = CARTESIAN_POINT('',(0.5,0.54,-4.E-02));
#3751 = CIRCLE('',#3752,0.175);
#3752 = AXIS2_PLACEMENT_3D('',#3753,#3754,#3755);
#3753 = CARTESIAN_POINT('',(0.5,0.715,-4.E-02));
#3754 = DIRECTION('',(-0.,0.,-1.));
#3755 = DIRECTION('',(-0.,-1.,0.));
#3756 = ORIENTED_EDGE('',*,*,#3757,.T.);
#3757 = EDGE_CURVE('',#3749,#3758,#3760,.T.);
#3758 = VERTEX_POINT('',#3759);
#3759 = CARTESIAN_POINT('',(-0.5,0.54,-4.E-02));
#3760 = LINE('',#3761,#3762);
#3761 = CARTESIAN_POINT('',(-0.5,0.54,-4.E-02));
#3762 = VECTOR('',#3763,1.);
#3763 = DIRECTION('',(-1.,0.,0.));
#3764 = ORIENTED_EDGE('',*,*,#3765,.T.);
#3765 = EDGE_CURVE('',#3758,#3766,#3768,.T.);
#3766 = VERTEX_POINT('',#3767);
#3767 = CARTESIAN_POINT('',(-0.5,0.89,-4.E-02));
#3768 = CIRCLE('',#3769,0.175);
#3769 = AXIS2_PLACEMENT_3D('',#3770,#3771,#3772);
#3770 = CARTESIAN_POINT('',(-0.5,0.715,-4.E-02));
#3771 = DIRECTION('',(-0.,0.,-1.));
#3772 = DIRECTION('',(0.,1.,0.));
#3773 = ORIENTED_EDGE('',*,*,#3774,.T.);
#3774 = EDGE_CURVE('',#3766,#3747,#3775,.T.);
#3775 = LINE('',#3776,#3777);
#3776 = CARTESIAN_POINT('',(0.,0.89,-4.E-02));
#3777 = VECTOR('',#3778,1.);
#3778 = DIRECTION('',(1.,0.,-0.));
#3779 = PLANE('',#3780);
#3780 = AXIS2_PLACEMENT_3D('',#3781,#3782,#3783);
#3781 = CARTESIAN_POINT('',(-0.5,0.515,-4.E-02));
#3782 = DIRECTION('',(0.,0.,1.));
#3783 = DIRECTION('',(1.,0.,-0.));
#3784 = ADVANCED_FACE('',(#3785,#3796),#3832,.T.);
#3785 = FACE_BOUND('',#3786,.T.);
#3786 = EDGE_LOOP('',(#3787,#3788,#3789,#3795));
#3787 = ORIENTED_EDGE('',*,*,#3639,.T.);
#3788 = ORIENTED_EDGE('',*,*,#3703,.T.);
#3789 = ORIENTED_EDGE('',*,*,#3790,.T.);
#3790 = EDGE_CURVE('',#3704,#3672,#3791,.T.);
#3791 = LINE('',#3792,#3793);
#3792 = CARTESIAN_POINT('',(0.5,0.915,0.95));
#3793 = VECTOR('',#3794,1.);
#3794 = DIRECTION('',(-1.,0.,0.));
#3795 = ORIENTED_EDGE('',*,*,#3679,.T.);
#3796 = FACE_BOUND('',#3797,.T.);
#3797 = EDGE_LOOP('',(#3798,#3809,#3817,#3826));
#3798 = ORIENTED_EDGE('',*,*,#3799,.T.);
#3799 = EDGE_CURVE('',#3800,#3802,#3804,.T.);
#3800 = VERTEX_POINT('',#3801);
#3801 = CARTESIAN_POINT('',(0.5,0.89,0.95));
#3802 = VERTEX_POINT('',#3803);
#3803 = CARTESIAN_POINT('',(0.5,0.54,0.95));
#3804 = CIRCLE('',#3805,0.175);
#3805 = AXIS2_PLACEMENT_3D('',#3806,#3807,#3808);
#3806 = CARTESIAN_POINT('',(0.5,0.715,0.95));
#3807 = DIRECTION('',(-0.,0.,-1.));
#3808 = DIRECTION('',(-0.,-1.,0.));
#3809 = ORIENTED_EDGE('',*,*,#3810,.T.);
#3810 = EDGE_CURVE('',#3802,#3811,#3813,.T.);
#3811 = VERTEX_POINT('',#3812);
#3812 = CARTESIAN_POINT('',(-0.5,0.54,0.95));
#3813 = LINE('',#3814,#3815);
#3814 = CARTESIAN_POINT('',(-0.5,0.54,0.95));
#3815 = VECTOR('',#3816,1.);
#3816 = DIRECTION('',(-1.,0.,0.));
#3817 = ORIENTED_EDGE('',*,*,#3818,.T.);
#3818 = EDGE_CURVE('',#3811,#3819,#3821,.T.);
#3819 = VERTEX_POINT('',#3820);
#3820 = CARTESIAN_POINT('',(-0.5,0.89,0.95));
#3821 = CIRCLE('',#3822,0.175);
#3822 = AXIS2_PLACEMENT_3D('',#3823,#3824,#3825);
#3823 = CARTESIAN_POINT('',(-0.5,0.715,0.95));
#3824 = DIRECTION('',(-0.,0.,-1.));
#3825 = DIRECTION('',(0.,1.,0.));
#3826 = ORIENTED_EDGE('',*,*,#3827,.T.);
#3827 = EDGE_CURVE('',#3819,#3800,#3828,.T.);
#3828 = LINE('',#3829,#3830);
#3829 = CARTESIAN_POINT('',(0.,0.89,0.95));
#3830 = VECTOR('',#3831,1.);
#3831 = DIRECTION('',(1.,0.,-0.));
#3832 = PLANE('',#3833);
#3833 = AXIS2_PLACEMENT_3D('',#3834,#3835,#3836);
#3834 = CARTESIAN_POINT('',(-0.5,0.515,0.95));
#3835 = DIRECTION('',(0.,0.,1.));
#3836 = DIRECTION('',(1.,0.,-0.));
#3837 = ADVANCED_FACE('',(#3838),#3844,.F.);
#3838 = FACE_BOUND('',#3839,.F.);
#3839 = EDGE_LOOP('',(#3840,#3841,#3842,#3843));
#3840 = ORIENTED_EDGE('',*,*,#3712,.T.);
#3841 = ORIENTED_EDGE('',*,*,#3790,.T.);
#3842 = ORIENTED_EDGE('',*,*,#3669,.F.);
#3843 = ORIENTED_EDGE('',*,*,#3737,.F.);
#3844 = PLANE('',#3845);
#3845 = AXIS2_PLACEMENT_3D('',#3846,#3847,#3848);
#3846 = CARTESIAN_POINT('',(0.5,0.915,-4.E-02));
#3847 = DIRECTION('',(0.,-1.,0.));
#3848 = DIRECTION('',(-1.,0.,0.));
#3849 = ADVANCED_FACE('',(#3850),#3866,.F.);
#3850 = FACE_BOUND('',#3851,.T.);
#3851 = EDGE_LOOP('',(#3852,#3853,#3859,#3860));
#3852 = ORIENTED_EDGE('',*,*,#3746,.T.);
#3853 = ORIENTED_EDGE('',*,*,#3854,.T.);
#3854 = EDGE_CURVE('',#3749,#3802,#3855,.T.);
#3855 = LINE('',#3856,#3857);
#3856 = CARTESIAN_POINT('',(0.5,0.54,-4.6E-02));
#3857 = VECTOR('',#3858,1.);
#3858 = DIRECTION('',(0.,0.,1.));
#3859 = ORIENTED_EDGE('',*,*,#3799,.F.);
#3860 = ORIENTED_EDGE('',*,*,#3861,.F.);
#3861 = EDGE_CURVE('',#3747,#3800,#3862,.T.);
#3862 = LINE('',#3863,#3864);
#3863 = CARTESIAN_POINT('',(0.5,0.89,-4.6E-02));
#3864 = VECTOR('',#3865,1.);
#3865 = DIRECTION('',(0.,0.,1.));
#3866 = CYLINDRICAL_SURFACE('',#3867,0.175);
#3867 = AXIS2_PLACEMENT_3D('',#3868,#3869,#3870);
#3868 = CARTESIAN_POINT('',(0.5,0.715,-4.6E-02));
#3869 = DIRECTION('',(-0.,-0.,-1.));
#3870 = DIRECTION('',(-0.,-1.,0.));
#3871 = ADVANCED_FACE('',(#3872),#3883,.T.);
#3872 = FACE_BOUND('',#3873,.T.);
#3873 = EDGE_LOOP('',(#3874,#3875,#3876,#3877));
#3874 = ORIENTED_EDGE('',*,*,#3774,.T.);
#3875 = ORIENTED_EDGE('',*,*,#3861,.T.);
#3876 = ORIENTED_EDGE('',*,*,#3827,.F.);
#3877 = ORIENTED_EDGE('',*,*,#3878,.F.);
#3878 = EDGE_CURVE('',#3766,#3819,#3879,.T.);
#3879 = LINE('',#3880,#3881);
#3880 = CARTESIAN_POINT('',(-0.5,0.89,-4.6E-02));
#3881 = VECTOR('',#3882,1.);
#3882 = DIRECTION('',(0.,0.,1.));
#3883 = PLANE('',#3884);
#3884 = AXIS2_PLACEMENT_3D('',#3885,#3886,#3887);
#3885 = CARTESIAN_POINT('',(0.5,0.89,-4.6E-02));
#3886 = DIRECTION('',(0.,-1.,0.));
#3887 = DIRECTION('',(-1.,0.,0.));
#3888 = ADVANCED_FACE('',(#3889),#3900,.F.);
#3889 = FACE_BOUND('',#3890,.T.);
#3890 = EDGE_LOOP('',(#3891,#3892,#3893,#3894));
#3891 = ORIENTED_EDGE('',*,*,#3765,.T.);
#3892 = ORIENTED_EDGE('',*,*,#3878,.T.);
#3893 = ORIENTED_EDGE('',*,*,#3818,.F.);
#3894 = ORIENTED_EDGE('',*,*,#3895,.F.);
#3895 = EDGE_CURVE('',#3758,#3811,#3896,.T.);
#3896 = LINE('',#3897,#3898);
#3897 = CARTESIAN_POINT('',(-0.5,0.54,-4.6E-02));
#3898 = VECTOR('',#3899,1.);
#3899 = DIRECTION('',(0.,0.,1.));
#3900 = CYLINDRICAL_SURFACE('',#3901,0.175);
#3901 = AXIS2_PLACEMENT_3D('',#3902,#3903,#3904);
#3902 = CARTESIAN_POINT('',(-0.5,0.715,-4.6E-02));
#3903 = DIRECTION('',(-0.,0.,-1.));
#3904 = DIRECTION('',(0.,1.,0.));
#3905 = ADVANCED_FACE('',(#3906),#3912,.T.);
#3906 = FACE_BOUND('',#3907,.T.);
#3907 = EDGE_LOOP('',(#3908,#3909,#3910,#3911));
#3908 = ORIENTED_EDGE('',*,*,#3757,.T.);
#3909 = ORIENTED_EDGE('',*,*,#3895,.T.);
#3910 = ORIENTED_EDGE('',*,*,#3810,.F.);
#3911 = ORIENTED_EDGE('',*,*,#3854,.F.);
#3912 = PLANE('',#3913);
#3913 = AXIS2_PLACEMENT_3D('',#3914,#3915,#3916);
#3914 = CARTESIAN_POINT('',(-0.5,0.54,-4.6E-02));
#3915 = DIRECTION('',(0.,1.,0.));
#3916 = DIRECTION('',(1.,0.,0.));
#3917 = MANIFOLD_SOLID_BREP('',#3918);
#3918 = CLOSED_SHELL('',(#3919,#3961,#3992,#4023,#4077,#4131,#4143,#4165
    ,#4182,#4199));
#3919 = ADVANCED_FACE('',(#3920),#3956,.T.);
#3920 = FACE_BOUND('',#3921,.T.);
#3921 = EDGE_LOOP('',(#3922,#3932,#3941,#3949));
#3922 = ORIENTED_EDGE('',*,*,#3923,.T.);
#3923 = EDGE_CURVE('',#3924,#3926,#3928,.T.);
#3924 = VERTEX_POINT('',#3925);
#3925 = CARTESIAN_POINT('',(-0.5,-3.885,0.91));
#3926 = VERTEX_POINT('',#3927);
#3927 = CARTESIAN_POINT('',(-0.5,-3.885,0.95));
#3928 = LINE('',#3929,#3930);
#3929 = CARTESIAN_POINT('',(-0.5,-3.885,0.91));
#3930 = VECTOR('',#3931,1.);
#3931 = DIRECTION('',(0.,0.,1.));
#3932 = ORIENTED_EDGE('',*,*,#3933,.T.);
#3933 = EDGE_CURVE('',#3926,#3934,#3936,.T.);
#3934 = VERTEX_POINT('',#3935);
#3935 = CARTESIAN_POINT('',(-0.5,-2.285,0.95));
#3936 = CIRCLE('',#3937,0.8);
#3937 = AXIS2_PLACEMENT_3D('',#3938,#3939,#3940);
#3938 = CARTESIAN_POINT('',(-0.500000247002,-3.085,0.95));
#3939 = DIRECTION('',(0.,0.,-1.));
#3940 = DIRECTION('',(3.087522675027E-07,-1.,0.));
#3941 = ORIENTED_EDGE('',*,*,#3942,.F.);
#3942 = EDGE_CURVE('',#3943,#3934,#3945,.T.);
#3943 = VERTEX_POINT('',#3944);
#3944 = CARTESIAN_POINT('',(-0.5,-2.285,0.91));
#3945 = LINE('',#3946,#3947);
#3946 = CARTESIAN_POINT('',(-0.5,-2.285,0.91));
#3947 = VECTOR('',#3948,1.);
#3948 = DIRECTION('',(0.,0.,1.));
#3949 = ORIENTED_EDGE('',*,*,#3950,.F.);
#3950 = EDGE_CURVE('',#3924,#3943,#3951,.T.);
#3951 = CIRCLE('',#3952,0.8);
#3952 = AXIS2_PLACEMENT_3D('',#3953,#3954,#3955);
#3953 = CARTESIAN_POINT('',(-0.500000247002,-3.085,0.91));
#3954 = DIRECTION('',(0.,0.,-1.));
#3955 = DIRECTION('',(3.087522675027E-07,-1.,0.));
#3956 = CYLINDRICAL_SURFACE('',#3957,0.8);
#3957 = AXIS2_PLACEMENT_3D('',#3958,#3959,#3960);
#3958 = CARTESIAN_POINT('',(-0.500000247002,-3.085,0.91));
#3959 = DIRECTION('',(0.,0.,-1.));
#3960 = DIRECTION('',(3.087522675027E-07,-1.,0.));
#3961 = ADVANCED_FACE('',(#3962),#3987,.T.);
#3962 = FACE_BOUND('',#3963,.T.);
#3963 = EDGE_LOOP('',(#3964,#3974,#3980,#3981));
#3964 = ORIENTED_EDGE('',*,*,#3965,.T.);
#3965 = EDGE_CURVE('',#3966,#3968,#3970,.T.);
#3966 = VERTEX_POINT('',#3967);
#3967 = CARTESIAN_POINT('',(0.5,-3.885,0.91));
#3968 = VERTEX_POINT('',#3969);
#3969 = CARTESIAN_POINT('',(0.5,-3.885,0.95));
#3970 = LINE('',#3971,#3972);
#3971 = CARTESIAN_POINT('',(0.5,-3.885,0.91));
#3972 = VECTOR('',#3973,1.);
#3973 = DIRECTION('',(0.,0.,1.));
#3974 = ORIENTED_EDGE('',*,*,#3975,.T.);
#3975 = EDGE_CURVE('',#3968,#3926,#3976,.T.);
#3976 = LINE('',#3977,#3978);
#3977 = CARTESIAN_POINT('',(0.5,-3.885,0.95));
#3978 = VECTOR('',#3979,1.);
#3979 = DIRECTION('',(-1.,0.,0.));
#3980 = ORIENTED_EDGE('',*,*,#3923,.F.);
#3981 = ORIENTED_EDGE('',*,*,#3982,.F.);
#3982 = EDGE_CURVE('',#3966,#3924,#3983,.T.);
#3983 = LINE('',#3984,#3985);
#3984 = CARTESIAN_POINT('',(0.5,-3.885,0.91));
#3985 = VECTOR('',#3986,1.);
#3986 = DIRECTION('',(-1.,0.,0.));
#3987 = PLANE('',#3988);
#3988 = AXIS2_PLACEMENT_3D('',#3989,#3990,#3991);
#3989 = CARTESIAN_POINT('',(0.5,-3.885,0.91));
#3990 = DIRECTION('',(0.,-1.,0.));
#3991 = DIRECTION('',(-1.,0.,0.));
#3992 = ADVANCED_FACE('',(#3993),#4018,.T.);
#3993 = FACE_BOUND('',#3994,.T.);
#3994 = EDGE_LOOP('',(#3995,#3996,#4004,#4012));
#3995 = ORIENTED_EDGE('',*,*,#3942,.T.);
#3996 = ORIENTED_EDGE('',*,*,#3997,.T.);
#3997 = EDGE_CURVE('',#3934,#3998,#4000,.T.);
#3998 = VERTEX_POINT('',#3999);
#3999 = CARTESIAN_POINT('',(0.5,-2.285,0.95));
#4000 = LINE('',#4001,#4002);
#4001 = CARTESIAN_POINT('',(-0.5,-2.285,0.95));
#4002 = VECTOR('',#4003,1.);
#4003 = DIRECTION('',(1.,0.,0.));
#4004 = ORIENTED_EDGE('',*,*,#4005,.F.);
#4005 = EDGE_CURVE('',#4006,#3998,#4008,.T.);
#4006 = VERTEX_POINT('',#4007);
#4007 = CARTESIAN_POINT('',(0.5,-2.285,0.91));
#4008 = LINE('',#4009,#4010);
#4009 = CARTESIAN_POINT('',(0.5,-2.285,0.91));
#4010 = VECTOR('',#4011,1.);
#4011 = DIRECTION('',(0.,0.,1.));
#4012 = ORIENTED_EDGE('',*,*,#4013,.F.);
#4013 = EDGE_CURVE('',#3943,#4006,#4014,.T.);
#4014 = LINE('',#4015,#4016);
#4015 = CARTESIAN_POINT('',(-0.5,-2.285,0.91));
#4016 = VECTOR('',#4017,1.);
#4017 = DIRECTION('',(1.,0.,0.));
#4018 = PLANE('',#4019);
#4019 = AXIS2_PLACEMENT_3D('',#4020,#4021,#4022);
#4020 = CARTESIAN_POINT('',(-0.5,-2.285,0.91));
#4021 = DIRECTION('',(0.,1.,0.));
#4022 = DIRECTION('',(1.,0.,0.));
#4023 = ADVANCED_FACE('',(#4024,#4036),#4072,.F.);
#4024 = FACE_BOUND('',#4025,.F.);
#4025 = EDGE_LOOP('',(#4026,#4027,#4028,#4035));
#4026 = ORIENTED_EDGE('',*,*,#3950,.F.);
#4027 = ORIENTED_EDGE('',*,*,#3982,.F.);
#4028 = ORIENTED_EDGE('',*,*,#4029,.F.);
#4029 = EDGE_CURVE('',#4006,#3966,#4030,.T.);
#4030 = CIRCLE('',#4031,0.8);
#4031 = AXIS2_PLACEMENT_3D('',#4032,#4033,#4034);
#4032 = CARTESIAN_POINT('',(0.500000247002,-3.085,0.91));
#4033 = DIRECTION('',(0.,0.,-1.));
#4034 = DIRECTION('',(-3.087522675027E-07,1.,-0.));
#4035 = ORIENTED_EDGE('',*,*,#4013,.F.);
#4036 = FACE_BOUND('',#4037,.F.);
#4037 = EDGE_LOOP('',(#4038,#4049,#4057,#4066));
#4038 = ORIENTED_EDGE('',*,*,#4039,.T.);
#4039 = EDGE_CURVE('',#4040,#4042,#4044,.T.);
#4040 = VERTEX_POINT('',#4041);
#4041 = CARTESIAN_POINT('',(0.5,-2.91,0.91));
#4042 = VERTEX_POINT('',#4043);
#4043 = CARTESIAN_POINT('',(0.5,-3.26,0.91));
#4044 = CIRCLE('',#4045,0.175);
#4045 = AXIS2_PLACEMENT_3D('',#4046,#4047,#4048);
#4046 = CARTESIAN_POINT('',(0.5,-3.085,0.91));
#4047 = DIRECTION('',(-0.,0.,-1.));
#4048 = DIRECTION('',(-1.268826313857E-15,-1.,0.));
#4049 = ORIENTED_EDGE('',*,*,#4050,.T.);
#4050 = EDGE_CURVE('',#4042,#4051,#4053,.T.);
#4051 = VERTEX_POINT('',#4052);
#4052 = CARTESIAN_POINT('',(-0.5,-3.26,0.91));
#4053 = LINE('',#4054,#4055);
#4054 = CARTESIAN_POINT('',(-0.25,-3.26,0.91));
#4055 = VECTOR('',#4056,1.);
#4056 = DIRECTION('',(-1.,0.,0.));
#4057 = ORIENTED_EDGE('',*,*,#4058,.T.);
#4058 = EDGE_CURVE('',#4051,#4059,#4061,.T.);
#4059 = VERTEX_POINT('',#4060);
#4060 = CARTESIAN_POINT('',(-0.5,-2.91,0.91));
#4061 = CIRCLE('',#4062,0.175);
#4062 = AXIS2_PLACEMENT_3D('',#4063,#4064,#4065);
#4063 = CARTESIAN_POINT('',(-0.5,-3.085,0.91));
#4064 = DIRECTION('',(0.,-0.,-1.));
#4065 = DIRECTION('',(1.268826313857E-15,1.,-0.));
#4066 = ORIENTED_EDGE('',*,*,#4067,.T.);
#4067 = EDGE_CURVE('',#4059,#4040,#4068,.T.);
#4068 = LINE('',#4069,#4070);
#4069 = CARTESIAN_POINT('',(0.25,-2.91,0.91));
#4070 = VECTOR('',#4071,1.);
#4071 = DIRECTION('',(1.,0.,-0.));
#4072 = PLANE('',#4073);
#4073 = AXIS2_PLACEMENT_3D('',#4074,#4075,#4076);
#4074 = CARTESIAN_POINT('',(0.,0.,0.91));
#4075 = DIRECTION('',(0.,0.,1.));
#4076 = DIRECTION('',(1.,0.,-0.));
#4077 = ADVANCED_FACE('',(#4078,#4090),#4126,.T.);
#4078 = FACE_BOUND('',#4079,.T.);
#4079 = EDGE_LOOP('',(#4080,#4081,#4082,#4089));
#4080 = ORIENTED_EDGE('',*,*,#3933,.F.);
#4081 = ORIENTED_EDGE('',*,*,#3975,.F.);
#4082 = ORIENTED_EDGE('',*,*,#4083,.F.);
#4083 = EDGE_CURVE('',#3998,#3968,#4084,.T.);
#4084 = CIRCLE('',#4085,0.8);
#4085 = AXIS2_PLACEMENT_3D('',#4086,#4087,#4088);
#4086 = CARTESIAN_POINT('',(0.500000247002,-3.085,0.95));
#4087 = DIRECTION('',(0.,0.,-1.));
#4088 = DIRECTION('',(-3.087522675027E-07,1.,-0.));
#4089 = ORIENTED_EDGE('',*,*,#3997,.F.);
#4090 = FACE_BOUND('',#4091,.T.);
#4091 = EDGE_LOOP('',(#4092,#4103,#4111,#4120));
#4092 = ORIENTED_EDGE('',*,*,#4093,.T.);
#4093 = EDGE_CURVE('',#4094,#4096,#4098,.T.);
#4094 = VERTEX_POINT('',#4095);
#4095 = CARTESIAN_POINT('',(0.5,-2.91,0.95));
#4096 = VERTEX_POINT('',#4097);
#4097 = CARTESIAN_POINT('',(0.5,-3.26,0.95));
#4098 = CIRCLE('',#4099,0.175);
#4099 = AXIS2_PLACEMENT_3D('',#4100,#4101,#4102);
#4100 = CARTESIAN_POINT('',(0.5,-3.085,0.95));
#4101 = DIRECTION('',(-0.,0.,-1.));
#4102 = DIRECTION('',(-1.268826313857E-15,-1.,0.));
#4103 = ORIENTED_EDGE('',*,*,#4104,.T.);
#4104 = EDGE_CURVE('',#4096,#4105,#4107,.T.);
#4105 = VERTEX_POINT('',#4106);
#4106 = CARTESIAN_POINT('',(-0.5,-3.26,0.95));
#4107 = LINE('',#4108,#4109);
#4108 = CARTESIAN_POINT('',(-0.25,-3.26,0.95));
#4109 = VECTOR('',#4110,1.);
#4110 = DIRECTION('',(-1.,0.,0.));
#4111 = ORIENTED_EDGE('',*,*,#4112,.T.);
#4112 = EDGE_CURVE('',#4105,#4113,#4115,.T.);
#4113 = VERTEX_POINT('',#4114);
#4114 = CARTESIAN_POINT('',(-0.5,-2.91,0.95));
#4115 = CIRCLE('',#4116,0.175);
#4116 = AXIS2_PLACEMENT_3D('',#4117,#4118,#4119);
#4117 = CARTESIAN_POINT('',(-0.5,-3.085,0.95));
#4118 = DIRECTION('',(0.,-0.,-1.));
#4119 = DIRECTION('',(1.268826313857E-15,1.,-0.));
#4120 = ORIENTED_EDGE('',*,*,#4121,.T.);
#4121 = EDGE_CURVE('',#4113,#4094,#4122,.T.);
#4122 = LINE('',#4123,#4124);
#4123 = CARTESIAN_POINT('',(0.25,-2.91,0.95));
#4124 = VECTOR('',#4125,1.);
#4125 = DIRECTION('',(1.,0.,-0.));
#4126 = PLANE('',#4127);
#4127 = AXIS2_PLACEMENT_3D('',#4128,#4129,#4130);
#4128 = CARTESIAN_POINT('',(0.,0.,0.95));
#4129 = DIRECTION('',(0.,0.,1.));
#4130 = DIRECTION('',(1.,0.,-0.));
#4131 = ADVANCED_FACE('',(#4132),#4138,.T.);
#4132 = FACE_BOUND('',#4133,.T.);
#4133 = EDGE_LOOP('',(#4134,#4135,#4136,#4137));
#4134 = ORIENTED_EDGE('',*,*,#4005,.T.);
#4135 = ORIENTED_EDGE('',*,*,#4083,.T.);
#4136 = ORIENTED_EDGE('',*,*,#3965,.F.);
#4137 = ORIENTED_EDGE('',*,*,#4029,.F.);
#4138 = CYLINDRICAL_SURFACE('',#4139,0.8);
#4139 = AXIS2_PLACEMENT_3D('',#4140,#4141,#4142);
#4140 = CARTESIAN_POINT('',(0.500000247002,-3.085,0.91));
#4141 = DIRECTION('',(0.,0.,-1.));
#4142 = DIRECTION('',(-3.087522675027E-07,1.,-0.));
#4143 = ADVANCED_FACE('',(#4144),#4160,.F.);
#4144 = FACE_BOUND('',#4145,.T.);
#4145 = EDGE_LOOP('',(#4146,#4147,#4153,#4154));
#4146 = ORIENTED_EDGE('',*,*,#4039,.T.);
#4147 = ORIENTED_EDGE('',*,*,#4148,.T.);
#4148 = EDGE_CURVE('',#4042,#4096,#4149,.T.);
#4149 = LINE('',#4150,#4151);
#4150 = CARTESIAN_POINT('',(0.5,-3.26,-4.6E-02));
#4151 = VECTOR('',#4152,1.);
#4152 = DIRECTION('',(0.,0.,1.));
#4153 = ORIENTED_EDGE('',*,*,#4093,.F.);
#4154 = ORIENTED_EDGE('',*,*,#4155,.F.);
#4155 = EDGE_CURVE('',#4040,#4094,#4156,.T.);
#4156 = LINE('',#4157,#4158);
#4157 = CARTESIAN_POINT('',(0.5,-2.91,-4.6E-02));
#4158 = VECTOR('',#4159,1.);
#4159 = DIRECTION('',(0.,0.,1.));
#4160 = CYLINDRICAL_SURFACE('',#4161,0.175);
#4161 = AXIS2_PLACEMENT_3D('',#4162,#4163,#4164);
#4162 = CARTESIAN_POINT('',(0.5,-3.085,-4.6E-02));
#4163 = DIRECTION('',(-0.,-0.,-1.));
#4164 = DIRECTION('',(-1.268826313857E-15,-1.,0.));
#4165 = ADVANCED_FACE('',(#4166),#4177,.T.);
#4166 = FACE_BOUND('',#4167,.T.);
#4167 = EDGE_LOOP('',(#4168,#4169,#4170,#4171));
#4168 = ORIENTED_EDGE('',*,*,#4067,.T.);
#4169 = ORIENTED_EDGE('',*,*,#4155,.T.);
#4170 = ORIENTED_EDGE('',*,*,#4121,.F.);
#4171 = ORIENTED_EDGE('',*,*,#4172,.F.);
#4172 = EDGE_CURVE('',#4059,#4113,#4173,.T.);
#4173 = LINE('',#4174,#4175);
#4174 = CARTESIAN_POINT('',(-0.5,-2.91,-4.6E-02));
#4175 = VECTOR('',#4176,1.);
#4176 = DIRECTION('',(0.,0.,1.));
#4177 = PLANE('',#4178);
#4178 = AXIS2_PLACEMENT_3D('',#4179,#4180,#4181);
#4179 = CARTESIAN_POINT('',(0.5,-2.91,-4.6E-02));
#4180 = DIRECTION('',(0.,-1.,0.));
#4181 = DIRECTION('',(-1.,0.,0.));
#4182 = ADVANCED_FACE('',(#4183),#4194,.F.);
#4183 = FACE_BOUND('',#4184,.T.);
#4184 = EDGE_LOOP('',(#4185,#4186,#4187,#4188));
#4185 = ORIENTED_EDGE('',*,*,#4058,.T.);
#4186 = ORIENTED_EDGE('',*,*,#4172,.T.);
#4187 = ORIENTED_EDGE('',*,*,#4112,.F.);
#4188 = ORIENTED_EDGE('',*,*,#4189,.F.);
#4189 = EDGE_CURVE('',#4051,#4105,#4190,.T.);
#4190 = LINE('',#4191,#4192);
#4191 = CARTESIAN_POINT('',(-0.5,-3.26,-4.6E-02));
#4192 = VECTOR('',#4193,1.);
#4193 = DIRECTION('',(0.,0.,1.));
#4194 = CYLINDRICAL_SURFACE('',#4195,0.175);
#4195 = AXIS2_PLACEMENT_3D('',#4196,#4197,#4198);
#4196 = CARTESIAN_POINT('',(-0.5,-3.085,-4.6E-02));
#4197 = DIRECTION('',(-0.,-0.,-1.));
#4198 = DIRECTION('',(1.268826313857E-15,1.,-0.));
#4199 = ADVANCED_FACE('',(#4200),#4206,.T.);
#4200 = FACE_BOUND('',#4201,.T.);
#4201 = EDGE_LOOP('',(#4202,#4203,#4204,#4205));
#4202 = ORIENTED_EDGE('',*,*,#4050,.T.);
#4203 = ORIENTED_EDGE('',*,*,#4189,.T.);
#4204 = ORIENTED_EDGE('',*,*,#4104,.F.);
#4205 = ORIENTED_EDGE('',*,*,#4148,.F.);
#4206 = PLANE('',#4207);
#4207 = AXIS2_PLACEMENT_3D('',#4208,#4209,#4210);
#4208 = CARTESIAN_POINT('',(-0.5,-3.26,-4.6E-02));
#4209 = DIRECTION('',(0.,1.,0.));
#4210 = DIRECTION('',(1.,0.,0.));
#4211 = MANIFOLD_SOLID_BREP('',#4212);
#4212 = CLOSED_SHELL('',(#4213,#4255,#4286,#4317,#4371,#4425,#4437,#4459
    ,#4476,#4493));
#4213 = ADVANCED_FACE('',(#4214),#4250,.T.);
#4214 = FACE_BOUND('',#4215,.F.);
#4215 = EDGE_LOOP('',(#4216,#4226,#4235,#4243));
#4216 = ORIENTED_EDGE('',*,*,#4217,.T.);
#4217 = EDGE_CURVE('',#4218,#4220,#4222,.T.);
#4218 = VERTEX_POINT('',#4219);
#4219 = CARTESIAN_POINT('',(-0.5,-3.885,0.));
#4220 = VERTEX_POINT('',#4221);
#4221 = CARTESIAN_POINT('',(-0.5,-3.885,-4.E-02));
#4222 = LINE('',#4223,#4224);
#4223 = CARTESIAN_POINT('',(-0.5,-3.885,0.));
#4224 = VECTOR('',#4225,1.);
#4225 = DIRECTION('',(0.,0.,-1.));
#4226 = ORIENTED_EDGE('',*,*,#4227,.T.);
#4227 = EDGE_CURVE('',#4220,#4228,#4230,.T.);
#4228 = VERTEX_POINT('',#4229);
#4229 = CARTESIAN_POINT('',(-0.5,-2.285,-4.E-02));
#4230 = CIRCLE('',#4231,0.8);
#4231 = AXIS2_PLACEMENT_3D('',#4232,#4233,#4234);
#4232 = CARTESIAN_POINT('',(-0.500000247002,-3.085,-4.E-02));
#4233 = DIRECTION('',(0.,0.,-1.));
#4234 = DIRECTION('',(3.087522675027E-07,-1.,0.));
#4235 = ORIENTED_EDGE('',*,*,#4236,.F.);
#4236 = EDGE_CURVE('',#4237,#4228,#4239,.T.);
#4237 = VERTEX_POINT('',#4238);
#4238 = CARTESIAN_POINT('',(-0.5,-2.285,0.));
#4239 = LINE('',#4240,#4241);
#4240 = CARTESIAN_POINT('',(-0.5,-2.285,0.));
#4241 = VECTOR('',#4242,1.);
#4242 = DIRECTION('',(0.,0.,-1.));
#4243 = ORIENTED_EDGE('',*,*,#4244,.F.);
#4244 = EDGE_CURVE('',#4218,#4237,#4245,.T.);
#4245 = CIRCLE('',#4246,0.8);
#4246 = AXIS2_PLACEMENT_3D('',#4247,#4248,#4249);
#4247 = CARTESIAN_POINT('',(-0.500000247002,-3.085,0.));
#4248 = DIRECTION('',(0.,0.,-1.));
#4249 = DIRECTION('',(3.087522675027E-07,-1.,0.));
#4250 = CYLINDRICAL_SURFACE('',#4251,0.8);
#4251 = AXIS2_PLACEMENT_3D('',#4252,#4253,#4254);
#4252 = CARTESIAN_POINT('',(-0.500000247002,-3.085,0.));
#4253 = DIRECTION('',(-0.,-0.,1.));
#4254 = DIRECTION('',(3.087522675027E-07,-1.,0.));
#4255 = ADVANCED_FACE('',(#4256),#4281,.F.);
#4256 = FACE_BOUND('',#4257,.F.);
#4257 = EDGE_LOOP('',(#4258,#4268,#4274,#4275));
#4258 = ORIENTED_EDGE('',*,*,#4259,.T.);
#4259 = EDGE_CURVE('',#4260,#4262,#4264,.T.);
#4260 = VERTEX_POINT('',#4261);
#4261 = CARTESIAN_POINT('',(0.5,-3.885,0.));
#4262 = VERTEX_POINT('',#4263);
#4263 = CARTESIAN_POINT('',(0.5,-3.885,-4.E-02));
#4264 = LINE('',#4265,#4266);
#4265 = CARTESIAN_POINT('',(0.5,-3.885,0.));
#4266 = VECTOR('',#4267,1.);
#4267 = DIRECTION('',(0.,0.,-1.));
#4268 = ORIENTED_EDGE('',*,*,#4269,.T.);
#4269 = EDGE_CURVE('',#4262,#4220,#4270,.T.);
#4270 = LINE('',#4271,#4272);
#4271 = CARTESIAN_POINT('',(0.5,-3.885,-4.E-02));
#4272 = VECTOR('',#4273,1.);
#4273 = DIRECTION('',(-1.,0.,0.));
#4274 = ORIENTED_EDGE('',*,*,#4217,.F.);
#4275 = ORIENTED_EDGE('',*,*,#4276,.F.);
#4276 = EDGE_CURVE('',#4260,#4218,#4277,.T.);
#4277 = LINE('',#4278,#4279);
#4278 = CARTESIAN_POINT('',(0.5,-3.885,0.));
#4279 = VECTOR('',#4280,1.);
#4280 = DIRECTION('',(-1.,0.,0.));
#4281 = PLANE('',#4282);
#4282 = AXIS2_PLACEMENT_3D('',#4283,#4284,#4285);
#4283 = CARTESIAN_POINT('',(0.5,-3.885,0.));
#4284 = DIRECTION('',(0.,1.,0.));
#4285 = DIRECTION('',(-1.,0.,0.));
#4286 = ADVANCED_FACE('',(#4287),#4312,.F.);
#4287 = FACE_BOUND('',#4288,.F.);
#4288 = EDGE_LOOP('',(#4289,#4290,#4298,#4306));
#4289 = ORIENTED_EDGE('',*,*,#4236,.T.);
#4290 = ORIENTED_EDGE('',*,*,#4291,.T.);
#4291 = EDGE_CURVE('',#4228,#4292,#4294,.T.);
#4292 = VERTEX_POINT('',#4293);
#4293 = CARTESIAN_POINT('',(0.5,-2.285,-4.E-02));
#4294 = LINE('',#4295,#4296);
#4295 = CARTESIAN_POINT('',(-0.5,-2.285,-4.E-02));
#4296 = VECTOR('',#4297,1.);
#4297 = DIRECTION('',(1.,0.,0.));
#4298 = ORIENTED_EDGE('',*,*,#4299,.F.);
#4299 = EDGE_CURVE('',#4300,#4292,#4302,.T.);
#4300 = VERTEX_POINT('',#4301);
#4301 = CARTESIAN_POINT('',(0.5,-2.285,0.));
#4302 = LINE('',#4303,#4304);
#4303 = CARTESIAN_POINT('',(0.5,-2.285,0.));
#4304 = VECTOR('',#4305,1.);
#4305 = DIRECTION('',(0.,0.,-1.));
#4306 = ORIENTED_EDGE('',*,*,#4307,.F.);
#4307 = EDGE_CURVE('',#4237,#4300,#4308,.T.);
#4308 = LINE('',#4309,#4310);
#4309 = CARTESIAN_POINT('',(-0.5,-2.285,0.));
#4310 = VECTOR('',#4311,1.);
#4311 = DIRECTION('',(1.,0.,0.));
#4312 = PLANE('',#4313);
#4313 = AXIS2_PLACEMENT_3D('',#4314,#4315,#4316);
#4314 = CARTESIAN_POINT('',(-0.5,-2.285,0.));
#4315 = DIRECTION('',(0.,-1.,0.));
#4316 = DIRECTION('',(1.,0.,0.));
#4317 = ADVANCED_FACE('',(#4318,#4330),#4366,.F.);
#4318 = FACE_BOUND('',#4319,.F.);
#4319 = EDGE_LOOP('',(#4320,#4321,#4322,#4329));
#4320 = ORIENTED_EDGE('',*,*,#4244,.T.);
#4321 = ORIENTED_EDGE('',*,*,#4307,.T.);
#4322 = ORIENTED_EDGE('',*,*,#4323,.T.);
#4323 = EDGE_CURVE('',#4300,#4260,#4324,.T.);
#4324 = CIRCLE('',#4325,0.8);
#4325 = AXIS2_PLACEMENT_3D('',#4326,#4327,#4328);
#4326 = CARTESIAN_POINT('',(0.500000247002,-3.085,0.));
#4327 = DIRECTION('',(0.,0.,-1.));
#4328 = DIRECTION('',(-3.087522675027E-07,1.,-0.));
#4329 = ORIENTED_EDGE('',*,*,#4276,.T.);
#4330 = FACE_BOUND('',#4331,.F.);
#4331 = EDGE_LOOP('',(#4332,#4343,#4351,#4360));
#4332 = ORIENTED_EDGE('',*,*,#4333,.F.);
#4333 = EDGE_CURVE('',#4334,#4336,#4338,.T.);
#4334 = VERTEX_POINT('',#4335);
#4335 = CARTESIAN_POINT('',(-0.5,-3.26,0.));
#4336 = VERTEX_POINT('',#4337);
#4337 = CARTESIAN_POINT('',(-0.5,-2.91,0.));
#4338 = CIRCLE('',#4339,0.175);
#4339 = AXIS2_PLACEMENT_3D('',#4340,#4341,#4342);
#4340 = CARTESIAN_POINT('',(-0.5,-3.085,0.));
#4341 = DIRECTION('',(0.,-0.,-1.));
#4342 = DIRECTION('',(1.268826313857E-15,1.,-0.));
#4343 = ORIENTED_EDGE('',*,*,#4344,.T.);
#4344 = EDGE_CURVE('',#4334,#4345,#4347,.T.);
#4345 = VERTEX_POINT('',#4346);
#4346 = CARTESIAN_POINT('',(0.5,-3.26,0.));
#4347 = LINE('',#4348,#4349);
#4348 = CARTESIAN_POINT('',(-0.25,-3.26,0.));
#4349 = VECTOR('',#4350,1.);
#4350 = DIRECTION('',(1.,0.,0.));
#4351 = ORIENTED_EDGE('',*,*,#4352,.F.);
#4352 = EDGE_CURVE('',#4353,#4345,#4355,.T.);
#4353 = VERTEX_POINT('',#4354);
#4354 = CARTESIAN_POINT('',(0.5,-2.91,0.));
#4355 = CIRCLE('',#4356,0.175);
#4356 = AXIS2_PLACEMENT_3D('',#4357,#4358,#4359);
#4357 = CARTESIAN_POINT('',(0.5,-3.085,0.));
#4358 = DIRECTION('',(-0.,0.,-1.));
#4359 = DIRECTION('',(-1.268826313857E-15,-1.,0.));
#4360 = ORIENTED_EDGE('',*,*,#4361,.T.);
#4361 = EDGE_CURVE('',#4353,#4336,#4362,.T.);
#4362 = LINE('',#4363,#4364);
#4363 = CARTESIAN_POINT('',(0.25,-2.91,0.));
#4364 = VECTOR('',#4365,1.);
#4365 = DIRECTION('',(-1.,0.,0.));
#4366 = PLANE('',#4367);
#4367 = AXIS2_PLACEMENT_3D('',#4368,#4369,#4370);
#4368 = CARTESIAN_POINT('',(0.,0.,0.));
#4369 = DIRECTION('',(-0.,-0.,-1.));
#4370 = DIRECTION('',(-1.,0.,0.));
#4371 = ADVANCED_FACE('',(#4372,#4384),#4420,.T.);
#4372 = FACE_BOUND('',#4373,.T.);
#4373 = EDGE_LOOP('',(#4374,#4375,#4376,#4383));
#4374 = ORIENTED_EDGE('',*,*,#4227,.T.);
#4375 = ORIENTED_EDGE('',*,*,#4291,.T.);
#4376 = ORIENTED_EDGE('',*,*,#4377,.T.);
#4377 = EDGE_CURVE('',#4292,#4262,#4378,.T.);
#4378 = CIRCLE('',#4379,0.8);
#4379 = AXIS2_PLACEMENT_3D('',#4380,#4381,#4382);
#4380 = CARTESIAN_POINT('',(0.500000247002,-3.085,-4.E-02));
#4381 = DIRECTION('',(0.,0.,-1.));
#4382 = DIRECTION('',(-3.087522675027E-07,1.,-0.));
#4383 = ORIENTED_EDGE('',*,*,#4269,.T.);
#4384 = FACE_BOUND('',#4385,.T.);
#4385 = EDGE_LOOP('',(#4386,#4397,#4405,#4414));
#4386 = ORIENTED_EDGE('',*,*,#4387,.F.);
#4387 = EDGE_CURVE('',#4388,#4390,#4392,.T.);
#4388 = VERTEX_POINT('',#4389);
#4389 = CARTESIAN_POINT('',(-0.5,-3.26,-4.E-02));
#4390 = VERTEX_POINT('',#4391);
#4391 = CARTESIAN_POINT('',(-0.5,-2.91,-4.E-02));
#4392 = CIRCLE('',#4393,0.175);
#4393 = AXIS2_PLACEMENT_3D('',#4394,#4395,#4396);
#4394 = CARTESIAN_POINT('',(-0.5,-3.085,-4.E-02));
#4395 = DIRECTION('',(0.,-0.,-1.));
#4396 = DIRECTION('',(1.268826313857E-15,1.,-0.));
#4397 = ORIENTED_EDGE('',*,*,#4398,.T.);
#4398 = EDGE_CURVE('',#4388,#4399,#4401,.T.);
#4399 = VERTEX_POINT('',#4400);
#4400 = CARTESIAN_POINT('',(0.5,-3.26,-4.E-02));
#4401 = LINE('',#4402,#4403);
#4402 = CARTESIAN_POINT('',(-0.25,-3.26,-4.E-02));
#4403 = VECTOR('',#4404,1.);
#4404 = DIRECTION('',(1.,0.,0.));
#4405 = ORIENTED_EDGE('',*,*,#4406,.F.);
#4406 = EDGE_CURVE('',#4407,#4399,#4409,.T.);
#4407 = VERTEX_POINT('',#4408);
#4408 = CARTESIAN_POINT('',(0.5,-2.91,-4.E-02));
#4409 = CIRCLE('',#4410,0.175);
#4410 = AXIS2_PLACEMENT_3D('',#4411,#4412,#4413);
#4411 = CARTESIAN_POINT('',(0.5,-3.085,-4.E-02));
#4412 = DIRECTION('',(-0.,0.,-1.));
#4413 = DIRECTION('',(-1.268826313857E-15,-1.,0.));
#4414 = ORIENTED_EDGE('',*,*,#4415,.T.);
#4415 = EDGE_CURVE('',#4407,#4390,#4416,.T.);
#4416 = LINE('',#4417,#4418);
#4417 = CARTESIAN_POINT('',(0.25,-2.91,-4.E-02));
#4418 = VECTOR('',#4419,1.);
#4419 = DIRECTION('',(-1.,0.,0.));
#4420 = PLANE('',#4421);
#4421 = AXIS2_PLACEMENT_3D('',#4422,#4423,#4424);
#4422 = CARTESIAN_POINT('',(0.,0.,-4.E-02));
#4423 = DIRECTION('',(-0.,-0.,-1.));
#4424 = DIRECTION('',(-1.,0.,0.));
#4425 = ADVANCED_FACE('',(#4426),#4432,.T.);
#4426 = FACE_BOUND('',#4427,.F.);
#4427 = EDGE_LOOP('',(#4428,#4429,#4430,#4431));
#4428 = ORIENTED_EDGE('',*,*,#4299,.T.);
#4429 = ORIENTED_EDGE('',*,*,#4377,.T.);
#4430 = ORIENTED_EDGE('',*,*,#4259,.F.);
#4431 = ORIENTED_EDGE('',*,*,#4323,.F.);
#4432 = CYLINDRICAL_SURFACE('',#4433,0.8);
#4433 = AXIS2_PLACEMENT_3D('',#4434,#4435,#4436);
#4434 = CARTESIAN_POINT('',(0.500000247002,-3.085,0.));
#4435 = DIRECTION('',(-0.,-0.,1.));
#4436 = DIRECTION('',(-3.087522675027E-07,1.,-0.));
#4437 = ADVANCED_FACE('',(#4438),#4454,.F.);
#4438 = FACE_BOUND('',#4439,.T.);
#4439 = EDGE_LOOP('',(#4440,#4441,#4447,#4448));
#4440 = ORIENTED_EDGE('',*,*,#4387,.T.);
#4441 = ORIENTED_EDGE('',*,*,#4442,.T.);
#4442 = EDGE_CURVE('',#4390,#4336,#4443,.T.);
#4443 = LINE('',#4444,#4445);
#4444 = CARTESIAN_POINT('',(-0.5,-2.91,-4.6E-02));
#4445 = VECTOR('',#4446,1.);
#4446 = DIRECTION('',(0.,0.,1.));
#4447 = ORIENTED_EDGE('',*,*,#4333,.F.);
#4448 = ORIENTED_EDGE('',*,*,#4449,.F.);
#4449 = EDGE_CURVE('',#4388,#4334,#4450,.T.);
#4450 = LINE('',#4451,#4452);
#4451 = CARTESIAN_POINT('',(-0.5,-3.26,-4.6E-02));
#4452 = VECTOR('',#4453,1.);
#4453 = DIRECTION('',(0.,0.,1.));
#4454 = CYLINDRICAL_SURFACE('',#4455,0.175);
#4455 = AXIS2_PLACEMENT_3D('',#4456,#4457,#4458);
#4456 = CARTESIAN_POINT('',(-0.5,-3.085,-4.6E-02));
#4457 = DIRECTION('',(-0.,-0.,-1.));
#4458 = DIRECTION('',(1.268826313857E-15,1.,-0.));
#4459 = ADVANCED_FACE('',(#4460),#4471,.T.);
#4460 = FACE_BOUND('',#4461,.T.);
#4461 = EDGE_LOOP('',(#4462,#4463,#4469,#4470));
#4462 = ORIENTED_EDGE('',*,*,#4415,.F.);
#4463 = ORIENTED_EDGE('',*,*,#4464,.T.);
#4464 = EDGE_CURVE('',#4407,#4353,#4465,.T.);
#4465 = LINE('',#4466,#4467);
#4466 = CARTESIAN_POINT('',(0.5,-2.91,-4.6E-02));
#4467 = VECTOR('',#4468,1.);
#4468 = DIRECTION('',(0.,0.,1.));
#4469 = ORIENTED_EDGE('',*,*,#4361,.T.);
#4470 = ORIENTED_EDGE('',*,*,#4442,.F.);
#4471 = PLANE('',#4472);
#4472 = AXIS2_PLACEMENT_3D('',#4473,#4474,#4475);
#4473 = CARTESIAN_POINT('',(0.5,-2.91,-4.6E-02));
#4474 = DIRECTION('',(0.,-1.,0.));
#4475 = DIRECTION('',(-1.,0.,0.));
#4476 = ADVANCED_FACE('',(#4477),#4488,.F.);
#4477 = FACE_BOUND('',#4478,.T.);
#4478 = EDGE_LOOP('',(#4479,#4480,#4486,#4487));
#4479 = ORIENTED_EDGE('',*,*,#4406,.T.);
#4480 = ORIENTED_EDGE('',*,*,#4481,.T.);
#4481 = EDGE_CURVE('',#4399,#4345,#4482,.T.);
#4482 = LINE('',#4483,#4484);
#4483 = CARTESIAN_POINT('',(0.5,-3.26,-4.6E-02));
#4484 = VECTOR('',#4485,1.);
#4485 = DIRECTION('',(0.,0.,1.));
#4486 = ORIENTED_EDGE('',*,*,#4352,.F.);
#4487 = ORIENTED_EDGE('',*,*,#4464,.F.);
#4488 = CYLINDRICAL_SURFACE('',#4489,0.175);
#4489 = AXIS2_PLACEMENT_3D('',#4490,#4491,#4492);
#4490 = CARTESIAN_POINT('',(0.5,-3.085,-4.6E-02));
#4491 = DIRECTION('',(-0.,-0.,-1.));
#4492 = DIRECTION('',(-1.268826313857E-15,-1.,0.));
#4493 = ADVANCED_FACE('',(#4494),#4500,.T.);
#4494 = FACE_BOUND('',#4495,.T.);
#4495 = EDGE_LOOP('',(#4496,#4497,#4498,#4499));
#4496 = ORIENTED_EDGE('',*,*,#4398,.F.);
#4497 = ORIENTED_EDGE('',*,*,#4449,.T.);
#4498 = ORIENTED_EDGE('',*,*,#4344,.T.);
#4499 = ORIENTED_EDGE('',*,*,#4481,.F.);
#4500 = PLANE('',#4501);
#4501 = AXIS2_PLACEMENT_3D('',#4502,#4503,#4504);
#4502 = CARTESIAN_POINT('',(-0.5,-3.26,-4.6E-02));
#4503 = DIRECTION('',(0.,1.,0.));
#4504 = DIRECTION('',(1.,0.,0.));
#4505 = MANIFOLD_SOLID_BREP('',#4506);
#4506 = CLOSED_SHELL('',(#4507,#4547,#4580,#4613,#4666,#4719,#4731,#4753
    ,#4770,#4787));
#4507 = ADVANCED_FACE('',(#4508),#4542,.F.);
#4508 = FACE_BOUND('',#4509,.F.);
#4509 = EDGE_LOOP('',(#4510,#4520,#4528,#4536));
#4510 = ORIENTED_EDGE('',*,*,#4511,.T.);
#4511 = EDGE_CURVE('',#4512,#4514,#4516,.T.);
#4512 = VERTEX_POINT('',#4513);
#4513 = CARTESIAN_POINT('',(-0.5,-3.285,-4.E-02));
#4514 = VERTEX_POINT('',#4515);
#4515 = CARTESIAN_POINT('',(-0.5,-3.285,0.95));
#4516 = LINE('',#4517,#4518);
#4517 = CARTESIAN_POINT('',(-0.5,-3.285,-4.E-02));
#4518 = VECTOR('',#4519,1.);
#4519 = DIRECTION('',(0.,0.,1.));
#4520 = ORIENTED_EDGE('',*,*,#4521,.T.);
#4521 = EDGE_CURVE('',#4514,#4522,#4524,.T.);
#4522 = VERTEX_POINT('',#4523);
#4523 = CARTESIAN_POINT('',(0.5,-3.285,0.95));
#4524 = LINE('',#4525,#4526);
#4525 = CARTESIAN_POINT('',(-0.5,-3.285,0.95));
#4526 = VECTOR('',#4527,1.);
#4527 = DIRECTION('',(1.,0.,0.));
#4528 = ORIENTED_EDGE('',*,*,#4529,.F.);
#4529 = EDGE_CURVE('',#4530,#4522,#4532,.T.);
#4530 = VERTEX_POINT('',#4531);
#4531 = CARTESIAN_POINT('',(0.5,-3.285,-4.E-02));
#4532 = LINE('',#4533,#4534);
#4533 = CARTESIAN_POINT('',(0.5,-3.285,-4.E-02));
#4534 = VECTOR('',#4535,1.);
#4535 = DIRECTION('',(0.,0.,1.));
#4536 = ORIENTED_EDGE('',*,*,#4537,.F.);
#4537 = EDGE_CURVE('',#4512,#4530,#4538,.T.);
#4538 = LINE('',#4539,#4540);
#4539 = CARTESIAN_POINT('',(-0.5,-3.285,-4.E-02));
#4540 = VECTOR('',#4541,1.);
#4541 = DIRECTION('',(1.,0.,0.));
#4542 = PLANE('',#4543);
#4543 = AXIS2_PLACEMENT_3D('',#4544,#4545,#4546);
#4544 = CARTESIAN_POINT('',(-0.5,-3.285,-4.E-02));
#4545 = DIRECTION('',(0.,1.,0.));
#4546 = DIRECTION('',(1.,0.,0.));
#4547 = ADVANCED_FACE('',(#4548),#4575,.T.);
#4548 = FACE_BOUND('',#4549,.F.);
#4549 = EDGE_LOOP('',(#4550,#4560,#4567,#4568));
#4550 = ORIENTED_EDGE('',*,*,#4551,.T.);
#4551 = EDGE_CURVE('',#4552,#4554,#4556,.T.);
#4552 = VERTEX_POINT('',#4553);
#4553 = CARTESIAN_POINT('',(-0.5,-2.885,-4.E-02));
#4554 = VERTEX_POINT('',#4555);
#4555 = CARTESIAN_POINT('',(-0.5,-2.885,0.95));
#4556 = LINE('',#4557,#4558);
#4557 = CARTESIAN_POINT('',(-0.5,-2.885,-4.E-02));
#4558 = VECTOR('',#4559,1.);
#4559 = DIRECTION('',(0.,0.,1.));
#4560 = ORIENTED_EDGE('',*,*,#4561,.T.);
#4561 = EDGE_CURVE('',#4554,#4514,#4562,.T.);
#4562 = CIRCLE('',#4563,0.2);
#4563 = AXIS2_PLACEMENT_3D('',#4564,#4565,#4566);
#4564 = CARTESIAN_POINT('',(-0.5,-3.085,0.95));
#4565 = DIRECTION('',(0.,0.,1.));
#4566 = DIRECTION('',(-1.110223024625E-15,1.,0.));
#4567 = ORIENTED_EDGE('',*,*,#4511,.F.);
#4568 = ORIENTED_EDGE('',*,*,#4569,.F.);
#4569 = EDGE_CURVE('',#4552,#4512,#4570,.T.);
#4570 = CIRCLE('',#4571,0.2);
#4571 = AXIS2_PLACEMENT_3D('',#4572,#4573,#4574);
#4572 = CARTESIAN_POINT('',(-0.5,-3.085,-4.E-02));
#4573 = DIRECTION('',(0.,0.,1.));
#4574 = DIRECTION('',(-1.110223024625E-15,1.,0.));
#4575 = CYLINDRICAL_SURFACE('',#4576,0.2);
#4576 = AXIS2_PLACEMENT_3D('',#4577,#4578,#4579);
#4577 = CARTESIAN_POINT('',(-0.5,-3.085,-4.E-02));
#4578 = DIRECTION('',(-0.,-0.,-1.));
#4579 = DIRECTION('',(-1.110223024625E-15,1.,0.));
#4580 = ADVANCED_FACE('',(#4581),#4608,.T.);
#4581 = FACE_BOUND('',#4582,.F.);
#4582 = EDGE_LOOP('',(#4583,#4584,#4593,#4601));
#4583 = ORIENTED_EDGE('',*,*,#4529,.T.);
#4584 = ORIENTED_EDGE('',*,*,#4585,.T.);
#4585 = EDGE_CURVE('',#4522,#4586,#4588,.T.);
#4586 = VERTEX_POINT('',#4587);
#4587 = CARTESIAN_POINT('',(0.5,-2.885,0.95));
#4588 = CIRCLE('',#4589,0.2);
#4589 = AXIS2_PLACEMENT_3D('',#4590,#4591,#4592);
#4590 = CARTESIAN_POINT('',(0.5,-3.085,0.95));
#4591 = DIRECTION('',(0.,-0.,1.));
#4592 = DIRECTION('',(1.110223024625E-15,-1.,-0.));
#4593 = ORIENTED_EDGE('',*,*,#4594,.F.);
#4594 = EDGE_CURVE('',#4595,#4586,#4597,.T.);
#4595 = VERTEX_POINT('',#4596);
#4596 = CARTESIAN_POINT('',(0.5,-2.885,-4.E-02));
#4597 = LINE('',#4598,#4599);
#4598 = CARTESIAN_POINT('',(0.5,-2.885,-4.E-02));
#4599 = VECTOR('',#4600,1.);
#4600 = DIRECTION('',(0.,0.,1.));
#4601 = ORIENTED_EDGE('',*,*,#4602,.F.);
#4602 = EDGE_CURVE('',#4530,#4595,#4603,.T.);
#4603 = CIRCLE('',#4604,0.2);
#4604 = AXIS2_PLACEMENT_3D('',#4605,#4606,#4607);
#4605 = CARTESIAN_POINT('',(0.5,-3.085,-4.E-02));
#4606 = DIRECTION('',(0.,-0.,1.));
#4607 = DIRECTION('',(1.110223024625E-15,-1.,-0.));
#4608 = CYLINDRICAL_SURFACE('',#4609,0.2);
#4609 = AXIS2_PLACEMENT_3D('',#4610,#4611,#4612);
#4610 = CARTESIAN_POINT('',(0.5,-3.085,-4.E-02));
#4611 = DIRECTION('',(-0.,0.,-1.));
#4612 = DIRECTION('',(1.110223024625E-15,-1.,-0.));
#4613 = ADVANCED_FACE('',(#4614,#4625),#4661,.F.);
#4614 = FACE_BOUND('',#4615,.F.);
#4615 = EDGE_LOOP('',(#4616,#4617,#4618,#4624));
#4616 = ORIENTED_EDGE('',*,*,#4537,.T.);
#4617 = ORIENTED_EDGE('',*,*,#4602,.T.);
#4618 = ORIENTED_EDGE('',*,*,#4619,.T.);
#4619 = EDGE_CURVE('',#4595,#4552,#4620,.T.);
#4620 = LINE('',#4621,#4622);
#4621 = CARTESIAN_POINT('',(0.5,-2.885,-4.E-02));
#4622 = VECTOR('',#4623,1.);
#4623 = DIRECTION('',(-1.,0.,0.));
#4624 = ORIENTED_EDGE('',*,*,#4569,.T.);
#4625 = FACE_BOUND('',#4626,.F.);
#4626 = EDGE_LOOP('',(#4627,#4638,#4646,#4655));
#4627 = ORIENTED_EDGE('',*,*,#4628,.T.);
#4628 = EDGE_CURVE('',#4629,#4631,#4633,.T.);
#4629 = VERTEX_POINT('',#4630);
#4630 = CARTESIAN_POINT('',(0.5,-2.91,-4.E-02));
#4631 = VERTEX_POINT('',#4632);
#4632 = CARTESIAN_POINT('',(0.5,-3.26,-4.E-02));
#4633 = CIRCLE('',#4634,0.175);
#4634 = AXIS2_PLACEMENT_3D('',#4635,#4636,#4637);
#4635 = CARTESIAN_POINT('',(0.5,-3.085,-4.E-02));
#4636 = DIRECTION('',(-0.,0.,-1.));
#4637 = DIRECTION('',(-1.268826313857E-15,-1.,0.));
#4638 = ORIENTED_EDGE('',*,*,#4639,.T.);
#4639 = EDGE_CURVE('',#4631,#4640,#4642,.T.);
#4640 = VERTEX_POINT('',#4641);
#4641 = CARTESIAN_POINT('',(-0.5,-3.26,-4.E-02));
#4642 = LINE('',#4643,#4644);
#4643 = CARTESIAN_POINT('',(-0.5,-3.26,-4.E-02));
#4644 = VECTOR('',#4645,1.);
#4645 = DIRECTION('',(-1.,0.,0.));
#4646 = ORIENTED_EDGE('',*,*,#4647,.T.);
#4647 = EDGE_CURVE('',#4640,#4648,#4650,.T.);
#4648 = VERTEX_POINT('',#4649);
#4649 = CARTESIAN_POINT('',(-0.5,-2.91,-4.E-02));
#4650 = CIRCLE('',#4651,0.175);
#4651 = AXIS2_PLACEMENT_3D('',#4652,#4653,#4654);
#4652 = CARTESIAN_POINT('',(-0.5,-3.085,-4.E-02));
#4653 = DIRECTION('',(0.,-0.,-1.));
#4654 = DIRECTION('',(1.268826313857E-15,1.,-0.));
#4655 = ORIENTED_EDGE('',*,*,#4656,.T.);
#4656 = EDGE_CURVE('',#4648,#4629,#4657,.T.);
#4657 = LINE('',#4658,#4659);
#4658 = CARTESIAN_POINT('',(0.,-2.91,-4.E-02));
#4659 = VECTOR('',#4660,1.);
#4660 = DIRECTION('',(1.,0.,-0.));
#4661 = PLANE('',#4662);
#4662 = AXIS2_PLACEMENT_3D('',#4663,#4664,#4665);
#4663 = CARTESIAN_POINT('',(-0.5,-3.285,-4.E-02));
#4664 = DIRECTION('',(0.,0.,1.));
#4665 = DIRECTION('',(1.,0.,-0.));
#4666 = ADVANCED_FACE('',(#4667,#4678),#4714,.T.);
#4667 = FACE_BOUND('',#4668,.T.);
#4668 = EDGE_LOOP('',(#4669,#4670,#4671,#4677));
#4669 = ORIENTED_EDGE('',*,*,#4521,.T.);
#4670 = ORIENTED_EDGE('',*,*,#4585,.T.);
#4671 = ORIENTED_EDGE('',*,*,#4672,.T.);
#4672 = EDGE_CURVE('',#4586,#4554,#4673,.T.);
#4673 = LINE('',#4674,#4675);
#4674 = CARTESIAN_POINT('',(0.5,-2.885,0.95));
#4675 = VECTOR('',#4676,1.);
#4676 = DIRECTION('',(-1.,0.,0.));
#4677 = ORIENTED_EDGE('',*,*,#4561,.T.);
#4678 = FACE_BOUND('',#4679,.T.);
#4679 = EDGE_LOOP('',(#4680,#4691,#4699,#4708));
#4680 = ORIENTED_EDGE('',*,*,#4681,.T.);
#4681 = EDGE_CURVE('',#4682,#4684,#4686,.T.);
#4682 = VERTEX_POINT('',#4683);
#4683 = CARTESIAN_POINT('',(0.5,-2.91,0.95));
#4684 = VERTEX_POINT('',#4685);
#4685 = CARTESIAN_POINT('',(0.5,-3.26,0.95));
#4686 = CIRCLE('',#4687,0.175);
#4687 = AXIS2_PLACEMENT_3D('',#4688,#4689,#4690);
#4688 = CARTESIAN_POINT('',(0.5,-3.085,0.95));
#4689 = DIRECTION('',(-0.,0.,-1.));
#4690 = DIRECTION('',(-1.268826313857E-15,-1.,0.));
#4691 = ORIENTED_EDGE('',*,*,#4692,.T.);
#4692 = EDGE_CURVE('',#4684,#4693,#4695,.T.);
#4693 = VERTEX_POINT('',#4694);
#4694 = CARTESIAN_POINT('',(-0.5,-3.26,0.95));
#4695 = LINE('',#4696,#4697);
#4696 = CARTESIAN_POINT('',(-0.5,-3.26,0.95));
#4697 = VECTOR('',#4698,1.);
#4698 = DIRECTION('',(-1.,0.,0.));
#4699 = ORIENTED_EDGE('',*,*,#4700,.T.);
#4700 = EDGE_CURVE('',#4693,#4701,#4703,.T.);
#4701 = VERTEX_POINT('',#4702);
#4702 = CARTESIAN_POINT('',(-0.5,-2.91,0.95));
#4703 = CIRCLE('',#4704,0.175);
#4704 = AXIS2_PLACEMENT_3D('',#4705,#4706,#4707);
#4705 = CARTESIAN_POINT('',(-0.5,-3.085,0.95));
#4706 = DIRECTION('',(0.,-0.,-1.));
#4707 = DIRECTION('',(1.268826313857E-15,1.,-0.));
#4708 = ORIENTED_EDGE('',*,*,#4709,.T.);
#4709 = EDGE_CURVE('',#4701,#4682,#4710,.T.);
#4710 = LINE('',#4711,#4712);
#4711 = CARTESIAN_POINT('',(0.,-2.91,0.95));
#4712 = VECTOR('',#4713,1.);
#4713 = DIRECTION('',(1.,0.,-0.));
#4714 = PLANE('',#4715);
#4715 = AXIS2_PLACEMENT_3D('',#4716,#4717,#4718);
#4716 = CARTESIAN_POINT('',(-0.5,-3.285,0.95));
#4717 = DIRECTION('',(0.,0.,1.));
#4718 = DIRECTION('',(1.,0.,-0.));
#4719 = ADVANCED_FACE('',(#4720),#4726,.F.);
#4720 = FACE_BOUND('',#4721,.F.);
#4721 = EDGE_LOOP('',(#4722,#4723,#4724,#4725));
#4722 = ORIENTED_EDGE('',*,*,#4594,.T.);
#4723 = ORIENTED_EDGE('',*,*,#4672,.T.);
#4724 = ORIENTED_EDGE('',*,*,#4551,.F.);
#4725 = ORIENTED_EDGE('',*,*,#4619,.F.);
#4726 = PLANE('',#4727);
#4727 = AXIS2_PLACEMENT_3D('',#4728,#4729,#4730);
#4728 = CARTESIAN_POINT('',(0.5,-2.885,-4.E-02));
#4729 = DIRECTION('',(0.,-1.,0.));
#4730 = DIRECTION('',(-1.,0.,0.));
#4731 = ADVANCED_FACE('',(#4732),#4748,.F.);
#4732 = FACE_BOUND('',#4733,.T.);
#4733 = EDGE_LOOP('',(#4734,#4735,#4741,#4742));
#4734 = ORIENTED_EDGE('',*,*,#4628,.T.);
#4735 = ORIENTED_EDGE('',*,*,#4736,.T.);
#4736 = EDGE_CURVE('',#4631,#4684,#4737,.T.);
#4737 = LINE('',#4738,#4739);
#4738 = CARTESIAN_POINT('',(0.5,-3.26,-4.6E-02));
#4739 = VECTOR('',#4740,1.);
#4740 = DIRECTION('',(0.,0.,1.));
#4741 = ORIENTED_EDGE('',*,*,#4681,.F.);
#4742 = ORIENTED_EDGE('',*,*,#4743,.F.);
#4743 = EDGE_CURVE('',#4629,#4682,#4744,.T.);
#4744 = LINE('',#4745,#4746);
#4745 = CARTESIAN_POINT('',(0.5,-2.91,-4.6E-02));
#4746 = VECTOR('',#4747,1.);
#4747 = DIRECTION('',(0.,0.,1.));
#4748 = CYLINDRICAL_SURFACE('',#4749,0.175);
#4749 = AXIS2_PLACEMENT_3D('',#4750,#4751,#4752);
#4750 = CARTESIAN_POINT('',(0.5,-3.085,-4.6E-02));
#4751 = DIRECTION('',(-0.,-0.,-1.));
#4752 = DIRECTION('',(-1.268826313857E-15,-1.,0.));
#4753 = ADVANCED_FACE('',(#4754),#4765,.T.);
#4754 = FACE_BOUND('',#4755,.T.);
#4755 = EDGE_LOOP('',(#4756,#4757,#4758,#4759));
#4756 = ORIENTED_EDGE('',*,*,#4656,.T.);
#4757 = ORIENTED_EDGE('',*,*,#4743,.T.);
#4758 = ORIENTED_EDGE('',*,*,#4709,.F.);
#4759 = ORIENTED_EDGE('',*,*,#4760,.F.);
#4760 = EDGE_CURVE('',#4648,#4701,#4761,.T.);
#4761 = LINE('',#4762,#4763);
#4762 = CARTESIAN_POINT('',(-0.5,-2.91,-4.6E-02));
#4763 = VECTOR('',#4764,1.);
#4764 = DIRECTION('',(0.,0.,1.));
#4765 = PLANE('',#4766);
#4766 = AXIS2_PLACEMENT_3D('',#4767,#4768,#4769);
#4767 = CARTESIAN_POINT('',(0.5,-2.91,-4.6E-02));
#4768 = DIRECTION('',(0.,-1.,0.));
#4769 = DIRECTION('',(-1.,0.,0.));
#4770 = ADVANCED_FACE('',(#4771),#4782,.F.);
#4771 = FACE_BOUND('',#4772,.T.);
#4772 = EDGE_LOOP('',(#4773,#4774,#4775,#4776));
#4773 = ORIENTED_EDGE('',*,*,#4647,.T.);
#4774 = ORIENTED_EDGE('',*,*,#4760,.T.);
#4775 = ORIENTED_EDGE('',*,*,#4700,.F.);
#4776 = ORIENTED_EDGE('',*,*,#4777,.F.);
#4777 = EDGE_CURVE('',#4640,#4693,#4778,.T.);
#4778 = LINE('',#4779,#4780);
#4779 = CARTESIAN_POINT('',(-0.5,-3.26,-4.6E-02));
#4780 = VECTOR('',#4781,1.);
#4781 = DIRECTION('',(0.,0.,1.));
#4782 = CYLINDRICAL_SURFACE('',#4783,0.175);
#4783 = AXIS2_PLACEMENT_3D('',#4784,#4785,#4786);
#4784 = CARTESIAN_POINT('',(-0.5,-3.085,-4.6E-02));
#4785 = DIRECTION('',(-0.,-0.,-1.));
#4786 = DIRECTION('',(1.268826313857E-15,1.,-0.));
#4787 = ADVANCED_FACE('',(#4788),#4794,.T.);
#4788 = FACE_BOUND('',#4789,.T.);
#4789 = EDGE_LOOP('',(#4790,#4791,#4792,#4793));
#4790 = ORIENTED_EDGE('',*,*,#4639,.T.);
#4791 = ORIENTED_EDGE('',*,*,#4777,.T.);
#4792 = ORIENTED_EDGE('',*,*,#4692,.F.);
#4793 = ORIENTED_EDGE('',*,*,#4736,.F.);
#4794 = PLANE('',#4795);
#4795 = AXIS2_PLACEMENT_3D('',#4796,#4797,#4798);
#4796 = CARTESIAN_POINT('',(-0.5,-3.26,-4.6E-02));
#4797 = DIRECTION('',(0.,1.,0.));
#4798 = DIRECTION('',(1.,0.,0.));
#4799 = MANIFOLD_SOLID_BREP('',#4800);
#4800 = CLOSED_SHELL('',(#4801,#4841,#4872,#4903,#4956,#5009,#5021,#5043
    ,#5060,#5077));
#4801 = ADVANCED_FACE('',(#4802),#4836,.T.);
#4802 = FACE_BOUND('',#4803,.T.);
#4803 = EDGE_LOOP('',(#4804,#4814,#4822,#4830));
#4804 = ORIENTED_EDGE('',*,*,#4805,.T.);
#4805 = EDGE_CURVE('',#4806,#4808,#4810,.T.);
#4806 = VERTEX_POINT('',#4807);
#4807 = CARTESIAN_POINT('',(-5.575,-0.285,0.91));
#4808 = VERTEX_POINT('',#4809);
#4809 = CARTESIAN_POINT('',(-5.575,-0.285,0.95));
#4810 = LINE('',#4811,#4812);
#4811 = CARTESIAN_POINT('',(-5.575,-0.285,0.91));
#4812 = VECTOR('',#4813,1.);
#4813 = DIRECTION('',(0.,0.,1.));
#4814 = ORIENTED_EDGE('',*,*,#4815,.T.);
#4815 = EDGE_CURVE('',#4808,#4816,#4818,.T.);
#4816 = VERTEX_POINT('',#4817);
#4817 = CARTESIAN_POINT('',(-5.575,2.315,0.95));
#4818 = LINE('',#4819,#4820);
#4819 = CARTESIAN_POINT('',(-5.575,-0.285,0.95));
#4820 = VECTOR('',#4821,1.);
#4821 = DIRECTION('',(0.,1.,0.));
#4822 = ORIENTED_EDGE('',*,*,#4823,.F.);
#4823 = EDGE_CURVE('',#4824,#4816,#4826,.T.);
#4824 = VERTEX_POINT('',#4825);
#4825 = CARTESIAN_POINT('',(-5.575,2.315,0.91));
#4826 = LINE('',#4827,#4828);
#4827 = CARTESIAN_POINT('',(-5.575,2.315,0.91));
#4828 = VECTOR('',#4829,1.);
#4829 = DIRECTION('',(0.,0.,1.));
#4830 = ORIENTED_EDGE('',*,*,#4831,.F.);
#4831 = EDGE_CURVE('',#4806,#4824,#4832,.T.);
#4832 = LINE('',#4833,#4834);
#4833 = CARTESIAN_POINT('',(-5.575,-0.285,0.91));
#4834 = VECTOR('',#4835,1.);
#4835 = DIRECTION('',(0.,1.,0.));
#4836 = PLANE('',#4837);
#4837 = AXIS2_PLACEMENT_3D('',#4838,#4839,#4840);
#4838 = CARTESIAN_POINT('',(-5.575,-0.285,0.91));
#4839 = DIRECTION('',(-1.,0.,0.));
#4840 = DIRECTION('',(0.,1.,0.));
#4841 = ADVANCED_FACE('',(#4842),#4867,.T.);
#4842 = FACE_BOUND('',#4843,.T.);
#4843 = EDGE_LOOP('',(#4844,#4854,#4860,#4861));
#4844 = ORIENTED_EDGE('',*,*,#4845,.T.);
#4845 = EDGE_CURVE('',#4846,#4848,#4850,.T.);
#4846 = VERTEX_POINT('',#4847);
#4847 = CARTESIAN_POINT('',(-3.975,-0.285,0.91));
#4848 = VERTEX_POINT('',#4849);
#4849 = CARTESIAN_POINT('',(-3.975,-0.285,0.95));
#4850 = LINE('',#4851,#4852);
#4851 = CARTESIAN_POINT('',(-3.975,-0.285,0.91));
#4852 = VECTOR('',#4853,1.);
#4853 = DIRECTION('',(0.,0.,1.));
#4854 = ORIENTED_EDGE('',*,*,#4855,.T.);
#4855 = EDGE_CURVE('',#4848,#4808,#4856,.T.);
#4856 = LINE('',#4857,#4858);
#4857 = CARTESIAN_POINT('',(-3.975,-0.285,0.95));
#4858 = VECTOR('',#4859,1.);
#4859 = DIRECTION('',(-1.,0.,0.));
#4860 = ORIENTED_EDGE('',*,*,#4805,.F.);
#4861 = ORIENTED_EDGE('',*,*,#4862,.F.);
#4862 = EDGE_CURVE('',#4846,#4806,#4863,.T.);
#4863 = LINE('',#4864,#4865);
#4864 = CARTESIAN_POINT('',(-3.975,-0.285,0.91));
#4865 = VECTOR('',#4866,1.);
#4866 = DIRECTION('',(-1.,0.,0.));
#4867 = PLANE('',#4868);
#4868 = AXIS2_PLACEMENT_3D('',#4869,#4870,#4871);
#4869 = CARTESIAN_POINT('',(-3.975,-0.285,0.91));
#4870 = DIRECTION('',(0.,-1.,0.));
#4871 = DIRECTION('',(-1.,0.,0.));
#4872 = ADVANCED_FACE('',(#4873),#4898,.T.);
#4873 = FACE_BOUND('',#4874,.T.);
#4874 = EDGE_LOOP('',(#4875,#4876,#4884,#4892));
#4875 = ORIENTED_EDGE('',*,*,#4823,.T.);
#4876 = ORIENTED_EDGE('',*,*,#4877,.T.);
#4877 = EDGE_CURVE('',#4816,#4878,#4880,.T.);
#4878 = VERTEX_POINT('',#4879);
#4879 = CARTESIAN_POINT('',(-3.975,2.315,0.95));
#4880 = LINE('',#4881,#4882);
#4881 = CARTESIAN_POINT('',(-5.575,2.315,0.95));
#4882 = VECTOR('',#4883,1.);
#4883 = DIRECTION('',(1.,0.,0.));
#4884 = ORIENTED_EDGE('',*,*,#4885,.F.);
#4885 = EDGE_CURVE('',#4886,#4878,#4888,.T.);
#4886 = VERTEX_POINT('',#4887);
#4887 = CARTESIAN_POINT('',(-3.975,2.315,0.91));
#4888 = LINE('',#4889,#4890);
#4889 = CARTESIAN_POINT('',(-3.975,2.315,0.91));
#4890 = VECTOR('',#4891,1.);
#4891 = DIRECTION('',(0.,0.,1.));
#4892 = ORIENTED_EDGE('',*,*,#4893,.F.);
#4893 = EDGE_CURVE('',#4824,#4886,#4894,.T.);
#4894 = LINE('',#4895,#4896);
#4895 = CARTESIAN_POINT('',(-5.575,2.315,0.91));
#4896 = VECTOR('',#4897,1.);
#4897 = DIRECTION('',(1.,0.,0.));
#4898 = PLANE('',#4899);
#4899 = AXIS2_PLACEMENT_3D('',#4900,#4901,#4902);
#4900 = CARTESIAN_POINT('',(-5.575,2.315,0.91));
#4901 = DIRECTION('',(0.,1.,0.));
#4902 = DIRECTION('',(1.,0.,0.));
#4903 = ADVANCED_FACE('',(#4904,#4915),#4951,.F.);
#4904 = FACE_BOUND('',#4905,.F.);
#4905 = EDGE_LOOP('',(#4906,#4907,#4908,#4914));
#4906 = ORIENTED_EDGE('',*,*,#4831,.F.);
#4907 = ORIENTED_EDGE('',*,*,#4862,.F.);
#4908 = ORIENTED_EDGE('',*,*,#4909,.F.);
#4909 = EDGE_CURVE('',#4886,#4846,#4910,.T.);
#4910 = LINE('',#4911,#4912);
#4911 = CARTESIAN_POINT('',(-3.975,2.315,0.91));
#4912 = VECTOR('',#4913,1.);
#4913 = DIRECTION('',(0.,-1.,0.));
#4914 = ORIENTED_EDGE('',*,*,#4893,.F.);
#4915 = FACE_BOUND('',#4916,.F.);
#4916 = EDGE_LOOP('',(#4917,#4928,#4936,#4945));
#4917 = ORIENTED_EDGE('',*,*,#4918,.T.);
#4918 = EDGE_CURVE('',#4919,#4921,#4923,.T.);
#4919 = VERTEX_POINT('',#4920);
#4920 = CARTESIAN_POINT('',(-4.6,0.515,0.91));
#4921 = VERTEX_POINT('',#4922);
#4922 = CARTESIAN_POINT('',(-4.95,0.515,0.91));
#4923 = CIRCLE('',#4924,0.175);
#4924 = AXIS2_PLACEMENT_3D('',#4925,#4926,#4927);
#4925 = CARTESIAN_POINT('',(-4.775,0.515,0.91));
#4926 = DIRECTION('',(-0.,0.,-1.));
#4927 = DIRECTION('',(-1.,-2.537652627715E-15,0.));
#4928 = ORIENTED_EDGE('',*,*,#4929,.T.);
#4929 = EDGE_CURVE('',#4921,#4930,#4932,.T.);
#4930 = VERTEX_POINT('',#4931);
#4931 = CARTESIAN_POINT('',(-4.95,1.515,0.91));
#4932 = LINE('',#4933,#4934);
#4933 = CARTESIAN_POINT('',(-4.95,0.7575,0.91));
#4934 = VECTOR('',#4935,1.);
#4935 = DIRECTION('',(-0.,1.,0.));
#4936 = ORIENTED_EDGE('',*,*,#4937,.T.);
#4937 = EDGE_CURVE('',#4930,#4938,#4940,.T.);
#4938 = VERTEX_POINT('',#4939);
#4939 = CARTESIAN_POINT('',(-4.6,1.515,0.91));
#4940 = CIRCLE('',#4941,0.175);
#4941 = AXIS2_PLACEMENT_3D('',#4942,#4943,#4944);
#4942 = CARTESIAN_POINT('',(-4.775,1.515,0.91));
#4943 = DIRECTION('',(0.,-0.,-1.));
#4944 = DIRECTION('',(1.,1.268826313857E-15,-0.));
#4945 = ORIENTED_EDGE('',*,*,#4946,.T.);
#4946 = EDGE_CURVE('',#4938,#4919,#4947,.T.);
#4947 = LINE('',#4948,#4949);
#4948 = CARTESIAN_POINT('',(-4.6,0.2575,0.91));
#4949 = VECTOR('',#4950,1.);
#4950 = DIRECTION('',(0.,-1.,0.));
#4951 = PLANE('',#4952);
#4952 = AXIS2_PLACEMENT_3D('',#4953,#4954,#4955);
#4953 = CARTESIAN_POINT('',(0.,0.,0.91));
#4954 = DIRECTION('',(0.,0.,1.));
#4955 = DIRECTION('',(1.,0.,-0.));
#4956 = ADVANCED_FACE('',(#4957,#4968),#5004,.T.);
#4957 = FACE_BOUND('',#4958,.T.);
#4958 = EDGE_LOOP('',(#4959,#4960,#4961,#4967));
#4959 = ORIENTED_EDGE('',*,*,#4815,.F.);
#4960 = ORIENTED_EDGE('',*,*,#4855,.F.);
#4961 = ORIENTED_EDGE('',*,*,#4962,.F.);
#4962 = EDGE_CURVE('',#4878,#4848,#4963,.T.);
#4963 = LINE('',#4964,#4965);
#4964 = CARTESIAN_POINT('',(-3.975,2.315,0.95));
#4965 = VECTOR('',#4966,1.);
#4966 = DIRECTION('',(0.,-1.,0.));
#4967 = ORIENTED_EDGE('',*,*,#4877,.F.);
#4968 = FACE_BOUND('',#4969,.T.);
#4969 = EDGE_LOOP('',(#4970,#4981,#4989,#4998));
#4970 = ORIENTED_EDGE('',*,*,#4971,.T.);
#4971 = EDGE_CURVE('',#4972,#4974,#4976,.T.);
#4972 = VERTEX_POINT('',#4973);
#4973 = CARTESIAN_POINT('',(-4.6,0.515,0.95));
#4974 = VERTEX_POINT('',#4975);
#4975 = CARTESIAN_POINT('',(-4.95,0.515,0.95));
#4976 = CIRCLE('',#4977,0.175);
#4977 = AXIS2_PLACEMENT_3D('',#4978,#4979,#4980);
#4978 = CARTESIAN_POINT('',(-4.775,0.515,0.95));
#4979 = DIRECTION('',(-0.,0.,-1.));
#4980 = DIRECTION('',(-1.,-2.537652627715E-15,0.));
#4981 = ORIENTED_EDGE('',*,*,#4982,.T.);
#4982 = EDGE_CURVE('',#4974,#4983,#4985,.T.);
#4983 = VERTEX_POINT('',#4984);
#4984 = CARTESIAN_POINT('',(-4.95,1.515,0.95));
#4985 = LINE('',#4986,#4987);
#4986 = CARTESIAN_POINT('',(-4.95,0.7575,0.95));
#4987 = VECTOR('',#4988,1.);
#4988 = DIRECTION('',(-0.,1.,0.));
#4989 = ORIENTED_EDGE('',*,*,#4990,.T.);
#4990 = EDGE_CURVE('',#4983,#4991,#4993,.T.);
#4991 = VERTEX_POINT('',#4992);
#4992 = CARTESIAN_POINT('',(-4.6,1.515,0.95));
#4993 = CIRCLE('',#4994,0.175);
#4994 = AXIS2_PLACEMENT_3D('',#4995,#4996,#4997);
#4995 = CARTESIAN_POINT('',(-4.775,1.515,0.95));
#4996 = DIRECTION('',(0.,-0.,-1.));
#4997 = DIRECTION('',(1.,1.268826313857E-15,-0.));
#4998 = ORIENTED_EDGE('',*,*,#4999,.T.);
#4999 = EDGE_CURVE('',#4991,#4972,#5000,.T.);
#5000 = LINE('',#5001,#5002);
#5001 = CARTESIAN_POINT('',(-4.6,0.2575,0.95));
#5002 = VECTOR('',#5003,1.);
#5003 = DIRECTION('',(0.,-1.,0.));
#5004 = PLANE('',#5005);
#5005 = AXIS2_PLACEMENT_3D('',#5006,#5007,#5008);
#5006 = CARTESIAN_POINT('',(0.,0.,0.95));
#5007 = DIRECTION('',(0.,0.,1.));
#5008 = DIRECTION('',(1.,0.,-0.));
#5009 = ADVANCED_FACE('',(#5010),#5016,.T.);
#5010 = FACE_BOUND('',#5011,.T.);
#5011 = EDGE_LOOP('',(#5012,#5013,#5014,#5015));
#5012 = ORIENTED_EDGE('',*,*,#4885,.T.);
#5013 = ORIENTED_EDGE('',*,*,#4962,.T.);
#5014 = ORIENTED_EDGE('',*,*,#4845,.F.);
#5015 = ORIENTED_EDGE('',*,*,#4909,.F.);
#5016 = PLANE('',#5017);
#5017 = AXIS2_PLACEMENT_3D('',#5018,#5019,#5020);
#5018 = CARTESIAN_POINT('',(-3.975,2.315,0.91));
#5019 = DIRECTION('',(1.,0.,-0.));
#5020 = DIRECTION('',(0.,-1.,0.));
#5021 = ADVANCED_FACE('',(#5022),#5038,.F.);
#5022 = FACE_BOUND('',#5023,.T.);
#5023 = EDGE_LOOP('',(#5024,#5025,#5031,#5032));
#5024 = ORIENTED_EDGE('',*,*,#4918,.T.);
#5025 = ORIENTED_EDGE('',*,*,#5026,.T.);
#5026 = EDGE_CURVE('',#4921,#4974,#5027,.T.);
#5027 = LINE('',#5028,#5029);
#5028 = CARTESIAN_POINT('',(-4.95,0.515,-4.6E-02));
#5029 = VECTOR('',#5030,1.);
#5030 = DIRECTION('',(0.,0.,1.));
#5031 = ORIENTED_EDGE('',*,*,#4971,.F.);
#5032 = ORIENTED_EDGE('',*,*,#5033,.F.);
#5033 = EDGE_CURVE('',#4919,#4972,#5034,.T.);
#5034 = LINE('',#5035,#5036);
#5035 = CARTESIAN_POINT('',(-4.6,0.515,-4.6E-02));
#5036 = VECTOR('',#5037,1.);
#5037 = DIRECTION('',(0.,0.,1.));
#5038 = CYLINDRICAL_SURFACE('',#5039,0.175);
#5039 = AXIS2_PLACEMENT_3D('',#5040,#5041,#5042);
#5040 = CARTESIAN_POINT('',(-4.775,0.515,-4.6E-02));
#5041 = DIRECTION('',(-0.,-0.,-1.));
#5042 = DIRECTION('',(-1.,-2.537652627715E-15,0.));
#5043 = ADVANCED_FACE('',(#5044),#5055,.T.);
#5044 = FACE_BOUND('',#5045,.T.);
#5045 = EDGE_LOOP('',(#5046,#5047,#5048,#5049));
#5046 = ORIENTED_EDGE('',*,*,#4946,.T.);
#5047 = ORIENTED_EDGE('',*,*,#5033,.T.);
#5048 = ORIENTED_EDGE('',*,*,#4999,.F.);
#5049 = ORIENTED_EDGE('',*,*,#5050,.F.);
#5050 = EDGE_CURVE('',#4938,#4991,#5051,.T.);
#5051 = LINE('',#5052,#5053);
#5052 = CARTESIAN_POINT('',(-4.6,1.515,-4.6E-02));
#5053 = VECTOR('',#5054,1.);
#5054 = DIRECTION('',(0.,0.,1.));
#5055 = PLANE('',#5056);
#5056 = AXIS2_PLACEMENT_3D('',#5057,#5058,#5059);
#5057 = CARTESIAN_POINT('',(-4.6,0.515,-4.6E-02));
#5058 = DIRECTION('',(-1.,0.,0.));
#5059 = DIRECTION('',(0.,1.,0.));
#5060 = ADVANCED_FACE('',(#5061),#5072,.F.);
#5061 = FACE_BOUND('',#5062,.T.);
#5062 = EDGE_LOOP('',(#5063,#5064,#5065,#5066));
#5063 = ORIENTED_EDGE('',*,*,#4937,.T.);
#5064 = ORIENTED_EDGE('',*,*,#5050,.T.);
#5065 = ORIENTED_EDGE('',*,*,#4990,.F.);
#5066 = ORIENTED_EDGE('',*,*,#5067,.F.);
#5067 = EDGE_CURVE('',#4930,#4983,#5068,.T.);
#5068 = LINE('',#5069,#5070);
#5069 = CARTESIAN_POINT('',(-4.95,1.515,-4.6E-02));
#5070 = VECTOR('',#5071,1.);
#5071 = DIRECTION('',(0.,0.,1.));
#5072 = CYLINDRICAL_SURFACE('',#5073,0.175);
#5073 = AXIS2_PLACEMENT_3D('',#5074,#5075,#5076);
#5074 = CARTESIAN_POINT('',(-4.775,1.515,-4.6E-02));
#5075 = DIRECTION('',(-0.,-0.,-1.));
#5076 = DIRECTION('',(1.,1.268826313857E-15,-0.));
#5077 = ADVANCED_FACE('',(#5078),#5084,.T.);
#5078 = FACE_BOUND('',#5079,.T.);
#5079 = EDGE_LOOP('',(#5080,#5081,#5082,#5083));
#5080 = ORIENTED_EDGE('',*,*,#4929,.T.);
#5081 = ORIENTED_EDGE('',*,*,#5067,.T.);
#5082 = ORIENTED_EDGE('',*,*,#4982,.F.);
#5083 = ORIENTED_EDGE('',*,*,#5026,.F.);
#5084 = PLANE('',#5085);
#5085 = AXIS2_PLACEMENT_3D('',#5086,#5087,#5088);
#5086 = CARTESIAN_POINT('',(-4.95,1.515,-4.6E-02));
#5087 = DIRECTION('',(1.,0.,-0.));
#5088 = DIRECTION('',(0.,-1.,0.));
#5089 = MANIFOLD_SOLID_BREP('',#5090);
#5090 = CLOSED_SHELL('',(#5091,#5131,#5162,#5193,#5246,#5299,#5311,#5333
    ,#5350,#5367));
#5091 = ADVANCED_FACE('',(#5092),#5126,.F.);
#5092 = FACE_BOUND('',#5093,.F.);
#5093 = EDGE_LOOP('',(#5094,#5104,#5112,#5120));
#5094 = ORIENTED_EDGE('',*,*,#5095,.T.);
#5095 = EDGE_CURVE('',#5096,#5098,#5100,.T.);
#5096 = VERTEX_POINT('',#5097);
#5097 = CARTESIAN_POINT('',(-5.575,-0.285,0.));
#5098 = VERTEX_POINT('',#5099);
#5099 = CARTESIAN_POINT('',(-5.575,-0.285,-4.E-02));
#5100 = LINE('',#5101,#5102);
#5101 = CARTESIAN_POINT('',(-5.575,-0.285,0.));
#5102 = VECTOR('',#5103,1.);
#5103 = DIRECTION('',(0.,0.,-1.));
#5104 = ORIENTED_EDGE('',*,*,#5105,.T.);
#5105 = EDGE_CURVE('',#5098,#5106,#5108,.T.);
#5106 = VERTEX_POINT('',#5107);
#5107 = CARTESIAN_POINT('',(-5.575,2.315,-4.E-02));
#5108 = LINE('',#5109,#5110);
#5109 = CARTESIAN_POINT('',(-5.575,-0.285,-4.E-02));
#5110 = VECTOR('',#5111,1.);
#5111 = DIRECTION('',(0.,1.,0.));
#5112 = ORIENTED_EDGE('',*,*,#5113,.F.);
#5113 = EDGE_CURVE('',#5114,#5106,#5116,.T.);
#5114 = VERTEX_POINT('',#5115);
#5115 = CARTESIAN_POINT('',(-5.575,2.315,0.));
#5116 = LINE('',#5117,#5118);
#5117 = CARTESIAN_POINT('',(-5.575,2.315,0.));
#5118 = VECTOR('',#5119,1.);
#5119 = DIRECTION('',(0.,0.,-1.));
#5120 = ORIENTED_EDGE('',*,*,#5121,.F.);
#5121 = EDGE_CURVE('',#5096,#5114,#5122,.T.);
#5122 = LINE('',#5123,#5124);
#5123 = CARTESIAN_POINT('',(-5.575,-0.285,0.));
#5124 = VECTOR('',#5125,1.);
#5125 = DIRECTION('',(0.,1.,0.));
#5126 = PLANE('',#5127);
#5127 = AXIS2_PLACEMENT_3D('',#5128,#5129,#5130);
#5128 = CARTESIAN_POINT('',(-5.575,-0.285,0.));
#5129 = DIRECTION('',(1.,-0.,0.));
#5130 = DIRECTION('',(0.,1.,0.));
#5131 = ADVANCED_FACE('',(#5132),#5157,.F.);
#5132 = FACE_BOUND('',#5133,.F.);
#5133 = EDGE_LOOP('',(#5134,#5144,#5150,#5151));
#5134 = ORIENTED_EDGE('',*,*,#5135,.T.);
#5135 = EDGE_CURVE('',#5136,#5138,#5140,.T.);
#5136 = VERTEX_POINT('',#5137);
#5137 = CARTESIAN_POINT('',(-3.975,-0.285,0.));
#5138 = VERTEX_POINT('',#5139);
#5139 = CARTESIAN_POINT('',(-3.975,-0.285,-4.E-02));
#5140 = LINE('',#5141,#5142);
#5141 = CARTESIAN_POINT('',(-3.975,-0.285,0.));
#5142 = VECTOR('',#5143,1.);
#5143 = DIRECTION('',(0.,0.,-1.));
#5144 = ORIENTED_EDGE('',*,*,#5145,.T.);
#5145 = EDGE_CURVE('',#5138,#5098,#5146,.T.);
#5146 = LINE('',#5147,#5148);
#5147 = CARTESIAN_POINT('',(-3.975,-0.285,-4.E-02));
#5148 = VECTOR('',#5149,1.);
#5149 = DIRECTION('',(-1.,0.,0.));
#5150 = ORIENTED_EDGE('',*,*,#5095,.F.);
#5151 = ORIENTED_EDGE('',*,*,#5152,.F.);
#5152 = EDGE_CURVE('',#5136,#5096,#5153,.T.);
#5153 = LINE('',#5154,#5155);
#5154 = CARTESIAN_POINT('',(-3.975,-0.285,0.));
#5155 = VECTOR('',#5156,1.);
#5156 = DIRECTION('',(-1.,0.,0.));
#5157 = PLANE('',#5158);
#5158 = AXIS2_PLACEMENT_3D('',#5159,#5160,#5161);
#5159 = CARTESIAN_POINT('',(-3.975,-0.285,0.));
#5160 = DIRECTION('',(0.,1.,0.));
#5161 = DIRECTION('',(-1.,0.,0.));
#5162 = ADVANCED_FACE('',(#5163),#5188,.F.);
#5163 = FACE_BOUND('',#5164,.F.);
#5164 = EDGE_LOOP('',(#5165,#5166,#5174,#5182));
#5165 = ORIENTED_EDGE('',*,*,#5113,.T.);
#5166 = ORIENTED_EDGE('',*,*,#5167,.T.);
#5167 = EDGE_CURVE('',#5106,#5168,#5170,.T.);
#5168 = VERTEX_POINT('',#5169);
#5169 = CARTESIAN_POINT('',(-3.975,2.315,-4.E-02));
#5170 = LINE('',#5171,#5172);
#5171 = CARTESIAN_POINT('',(-5.575,2.315,-4.E-02));
#5172 = VECTOR('',#5173,1.);
#5173 = DIRECTION('',(1.,0.,0.));
#5174 = ORIENTED_EDGE('',*,*,#5175,.F.);
#5175 = EDGE_CURVE('',#5176,#5168,#5178,.T.);
#5176 = VERTEX_POINT('',#5177);
#5177 = CARTESIAN_POINT('',(-3.975,2.315,0.));
#5178 = LINE('',#5179,#5180);
#5179 = CARTESIAN_POINT('',(-3.975,2.315,0.));
#5180 = VECTOR('',#5181,1.);
#5181 = DIRECTION('',(0.,0.,-1.));
#5182 = ORIENTED_EDGE('',*,*,#5183,.F.);
#5183 = EDGE_CURVE('',#5114,#5176,#5184,.T.);
#5184 = LINE('',#5185,#5186);
#5185 = CARTESIAN_POINT('',(-5.575,2.315,0.));
#5186 = VECTOR('',#5187,1.);
#5187 = DIRECTION('',(1.,0.,0.));
#5188 = PLANE('',#5189);
#5189 = AXIS2_PLACEMENT_3D('',#5190,#5191,#5192);
#5190 = CARTESIAN_POINT('',(-5.575,2.315,0.));
#5191 = DIRECTION('',(0.,-1.,0.));
#5192 = DIRECTION('',(1.,0.,0.));
#5193 = ADVANCED_FACE('',(#5194,#5205),#5241,.F.);
#5194 = FACE_BOUND('',#5195,.F.);
#5195 = EDGE_LOOP('',(#5196,#5197,#5198,#5204));
#5196 = ORIENTED_EDGE('',*,*,#5121,.T.);
#5197 = ORIENTED_EDGE('',*,*,#5183,.T.);
#5198 = ORIENTED_EDGE('',*,*,#5199,.T.);
#5199 = EDGE_CURVE('',#5176,#5136,#5200,.T.);
#5200 = LINE('',#5201,#5202);
#5201 = CARTESIAN_POINT('',(-3.975,2.315,0.));
#5202 = VECTOR('',#5203,1.);
#5203 = DIRECTION('',(0.,-1.,0.));
#5204 = ORIENTED_EDGE('',*,*,#5152,.T.);
#5205 = FACE_BOUND('',#5206,.F.);
#5206 = EDGE_LOOP('',(#5207,#5218,#5226,#5235));
#5207 = ORIENTED_EDGE('',*,*,#5208,.F.);
#5208 = EDGE_CURVE('',#5209,#5211,#5213,.T.);
#5209 = VERTEX_POINT('',#5210);
#5210 = CARTESIAN_POINT('',(-4.95,1.515,0.));
#5211 = VERTEX_POINT('',#5212);
#5212 = CARTESIAN_POINT('',(-4.6,1.515,0.));
#5213 = CIRCLE('',#5214,0.175);
#5214 = AXIS2_PLACEMENT_3D('',#5215,#5216,#5217);
#5215 = CARTESIAN_POINT('',(-4.775,1.515,0.));
#5216 = DIRECTION('',(0.,-0.,-1.));
#5217 = DIRECTION('',(1.,1.268826313857E-15,-0.));
#5218 = ORIENTED_EDGE('',*,*,#5219,.T.);
#5219 = EDGE_CURVE('',#5209,#5220,#5222,.T.);
#5220 = VERTEX_POINT('',#5221);
#5221 = CARTESIAN_POINT('',(-4.95,0.515,0.));
#5222 = LINE('',#5223,#5224);
#5223 = CARTESIAN_POINT('',(-4.95,0.7575,0.));
#5224 = VECTOR('',#5225,1.);
#5225 = DIRECTION('',(0.,-1.,0.));
#5226 = ORIENTED_EDGE('',*,*,#5227,.F.);
#5227 = EDGE_CURVE('',#5228,#5220,#5230,.T.);
#5228 = VERTEX_POINT('',#5229);
#5229 = CARTESIAN_POINT('',(-4.6,0.515,0.));
#5230 = CIRCLE('',#5231,0.175);
#5231 = AXIS2_PLACEMENT_3D('',#5232,#5233,#5234);
#5232 = CARTESIAN_POINT('',(-4.775,0.515,0.));
#5233 = DIRECTION('',(-0.,0.,-1.));
#5234 = DIRECTION('',(-1.,-2.537652627715E-15,0.));
#5235 = ORIENTED_EDGE('',*,*,#5236,.T.);
#5236 = EDGE_CURVE('',#5228,#5211,#5237,.T.);
#5237 = LINE('',#5238,#5239);
#5238 = CARTESIAN_POINT('',(-4.6,0.2575,0.));
#5239 = VECTOR('',#5240,1.);
#5240 = DIRECTION('',(0.,1.,-0.));
#5241 = PLANE('',#5242);
#5242 = AXIS2_PLACEMENT_3D('',#5243,#5244,#5245);
#5243 = CARTESIAN_POINT('',(0.,0.,0.));
#5244 = DIRECTION('',(-0.,-0.,-1.));
#5245 = DIRECTION('',(-1.,0.,0.));
#5246 = ADVANCED_FACE('',(#5247,#5258),#5294,.T.);
#5247 = FACE_BOUND('',#5248,.T.);
#5248 = EDGE_LOOP('',(#5249,#5250,#5251,#5257));
#5249 = ORIENTED_EDGE('',*,*,#5105,.T.);
#5250 = ORIENTED_EDGE('',*,*,#5167,.T.);
#5251 = ORIENTED_EDGE('',*,*,#5252,.T.);
#5252 = EDGE_CURVE('',#5168,#5138,#5253,.T.);
#5253 = LINE('',#5254,#5255);
#5254 = CARTESIAN_POINT('',(-3.975,2.315,-4.E-02));
#5255 = VECTOR('',#5256,1.);
#5256 = DIRECTION('',(0.,-1.,0.));
#5257 = ORIENTED_EDGE('',*,*,#5145,.T.);
#5258 = FACE_BOUND('',#5259,.T.);
#5259 = EDGE_LOOP('',(#5260,#5271,#5279,#5288));
#5260 = ORIENTED_EDGE('',*,*,#5261,.F.);
#5261 = EDGE_CURVE('',#5262,#5264,#5266,.T.);
#5262 = VERTEX_POINT('',#5263);
#5263 = CARTESIAN_POINT('',(-4.95,1.515,-4.E-02));
#5264 = VERTEX_POINT('',#5265);
#5265 = CARTESIAN_POINT('',(-4.6,1.515,-4.E-02));
#5266 = CIRCLE('',#5267,0.175);
#5267 = AXIS2_PLACEMENT_3D('',#5268,#5269,#5270);
#5268 = CARTESIAN_POINT('',(-4.775,1.515,-4.E-02));
#5269 = DIRECTION('',(0.,-0.,-1.));
#5270 = DIRECTION('',(1.,1.268826313857E-15,-0.));
#5271 = ORIENTED_EDGE('',*,*,#5272,.T.);
#5272 = EDGE_CURVE('',#5262,#5273,#5275,.T.);
#5273 = VERTEX_POINT('',#5274);
#5274 = CARTESIAN_POINT('',(-4.95,0.515,-4.E-02));
#5275 = LINE('',#5276,#5277);
#5276 = CARTESIAN_POINT('',(-4.95,0.7575,-4.E-02));
#5277 = VECTOR('',#5278,1.);
#5278 = DIRECTION('',(0.,-1.,0.));
#5279 = ORIENTED_EDGE('',*,*,#5280,.F.);
#5280 = EDGE_CURVE('',#5281,#5273,#5283,.T.);
#5281 = VERTEX_POINT('',#5282);
#5282 = CARTESIAN_POINT('',(-4.6,0.515,-4.E-02));
#5283 = CIRCLE('',#5284,0.175);
#5284 = AXIS2_PLACEMENT_3D('',#5285,#5286,#5287);
#5285 = CARTESIAN_POINT('',(-4.775,0.515,-4.E-02));
#5286 = DIRECTION('',(-0.,0.,-1.));
#5287 = DIRECTION('',(-1.,-2.537652627715E-15,0.));
#5288 = ORIENTED_EDGE('',*,*,#5289,.T.);
#5289 = EDGE_CURVE('',#5281,#5264,#5290,.T.);
#5290 = LINE('',#5291,#5292);
#5291 = CARTESIAN_POINT('',(-4.6,0.2575,-4.E-02));
#5292 = VECTOR('',#5293,1.);
#5293 = DIRECTION('',(0.,1.,-0.));
#5294 = PLANE('',#5295);
#5295 = AXIS2_PLACEMENT_3D('',#5296,#5297,#5298);
#5296 = CARTESIAN_POINT('',(0.,0.,-4.E-02));
#5297 = DIRECTION('',(-0.,-0.,-1.));
#5298 = DIRECTION('',(-1.,0.,0.));
#5299 = ADVANCED_FACE('',(#5300),#5306,.F.);
#5300 = FACE_BOUND('',#5301,.F.);
#5301 = EDGE_LOOP('',(#5302,#5303,#5304,#5305));
#5302 = ORIENTED_EDGE('',*,*,#5175,.T.);
#5303 = ORIENTED_EDGE('',*,*,#5252,.T.);
#5304 = ORIENTED_EDGE('',*,*,#5135,.F.);
#5305 = ORIENTED_EDGE('',*,*,#5199,.F.);
#5306 = PLANE('',#5307);
#5307 = AXIS2_PLACEMENT_3D('',#5308,#5309,#5310);
#5308 = CARTESIAN_POINT('',(-3.975,2.315,0.));
#5309 = DIRECTION('',(-1.,-0.,-0.));
#5310 = DIRECTION('',(0.,-1.,0.));
#5311 = ADVANCED_FACE('',(#5312),#5328,.F.);
#5312 = FACE_BOUND('',#5313,.T.);
#5313 = EDGE_LOOP('',(#5314,#5315,#5321,#5322));
#5314 = ORIENTED_EDGE('',*,*,#5261,.T.);
#5315 = ORIENTED_EDGE('',*,*,#5316,.T.);
#5316 = EDGE_CURVE('',#5264,#5211,#5317,.T.);
#5317 = LINE('',#5318,#5319);
#5318 = CARTESIAN_POINT('',(-4.6,1.515,-4.6E-02));
#5319 = VECTOR('',#5320,1.);
#5320 = DIRECTION('',(0.,0.,1.));
#5321 = ORIENTED_EDGE('',*,*,#5208,.F.);
#5322 = ORIENTED_EDGE('',*,*,#5323,.F.);
#5323 = EDGE_CURVE('',#5262,#5209,#5324,.T.);
#5324 = LINE('',#5325,#5326);
#5325 = CARTESIAN_POINT('',(-4.95,1.515,-4.6E-02));
#5326 = VECTOR('',#5327,1.);
#5327 = DIRECTION('',(0.,0.,1.));
#5328 = CYLINDRICAL_SURFACE('',#5329,0.175);
#5329 = AXIS2_PLACEMENT_3D('',#5330,#5331,#5332);
#5330 = CARTESIAN_POINT('',(-4.775,1.515,-4.6E-02));
#5331 = DIRECTION('',(-0.,-0.,-1.));
#5332 = DIRECTION('',(1.,1.268826313857E-15,-0.));
#5333 = ADVANCED_FACE('',(#5334),#5345,.T.);
#5334 = FACE_BOUND('',#5335,.T.);
#5335 = EDGE_LOOP('',(#5336,#5337,#5343,#5344));
#5336 = ORIENTED_EDGE('',*,*,#5289,.F.);
#5337 = ORIENTED_EDGE('',*,*,#5338,.T.);
#5338 = EDGE_CURVE('',#5281,#5228,#5339,.T.);
#5339 = LINE('',#5340,#5341);
#5340 = CARTESIAN_POINT('',(-4.6,0.515,-4.6E-02));
#5341 = VECTOR('',#5342,1.);
#5342 = DIRECTION('',(0.,0.,1.));
#5343 = ORIENTED_EDGE('',*,*,#5236,.T.);
#5344 = ORIENTED_EDGE('',*,*,#5316,.F.);
#5345 = PLANE('',#5346);
#5346 = AXIS2_PLACEMENT_3D('',#5347,#5348,#5349);
#5347 = CARTESIAN_POINT('',(-4.6,0.515,-4.6E-02));
#5348 = DIRECTION('',(-1.,0.,0.));
#5349 = DIRECTION('',(0.,1.,0.));
#5350 = ADVANCED_FACE('',(#5351),#5362,.F.);
#5351 = FACE_BOUND('',#5352,.T.);
#5352 = EDGE_LOOP('',(#5353,#5354,#5360,#5361));
#5353 = ORIENTED_EDGE('',*,*,#5280,.T.);
#5354 = ORIENTED_EDGE('',*,*,#5355,.T.);
#5355 = EDGE_CURVE('',#5273,#5220,#5356,.T.);
#5356 = LINE('',#5357,#5358);
#5357 = CARTESIAN_POINT('',(-4.95,0.515,-4.6E-02));
#5358 = VECTOR('',#5359,1.);
#5359 = DIRECTION('',(0.,0.,1.));
#5360 = ORIENTED_EDGE('',*,*,#5227,.F.);
#5361 = ORIENTED_EDGE('',*,*,#5338,.F.);
#5362 = CYLINDRICAL_SURFACE('',#5363,0.175);
#5363 = AXIS2_PLACEMENT_3D('',#5364,#5365,#5366);
#5364 = CARTESIAN_POINT('',(-4.775,0.515,-4.6E-02));
#5365 = DIRECTION('',(-0.,-0.,-1.));
#5366 = DIRECTION('',(-1.,-2.537652627715E-15,0.));
#5367 = ADVANCED_FACE('',(#5368),#5374,.T.);
#5368 = FACE_BOUND('',#5369,.T.);
#5369 = EDGE_LOOP('',(#5370,#5371,#5372,#5373));
#5370 = ORIENTED_EDGE('',*,*,#5272,.F.);
#5371 = ORIENTED_EDGE('',*,*,#5323,.T.);
#5372 = ORIENTED_EDGE('',*,*,#5219,.T.);
#5373 = ORIENTED_EDGE('',*,*,#5355,.F.);
#5374 = PLANE('',#5375);
#5375 = AXIS2_PLACEMENT_3D('',#5376,#5377,#5378);
#5376 = CARTESIAN_POINT('',(-4.95,1.515,-4.6E-02));
#5377 = DIRECTION('',(1.,0.,-0.));
#5378 = DIRECTION('',(0.,-1.,0.));
#5379 = MANIFOLD_SOLID_BREP('',#5380);
#5380 = CLOSED_SHELL('',(#5381,#5421,#5454,#5487,#5540,#5593,#5605,#5627
    ,#5644,#5661));
#5381 = ADVANCED_FACE('',(#5382),#5416,.F.);
#5382 = FACE_BOUND('',#5383,.F.);
#5383 = EDGE_LOOP('',(#5384,#5394,#5402,#5410));
#5384 = ORIENTED_EDGE('',*,*,#5385,.T.);
#5385 = EDGE_CURVE('',#5386,#5388,#5390,.T.);
#5386 = VERTEX_POINT('',#5387);
#5387 = CARTESIAN_POINT('',(-4.975,1.515,-4.E-02));
#5388 = VERTEX_POINT('',#5389);
#5389 = CARTESIAN_POINT('',(-4.975,1.515,0.95));
#5390 = LINE('',#5391,#5392);
#5391 = CARTESIAN_POINT('',(-4.975,1.515,-4.E-02));
#5392 = VECTOR('',#5393,1.);
#5393 = DIRECTION('',(0.,0.,1.));
#5394 = ORIENTED_EDGE('',*,*,#5395,.T.);
#5395 = EDGE_CURVE('',#5388,#5396,#5398,.T.);
#5396 = VERTEX_POINT('',#5397);
#5397 = CARTESIAN_POINT('',(-4.975,0.515,0.95));
#5398 = LINE('',#5399,#5400);
#5399 = CARTESIAN_POINT('',(-4.975,1.515,0.95));
#5400 = VECTOR('',#5401,1.);
#5401 = DIRECTION('',(0.,-1.,0.));
#5402 = ORIENTED_EDGE('',*,*,#5403,.F.);
#5403 = EDGE_CURVE('',#5404,#5396,#5406,.T.);
#5404 = VERTEX_POINT('',#5405);
#5405 = CARTESIAN_POINT('',(-4.975,0.515,-4.E-02));
#5406 = LINE('',#5407,#5408);
#5407 = CARTESIAN_POINT('',(-4.975,0.515,-4.E-02));
#5408 = VECTOR('',#5409,1.);
#5409 = DIRECTION('',(0.,0.,1.));
#5410 = ORIENTED_EDGE('',*,*,#5411,.F.);
#5411 = EDGE_CURVE('',#5386,#5404,#5412,.T.);
#5412 = LINE('',#5413,#5414);
#5413 = CARTESIAN_POINT('',(-4.975,1.515,-4.E-02));
#5414 = VECTOR('',#5415,1.);
#5415 = DIRECTION('',(0.,-1.,0.));
#5416 = PLANE('',#5417);
#5417 = AXIS2_PLACEMENT_3D('',#5418,#5419,#5420);
#5418 = CARTESIAN_POINT('',(-4.975,1.515,-4.E-02));
#5419 = DIRECTION('',(1.,0.,-0.));
#5420 = DIRECTION('',(0.,-1.,0.));
#5421 = ADVANCED_FACE('',(#5422),#5449,.T.);
#5422 = FACE_BOUND('',#5423,.F.);
#5423 = EDGE_LOOP('',(#5424,#5434,#5441,#5442));
#5424 = ORIENTED_EDGE('',*,*,#5425,.T.);
#5425 = EDGE_CURVE('',#5426,#5428,#5430,.T.);
#5426 = VERTEX_POINT('',#5427);
#5427 = CARTESIAN_POINT('',(-4.575,1.515,-4.E-02));
#5428 = VERTEX_POINT('',#5429);
#5429 = CARTESIAN_POINT('',(-4.575,1.515,0.95));
#5430 = LINE('',#5431,#5432);
#5431 = CARTESIAN_POINT('',(-4.575,1.515,-4.E-02));
#5432 = VECTOR('',#5433,1.);
#5433 = DIRECTION('',(0.,0.,1.));
#5434 = ORIENTED_EDGE('',*,*,#5435,.T.);
#5435 = EDGE_CURVE('',#5428,#5388,#5436,.T.);
#5436 = CIRCLE('',#5437,0.2);
#5437 = AXIS2_PLACEMENT_3D('',#5438,#5439,#5440);
#5438 = CARTESIAN_POINT('',(-4.775,1.515,0.95));
#5439 = DIRECTION('',(0.,0.,1.));
#5440 = DIRECTION('',(1.,-3.330669073875E-15,0.));
#5441 = ORIENTED_EDGE('',*,*,#5385,.F.);
#5442 = ORIENTED_EDGE('',*,*,#5443,.F.);
#5443 = EDGE_CURVE('',#5426,#5386,#5444,.T.);
#5444 = CIRCLE('',#5445,0.2);
#5445 = AXIS2_PLACEMENT_3D('',#5446,#5447,#5448);
#5446 = CARTESIAN_POINT('',(-4.775,1.515,-4.E-02));
#5447 = DIRECTION('',(0.,0.,1.));
#5448 = DIRECTION('',(1.,-3.330669073875E-15,0.));
#5449 = CYLINDRICAL_SURFACE('',#5450,0.2);
#5450 = AXIS2_PLACEMENT_3D('',#5451,#5452,#5453);
#5451 = CARTESIAN_POINT('',(-4.775,1.515,-4.E-02));
#5452 = DIRECTION('',(-0.,-0.,-1.));
#5453 = DIRECTION('',(1.,-3.330669073875E-15,0.));
#5454 = ADVANCED_FACE('',(#5455),#5482,.T.);
#5455 = FACE_BOUND('',#5456,.F.);
#5456 = EDGE_LOOP('',(#5457,#5458,#5467,#5475));
#5457 = ORIENTED_EDGE('',*,*,#5403,.T.);
#5458 = ORIENTED_EDGE('',*,*,#5459,.T.);
#5459 = EDGE_CURVE('',#5396,#5460,#5462,.T.);
#5460 = VERTEX_POINT('',#5461);
#5461 = CARTESIAN_POINT('',(-4.575,0.515,0.95));
#5462 = CIRCLE('',#5463,0.2);
#5463 = AXIS2_PLACEMENT_3D('',#5464,#5465,#5466);
#5464 = CARTESIAN_POINT('',(-4.775,0.515,0.95));
#5465 = DIRECTION('',(0.,0.,1.));
#5466 = DIRECTION('',(-1.,2.22044604925E-15,-0.));
#5467 = ORIENTED_EDGE('',*,*,#5468,.F.);
#5468 = EDGE_CURVE('',#5469,#5460,#5471,.T.);
#5469 = VERTEX_POINT('',#5470);
#5470 = CARTESIAN_POINT('',(-4.575,0.515,-4.E-02));
#5471 = LINE('',#5472,#5473);
#5472 = CARTESIAN_POINT('',(-4.575,0.515,-4.E-02));
#5473 = VECTOR('',#5474,1.);
#5474 = DIRECTION('',(0.,0.,1.));
#5475 = ORIENTED_EDGE('',*,*,#5476,.F.);
#5476 = EDGE_CURVE('',#5404,#5469,#5477,.T.);
#5477 = CIRCLE('',#5478,0.2);
#5478 = AXIS2_PLACEMENT_3D('',#5479,#5480,#5481);
#5479 = CARTESIAN_POINT('',(-4.775,0.515,-4.E-02));
#5480 = DIRECTION('',(0.,0.,1.));
#5481 = DIRECTION('',(-1.,2.22044604925E-15,-0.));
#5482 = CYLINDRICAL_SURFACE('',#5483,0.2);
#5483 = AXIS2_PLACEMENT_3D('',#5484,#5485,#5486);
#5484 = CARTESIAN_POINT('',(-4.775,0.515,-4.E-02));
#5485 = DIRECTION('',(-0.,-0.,-1.));
#5486 = DIRECTION('',(-1.,2.22044604925E-15,-0.));
#5487 = ADVANCED_FACE('',(#5488,#5499),#5535,.F.);
#5488 = FACE_BOUND('',#5489,.F.);
#5489 = EDGE_LOOP('',(#5490,#5491,#5492,#5498));
#5490 = ORIENTED_EDGE('',*,*,#5411,.T.);
#5491 = ORIENTED_EDGE('',*,*,#5476,.T.);
#5492 = ORIENTED_EDGE('',*,*,#5493,.T.);
#5493 = EDGE_CURVE('',#5469,#5426,#5494,.T.);
#5494 = LINE('',#5495,#5496);
#5495 = CARTESIAN_POINT('',(-4.575,0.515,-4.E-02));
#5496 = VECTOR('',#5497,1.);
#5497 = DIRECTION('',(0.,1.,0.));
#5498 = ORIENTED_EDGE('',*,*,#5443,.T.);
#5499 = FACE_BOUND('',#5500,.F.);
#5500 = EDGE_LOOP('',(#5501,#5512,#5520,#5529));
#5501 = ORIENTED_EDGE('',*,*,#5502,.T.);
#5502 = EDGE_CURVE('',#5503,#5505,#5507,.T.);
#5503 = VERTEX_POINT('',#5504);
#5504 = CARTESIAN_POINT('',(-4.6,0.515,-4.E-02));
#5505 = VERTEX_POINT('',#5506);
#5506 = CARTESIAN_POINT('',(-4.95,0.515,-4.E-02));
#5507 = CIRCLE('',#5508,0.175);
#5508 = AXIS2_PLACEMENT_3D('',#5509,#5510,#5511);
#5509 = CARTESIAN_POINT('',(-4.775,0.515,-4.E-02));
#5510 = DIRECTION('',(-0.,0.,-1.));
#5511 = DIRECTION('',(-1.,-2.537652627715E-15,0.));
#5512 = ORIENTED_EDGE('',*,*,#5513,.T.);
#5513 = EDGE_CURVE('',#5505,#5514,#5516,.T.);
#5514 = VERTEX_POINT('',#5515);
#5515 = CARTESIAN_POINT('',(-4.95,1.515,-4.E-02));
#5516 = LINE('',#5517,#5518);
#5517 = CARTESIAN_POINT('',(-4.95,1.515,-4.E-02));
#5518 = VECTOR('',#5519,1.);
#5519 = DIRECTION('',(-0.,1.,0.));
#5520 = ORIENTED_EDGE('',*,*,#5521,.T.);
#5521 = EDGE_CURVE('',#5514,#5522,#5524,.T.);
#5522 = VERTEX_POINT('',#5523);
#5523 = CARTESIAN_POINT('',(-4.6,1.515,-4.E-02));
#5524 = CIRCLE('',#5525,0.175);
#5525 = AXIS2_PLACEMENT_3D('',#5526,#5527,#5528);
#5526 = CARTESIAN_POINT('',(-4.775,1.515,-4.E-02));
#5527 = DIRECTION('',(0.,-0.,-1.));
#5528 = DIRECTION('',(1.,1.268826313857E-15,-0.));
#5529 = ORIENTED_EDGE('',*,*,#5530,.T.);
#5530 = EDGE_CURVE('',#5522,#5503,#5531,.T.);
#5531 = LINE('',#5532,#5533);
#5532 = CARTESIAN_POINT('',(-4.6,1.015,-4.E-02));
#5533 = VECTOR('',#5534,1.);
#5534 = DIRECTION('',(0.,-1.,0.));
#5535 = PLANE('',#5536);
#5536 = AXIS2_PLACEMENT_3D('',#5537,#5538,#5539);
#5537 = CARTESIAN_POINT('',(-4.975,1.515,-4.E-02));
#5538 = DIRECTION('',(0.,0.,1.));
#5539 = DIRECTION('',(1.,0.,-0.));
#5540 = ADVANCED_FACE('',(#5541,#5552),#5588,.T.);
#5541 = FACE_BOUND('',#5542,.T.);
#5542 = EDGE_LOOP('',(#5543,#5544,#5545,#5551));
#5543 = ORIENTED_EDGE('',*,*,#5395,.T.);
#5544 = ORIENTED_EDGE('',*,*,#5459,.T.);
#5545 = ORIENTED_EDGE('',*,*,#5546,.T.);
#5546 = EDGE_CURVE('',#5460,#5428,#5547,.T.);
#5547 = LINE('',#5548,#5549);
#5548 = CARTESIAN_POINT('',(-4.575,0.515,0.95));
#5549 = VECTOR('',#5550,1.);
#5550 = DIRECTION('',(0.,1.,0.));
#5551 = ORIENTED_EDGE('',*,*,#5435,.T.);
#5552 = FACE_BOUND('',#5553,.T.);
#5553 = EDGE_LOOP('',(#5554,#5565,#5573,#5582));
#5554 = ORIENTED_EDGE('',*,*,#5555,.T.);
#5555 = EDGE_CURVE('',#5556,#5558,#5560,.T.);
#5556 = VERTEX_POINT('',#5557);
#5557 = CARTESIAN_POINT('',(-4.6,0.515,0.95));
#5558 = VERTEX_POINT('',#5559);
#5559 = CARTESIAN_POINT('',(-4.95,0.515,0.95));
#5560 = CIRCLE('',#5561,0.175);
#5561 = AXIS2_PLACEMENT_3D('',#5562,#5563,#5564);
#5562 = CARTESIAN_POINT('',(-4.775,0.515,0.95));
#5563 = DIRECTION('',(-0.,0.,-1.));
#5564 = DIRECTION('',(-1.,-2.537652627715E-15,0.));
#5565 = ORIENTED_EDGE('',*,*,#5566,.T.);
#5566 = EDGE_CURVE('',#5558,#5567,#5569,.T.);
#5567 = VERTEX_POINT('',#5568);
#5568 = CARTESIAN_POINT('',(-4.95,1.515,0.95));
#5569 = LINE('',#5570,#5571);
#5570 = CARTESIAN_POINT('',(-4.95,1.515,0.95));
#5571 = VECTOR('',#5572,1.);
#5572 = DIRECTION('',(-0.,1.,0.));
#5573 = ORIENTED_EDGE('',*,*,#5574,.T.);
#5574 = EDGE_CURVE('',#5567,#5575,#5577,.T.);
#5575 = VERTEX_POINT('',#5576);
#5576 = CARTESIAN_POINT('',(-4.6,1.515,0.95));
#5577 = CIRCLE('',#5578,0.175);
#5578 = AXIS2_PLACEMENT_3D('',#5579,#5580,#5581);
#5579 = CARTESIAN_POINT('',(-4.775,1.515,0.95));
#5580 = DIRECTION('',(0.,-0.,-1.));
#5581 = DIRECTION('',(1.,1.268826313857E-15,-0.));
#5582 = ORIENTED_EDGE('',*,*,#5583,.T.);
#5583 = EDGE_CURVE('',#5575,#5556,#5584,.T.);
#5584 = LINE('',#5585,#5586);
#5585 = CARTESIAN_POINT('',(-4.6,1.015,0.95));
#5586 = VECTOR('',#5587,1.);
#5587 = DIRECTION('',(0.,-1.,0.));
#5588 = PLANE('',#5589);
#5589 = AXIS2_PLACEMENT_3D('',#5590,#5591,#5592);
#5590 = CARTESIAN_POINT('',(-4.975,1.515,0.95));
#5591 = DIRECTION('',(0.,0.,1.));
#5592 = DIRECTION('',(1.,0.,-0.));
#5593 = ADVANCED_FACE('',(#5594),#5600,.F.);
#5594 = FACE_BOUND('',#5595,.F.);
#5595 = EDGE_LOOP('',(#5596,#5597,#5598,#5599));
#5596 = ORIENTED_EDGE('',*,*,#5468,.T.);
#5597 = ORIENTED_EDGE('',*,*,#5546,.T.);
#5598 = ORIENTED_EDGE('',*,*,#5425,.F.);
#5599 = ORIENTED_EDGE('',*,*,#5493,.F.);
#5600 = PLANE('',#5601);
#5601 = AXIS2_PLACEMENT_3D('',#5602,#5603,#5604);
#5602 = CARTESIAN_POINT('',(-4.575,0.515,-4.E-02));
#5603 = DIRECTION('',(-1.,0.,0.));
#5604 = DIRECTION('',(0.,1.,0.));
#5605 = ADVANCED_FACE('',(#5606),#5622,.F.);
#5606 = FACE_BOUND('',#5607,.T.);
#5607 = EDGE_LOOP('',(#5608,#5609,#5615,#5616));
#5608 = ORIENTED_EDGE('',*,*,#5502,.T.);
#5609 = ORIENTED_EDGE('',*,*,#5610,.T.);
#5610 = EDGE_CURVE('',#5505,#5558,#5611,.T.);
#5611 = LINE('',#5612,#5613);
#5612 = CARTESIAN_POINT('',(-4.95,0.515,-4.6E-02));
#5613 = VECTOR('',#5614,1.);
#5614 = DIRECTION('',(0.,0.,1.));
#5615 = ORIENTED_EDGE('',*,*,#5555,.F.);
#5616 = ORIENTED_EDGE('',*,*,#5617,.F.);
#5617 = EDGE_CURVE('',#5503,#5556,#5618,.T.);
#5618 = LINE('',#5619,#5620);
#5619 = CARTESIAN_POINT('',(-4.6,0.515,-4.6E-02));
#5620 = VECTOR('',#5621,1.);
#5621 = DIRECTION('',(0.,0.,1.));
#5622 = CYLINDRICAL_SURFACE('',#5623,0.175);
#5623 = AXIS2_PLACEMENT_3D('',#5624,#5625,#5626);
#5624 = CARTESIAN_POINT('',(-4.775,0.515,-4.6E-02));
#5625 = DIRECTION('',(-0.,-0.,-1.));
#5626 = DIRECTION('',(-1.,-2.537652627715E-15,0.));
#5627 = ADVANCED_FACE('',(#5628),#5639,.T.);
#5628 = FACE_BOUND('',#5629,.T.);
#5629 = EDGE_LOOP('',(#5630,#5631,#5632,#5633));
#5630 = ORIENTED_EDGE('',*,*,#5530,.T.);
#5631 = ORIENTED_EDGE('',*,*,#5617,.T.);
#5632 = ORIENTED_EDGE('',*,*,#5583,.F.);
#5633 = ORIENTED_EDGE('',*,*,#5634,.F.);
#5634 = EDGE_CURVE('',#5522,#5575,#5635,.T.);
#5635 = LINE('',#5636,#5637);
#5636 = CARTESIAN_POINT('',(-4.6,1.515,-4.6E-02));
#5637 = VECTOR('',#5638,1.);
#5638 = DIRECTION('',(0.,0.,1.));
#5639 = PLANE('',#5640);
#5640 = AXIS2_PLACEMENT_3D('',#5641,#5642,#5643);
#5641 = CARTESIAN_POINT('',(-4.6,0.515,-4.6E-02));
#5642 = DIRECTION('',(-1.,0.,0.));
#5643 = DIRECTION('',(0.,1.,0.));
#5644 = ADVANCED_FACE('',(#5645),#5656,.F.);
#5645 = FACE_BOUND('',#5646,.T.);
#5646 = EDGE_LOOP('',(#5647,#5648,#5649,#5650));
#5647 = ORIENTED_EDGE('',*,*,#5521,.T.);
#5648 = ORIENTED_EDGE('',*,*,#5634,.T.);
#5649 = ORIENTED_EDGE('',*,*,#5574,.F.);
#5650 = ORIENTED_EDGE('',*,*,#5651,.F.);
#5651 = EDGE_CURVE('',#5514,#5567,#5652,.T.);
#5652 = LINE('',#5653,#5654);
#5653 = CARTESIAN_POINT('',(-4.95,1.515,-4.6E-02));
#5654 = VECTOR('',#5655,1.);
#5655 = DIRECTION('',(0.,0.,1.));
#5656 = CYLINDRICAL_SURFACE('',#5657,0.175);
#5657 = AXIS2_PLACEMENT_3D('',#5658,#5659,#5660);
#5658 = CARTESIAN_POINT('',(-4.775,1.515,-4.6E-02));
#5659 = DIRECTION('',(-0.,-0.,-1.));
#5660 = DIRECTION('',(1.,1.268826313857E-15,-0.));
#5661 = ADVANCED_FACE('',(#5662),#5668,.T.);
#5662 = FACE_BOUND('',#5663,.T.);
#5663 = EDGE_LOOP('',(#5664,#5665,#5666,#5667));
#5664 = ORIENTED_EDGE('',*,*,#5513,.T.);
#5665 = ORIENTED_EDGE('',*,*,#5651,.T.);
#5666 = ORIENTED_EDGE('',*,*,#5566,.F.);
#5667 = ORIENTED_EDGE('',*,*,#5610,.F.);
#5668 = PLANE('',#5669);
#5669 = AXIS2_PLACEMENT_3D('',#5670,#5671,#5672);
#5670 = CARTESIAN_POINT('',(-4.95,1.515,-4.6E-02));
#5671 = DIRECTION('',(1.,0.,-0.));
#5672 = DIRECTION('',(0.,-1.,0.));
#5673 = MANIFOLD_SOLID_BREP('',#5674);
#5674 = CLOSED_SHELL('',(#5675,#5715,#5746,#5777,#5830,#5883,#5895,#5917
    ,#5934,#5951));
#5675 = ADVANCED_FACE('',(#5676),#5710,.T.);
#5676 = FACE_BOUND('',#5677,.T.);
#5677 = EDGE_LOOP('',(#5678,#5688,#5696,#5704));
#5678 = ORIENTED_EDGE('',*,*,#5679,.T.);
#5679 = EDGE_CURVE('',#5680,#5682,#5684,.T.);
#5680 = VERTEX_POINT('',#5681);
#5681 = CARTESIAN_POINT('',(-5.575,-6.685,0.91));
#5682 = VERTEX_POINT('',#5683);
#5683 = CARTESIAN_POINT('',(-5.575,-6.685,0.95));
#5684 = LINE('',#5685,#5686);
#5685 = CARTESIAN_POINT('',(-5.575,-6.685,0.91));
#5686 = VECTOR('',#5687,1.);
#5687 = DIRECTION('',(0.,0.,1.));
#5688 = ORIENTED_EDGE('',*,*,#5689,.T.);
#5689 = EDGE_CURVE('',#5682,#5690,#5692,.T.);
#5690 = VERTEX_POINT('',#5691);
#5691 = CARTESIAN_POINT('',(-5.575,-4.085,0.95));
#5692 = LINE('',#5693,#5694);
#5693 = CARTESIAN_POINT('',(-5.575,-6.685,0.95));
#5694 = VECTOR('',#5695,1.);
#5695 = DIRECTION('',(0.,1.,0.));
#5696 = ORIENTED_EDGE('',*,*,#5697,.F.);
#5697 = EDGE_CURVE('',#5698,#5690,#5700,.T.);
#5698 = VERTEX_POINT('',#5699);
#5699 = CARTESIAN_POINT('',(-5.575,-4.085,0.91));
#5700 = LINE('',#5701,#5702);
#5701 = CARTESIAN_POINT('',(-5.575,-4.085,0.91));
#5702 = VECTOR('',#5703,1.);
#5703 = DIRECTION('',(0.,0.,1.));
#5704 = ORIENTED_EDGE('',*,*,#5705,.F.);
#5705 = EDGE_CURVE('',#5680,#5698,#5706,.T.);
#5706 = LINE('',#5707,#5708);
#5707 = CARTESIAN_POINT('',(-5.575,-6.685,0.91));
#5708 = VECTOR('',#5709,1.);
#5709 = DIRECTION('',(0.,1.,0.));
#5710 = PLANE('',#5711);
#5711 = AXIS2_PLACEMENT_3D('',#5712,#5713,#5714);
#5712 = CARTESIAN_POINT('',(-5.575,-6.685,0.91));
#5713 = DIRECTION('',(-1.,0.,0.));
#5714 = DIRECTION('',(0.,1.,0.));
#5715 = ADVANCED_FACE('',(#5716),#5741,.T.);
#5716 = FACE_BOUND('',#5717,.T.);
#5717 = EDGE_LOOP('',(#5718,#5728,#5734,#5735));
#5718 = ORIENTED_EDGE('',*,*,#5719,.T.);
#5719 = EDGE_CURVE('',#5720,#5722,#5724,.T.);
#5720 = VERTEX_POINT('',#5721);
#5721 = CARTESIAN_POINT('',(-3.975,-6.685,0.91));
#5722 = VERTEX_POINT('',#5723);
#5723 = CARTESIAN_POINT('',(-3.975,-6.685,0.95));
#5724 = LINE('',#5725,#5726);
#5725 = CARTESIAN_POINT('',(-3.975,-6.685,0.91));
#5726 = VECTOR('',#5727,1.);
#5727 = DIRECTION('',(0.,0.,1.));
#5728 = ORIENTED_EDGE('',*,*,#5729,.T.);
#5729 = EDGE_CURVE('',#5722,#5682,#5730,.T.);
#5730 = LINE('',#5731,#5732);
#5731 = CARTESIAN_POINT('',(-3.975,-6.685,0.95));
#5732 = VECTOR('',#5733,1.);
#5733 = DIRECTION('',(-1.,0.,0.));
#5734 = ORIENTED_EDGE('',*,*,#5679,.F.);
#5735 = ORIENTED_EDGE('',*,*,#5736,.F.);
#5736 = EDGE_CURVE('',#5720,#5680,#5737,.T.);
#5737 = LINE('',#5738,#5739);
#5738 = CARTESIAN_POINT('',(-3.975,-6.685,0.91));
#5739 = VECTOR('',#5740,1.);
#5740 = DIRECTION('',(-1.,0.,0.));
#5741 = PLANE('',#5742);
#5742 = AXIS2_PLACEMENT_3D('',#5743,#5744,#5745);
#5743 = CARTESIAN_POINT('',(-3.975,-6.685,0.91));
#5744 = DIRECTION('',(0.,-1.,0.));
#5745 = DIRECTION('',(-1.,0.,0.));
#5746 = ADVANCED_FACE('',(#5747),#5772,.T.);
#5747 = FACE_BOUND('',#5748,.T.);
#5748 = EDGE_LOOP('',(#5749,#5750,#5758,#5766));
#5749 = ORIENTED_EDGE('',*,*,#5697,.T.);
#5750 = ORIENTED_EDGE('',*,*,#5751,.T.);
#5751 = EDGE_CURVE('',#5690,#5752,#5754,.T.);
#5752 = VERTEX_POINT('',#5753);
#5753 = CARTESIAN_POINT('',(-3.975,-4.085,0.95));
#5754 = LINE('',#5755,#5756);
#5755 = CARTESIAN_POINT('',(-5.575,-4.085,0.95));
#5756 = VECTOR('',#5757,1.);
#5757 = DIRECTION('',(1.,0.,0.));
#5758 = ORIENTED_EDGE('',*,*,#5759,.F.);
#5759 = EDGE_CURVE('',#5760,#5752,#5762,.T.);
#5760 = VERTEX_POINT('',#5761);
#5761 = CARTESIAN_POINT('',(-3.975,-4.085,0.91));
#5762 = LINE('',#5763,#5764);
#5763 = CARTESIAN_POINT('',(-3.975,-4.085,0.91));
#5764 = VECTOR('',#5765,1.);
#5765 = DIRECTION('',(0.,0.,1.));
#5766 = ORIENTED_EDGE('',*,*,#5767,.F.);
#5767 = EDGE_CURVE('',#5698,#5760,#5768,.T.);
#5768 = LINE('',#5769,#5770);
#5769 = CARTESIAN_POINT('',(-5.575,-4.085,0.91));
#5770 = VECTOR('',#5771,1.);
#5771 = DIRECTION('',(1.,0.,0.));
#5772 = PLANE('',#5773);
#5773 = AXIS2_PLACEMENT_3D('',#5774,#5775,#5776);
#5774 = CARTESIAN_POINT('',(-5.575,-4.085,0.91));
#5775 = DIRECTION('',(0.,1.,0.));
#5776 = DIRECTION('',(1.,0.,0.));
#5777 = ADVANCED_FACE('',(#5778,#5789),#5825,.F.);
#5778 = FACE_BOUND('',#5779,.F.);
#5779 = EDGE_LOOP('',(#5780,#5781,#5782,#5788));
#5780 = ORIENTED_EDGE('',*,*,#5705,.F.);
#5781 = ORIENTED_EDGE('',*,*,#5736,.F.);
#5782 = ORIENTED_EDGE('',*,*,#5783,.F.);
#5783 = EDGE_CURVE('',#5760,#5720,#5784,.T.);
#5784 = LINE('',#5785,#5786);
#5785 = CARTESIAN_POINT('',(-3.975,-4.085,0.91));
#5786 = VECTOR('',#5787,1.);
#5787 = DIRECTION('',(0.,-1.,0.));
#5788 = ORIENTED_EDGE('',*,*,#5767,.F.);
#5789 = FACE_BOUND('',#5790,.F.);
#5790 = EDGE_LOOP('',(#5791,#5802,#5810,#5819));
#5791 = ORIENTED_EDGE('',*,*,#5792,.T.);
#5792 = EDGE_CURVE('',#5793,#5795,#5797,.T.);
#5793 = VERTEX_POINT('',#5794);
#5794 = CARTESIAN_POINT('',(-4.6,-5.885,0.91));
#5795 = VERTEX_POINT('',#5796);
#5796 = CARTESIAN_POINT('',(-4.95,-5.885,0.91));
#5797 = CIRCLE('',#5798,0.175);
#5798 = AXIS2_PLACEMENT_3D('',#5799,#5800,#5801);
#5799 = CARTESIAN_POINT('',(-4.775,-5.885,0.91));
#5800 = DIRECTION('',(-0.,0.,-1.));
#5801 = DIRECTION('',(-1.,0.,0.));
#5802 = ORIENTED_EDGE('',*,*,#5803,.T.);
#5803 = EDGE_CURVE('',#5795,#5804,#5806,.T.);
#5804 = VERTEX_POINT('',#5805);
#5805 = CARTESIAN_POINT('',(-4.95,-4.885,0.91));
#5806 = LINE('',#5807,#5808);
#5807 = CARTESIAN_POINT('',(-4.95,-2.4425,0.91));
#5808 = VECTOR('',#5809,1.);
#5809 = DIRECTION('',(-0.,1.,0.));
#5810 = ORIENTED_EDGE('',*,*,#5811,.T.);
#5811 = EDGE_CURVE('',#5804,#5812,#5814,.T.);
#5812 = VERTEX_POINT('',#5813);
#5813 = CARTESIAN_POINT('',(-4.6,-4.885,0.91));
#5814 = CIRCLE('',#5815,0.175);
#5815 = AXIS2_PLACEMENT_3D('',#5816,#5817,#5818);
#5816 = CARTESIAN_POINT('',(-4.775,-4.885,0.91));
#5817 = DIRECTION('',(0.,-0.,-1.));
#5818 = DIRECTION('',(1.,0.,-0.));
#5819 = ORIENTED_EDGE('',*,*,#5820,.T.);
#5820 = EDGE_CURVE('',#5812,#5793,#5821,.T.);
#5821 = LINE('',#5822,#5823);
#5822 = CARTESIAN_POINT('',(-4.6,-2.9425,0.91));
#5823 = VECTOR('',#5824,1.);
#5824 = DIRECTION('',(0.,-1.,0.));
#5825 = PLANE('',#5826);
#5826 = AXIS2_PLACEMENT_3D('',#5827,#5828,#5829);
#5827 = CARTESIAN_POINT('',(0.,0.,0.91));
#5828 = DIRECTION('',(0.,0.,1.));
#5829 = DIRECTION('',(1.,0.,-0.));
#5830 = ADVANCED_FACE('',(#5831,#5842),#5878,.T.);
#5831 = FACE_BOUND('',#5832,.T.);
#5832 = EDGE_LOOP('',(#5833,#5834,#5835,#5841));
#5833 = ORIENTED_EDGE('',*,*,#5689,.F.);
#5834 = ORIENTED_EDGE('',*,*,#5729,.F.);
#5835 = ORIENTED_EDGE('',*,*,#5836,.F.);
#5836 = EDGE_CURVE('',#5752,#5722,#5837,.T.);
#5837 = LINE('',#5838,#5839);
#5838 = CARTESIAN_POINT('',(-3.975,-4.085,0.95));
#5839 = VECTOR('',#5840,1.);
#5840 = DIRECTION('',(0.,-1.,0.));
#5841 = ORIENTED_EDGE('',*,*,#5751,.F.);
#5842 = FACE_BOUND('',#5843,.T.);
#5843 = EDGE_LOOP('',(#5844,#5855,#5863,#5872));
#5844 = ORIENTED_EDGE('',*,*,#5845,.T.);
#5845 = EDGE_CURVE('',#5846,#5848,#5850,.T.);
#5846 = VERTEX_POINT('',#5847);
#5847 = CARTESIAN_POINT('',(-4.6,-5.885,0.95));
#5848 = VERTEX_POINT('',#5849);
#5849 = CARTESIAN_POINT('',(-4.95,-5.885,0.95));
#5850 = CIRCLE('',#5851,0.175);
#5851 = AXIS2_PLACEMENT_3D('',#5852,#5853,#5854);
#5852 = CARTESIAN_POINT('',(-4.775,-5.885,0.95));
#5853 = DIRECTION('',(-0.,0.,-1.));
#5854 = DIRECTION('',(-1.,0.,0.));
#5855 = ORIENTED_EDGE('',*,*,#5856,.T.);
#5856 = EDGE_CURVE('',#5848,#5857,#5859,.T.);
#5857 = VERTEX_POINT('',#5858);
#5858 = CARTESIAN_POINT('',(-4.95,-4.885,0.95));
#5859 = LINE('',#5860,#5861);
#5860 = CARTESIAN_POINT('',(-4.95,-2.4425,0.95));
#5861 = VECTOR('',#5862,1.);
#5862 = DIRECTION('',(-0.,1.,0.));
#5863 = ORIENTED_EDGE('',*,*,#5864,.T.);
#5864 = EDGE_CURVE('',#5857,#5865,#5867,.T.);
#5865 = VERTEX_POINT('',#5866);
#5866 = CARTESIAN_POINT('',(-4.6,-4.885,0.95));
#5867 = CIRCLE('',#5868,0.175);
#5868 = AXIS2_PLACEMENT_3D('',#5869,#5870,#5871);
#5869 = CARTESIAN_POINT('',(-4.775,-4.885,0.95));
#5870 = DIRECTION('',(0.,-0.,-1.));
#5871 = DIRECTION('',(1.,0.,-0.));
#5872 = ORIENTED_EDGE('',*,*,#5873,.T.);
#5873 = EDGE_CURVE('',#5865,#5846,#5874,.T.);
#5874 = LINE('',#5875,#5876);
#5875 = CARTESIAN_POINT('',(-4.6,-2.9425,0.95));
#5876 = VECTOR('',#5877,1.);
#5877 = DIRECTION('',(0.,-1.,0.));
#5878 = PLANE('',#5879);
#5879 = AXIS2_PLACEMENT_3D('',#5880,#5881,#5882);
#5880 = CARTESIAN_POINT('',(0.,0.,0.95));
#5881 = DIRECTION('',(0.,0.,1.));
#5882 = DIRECTION('',(1.,0.,-0.));
#5883 = ADVANCED_FACE('',(#5884),#5890,.T.);
#5884 = FACE_BOUND('',#5885,.T.);
#5885 = EDGE_LOOP('',(#5886,#5887,#5888,#5889));
#5886 = ORIENTED_EDGE('',*,*,#5759,.T.);
#5887 = ORIENTED_EDGE('',*,*,#5836,.T.);
#5888 = ORIENTED_EDGE('',*,*,#5719,.F.);
#5889 = ORIENTED_EDGE('',*,*,#5783,.F.);
#5890 = PLANE('',#5891);
#5891 = AXIS2_PLACEMENT_3D('',#5892,#5893,#5894);
#5892 = CARTESIAN_POINT('',(-3.975,-4.085,0.91));
#5893 = DIRECTION('',(1.,0.,-0.));
#5894 = DIRECTION('',(0.,-1.,0.));
#5895 = ADVANCED_FACE('',(#5896),#5912,.F.);
#5896 = FACE_BOUND('',#5897,.T.);
#5897 = EDGE_LOOP('',(#5898,#5899,#5905,#5906));
#5898 = ORIENTED_EDGE('',*,*,#5792,.T.);
#5899 = ORIENTED_EDGE('',*,*,#5900,.T.);
#5900 = EDGE_CURVE('',#5795,#5848,#5901,.T.);
#5901 = LINE('',#5902,#5903);
#5902 = CARTESIAN_POINT('',(-4.95,-5.885,-4.6E-02));
#5903 = VECTOR('',#5904,1.);
#5904 = DIRECTION('',(0.,0.,1.));
#5905 = ORIENTED_EDGE('',*,*,#5845,.F.);
#5906 = ORIENTED_EDGE('',*,*,#5907,.F.);
#5907 = EDGE_CURVE('',#5793,#5846,#5908,.T.);
#5908 = LINE('',#5909,#5910);
#5909 = CARTESIAN_POINT('',(-4.6,-5.885,-4.6E-02));
#5910 = VECTOR('',#5911,1.);
#5911 = DIRECTION('',(0.,0.,1.));
#5912 = CYLINDRICAL_SURFACE('',#5913,0.175);
#5913 = AXIS2_PLACEMENT_3D('',#5914,#5915,#5916);
#5914 = CARTESIAN_POINT('',(-4.775,-5.885,-4.6E-02));
#5915 = DIRECTION('',(-0.,-0.,-1.));
#5916 = DIRECTION('',(-1.,0.,-0.));
#5917 = ADVANCED_FACE('',(#5918),#5929,.T.);
#5918 = FACE_BOUND('',#5919,.T.);
#5919 = EDGE_LOOP('',(#5920,#5921,#5922,#5923));
#5920 = ORIENTED_EDGE('',*,*,#5820,.T.);
#5921 = ORIENTED_EDGE('',*,*,#5907,.T.);
#5922 = ORIENTED_EDGE('',*,*,#5873,.F.);
#5923 = ORIENTED_EDGE('',*,*,#5924,.F.);
#5924 = EDGE_CURVE('',#5812,#5865,#5925,.T.);
#5925 = LINE('',#5926,#5927);
#5926 = CARTESIAN_POINT('',(-4.6,-4.885,-4.6E-02));
#5927 = VECTOR('',#5928,1.);
#5928 = DIRECTION('',(0.,0.,1.));
#5929 = PLANE('',#5930);
#5930 = AXIS2_PLACEMENT_3D('',#5931,#5932,#5933);
#5931 = CARTESIAN_POINT('',(-4.6,-5.885,-4.6E-02));
#5932 = DIRECTION('',(-1.,0.,0.));
#5933 = DIRECTION('',(0.,1.,0.));
#5934 = ADVANCED_FACE('',(#5935),#5946,.F.);
#5935 = FACE_BOUND('',#5936,.T.);
#5936 = EDGE_LOOP('',(#5937,#5938,#5939,#5940));
#5937 = ORIENTED_EDGE('',*,*,#5811,.T.);
#5938 = ORIENTED_EDGE('',*,*,#5924,.T.);
#5939 = ORIENTED_EDGE('',*,*,#5864,.F.);
#5940 = ORIENTED_EDGE('',*,*,#5941,.F.);
#5941 = EDGE_CURVE('',#5804,#5857,#5942,.T.);
#5942 = LINE('',#5943,#5944);
#5943 = CARTESIAN_POINT('',(-4.95,-4.885,-4.6E-02));
#5944 = VECTOR('',#5945,1.);
#5945 = DIRECTION('',(0.,0.,1.));
#5946 = CYLINDRICAL_SURFACE('',#5947,0.175);
#5947 = AXIS2_PLACEMENT_3D('',#5948,#5949,#5950);
#5948 = CARTESIAN_POINT('',(-4.775,-4.885,-4.6E-02));
#5949 = DIRECTION('',(-0.,-0.,-1.));
#5950 = DIRECTION('',(1.,0.,-0.));
#5951 = ADVANCED_FACE('',(#5952),#5958,.T.);
#5952 = FACE_BOUND('',#5953,.T.);
#5953 = EDGE_LOOP('',(#5954,#5955,#5956,#5957));
#5954 = ORIENTED_EDGE('',*,*,#5803,.T.);
#5955 = ORIENTED_EDGE('',*,*,#5941,.T.);
#5956 = ORIENTED_EDGE('',*,*,#5856,.F.);
#5957 = ORIENTED_EDGE('',*,*,#5900,.F.);
#5958 = PLANE('',#5959);
#5959 = AXIS2_PLACEMENT_3D('',#5960,#5961,#5962);
#5960 = CARTESIAN_POINT('',(-4.95,-4.885,-4.6E-02));
#5961 = DIRECTION('',(1.,0.,-0.));
#5962 = DIRECTION('',(0.,-1.,0.));
#5963 = MANIFOLD_SOLID_BREP('',#5964);
#5964 = CLOSED_SHELL('',(#5965,#6005,#6036,#6067,#6120,#6173,#6185,#6207
    ,#6224,#6241));
#5965 = ADVANCED_FACE('',(#5966),#6000,.F.);
#5966 = FACE_BOUND('',#5967,.F.);
#5967 = EDGE_LOOP('',(#5968,#5978,#5986,#5994));
#5968 = ORIENTED_EDGE('',*,*,#5969,.T.);
#5969 = EDGE_CURVE('',#5970,#5972,#5974,.T.);
#5970 = VERTEX_POINT('',#5971);
#5971 = CARTESIAN_POINT('',(-5.575,-6.685,0.));
#5972 = VERTEX_POINT('',#5973);
#5973 = CARTESIAN_POINT('',(-5.575,-6.685,-4.E-02));
#5974 = LINE('',#5975,#5976);
#5975 = CARTESIAN_POINT('',(-5.575,-6.685,0.));
#5976 = VECTOR('',#5977,1.);
#5977 = DIRECTION('',(0.,0.,-1.));
#5978 = ORIENTED_EDGE('',*,*,#5979,.T.);
#5979 = EDGE_CURVE('',#5972,#5980,#5982,.T.);
#5980 = VERTEX_POINT('',#5981);
#5981 = CARTESIAN_POINT('',(-5.575,-4.085,-4.E-02));
#5982 = LINE('',#5983,#5984);
#5983 = CARTESIAN_POINT('',(-5.575,-6.685,-4.E-02));
#5984 = VECTOR('',#5985,1.);
#5985 = DIRECTION('',(0.,1.,0.));
#5986 = ORIENTED_EDGE('',*,*,#5987,.F.);
#5987 = EDGE_CURVE('',#5988,#5980,#5990,.T.);
#5988 = VERTEX_POINT('',#5989);
#5989 = CARTESIAN_POINT('',(-5.575,-4.085,0.));
#5990 = LINE('',#5991,#5992);
#5991 = CARTESIAN_POINT('',(-5.575,-4.085,0.));
#5992 = VECTOR('',#5993,1.);
#5993 = DIRECTION('',(0.,0.,-1.));
#5994 = ORIENTED_EDGE('',*,*,#5995,.F.);
#5995 = EDGE_CURVE('',#5970,#5988,#5996,.T.);
#5996 = LINE('',#5997,#5998);
#5997 = CARTESIAN_POINT('',(-5.575,-6.685,0.));
#5998 = VECTOR('',#5999,1.);
#5999 = DIRECTION('',(0.,1.,0.));
#6000 = PLANE('',#6001);
#6001 = AXIS2_PLACEMENT_3D('',#6002,#6003,#6004);
#6002 = CARTESIAN_POINT('',(-5.575,-6.685,0.));
#6003 = DIRECTION('',(1.,-0.,0.));
#6004 = DIRECTION('',(0.,1.,0.));
#6005 = ADVANCED_FACE('',(#6006),#6031,.F.);
#6006 = FACE_BOUND('',#6007,.F.);
#6007 = EDGE_LOOP('',(#6008,#6018,#6024,#6025));
#6008 = ORIENTED_EDGE('',*,*,#6009,.T.);
#6009 = EDGE_CURVE('',#6010,#6012,#6014,.T.);
#6010 = VERTEX_POINT('',#6011);
#6011 = CARTESIAN_POINT('',(-3.975,-6.685,0.));
#6012 = VERTEX_POINT('',#6013);
#6013 = CARTESIAN_POINT('',(-3.975,-6.685,-4.E-02));
#6014 = LINE('',#6015,#6016);
#6015 = CARTESIAN_POINT('',(-3.975,-6.685,0.));
#6016 = VECTOR('',#6017,1.);
#6017 = DIRECTION('',(0.,0.,-1.));
#6018 = ORIENTED_EDGE('',*,*,#6019,.T.);
#6019 = EDGE_CURVE('',#6012,#5972,#6020,.T.);
#6020 = LINE('',#6021,#6022);
#6021 = CARTESIAN_POINT('',(-3.975,-6.685,-4.E-02));
#6022 = VECTOR('',#6023,1.);
#6023 = DIRECTION('',(-1.,0.,0.));
#6024 = ORIENTED_EDGE('',*,*,#5969,.F.);
#6025 = ORIENTED_EDGE('',*,*,#6026,.F.);
#6026 = EDGE_CURVE('',#6010,#5970,#6027,.T.);
#6027 = LINE('',#6028,#6029);
#6028 = CARTESIAN_POINT('',(-3.975,-6.685,0.));
#6029 = VECTOR('',#6030,1.);
#6030 = DIRECTION('',(-1.,0.,0.));
#6031 = PLANE('',#6032);
#6032 = AXIS2_PLACEMENT_3D('',#6033,#6034,#6035);
#6033 = CARTESIAN_POINT('',(-3.975,-6.685,0.));
#6034 = DIRECTION('',(0.,1.,0.));
#6035 = DIRECTION('',(-1.,0.,0.));
#6036 = ADVANCED_FACE('',(#6037),#6062,.F.);
#6037 = FACE_BOUND('',#6038,.F.);
#6038 = EDGE_LOOP('',(#6039,#6040,#6048,#6056));
#6039 = ORIENTED_EDGE('',*,*,#5987,.T.);
#6040 = ORIENTED_EDGE('',*,*,#6041,.T.);
#6041 = EDGE_CURVE('',#5980,#6042,#6044,.T.);
#6042 = VERTEX_POINT('',#6043);
#6043 = CARTESIAN_POINT('',(-3.975,-4.085,-4.E-02));
#6044 = LINE('',#6045,#6046);
#6045 = CARTESIAN_POINT('',(-5.575,-4.085,-4.E-02));
#6046 = VECTOR('',#6047,1.);
#6047 = DIRECTION('',(1.,0.,0.));
#6048 = ORIENTED_EDGE('',*,*,#6049,.F.);
#6049 = EDGE_CURVE('',#6050,#6042,#6052,.T.);
#6050 = VERTEX_POINT('',#6051);
#6051 = CARTESIAN_POINT('',(-3.975,-4.085,0.));
#6052 = LINE('',#6053,#6054);
#6053 = CARTESIAN_POINT('',(-3.975,-4.085,0.));
#6054 = VECTOR('',#6055,1.);
#6055 = DIRECTION('',(0.,0.,-1.));
#6056 = ORIENTED_EDGE('',*,*,#6057,.F.);
#6057 = EDGE_CURVE('',#5988,#6050,#6058,.T.);
#6058 = LINE('',#6059,#6060);
#6059 = CARTESIAN_POINT('',(-5.575,-4.085,0.));
#6060 = VECTOR('',#6061,1.);
#6061 = DIRECTION('',(1.,0.,0.));
#6062 = PLANE('',#6063);
#6063 = AXIS2_PLACEMENT_3D('',#6064,#6065,#6066);
#6064 = CARTESIAN_POINT('',(-5.575,-4.085,0.));
#6065 = DIRECTION('',(0.,-1.,0.));
#6066 = DIRECTION('',(1.,0.,0.));
#6067 = ADVANCED_FACE('',(#6068,#6079),#6115,.F.);
#6068 = FACE_BOUND('',#6069,.F.);
#6069 = EDGE_LOOP('',(#6070,#6071,#6072,#6078));
#6070 = ORIENTED_EDGE('',*,*,#5995,.T.);
#6071 = ORIENTED_EDGE('',*,*,#6057,.T.);
#6072 = ORIENTED_EDGE('',*,*,#6073,.T.);
#6073 = EDGE_CURVE('',#6050,#6010,#6074,.T.);
#6074 = LINE('',#6075,#6076);
#6075 = CARTESIAN_POINT('',(-3.975,-4.085,0.));
#6076 = VECTOR('',#6077,1.);
#6077 = DIRECTION('',(0.,-1.,0.));
#6078 = ORIENTED_EDGE('',*,*,#6026,.T.);
#6079 = FACE_BOUND('',#6080,.F.);
#6080 = EDGE_LOOP('',(#6081,#6092,#6100,#6109));
#6081 = ORIENTED_EDGE('',*,*,#6082,.F.);
#6082 = EDGE_CURVE('',#6083,#6085,#6087,.T.);
#6083 = VERTEX_POINT('',#6084);
#6084 = CARTESIAN_POINT('',(-4.95,-4.885,0.));
#6085 = VERTEX_POINT('',#6086);
#6086 = CARTESIAN_POINT('',(-4.6,-4.885,0.));
#6087 = CIRCLE('',#6088,0.175);
#6088 = AXIS2_PLACEMENT_3D('',#6089,#6090,#6091);
#6089 = CARTESIAN_POINT('',(-4.775,-4.885,0.));
#6090 = DIRECTION('',(0.,-0.,-1.));
#6091 = DIRECTION('',(1.,0.,-0.));
#6092 = ORIENTED_EDGE('',*,*,#6093,.T.);
#6093 = EDGE_CURVE('',#6083,#6094,#6096,.T.);
#6094 = VERTEX_POINT('',#6095);
#6095 = CARTESIAN_POINT('',(-4.95,-5.885,0.));
#6096 = LINE('',#6097,#6098);
#6097 = CARTESIAN_POINT('',(-4.95,-2.4425,0.));
#6098 = VECTOR('',#6099,1.);
#6099 = DIRECTION('',(0.,-1.,0.));
#6100 = ORIENTED_EDGE('',*,*,#6101,.F.);
#6101 = EDGE_CURVE('',#6102,#6094,#6104,.T.);
#6102 = VERTEX_POINT('',#6103);
#6103 = CARTESIAN_POINT('',(-4.6,-5.885,0.));
#6104 = CIRCLE('',#6105,0.175);
#6105 = AXIS2_PLACEMENT_3D('',#6106,#6107,#6108);
#6106 = CARTESIAN_POINT('',(-4.775,-5.885,0.));
#6107 = DIRECTION('',(-0.,0.,-1.));
#6108 = DIRECTION('',(-1.,0.,0.));
#6109 = ORIENTED_EDGE('',*,*,#6110,.T.);
#6110 = EDGE_CURVE('',#6102,#6085,#6111,.T.);
#6111 = LINE('',#6112,#6113);
#6112 = CARTESIAN_POINT('',(-4.6,-2.9425,0.));
#6113 = VECTOR('',#6114,1.);
#6114 = DIRECTION('',(0.,1.,-0.));
#6115 = PLANE('',#6116);
#6116 = AXIS2_PLACEMENT_3D('',#6117,#6118,#6119);
#6117 = CARTESIAN_POINT('',(0.,0.,0.));
#6118 = DIRECTION('',(-0.,-0.,-1.));
#6119 = DIRECTION('',(-1.,0.,0.));
#6120 = ADVANCED_FACE('',(#6121,#6132),#6168,.T.);
#6121 = FACE_BOUND('',#6122,.T.);
#6122 = EDGE_LOOP('',(#6123,#6124,#6125,#6131));
#6123 = ORIENTED_EDGE('',*,*,#5979,.T.);
#6124 = ORIENTED_EDGE('',*,*,#6041,.T.);
#6125 = ORIENTED_EDGE('',*,*,#6126,.T.);
#6126 = EDGE_CURVE('',#6042,#6012,#6127,.T.);
#6127 = LINE('',#6128,#6129);
#6128 = CARTESIAN_POINT('',(-3.975,-4.085,-4.E-02));
#6129 = VECTOR('',#6130,1.);
#6130 = DIRECTION('',(0.,-1.,0.));
#6131 = ORIENTED_EDGE('',*,*,#6019,.T.);
#6132 = FACE_BOUND('',#6133,.T.);
#6133 = EDGE_LOOP('',(#6134,#6145,#6153,#6162));
#6134 = ORIENTED_EDGE('',*,*,#6135,.F.);
#6135 = EDGE_CURVE('',#6136,#6138,#6140,.T.);
#6136 = VERTEX_POINT('',#6137);
#6137 = CARTESIAN_POINT('',(-4.95,-4.885,-4.E-02));
#6138 = VERTEX_POINT('',#6139);
#6139 = CARTESIAN_POINT('',(-4.6,-4.885,-4.E-02));
#6140 = CIRCLE('',#6141,0.175);
#6141 = AXIS2_PLACEMENT_3D('',#6142,#6143,#6144);
#6142 = CARTESIAN_POINT('',(-4.775,-4.885,-4.E-02));
#6143 = DIRECTION('',(0.,-0.,-1.));
#6144 = DIRECTION('',(1.,0.,-0.));
#6145 = ORIENTED_EDGE('',*,*,#6146,.T.);
#6146 = EDGE_CURVE('',#6136,#6147,#6149,.T.);
#6147 = VERTEX_POINT('',#6148);
#6148 = CARTESIAN_POINT('',(-4.95,-5.885,-4.E-02));
#6149 = LINE('',#6150,#6151);
#6150 = CARTESIAN_POINT('',(-4.95,-2.4425,-4.E-02));
#6151 = VECTOR('',#6152,1.);
#6152 = DIRECTION('',(0.,-1.,0.));
#6153 = ORIENTED_EDGE('',*,*,#6154,.F.);
#6154 = EDGE_CURVE('',#6155,#6147,#6157,.T.);
#6155 = VERTEX_POINT('',#6156);
#6156 = CARTESIAN_POINT('',(-4.6,-5.885,-4.E-02));
#6157 = CIRCLE('',#6158,0.175);
#6158 = AXIS2_PLACEMENT_3D('',#6159,#6160,#6161);
#6159 = CARTESIAN_POINT('',(-4.775,-5.885,-4.E-02));
#6160 = DIRECTION('',(-0.,0.,-1.));
#6161 = DIRECTION('',(-1.,0.,0.));
#6162 = ORIENTED_EDGE('',*,*,#6163,.T.);
#6163 = EDGE_CURVE('',#6155,#6138,#6164,.T.);
#6164 = LINE('',#6165,#6166);
#6165 = CARTESIAN_POINT('',(-4.6,-2.9425,-4.E-02));
#6166 = VECTOR('',#6167,1.);
#6167 = DIRECTION('',(0.,1.,-0.));
#6168 = PLANE('',#6169);
#6169 = AXIS2_PLACEMENT_3D('',#6170,#6171,#6172);
#6170 = CARTESIAN_POINT('',(0.,0.,-4.E-02));
#6171 = DIRECTION('',(-0.,-0.,-1.));
#6172 = DIRECTION('',(-1.,0.,0.));
#6173 = ADVANCED_FACE('',(#6174),#6180,.F.);
#6174 = FACE_BOUND('',#6175,.F.);
#6175 = EDGE_LOOP('',(#6176,#6177,#6178,#6179));
#6176 = ORIENTED_EDGE('',*,*,#6049,.T.);
#6177 = ORIENTED_EDGE('',*,*,#6126,.T.);
#6178 = ORIENTED_EDGE('',*,*,#6009,.F.);
#6179 = ORIENTED_EDGE('',*,*,#6073,.F.);
#6180 = PLANE('',#6181);
#6181 = AXIS2_PLACEMENT_3D('',#6182,#6183,#6184);
#6182 = CARTESIAN_POINT('',(-3.975,-4.085,0.));
#6183 = DIRECTION('',(-1.,-0.,-0.));
#6184 = DIRECTION('',(0.,-1.,0.));
#6185 = ADVANCED_FACE('',(#6186),#6202,.F.);
#6186 = FACE_BOUND('',#6187,.T.);
#6187 = EDGE_LOOP('',(#6188,#6189,#6195,#6196));
#6188 = ORIENTED_EDGE('',*,*,#6135,.T.);
#6189 = ORIENTED_EDGE('',*,*,#6190,.T.);
#6190 = EDGE_CURVE('',#6138,#6085,#6191,.T.);
#6191 = LINE('',#6192,#6193);
#6192 = CARTESIAN_POINT('',(-4.6,-4.885,-4.6E-02));
#6193 = VECTOR('',#6194,1.);
#6194 = DIRECTION('',(0.,0.,1.));
#6195 = ORIENTED_EDGE('',*,*,#6082,.F.);
#6196 = ORIENTED_EDGE('',*,*,#6197,.F.);
#6197 = EDGE_CURVE('',#6136,#6083,#6198,.T.);
#6198 = LINE('',#6199,#6200);
#6199 = CARTESIAN_POINT('',(-4.95,-4.885,-4.6E-02));
#6200 = VECTOR('',#6201,1.);
#6201 = DIRECTION('',(0.,0.,1.));
#6202 = CYLINDRICAL_SURFACE('',#6203,0.175);
#6203 = AXIS2_PLACEMENT_3D('',#6204,#6205,#6206);
#6204 = CARTESIAN_POINT('',(-4.775,-4.885,-4.6E-02));
#6205 = DIRECTION('',(-0.,-0.,-1.));
#6206 = DIRECTION('',(1.,0.,-0.));
#6207 = ADVANCED_FACE('',(#6208),#6219,.T.);
#6208 = FACE_BOUND('',#6209,.T.);
#6209 = EDGE_LOOP('',(#6210,#6211,#6217,#6218));
#6210 = ORIENTED_EDGE('',*,*,#6163,.F.);
#6211 = ORIENTED_EDGE('',*,*,#6212,.T.);
#6212 = EDGE_CURVE('',#6155,#6102,#6213,.T.);
#6213 = LINE('',#6214,#6215);
#6214 = CARTESIAN_POINT('',(-4.6,-5.885,-4.6E-02));
#6215 = VECTOR('',#6216,1.);
#6216 = DIRECTION('',(0.,0.,1.));
#6217 = ORIENTED_EDGE('',*,*,#6110,.T.);
#6218 = ORIENTED_EDGE('',*,*,#6190,.F.);
#6219 = PLANE('',#6220);
#6220 = AXIS2_PLACEMENT_3D('',#6221,#6222,#6223);
#6221 = CARTESIAN_POINT('',(-4.6,-5.885,-4.6E-02));
#6222 = DIRECTION('',(-1.,0.,0.));
#6223 = DIRECTION('',(0.,1.,0.));
#6224 = ADVANCED_FACE('',(#6225),#6236,.F.);
#6225 = FACE_BOUND('',#6226,.T.);
#6226 = EDGE_LOOP('',(#6227,#6228,#6234,#6235));
#6227 = ORIENTED_EDGE('',*,*,#6154,.T.);
#6228 = ORIENTED_EDGE('',*,*,#6229,.T.);
#6229 = EDGE_CURVE('',#6147,#6094,#6230,.T.);
#6230 = LINE('',#6231,#6232);
#6231 = CARTESIAN_POINT('',(-4.95,-5.885,-4.6E-02));
#6232 = VECTOR('',#6233,1.);
#6233 = DIRECTION('',(0.,0.,1.));
#6234 = ORIENTED_EDGE('',*,*,#6101,.F.);
#6235 = ORIENTED_EDGE('',*,*,#6212,.F.);
#6236 = CYLINDRICAL_SURFACE('',#6237,0.175);
#6237 = AXIS2_PLACEMENT_3D('',#6238,#6239,#6240);
#6238 = CARTESIAN_POINT('',(-4.775,-5.885,-4.6E-02));
#6239 = DIRECTION('',(-0.,-0.,-1.));
#6240 = DIRECTION('',(-1.,0.,-0.));
#6241 = ADVANCED_FACE('',(#6242),#6248,.T.);
#6242 = FACE_BOUND('',#6243,.T.);
#6243 = EDGE_LOOP('',(#6244,#6245,#6246,#6247));
#6244 = ORIENTED_EDGE('',*,*,#6146,.F.);
#6245 = ORIENTED_EDGE('',*,*,#6197,.T.);
#6246 = ORIENTED_EDGE('',*,*,#6093,.T.);
#6247 = ORIENTED_EDGE('',*,*,#6229,.F.);
#6248 = PLANE('',#6249);
#6249 = AXIS2_PLACEMENT_3D('',#6250,#6251,#6252);
#6250 = CARTESIAN_POINT('',(-4.95,-4.885,-4.6E-02));
#6251 = DIRECTION('',(1.,0.,-0.));
#6252 = DIRECTION('',(0.,-1.,0.));
#6253 = MANIFOLD_SOLID_BREP('',#6254);
#6254 = CLOSED_SHELL('',(#6255,#6295,#6328,#6361,#6414,#6467,#6479,#6501
    ,#6518,#6535));
#6255 = ADVANCED_FACE('',(#6256),#6290,.F.);
#6256 = FACE_BOUND('',#6257,.F.);
#6257 = EDGE_LOOP('',(#6258,#6268,#6276,#6284));
#6258 = ORIENTED_EDGE('',*,*,#6259,.T.);
#6259 = EDGE_CURVE('',#6260,#6262,#6264,.T.);
#6260 = VERTEX_POINT('',#6261);
#6261 = CARTESIAN_POINT('',(-4.975,-4.885,-4.E-02));
#6262 = VERTEX_POINT('',#6263);
#6263 = CARTESIAN_POINT('',(-4.975,-4.885,0.95));
#6264 = LINE('',#6265,#6266);
#6265 = CARTESIAN_POINT('',(-4.975,-4.885,-4.E-02));
#6266 = VECTOR('',#6267,1.);
#6267 = DIRECTION('',(0.,0.,1.));
#6268 = ORIENTED_EDGE('',*,*,#6269,.T.);
#6269 = EDGE_CURVE('',#6262,#6270,#6272,.T.);
#6270 = VERTEX_POINT('',#6271);
#6271 = CARTESIAN_POINT('',(-4.975,-5.885,0.95));
#6272 = LINE('',#6273,#6274);
#6273 = CARTESIAN_POINT('',(-4.975,-4.885,0.95));
#6274 = VECTOR('',#6275,1.);
#6275 = DIRECTION('',(0.,-1.,0.));
#6276 = ORIENTED_EDGE('',*,*,#6277,.F.);
#6277 = EDGE_CURVE('',#6278,#6270,#6280,.T.);
#6278 = VERTEX_POINT('',#6279);
#6279 = CARTESIAN_POINT('',(-4.975,-5.885,-4.E-02));
#6280 = LINE('',#6281,#6282);
#6281 = CARTESIAN_POINT('',(-4.975,-5.885,-4.E-02));
#6282 = VECTOR('',#6283,1.);
#6283 = DIRECTION('',(0.,0.,1.));
#6284 = ORIENTED_EDGE('',*,*,#6285,.F.);
#6285 = EDGE_CURVE('',#6260,#6278,#6286,.T.);
#6286 = LINE('',#6287,#6288);
#6287 = CARTESIAN_POINT('',(-4.975,-4.885,-4.E-02));
#6288 = VECTOR('',#6289,1.);
#6289 = DIRECTION('',(0.,-1.,0.));
#6290 = PLANE('',#6291);
#6291 = AXIS2_PLACEMENT_3D('',#6292,#6293,#6294);
#6292 = CARTESIAN_POINT('',(-4.975,-4.885,-4.E-02));
#6293 = DIRECTION('',(1.,0.,-0.));
#6294 = DIRECTION('',(0.,-1.,0.));
#6295 = ADVANCED_FACE('',(#6296),#6323,.T.);
#6296 = FACE_BOUND('',#6297,.F.);
#6297 = EDGE_LOOP('',(#6298,#6308,#6315,#6316));
#6298 = ORIENTED_EDGE('',*,*,#6299,.T.);
#6299 = EDGE_CURVE('',#6300,#6302,#6304,.T.);
#6300 = VERTEX_POINT('',#6301);
#6301 = CARTESIAN_POINT('',(-4.575,-4.885,-4.E-02));
#6302 = VERTEX_POINT('',#6303);
#6303 = CARTESIAN_POINT('',(-4.575,-4.885,0.95));
#6304 = LINE('',#6305,#6306);
#6305 = CARTESIAN_POINT('',(-4.575,-4.885,-4.E-02));
#6306 = VECTOR('',#6307,1.);
#6307 = DIRECTION('',(0.,0.,1.));
#6308 = ORIENTED_EDGE('',*,*,#6309,.T.);
#6309 = EDGE_CURVE('',#6302,#6262,#6310,.T.);
#6310 = CIRCLE('',#6311,0.2);
#6311 = AXIS2_PLACEMENT_3D('',#6312,#6313,#6314);
#6312 = CARTESIAN_POINT('',(-4.775,-4.885,0.95));
#6313 = DIRECTION('',(0.,0.,1.));
#6314 = DIRECTION('',(1.,0.,-0.));
#6315 = ORIENTED_EDGE('',*,*,#6259,.F.);
#6316 = ORIENTED_EDGE('',*,*,#6317,.F.);
#6317 = EDGE_CURVE('',#6300,#6260,#6318,.T.);
#6318 = CIRCLE('',#6319,0.2);
#6319 = AXIS2_PLACEMENT_3D('',#6320,#6321,#6322);
#6320 = CARTESIAN_POINT('',(-4.775,-4.885,-4.E-02));
#6321 = DIRECTION('',(0.,0.,1.));
#6322 = DIRECTION('',(1.,0.,-0.));
#6323 = CYLINDRICAL_SURFACE('',#6324,0.2);
#6324 = AXIS2_PLACEMENT_3D('',#6325,#6326,#6327);
#6325 = CARTESIAN_POINT('',(-4.775,-4.885,-4.E-02));
#6326 = DIRECTION('',(-0.,-0.,-1.));
#6327 = DIRECTION('',(1.,0.,-0.));
#6328 = ADVANCED_FACE('',(#6329),#6356,.T.);
#6329 = FACE_BOUND('',#6330,.F.);
#6330 = EDGE_LOOP('',(#6331,#6332,#6341,#6349));
#6331 = ORIENTED_EDGE('',*,*,#6277,.T.);
#6332 = ORIENTED_EDGE('',*,*,#6333,.T.);
#6333 = EDGE_CURVE('',#6270,#6334,#6336,.T.);
#6334 = VERTEX_POINT('',#6335);
#6335 = CARTESIAN_POINT('',(-4.575,-5.885,0.95));
#6336 = CIRCLE('',#6337,0.2);
#6337 = AXIS2_PLACEMENT_3D('',#6338,#6339,#6340);
#6338 = CARTESIAN_POINT('',(-4.775,-5.885,0.95));
#6339 = DIRECTION('',(0.,0.,1.));
#6340 = DIRECTION('',(-1.,0.,-0.));
#6341 = ORIENTED_EDGE('',*,*,#6342,.F.);
#6342 = EDGE_CURVE('',#6343,#6334,#6345,.T.);
#6343 = VERTEX_POINT('',#6344);
#6344 = CARTESIAN_POINT('',(-4.575,-5.885,-4.E-02));
#6345 = LINE('',#6346,#6347);
#6346 = CARTESIAN_POINT('',(-4.575,-5.885,-4.E-02));
#6347 = VECTOR('',#6348,1.);
#6348 = DIRECTION('',(0.,0.,1.));
#6349 = ORIENTED_EDGE('',*,*,#6350,.F.);
#6350 = EDGE_CURVE('',#6278,#6343,#6351,.T.);
#6351 = CIRCLE('',#6352,0.2);
#6352 = AXIS2_PLACEMENT_3D('',#6353,#6354,#6355);
#6353 = CARTESIAN_POINT('',(-4.775,-5.885,-4.E-02));
#6354 = DIRECTION('',(0.,0.,1.));
#6355 = DIRECTION('',(-1.,0.,-0.));
#6356 = CYLINDRICAL_SURFACE('',#6357,0.2);
#6357 = AXIS2_PLACEMENT_3D('',#6358,#6359,#6360);
#6358 = CARTESIAN_POINT('',(-4.775,-5.885,-4.E-02));
#6359 = DIRECTION('',(-0.,-0.,-1.));
#6360 = DIRECTION('',(-1.,0.,-0.));
#6361 = ADVANCED_FACE('',(#6362,#6373),#6409,.F.);
#6362 = FACE_BOUND('',#6363,.F.);
#6363 = EDGE_LOOP('',(#6364,#6365,#6366,#6372));
#6364 = ORIENTED_EDGE('',*,*,#6285,.T.);
#6365 = ORIENTED_EDGE('',*,*,#6350,.T.);
#6366 = ORIENTED_EDGE('',*,*,#6367,.T.);
#6367 = EDGE_CURVE('',#6343,#6300,#6368,.T.);
#6368 = LINE('',#6369,#6370);
#6369 = CARTESIAN_POINT('',(-4.575,-5.885,-4.E-02));
#6370 = VECTOR('',#6371,1.);
#6371 = DIRECTION('',(0.,1.,0.));
#6372 = ORIENTED_EDGE('',*,*,#6317,.T.);
#6373 = FACE_BOUND('',#6374,.F.);
#6374 = EDGE_LOOP('',(#6375,#6386,#6394,#6403));
#6375 = ORIENTED_EDGE('',*,*,#6376,.T.);
#6376 = EDGE_CURVE('',#6377,#6379,#6381,.T.);
#6377 = VERTEX_POINT('',#6378);
#6378 = CARTESIAN_POINT('',(-4.6,-5.885,-4.E-02));
#6379 = VERTEX_POINT('',#6380);
#6380 = CARTESIAN_POINT('',(-4.95,-5.885,-4.E-02));
#6381 = CIRCLE('',#6382,0.175);
#6382 = AXIS2_PLACEMENT_3D('',#6383,#6384,#6385);
#6383 = CARTESIAN_POINT('',(-4.775,-5.885,-4.E-02));
#6384 = DIRECTION('',(-0.,0.,-1.));
#6385 = DIRECTION('',(-1.,0.,0.));
#6386 = ORIENTED_EDGE('',*,*,#6387,.T.);
#6387 = EDGE_CURVE('',#6379,#6388,#6390,.T.);
#6388 = VERTEX_POINT('',#6389);
#6389 = CARTESIAN_POINT('',(-4.95,-4.885,-4.E-02));
#6390 = LINE('',#6391,#6392);
#6391 = CARTESIAN_POINT('',(-4.95,-4.885,-4.E-02));
#6392 = VECTOR('',#6393,1.);
#6393 = DIRECTION('',(-0.,1.,0.));
#6394 = ORIENTED_EDGE('',*,*,#6395,.T.);
#6395 = EDGE_CURVE('',#6388,#6396,#6398,.T.);
#6396 = VERTEX_POINT('',#6397);
#6397 = CARTESIAN_POINT('',(-4.6,-4.885,-4.E-02));
#6398 = CIRCLE('',#6399,0.175);
#6399 = AXIS2_PLACEMENT_3D('',#6400,#6401,#6402);
#6400 = CARTESIAN_POINT('',(-4.775,-4.885,-4.E-02));
#6401 = DIRECTION('',(0.,-0.,-1.));
#6402 = DIRECTION('',(1.,0.,-0.));
#6403 = ORIENTED_EDGE('',*,*,#6404,.T.);
#6404 = EDGE_CURVE('',#6396,#6377,#6405,.T.);
#6405 = LINE('',#6406,#6407);
#6406 = CARTESIAN_POINT('',(-4.6,-5.385,-4.E-02));
#6407 = VECTOR('',#6408,1.);
#6408 = DIRECTION('',(0.,-1.,0.));
#6409 = PLANE('',#6410);
#6410 = AXIS2_PLACEMENT_3D('',#6411,#6412,#6413);
#6411 = CARTESIAN_POINT('',(-4.975,-4.885,-4.E-02));
#6412 = DIRECTION('',(0.,0.,1.));
#6413 = DIRECTION('',(1.,0.,-0.));
#6414 = ADVANCED_FACE('',(#6415,#6426),#6462,.T.);
#6415 = FACE_BOUND('',#6416,.T.);
#6416 = EDGE_LOOP('',(#6417,#6418,#6419,#6425));
#6417 = ORIENTED_EDGE('',*,*,#6269,.T.);
#6418 = ORIENTED_EDGE('',*,*,#6333,.T.);
#6419 = ORIENTED_EDGE('',*,*,#6420,.T.);
#6420 = EDGE_CURVE('',#6334,#6302,#6421,.T.);
#6421 = LINE('',#6422,#6423);
#6422 = CARTESIAN_POINT('',(-4.575,-5.885,0.95));
#6423 = VECTOR('',#6424,1.);
#6424 = DIRECTION('',(0.,1.,0.));
#6425 = ORIENTED_EDGE('',*,*,#6309,.T.);
#6426 = FACE_BOUND('',#6427,.T.);
#6427 = EDGE_LOOP('',(#6428,#6439,#6447,#6456));
#6428 = ORIENTED_EDGE('',*,*,#6429,.T.);
#6429 = EDGE_CURVE('',#6430,#6432,#6434,.T.);
#6430 = VERTEX_POINT('',#6431);
#6431 = CARTESIAN_POINT('',(-4.6,-5.885,0.95));
#6432 = VERTEX_POINT('',#6433);
#6433 = CARTESIAN_POINT('',(-4.95,-5.885,0.95));
#6434 = CIRCLE('',#6435,0.175);
#6435 = AXIS2_PLACEMENT_3D('',#6436,#6437,#6438);
#6436 = CARTESIAN_POINT('',(-4.775,-5.885,0.95));
#6437 = DIRECTION('',(-0.,0.,-1.));
#6438 = DIRECTION('',(-1.,0.,0.));
#6439 = ORIENTED_EDGE('',*,*,#6440,.T.);
#6440 = EDGE_CURVE('',#6432,#6441,#6443,.T.);
#6441 = VERTEX_POINT('',#6442);
#6442 = CARTESIAN_POINT('',(-4.95,-4.885,0.95));
#6443 = LINE('',#6444,#6445);
#6444 = CARTESIAN_POINT('',(-4.95,-4.885,0.95));
#6445 = VECTOR('',#6446,1.);
#6446 = DIRECTION('',(-0.,1.,0.));
#6447 = ORIENTED_EDGE('',*,*,#6448,.T.);
#6448 = EDGE_CURVE('',#6441,#6449,#6451,.T.);
#6449 = VERTEX_POINT('',#6450);
#6450 = CARTESIAN_POINT('',(-4.6,-4.885,0.95));
#6451 = CIRCLE('',#6452,0.175);
#6452 = AXIS2_PLACEMENT_3D('',#6453,#6454,#6455);
#6453 = CARTESIAN_POINT('',(-4.775,-4.885,0.95));
#6454 = DIRECTION('',(0.,-0.,-1.));
#6455 = DIRECTION('',(1.,0.,-0.));
#6456 = ORIENTED_EDGE('',*,*,#6457,.T.);
#6457 = EDGE_CURVE('',#6449,#6430,#6458,.T.);
#6458 = LINE('',#6459,#6460);
#6459 = CARTESIAN_POINT('',(-4.6,-5.385,0.95));
#6460 = VECTOR('',#6461,1.);
#6461 = DIRECTION('',(0.,-1.,0.));
#6462 = PLANE('',#6463);
#6463 = AXIS2_PLACEMENT_3D('',#6464,#6465,#6466);
#6464 = CARTESIAN_POINT('',(-4.975,-4.885,0.95));
#6465 = DIRECTION('',(0.,0.,1.));
#6466 = DIRECTION('',(1.,0.,-0.));
#6467 = ADVANCED_FACE('',(#6468),#6474,.F.);
#6468 = FACE_BOUND('',#6469,.F.);
#6469 = EDGE_LOOP('',(#6470,#6471,#6472,#6473));
#6470 = ORIENTED_EDGE('',*,*,#6342,.T.);
#6471 = ORIENTED_EDGE('',*,*,#6420,.T.);
#6472 = ORIENTED_EDGE('',*,*,#6299,.F.);
#6473 = ORIENTED_EDGE('',*,*,#6367,.F.);
#6474 = PLANE('',#6475);
#6475 = AXIS2_PLACEMENT_3D('',#6476,#6477,#6478);
#6476 = CARTESIAN_POINT('',(-4.575,-5.885,-4.E-02));
#6477 = DIRECTION('',(-1.,0.,0.));
#6478 = DIRECTION('',(0.,1.,0.));
#6479 = ADVANCED_FACE('',(#6480),#6496,.F.);
#6480 = FACE_BOUND('',#6481,.T.);
#6481 = EDGE_LOOP('',(#6482,#6483,#6489,#6490));
#6482 = ORIENTED_EDGE('',*,*,#6376,.T.);
#6483 = ORIENTED_EDGE('',*,*,#6484,.T.);
#6484 = EDGE_CURVE('',#6379,#6432,#6485,.T.);
#6485 = LINE('',#6486,#6487);
#6486 = CARTESIAN_POINT('',(-4.95,-5.885,-4.6E-02));
#6487 = VECTOR('',#6488,1.);
#6488 = DIRECTION('',(0.,0.,1.));
#6489 = ORIENTED_EDGE('',*,*,#6429,.F.);
#6490 = ORIENTED_EDGE('',*,*,#6491,.F.);
#6491 = EDGE_CURVE('',#6377,#6430,#6492,.T.);
#6492 = LINE('',#6493,#6494);
#6493 = CARTESIAN_POINT('',(-4.6,-5.885,-4.6E-02));
#6494 = VECTOR('',#6495,1.);
#6495 = DIRECTION('',(0.,0.,1.));
#6496 = CYLINDRICAL_SURFACE('',#6497,0.175);
#6497 = AXIS2_PLACEMENT_3D('',#6498,#6499,#6500);
#6498 = CARTESIAN_POINT('',(-4.775,-5.885,-4.6E-02));
#6499 = DIRECTION('',(-0.,-0.,-1.));
#6500 = DIRECTION('',(-1.,0.,-0.));
#6501 = ADVANCED_FACE('',(#6502),#6513,.T.);
#6502 = FACE_BOUND('',#6503,.T.);
#6503 = EDGE_LOOP('',(#6504,#6505,#6506,#6507));
#6504 = ORIENTED_EDGE('',*,*,#6404,.T.);
#6505 = ORIENTED_EDGE('',*,*,#6491,.T.);
#6506 = ORIENTED_EDGE('',*,*,#6457,.F.);
#6507 = ORIENTED_EDGE('',*,*,#6508,.F.);
#6508 = EDGE_CURVE('',#6396,#6449,#6509,.T.);
#6509 = LINE('',#6510,#6511);
#6510 = CARTESIAN_POINT('',(-4.6,-4.885,-4.6E-02));
#6511 = VECTOR('',#6512,1.);
#6512 = DIRECTION('',(0.,0.,1.));
#6513 = PLANE('',#6514);
#6514 = AXIS2_PLACEMENT_3D('',#6515,#6516,#6517);
#6515 = CARTESIAN_POINT('',(-4.6,-5.885,-4.6E-02));
#6516 = DIRECTION('',(-1.,0.,0.));
#6517 = DIRECTION('',(0.,1.,0.));
#6518 = ADVANCED_FACE('',(#6519),#6530,.F.);
#6519 = FACE_BOUND('',#6520,.T.);
#6520 = EDGE_LOOP('',(#6521,#6522,#6523,#6524));
#6521 = ORIENTED_EDGE('',*,*,#6395,.T.);
#6522 = ORIENTED_EDGE('',*,*,#6508,.T.);
#6523 = ORIENTED_EDGE('',*,*,#6448,.F.);
#6524 = ORIENTED_EDGE('',*,*,#6525,.F.);
#6525 = EDGE_CURVE('',#6388,#6441,#6526,.T.);
#6526 = LINE('',#6527,#6528);
#6527 = CARTESIAN_POINT('',(-4.95,-4.885,-4.6E-02));
#6528 = VECTOR('',#6529,1.);
#6529 = DIRECTION('',(0.,0.,1.));
#6530 = CYLINDRICAL_SURFACE('',#6531,0.175);
#6531 = AXIS2_PLACEMENT_3D('',#6532,#6533,#6534);
#6532 = CARTESIAN_POINT('',(-4.775,-4.885,-4.6E-02));
#6533 = DIRECTION('',(-0.,-0.,-1.));
#6534 = DIRECTION('',(1.,0.,-0.));
#6535 = ADVANCED_FACE('',(#6536),#6542,.T.);
#6536 = FACE_BOUND('',#6537,.T.);
#6537 = EDGE_LOOP('',(#6538,#6539,#6540,#6541));
#6538 = ORIENTED_EDGE('',*,*,#6387,.T.);
#6539 = ORIENTED_EDGE('',*,*,#6525,.T.);
#6540 = ORIENTED_EDGE('',*,*,#6440,.F.);
#6541 = ORIENTED_EDGE('',*,*,#6484,.F.);
#6542 = PLANE('',#6543);
#6543 = AXIS2_PLACEMENT_3D('',#6544,#6545,#6546);
#6544 = CARTESIAN_POINT('',(-4.95,-4.885,-4.6E-02));
#6545 = DIRECTION('',(1.,0.,-0.));
#6546 = DIRECTION('',(0.,-1.,0.));
#6547 = MANIFOLD_SOLID_BREP('',#6548);
#6548 = CLOSED_SHELL('',(#6549,#6589,#6620,#6651,#6704,#6757,#6769,#6791
    ,#6808,#6825));
#6549 = ADVANCED_FACE('',(#6550),#6584,.T.);
#6550 = FACE_BOUND('',#6551,.T.);
#6551 = EDGE_LOOP('',(#6552,#6562,#6570,#6578));
#6552 = ORIENTED_EDGE('',*,*,#6553,.T.);
#6553 = EDGE_CURVE('',#6554,#6556,#6558,.T.);
#6554 = VERTEX_POINT('',#6555);
#6555 = CARTESIAN_POINT('',(3.975,-0.285,0.91));
#6556 = VERTEX_POINT('',#6557);
#6557 = CARTESIAN_POINT('',(3.975,-0.285,0.95));
#6558 = LINE('',#6559,#6560);
#6559 = CARTESIAN_POINT('',(3.975,-0.285,0.91));
#6560 = VECTOR('',#6561,1.);
#6561 = DIRECTION('',(0.,0.,1.));
#6562 = ORIENTED_EDGE('',*,*,#6563,.T.);
#6563 = EDGE_CURVE('',#6556,#6564,#6566,.T.);
#6564 = VERTEX_POINT('',#6565);
#6565 = CARTESIAN_POINT('',(3.975,2.315,0.95));
#6566 = LINE('',#6567,#6568);
#6567 = CARTESIAN_POINT('',(3.975,-0.285,0.95));
#6568 = VECTOR('',#6569,1.);
#6569 = DIRECTION('',(0.,1.,0.));
#6570 = ORIENTED_EDGE('',*,*,#6571,.F.);
#6571 = EDGE_CURVE('',#6572,#6564,#6574,.T.);
#6572 = VERTEX_POINT('',#6573);
#6573 = CARTESIAN_POINT('',(3.975,2.315,0.91));
#6574 = LINE('',#6575,#6576);
#6575 = CARTESIAN_POINT('',(3.975,2.315,0.91));
#6576 = VECTOR('',#6577,1.);
#6577 = DIRECTION('',(0.,0.,1.));
#6578 = ORIENTED_EDGE('',*,*,#6579,.F.);
#6579 = EDGE_CURVE('',#6554,#6572,#6580,.T.);
#6580 = LINE('',#6581,#6582);
#6581 = CARTESIAN_POINT('',(3.975,-0.285,0.91));
#6582 = VECTOR('',#6583,1.);
#6583 = DIRECTION('',(0.,1.,0.));
#6584 = PLANE('',#6585);
#6585 = AXIS2_PLACEMENT_3D('',#6586,#6587,#6588);
#6586 = CARTESIAN_POINT('',(3.975,-0.285,0.91));
#6587 = DIRECTION('',(-1.,0.,0.));
#6588 = DIRECTION('',(0.,1.,0.));
#6589 = ADVANCED_FACE('',(#6590),#6615,.T.);
#6590 = FACE_BOUND('',#6591,.T.);
#6591 = EDGE_LOOP('',(#6592,#6602,#6608,#6609));
#6592 = ORIENTED_EDGE('',*,*,#6593,.T.);
#6593 = EDGE_CURVE('',#6594,#6596,#6598,.T.);
#6594 = VERTEX_POINT('',#6595);
#6595 = CARTESIAN_POINT('',(5.575,-0.285,0.91));
#6596 = VERTEX_POINT('',#6597);
#6597 = CARTESIAN_POINT('',(5.575,-0.285,0.95));
#6598 = LINE('',#6599,#6600);
#6599 = CARTESIAN_POINT('',(5.575,-0.285,0.91));
#6600 = VECTOR('',#6601,1.);
#6601 = DIRECTION('',(0.,0.,1.));
#6602 = ORIENTED_EDGE('',*,*,#6603,.T.);
#6603 = EDGE_CURVE('',#6596,#6556,#6604,.T.);
#6604 = LINE('',#6605,#6606);
#6605 = CARTESIAN_POINT('',(5.575,-0.285,0.95));
#6606 = VECTOR('',#6607,1.);
#6607 = DIRECTION('',(-1.,0.,0.));
#6608 = ORIENTED_EDGE('',*,*,#6553,.F.);
#6609 = ORIENTED_EDGE('',*,*,#6610,.F.);
#6610 = EDGE_CURVE('',#6594,#6554,#6611,.T.);
#6611 = LINE('',#6612,#6613);
#6612 = CARTESIAN_POINT('',(5.575,-0.285,0.91));
#6613 = VECTOR('',#6614,1.);
#6614 = DIRECTION('',(-1.,0.,0.));
#6615 = PLANE('',#6616);
#6616 = AXIS2_PLACEMENT_3D('',#6617,#6618,#6619);
#6617 = CARTESIAN_POINT('',(5.575,-0.285,0.91));
#6618 = DIRECTION('',(0.,-1.,0.));
#6619 = DIRECTION('',(-1.,0.,0.));
#6620 = ADVANCED_FACE('',(#6621),#6646,.T.);
#6621 = FACE_BOUND('',#6622,.T.);
#6622 = EDGE_LOOP('',(#6623,#6624,#6632,#6640));
#6623 = ORIENTED_EDGE('',*,*,#6571,.T.);
#6624 = ORIENTED_EDGE('',*,*,#6625,.T.);
#6625 = EDGE_CURVE('',#6564,#6626,#6628,.T.);
#6626 = VERTEX_POINT('',#6627);
#6627 = CARTESIAN_POINT('',(5.575,2.315,0.95));
#6628 = LINE('',#6629,#6630);
#6629 = CARTESIAN_POINT('',(3.975,2.315,0.95));
#6630 = VECTOR('',#6631,1.);
#6631 = DIRECTION('',(1.,0.,0.));
#6632 = ORIENTED_EDGE('',*,*,#6633,.F.);
#6633 = EDGE_CURVE('',#6634,#6626,#6636,.T.);
#6634 = VERTEX_POINT('',#6635);
#6635 = CARTESIAN_POINT('',(5.575,2.315,0.91));
#6636 = LINE('',#6637,#6638);
#6637 = CARTESIAN_POINT('',(5.575,2.315,0.91));
#6638 = VECTOR('',#6639,1.);
#6639 = DIRECTION('',(0.,0.,1.));
#6640 = ORIENTED_EDGE('',*,*,#6641,.F.);
#6641 = EDGE_CURVE('',#6572,#6634,#6642,.T.);
#6642 = LINE('',#6643,#6644);
#6643 = CARTESIAN_POINT('',(3.975,2.315,0.91));
#6644 = VECTOR('',#6645,1.);
#6645 = DIRECTION('',(1.,0.,0.));
#6646 = PLANE('',#6647);
#6647 = AXIS2_PLACEMENT_3D('',#6648,#6649,#6650);
#6648 = CARTESIAN_POINT('',(3.975,2.315,0.91));
#6649 = DIRECTION('',(0.,1.,0.));
#6650 = DIRECTION('',(1.,0.,0.));
#6651 = ADVANCED_FACE('',(#6652,#6663),#6699,.F.);
#6652 = FACE_BOUND('',#6653,.F.);
#6653 = EDGE_LOOP('',(#6654,#6655,#6656,#6662));
#6654 = ORIENTED_EDGE('',*,*,#6579,.F.);
#6655 = ORIENTED_EDGE('',*,*,#6610,.F.);
#6656 = ORIENTED_EDGE('',*,*,#6657,.F.);
#6657 = EDGE_CURVE('',#6634,#6594,#6658,.T.);
#6658 = LINE('',#6659,#6660);
#6659 = CARTESIAN_POINT('',(5.575,2.315,0.91));
#6660 = VECTOR('',#6661,1.);
#6661 = DIRECTION('',(0.,-1.,0.));
#6662 = ORIENTED_EDGE('',*,*,#6641,.F.);
#6663 = FACE_BOUND('',#6664,.F.);
#6664 = EDGE_LOOP('',(#6665,#6676,#6684,#6693));
#6665 = ORIENTED_EDGE('',*,*,#6666,.T.);
#6666 = EDGE_CURVE('',#6667,#6669,#6671,.T.);
#6667 = VERTEX_POINT('',#6668);
#6668 = CARTESIAN_POINT('',(4.95,0.515,0.91));
#6669 = VERTEX_POINT('',#6670);
#6670 = CARTESIAN_POINT('',(4.6,0.515,0.91));
#6671 = CIRCLE('',#6672,0.175);
#6672 = AXIS2_PLACEMENT_3D('',#6673,#6674,#6675);
#6673 = CARTESIAN_POINT('',(4.775,0.515,0.91));
#6674 = DIRECTION('',(-0.,0.,-1.));
#6675 = DIRECTION('',(-1.,-2.537652627715E-15,0.));
#6676 = ORIENTED_EDGE('',*,*,#6677,.T.);
#6677 = EDGE_CURVE('',#6669,#6678,#6680,.T.);
#6678 = VERTEX_POINT('',#6679);
#6679 = CARTESIAN_POINT('',(4.6,1.515,0.91));
#6680 = LINE('',#6681,#6682);
#6681 = CARTESIAN_POINT('',(4.6,0.7575,0.91));
#6682 = VECTOR('',#6683,1.);
#6683 = DIRECTION('',(-0.,1.,0.));
#6684 = ORIENTED_EDGE('',*,*,#6685,.T.);
#6685 = EDGE_CURVE('',#6678,#6686,#6688,.T.);
#6686 = VERTEX_POINT('',#6687);
#6687 = CARTESIAN_POINT('',(4.95,1.515,0.91));
#6688 = CIRCLE('',#6689,0.175);
#6689 = AXIS2_PLACEMENT_3D('',#6690,#6691,#6692);
#6690 = CARTESIAN_POINT('',(4.775,1.515,0.91));
#6691 = DIRECTION('',(0.,-0.,-1.));
#6692 = DIRECTION('',(1.,1.268826313857E-15,-0.));
#6693 = ORIENTED_EDGE('',*,*,#6694,.T.);
#6694 = EDGE_CURVE('',#6686,#6667,#6695,.T.);
#6695 = LINE('',#6696,#6697);
#6696 = CARTESIAN_POINT('',(4.95,0.2575,0.91));
#6697 = VECTOR('',#6698,1.);
#6698 = DIRECTION('',(0.,-1.,0.));
#6699 = PLANE('',#6700);
#6700 = AXIS2_PLACEMENT_3D('',#6701,#6702,#6703);
#6701 = CARTESIAN_POINT('',(0.,0.,0.91));
#6702 = DIRECTION('',(0.,0.,1.));
#6703 = DIRECTION('',(1.,0.,-0.));
#6704 = ADVANCED_FACE('',(#6705,#6716),#6752,.T.);
#6705 = FACE_BOUND('',#6706,.T.);
#6706 = EDGE_LOOP('',(#6707,#6708,#6709,#6715));
#6707 = ORIENTED_EDGE('',*,*,#6563,.F.);
#6708 = ORIENTED_EDGE('',*,*,#6603,.F.);
#6709 = ORIENTED_EDGE('',*,*,#6710,.F.);
#6710 = EDGE_CURVE('',#6626,#6596,#6711,.T.);
#6711 = LINE('',#6712,#6713);
#6712 = CARTESIAN_POINT('',(5.575,2.315,0.95));
#6713 = VECTOR('',#6714,1.);
#6714 = DIRECTION('',(0.,-1.,0.));
#6715 = ORIENTED_EDGE('',*,*,#6625,.F.);
#6716 = FACE_BOUND('',#6717,.T.);
#6717 = EDGE_LOOP('',(#6718,#6729,#6737,#6746));
#6718 = ORIENTED_EDGE('',*,*,#6719,.T.);
#6719 = EDGE_CURVE('',#6720,#6722,#6724,.T.);
#6720 = VERTEX_POINT('',#6721);
#6721 = CARTESIAN_POINT('',(4.95,0.515,0.95));
#6722 = VERTEX_POINT('',#6723);
#6723 = CARTESIAN_POINT('',(4.6,0.515,0.95));
#6724 = CIRCLE('',#6725,0.175);
#6725 = AXIS2_PLACEMENT_3D('',#6726,#6727,#6728);
#6726 = CARTESIAN_POINT('',(4.775,0.515,0.95));
#6727 = DIRECTION('',(-0.,0.,-1.));
#6728 = DIRECTION('',(-1.,-2.537652627715E-15,0.));
#6729 = ORIENTED_EDGE('',*,*,#6730,.T.);
#6730 = EDGE_CURVE('',#6722,#6731,#6733,.T.);
#6731 = VERTEX_POINT('',#6732);
#6732 = CARTESIAN_POINT('',(4.6,1.515,0.95));
#6733 = LINE('',#6734,#6735);
#6734 = CARTESIAN_POINT('',(4.6,0.7575,0.95));
#6735 = VECTOR('',#6736,1.);
#6736 = DIRECTION('',(-0.,1.,0.));
#6737 = ORIENTED_EDGE('',*,*,#6738,.T.);
#6738 = EDGE_CURVE('',#6731,#6739,#6741,.T.);
#6739 = VERTEX_POINT('',#6740);
#6740 = CARTESIAN_POINT('',(4.95,1.515,0.95));
#6741 = CIRCLE('',#6742,0.175);
#6742 = AXIS2_PLACEMENT_3D('',#6743,#6744,#6745);
#6743 = CARTESIAN_POINT('',(4.775,1.515,0.95));
#6744 = DIRECTION('',(0.,-0.,-1.));
#6745 = DIRECTION('',(1.,1.268826313857E-15,-0.));
#6746 = ORIENTED_EDGE('',*,*,#6747,.T.);
#6747 = EDGE_CURVE('',#6739,#6720,#6748,.T.);
#6748 = LINE('',#6749,#6750);
#6749 = CARTESIAN_POINT('',(4.95,0.2575,0.95));
#6750 = VECTOR('',#6751,1.);
#6751 = DIRECTION('',(0.,-1.,0.));
#6752 = PLANE('',#6753);
#6753 = AXIS2_PLACEMENT_3D('',#6754,#6755,#6756);
#6754 = CARTESIAN_POINT('',(0.,0.,0.95));
#6755 = DIRECTION('',(0.,0.,1.));
#6756 = DIRECTION('',(1.,0.,-0.));
#6757 = ADVANCED_FACE('',(#6758),#6764,.T.);
#6758 = FACE_BOUND('',#6759,.T.);
#6759 = EDGE_LOOP('',(#6760,#6761,#6762,#6763));
#6760 = ORIENTED_EDGE('',*,*,#6633,.T.);
#6761 = ORIENTED_EDGE('',*,*,#6710,.T.);
#6762 = ORIENTED_EDGE('',*,*,#6593,.F.);
#6763 = ORIENTED_EDGE('',*,*,#6657,.F.);
#6764 = PLANE('',#6765);
#6765 = AXIS2_PLACEMENT_3D('',#6766,#6767,#6768);
#6766 = CARTESIAN_POINT('',(5.575,2.315,0.91));
#6767 = DIRECTION('',(1.,0.,-0.));
#6768 = DIRECTION('',(0.,-1.,0.));
#6769 = ADVANCED_FACE('',(#6770),#6786,.F.);
#6770 = FACE_BOUND('',#6771,.T.);
#6771 = EDGE_LOOP('',(#6772,#6773,#6779,#6780));
#6772 = ORIENTED_EDGE('',*,*,#6666,.T.);
#6773 = ORIENTED_EDGE('',*,*,#6774,.T.);
#6774 = EDGE_CURVE('',#6669,#6722,#6775,.T.);
#6775 = LINE('',#6776,#6777);
#6776 = CARTESIAN_POINT('',(4.6,0.515,-4.6E-02));
#6777 = VECTOR('',#6778,1.);
#6778 = DIRECTION('',(0.,0.,1.));
#6779 = ORIENTED_EDGE('',*,*,#6719,.F.);
#6780 = ORIENTED_EDGE('',*,*,#6781,.F.);
#6781 = EDGE_CURVE('',#6667,#6720,#6782,.T.);
#6782 = LINE('',#6783,#6784);
#6783 = CARTESIAN_POINT('',(4.95,0.515,-4.6E-02));
#6784 = VECTOR('',#6785,1.);
#6785 = DIRECTION('',(0.,0.,1.));
#6786 = CYLINDRICAL_SURFACE('',#6787,0.175);
#6787 = AXIS2_PLACEMENT_3D('',#6788,#6789,#6790);
#6788 = CARTESIAN_POINT('',(4.775,0.515,-4.6E-02));
#6789 = DIRECTION('',(-0.,-0.,-1.));
#6790 = DIRECTION('',(-1.,-2.537652627715E-15,0.));
#6791 = ADVANCED_FACE('',(#6792),#6803,.T.);
#6792 = FACE_BOUND('',#6793,.T.);
#6793 = EDGE_LOOP('',(#6794,#6795,#6796,#6797));
#6794 = ORIENTED_EDGE('',*,*,#6694,.T.);
#6795 = ORIENTED_EDGE('',*,*,#6781,.T.);
#6796 = ORIENTED_EDGE('',*,*,#6747,.F.);
#6797 = ORIENTED_EDGE('',*,*,#6798,.F.);
#6798 = EDGE_CURVE('',#6686,#6739,#6799,.T.);
#6799 = LINE('',#6800,#6801);
#6800 = CARTESIAN_POINT('',(4.95,1.515,-4.6E-02));
#6801 = VECTOR('',#6802,1.);
#6802 = DIRECTION('',(0.,0.,1.));
#6803 = PLANE('',#6804);
#6804 = AXIS2_PLACEMENT_3D('',#6805,#6806,#6807);
#6805 = CARTESIAN_POINT('',(4.95,0.515,-4.6E-02));
#6806 = DIRECTION('',(-1.,0.,0.));
#6807 = DIRECTION('',(0.,1.,0.));
#6808 = ADVANCED_FACE('',(#6809),#6820,.F.);
#6809 = FACE_BOUND('',#6810,.T.);
#6810 = EDGE_LOOP('',(#6811,#6812,#6813,#6814));
#6811 = ORIENTED_EDGE('',*,*,#6685,.T.);
#6812 = ORIENTED_EDGE('',*,*,#6798,.T.);
#6813 = ORIENTED_EDGE('',*,*,#6738,.F.);
#6814 = ORIENTED_EDGE('',*,*,#6815,.F.);
#6815 = EDGE_CURVE('',#6678,#6731,#6816,.T.);
#6816 = LINE('',#6817,#6818);
#6817 = CARTESIAN_POINT('',(4.6,1.515,-4.6E-02));
#6818 = VECTOR('',#6819,1.);
#6819 = DIRECTION('',(0.,0.,1.));
#6820 = CYLINDRICAL_SURFACE('',#6821,0.175);
#6821 = AXIS2_PLACEMENT_3D('',#6822,#6823,#6824);
#6822 = CARTESIAN_POINT('',(4.775,1.515,-4.6E-02));
#6823 = DIRECTION('',(-0.,-0.,-1.));
#6824 = DIRECTION('',(1.,1.268826313857E-15,-0.));
#6825 = ADVANCED_FACE('',(#6826),#6832,.T.);
#6826 = FACE_BOUND('',#6827,.T.);
#6827 = EDGE_LOOP('',(#6828,#6829,#6830,#6831));
#6828 = ORIENTED_EDGE('',*,*,#6677,.T.);
#6829 = ORIENTED_EDGE('',*,*,#6815,.T.);
#6830 = ORIENTED_EDGE('',*,*,#6730,.F.);
#6831 = ORIENTED_EDGE('',*,*,#6774,.F.);
#6832 = PLANE('',#6833);
#6833 = AXIS2_PLACEMENT_3D('',#6834,#6835,#6836);
#6834 = CARTESIAN_POINT('',(4.6,1.515,-4.6E-02));
#6835 = DIRECTION('',(1.,0.,-0.));
#6836 = DIRECTION('',(0.,-1.,0.));
#6837 = MANIFOLD_SOLID_BREP('',#6838);
#6838 = CLOSED_SHELL('',(#6839,#6879,#6910,#6941,#6994,#7047,#7059,#7081
    ,#7098,#7115));
#6839 = ADVANCED_FACE('',(#6840),#6874,.F.);
#6840 = FACE_BOUND('',#6841,.F.);
#6841 = EDGE_LOOP('',(#6842,#6852,#6860,#6868));
#6842 = ORIENTED_EDGE('',*,*,#6843,.T.);
#6843 = EDGE_CURVE('',#6844,#6846,#6848,.T.);
#6844 = VERTEX_POINT('',#6845);
#6845 = CARTESIAN_POINT('',(3.975,-0.285,0.));
#6846 = VERTEX_POINT('',#6847);
#6847 = CARTESIAN_POINT('',(3.975,-0.285,-4.E-02));
#6848 = LINE('',#6849,#6850);
#6849 = CARTESIAN_POINT('',(3.975,-0.285,0.));
#6850 = VECTOR('',#6851,1.);
#6851 = DIRECTION('',(0.,0.,-1.));
#6852 = ORIENTED_EDGE('',*,*,#6853,.T.);
#6853 = EDGE_CURVE('',#6846,#6854,#6856,.T.);
#6854 = VERTEX_POINT('',#6855);
#6855 = CARTESIAN_POINT('',(3.975,2.315,-4.E-02));
#6856 = LINE('',#6857,#6858);
#6857 = CARTESIAN_POINT('',(3.975,-0.285,-4.E-02));
#6858 = VECTOR('',#6859,1.);
#6859 = DIRECTION('',(0.,1.,0.));
#6860 = ORIENTED_EDGE('',*,*,#6861,.F.);
#6861 = EDGE_CURVE('',#6862,#6854,#6864,.T.);
#6862 = VERTEX_POINT('',#6863);
#6863 = CARTESIAN_POINT('',(3.975,2.315,0.));
#6864 = LINE('',#6865,#6866);
#6865 = CARTESIAN_POINT('',(3.975,2.315,0.));
#6866 = VECTOR('',#6867,1.);
#6867 = DIRECTION('',(0.,0.,-1.));
#6868 = ORIENTED_EDGE('',*,*,#6869,.F.);
#6869 = EDGE_CURVE('',#6844,#6862,#6870,.T.);
#6870 = LINE('',#6871,#6872);
#6871 = CARTESIAN_POINT('',(3.975,-0.285,0.));
#6872 = VECTOR('',#6873,1.);
#6873 = DIRECTION('',(0.,1.,0.));
#6874 = PLANE('',#6875);
#6875 = AXIS2_PLACEMENT_3D('',#6876,#6877,#6878);
#6876 = CARTESIAN_POINT('',(3.975,-0.285,0.));
#6877 = DIRECTION('',(1.,-0.,0.));
#6878 = DIRECTION('',(0.,1.,0.));
#6879 = ADVANCED_FACE('',(#6880),#6905,.F.);
#6880 = FACE_BOUND('',#6881,.F.);
#6881 = EDGE_LOOP('',(#6882,#6892,#6898,#6899));
#6882 = ORIENTED_EDGE('',*,*,#6883,.T.);
#6883 = EDGE_CURVE('',#6884,#6886,#6888,.T.);
#6884 = VERTEX_POINT('',#6885);
#6885 = CARTESIAN_POINT('',(5.575,-0.285,0.));
#6886 = VERTEX_POINT('',#6887);
#6887 = CARTESIAN_POINT('',(5.575,-0.285,-4.E-02));
#6888 = LINE('',#6889,#6890);
#6889 = CARTESIAN_POINT('',(5.575,-0.285,0.));
#6890 = VECTOR('',#6891,1.);
#6891 = DIRECTION('',(0.,0.,-1.));
#6892 = ORIENTED_EDGE('',*,*,#6893,.T.);
#6893 = EDGE_CURVE('',#6886,#6846,#6894,.T.);
#6894 = LINE('',#6895,#6896);
#6895 = CARTESIAN_POINT('',(5.575,-0.285,-4.E-02));
#6896 = VECTOR('',#6897,1.);
#6897 = DIRECTION('',(-1.,0.,0.));
#6898 = ORIENTED_EDGE('',*,*,#6843,.F.);
#6899 = ORIENTED_EDGE('',*,*,#6900,.F.);
#6900 = EDGE_CURVE('',#6884,#6844,#6901,.T.);
#6901 = LINE('',#6902,#6903);
#6902 = CARTESIAN_POINT('',(5.575,-0.285,0.));
#6903 = VECTOR('',#6904,1.);
#6904 = DIRECTION('',(-1.,0.,0.));
#6905 = PLANE('',#6906);
#6906 = AXIS2_PLACEMENT_3D('',#6907,#6908,#6909);
#6907 = CARTESIAN_POINT('',(5.575,-0.285,0.));
#6908 = DIRECTION('',(0.,1.,0.));
#6909 = DIRECTION('',(-1.,0.,0.));
#6910 = ADVANCED_FACE('',(#6911),#6936,.F.);
#6911 = FACE_BOUND('',#6912,.F.);
#6912 = EDGE_LOOP('',(#6913,#6914,#6922,#6930));
#6913 = ORIENTED_EDGE('',*,*,#6861,.T.);
#6914 = ORIENTED_EDGE('',*,*,#6915,.T.);
#6915 = EDGE_CURVE('',#6854,#6916,#6918,.T.);
#6916 = VERTEX_POINT('',#6917);
#6917 = CARTESIAN_POINT('',(5.575,2.315,-4.E-02));
#6918 = LINE('',#6919,#6920);
#6919 = CARTESIAN_POINT('',(3.975,2.315,-4.E-02));
#6920 = VECTOR('',#6921,1.);
#6921 = DIRECTION('',(1.,0.,0.));
#6922 = ORIENTED_EDGE('',*,*,#6923,.F.);
#6923 = EDGE_CURVE('',#6924,#6916,#6926,.T.);
#6924 = VERTEX_POINT('',#6925);
#6925 = CARTESIAN_POINT('',(5.575,2.315,0.));
#6926 = LINE('',#6927,#6928);
#6927 = CARTESIAN_POINT('',(5.575,2.315,0.));
#6928 = VECTOR('',#6929,1.);
#6929 = DIRECTION('',(0.,0.,-1.));
#6930 = ORIENTED_EDGE('',*,*,#6931,.F.);
#6931 = EDGE_CURVE('',#6862,#6924,#6932,.T.);
#6932 = LINE('',#6933,#6934);
#6933 = CARTESIAN_POINT('',(3.975,2.315,0.));
#6934 = VECTOR('',#6935,1.);
#6935 = DIRECTION('',(1.,0.,0.));
#6936 = PLANE('',#6937);
#6937 = AXIS2_PLACEMENT_3D('',#6938,#6939,#6940);
#6938 = CARTESIAN_POINT('',(3.975,2.315,0.));
#6939 = DIRECTION('',(0.,-1.,0.));
#6940 = DIRECTION('',(1.,0.,0.));
#6941 = ADVANCED_FACE('',(#6942,#6953),#6989,.F.);
#6942 = FACE_BOUND('',#6943,.F.);
#6943 = EDGE_LOOP('',(#6944,#6945,#6946,#6952));
#6944 = ORIENTED_EDGE('',*,*,#6869,.T.);
#6945 = ORIENTED_EDGE('',*,*,#6931,.T.);
#6946 = ORIENTED_EDGE('',*,*,#6947,.T.);
#6947 = EDGE_CURVE('',#6924,#6884,#6948,.T.);
#6948 = LINE('',#6949,#6950);
#6949 = CARTESIAN_POINT('',(5.575,2.315,0.));
#6950 = VECTOR('',#6951,1.);
#6951 = DIRECTION('',(0.,-1.,0.));
#6952 = ORIENTED_EDGE('',*,*,#6900,.T.);
#6953 = FACE_BOUND('',#6954,.F.);
#6954 = EDGE_LOOP('',(#6955,#6966,#6974,#6983));
#6955 = ORIENTED_EDGE('',*,*,#6956,.F.);
#6956 = EDGE_CURVE('',#6957,#6959,#6961,.T.);
#6957 = VERTEX_POINT('',#6958);
#6958 = CARTESIAN_POINT('',(4.6,1.515,0.));
#6959 = VERTEX_POINT('',#6960);
#6960 = CARTESIAN_POINT('',(4.95,1.515,0.));
#6961 = CIRCLE('',#6962,0.175);
#6962 = AXIS2_PLACEMENT_3D('',#6963,#6964,#6965);
#6963 = CARTESIAN_POINT('',(4.775,1.515,0.));
#6964 = DIRECTION('',(0.,-0.,-1.));
#6965 = DIRECTION('',(1.,1.268826313857E-15,-0.));
#6966 = ORIENTED_EDGE('',*,*,#6967,.T.);
#6967 = EDGE_CURVE('',#6957,#6968,#6970,.T.);
#6968 = VERTEX_POINT('',#6969);
#6969 = CARTESIAN_POINT('',(4.6,0.515,0.));
#6970 = LINE('',#6971,#6972);
#6971 = CARTESIAN_POINT('',(4.6,0.7575,0.));
#6972 = VECTOR('',#6973,1.);
#6973 = DIRECTION('',(0.,-1.,0.));
#6974 = ORIENTED_EDGE('',*,*,#6975,.F.);
#6975 = EDGE_CURVE('',#6976,#6968,#6978,.T.);
#6976 = VERTEX_POINT('',#6977);
#6977 = CARTESIAN_POINT('',(4.95,0.515,0.));
#6978 = CIRCLE('',#6979,0.175);
#6979 = AXIS2_PLACEMENT_3D('',#6980,#6981,#6982);
#6980 = CARTESIAN_POINT('',(4.775,0.515,0.));
#6981 = DIRECTION('',(-0.,0.,-1.));
#6982 = DIRECTION('',(-1.,-2.537652627715E-15,0.));
#6983 = ORIENTED_EDGE('',*,*,#6984,.T.);
#6984 = EDGE_CURVE('',#6976,#6959,#6985,.T.);
#6985 = LINE('',#6986,#6987);
#6986 = CARTESIAN_POINT('',(4.95,0.2575,0.));
#6987 = VECTOR('',#6988,1.);
#6988 = DIRECTION('',(0.,1.,-0.));
#6989 = PLANE('',#6990);
#6990 = AXIS2_PLACEMENT_3D('',#6991,#6992,#6993);
#6991 = CARTESIAN_POINT('',(0.,0.,0.));
#6992 = DIRECTION('',(-0.,-0.,-1.));
#6993 = DIRECTION('',(-1.,0.,0.));
#6994 = ADVANCED_FACE('',(#6995,#7006),#7042,.T.);
#6995 = FACE_BOUND('',#6996,.T.);
#6996 = EDGE_LOOP('',(#6997,#6998,#6999,#7005));
#6997 = ORIENTED_EDGE('',*,*,#6853,.T.);
#6998 = ORIENTED_EDGE('',*,*,#6915,.T.);
#6999 = ORIENTED_EDGE('',*,*,#7000,.T.);
#7000 = EDGE_CURVE('',#6916,#6886,#7001,.T.);
#7001 = LINE('',#7002,#7003);
#7002 = CARTESIAN_POINT('',(5.575,2.315,-4.E-02));
#7003 = VECTOR('',#7004,1.);
#7004 = DIRECTION('',(0.,-1.,0.));
#7005 = ORIENTED_EDGE('',*,*,#6893,.T.);
#7006 = FACE_BOUND('',#7007,.T.);
#7007 = EDGE_LOOP('',(#7008,#7019,#7027,#7036));
#7008 = ORIENTED_EDGE('',*,*,#7009,.F.);
#7009 = EDGE_CURVE('',#7010,#7012,#7014,.T.);
#7010 = VERTEX_POINT('',#7011);
#7011 = CARTESIAN_POINT('',(4.6,1.515,-4.E-02));
#7012 = VERTEX_POINT('',#7013);
#7013 = CARTESIAN_POINT('',(4.95,1.515,-4.E-02));
#7014 = CIRCLE('',#7015,0.175);
#7015 = AXIS2_PLACEMENT_3D('',#7016,#7017,#7018);
#7016 = CARTESIAN_POINT('',(4.775,1.515,-4.E-02));
#7017 = DIRECTION('',(0.,-0.,-1.));
#7018 = DIRECTION('',(1.,1.268826313857E-15,-0.));
#7019 = ORIENTED_EDGE('',*,*,#7020,.T.);
#7020 = EDGE_CURVE('',#7010,#7021,#7023,.T.);
#7021 = VERTEX_POINT('',#7022);
#7022 = CARTESIAN_POINT('',(4.6,0.515,-4.E-02));
#7023 = LINE('',#7024,#7025);
#7024 = CARTESIAN_POINT('',(4.6,0.7575,-4.E-02));
#7025 = VECTOR('',#7026,1.);
#7026 = DIRECTION('',(0.,-1.,0.));
#7027 = ORIENTED_EDGE('',*,*,#7028,.F.);
#7028 = EDGE_CURVE('',#7029,#7021,#7031,.T.);
#7029 = VERTEX_POINT('',#7030);
#7030 = CARTESIAN_POINT('',(4.95,0.515,-4.E-02));
#7031 = CIRCLE('',#7032,0.175);
#7032 = AXIS2_PLACEMENT_3D('',#7033,#7034,#7035);
#7033 = CARTESIAN_POINT('',(4.775,0.515,-4.E-02));
#7034 = DIRECTION('',(-0.,0.,-1.));
#7035 = DIRECTION('',(-1.,-2.537652627715E-15,0.));
#7036 = ORIENTED_EDGE('',*,*,#7037,.T.);
#7037 = EDGE_CURVE('',#7029,#7012,#7038,.T.);
#7038 = LINE('',#7039,#7040);
#7039 = CARTESIAN_POINT('',(4.95,0.2575,-4.E-02));
#7040 = VECTOR('',#7041,1.);
#7041 = DIRECTION('',(0.,1.,-0.));
#7042 = PLANE('',#7043);
#7043 = AXIS2_PLACEMENT_3D('',#7044,#7045,#7046);
#7044 = CARTESIAN_POINT('',(0.,0.,-4.E-02));
#7045 = DIRECTION('',(-0.,-0.,-1.));
#7046 = DIRECTION('',(-1.,0.,0.));
#7047 = ADVANCED_FACE('',(#7048),#7054,.F.);
#7048 = FACE_BOUND('',#7049,.F.);
#7049 = EDGE_LOOP('',(#7050,#7051,#7052,#7053));
#7050 = ORIENTED_EDGE('',*,*,#6923,.T.);
#7051 = ORIENTED_EDGE('',*,*,#7000,.T.);
#7052 = ORIENTED_EDGE('',*,*,#6883,.F.);
#7053 = ORIENTED_EDGE('',*,*,#6947,.F.);
#7054 = PLANE('',#7055);
#7055 = AXIS2_PLACEMENT_3D('',#7056,#7057,#7058);
#7056 = CARTESIAN_POINT('',(5.575,2.315,0.));
#7057 = DIRECTION('',(-1.,-0.,-0.));
#7058 = DIRECTION('',(0.,-1.,0.));
#7059 = ADVANCED_FACE('',(#7060),#7076,.F.);
#7060 = FACE_BOUND('',#7061,.T.);
#7061 = EDGE_LOOP('',(#7062,#7063,#7069,#7070));
#7062 = ORIENTED_EDGE('',*,*,#7009,.T.);
#7063 = ORIENTED_EDGE('',*,*,#7064,.T.);
#7064 = EDGE_CURVE('',#7012,#6959,#7065,.T.);
#7065 = LINE('',#7066,#7067);
#7066 = CARTESIAN_POINT('',(4.95,1.515,-4.6E-02));
#7067 = VECTOR('',#7068,1.);
#7068 = DIRECTION('',(0.,0.,1.));
#7069 = ORIENTED_EDGE('',*,*,#6956,.F.);
#7070 = ORIENTED_EDGE('',*,*,#7071,.F.);
#7071 = EDGE_CURVE('',#7010,#6957,#7072,.T.);
#7072 = LINE('',#7073,#7074);
#7073 = CARTESIAN_POINT('',(4.6,1.515,-4.6E-02));
#7074 = VECTOR('',#7075,1.);
#7075 = DIRECTION('',(0.,0.,1.));
#7076 = CYLINDRICAL_SURFACE('',#7077,0.175);
#7077 = AXIS2_PLACEMENT_3D('',#7078,#7079,#7080);
#7078 = CARTESIAN_POINT('',(4.775,1.515,-4.6E-02));
#7079 = DIRECTION('',(-0.,-0.,-1.));
#7080 = DIRECTION('',(1.,1.268826313857E-15,-0.));
#7081 = ADVANCED_FACE('',(#7082),#7093,.T.);
#7082 = FACE_BOUND('',#7083,.T.);
#7083 = EDGE_LOOP('',(#7084,#7085,#7091,#7092));
#7084 = ORIENTED_EDGE('',*,*,#7037,.F.);
#7085 = ORIENTED_EDGE('',*,*,#7086,.T.);
#7086 = EDGE_CURVE('',#7029,#6976,#7087,.T.);
#7087 = LINE('',#7088,#7089);
#7088 = CARTESIAN_POINT('',(4.95,0.515,-4.6E-02));
#7089 = VECTOR('',#7090,1.);
#7090 = DIRECTION('',(0.,0.,1.));
#7091 = ORIENTED_EDGE('',*,*,#6984,.T.);
#7092 = ORIENTED_EDGE('',*,*,#7064,.F.);
#7093 = PLANE('',#7094);
#7094 = AXIS2_PLACEMENT_3D('',#7095,#7096,#7097);
#7095 = CARTESIAN_POINT('',(4.95,0.515,-4.6E-02));
#7096 = DIRECTION('',(-1.,0.,0.));
#7097 = DIRECTION('',(0.,1.,0.));
#7098 = ADVANCED_FACE('',(#7099),#7110,.F.);
#7099 = FACE_BOUND('',#7100,.T.);
#7100 = EDGE_LOOP('',(#7101,#7102,#7108,#7109));
#7101 = ORIENTED_EDGE('',*,*,#7028,.T.);
#7102 = ORIENTED_EDGE('',*,*,#7103,.T.);
#7103 = EDGE_CURVE('',#7021,#6968,#7104,.T.);
#7104 = LINE('',#7105,#7106);
#7105 = CARTESIAN_POINT('',(4.6,0.515,-4.6E-02));
#7106 = VECTOR('',#7107,1.);
#7107 = DIRECTION('',(0.,0.,1.));
#7108 = ORIENTED_EDGE('',*,*,#6975,.F.);
#7109 = ORIENTED_EDGE('',*,*,#7086,.F.);
#7110 = CYLINDRICAL_SURFACE('',#7111,0.175);
#7111 = AXIS2_PLACEMENT_3D('',#7112,#7113,#7114);
#7112 = CARTESIAN_POINT('',(4.775,0.515,-4.6E-02));
#7113 = DIRECTION('',(-0.,-0.,-1.));
#7114 = DIRECTION('',(-1.,-2.537652627715E-15,0.));
#7115 = ADVANCED_FACE('',(#7116),#7122,.T.);
#7116 = FACE_BOUND('',#7117,.T.);
#7117 = EDGE_LOOP('',(#7118,#7119,#7120,#7121));
#7118 = ORIENTED_EDGE('',*,*,#7020,.F.);
#7119 = ORIENTED_EDGE('',*,*,#7071,.T.);
#7120 = ORIENTED_EDGE('',*,*,#6967,.T.);
#7121 = ORIENTED_EDGE('',*,*,#7103,.F.);
#7122 = PLANE('',#7123);
#7123 = AXIS2_PLACEMENT_3D('',#7124,#7125,#7126);
#7124 = CARTESIAN_POINT('',(4.6,1.515,-4.6E-02));
#7125 = DIRECTION('',(1.,0.,-0.));
#7126 = DIRECTION('',(0.,-1.,0.));
#7127 = MANIFOLD_SOLID_BREP('',#7128);
#7128 = CLOSED_SHELL('',(#7129,#7169,#7202,#7235,#7288,#7341,#7353,#7375
    ,#7392,#7409));
#7129 = ADVANCED_FACE('',(#7130),#7164,.F.);
#7130 = FACE_BOUND('',#7131,.F.);
#7131 = EDGE_LOOP('',(#7132,#7142,#7150,#7158));
#7132 = ORIENTED_EDGE('',*,*,#7133,.T.);
#7133 = EDGE_CURVE('',#7134,#7136,#7138,.T.);
#7134 = VERTEX_POINT('',#7135);
#7135 = CARTESIAN_POINT('',(4.575,1.515,-4.E-02));
#7136 = VERTEX_POINT('',#7137);
#7137 = CARTESIAN_POINT('',(4.575,1.515,0.95));
#7138 = LINE('',#7139,#7140);
#7139 = CARTESIAN_POINT('',(4.575,1.515,-4.E-02));
#7140 = VECTOR('',#7141,1.);
#7141 = DIRECTION('',(0.,0.,1.));
#7142 = ORIENTED_EDGE('',*,*,#7143,.T.);
#7143 = EDGE_CURVE('',#7136,#7144,#7146,.T.);
#7144 = VERTEX_POINT('',#7145);
#7145 = CARTESIAN_POINT('',(4.575,0.515,0.95));
#7146 = LINE('',#7147,#7148);
#7147 = CARTESIAN_POINT('',(4.575,1.515,0.95));
#7148 = VECTOR('',#7149,1.);
#7149 = DIRECTION('',(0.,-1.,0.));
#7150 = ORIENTED_EDGE('',*,*,#7151,.F.);
#7151 = EDGE_CURVE('',#7152,#7144,#7154,.T.);
#7152 = VERTEX_POINT('',#7153);
#7153 = CARTESIAN_POINT('',(4.575,0.515,-4.E-02));
#7154 = LINE('',#7155,#7156);
#7155 = CARTESIAN_POINT('',(4.575,0.515,-4.E-02));
#7156 = VECTOR('',#7157,1.);
#7157 = DIRECTION('',(0.,0.,1.));
#7158 = ORIENTED_EDGE('',*,*,#7159,.F.);
#7159 = EDGE_CURVE('',#7134,#7152,#7160,.T.);
#7160 = LINE('',#7161,#7162);
#7161 = CARTESIAN_POINT('',(4.575,1.515,-4.E-02));
#7162 = VECTOR('',#7163,1.);
#7163 = DIRECTION('',(0.,-1.,0.));
#7164 = PLANE('',#7165);
#7165 = AXIS2_PLACEMENT_3D('',#7166,#7167,#7168);
#7166 = CARTESIAN_POINT('',(4.575,1.515,-4.E-02));
#7167 = DIRECTION('',(1.,0.,-0.));
#7168 = DIRECTION('',(0.,-1.,0.));
#7169 = ADVANCED_FACE('',(#7170),#7197,.T.);
#7170 = FACE_BOUND('',#7171,.F.);
#7171 = EDGE_LOOP('',(#7172,#7182,#7189,#7190));
#7172 = ORIENTED_EDGE('',*,*,#7173,.T.);
#7173 = EDGE_CURVE('',#7174,#7176,#7178,.T.);
#7174 = VERTEX_POINT('',#7175);
#7175 = CARTESIAN_POINT('',(4.975,1.515,-4.E-02));
#7176 = VERTEX_POINT('',#7177);
#7177 = CARTESIAN_POINT('',(4.975,1.515,0.95));
#7178 = LINE('',#7179,#7180);
#7179 = CARTESIAN_POINT('',(4.975,1.515,-4.E-02));
#7180 = VECTOR('',#7181,1.);
#7181 = DIRECTION('',(0.,0.,1.));
#7182 = ORIENTED_EDGE('',*,*,#7183,.T.);
#7183 = EDGE_CURVE('',#7176,#7136,#7184,.T.);
#7184 = CIRCLE('',#7185,0.2);
#7185 = AXIS2_PLACEMENT_3D('',#7186,#7187,#7188);
#7186 = CARTESIAN_POINT('',(4.775,1.515,0.95));
#7187 = DIRECTION('',(0.,0.,1.));
#7188 = DIRECTION('',(1.,-3.330669073875E-15,0.));
#7189 = ORIENTED_EDGE('',*,*,#7133,.F.);
#7190 = ORIENTED_EDGE('',*,*,#7191,.F.);
#7191 = EDGE_CURVE('',#7174,#7134,#7192,.T.);
#7192 = CIRCLE('',#7193,0.2);
#7193 = AXIS2_PLACEMENT_3D('',#7194,#7195,#7196);
#7194 = CARTESIAN_POINT('',(4.775,1.515,-4.E-02));
#7195 = DIRECTION('',(0.,0.,1.));
#7196 = DIRECTION('',(1.,-3.330669073875E-15,0.));
#7197 = CYLINDRICAL_SURFACE('',#7198,0.2);
#7198 = AXIS2_PLACEMENT_3D('',#7199,#7200,#7201);
#7199 = CARTESIAN_POINT('',(4.775,1.515,-4.E-02));
#7200 = DIRECTION('',(-0.,-0.,-1.));
#7201 = DIRECTION('',(1.,-3.330669073875E-15,0.));
#7202 = ADVANCED_FACE('',(#7203),#7230,.T.);
#7203 = FACE_BOUND('',#7204,.F.);
#7204 = EDGE_LOOP('',(#7205,#7206,#7215,#7223));
#7205 = ORIENTED_EDGE('',*,*,#7151,.T.);
#7206 = ORIENTED_EDGE('',*,*,#7207,.T.);
#7207 = EDGE_CURVE('',#7144,#7208,#7210,.T.);
#7208 = VERTEX_POINT('',#7209);
#7209 = CARTESIAN_POINT('',(4.975,0.515,0.95));
#7210 = CIRCLE('',#7211,0.2);
#7211 = AXIS2_PLACEMENT_3D('',#7212,#7213,#7214);
#7212 = CARTESIAN_POINT('',(4.775,0.515,0.95));
#7213 = DIRECTION('',(0.,0.,1.));
#7214 = DIRECTION('',(-1.,2.22044604925E-15,-0.));
#7215 = ORIENTED_EDGE('',*,*,#7216,.F.);
#7216 = EDGE_CURVE('',#7217,#7208,#7219,.T.);
#7217 = VERTEX_POINT('',#7218);
#7218 = CARTESIAN_POINT('',(4.975,0.515,-4.E-02));
#7219 = LINE('',#7220,#7221);
#7220 = CARTESIAN_POINT('',(4.975,0.515,-4.E-02));
#7221 = VECTOR('',#7222,1.);
#7222 = DIRECTION('',(0.,0.,1.));
#7223 = ORIENTED_EDGE('',*,*,#7224,.F.);
#7224 = EDGE_CURVE('',#7152,#7217,#7225,.T.);
#7225 = CIRCLE('',#7226,0.2);
#7226 = AXIS2_PLACEMENT_3D('',#7227,#7228,#7229);
#7227 = CARTESIAN_POINT('',(4.775,0.515,-4.E-02));
#7228 = DIRECTION('',(0.,0.,1.));
#7229 = DIRECTION('',(-1.,2.22044604925E-15,-0.));
#7230 = CYLINDRICAL_SURFACE('',#7231,0.2);
#7231 = AXIS2_PLACEMENT_3D('',#7232,#7233,#7234);
#7232 = CARTESIAN_POINT('',(4.775,0.515,-4.E-02));
#7233 = DIRECTION('',(-0.,-0.,-1.));
#7234 = DIRECTION('',(-1.,2.22044604925E-15,-0.));
#7235 = ADVANCED_FACE('',(#7236,#7247),#7283,.F.);
#7236 = FACE_BOUND('',#7237,.F.);
#7237 = EDGE_LOOP('',(#7238,#7239,#7240,#7246));
#7238 = ORIENTED_EDGE('',*,*,#7159,.T.);
#7239 = ORIENTED_EDGE('',*,*,#7224,.T.);
#7240 = ORIENTED_EDGE('',*,*,#7241,.T.);
#7241 = EDGE_CURVE('',#7217,#7174,#7242,.T.);
#7242 = LINE('',#7243,#7244);
#7243 = CARTESIAN_POINT('',(4.975,0.515,-4.E-02));
#7244 = VECTOR('',#7245,1.);
#7245 = DIRECTION('',(0.,1.,0.));
#7246 = ORIENTED_EDGE('',*,*,#7191,.T.);
#7247 = FACE_BOUND('',#7248,.F.);
#7248 = EDGE_LOOP('',(#7249,#7260,#7268,#7277));
#7249 = ORIENTED_EDGE('',*,*,#7250,.T.);
#7250 = EDGE_CURVE('',#7251,#7253,#7255,.T.);
#7251 = VERTEX_POINT('',#7252);
#7252 = CARTESIAN_POINT('',(4.95,0.515,-4.E-02));
#7253 = VERTEX_POINT('',#7254);
#7254 = CARTESIAN_POINT('',(4.6,0.515,-4.E-02));
#7255 = CIRCLE('',#7256,0.175);
#7256 = AXIS2_PLACEMENT_3D('',#7257,#7258,#7259);
#7257 = CARTESIAN_POINT('',(4.775,0.515,-4.E-02));
#7258 = DIRECTION('',(-0.,0.,-1.));
#7259 = DIRECTION('',(-1.,-2.537652627715E-15,0.));
#7260 = ORIENTED_EDGE('',*,*,#7261,.T.);
#7261 = EDGE_CURVE('',#7253,#7262,#7264,.T.);
#7262 = VERTEX_POINT('',#7263);
#7263 = CARTESIAN_POINT('',(4.6,1.515,-4.E-02));
#7264 = LINE('',#7265,#7266);
#7265 = CARTESIAN_POINT('',(4.6,1.515,-4.E-02));
#7266 = VECTOR('',#7267,1.);
#7267 = DIRECTION('',(-0.,1.,0.));
#7268 = ORIENTED_EDGE('',*,*,#7269,.T.);
#7269 = EDGE_CURVE('',#7262,#7270,#7272,.T.);
#7270 = VERTEX_POINT('',#7271);
#7271 = CARTESIAN_POINT('',(4.95,1.515,-4.E-02));
#7272 = CIRCLE('',#7273,0.175);
#7273 = AXIS2_PLACEMENT_3D('',#7274,#7275,#7276);
#7274 = CARTESIAN_POINT('',(4.775,1.515,-4.E-02));
#7275 = DIRECTION('',(0.,-0.,-1.));
#7276 = DIRECTION('',(1.,1.268826313857E-15,-0.));
#7277 = ORIENTED_EDGE('',*,*,#7278,.T.);
#7278 = EDGE_CURVE('',#7270,#7251,#7279,.T.);
#7279 = LINE('',#7280,#7281);
#7280 = CARTESIAN_POINT('',(4.95,1.015,-4.E-02));
#7281 = VECTOR('',#7282,1.);
#7282 = DIRECTION('',(0.,-1.,0.));
#7283 = PLANE('',#7284);
#7284 = AXIS2_PLACEMENT_3D('',#7285,#7286,#7287);
#7285 = CARTESIAN_POINT('',(4.575,1.515,-4.E-02));
#7286 = DIRECTION('',(0.,0.,1.));
#7287 = DIRECTION('',(1.,0.,-0.));
#7288 = ADVANCED_FACE('',(#7289,#7300),#7336,.T.);
#7289 = FACE_BOUND('',#7290,.T.);
#7290 = EDGE_LOOP('',(#7291,#7292,#7293,#7299));
#7291 = ORIENTED_EDGE('',*,*,#7143,.T.);
#7292 = ORIENTED_EDGE('',*,*,#7207,.T.);
#7293 = ORIENTED_EDGE('',*,*,#7294,.T.);
#7294 = EDGE_CURVE('',#7208,#7176,#7295,.T.);
#7295 = LINE('',#7296,#7297);
#7296 = CARTESIAN_POINT('',(4.975,0.515,0.95));
#7297 = VECTOR('',#7298,1.);
#7298 = DIRECTION('',(0.,1.,0.));
#7299 = ORIENTED_EDGE('',*,*,#7183,.T.);
#7300 = FACE_BOUND('',#7301,.T.);
#7301 = EDGE_LOOP('',(#7302,#7313,#7321,#7330));
#7302 = ORIENTED_EDGE('',*,*,#7303,.T.);
#7303 = EDGE_CURVE('',#7304,#7306,#7308,.T.);
#7304 = VERTEX_POINT('',#7305);
#7305 = CARTESIAN_POINT('',(4.95,0.515,0.95));
#7306 = VERTEX_POINT('',#7307);
#7307 = CARTESIAN_POINT('',(4.6,0.515,0.95));
#7308 = CIRCLE('',#7309,0.175);
#7309 = AXIS2_PLACEMENT_3D('',#7310,#7311,#7312);
#7310 = CARTESIAN_POINT('',(4.775,0.515,0.95));
#7311 = DIRECTION('',(-0.,0.,-1.));
#7312 = DIRECTION('',(-1.,-2.537652627715E-15,0.));
#7313 = ORIENTED_EDGE('',*,*,#7314,.T.);
#7314 = EDGE_CURVE('',#7306,#7315,#7317,.T.);
#7315 = VERTEX_POINT('',#7316);
#7316 = CARTESIAN_POINT('',(4.6,1.515,0.95));
#7317 = LINE('',#7318,#7319);
#7318 = CARTESIAN_POINT('',(4.6,1.515,0.95));
#7319 = VECTOR('',#7320,1.);
#7320 = DIRECTION('',(-0.,1.,0.));
#7321 = ORIENTED_EDGE('',*,*,#7322,.T.);
#7322 = EDGE_CURVE('',#7315,#7323,#7325,.T.);
#7323 = VERTEX_POINT('',#7324);
#7324 = CARTESIAN_POINT('',(4.95,1.515,0.95));
#7325 = CIRCLE('',#7326,0.175);
#7326 = AXIS2_PLACEMENT_3D('',#7327,#7328,#7329);
#7327 = CARTESIAN_POINT('',(4.775,1.515,0.95));
#7328 = DIRECTION('',(0.,-0.,-1.));
#7329 = DIRECTION('',(1.,1.268826313857E-15,-0.));
#7330 = ORIENTED_EDGE('',*,*,#7331,.T.);
#7331 = EDGE_CURVE('',#7323,#7304,#7332,.T.);
#7332 = LINE('',#7333,#7334);
#7333 = CARTESIAN_POINT('',(4.95,1.015,0.95));
#7334 = VECTOR('',#7335,1.);
#7335 = DIRECTION('',(0.,-1.,0.));
#7336 = PLANE('',#7337);
#7337 = AXIS2_PLACEMENT_3D('',#7338,#7339,#7340);
#7338 = CARTESIAN_POINT('',(4.575,1.515,0.95));
#7339 = DIRECTION('',(0.,0.,1.));
#7340 = DIRECTION('',(1.,0.,-0.));
#7341 = ADVANCED_FACE('',(#7342),#7348,.F.);
#7342 = FACE_BOUND('',#7343,.F.);
#7343 = EDGE_LOOP('',(#7344,#7345,#7346,#7347));
#7344 = ORIENTED_EDGE('',*,*,#7216,.T.);
#7345 = ORIENTED_EDGE('',*,*,#7294,.T.);
#7346 = ORIENTED_EDGE('',*,*,#7173,.F.);
#7347 = ORIENTED_EDGE('',*,*,#7241,.F.);
#7348 = PLANE('',#7349);
#7349 = AXIS2_PLACEMENT_3D('',#7350,#7351,#7352);
#7350 = CARTESIAN_POINT('',(4.975,0.515,-4.E-02));
#7351 = DIRECTION('',(-1.,0.,0.));
#7352 = DIRECTION('',(0.,1.,0.));
#7353 = ADVANCED_FACE('',(#7354),#7370,.F.);
#7354 = FACE_BOUND('',#7355,.T.);
#7355 = EDGE_LOOP('',(#7356,#7357,#7363,#7364));
#7356 = ORIENTED_EDGE('',*,*,#7250,.T.);
#7357 = ORIENTED_EDGE('',*,*,#7358,.T.);
#7358 = EDGE_CURVE('',#7253,#7306,#7359,.T.);
#7359 = LINE('',#7360,#7361);
#7360 = CARTESIAN_POINT('',(4.6,0.515,-4.6E-02));
#7361 = VECTOR('',#7362,1.);
#7362 = DIRECTION('',(0.,0.,1.));
#7363 = ORIENTED_EDGE('',*,*,#7303,.F.);
#7364 = ORIENTED_EDGE('',*,*,#7365,.F.);
#7365 = EDGE_CURVE('',#7251,#7304,#7366,.T.);
#7366 = LINE('',#7367,#7368);
#7367 = CARTESIAN_POINT('',(4.95,0.515,-4.6E-02));
#7368 = VECTOR('',#7369,1.);
#7369 = DIRECTION('',(0.,0.,1.));
#7370 = CYLINDRICAL_SURFACE('',#7371,0.175);
#7371 = AXIS2_PLACEMENT_3D('',#7372,#7373,#7374);
#7372 = CARTESIAN_POINT('',(4.775,0.515,-4.6E-02));
#7373 = DIRECTION('',(-0.,-0.,-1.));
#7374 = DIRECTION('',(-1.,-2.537652627715E-15,0.));
#7375 = ADVANCED_FACE('',(#7376),#7387,.T.);
#7376 = FACE_BOUND('',#7377,.T.);
#7377 = EDGE_LOOP('',(#7378,#7379,#7380,#7381));
#7378 = ORIENTED_EDGE('',*,*,#7278,.T.);
#7379 = ORIENTED_EDGE('',*,*,#7365,.T.);
#7380 = ORIENTED_EDGE('',*,*,#7331,.F.);
#7381 = ORIENTED_EDGE('',*,*,#7382,.F.);
#7382 = EDGE_CURVE('',#7270,#7323,#7383,.T.);
#7383 = LINE('',#7384,#7385);
#7384 = CARTESIAN_POINT('',(4.95,1.515,-4.6E-02));
#7385 = VECTOR('',#7386,1.);
#7386 = DIRECTION('',(0.,0.,1.));
#7387 = PLANE('',#7388);
#7388 = AXIS2_PLACEMENT_3D('',#7389,#7390,#7391);
#7389 = CARTESIAN_POINT('',(4.95,0.515,-4.6E-02));
#7390 = DIRECTION('',(-1.,0.,0.));
#7391 = DIRECTION('',(0.,1.,0.));
#7392 = ADVANCED_FACE('',(#7393),#7404,.F.);
#7393 = FACE_BOUND('',#7394,.T.);
#7394 = EDGE_LOOP('',(#7395,#7396,#7397,#7398));
#7395 = ORIENTED_EDGE('',*,*,#7269,.T.);
#7396 = ORIENTED_EDGE('',*,*,#7382,.T.);
#7397 = ORIENTED_EDGE('',*,*,#7322,.F.);
#7398 = ORIENTED_EDGE('',*,*,#7399,.F.);
#7399 = EDGE_CURVE('',#7262,#7315,#7400,.T.);
#7400 = LINE('',#7401,#7402);
#7401 = CARTESIAN_POINT('',(4.6,1.515,-4.6E-02));
#7402 = VECTOR('',#7403,1.);
#7403 = DIRECTION('',(0.,0.,1.));
#7404 = CYLINDRICAL_SURFACE('',#7405,0.175);
#7405 = AXIS2_PLACEMENT_3D('',#7406,#7407,#7408);
#7406 = CARTESIAN_POINT('',(4.775,1.515,-4.6E-02));
#7407 = DIRECTION('',(-0.,-0.,-1.));
#7408 = DIRECTION('',(1.,1.268826313857E-15,-0.));
#7409 = ADVANCED_FACE('',(#7410),#7416,.T.);
#7410 = FACE_BOUND('',#7411,.T.);
#7411 = EDGE_LOOP('',(#7412,#7413,#7414,#7415));
#7412 = ORIENTED_EDGE('',*,*,#7261,.T.);
#7413 = ORIENTED_EDGE('',*,*,#7399,.T.);
#7414 = ORIENTED_EDGE('',*,*,#7314,.F.);
#7415 = ORIENTED_EDGE('',*,*,#7358,.F.);
#7416 = PLANE('',#7417);
#7417 = AXIS2_PLACEMENT_3D('',#7418,#7419,#7420);
#7418 = CARTESIAN_POINT('',(4.6,1.515,-4.6E-02));
#7419 = DIRECTION('',(1.,0.,-0.));
#7420 = DIRECTION('',(0.,-1.,0.));
#7421 = MANIFOLD_SOLID_BREP('',#7422);
#7422 = CLOSED_SHELL('',(#7423,#7463,#7494,#7525,#7578,#7631,#7643,#7665
    ,#7682,#7699));
#7423 = ADVANCED_FACE('',(#7424),#7458,.T.);
#7424 = FACE_BOUND('',#7425,.T.);
#7425 = EDGE_LOOP('',(#7426,#7436,#7444,#7452));
#7426 = ORIENTED_EDGE('',*,*,#7427,.T.);
#7427 = EDGE_CURVE('',#7428,#7430,#7432,.T.);
#7428 = VERTEX_POINT('',#7429);
#7429 = CARTESIAN_POINT('',(3.975,-6.685,0.91));
#7430 = VERTEX_POINT('',#7431);
#7431 = CARTESIAN_POINT('',(3.975,-6.685,0.95));
#7432 = LINE('',#7433,#7434);
#7433 = CARTESIAN_POINT('',(3.975,-6.685,0.91));
#7434 = VECTOR('',#7435,1.);
#7435 = DIRECTION('',(0.,0.,1.));
#7436 = ORIENTED_EDGE('',*,*,#7437,.T.);
#7437 = EDGE_CURVE('',#7430,#7438,#7440,.T.);
#7438 = VERTEX_POINT('',#7439);
#7439 = CARTESIAN_POINT('',(3.975,-4.085,0.95));
#7440 = LINE('',#7441,#7442);
#7441 = CARTESIAN_POINT('',(3.975,-6.685,0.95));
#7442 = VECTOR('',#7443,1.);
#7443 = DIRECTION('',(0.,1.,0.));
#7444 = ORIENTED_EDGE('',*,*,#7445,.F.);
#7445 = EDGE_CURVE('',#7446,#7438,#7448,.T.);
#7446 = VERTEX_POINT('',#7447);
#7447 = CARTESIAN_POINT('',(3.975,-4.085,0.91));
#7448 = LINE('',#7449,#7450);
#7449 = CARTESIAN_POINT('',(3.975,-4.085,0.91));
#7450 = VECTOR('',#7451,1.);
#7451 = DIRECTION('',(0.,0.,1.));
#7452 = ORIENTED_EDGE('',*,*,#7453,.F.);
#7453 = EDGE_CURVE('',#7428,#7446,#7454,.T.);
#7454 = LINE('',#7455,#7456);
#7455 = CARTESIAN_POINT('',(3.975,-6.685,0.91));
#7456 = VECTOR('',#7457,1.);
#7457 = DIRECTION('',(0.,1.,0.));
#7458 = PLANE('',#7459);
#7459 = AXIS2_PLACEMENT_3D('',#7460,#7461,#7462);
#7460 = CARTESIAN_POINT('',(3.975,-6.685,0.91));
#7461 = DIRECTION('',(-1.,0.,0.));
#7462 = DIRECTION('',(0.,1.,0.));
#7463 = ADVANCED_FACE('',(#7464),#7489,.T.);
#7464 = FACE_BOUND('',#7465,.T.);
#7465 = EDGE_LOOP('',(#7466,#7476,#7482,#7483));
#7466 = ORIENTED_EDGE('',*,*,#7467,.T.);
#7467 = EDGE_CURVE('',#7468,#7470,#7472,.T.);
#7468 = VERTEX_POINT('',#7469);
#7469 = CARTESIAN_POINT('',(5.575,-6.685,0.91));
#7470 = VERTEX_POINT('',#7471);
#7471 = CARTESIAN_POINT('',(5.575,-6.685,0.95));
#7472 = LINE('',#7473,#7474);
#7473 = CARTESIAN_POINT('',(5.575,-6.685,0.91));
#7474 = VECTOR('',#7475,1.);
#7475 = DIRECTION('',(0.,0.,1.));
#7476 = ORIENTED_EDGE('',*,*,#7477,.T.);
#7477 = EDGE_CURVE('',#7470,#7430,#7478,.T.);
#7478 = LINE('',#7479,#7480);
#7479 = CARTESIAN_POINT('',(5.575,-6.685,0.95));
#7480 = VECTOR('',#7481,1.);
#7481 = DIRECTION('',(-1.,0.,0.));
#7482 = ORIENTED_EDGE('',*,*,#7427,.F.);
#7483 = ORIENTED_EDGE('',*,*,#7484,.F.);
#7484 = EDGE_CURVE('',#7468,#7428,#7485,.T.);
#7485 = LINE('',#7486,#7487);
#7486 = CARTESIAN_POINT('',(5.575,-6.685,0.91));
#7487 = VECTOR('',#7488,1.);
#7488 = DIRECTION('',(-1.,0.,0.));
#7489 = PLANE('',#7490);
#7490 = AXIS2_PLACEMENT_3D('',#7491,#7492,#7493);
#7491 = CARTESIAN_POINT('',(5.575,-6.685,0.91));
#7492 = DIRECTION('',(0.,-1.,0.));
#7493 = DIRECTION('',(-1.,0.,0.));
#7494 = ADVANCED_FACE('',(#7495),#7520,.T.);
#7495 = FACE_BOUND('',#7496,.T.);
#7496 = EDGE_LOOP('',(#7497,#7498,#7506,#7514));
#7497 = ORIENTED_EDGE('',*,*,#7445,.T.);
#7498 = ORIENTED_EDGE('',*,*,#7499,.T.);
#7499 = EDGE_CURVE('',#7438,#7500,#7502,.T.);
#7500 = VERTEX_POINT('',#7501);
#7501 = CARTESIAN_POINT('',(5.575,-4.085,0.95));
#7502 = LINE('',#7503,#7504);
#7503 = CARTESIAN_POINT('',(3.975,-4.085,0.95));
#7504 = VECTOR('',#7505,1.);
#7505 = DIRECTION('',(1.,0.,0.));
#7506 = ORIENTED_EDGE('',*,*,#7507,.F.);
#7507 = EDGE_CURVE('',#7508,#7500,#7510,.T.);
#7508 = VERTEX_POINT('',#7509);
#7509 = CARTESIAN_POINT('',(5.575,-4.085,0.91));
#7510 = LINE('',#7511,#7512);
#7511 = CARTESIAN_POINT('',(5.575,-4.085,0.91));
#7512 = VECTOR('',#7513,1.);
#7513 = DIRECTION('',(0.,0.,1.));
#7514 = ORIENTED_EDGE('',*,*,#7515,.F.);
#7515 = EDGE_CURVE('',#7446,#7508,#7516,.T.);
#7516 = LINE('',#7517,#7518);
#7517 = CARTESIAN_POINT('',(3.975,-4.085,0.91));
#7518 = VECTOR('',#7519,1.);
#7519 = DIRECTION('',(1.,0.,0.));
#7520 = PLANE('',#7521);
#7521 = AXIS2_PLACEMENT_3D('',#7522,#7523,#7524);
#7522 = CARTESIAN_POINT('',(3.975,-4.085,0.91));
#7523 = DIRECTION('',(0.,1.,0.));
#7524 = DIRECTION('',(1.,0.,0.));
#7525 = ADVANCED_FACE('',(#7526,#7537),#7573,.F.);
#7526 = FACE_BOUND('',#7527,.F.);
#7527 = EDGE_LOOP('',(#7528,#7529,#7530,#7536));
#7528 = ORIENTED_EDGE('',*,*,#7453,.F.);
#7529 = ORIENTED_EDGE('',*,*,#7484,.F.);
#7530 = ORIENTED_EDGE('',*,*,#7531,.F.);
#7531 = EDGE_CURVE('',#7508,#7468,#7532,.T.);
#7532 = LINE('',#7533,#7534);
#7533 = CARTESIAN_POINT('',(5.575,-4.085,0.91));
#7534 = VECTOR('',#7535,1.);
#7535 = DIRECTION('',(0.,-1.,0.));
#7536 = ORIENTED_EDGE('',*,*,#7515,.F.);
#7537 = FACE_BOUND('',#7538,.F.);
#7538 = EDGE_LOOP('',(#7539,#7550,#7558,#7567));
#7539 = ORIENTED_EDGE('',*,*,#7540,.T.);
#7540 = EDGE_CURVE('',#7541,#7543,#7545,.T.);
#7541 = VERTEX_POINT('',#7542);
#7542 = CARTESIAN_POINT('',(4.95,-5.885,0.91));
#7543 = VERTEX_POINT('',#7544);
#7544 = CARTESIAN_POINT('',(4.6,-5.885,0.91));
#7545 = CIRCLE('',#7546,0.175);
#7546 = AXIS2_PLACEMENT_3D('',#7547,#7548,#7549);
#7547 = CARTESIAN_POINT('',(4.775,-5.885,0.91));
#7548 = DIRECTION('',(-0.,0.,-1.));
#7549 = DIRECTION('',(-1.,0.,0.));
#7550 = ORIENTED_EDGE('',*,*,#7551,.T.);
#7551 = EDGE_CURVE('',#7543,#7552,#7554,.T.);
#7552 = VERTEX_POINT('',#7553);
#7553 = CARTESIAN_POINT('',(4.6,-4.885,0.91));
#7554 = LINE('',#7555,#7556);
#7555 = CARTESIAN_POINT('',(4.6,-2.4425,0.91));
#7556 = VECTOR('',#7557,1.);
#7557 = DIRECTION('',(-0.,1.,0.));
#7558 = ORIENTED_EDGE('',*,*,#7559,.T.);
#7559 = EDGE_CURVE('',#7552,#7560,#7562,.T.);
#7560 = VERTEX_POINT('',#7561);
#7561 = CARTESIAN_POINT('',(4.95,-4.885,0.91));
#7562 = CIRCLE('',#7563,0.175);
#7563 = AXIS2_PLACEMENT_3D('',#7564,#7565,#7566);
#7564 = CARTESIAN_POINT('',(4.775,-4.885,0.91));
#7565 = DIRECTION('',(0.,-0.,-1.));
#7566 = DIRECTION('',(1.,0.,-0.));
#7567 = ORIENTED_EDGE('',*,*,#7568,.T.);
#7568 = EDGE_CURVE('',#7560,#7541,#7569,.T.);
#7569 = LINE('',#7570,#7571);
#7570 = CARTESIAN_POINT('',(4.95,-2.9425,0.91));
#7571 = VECTOR('',#7572,1.);
#7572 = DIRECTION('',(0.,-1.,0.));
#7573 = PLANE('',#7574);
#7574 = AXIS2_PLACEMENT_3D('',#7575,#7576,#7577);
#7575 = CARTESIAN_POINT('',(0.,0.,0.91));
#7576 = DIRECTION('',(0.,0.,1.));
#7577 = DIRECTION('',(1.,0.,-0.));
#7578 = ADVANCED_FACE('',(#7579,#7590),#7626,.T.);
#7579 = FACE_BOUND('',#7580,.T.);
#7580 = EDGE_LOOP('',(#7581,#7582,#7583,#7589));
#7581 = ORIENTED_EDGE('',*,*,#7437,.F.);
#7582 = ORIENTED_EDGE('',*,*,#7477,.F.);
#7583 = ORIENTED_EDGE('',*,*,#7584,.F.);
#7584 = EDGE_CURVE('',#7500,#7470,#7585,.T.);
#7585 = LINE('',#7586,#7587);
#7586 = CARTESIAN_POINT('',(5.575,-4.085,0.95));
#7587 = VECTOR('',#7588,1.);
#7588 = DIRECTION('',(0.,-1.,0.));
#7589 = ORIENTED_EDGE('',*,*,#7499,.F.);
#7590 = FACE_BOUND('',#7591,.T.);
#7591 = EDGE_LOOP('',(#7592,#7603,#7611,#7620));
#7592 = ORIENTED_EDGE('',*,*,#7593,.T.);
#7593 = EDGE_CURVE('',#7594,#7596,#7598,.T.);
#7594 = VERTEX_POINT('',#7595);
#7595 = CARTESIAN_POINT('',(4.95,-5.885,0.95));
#7596 = VERTEX_POINT('',#7597);
#7597 = CARTESIAN_POINT('',(4.6,-5.885,0.95));
#7598 = CIRCLE('',#7599,0.175);
#7599 = AXIS2_PLACEMENT_3D('',#7600,#7601,#7602);
#7600 = CARTESIAN_POINT('',(4.775,-5.885,0.95));
#7601 = DIRECTION('',(-0.,0.,-1.));
#7602 = DIRECTION('',(-1.,0.,0.));
#7603 = ORIENTED_EDGE('',*,*,#7604,.T.);
#7604 = EDGE_CURVE('',#7596,#7605,#7607,.T.);
#7605 = VERTEX_POINT('',#7606);
#7606 = CARTESIAN_POINT('',(4.6,-4.885,0.95));
#7607 = LINE('',#7608,#7609);
#7608 = CARTESIAN_POINT('',(4.6,-2.4425,0.95));
#7609 = VECTOR('',#7610,1.);
#7610 = DIRECTION('',(-0.,1.,0.));
#7611 = ORIENTED_EDGE('',*,*,#7612,.T.);
#7612 = EDGE_CURVE('',#7605,#7613,#7615,.T.);
#7613 = VERTEX_POINT('',#7614);
#7614 = CARTESIAN_POINT('',(4.95,-4.885,0.95));
#7615 = CIRCLE('',#7616,0.175);
#7616 = AXIS2_PLACEMENT_3D('',#7617,#7618,#7619);
#7617 = CARTESIAN_POINT('',(4.775,-4.885,0.95));
#7618 = DIRECTION('',(0.,-0.,-1.));
#7619 = DIRECTION('',(1.,0.,-0.));
#7620 = ORIENTED_EDGE('',*,*,#7621,.T.);
#7621 = EDGE_CURVE('',#7613,#7594,#7622,.T.);
#7622 = LINE('',#7623,#7624);
#7623 = CARTESIAN_POINT('',(4.95,-2.9425,0.95));
#7624 = VECTOR('',#7625,1.);
#7625 = DIRECTION('',(0.,-1.,0.));
#7626 = PLANE('',#7627);
#7627 = AXIS2_PLACEMENT_3D('',#7628,#7629,#7630);
#7628 = CARTESIAN_POINT('',(0.,0.,0.95));
#7629 = DIRECTION('',(0.,0.,1.));
#7630 = DIRECTION('',(1.,0.,-0.));
#7631 = ADVANCED_FACE('',(#7632),#7638,.T.);
#7632 = FACE_BOUND('',#7633,.T.);
#7633 = EDGE_LOOP('',(#7634,#7635,#7636,#7637));
#7634 = ORIENTED_EDGE('',*,*,#7507,.T.);
#7635 = ORIENTED_EDGE('',*,*,#7584,.T.);
#7636 = ORIENTED_EDGE('',*,*,#7467,.F.);
#7637 = ORIENTED_EDGE('',*,*,#7531,.F.);
#7638 = PLANE('',#7639);
#7639 = AXIS2_PLACEMENT_3D('',#7640,#7641,#7642);
#7640 = CARTESIAN_POINT('',(5.575,-4.085,0.91));
#7641 = DIRECTION('',(1.,0.,-0.));
#7642 = DIRECTION('',(0.,-1.,0.));
#7643 = ADVANCED_FACE('',(#7644),#7660,.F.);
#7644 = FACE_BOUND('',#7645,.T.);
#7645 = EDGE_LOOP('',(#7646,#7647,#7653,#7654));
#7646 = ORIENTED_EDGE('',*,*,#7540,.T.);
#7647 = ORIENTED_EDGE('',*,*,#7648,.T.);
#7648 = EDGE_CURVE('',#7543,#7596,#7649,.T.);
#7649 = LINE('',#7650,#7651);
#7650 = CARTESIAN_POINT('',(4.6,-5.885,-4.6E-02));
#7651 = VECTOR('',#7652,1.);
#7652 = DIRECTION('',(0.,0.,1.));
#7653 = ORIENTED_EDGE('',*,*,#7593,.F.);
#7654 = ORIENTED_EDGE('',*,*,#7655,.F.);
#7655 = EDGE_CURVE('',#7541,#7594,#7656,.T.);
#7656 = LINE('',#7657,#7658);
#7657 = CARTESIAN_POINT('',(4.95,-5.885,-4.6E-02));
#7658 = VECTOR('',#7659,1.);
#7659 = DIRECTION('',(0.,0.,1.));
#7660 = CYLINDRICAL_SURFACE('',#7661,0.175);
#7661 = AXIS2_PLACEMENT_3D('',#7662,#7663,#7664);
#7662 = CARTESIAN_POINT('',(4.775,-5.885,-4.6E-02));
#7663 = DIRECTION('',(-0.,-0.,-1.));
#7664 = DIRECTION('',(-1.,0.,-0.));
#7665 = ADVANCED_FACE('',(#7666),#7677,.T.);
#7666 = FACE_BOUND('',#7667,.T.);
#7667 = EDGE_LOOP('',(#7668,#7669,#7670,#7671));
#7668 = ORIENTED_EDGE('',*,*,#7568,.T.);
#7669 = ORIENTED_EDGE('',*,*,#7655,.T.);
#7670 = ORIENTED_EDGE('',*,*,#7621,.F.);
#7671 = ORIENTED_EDGE('',*,*,#7672,.F.);
#7672 = EDGE_CURVE('',#7560,#7613,#7673,.T.);
#7673 = LINE('',#7674,#7675);
#7674 = CARTESIAN_POINT('',(4.95,-4.885,-4.6E-02));
#7675 = VECTOR('',#7676,1.);
#7676 = DIRECTION('',(0.,0.,1.));
#7677 = PLANE('',#7678);
#7678 = AXIS2_PLACEMENT_3D('',#7679,#7680,#7681);
#7679 = CARTESIAN_POINT('',(4.95,-5.885,-4.6E-02));
#7680 = DIRECTION('',(-1.,0.,0.));
#7681 = DIRECTION('',(0.,1.,0.));
#7682 = ADVANCED_FACE('',(#7683),#7694,.F.);
#7683 = FACE_BOUND('',#7684,.T.);
#7684 = EDGE_LOOP('',(#7685,#7686,#7687,#7688));
#7685 = ORIENTED_EDGE('',*,*,#7559,.T.);
#7686 = ORIENTED_EDGE('',*,*,#7672,.T.);
#7687 = ORIENTED_EDGE('',*,*,#7612,.F.);
#7688 = ORIENTED_EDGE('',*,*,#7689,.F.);
#7689 = EDGE_CURVE('',#7552,#7605,#7690,.T.);
#7690 = LINE('',#7691,#7692);
#7691 = CARTESIAN_POINT('',(4.6,-4.885,-4.6E-02));
#7692 = VECTOR('',#7693,1.);
#7693 = DIRECTION('',(0.,0.,1.));
#7694 = CYLINDRICAL_SURFACE('',#7695,0.175);
#7695 = AXIS2_PLACEMENT_3D('',#7696,#7697,#7698);
#7696 = CARTESIAN_POINT('',(4.775,-4.885,-4.6E-02));
#7697 = DIRECTION('',(-0.,-0.,-1.));
#7698 = DIRECTION('',(1.,0.,-0.));
#7699 = ADVANCED_FACE('',(#7700),#7706,.T.);
#7700 = FACE_BOUND('',#7701,.T.);
#7701 = EDGE_LOOP('',(#7702,#7703,#7704,#7705));
#7702 = ORIENTED_EDGE('',*,*,#7551,.T.);
#7703 = ORIENTED_EDGE('',*,*,#7689,.T.);
#7704 = ORIENTED_EDGE('',*,*,#7604,.F.);
#7705 = ORIENTED_EDGE('',*,*,#7648,.F.);
#7706 = PLANE('',#7707);
#7707 = AXIS2_PLACEMENT_3D('',#7708,#7709,#7710);
#7708 = CARTESIAN_POINT('',(4.6,-4.885,-4.6E-02));
#7709 = DIRECTION('',(1.,0.,-0.));
#7710 = DIRECTION('',(0.,-1.,0.));
#7711 = MANIFOLD_SOLID_BREP('',#7712);
#7712 = CLOSED_SHELL('',(#7713,#7753,#7784,#7815,#7868,#7921,#7933,#7955
    ,#7972,#7989));
#7713 = ADVANCED_FACE('',(#7714),#7748,.F.);
#7714 = FACE_BOUND('',#7715,.F.);
#7715 = EDGE_LOOP('',(#7716,#7726,#7734,#7742));
#7716 = ORIENTED_EDGE('',*,*,#7717,.T.);
#7717 = EDGE_CURVE('',#7718,#7720,#7722,.T.);
#7718 = VERTEX_POINT('',#7719);
#7719 = CARTESIAN_POINT('',(3.975,-6.685,0.));
#7720 = VERTEX_POINT('',#7721);
#7721 = CARTESIAN_POINT('',(3.975,-6.685,-4.E-02));
#7722 = LINE('',#7723,#7724);
#7723 = CARTESIAN_POINT('',(3.975,-6.685,0.));
#7724 = VECTOR('',#7725,1.);
#7725 = DIRECTION('',(0.,0.,-1.));
#7726 = ORIENTED_EDGE('',*,*,#7727,.T.);
#7727 = EDGE_CURVE('',#7720,#7728,#7730,.T.);
#7728 = VERTEX_POINT('',#7729);
#7729 = CARTESIAN_POINT('',(3.975,-4.085,-4.E-02));
#7730 = LINE('',#7731,#7732);
#7731 = CARTESIAN_POINT('',(3.975,-6.685,-4.E-02));
#7732 = VECTOR('',#7733,1.);
#7733 = DIRECTION('',(0.,1.,0.));
#7734 = ORIENTED_EDGE('',*,*,#7735,.F.);
#7735 = EDGE_CURVE('',#7736,#7728,#7738,.T.);
#7736 = VERTEX_POINT('',#7737);
#7737 = CARTESIAN_POINT('',(3.975,-4.085,0.));
#7738 = LINE('',#7739,#7740);
#7739 = CARTESIAN_POINT('',(3.975,-4.085,0.));
#7740 = VECTOR('',#7741,1.);
#7741 = DIRECTION('',(0.,0.,-1.));
#7742 = ORIENTED_EDGE('',*,*,#7743,.F.);
#7743 = EDGE_CURVE('',#7718,#7736,#7744,.T.);
#7744 = LINE('',#7745,#7746);
#7745 = CARTESIAN_POINT('',(3.975,-6.685,0.));
#7746 = VECTOR('',#7747,1.);
#7747 = DIRECTION('',(0.,1.,0.));
#7748 = PLANE('',#7749);
#7749 = AXIS2_PLACEMENT_3D('',#7750,#7751,#7752);
#7750 = CARTESIAN_POINT('',(3.975,-6.685,0.));
#7751 = DIRECTION('',(1.,-0.,0.));
#7752 = DIRECTION('',(0.,1.,0.));
#7753 = ADVANCED_FACE('',(#7754),#7779,.F.);
#7754 = FACE_BOUND('',#7755,.F.);
#7755 = EDGE_LOOP('',(#7756,#7766,#7772,#7773));
#7756 = ORIENTED_EDGE('',*,*,#7757,.T.);
#7757 = EDGE_CURVE('',#7758,#7760,#7762,.T.);
#7758 = VERTEX_POINT('',#7759);
#7759 = CARTESIAN_POINT('',(5.575,-6.685,0.));
#7760 = VERTEX_POINT('',#7761);
#7761 = CARTESIAN_POINT('',(5.575,-6.685,-4.E-02));
#7762 = LINE('',#7763,#7764);
#7763 = CARTESIAN_POINT('',(5.575,-6.685,0.));
#7764 = VECTOR('',#7765,1.);
#7765 = DIRECTION('',(0.,0.,-1.));
#7766 = ORIENTED_EDGE('',*,*,#7767,.T.);
#7767 = EDGE_CURVE('',#7760,#7720,#7768,.T.);
#7768 = LINE('',#7769,#7770);
#7769 = CARTESIAN_POINT('',(5.575,-6.685,-4.E-02));
#7770 = VECTOR('',#7771,1.);
#7771 = DIRECTION('',(-1.,0.,0.));
#7772 = ORIENTED_EDGE('',*,*,#7717,.F.);
#7773 = ORIENTED_EDGE('',*,*,#7774,.F.);
#7774 = EDGE_CURVE('',#7758,#7718,#7775,.T.);
#7775 = LINE('',#7776,#7777);
#7776 = CARTESIAN_POINT('',(5.575,-6.685,0.));
#7777 = VECTOR('',#7778,1.);
#7778 = DIRECTION('',(-1.,0.,0.));
#7779 = PLANE('',#7780);
#7780 = AXIS2_PLACEMENT_3D('',#7781,#7782,#7783);
#7781 = CARTESIAN_POINT('',(5.575,-6.685,0.));
#7782 = DIRECTION('',(0.,1.,0.));
#7783 = DIRECTION('',(-1.,0.,0.));
#7784 = ADVANCED_FACE('',(#7785),#7810,.F.);
#7785 = FACE_BOUND('',#7786,.F.);
#7786 = EDGE_LOOP('',(#7787,#7788,#7796,#7804));
#7787 = ORIENTED_EDGE('',*,*,#7735,.T.);
#7788 = ORIENTED_EDGE('',*,*,#7789,.T.);
#7789 = EDGE_CURVE('',#7728,#7790,#7792,.T.);
#7790 = VERTEX_POINT('',#7791);
#7791 = CARTESIAN_POINT('',(5.575,-4.085,-4.E-02));
#7792 = LINE('',#7793,#7794);
#7793 = CARTESIAN_POINT('',(3.975,-4.085,-4.E-02));
#7794 = VECTOR('',#7795,1.);
#7795 = DIRECTION('',(1.,0.,0.));
#7796 = ORIENTED_EDGE('',*,*,#7797,.F.);
#7797 = EDGE_CURVE('',#7798,#7790,#7800,.T.);
#7798 = VERTEX_POINT('',#7799);
#7799 = CARTESIAN_POINT('',(5.575,-4.085,0.));
#7800 = LINE('',#7801,#7802);
#7801 = CARTESIAN_POINT('',(5.575,-4.085,0.));
#7802 = VECTOR('',#7803,1.);
#7803 = DIRECTION('',(0.,0.,-1.));
#7804 = ORIENTED_EDGE('',*,*,#7805,.F.);
#7805 = EDGE_CURVE('',#7736,#7798,#7806,.T.);
#7806 = LINE('',#7807,#7808);
#7807 = CARTESIAN_POINT('',(3.975,-4.085,0.));
#7808 = VECTOR('',#7809,1.);
#7809 = DIRECTION('',(1.,0.,0.));
#7810 = PLANE('',#7811);
#7811 = AXIS2_PLACEMENT_3D('',#7812,#7813,#7814);
#7812 = CARTESIAN_POINT('',(3.975,-4.085,0.));
#7813 = DIRECTION('',(0.,-1.,0.));
#7814 = DIRECTION('',(1.,0.,0.));
#7815 = ADVANCED_FACE('',(#7816,#7827),#7863,.F.);
#7816 = FACE_BOUND('',#7817,.F.);
#7817 = EDGE_LOOP('',(#7818,#7819,#7820,#7826));
#7818 = ORIENTED_EDGE('',*,*,#7743,.T.);
#7819 = ORIENTED_EDGE('',*,*,#7805,.T.);
#7820 = ORIENTED_EDGE('',*,*,#7821,.T.);
#7821 = EDGE_CURVE('',#7798,#7758,#7822,.T.);
#7822 = LINE('',#7823,#7824);
#7823 = CARTESIAN_POINT('',(5.575,-4.085,0.));
#7824 = VECTOR('',#7825,1.);
#7825 = DIRECTION('',(0.,-1.,0.));
#7826 = ORIENTED_EDGE('',*,*,#7774,.T.);
#7827 = FACE_BOUND('',#7828,.F.);
#7828 = EDGE_LOOP('',(#7829,#7840,#7848,#7857));
#7829 = ORIENTED_EDGE('',*,*,#7830,.F.);
#7830 = EDGE_CURVE('',#7831,#7833,#7835,.T.);
#7831 = VERTEX_POINT('',#7832);
#7832 = CARTESIAN_POINT('',(4.6,-4.885,0.));
#7833 = VERTEX_POINT('',#7834);
#7834 = CARTESIAN_POINT('',(4.95,-4.885,0.));
#7835 = CIRCLE('',#7836,0.175);
#7836 = AXIS2_PLACEMENT_3D('',#7837,#7838,#7839);
#7837 = CARTESIAN_POINT('',(4.775,-4.885,0.));
#7838 = DIRECTION('',(0.,-0.,-1.));
#7839 = DIRECTION('',(1.,0.,-0.));
#7840 = ORIENTED_EDGE('',*,*,#7841,.T.);
#7841 = EDGE_CURVE('',#7831,#7842,#7844,.T.);
#7842 = VERTEX_POINT('',#7843);
#7843 = CARTESIAN_POINT('',(4.6,-5.885,0.));
#7844 = LINE('',#7845,#7846);
#7845 = CARTESIAN_POINT('',(4.6,-2.4425,0.));
#7846 = VECTOR('',#7847,1.);
#7847 = DIRECTION('',(0.,-1.,0.));
#7848 = ORIENTED_EDGE('',*,*,#7849,.F.);
#7849 = EDGE_CURVE('',#7850,#7842,#7852,.T.);
#7850 = VERTEX_POINT('',#7851);
#7851 = CARTESIAN_POINT('',(4.95,-5.885,0.));
#7852 = CIRCLE('',#7853,0.175);
#7853 = AXIS2_PLACEMENT_3D('',#7854,#7855,#7856);
#7854 = CARTESIAN_POINT('',(4.775,-5.885,0.));
#7855 = DIRECTION('',(-0.,0.,-1.));
#7856 = DIRECTION('',(-1.,0.,0.));
#7857 = ORIENTED_EDGE('',*,*,#7858,.T.);
#7858 = EDGE_CURVE('',#7850,#7833,#7859,.T.);
#7859 = LINE('',#7860,#7861);
#7860 = CARTESIAN_POINT('',(4.95,-2.9425,0.));
#7861 = VECTOR('',#7862,1.);
#7862 = DIRECTION('',(0.,1.,-0.));
#7863 = PLANE('',#7864);
#7864 = AXIS2_PLACEMENT_3D('',#7865,#7866,#7867);
#7865 = CARTESIAN_POINT('',(0.,0.,0.));
#7866 = DIRECTION('',(-0.,-0.,-1.));
#7867 = DIRECTION('',(-1.,0.,0.));
#7868 = ADVANCED_FACE('',(#7869,#7880),#7916,.T.);
#7869 = FACE_BOUND('',#7870,.T.);
#7870 = EDGE_LOOP('',(#7871,#7872,#7873,#7879));
#7871 = ORIENTED_EDGE('',*,*,#7727,.T.);
#7872 = ORIENTED_EDGE('',*,*,#7789,.T.);
#7873 = ORIENTED_EDGE('',*,*,#7874,.T.);
#7874 = EDGE_CURVE('',#7790,#7760,#7875,.T.);
#7875 = LINE('',#7876,#7877);
#7876 = CARTESIAN_POINT('',(5.575,-4.085,-4.E-02));
#7877 = VECTOR('',#7878,1.);
#7878 = DIRECTION('',(0.,-1.,0.));
#7879 = ORIENTED_EDGE('',*,*,#7767,.T.);
#7880 = FACE_BOUND('',#7881,.T.);
#7881 = EDGE_LOOP('',(#7882,#7893,#7901,#7910));
#7882 = ORIENTED_EDGE('',*,*,#7883,.F.);
#7883 = EDGE_CURVE('',#7884,#7886,#7888,.T.);
#7884 = VERTEX_POINT('',#7885);
#7885 = CARTESIAN_POINT('',(4.6,-4.885,-4.E-02));
#7886 = VERTEX_POINT('',#7887);
#7887 = CARTESIAN_POINT('',(4.95,-4.885,-4.E-02));
#7888 = CIRCLE('',#7889,0.175);
#7889 = AXIS2_PLACEMENT_3D('',#7890,#7891,#7892);
#7890 = CARTESIAN_POINT('',(4.775,-4.885,-4.E-02));
#7891 = DIRECTION('',(0.,-0.,-1.));
#7892 = DIRECTION('',(1.,0.,-0.));
#7893 = ORIENTED_EDGE('',*,*,#7894,.T.);
#7894 = EDGE_CURVE('',#7884,#7895,#7897,.T.);
#7895 = VERTEX_POINT('',#7896);
#7896 = CARTESIAN_POINT('',(4.6,-5.885,-4.E-02));
#7897 = LINE('',#7898,#7899);
#7898 = CARTESIAN_POINT('',(4.6,-2.4425,-4.E-02));
#7899 = VECTOR('',#7900,1.);
#7900 = DIRECTION('',(0.,-1.,0.));
#7901 = ORIENTED_EDGE('',*,*,#7902,.F.);
#7902 = EDGE_CURVE('',#7903,#7895,#7905,.T.);
#7903 = VERTEX_POINT('',#7904);
#7904 = CARTESIAN_POINT('',(4.95,-5.885,-4.E-02));
#7905 = CIRCLE('',#7906,0.175);
#7906 = AXIS2_PLACEMENT_3D('',#7907,#7908,#7909);
#7907 = CARTESIAN_POINT('',(4.775,-5.885,-4.E-02));
#7908 = DIRECTION('',(-0.,0.,-1.));
#7909 = DIRECTION('',(-1.,0.,0.));
#7910 = ORIENTED_EDGE('',*,*,#7911,.T.);
#7911 = EDGE_CURVE('',#7903,#7886,#7912,.T.);
#7912 = LINE('',#7913,#7914);
#7913 = CARTESIAN_POINT('',(4.95,-2.9425,-4.E-02));
#7914 = VECTOR('',#7915,1.);
#7915 = DIRECTION('',(0.,1.,-0.));
#7916 = PLANE('',#7917);
#7917 = AXIS2_PLACEMENT_3D('',#7918,#7919,#7920);
#7918 = CARTESIAN_POINT('',(0.,0.,-4.E-02));
#7919 = DIRECTION('',(-0.,-0.,-1.));
#7920 = DIRECTION('',(-1.,0.,0.));
#7921 = ADVANCED_FACE('',(#7922),#7928,.F.);
#7922 = FACE_BOUND('',#7923,.F.);
#7923 = EDGE_LOOP('',(#7924,#7925,#7926,#7927));
#7924 = ORIENTED_EDGE('',*,*,#7797,.T.);
#7925 = ORIENTED_EDGE('',*,*,#7874,.T.);
#7926 = ORIENTED_EDGE('',*,*,#7757,.F.);
#7927 = ORIENTED_EDGE('',*,*,#7821,.F.);
#7928 = PLANE('',#7929);
#7929 = AXIS2_PLACEMENT_3D('',#7930,#7931,#7932);
#7930 = CARTESIAN_POINT('',(5.575,-4.085,0.));
#7931 = DIRECTION('',(-1.,-0.,-0.));
#7932 = DIRECTION('',(0.,-1.,0.));
#7933 = ADVANCED_FACE('',(#7934),#7950,.F.);
#7934 = FACE_BOUND('',#7935,.T.);
#7935 = EDGE_LOOP('',(#7936,#7937,#7943,#7944));
#7936 = ORIENTED_EDGE('',*,*,#7883,.T.);
#7937 = ORIENTED_EDGE('',*,*,#7938,.T.);
#7938 = EDGE_CURVE('',#7886,#7833,#7939,.T.);
#7939 = LINE('',#7940,#7941);
#7940 = CARTESIAN_POINT('',(4.95,-4.885,-4.6E-02));
#7941 = VECTOR('',#7942,1.);
#7942 = DIRECTION('',(0.,0.,1.));
#7943 = ORIENTED_EDGE('',*,*,#7830,.F.);
#7944 = ORIENTED_EDGE('',*,*,#7945,.F.);
#7945 = EDGE_CURVE('',#7884,#7831,#7946,.T.);
#7946 = LINE('',#7947,#7948);
#7947 = CARTESIAN_POINT('',(4.6,-4.885,-4.6E-02));
#7948 = VECTOR('',#7949,1.);
#7949 = DIRECTION('',(0.,0.,1.));
#7950 = CYLINDRICAL_SURFACE('',#7951,0.175);
#7951 = AXIS2_PLACEMENT_3D('',#7952,#7953,#7954);
#7952 = CARTESIAN_POINT('',(4.775,-4.885,-4.6E-02));
#7953 = DIRECTION('',(-0.,-0.,-1.));
#7954 = DIRECTION('',(1.,0.,-0.));
#7955 = ADVANCED_FACE('',(#7956),#7967,.T.);
#7956 = FACE_BOUND('',#7957,.T.);
#7957 = EDGE_LOOP('',(#7958,#7959,#7965,#7966));
#7958 = ORIENTED_EDGE('',*,*,#7911,.F.);
#7959 = ORIENTED_EDGE('',*,*,#7960,.T.);
#7960 = EDGE_CURVE('',#7903,#7850,#7961,.T.);
#7961 = LINE('',#7962,#7963);
#7962 = CARTESIAN_POINT('',(4.95,-5.885,-4.6E-02));
#7963 = VECTOR('',#7964,1.);
#7964 = DIRECTION('',(0.,0.,1.));
#7965 = ORIENTED_EDGE('',*,*,#7858,.T.);
#7966 = ORIENTED_EDGE('',*,*,#7938,.F.);
#7967 = PLANE('',#7968);
#7968 = AXIS2_PLACEMENT_3D('',#7969,#7970,#7971);
#7969 = CARTESIAN_POINT('',(4.95,-5.885,-4.6E-02));
#7970 = DIRECTION('',(-1.,0.,0.));
#7971 = DIRECTION('',(0.,1.,0.));
#7972 = ADVANCED_FACE('',(#7973),#7984,.F.);
#7973 = FACE_BOUND('',#7974,.T.);
#7974 = EDGE_LOOP('',(#7975,#7976,#7982,#7983));
#7975 = ORIENTED_EDGE('',*,*,#7902,.T.);
#7976 = ORIENTED_EDGE('',*,*,#7977,.T.);
#7977 = EDGE_CURVE('',#7895,#7842,#7978,.T.);
#7978 = LINE('',#7979,#7980);
#7979 = CARTESIAN_POINT('',(4.6,-5.885,-4.6E-02));
#7980 = VECTOR('',#7981,1.);
#7981 = DIRECTION('',(0.,0.,1.));
#7982 = ORIENTED_EDGE('',*,*,#7849,.F.);
#7983 = ORIENTED_EDGE('',*,*,#7960,.F.);
#7984 = CYLINDRICAL_SURFACE('',#7985,0.175);
#7985 = AXIS2_PLACEMENT_3D('',#7986,#7987,#7988);
#7986 = CARTESIAN_POINT('',(4.775,-5.885,-4.6E-02));
#7987 = DIRECTION('',(-0.,-0.,-1.));
#7988 = DIRECTION('',(-1.,0.,-0.));
#7989 = ADVANCED_FACE('',(#7990),#7996,.T.);
#7990 = FACE_BOUND('',#7991,.T.);
#7991 = EDGE_LOOP('',(#7992,#7993,#7994,#7995));
#7992 = ORIENTED_EDGE('',*,*,#7894,.F.);
#7993 = ORIENTED_EDGE('',*,*,#7945,.T.);
#7994 = ORIENTED_EDGE('',*,*,#7841,.T.);
#7995 = ORIENTED_EDGE('',*,*,#7977,.F.);
#7996 = PLANE('',#7997);
#7997 = AXIS2_PLACEMENT_3D('',#7998,#7999,#8000);
#7998 = CARTESIAN_POINT('',(4.6,-4.885,-4.6E-02));
#7999 = DIRECTION('',(1.,0.,-0.));
#8000 = DIRECTION('',(0.,-1.,0.));
#8001 = MANIFOLD_SOLID_BREP('',#8002);
#8002 = CLOSED_SHELL('',(#8003,#8043,#8076,#8109,#8162,#8215,#8227,#8249
    ,#8266,#8283));
#8003 = ADVANCED_FACE('',(#8004),#8038,.F.);
#8004 = FACE_BOUND('',#8005,.F.);
#8005 = EDGE_LOOP('',(#8006,#8016,#8024,#8032));
#8006 = ORIENTED_EDGE('',*,*,#8007,.T.);
#8007 = EDGE_CURVE('',#8008,#8010,#8012,.T.);
#8008 = VERTEX_POINT('',#8009);
#8009 = CARTESIAN_POINT('',(4.575,-4.885,-4.E-02));
#8010 = VERTEX_POINT('',#8011);
#8011 = CARTESIAN_POINT('',(4.575,-4.885,0.95));
#8012 = LINE('',#8013,#8014);
#8013 = CARTESIAN_POINT('',(4.575,-4.885,-4.E-02));
#8014 = VECTOR('',#8015,1.);
#8015 = DIRECTION('',(0.,0.,1.));
#8016 = ORIENTED_EDGE('',*,*,#8017,.T.);
#8017 = EDGE_CURVE('',#8010,#8018,#8020,.T.);
#8018 = VERTEX_POINT('',#8019);
#8019 = CARTESIAN_POINT('',(4.575,-5.885,0.95));
#8020 = LINE('',#8021,#8022);
#8021 = CARTESIAN_POINT('',(4.575,-4.885,0.95));
#8022 = VECTOR('',#8023,1.);
#8023 = DIRECTION('',(0.,-1.,0.));
#8024 = ORIENTED_EDGE('',*,*,#8025,.F.);
#8025 = EDGE_CURVE('',#8026,#8018,#8028,.T.);
#8026 = VERTEX_POINT('',#8027);
#8027 = CARTESIAN_POINT('',(4.575,-5.885,-4.E-02));
#8028 = LINE('',#8029,#8030);
#8029 = CARTESIAN_POINT('',(4.575,-5.885,-4.E-02));
#8030 = VECTOR('',#8031,1.);
#8031 = DIRECTION('',(0.,0.,1.));
#8032 = ORIENTED_EDGE('',*,*,#8033,.F.);
#8033 = EDGE_CURVE('',#8008,#8026,#8034,.T.);
#8034 = LINE('',#8035,#8036);
#8035 = CARTESIAN_POINT('',(4.575,-4.885,-4.E-02));
#8036 = VECTOR('',#8037,1.);
#8037 = DIRECTION('',(0.,-1.,0.));
#8038 = PLANE('',#8039);
#8039 = AXIS2_PLACEMENT_3D('',#8040,#8041,#8042);
#8040 = CARTESIAN_POINT('',(4.575,-4.885,-4.E-02));
#8041 = DIRECTION('',(1.,0.,-0.));
#8042 = DIRECTION('',(0.,-1.,0.));
#8043 = ADVANCED_FACE('',(#8044),#8071,.T.);
#8044 = FACE_BOUND('',#8045,.F.);
#8045 = EDGE_LOOP('',(#8046,#8056,#8063,#8064));
#8046 = ORIENTED_EDGE('',*,*,#8047,.T.);
#8047 = EDGE_CURVE('',#8048,#8050,#8052,.T.);
#8048 = VERTEX_POINT('',#8049);
#8049 = CARTESIAN_POINT('',(4.975,-4.885,-4.E-02));
#8050 = VERTEX_POINT('',#8051);
#8051 = CARTESIAN_POINT('',(4.975,-4.885,0.95));
#8052 = LINE('',#8053,#8054);
#8053 = CARTESIAN_POINT('',(4.975,-4.885,-4.E-02));
#8054 = VECTOR('',#8055,1.);
#8055 = DIRECTION('',(0.,0.,1.));
#8056 = ORIENTED_EDGE('',*,*,#8057,.T.);
#8057 = EDGE_CURVE('',#8050,#8010,#8058,.T.);
#8058 = CIRCLE('',#8059,0.2);
#8059 = AXIS2_PLACEMENT_3D('',#8060,#8061,#8062);
#8060 = CARTESIAN_POINT('',(4.775,-4.885,0.95));
#8061 = DIRECTION('',(0.,0.,1.));
#8062 = DIRECTION('',(1.,0.,-0.));
#8063 = ORIENTED_EDGE('',*,*,#8007,.F.);
#8064 = ORIENTED_EDGE('',*,*,#8065,.F.);
#8065 = EDGE_CURVE('',#8048,#8008,#8066,.T.);
#8066 = CIRCLE('',#8067,0.2);
#8067 = AXIS2_PLACEMENT_3D('',#8068,#8069,#8070);
#8068 = CARTESIAN_POINT('',(4.775,-4.885,-4.E-02));
#8069 = DIRECTION('',(0.,0.,1.));
#8070 = DIRECTION('',(1.,0.,-0.));
#8071 = CYLINDRICAL_SURFACE('',#8072,0.2);
#8072 = AXIS2_PLACEMENT_3D('',#8073,#8074,#8075);
#8073 = CARTESIAN_POINT('',(4.775,-4.885,-4.E-02));
#8074 = DIRECTION('',(-0.,-0.,-1.));
#8075 = DIRECTION('',(1.,0.,-0.));
#8076 = ADVANCED_FACE('',(#8077),#8104,.T.);
#8077 = FACE_BOUND('',#8078,.F.);
#8078 = EDGE_LOOP('',(#8079,#8080,#8089,#8097));
#8079 = ORIENTED_EDGE('',*,*,#8025,.T.);
#8080 = ORIENTED_EDGE('',*,*,#8081,.T.);
#8081 = EDGE_CURVE('',#8018,#8082,#8084,.T.);
#8082 = VERTEX_POINT('',#8083);
#8083 = CARTESIAN_POINT('',(4.975,-5.885,0.95));
#8084 = CIRCLE('',#8085,0.2);
#8085 = AXIS2_PLACEMENT_3D('',#8086,#8087,#8088);
#8086 = CARTESIAN_POINT('',(4.775,-5.885,0.95));
#8087 = DIRECTION('',(0.,0.,1.));
#8088 = DIRECTION('',(-1.,0.,-0.));
#8089 = ORIENTED_EDGE('',*,*,#8090,.F.);
#8090 = EDGE_CURVE('',#8091,#8082,#8093,.T.);
#8091 = VERTEX_POINT('',#8092);
#8092 = CARTESIAN_POINT('',(4.975,-5.885,-4.E-02));
#8093 = LINE('',#8094,#8095);
#8094 = CARTESIAN_POINT('',(4.975,-5.885,-4.E-02));
#8095 = VECTOR('',#8096,1.);
#8096 = DIRECTION('',(0.,0.,1.));
#8097 = ORIENTED_EDGE('',*,*,#8098,.F.);
#8098 = EDGE_CURVE('',#8026,#8091,#8099,.T.);
#8099 = CIRCLE('',#8100,0.2);
#8100 = AXIS2_PLACEMENT_3D('',#8101,#8102,#8103);
#8101 = CARTESIAN_POINT('',(4.775,-5.885,-4.E-02));
#8102 = DIRECTION('',(0.,0.,1.));
#8103 = DIRECTION('',(-1.,0.,-0.));
#8104 = CYLINDRICAL_SURFACE('',#8105,0.2);
#8105 = AXIS2_PLACEMENT_3D('',#8106,#8107,#8108);
#8106 = CARTESIAN_POINT('',(4.775,-5.885,-4.E-02));
#8107 = DIRECTION('',(-0.,-0.,-1.));
#8108 = DIRECTION('',(-1.,0.,-0.));
#8109 = ADVANCED_FACE('',(#8110,#8121),#8157,.F.);
#8110 = FACE_BOUND('',#8111,.F.);
#8111 = EDGE_LOOP('',(#8112,#8113,#8114,#8120));
#8112 = ORIENTED_EDGE('',*,*,#8033,.T.);
#8113 = ORIENTED_EDGE('',*,*,#8098,.T.);
#8114 = ORIENTED_EDGE('',*,*,#8115,.T.);
#8115 = EDGE_CURVE('',#8091,#8048,#8116,.T.);
#8116 = LINE('',#8117,#8118);
#8117 = CARTESIAN_POINT('',(4.975,-5.885,-4.E-02));
#8118 = VECTOR('',#8119,1.);
#8119 = DIRECTION('',(0.,1.,0.));
#8120 = ORIENTED_EDGE('',*,*,#8065,.T.);
#8121 = FACE_BOUND('',#8122,.F.);
#8122 = EDGE_LOOP('',(#8123,#8134,#8142,#8151));
#8123 = ORIENTED_EDGE('',*,*,#8124,.T.);
#8124 = EDGE_CURVE('',#8125,#8127,#8129,.T.);
#8125 = VERTEX_POINT('',#8126);
#8126 = CARTESIAN_POINT('',(4.95,-5.885,-4.E-02));
#8127 = VERTEX_POINT('',#8128);
#8128 = CARTESIAN_POINT('',(4.6,-5.885,-4.E-02));
#8129 = CIRCLE('',#8130,0.175);
#8130 = AXIS2_PLACEMENT_3D('',#8131,#8132,#8133);
#8131 = CARTESIAN_POINT('',(4.775,-5.885,-4.E-02));
#8132 = DIRECTION('',(-0.,0.,-1.));
#8133 = DIRECTION('',(-1.,0.,0.));
#8134 = ORIENTED_EDGE('',*,*,#8135,.T.);
#8135 = EDGE_CURVE('',#8127,#8136,#8138,.T.);
#8136 = VERTEX_POINT('',#8137);
#8137 = CARTESIAN_POINT('',(4.6,-4.885,-4.E-02));
#8138 = LINE('',#8139,#8140);
#8139 = CARTESIAN_POINT('',(4.6,-4.885,-4.E-02));
#8140 = VECTOR('',#8141,1.);
#8141 = DIRECTION('',(-0.,1.,0.));
#8142 = ORIENTED_EDGE('',*,*,#8143,.T.);
#8143 = EDGE_CURVE('',#8136,#8144,#8146,.T.);
#8144 = VERTEX_POINT('',#8145);
#8145 = CARTESIAN_POINT('',(4.95,-4.885,-4.E-02));
#8146 = CIRCLE('',#8147,0.175);
#8147 = AXIS2_PLACEMENT_3D('',#8148,#8149,#8150);
#8148 = CARTESIAN_POINT('',(4.775,-4.885,-4.E-02));
#8149 = DIRECTION('',(0.,-0.,-1.));
#8150 = DIRECTION('',(1.,0.,-0.));
#8151 = ORIENTED_EDGE('',*,*,#8152,.T.);
#8152 = EDGE_CURVE('',#8144,#8125,#8153,.T.);
#8153 = LINE('',#8154,#8155);
#8154 = CARTESIAN_POINT('',(4.95,-5.385,-4.E-02));
#8155 = VECTOR('',#8156,1.);
#8156 = DIRECTION('',(0.,-1.,0.));
#8157 = PLANE('',#8158);
#8158 = AXIS2_PLACEMENT_3D('',#8159,#8160,#8161);
#8159 = CARTESIAN_POINT('',(4.575,-4.885,-4.E-02));
#8160 = DIRECTION('',(0.,0.,1.));
#8161 = DIRECTION('',(1.,0.,-0.));
#8162 = ADVANCED_FACE('',(#8163,#8174),#8210,.T.);
#8163 = FACE_BOUND('',#8164,.T.);
#8164 = EDGE_LOOP('',(#8165,#8166,#8167,#8173));
#8165 = ORIENTED_EDGE('',*,*,#8017,.T.);
#8166 = ORIENTED_EDGE('',*,*,#8081,.T.);
#8167 = ORIENTED_EDGE('',*,*,#8168,.T.);
#8168 = EDGE_CURVE('',#8082,#8050,#8169,.T.);
#8169 = LINE('',#8170,#8171);
#8170 = CARTESIAN_POINT('',(4.975,-5.885,0.95));
#8171 = VECTOR('',#8172,1.);
#8172 = DIRECTION('',(0.,1.,0.));
#8173 = ORIENTED_EDGE('',*,*,#8057,.T.);
#8174 = FACE_BOUND('',#8175,.T.);
#8175 = EDGE_LOOP('',(#8176,#8187,#8195,#8204));
#8176 = ORIENTED_EDGE('',*,*,#8177,.T.);
#8177 = EDGE_CURVE('',#8178,#8180,#8182,.T.);
#8178 = VERTEX_POINT('',#8179);
#8179 = CARTESIAN_POINT('',(4.95,-5.885,0.95));
#8180 = VERTEX_POINT('',#8181);
#8181 = CARTESIAN_POINT('',(4.6,-5.885,0.95));
#8182 = CIRCLE('',#8183,0.175);
#8183 = AXIS2_PLACEMENT_3D('',#8184,#8185,#8186);
#8184 = CARTESIAN_POINT('',(4.775,-5.885,0.95));
#8185 = DIRECTION('',(-0.,0.,-1.));
#8186 = DIRECTION('',(-1.,0.,0.));
#8187 = ORIENTED_EDGE('',*,*,#8188,.T.);
#8188 = EDGE_CURVE('',#8180,#8189,#8191,.T.);
#8189 = VERTEX_POINT('',#8190);
#8190 = CARTESIAN_POINT('',(4.6,-4.885,0.95));
#8191 = LINE('',#8192,#8193);
#8192 = CARTESIAN_POINT('',(4.6,-4.885,0.95));
#8193 = VECTOR('',#8194,1.);
#8194 = DIRECTION('',(-0.,1.,0.));
#8195 = ORIENTED_EDGE('',*,*,#8196,.T.);
#8196 = EDGE_CURVE('',#8189,#8197,#8199,.T.);
#8197 = VERTEX_POINT('',#8198);
#8198 = CARTESIAN_POINT('',(4.95,-4.885,0.95));
#8199 = CIRCLE('',#8200,0.175);
#8200 = AXIS2_PLACEMENT_3D('',#8201,#8202,#8203);
#8201 = CARTESIAN_POINT('',(4.775,-4.885,0.95));
#8202 = DIRECTION('',(0.,-0.,-1.));
#8203 = DIRECTION('',(1.,0.,-0.));
#8204 = ORIENTED_EDGE('',*,*,#8205,.T.);
#8205 = EDGE_CURVE('',#8197,#8178,#8206,.T.);
#8206 = LINE('',#8207,#8208);
#8207 = CARTESIAN_POINT('',(4.95,-5.385,0.95));
#8208 = VECTOR('',#8209,1.);
#8209 = DIRECTION('',(0.,-1.,0.));
#8210 = PLANE('',#8211);
#8211 = AXIS2_PLACEMENT_3D('',#8212,#8213,#8214);
#8212 = CARTESIAN_POINT('',(4.575,-4.885,0.95));
#8213 = DIRECTION('',(0.,0.,1.));
#8214 = DIRECTION('',(1.,0.,-0.));
#8215 = ADVANCED_FACE('',(#8216),#8222,.F.);
#8216 = FACE_BOUND('',#8217,.F.);
#8217 = EDGE_LOOP('',(#8218,#8219,#8220,#8221));
#8218 = ORIENTED_EDGE('',*,*,#8090,.T.);
#8219 = ORIENTED_EDGE('',*,*,#8168,.T.);
#8220 = ORIENTED_EDGE('',*,*,#8047,.F.);
#8221 = ORIENTED_EDGE('',*,*,#8115,.F.);
#8222 = PLANE('',#8223);
#8223 = AXIS2_PLACEMENT_3D('',#8224,#8225,#8226);
#8224 = CARTESIAN_POINT('',(4.975,-5.885,-4.E-02));
#8225 = DIRECTION('',(-1.,0.,0.));
#8226 = DIRECTION('',(0.,1.,0.));
#8227 = ADVANCED_FACE('',(#8228),#8244,.F.);
#8228 = FACE_BOUND('',#8229,.T.);
#8229 = EDGE_LOOP('',(#8230,#8231,#8237,#8238));
#8230 = ORIENTED_EDGE('',*,*,#8124,.T.);
#8231 = ORIENTED_EDGE('',*,*,#8232,.T.);
#8232 = EDGE_CURVE('',#8127,#8180,#8233,.T.);
#8233 = LINE('',#8234,#8235);
#8234 = CARTESIAN_POINT('',(4.6,-5.885,-4.6E-02));
#8235 = VECTOR('',#8236,1.);
#8236 = DIRECTION('',(0.,0.,1.));
#8237 = ORIENTED_EDGE('',*,*,#8177,.F.);
#8238 = ORIENTED_EDGE('',*,*,#8239,.F.);
#8239 = EDGE_CURVE('',#8125,#8178,#8240,.T.);
#8240 = LINE('',#8241,#8242);
#8241 = CARTESIAN_POINT('',(4.95,-5.885,-4.6E-02));
#8242 = VECTOR('',#8243,1.);
#8243 = DIRECTION('',(0.,0.,1.));
#8244 = CYLINDRICAL_SURFACE('',#8245,0.175);
#8245 = AXIS2_PLACEMENT_3D('',#8246,#8247,#8248);
#8246 = CARTESIAN_POINT('',(4.775,-5.885,-4.6E-02));
#8247 = DIRECTION('',(-0.,-0.,-1.));
#8248 = DIRECTION('',(-1.,0.,-0.));
#8249 = ADVANCED_FACE('',(#8250),#8261,.T.);
#8250 = FACE_BOUND('',#8251,.T.);
#8251 = EDGE_LOOP('',(#8252,#8253,#8254,#8255));
#8252 = ORIENTED_EDGE('',*,*,#8152,.T.);
#8253 = ORIENTED_EDGE('',*,*,#8239,.T.);
#8254 = ORIENTED_EDGE('',*,*,#8205,.F.);
#8255 = ORIENTED_EDGE('',*,*,#8256,.F.);
#8256 = EDGE_CURVE('',#8144,#8197,#8257,.T.);
#8257 = LINE('',#8258,#8259);
#8258 = CARTESIAN_POINT('',(4.95,-4.885,-4.6E-02));
#8259 = VECTOR('',#8260,1.);
#8260 = DIRECTION('',(0.,0.,1.));
#8261 = PLANE('',#8262);
#8262 = AXIS2_PLACEMENT_3D('',#8263,#8264,#8265);
#8263 = CARTESIAN_POINT('',(4.95,-5.885,-4.6E-02));
#8264 = DIRECTION('',(-1.,0.,0.));
#8265 = DIRECTION('',(0.,1.,0.));
#8266 = ADVANCED_FACE('',(#8267),#8278,.F.);
#8267 = FACE_BOUND('',#8268,.T.);
#8268 = EDGE_LOOP('',(#8269,#8270,#8271,#8272));
#8269 = ORIENTED_EDGE('',*,*,#8143,.T.);
#8270 = ORIENTED_EDGE('',*,*,#8256,.T.);
#8271 = ORIENTED_EDGE('',*,*,#8196,.F.);
#8272 = ORIENTED_EDGE('',*,*,#8273,.F.);
#8273 = EDGE_CURVE('',#8136,#8189,#8274,.T.);
#8274 = LINE('',#8275,#8276);
#8275 = CARTESIAN_POINT('',(4.6,-4.885,-4.6E-02));
#8276 = VECTOR('',#8277,1.);
#8277 = DIRECTION('',(0.,0.,1.));
#8278 = CYLINDRICAL_SURFACE('',#8279,0.175);
#8279 = AXIS2_PLACEMENT_3D('',#8280,#8281,#8282);
#8280 = CARTESIAN_POINT('',(4.775,-4.885,-4.6E-02));
#8281 = DIRECTION('',(-0.,-0.,-1.));
#8282 = DIRECTION('',(1.,0.,-0.));
#8283 = ADVANCED_FACE('',(#8284),#8290,.T.);
#8284 = FACE_BOUND('',#8285,.T.);
#8285 = EDGE_LOOP('',(#8286,#8287,#8288,#8289));
#8286 = ORIENTED_EDGE('',*,*,#8135,.T.);
#8287 = ORIENTED_EDGE('',*,*,#8273,.T.);
#8288 = ORIENTED_EDGE('',*,*,#8188,.F.);
#8289 = ORIENTED_EDGE('',*,*,#8232,.F.);
#8290 = PLANE('',#8291);
#8291 = AXIS2_PLACEMENT_3D('',#8292,#8293,#8294);
#8292 = CARTESIAN_POINT('',(4.6,-4.885,-4.6E-02));
#8293 = DIRECTION('',(1.,0.,-0.));
#8294 = DIRECTION('',(0.,-1.,0.));
#8295 = MANIFOLD_SOLID_BREP('',#8296);
#8296 = CLOSED_SHELL('',(#8297,#8339,#8370,#8401,#8455,#8509,#8521,#8543
    ,#8560,#8577));
#8297 = ADVANCED_FACE('',(#8298),#8334,.T.);
#8298 = FACE_BOUND('',#8299,.T.);
#8299 = EDGE_LOOP('',(#8300,#8310,#8319,#8327));
#8300 = ORIENTED_EDGE('',*,*,#8301,.T.);
#8301 = EDGE_CURVE('',#8302,#8304,#8306,.T.);
#8302 = VERTEX_POINT('',#8303);
#8303 = CARTESIAN_POINT('',(-3.275,3.315,0.91));
#8304 = VERTEX_POINT('',#8305);
#8305 = CARTESIAN_POINT('',(-3.275,3.315,0.95));
#8306 = LINE('',#8307,#8308);
#8307 = CARTESIAN_POINT('',(-3.275,3.315,0.91));
#8308 = VECTOR('',#8309,1.);
#8309 = DIRECTION('',(0.,0.,1.));
#8310 = ORIENTED_EDGE('',*,*,#8311,.T.);
#8311 = EDGE_CURVE('',#8304,#8312,#8314,.T.);
#8312 = VERTEX_POINT('',#8313);
#8313 = CARTESIAN_POINT('',(-3.275,4.915,0.95));
#8314 = CIRCLE('',#8315,0.8);
#8315 = AXIS2_PLACEMENT_3D('',#8316,#8317,#8318);
#8316 = CARTESIAN_POINT('',(-3.275000247002,4.115,0.95));
#8317 = DIRECTION('',(0.,0.,-1.));
#8318 = DIRECTION('',(3.087522670864E-07,-1.,0.));
#8319 = ORIENTED_EDGE('',*,*,#8320,.F.);
#8320 = EDGE_CURVE('',#8321,#8312,#8323,.T.);
#8321 = VERTEX_POINT('',#8322);
#8322 = CARTESIAN_POINT('',(-3.275,4.915,0.91));
#8323 = LINE('',#8324,#8325);
#8324 = CARTESIAN_POINT('',(-3.275,4.915,0.91));
#8325 = VECTOR('',#8326,1.);
#8326 = DIRECTION('',(0.,0.,1.));
#8327 = ORIENTED_EDGE('',*,*,#8328,.F.);
#8328 = EDGE_CURVE('',#8302,#8321,#8329,.T.);
#8329 = CIRCLE('',#8330,0.8);
#8330 = AXIS2_PLACEMENT_3D('',#8331,#8332,#8333);
#8331 = CARTESIAN_POINT('',(-3.275000247002,4.115,0.91));
#8332 = DIRECTION('',(0.,0.,-1.));
#8333 = DIRECTION('',(3.087522670864E-07,-1.,0.));
#8334 = CYLINDRICAL_SURFACE('',#8335,0.8);
#8335 = AXIS2_PLACEMENT_3D('',#8336,#8337,#8338);
#8336 = CARTESIAN_POINT('',(-3.275000247002,4.115,0.91));
#8337 = DIRECTION('',(0.,0.,-1.));
#8338 = DIRECTION('',(3.087522670864E-07,-1.,0.));
#8339 = ADVANCED_FACE('',(#8340),#8365,.T.);
#8340 = FACE_BOUND('',#8341,.T.);
#8341 = EDGE_LOOP('',(#8342,#8352,#8358,#8359));
#8342 = ORIENTED_EDGE('',*,*,#8343,.T.);
#8343 = EDGE_CURVE('',#8344,#8346,#8348,.T.);
#8344 = VERTEX_POINT('',#8345);
#8345 = CARTESIAN_POINT('',(-2.275,3.315,0.91));
#8346 = VERTEX_POINT('',#8347);
#8347 = CARTESIAN_POINT('',(-2.275,3.315,0.95));
#8348 = LINE('',#8349,#8350);
#8349 = CARTESIAN_POINT('',(-2.275,3.315,0.91));
#8350 = VECTOR('',#8351,1.);
#8351 = DIRECTION('',(0.,0.,1.));
#8352 = ORIENTED_EDGE('',*,*,#8353,.T.);
#8353 = EDGE_CURVE('',#8346,#8304,#8354,.T.);
#8354 = LINE('',#8355,#8356);
#8355 = CARTESIAN_POINT('',(-2.275,3.315,0.95));
#8356 = VECTOR('',#8357,1.);
#8357 = DIRECTION('',(-1.,0.,0.));
#8358 = ORIENTED_EDGE('',*,*,#8301,.F.);
#8359 = ORIENTED_EDGE('',*,*,#8360,.F.);
#8360 = EDGE_CURVE('',#8344,#8302,#8361,.T.);
#8361 = LINE('',#8362,#8363);
#8362 = CARTESIAN_POINT('',(-2.275,3.315,0.91));
#8363 = VECTOR('',#8364,1.);
#8364 = DIRECTION('',(-1.,0.,0.));
#8365 = PLANE('',#8366);
#8366 = AXIS2_PLACEMENT_3D('',#8367,#8368,#8369);
#8367 = CARTESIAN_POINT('',(-2.275,3.315,0.91));
#8368 = DIRECTION('',(0.,-1.,0.));
#8369 = DIRECTION('',(-1.,0.,0.));
#8370 = ADVANCED_FACE('',(#8371),#8396,.T.);
#8371 = FACE_BOUND('',#8372,.T.);
#8372 = EDGE_LOOP('',(#8373,#8374,#8382,#8390));
#8373 = ORIENTED_EDGE('',*,*,#8320,.T.);
#8374 = ORIENTED_EDGE('',*,*,#8375,.T.);
#8375 = EDGE_CURVE('',#8312,#8376,#8378,.T.);
#8376 = VERTEX_POINT('',#8377);
#8377 = CARTESIAN_POINT('',(-2.275,4.915,0.95));
#8378 = LINE('',#8379,#8380);
#8379 = CARTESIAN_POINT('',(-3.275,4.915,0.95));
#8380 = VECTOR('',#8381,1.);
#8381 = DIRECTION('',(1.,0.,0.));
#8382 = ORIENTED_EDGE('',*,*,#8383,.F.);
#8383 = EDGE_CURVE('',#8384,#8376,#8386,.T.);
#8384 = VERTEX_POINT('',#8385);
#8385 = CARTESIAN_POINT('',(-2.275,4.915,0.91));
#8386 = LINE('',#8387,#8388);
#8387 = CARTESIAN_POINT('',(-2.275,4.915,0.91));
#8388 = VECTOR('',#8389,1.);
#8389 = DIRECTION('',(0.,0.,1.));
#8390 = ORIENTED_EDGE('',*,*,#8391,.F.);
#8391 = EDGE_CURVE('',#8321,#8384,#8392,.T.);
#8392 = LINE('',#8393,#8394);
#8393 = CARTESIAN_POINT('',(-3.275,4.915,0.91));
#8394 = VECTOR('',#8395,1.);
#8395 = DIRECTION('',(1.,0.,0.));
#8396 = PLANE('',#8397);
#8397 = AXIS2_PLACEMENT_3D('',#8398,#8399,#8400);
#8398 = CARTESIAN_POINT('',(-3.275,4.915,0.91));
#8399 = DIRECTION('',(0.,1.,0.));
#8400 = DIRECTION('',(1.,0.,0.));
#8401 = ADVANCED_FACE('',(#8402,#8414),#8450,.F.);
#8402 = FACE_BOUND('',#8403,.F.);
#8403 = EDGE_LOOP('',(#8404,#8405,#8406,#8413));
#8404 = ORIENTED_EDGE('',*,*,#8328,.F.);
#8405 = ORIENTED_EDGE('',*,*,#8360,.F.);
#8406 = ORIENTED_EDGE('',*,*,#8407,.F.);
#8407 = EDGE_CURVE('',#8384,#8344,#8408,.T.);
#8408 = CIRCLE('',#8409,0.8);
#8409 = AXIS2_PLACEMENT_3D('',#8410,#8411,#8412);
#8410 = CARTESIAN_POINT('',(-2.274999752998,4.115,0.91));
#8411 = DIRECTION('',(0.,0.,-1.));
#8412 = DIRECTION('',(-3.087522665313E-07,1.,-0.));
#8413 = ORIENTED_EDGE('',*,*,#8391,.F.);
#8414 = FACE_BOUND('',#8415,.F.);
#8415 = EDGE_LOOP('',(#8416,#8427,#8435,#8444));
#8416 = ORIENTED_EDGE('',*,*,#8417,.T.);
#8417 = EDGE_CURVE('',#8418,#8420,#8422,.T.);
#8418 = VERTEX_POINT('',#8419);
#8419 = CARTESIAN_POINT('',(-2.275,4.29,0.91));
#8420 = VERTEX_POINT('',#8421);
#8421 = CARTESIAN_POINT('',(-2.275,3.94,0.91));
#8422 = CIRCLE('',#8423,0.175);
#8423 = AXIS2_PLACEMENT_3D('',#8424,#8425,#8426);
#8424 = CARTESIAN_POINT('',(-2.275,4.115,0.91));
#8425 = DIRECTION('',(-0.,0.,-1.));
#8426 = DIRECTION('',(2.537652627715E-15,-1.,-0.));
#8427 = ORIENTED_EDGE('',*,*,#8428,.T.);
#8428 = EDGE_CURVE('',#8420,#8429,#8431,.T.);
#8429 = VERTEX_POINT('',#8430);
#8430 = CARTESIAN_POINT('',(-3.275,3.94,0.91));
#8431 = LINE('',#8432,#8433);
#8432 = CARTESIAN_POINT('',(-1.6375,3.94,0.91));
#8433 = VECTOR('',#8434,1.);
#8434 = DIRECTION('',(-1.,0.,0.));
#8435 = ORIENTED_EDGE('',*,*,#8436,.T.);
#8436 = EDGE_CURVE('',#8429,#8437,#8439,.T.);
#8437 = VERTEX_POINT('',#8438);
#8438 = CARTESIAN_POINT('',(-3.275,4.29,0.91));
#8439 = CIRCLE('',#8440,0.175);
#8440 = AXIS2_PLACEMENT_3D('',#8441,#8442,#8443);
#8441 = CARTESIAN_POINT('',(-3.275,4.115,0.91));
#8442 = DIRECTION('',(-0.,0.,-1.));
#8443 = DIRECTION('',(-2.537652627715E-15,1.,0.));
#8444 = ORIENTED_EDGE('',*,*,#8445,.T.);
#8445 = EDGE_CURVE('',#8437,#8418,#8446,.T.);
#8446 = LINE('',#8447,#8448);
#8447 = CARTESIAN_POINT('',(-1.1375,4.29,0.91));
#8448 = VECTOR('',#8449,1.);
#8449 = DIRECTION('',(1.,0.,-0.));
#8450 = PLANE('',#8451);
#8451 = AXIS2_PLACEMENT_3D('',#8452,#8453,#8454);
#8452 = CARTESIAN_POINT('',(0.,0.,0.91));
#8453 = DIRECTION('',(0.,0.,1.));
#8454 = DIRECTION('',(1.,0.,-0.));
#8455 = ADVANCED_FACE('',(#8456,#8468),#8504,.T.);
#8456 = FACE_BOUND('',#8457,.T.);
#8457 = EDGE_LOOP('',(#8458,#8459,#8460,#8467));
#8458 = ORIENTED_EDGE('',*,*,#8311,.F.);
#8459 = ORIENTED_EDGE('',*,*,#8353,.F.);
#8460 = ORIENTED_EDGE('',*,*,#8461,.F.);
#8461 = EDGE_CURVE('',#8376,#8346,#8462,.T.);
#8462 = CIRCLE('',#8463,0.8);
#8463 = AXIS2_PLACEMENT_3D('',#8464,#8465,#8466);
#8464 = CARTESIAN_POINT('',(-2.274999752998,4.115,0.95));
#8465 = DIRECTION('',(0.,0.,-1.));
#8466 = DIRECTION('',(-3.087522665313E-07,1.,-0.));
#8467 = ORIENTED_EDGE('',*,*,#8375,.F.);
#8468 = FACE_BOUND('',#8469,.T.);
#8469 = EDGE_LOOP('',(#8470,#8481,#8489,#8498));
#8470 = ORIENTED_EDGE('',*,*,#8471,.T.);
#8471 = EDGE_CURVE('',#8472,#8474,#8476,.T.);
#8472 = VERTEX_POINT('',#8473);
#8473 = CARTESIAN_POINT('',(-2.275,4.29,0.95));
#8474 = VERTEX_POINT('',#8475);
#8475 = CARTESIAN_POINT('',(-2.275,3.94,0.95));
#8476 = CIRCLE('',#8477,0.175);
#8477 = AXIS2_PLACEMENT_3D('',#8478,#8479,#8480);
#8478 = CARTESIAN_POINT('',(-2.275,4.115,0.95));
#8479 = DIRECTION('',(-0.,0.,-1.));
#8480 = DIRECTION('',(2.537652627715E-15,-1.,-0.));
#8481 = ORIENTED_EDGE('',*,*,#8482,.T.);
#8482 = EDGE_CURVE('',#8474,#8483,#8485,.T.);
#8483 = VERTEX_POINT('',#8484);
#8484 = CARTESIAN_POINT('',(-3.275,3.94,0.95));
#8485 = LINE('',#8486,#8487);
#8486 = CARTESIAN_POINT('',(-1.6375,3.94,0.95));
#8487 = VECTOR('',#8488,1.);
#8488 = DIRECTION('',(-1.,0.,0.));
#8489 = ORIENTED_EDGE('',*,*,#8490,.T.);
#8490 = EDGE_CURVE('',#8483,#8491,#8493,.T.);
#8491 = VERTEX_POINT('',#8492);
#8492 = CARTESIAN_POINT('',(-3.275,4.29,0.95));
#8493 = CIRCLE('',#8494,0.175);
#8494 = AXIS2_PLACEMENT_3D('',#8495,#8496,#8497);
#8495 = CARTESIAN_POINT('',(-3.275,4.115,0.95));
#8496 = DIRECTION('',(-0.,0.,-1.));
#8497 = DIRECTION('',(-2.537652627715E-15,1.,0.));
#8498 = ORIENTED_EDGE('',*,*,#8499,.T.);
#8499 = EDGE_CURVE('',#8491,#8472,#8500,.T.);
#8500 = LINE('',#8501,#8502);
#8501 = CARTESIAN_POINT('',(-1.1375,4.29,0.95));
#8502 = VECTOR('',#8503,1.);
#8503 = DIRECTION('',(1.,0.,-0.));
#8504 = PLANE('',#8505);
#8505 = AXIS2_PLACEMENT_3D('',#8506,#8507,#8508);
#8506 = CARTESIAN_POINT('',(0.,0.,0.95));
#8507 = DIRECTION('',(0.,0.,1.));
#8508 = DIRECTION('',(1.,0.,-0.));
#8509 = ADVANCED_FACE('',(#8510),#8516,.T.);
#8510 = FACE_BOUND('',#8511,.T.);
#8511 = EDGE_LOOP('',(#8512,#8513,#8514,#8515));
#8512 = ORIENTED_EDGE('',*,*,#8383,.T.);
#8513 = ORIENTED_EDGE('',*,*,#8461,.T.);
#8514 = ORIENTED_EDGE('',*,*,#8343,.F.);
#8515 = ORIENTED_EDGE('',*,*,#8407,.F.);
#8516 = CYLINDRICAL_SURFACE('',#8517,0.8);
#8517 = AXIS2_PLACEMENT_3D('',#8518,#8519,#8520);
#8518 = CARTESIAN_POINT('',(-2.274999752998,4.115,0.91));
#8519 = DIRECTION('',(0.,0.,-1.));
#8520 = DIRECTION('',(-3.087522665313E-07,1.,-0.));
#8521 = ADVANCED_FACE('',(#8522),#8538,.F.);
#8522 = FACE_BOUND('',#8523,.T.);
#8523 = EDGE_LOOP('',(#8524,#8525,#8531,#8532));
#8524 = ORIENTED_EDGE('',*,*,#8417,.T.);
#8525 = ORIENTED_EDGE('',*,*,#8526,.T.);
#8526 = EDGE_CURVE('',#8420,#8474,#8527,.T.);
#8527 = LINE('',#8528,#8529);
#8528 = CARTESIAN_POINT('',(-2.275,3.94,-4.6E-02));
#8529 = VECTOR('',#8530,1.);
#8530 = DIRECTION('',(0.,0.,1.));
#8531 = ORIENTED_EDGE('',*,*,#8471,.F.);
#8532 = ORIENTED_EDGE('',*,*,#8533,.F.);
#8533 = EDGE_CURVE('',#8418,#8472,#8534,.T.);
#8534 = LINE('',#8535,#8536);
#8535 = CARTESIAN_POINT('',(-2.275,4.29,-4.6E-02));
#8536 = VECTOR('',#8537,1.);
#8537 = DIRECTION('',(0.,0.,1.));
#8538 = CYLINDRICAL_SURFACE('',#8539,0.175);
#8539 = AXIS2_PLACEMENT_3D('',#8540,#8541,#8542);
#8540 = CARTESIAN_POINT('',(-2.275,4.115,-4.6E-02));
#8541 = DIRECTION('',(-0.,0.,-1.));
#8542 = DIRECTION('',(2.537652627715E-15,-1.,-0.));
#8543 = ADVANCED_FACE('',(#8544),#8555,.T.);
#8544 = FACE_BOUND('',#8545,.T.);
#8545 = EDGE_LOOP('',(#8546,#8547,#8548,#8549));
#8546 = ORIENTED_EDGE('',*,*,#8445,.T.);
#8547 = ORIENTED_EDGE('',*,*,#8533,.T.);
#8548 = ORIENTED_EDGE('',*,*,#8499,.F.);
#8549 = ORIENTED_EDGE('',*,*,#8550,.F.);
#8550 = EDGE_CURVE('',#8437,#8491,#8551,.T.);
#8551 = LINE('',#8552,#8553);
#8552 = CARTESIAN_POINT('',(-3.275,4.29,-4.6E-02));
#8553 = VECTOR('',#8554,1.);
#8554 = DIRECTION('',(0.,0.,1.));
#8555 = PLANE('',#8556);
#8556 = AXIS2_PLACEMENT_3D('',#8557,#8558,#8559);
#8557 = CARTESIAN_POINT('',(-2.275,4.29,-4.6E-02));
#8558 = DIRECTION('',(0.,-1.,0.));
#8559 = DIRECTION('',(-1.,0.,0.));
#8560 = ADVANCED_FACE('',(#8561),#8572,.F.);
#8561 = FACE_BOUND('',#8562,.T.);
#8562 = EDGE_LOOP('',(#8563,#8564,#8565,#8566));
#8563 = ORIENTED_EDGE('',*,*,#8436,.T.);
#8564 = ORIENTED_EDGE('',*,*,#8550,.T.);
#8565 = ORIENTED_EDGE('',*,*,#8490,.F.);
#8566 = ORIENTED_EDGE('',*,*,#8567,.F.);
#8567 = EDGE_CURVE('',#8429,#8483,#8568,.T.);
#8568 = LINE('',#8569,#8570);
#8569 = CARTESIAN_POINT('',(-3.275,3.94,-4.6E-02));
#8570 = VECTOR('',#8571,1.);
#8571 = DIRECTION('',(0.,0.,1.));
#8572 = CYLINDRICAL_SURFACE('',#8573,0.175);
#8573 = AXIS2_PLACEMENT_3D('',#8574,#8575,#8576);
#8574 = CARTESIAN_POINT('',(-3.275,4.115,-4.6E-02));
#8575 = DIRECTION('',(-0.,-0.,-1.));
#8576 = DIRECTION('',(-2.537652627715E-15,1.,0.));
#8577 = ADVANCED_FACE('',(#8578),#8584,.T.);
#8578 = FACE_BOUND('',#8579,.T.);
#8579 = EDGE_LOOP('',(#8580,#8581,#8582,#8583));
#8580 = ORIENTED_EDGE('',*,*,#8428,.T.);
#8581 = ORIENTED_EDGE('',*,*,#8567,.T.);
#8582 = ORIENTED_EDGE('',*,*,#8482,.F.);
#8583 = ORIENTED_EDGE('',*,*,#8526,.F.);
#8584 = PLANE('',#8585);
#8585 = AXIS2_PLACEMENT_3D('',#8586,#8587,#8588);
#8586 = CARTESIAN_POINT('',(-3.275,3.94,-4.6E-02));
#8587 = DIRECTION('',(0.,1.,0.));
#8588 = DIRECTION('',(1.,0.,0.));
#8589 = MANIFOLD_SOLID_BREP('',#8590);
#8590 = CLOSED_SHELL('',(#8591,#8633,#8664,#8695,#8749,#8803,#8815,#8837
    ,#8854,#8871));
#8591 = ADVANCED_FACE('',(#8592),#8628,.T.);
#8592 = FACE_BOUND('',#8593,.F.);
#8593 = EDGE_LOOP('',(#8594,#8604,#8613,#8621));
#8594 = ORIENTED_EDGE('',*,*,#8595,.T.);
#8595 = EDGE_CURVE('',#8596,#8598,#8600,.T.);
#8596 = VERTEX_POINT('',#8597);
#8597 = CARTESIAN_POINT('',(-3.275,3.315,0.));
#8598 = VERTEX_POINT('',#8599);
#8599 = CARTESIAN_POINT('',(-3.275,3.315,-4.E-02));
#8600 = LINE('',#8601,#8602);
#8601 = CARTESIAN_POINT('',(-3.275,3.315,0.));
#8602 = VECTOR('',#8603,1.);
#8603 = DIRECTION('',(0.,0.,-1.));
#8604 = ORIENTED_EDGE('',*,*,#8605,.T.);
#8605 = EDGE_CURVE('',#8598,#8606,#8608,.T.);
#8606 = VERTEX_POINT('',#8607);
#8607 = CARTESIAN_POINT('',(-3.275,4.915,-4.E-02));
#8608 = CIRCLE('',#8609,0.8);
#8609 = AXIS2_PLACEMENT_3D('',#8610,#8611,#8612);
#8610 = CARTESIAN_POINT('',(-3.275000247002,4.115,-4.E-02));
#8611 = DIRECTION('',(0.,0.,-1.));
#8612 = DIRECTION('',(3.087522670864E-07,-1.,0.));
#8613 = ORIENTED_EDGE('',*,*,#8614,.F.);
#8614 = EDGE_CURVE('',#8615,#8606,#8617,.T.);
#8615 = VERTEX_POINT('',#8616);
#8616 = CARTESIAN_POINT('',(-3.275,4.915,0.));
#8617 = LINE('',#8618,#8619);
#8618 = CARTESIAN_POINT('',(-3.275,4.915,0.));
#8619 = VECTOR('',#8620,1.);
#8620 = DIRECTION('',(0.,0.,-1.));
#8621 = ORIENTED_EDGE('',*,*,#8622,.F.);
#8622 = EDGE_CURVE('',#8596,#8615,#8623,.T.);
#8623 = CIRCLE('',#8624,0.8);
#8624 = AXIS2_PLACEMENT_3D('',#8625,#8626,#8627);
#8625 = CARTESIAN_POINT('',(-3.275000247002,4.115,0.));
#8626 = DIRECTION('',(0.,0.,-1.));
#8627 = DIRECTION('',(3.087522670864E-07,-1.,0.));
#8628 = CYLINDRICAL_SURFACE('',#8629,0.8);
#8629 = AXIS2_PLACEMENT_3D('',#8630,#8631,#8632);
#8630 = CARTESIAN_POINT('',(-3.275000247002,4.115,0.));
#8631 = DIRECTION('',(-0.,-0.,1.));
#8632 = DIRECTION('',(3.087522670864E-07,-1.,0.));
#8633 = ADVANCED_FACE('',(#8634),#8659,.F.);
#8634 = FACE_BOUND('',#8635,.F.);
#8635 = EDGE_LOOP('',(#8636,#8646,#8652,#8653));
#8636 = ORIENTED_EDGE('',*,*,#8637,.T.);
#8637 = EDGE_CURVE('',#8638,#8640,#8642,.T.);
#8638 = VERTEX_POINT('',#8639);
#8639 = CARTESIAN_POINT('',(-2.275,3.315,0.));
#8640 = VERTEX_POINT('',#8641);
#8641 = CARTESIAN_POINT('',(-2.275,3.315,-4.E-02));
#8642 = LINE('',#8643,#8644);
#8643 = CARTESIAN_POINT('',(-2.275,3.315,0.));
#8644 = VECTOR('',#8645,1.);
#8645 = DIRECTION('',(0.,0.,-1.));
#8646 = ORIENTED_EDGE('',*,*,#8647,.T.);
#8647 = EDGE_CURVE('',#8640,#8598,#8648,.T.);
#8648 = LINE('',#8649,#8650);
#8649 = CARTESIAN_POINT('',(-2.275,3.315,-4.E-02));
#8650 = VECTOR('',#8651,1.);
#8651 = DIRECTION('',(-1.,0.,0.));
#8652 = ORIENTED_EDGE('',*,*,#8595,.F.);
#8653 = ORIENTED_EDGE('',*,*,#8654,.F.);
#8654 = EDGE_CURVE('',#8638,#8596,#8655,.T.);
#8655 = LINE('',#8656,#8657);
#8656 = CARTESIAN_POINT('',(-2.275,3.315,0.));
#8657 = VECTOR('',#8658,1.);
#8658 = DIRECTION('',(-1.,0.,0.));
#8659 = PLANE('',#8660);
#8660 = AXIS2_PLACEMENT_3D('',#8661,#8662,#8663);
#8661 = CARTESIAN_POINT('',(-2.275,3.315,0.));
#8662 = DIRECTION('',(0.,1.,0.));
#8663 = DIRECTION('',(-1.,0.,0.));
#8664 = ADVANCED_FACE('',(#8665),#8690,.F.);
#8665 = FACE_BOUND('',#8666,.F.);
#8666 = EDGE_LOOP('',(#8667,#8668,#8676,#8684));
#8667 = ORIENTED_EDGE('',*,*,#8614,.T.);
#8668 = ORIENTED_EDGE('',*,*,#8669,.T.);
#8669 = EDGE_CURVE('',#8606,#8670,#8672,.T.);
#8670 = VERTEX_POINT('',#8671);
#8671 = CARTESIAN_POINT('',(-2.275,4.915,-4.E-02));
#8672 = LINE('',#8673,#8674);
#8673 = CARTESIAN_POINT('',(-3.275,4.915,-4.E-02));
#8674 = VECTOR('',#8675,1.);
#8675 = DIRECTION('',(1.,0.,0.));
#8676 = ORIENTED_EDGE('',*,*,#8677,.F.);
#8677 = EDGE_CURVE('',#8678,#8670,#8680,.T.);
#8678 = VERTEX_POINT('',#8679);
#8679 = CARTESIAN_POINT('',(-2.275,4.915,0.));
#8680 = LINE('',#8681,#8682);
#8681 = CARTESIAN_POINT('',(-2.275,4.915,0.));
#8682 = VECTOR('',#8683,1.);
#8683 = DIRECTION('',(0.,0.,-1.));
#8684 = ORIENTED_EDGE('',*,*,#8685,.F.);
#8685 = EDGE_CURVE('',#8615,#8678,#8686,.T.);
#8686 = LINE('',#8687,#8688);
#8687 = CARTESIAN_POINT('',(-3.275,4.915,0.));
#8688 = VECTOR('',#8689,1.);
#8689 = DIRECTION('',(1.,0.,0.));
#8690 = PLANE('',#8691);
#8691 = AXIS2_PLACEMENT_3D('',#8692,#8693,#8694);
#8692 = CARTESIAN_POINT('',(-3.275,4.915,0.));
#8693 = DIRECTION('',(0.,-1.,0.));
#8694 = DIRECTION('',(1.,0.,0.));
#8695 = ADVANCED_FACE('',(#8696,#8708),#8744,.F.);
#8696 = FACE_BOUND('',#8697,.F.);
#8697 = EDGE_LOOP('',(#8698,#8699,#8700,#8707));
#8698 = ORIENTED_EDGE('',*,*,#8622,.T.);
#8699 = ORIENTED_EDGE('',*,*,#8685,.T.);
#8700 = ORIENTED_EDGE('',*,*,#8701,.T.);
#8701 = EDGE_CURVE('',#8678,#8638,#8702,.T.);
#8702 = CIRCLE('',#8703,0.8);
#8703 = AXIS2_PLACEMENT_3D('',#8704,#8705,#8706);
#8704 = CARTESIAN_POINT('',(-2.274999752998,4.115,0.));
#8705 = DIRECTION('',(0.,0.,-1.));
#8706 = DIRECTION('',(-3.087522665313E-07,1.,-0.));
#8707 = ORIENTED_EDGE('',*,*,#8654,.T.);
#8708 = FACE_BOUND('',#8709,.F.);
#8709 = EDGE_LOOP('',(#8710,#8721,#8729,#8738));
#8710 = ORIENTED_EDGE('',*,*,#8711,.F.);
#8711 = EDGE_CURVE('',#8712,#8714,#8716,.T.);
#8712 = VERTEX_POINT('',#8713);
#8713 = CARTESIAN_POINT('',(-3.275,3.94,0.));
#8714 = VERTEX_POINT('',#8715);
#8715 = CARTESIAN_POINT('',(-3.275,4.29,0.));
#8716 = CIRCLE('',#8717,0.175);
#8717 = AXIS2_PLACEMENT_3D('',#8718,#8719,#8720);
#8718 = CARTESIAN_POINT('',(-3.275,4.115,0.));
#8719 = DIRECTION('',(-0.,0.,-1.));
#8720 = DIRECTION('',(-2.537652627715E-15,1.,0.));
#8721 = ORIENTED_EDGE('',*,*,#8722,.T.);
#8722 = EDGE_CURVE('',#8712,#8723,#8725,.T.);
#8723 = VERTEX_POINT('',#8724);
#8724 = CARTESIAN_POINT('',(-2.275,3.94,0.));
#8725 = LINE('',#8726,#8727);
#8726 = CARTESIAN_POINT('',(-1.6375,3.94,0.));
#8727 = VECTOR('',#8728,1.);
#8728 = DIRECTION('',(1.,0.,0.));
#8729 = ORIENTED_EDGE('',*,*,#8730,.F.);
#8730 = EDGE_CURVE('',#8731,#8723,#8733,.T.);
#8731 = VERTEX_POINT('',#8732);
#8732 = CARTESIAN_POINT('',(-2.275,4.29,0.));
#8733 = CIRCLE('',#8734,0.175);
#8734 = AXIS2_PLACEMENT_3D('',#8735,#8736,#8737);
#8735 = CARTESIAN_POINT('',(-2.275,4.115,0.));
#8736 = DIRECTION('',(-0.,0.,-1.));
#8737 = DIRECTION('',(2.537652627715E-15,-1.,-0.));
#8738 = ORIENTED_EDGE('',*,*,#8739,.T.);
#8739 = EDGE_CURVE('',#8731,#8714,#8740,.T.);
#8740 = LINE('',#8741,#8742);
#8741 = CARTESIAN_POINT('',(-1.1375,4.29,0.));
#8742 = VECTOR('',#8743,1.);
#8743 = DIRECTION('',(-1.,0.,0.));
#8744 = PLANE('',#8745);
#8745 = AXIS2_PLACEMENT_3D('',#8746,#8747,#8748);
#8746 = CARTESIAN_POINT('',(0.,0.,0.));
#8747 = DIRECTION('',(-0.,-0.,-1.));
#8748 = DIRECTION('',(-1.,0.,0.));
#8749 = ADVANCED_FACE('',(#8750,#8762),#8798,.T.);
#8750 = FACE_BOUND('',#8751,.T.);
#8751 = EDGE_LOOP('',(#8752,#8753,#8754,#8761));
#8752 = ORIENTED_EDGE('',*,*,#8605,.T.);
#8753 = ORIENTED_EDGE('',*,*,#8669,.T.);
#8754 = ORIENTED_EDGE('',*,*,#8755,.T.);
#8755 = EDGE_CURVE('',#8670,#8640,#8756,.T.);
#8756 = CIRCLE('',#8757,0.8);
#8757 = AXIS2_PLACEMENT_3D('',#8758,#8759,#8760);
#8758 = CARTESIAN_POINT('',(-2.274999752998,4.115,-4.E-02));
#8759 = DIRECTION('',(0.,0.,-1.));
#8760 = DIRECTION('',(-3.087522665313E-07,1.,-0.));
#8761 = ORIENTED_EDGE('',*,*,#8647,.T.);
#8762 = FACE_BOUND('',#8763,.T.);
#8763 = EDGE_LOOP('',(#8764,#8775,#8783,#8792));
#8764 = ORIENTED_EDGE('',*,*,#8765,.F.);
#8765 = EDGE_CURVE('',#8766,#8768,#8770,.T.);
#8766 = VERTEX_POINT('',#8767);
#8767 = CARTESIAN_POINT('',(-3.275,3.94,-4.E-02));
#8768 = VERTEX_POINT('',#8769);
#8769 = CARTESIAN_POINT('',(-3.275,4.29,-4.E-02));
#8770 = CIRCLE('',#8771,0.175);
#8771 = AXIS2_PLACEMENT_3D('',#8772,#8773,#8774);
#8772 = CARTESIAN_POINT('',(-3.275,4.115,-4.E-02));
#8773 = DIRECTION('',(-0.,0.,-1.));
#8774 = DIRECTION('',(-2.537652627715E-15,1.,0.));
#8775 = ORIENTED_EDGE('',*,*,#8776,.T.);
#8776 = EDGE_CURVE('',#8766,#8777,#8779,.T.);
#8777 = VERTEX_POINT('',#8778);
#8778 = CARTESIAN_POINT('',(-2.275,3.94,-4.E-02));
#8779 = LINE('',#8780,#8781);
#8780 = CARTESIAN_POINT('',(-1.6375,3.94,-4.E-02));
#8781 = VECTOR('',#8782,1.);
#8782 = DIRECTION('',(1.,0.,0.));
#8783 = ORIENTED_EDGE('',*,*,#8784,.F.);
#8784 = EDGE_CURVE('',#8785,#8777,#8787,.T.);
#8785 = VERTEX_POINT('',#8786);
#8786 = CARTESIAN_POINT('',(-2.275,4.29,-4.E-02));
#8787 = CIRCLE('',#8788,0.175);
#8788 = AXIS2_PLACEMENT_3D('',#8789,#8790,#8791);
#8789 = CARTESIAN_POINT('',(-2.275,4.115,-4.E-02));
#8790 = DIRECTION('',(-0.,0.,-1.));
#8791 = DIRECTION('',(2.537652627715E-15,-1.,-0.));
#8792 = ORIENTED_EDGE('',*,*,#8793,.T.);
#8793 = EDGE_CURVE('',#8785,#8768,#8794,.T.);
#8794 = LINE('',#8795,#8796);
#8795 = CARTESIAN_POINT('',(-1.1375,4.29,-4.E-02));
#8796 = VECTOR('',#8797,1.);
#8797 = DIRECTION('',(-1.,0.,0.));
#8798 = PLANE('',#8799);
#8799 = AXIS2_PLACEMENT_3D('',#8800,#8801,#8802);
#8800 = CARTESIAN_POINT('',(0.,0.,-4.E-02));
#8801 = DIRECTION('',(-0.,-0.,-1.));
#8802 = DIRECTION('',(-1.,0.,0.));
#8803 = ADVANCED_FACE('',(#8804),#8810,.T.);
#8804 = FACE_BOUND('',#8805,.F.);
#8805 = EDGE_LOOP('',(#8806,#8807,#8808,#8809));
#8806 = ORIENTED_EDGE('',*,*,#8677,.T.);
#8807 = ORIENTED_EDGE('',*,*,#8755,.T.);
#8808 = ORIENTED_EDGE('',*,*,#8637,.F.);
#8809 = ORIENTED_EDGE('',*,*,#8701,.F.);
#8810 = CYLINDRICAL_SURFACE('',#8811,0.8);
#8811 = AXIS2_PLACEMENT_3D('',#8812,#8813,#8814);
#8812 = CARTESIAN_POINT('',(-2.274999752998,4.115,0.));
#8813 = DIRECTION('',(-0.,-0.,1.));
#8814 = DIRECTION('',(-3.087522665313E-07,1.,-0.));
#8815 = ADVANCED_FACE('',(#8816),#8832,.F.);
#8816 = FACE_BOUND('',#8817,.T.);
#8817 = EDGE_LOOP('',(#8818,#8819,#8825,#8826));
#8818 = ORIENTED_EDGE('',*,*,#8765,.T.);
#8819 = ORIENTED_EDGE('',*,*,#8820,.T.);
#8820 = EDGE_CURVE('',#8768,#8714,#8821,.T.);
#8821 = LINE('',#8822,#8823);
#8822 = CARTESIAN_POINT('',(-3.275,4.29,-4.6E-02));
#8823 = VECTOR('',#8824,1.);
#8824 = DIRECTION('',(0.,0.,1.));
#8825 = ORIENTED_EDGE('',*,*,#8711,.F.);
#8826 = ORIENTED_EDGE('',*,*,#8827,.F.);
#8827 = EDGE_CURVE('',#8766,#8712,#8828,.T.);
#8828 = LINE('',#8829,#8830);
#8829 = CARTESIAN_POINT('',(-3.275,3.94,-4.6E-02));
#8830 = VECTOR('',#8831,1.);
#8831 = DIRECTION('',(0.,0.,1.));
#8832 = CYLINDRICAL_SURFACE('',#8833,0.175);
#8833 = AXIS2_PLACEMENT_3D('',#8834,#8835,#8836);
#8834 = CARTESIAN_POINT('',(-3.275,4.115,-4.6E-02));
#8835 = DIRECTION('',(-0.,-0.,-1.));
#8836 = DIRECTION('',(-2.537652627715E-15,1.,0.));
#8837 = ADVANCED_FACE('',(#8838),#8849,.T.);
#8838 = FACE_BOUND('',#8839,.T.);
#8839 = EDGE_LOOP('',(#8840,#8841,#8847,#8848));
#8840 = ORIENTED_EDGE('',*,*,#8793,.F.);
#8841 = ORIENTED_EDGE('',*,*,#8842,.T.);
#8842 = EDGE_CURVE('',#8785,#8731,#8843,.T.);
#8843 = LINE('',#8844,#8845);
#8844 = CARTESIAN_POINT('',(-2.275,4.29,-4.6E-02));
#8845 = VECTOR('',#8846,1.);
#8846 = DIRECTION('',(0.,0.,1.));
#8847 = ORIENTED_EDGE('',*,*,#8739,.T.);
#8848 = ORIENTED_EDGE('',*,*,#8820,.F.);
#8849 = PLANE('',#8850);
#8850 = AXIS2_PLACEMENT_3D('',#8851,#8852,#8853);
#8851 = CARTESIAN_POINT('',(-2.275,4.29,-4.6E-02));
#8852 = DIRECTION('',(0.,-1.,0.));
#8853 = DIRECTION('',(-1.,0.,0.));
#8854 = ADVANCED_FACE('',(#8855),#8866,.F.);
#8855 = FACE_BOUND('',#8856,.T.);
#8856 = EDGE_LOOP('',(#8857,#8858,#8864,#8865));
#8857 = ORIENTED_EDGE('',*,*,#8784,.T.);
#8858 = ORIENTED_EDGE('',*,*,#8859,.T.);
#8859 = EDGE_CURVE('',#8777,#8723,#8860,.T.);
#8860 = LINE('',#8861,#8862);
#8861 = CARTESIAN_POINT('',(-2.275,3.94,-4.6E-02));
#8862 = VECTOR('',#8863,1.);
#8863 = DIRECTION('',(0.,0.,1.));
#8864 = ORIENTED_EDGE('',*,*,#8730,.F.);
#8865 = ORIENTED_EDGE('',*,*,#8842,.F.);
#8866 = CYLINDRICAL_SURFACE('',#8867,0.175);
#8867 = AXIS2_PLACEMENT_3D('',#8868,#8869,#8870);
#8868 = CARTESIAN_POINT('',(-2.275,4.115,-4.6E-02));
#8869 = DIRECTION('',(-0.,0.,-1.));
#8870 = DIRECTION('',(2.537652627715E-15,-1.,-0.));
#8871 = ADVANCED_FACE('',(#8872),#8878,.T.);
#8872 = FACE_BOUND('',#8873,.T.);
#8873 = EDGE_LOOP('',(#8874,#8875,#8876,#8877));
#8874 = ORIENTED_EDGE('',*,*,#8776,.F.);
#8875 = ORIENTED_EDGE('',*,*,#8827,.T.);
#8876 = ORIENTED_EDGE('',*,*,#8722,.T.);
#8877 = ORIENTED_EDGE('',*,*,#8859,.F.);
#8878 = PLANE('',#8879);
#8879 = AXIS2_PLACEMENT_3D('',#8880,#8881,#8882);
#8880 = CARTESIAN_POINT('',(-3.275,3.94,-4.6E-02));
#8881 = DIRECTION('',(0.,1.,0.));
#8882 = DIRECTION('',(1.,0.,0.));
#8883 = MANIFOLD_SOLID_BREP('',#8884);
#8884 = CLOSED_SHELL('',(#8885,#8925,#8958,#8991,#9044,#9097,#9109,#9131
    ,#9148,#9165));
#8885 = ADVANCED_FACE('',(#8886),#8920,.F.);
#8886 = FACE_BOUND('',#8887,.F.);
#8887 = EDGE_LOOP('',(#8888,#8898,#8906,#8914));
#8888 = ORIENTED_EDGE('',*,*,#8889,.T.);
#8889 = EDGE_CURVE('',#8890,#8892,#8894,.T.);
#8890 = VERTEX_POINT('',#8891);
#8891 = CARTESIAN_POINT('',(-3.275,3.915,-4.E-02));
#8892 = VERTEX_POINT('',#8893);
#8893 = CARTESIAN_POINT('',(-3.275,3.915,0.95));
#8894 = LINE('',#8895,#8896);
#8895 = CARTESIAN_POINT('',(-3.275,3.915,-4.E-02));
#8896 = VECTOR('',#8897,1.);
#8897 = DIRECTION('',(0.,0.,1.));
#8898 = ORIENTED_EDGE('',*,*,#8899,.T.);
#8899 = EDGE_CURVE('',#8892,#8900,#8902,.T.);
#8900 = VERTEX_POINT('',#8901);
#8901 = CARTESIAN_POINT('',(-2.275,3.915,0.95));
#8902 = LINE('',#8903,#8904);
#8903 = CARTESIAN_POINT('',(-3.275,3.915,0.95));
#8904 = VECTOR('',#8905,1.);
#8905 = DIRECTION('',(1.,0.,0.));
#8906 = ORIENTED_EDGE('',*,*,#8907,.F.);
#8907 = EDGE_CURVE('',#8908,#8900,#8910,.T.);
#8908 = VERTEX_POINT('',#8909);
#8909 = CARTESIAN_POINT('',(-2.275,3.915,-4.E-02));
#8910 = LINE('',#8911,#8912);
#8911 = CARTESIAN_POINT('',(-2.275,3.915,-4.E-02));
#8912 = VECTOR('',#8913,1.);
#8913 = DIRECTION('',(0.,0.,1.));
#8914 = ORIENTED_EDGE('',*,*,#8915,.F.);
#8915 = EDGE_CURVE('',#8890,#8908,#8916,.T.);
#8916 = LINE('',#8917,#8918);
#8917 = CARTESIAN_POINT('',(-3.275,3.915,-4.E-02));
#8918 = VECTOR('',#8919,1.);
#8919 = DIRECTION('',(1.,0.,0.));
#8920 = PLANE('',#8921);
#8921 = AXIS2_PLACEMENT_3D('',#8922,#8923,#8924);
#8922 = CARTESIAN_POINT('',(-3.275,3.915,-4.E-02));
#8923 = DIRECTION('',(0.,1.,0.));
#8924 = DIRECTION('',(1.,0.,0.));
#8925 = ADVANCED_FACE('',(#8926),#8953,.T.);
#8926 = FACE_BOUND('',#8927,.F.);
#8927 = EDGE_LOOP('',(#8928,#8938,#8945,#8946));
#8928 = ORIENTED_EDGE('',*,*,#8929,.T.);
#8929 = EDGE_CURVE('',#8930,#8932,#8934,.T.);
#8930 = VERTEX_POINT('',#8931);
#8931 = CARTESIAN_POINT('',(-3.275,4.315,-4.E-02));
#8932 = VERTEX_POINT('',#8933);
#8933 = CARTESIAN_POINT('',(-3.275,4.315,0.95));
#8934 = LINE('',#8935,#8936);
#8935 = CARTESIAN_POINT('',(-3.275,4.315,-4.E-02));
#8936 = VECTOR('',#8937,1.);
#8937 = DIRECTION('',(0.,0.,1.));
#8938 = ORIENTED_EDGE('',*,*,#8939,.T.);
#8939 = EDGE_CURVE('',#8932,#8892,#8940,.T.);
#8940 = CIRCLE('',#8941,0.2);
#8941 = AXIS2_PLACEMENT_3D('',#8942,#8943,#8944);
#8942 = CARTESIAN_POINT('',(-3.275,4.115,0.95));
#8943 = DIRECTION('',(0.,0.,1.));
#8944 = DIRECTION('',(2.22044604925E-15,1.,-0.));
#8945 = ORIENTED_EDGE('',*,*,#8889,.F.);
#8946 = ORIENTED_EDGE('',*,*,#8947,.F.);
#8947 = EDGE_CURVE('',#8930,#8890,#8948,.T.);
#8948 = CIRCLE('',#8949,0.2);
#8949 = AXIS2_PLACEMENT_3D('',#8950,#8951,#8952);
#8950 = CARTESIAN_POINT('',(-3.275,4.115,-4.E-02));
#8951 = DIRECTION('',(0.,0.,1.));
#8952 = DIRECTION('',(2.22044604925E-15,1.,-0.));
#8953 = CYLINDRICAL_SURFACE('',#8954,0.2);
#8954 = AXIS2_PLACEMENT_3D('',#8955,#8956,#8957);
#8955 = CARTESIAN_POINT('',(-3.275,4.115,-4.E-02));
#8956 = DIRECTION('',(-0.,-0.,-1.));
#8957 = DIRECTION('',(2.22044604925E-15,1.,-0.));
#8958 = ADVANCED_FACE('',(#8959),#8986,.T.);
#8959 = FACE_BOUND('',#8960,.F.);
#8960 = EDGE_LOOP('',(#8961,#8962,#8971,#8979));
#8961 = ORIENTED_EDGE('',*,*,#8907,.T.);
#8962 = ORIENTED_EDGE('',*,*,#8963,.T.);
#8963 = EDGE_CURVE('',#8900,#8964,#8966,.T.);
#8964 = VERTEX_POINT('',#8965);
#8965 = CARTESIAN_POINT('',(-2.275,4.315,0.95));
#8966 = CIRCLE('',#8967,0.2);
#8967 = AXIS2_PLACEMENT_3D('',#8968,#8969,#8970);
#8968 = CARTESIAN_POINT('',(-2.275,4.115,0.95));
#8969 = DIRECTION('',(0.,0.,1.));
#8970 = DIRECTION('',(-0.,-1.,0.));
#8971 = ORIENTED_EDGE('',*,*,#8972,.F.);
#8972 = EDGE_CURVE('',#8973,#8964,#8975,.T.);
#8973 = VERTEX_POINT('',#8974);
#8974 = CARTESIAN_POINT('',(-2.275,4.315,-4.E-02));
#8975 = LINE('',#8976,#8977);
#8976 = CARTESIAN_POINT('',(-2.275,4.315,-4.E-02));
#8977 = VECTOR('',#8978,1.);
#8978 = DIRECTION('',(0.,0.,1.));
#8979 = ORIENTED_EDGE('',*,*,#8980,.F.);
#8980 = EDGE_CURVE('',#8908,#8973,#8981,.T.);
#8981 = CIRCLE('',#8982,0.2);
#8982 = AXIS2_PLACEMENT_3D('',#8983,#8984,#8985);
#8983 = CARTESIAN_POINT('',(-2.275,4.115,-4.E-02));
#8984 = DIRECTION('',(0.,0.,1.));
#8985 = DIRECTION('',(-0.,-1.,0.));
#8986 = CYLINDRICAL_SURFACE('',#8987,0.2);
#8987 = AXIS2_PLACEMENT_3D('',#8988,#8989,#8990);
#8988 = CARTESIAN_POINT('',(-2.275,4.115,-4.E-02));
#8989 = DIRECTION('',(-0.,-0.,-1.));
#8990 = DIRECTION('',(-0.,-1.,0.));
#8991 = ADVANCED_FACE('',(#8992,#9003),#9039,.F.);
#8992 = FACE_BOUND('',#8993,.F.);
#8993 = EDGE_LOOP('',(#8994,#8995,#8996,#9002));
#8994 = ORIENTED_EDGE('',*,*,#8915,.T.);
#8995 = ORIENTED_EDGE('',*,*,#8980,.T.);
#8996 = ORIENTED_EDGE('',*,*,#8997,.T.);
#8997 = EDGE_CURVE('',#8973,#8930,#8998,.T.);
#8998 = LINE('',#8999,#9000);
#8999 = CARTESIAN_POINT('',(-2.275,4.315,-4.E-02));
#9000 = VECTOR('',#9001,1.);
#9001 = DIRECTION('',(-1.,0.,0.));
#9002 = ORIENTED_EDGE('',*,*,#8947,.T.);
#9003 = FACE_BOUND('',#9004,.F.);
#9004 = EDGE_LOOP('',(#9005,#9016,#9024,#9033));
#9005 = ORIENTED_EDGE('',*,*,#9006,.T.);
#9006 = EDGE_CURVE('',#9007,#9009,#9011,.T.);
#9007 = VERTEX_POINT('',#9008);
#9008 = CARTESIAN_POINT('',(-2.275,4.29,-4.E-02));
#9009 = VERTEX_POINT('',#9010);
#9010 = CARTESIAN_POINT('',(-2.275,3.94,-4.E-02));
#9011 = CIRCLE('',#9012,0.175);
#9012 = AXIS2_PLACEMENT_3D('',#9013,#9014,#9015);
#9013 = CARTESIAN_POINT('',(-2.275,4.115,-4.E-02));
#9014 = DIRECTION('',(-0.,0.,-1.));
#9015 = DIRECTION('',(2.537652627715E-15,-1.,-0.));
#9016 = ORIENTED_EDGE('',*,*,#9017,.T.);
#9017 = EDGE_CURVE('',#9009,#9018,#9020,.T.);
#9018 = VERTEX_POINT('',#9019);
#9019 = CARTESIAN_POINT('',(-3.275,3.94,-4.E-02));
#9020 = LINE('',#9021,#9022);
#9021 = CARTESIAN_POINT('',(-3.275,3.94,-4.E-02));
#9022 = VECTOR('',#9023,1.);
#9023 = DIRECTION('',(-1.,0.,0.));
#9024 = ORIENTED_EDGE('',*,*,#9025,.T.);
#9025 = EDGE_CURVE('',#9018,#9026,#9028,.T.);
#9026 = VERTEX_POINT('',#9027);
#9027 = CARTESIAN_POINT('',(-3.275,4.29,-4.E-02));
#9028 = CIRCLE('',#9029,0.175);
#9029 = AXIS2_PLACEMENT_3D('',#9030,#9031,#9032);
#9030 = CARTESIAN_POINT('',(-3.275,4.115,-4.E-02));
#9031 = DIRECTION('',(-0.,0.,-1.));
#9032 = DIRECTION('',(-2.537652627715E-15,1.,0.));
#9033 = ORIENTED_EDGE('',*,*,#9034,.T.);
#9034 = EDGE_CURVE('',#9026,#9007,#9035,.T.);
#9035 = LINE('',#9036,#9037);
#9036 = CARTESIAN_POINT('',(-2.775,4.29,-4.E-02));
#9037 = VECTOR('',#9038,1.);
#9038 = DIRECTION('',(1.,0.,-0.));
#9039 = PLANE('',#9040);
#9040 = AXIS2_PLACEMENT_3D('',#9041,#9042,#9043);
#9041 = CARTESIAN_POINT('',(-3.275,3.915,-4.E-02));
#9042 = DIRECTION('',(0.,0.,1.));
#9043 = DIRECTION('',(1.,0.,-0.));
#9044 = ADVANCED_FACE('',(#9045,#9056),#9092,.T.);
#9045 = FACE_BOUND('',#9046,.T.);
#9046 = EDGE_LOOP('',(#9047,#9048,#9049,#9055));
#9047 = ORIENTED_EDGE('',*,*,#8899,.T.);
#9048 = ORIENTED_EDGE('',*,*,#8963,.T.);
#9049 = ORIENTED_EDGE('',*,*,#9050,.T.);
#9050 = EDGE_CURVE('',#8964,#8932,#9051,.T.);
#9051 = LINE('',#9052,#9053);
#9052 = CARTESIAN_POINT('',(-2.275,4.315,0.95));
#9053 = VECTOR('',#9054,1.);
#9054 = DIRECTION('',(-1.,0.,0.));
#9055 = ORIENTED_EDGE('',*,*,#8939,.T.);
#9056 = FACE_BOUND('',#9057,.T.);
#9057 = EDGE_LOOP('',(#9058,#9069,#9077,#9086));
#9058 = ORIENTED_EDGE('',*,*,#9059,.T.);
#9059 = EDGE_CURVE('',#9060,#9062,#9064,.T.);
#9060 = VERTEX_POINT('',#9061);
#9061 = CARTESIAN_POINT('',(-2.275,4.29,0.95));
#9062 = VERTEX_POINT('',#9063);
#9063 = CARTESIAN_POINT('',(-2.275,3.94,0.95));
#9064 = CIRCLE('',#9065,0.175);
#9065 = AXIS2_PLACEMENT_3D('',#9066,#9067,#9068);
#9066 = CARTESIAN_POINT('',(-2.275,4.115,0.95));
#9067 = DIRECTION('',(-0.,0.,-1.));
#9068 = DIRECTION('',(2.537652627715E-15,-1.,-0.));
#9069 = ORIENTED_EDGE('',*,*,#9070,.T.);
#9070 = EDGE_CURVE('',#9062,#9071,#9073,.T.);
#9071 = VERTEX_POINT('',#9072);
#9072 = CARTESIAN_POINT('',(-3.275,3.94,0.95));
#9073 = LINE('',#9074,#9075);
#9074 = CARTESIAN_POINT('',(-3.275,3.94,0.95));
#9075 = VECTOR('',#9076,1.);
#9076 = DIRECTION('',(-1.,0.,0.));
#9077 = ORIENTED_EDGE('',*,*,#9078,.T.);
#9078 = EDGE_CURVE('',#9071,#9079,#9081,.T.);
#9079 = VERTEX_POINT('',#9080);
#9080 = CARTESIAN_POINT('',(-3.275,4.29,0.95));
#9081 = CIRCLE('',#9082,0.175);
#9082 = AXIS2_PLACEMENT_3D('',#9083,#9084,#9085);
#9083 = CARTESIAN_POINT('',(-3.275,4.115,0.95));
#9084 = DIRECTION('',(-0.,0.,-1.));
#9085 = DIRECTION('',(-2.537652627715E-15,1.,0.));
#9086 = ORIENTED_EDGE('',*,*,#9087,.T.);
#9087 = EDGE_CURVE('',#9079,#9060,#9088,.T.);
#9088 = LINE('',#9089,#9090);
#9089 = CARTESIAN_POINT('',(-2.775,4.29,0.95));
#9090 = VECTOR('',#9091,1.);
#9091 = DIRECTION('',(1.,0.,-0.));
#9092 = PLANE('',#9093);
#9093 = AXIS2_PLACEMENT_3D('',#9094,#9095,#9096);
#9094 = CARTESIAN_POINT('',(-3.275,3.915,0.95));
#9095 = DIRECTION('',(0.,0.,1.));
#9096 = DIRECTION('',(1.,0.,-0.));
#9097 = ADVANCED_FACE('',(#9098),#9104,.F.);
#9098 = FACE_BOUND('',#9099,.F.);
#9099 = EDGE_LOOP('',(#9100,#9101,#9102,#9103));
#9100 = ORIENTED_EDGE('',*,*,#8972,.T.);
#9101 = ORIENTED_EDGE('',*,*,#9050,.T.);
#9102 = ORIENTED_EDGE('',*,*,#8929,.F.);
#9103 = ORIENTED_EDGE('',*,*,#8997,.F.);
#9104 = PLANE('',#9105);
#9105 = AXIS2_PLACEMENT_3D('',#9106,#9107,#9108);
#9106 = CARTESIAN_POINT('',(-2.275,4.315,-4.E-02));
#9107 = DIRECTION('',(0.,-1.,0.));
#9108 = DIRECTION('',(-1.,0.,0.));
#9109 = ADVANCED_FACE('',(#9110),#9126,.F.);
#9110 = FACE_BOUND('',#9111,.T.);
#9111 = EDGE_LOOP('',(#9112,#9113,#9119,#9120));
#9112 = ORIENTED_EDGE('',*,*,#9006,.T.);
#9113 = ORIENTED_EDGE('',*,*,#9114,.T.);
#9114 = EDGE_CURVE('',#9009,#9062,#9115,.T.);
#9115 = LINE('',#9116,#9117);
#9116 = CARTESIAN_POINT('',(-2.275,3.94,-4.6E-02));
#9117 = VECTOR('',#9118,1.);
#9118 = DIRECTION('',(0.,0.,1.));
#9119 = ORIENTED_EDGE('',*,*,#9059,.F.);
#9120 = ORIENTED_EDGE('',*,*,#9121,.F.);
#9121 = EDGE_CURVE('',#9007,#9060,#9122,.T.);
#9122 = LINE('',#9123,#9124);
#9123 = CARTESIAN_POINT('',(-2.275,4.29,-4.6E-02));
#9124 = VECTOR('',#9125,1.);
#9125 = DIRECTION('',(0.,0.,1.));
#9126 = CYLINDRICAL_SURFACE('',#9127,0.175);
#9127 = AXIS2_PLACEMENT_3D('',#9128,#9129,#9130);
#9128 = CARTESIAN_POINT('',(-2.275,4.115,-4.6E-02));
#9129 = DIRECTION('',(-0.,0.,-1.));
#9130 = DIRECTION('',(2.537652627715E-15,-1.,-0.));
#9131 = ADVANCED_FACE('',(#9132),#9143,.T.);
#9132 = FACE_BOUND('',#9133,.T.);
#9133 = EDGE_LOOP('',(#9134,#9135,#9136,#9137));
#9134 = ORIENTED_EDGE('',*,*,#9034,.T.);
#9135 = ORIENTED_EDGE('',*,*,#9121,.T.);
#9136 = ORIENTED_EDGE('',*,*,#9087,.F.);
#9137 = ORIENTED_EDGE('',*,*,#9138,.F.);
#9138 = EDGE_CURVE('',#9026,#9079,#9139,.T.);
#9139 = LINE('',#9140,#9141);
#9140 = CARTESIAN_POINT('',(-3.275,4.29,-4.6E-02));
#9141 = VECTOR('',#9142,1.);
#9142 = DIRECTION('',(0.,0.,1.));
#9143 = PLANE('',#9144);
#9144 = AXIS2_PLACEMENT_3D('',#9145,#9146,#9147);
#9145 = CARTESIAN_POINT('',(-2.275,4.29,-4.6E-02));
#9146 = DIRECTION('',(0.,-1.,0.));
#9147 = DIRECTION('',(-1.,0.,0.));
#9148 = ADVANCED_FACE('',(#9149),#9160,.F.);
#9149 = FACE_BOUND('',#9150,.T.);
#9150 = EDGE_LOOP('',(#9151,#9152,#9153,#9154));
#9151 = ORIENTED_EDGE('',*,*,#9025,.T.);
#9152 = ORIENTED_EDGE('',*,*,#9138,.T.);
#9153 = ORIENTED_EDGE('',*,*,#9078,.F.);
#9154 = ORIENTED_EDGE('',*,*,#9155,.F.);
#9155 = EDGE_CURVE('',#9018,#9071,#9156,.T.);
#9156 = LINE('',#9157,#9158);
#9157 = CARTESIAN_POINT('',(-3.275,3.94,-4.6E-02));
#9158 = VECTOR('',#9159,1.);
#9159 = DIRECTION('',(0.,0.,1.));
#9160 = CYLINDRICAL_SURFACE('',#9161,0.175);
#9161 = AXIS2_PLACEMENT_3D('',#9162,#9163,#9164);
#9162 = CARTESIAN_POINT('',(-3.275,4.115,-4.6E-02));
#9163 = DIRECTION('',(-0.,-0.,-1.));
#9164 = DIRECTION('',(-2.537652627715E-15,1.,0.));
#9165 = ADVANCED_FACE('',(#9166),#9172,.T.);
#9166 = FACE_BOUND('',#9167,.T.);
#9167 = EDGE_LOOP('',(#9168,#9169,#9170,#9171));
#9168 = ORIENTED_EDGE('',*,*,#9017,.T.);
#9169 = ORIENTED_EDGE('',*,*,#9155,.T.);
#9170 = ORIENTED_EDGE('',*,*,#9070,.F.);
#9171 = ORIENTED_EDGE('',*,*,#9114,.F.);
#9172 = PLANE('',#9173);
#9173 = AXIS2_PLACEMENT_3D('',#9174,#9175,#9176);
#9174 = CARTESIAN_POINT('',(-3.275,3.94,-4.6E-02));
#9175 = DIRECTION('',(0.,1.,0.));
#9176 = DIRECTION('',(1.,0.,0.));
#9177 = MANIFOLD_SOLID_BREP('',#9178);
#9178 = CLOSED_SHELL('',(#9179,#9221,#9252,#9283,#9337,#9391,#9403,#9425
    ,#9442,#9459));
#9179 = ADVANCED_FACE('',(#9180),#9216,.T.);
#9180 = FACE_BOUND('',#9181,.T.);
#9181 = EDGE_LOOP('',(#9182,#9192,#9201,#9209));
#9182 = ORIENTED_EDGE('',*,*,#9183,.T.);
#9183 = EDGE_CURVE('',#9184,#9186,#9188,.T.);
#9184 = VERTEX_POINT('',#9185);
#9185 = CARTESIAN_POINT('',(2.275,3.315,0.91));
#9186 = VERTEX_POINT('',#9187);
#9187 = CARTESIAN_POINT('',(2.275,3.315,0.95));
#9188 = LINE('',#9189,#9190);
#9189 = CARTESIAN_POINT('',(2.275,3.315,0.91));
#9190 = VECTOR('',#9191,1.);
#9191 = DIRECTION('',(0.,0.,1.));
#9192 = ORIENTED_EDGE('',*,*,#9193,.T.);
#9193 = EDGE_CURVE('',#9186,#9194,#9196,.T.);
#9194 = VERTEX_POINT('',#9195);
#9195 = CARTESIAN_POINT('',(2.275,4.915,0.95));
#9196 = CIRCLE('',#9197,0.8);
#9197 = AXIS2_PLACEMENT_3D('',#9198,#9199,#9200);
#9198 = CARTESIAN_POINT('',(2.274999752998,4.115,0.95));
#9199 = DIRECTION('',(0.,0.,-1.));
#9200 = DIRECTION('',(3.087522665312E-07,-1.,0.));
#9201 = ORIENTED_EDGE('',*,*,#9202,.F.);
#9202 = EDGE_CURVE('',#9203,#9194,#9205,.T.);
#9203 = VERTEX_POINT('',#9204);
#9204 = CARTESIAN_POINT('',(2.275,4.915,0.91));
#9205 = LINE('',#9206,#9207);
#9206 = CARTESIAN_POINT('',(2.275,4.915,0.91));
#9207 = VECTOR('',#9208,1.);
#9208 = DIRECTION('',(0.,0.,1.));
#9209 = ORIENTED_EDGE('',*,*,#9210,.F.);
#9210 = EDGE_CURVE('',#9184,#9203,#9211,.T.);
#9211 = CIRCLE('',#9212,0.8);
#9212 = AXIS2_PLACEMENT_3D('',#9213,#9214,#9215);
#9213 = CARTESIAN_POINT('',(2.274999752998,4.115,0.91));
#9214 = DIRECTION('',(0.,0.,-1.));
#9215 = DIRECTION('',(3.087522665312E-07,-1.,0.));
#9216 = CYLINDRICAL_SURFACE('',#9217,0.8);
#9217 = AXIS2_PLACEMENT_3D('',#9218,#9219,#9220);
#9218 = CARTESIAN_POINT('',(2.274999752998,4.115,0.91));
#9219 = DIRECTION('',(0.,0.,-1.));
#9220 = DIRECTION('',(3.087522665312E-07,-1.,0.));
#9221 = ADVANCED_FACE('',(#9222),#9247,.T.);
#9222 = FACE_BOUND('',#9223,.T.);
#9223 = EDGE_LOOP('',(#9224,#9234,#9240,#9241));
#9224 = ORIENTED_EDGE('',*,*,#9225,.T.);
#9225 = EDGE_CURVE('',#9226,#9228,#9230,.T.);
#9226 = VERTEX_POINT('',#9227);
#9227 = CARTESIAN_POINT('',(3.275,3.315,0.91));
#9228 = VERTEX_POINT('',#9229);
#9229 = CARTESIAN_POINT('',(3.275,3.315,0.95));
#9230 = LINE('',#9231,#9232);
#9231 = CARTESIAN_POINT('',(3.275,3.315,0.91));
#9232 = VECTOR('',#9233,1.);
#9233 = DIRECTION('',(0.,0.,1.));
#9234 = ORIENTED_EDGE('',*,*,#9235,.T.);
#9235 = EDGE_CURVE('',#9228,#9186,#9236,.T.);
#9236 = LINE('',#9237,#9238);
#9237 = CARTESIAN_POINT('',(3.275,3.315,0.95));
#9238 = VECTOR('',#9239,1.);
#9239 = DIRECTION('',(-1.,0.,0.));
#9240 = ORIENTED_EDGE('',*,*,#9183,.F.);
#9241 = ORIENTED_EDGE('',*,*,#9242,.F.);
#9242 = EDGE_CURVE('',#9226,#9184,#9243,.T.);
#9243 = LINE('',#9244,#9245);
#9244 = CARTESIAN_POINT('',(3.275,3.315,0.91));
#9245 = VECTOR('',#9246,1.);
#9246 = DIRECTION('',(-1.,0.,0.));
#9247 = PLANE('',#9248);
#9248 = AXIS2_PLACEMENT_3D('',#9249,#9250,#9251);
#9249 = CARTESIAN_POINT('',(3.275,3.315,0.91));
#9250 = DIRECTION('',(0.,-1.,0.));
#9251 = DIRECTION('',(-1.,0.,0.));
#9252 = ADVANCED_FACE('',(#9253),#9278,.T.);
#9253 = FACE_BOUND('',#9254,.T.);
#9254 = EDGE_LOOP('',(#9255,#9256,#9264,#9272));
#9255 = ORIENTED_EDGE('',*,*,#9202,.T.);
#9256 = ORIENTED_EDGE('',*,*,#9257,.T.);
#9257 = EDGE_CURVE('',#9194,#9258,#9260,.T.);
#9258 = VERTEX_POINT('',#9259);
#9259 = CARTESIAN_POINT('',(3.275,4.915,0.95));
#9260 = LINE('',#9261,#9262);
#9261 = CARTESIAN_POINT('',(2.275,4.915,0.95));
#9262 = VECTOR('',#9263,1.);
#9263 = DIRECTION('',(1.,0.,0.));
#9264 = ORIENTED_EDGE('',*,*,#9265,.F.);
#9265 = EDGE_CURVE('',#9266,#9258,#9268,.T.);
#9266 = VERTEX_POINT('',#9267);
#9267 = CARTESIAN_POINT('',(3.275,4.915,0.91));
#9268 = LINE('',#9269,#9270);
#9269 = CARTESIAN_POINT('',(3.275,4.915,0.91));
#9270 = VECTOR('',#9271,1.);
#9271 = DIRECTION('',(0.,0.,1.));
#9272 = ORIENTED_EDGE('',*,*,#9273,.F.);
#9273 = EDGE_CURVE('',#9203,#9266,#9274,.T.);
#9274 = LINE('',#9275,#9276);
#9275 = CARTESIAN_POINT('',(2.275,4.915,0.91));
#9276 = VECTOR('',#9277,1.);
#9277 = DIRECTION('',(1.,0.,0.));
#9278 = PLANE('',#9279);
#9279 = AXIS2_PLACEMENT_3D('',#9280,#9281,#9282);
#9280 = CARTESIAN_POINT('',(2.275,4.915,0.91));
#9281 = DIRECTION('',(0.,1.,0.));
#9282 = DIRECTION('',(1.,0.,0.));
#9283 = ADVANCED_FACE('',(#9284,#9296),#9332,.F.);
#9284 = FACE_BOUND('',#9285,.F.);
#9285 = EDGE_LOOP('',(#9286,#9287,#9288,#9295));
#9286 = ORIENTED_EDGE('',*,*,#9210,.F.);
#9287 = ORIENTED_EDGE('',*,*,#9242,.F.);
#9288 = ORIENTED_EDGE('',*,*,#9289,.F.);
#9289 = EDGE_CURVE('',#9266,#9226,#9290,.T.);
#9290 = CIRCLE('',#9291,0.8);
#9291 = AXIS2_PLACEMENT_3D('',#9292,#9293,#9294);
#9292 = CARTESIAN_POINT('',(3.275000247002,4.115,0.91));
#9293 = DIRECTION('',(0.,0.,-1.));
#9294 = DIRECTION('',(-3.087522670864E-07,1.,-0.));
#9295 = ORIENTED_EDGE('',*,*,#9273,.F.);
#9296 = FACE_BOUND('',#9297,.F.);
#9297 = EDGE_LOOP('',(#9298,#9309,#9317,#9326));
#9298 = ORIENTED_EDGE('',*,*,#9299,.T.);
#9299 = EDGE_CURVE('',#9300,#9302,#9304,.T.);
#9300 = VERTEX_POINT('',#9301);
#9301 = CARTESIAN_POINT('',(3.275,4.29,0.91));
#9302 = VERTEX_POINT('',#9303);
#9303 = CARTESIAN_POINT('',(3.275,3.94,0.91));
#9304 = CIRCLE('',#9305,0.175);
#9305 = AXIS2_PLACEMENT_3D('',#9306,#9307,#9308);
#9306 = CARTESIAN_POINT('',(3.275,4.115,0.91));
#9307 = DIRECTION('',(-0.,0.,-1.));
#9308 = DIRECTION('',(2.537652627715E-15,-1.,-0.));
#9309 = ORIENTED_EDGE('',*,*,#9310,.T.);
#9310 = EDGE_CURVE('',#9302,#9311,#9313,.T.);
#9311 = VERTEX_POINT('',#9312);
#9312 = CARTESIAN_POINT('',(2.275,3.94,0.91));
#9313 = LINE('',#9314,#9315);
#9314 = CARTESIAN_POINT('',(1.1375,3.94,0.91));
#9315 = VECTOR('',#9316,1.);
#9316 = DIRECTION('',(-1.,0.,0.));
#9317 = ORIENTED_EDGE('',*,*,#9318,.T.);
#9318 = EDGE_CURVE('',#9311,#9319,#9321,.T.);
#9319 = VERTEX_POINT('',#9320);
#9320 = CARTESIAN_POINT('',(2.275,4.29,0.91));
#9321 = CIRCLE('',#9322,0.175);
#9322 = AXIS2_PLACEMENT_3D('',#9323,#9324,#9325);
#9323 = CARTESIAN_POINT('',(2.275,4.115,0.91));
#9324 = DIRECTION('',(-0.,0.,-1.));
#9325 = DIRECTION('',(-2.537652627715E-15,1.,0.));
#9326 = ORIENTED_EDGE('',*,*,#9327,.T.);
#9327 = EDGE_CURVE('',#9319,#9300,#9328,.T.);
#9328 = LINE('',#9329,#9330);
#9329 = CARTESIAN_POINT('',(1.6375,4.29,0.91));
#9330 = VECTOR('',#9331,1.);
#9331 = DIRECTION('',(1.,0.,-0.));
#9332 = PLANE('',#9333);
#9333 = AXIS2_PLACEMENT_3D('',#9334,#9335,#9336);
#9334 = CARTESIAN_POINT('',(0.,0.,0.91));
#9335 = DIRECTION('',(0.,0.,1.));
#9336 = DIRECTION('',(1.,0.,-0.));
#9337 = ADVANCED_FACE('',(#9338,#9350),#9386,.T.);
#9338 = FACE_BOUND('',#9339,.T.);
#9339 = EDGE_LOOP('',(#9340,#9341,#9342,#9349));
#9340 = ORIENTED_EDGE('',*,*,#9193,.F.);
#9341 = ORIENTED_EDGE('',*,*,#9235,.F.);
#9342 = ORIENTED_EDGE('',*,*,#9343,.F.);
#9343 = EDGE_CURVE('',#9258,#9228,#9344,.T.);
#9344 = CIRCLE('',#9345,0.8);
#9345 = AXIS2_PLACEMENT_3D('',#9346,#9347,#9348);
#9346 = CARTESIAN_POINT('',(3.275000247002,4.115,0.95));
#9347 = DIRECTION('',(0.,0.,-1.));
#9348 = DIRECTION('',(-3.087522670864E-07,1.,-0.));
#9349 = ORIENTED_EDGE('',*,*,#9257,.F.);
#9350 = FACE_BOUND('',#9351,.T.);
#9351 = EDGE_LOOP('',(#9352,#9363,#9371,#9380));
#9352 = ORIENTED_EDGE('',*,*,#9353,.T.);
#9353 = EDGE_CURVE('',#9354,#9356,#9358,.T.);
#9354 = VERTEX_POINT('',#9355);
#9355 = CARTESIAN_POINT('',(3.275,4.29,0.95));
#9356 = VERTEX_POINT('',#9357);
#9357 = CARTESIAN_POINT('',(3.275,3.94,0.95));
#9358 = CIRCLE('',#9359,0.175);
#9359 = AXIS2_PLACEMENT_3D('',#9360,#9361,#9362);
#9360 = CARTESIAN_POINT('',(3.275,4.115,0.95));
#9361 = DIRECTION('',(-0.,0.,-1.));
#9362 = DIRECTION('',(2.537652627715E-15,-1.,-0.));
#9363 = ORIENTED_EDGE('',*,*,#9364,.T.);
#9364 = EDGE_CURVE('',#9356,#9365,#9367,.T.);
#9365 = VERTEX_POINT('',#9366);
#9366 = CARTESIAN_POINT('',(2.275,3.94,0.95));
#9367 = LINE('',#9368,#9369);
#9368 = CARTESIAN_POINT('',(1.1375,3.94,0.95));
#9369 = VECTOR('',#9370,1.);
#9370 = DIRECTION('',(-1.,0.,0.));
#9371 = ORIENTED_EDGE('',*,*,#9372,.T.);
#9372 = EDGE_CURVE('',#9365,#9373,#9375,.T.);
#9373 = VERTEX_POINT('',#9374);
#9374 = CARTESIAN_POINT('',(2.275,4.29,0.95));
#9375 = CIRCLE('',#9376,0.175);
#9376 = AXIS2_PLACEMENT_3D('',#9377,#9378,#9379);
#9377 = CARTESIAN_POINT('',(2.275,4.115,0.95));
#9378 = DIRECTION('',(-0.,0.,-1.));
#9379 = DIRECTION('',(-2.537652627715E-15,1.,0.));
#9380 = ORIENTED_EDGE('',*,*,#9381,.T.);
#9381 = EDGE_CURVE('',#9373,#9354,#9382,.T.);
#9382 = LINE('',#9383,#9384);
#9383 = CARTESIAN_POINT('',(1.6375,4.29,0.95));
#9384 = VECTOR('',#9385,1.);
#9385 = DIRECTION('',(1.,0.,-0.));
#9386 = PLANE('',#9387);
#9387 = AXIS2_PLACEMENT_3D('',#9388,#9389,#9390);
#9388 = CARTESIAN_POINT('',(0.,0.,0.95));
#9389 = DIRECTION('',(0.,0.,1.));
#9390 = DIRECTION('',(1.,0.,-0.));
#9391 = ADVANCED_FACE('',(#9392),#9398,.T.);
#9392 = FACE_BOUND('',#9393,.T.);
#9393 = EDGE_LOOP('',(#9394,#9395,#9396,#9397));
#9394 = ORIENTED_EDGE('',*,*,#9265,.T.);
#9395 = ORIENTED_EDGE('',*,*,#9343,.T.);
#9396 = ORIENTED_EDGE('',*,*,#9225,.F.);
#9397 = ORIENTED_EDGE('',*,*,#9289,.F.);
#9398 = CYLINDRICAL_SURFACE('',#9399,0.8);
#9399 = AXIS2_PLACEMENT_3D('',#9400,#9401,#9402);
#9400 = CARTESIAN_POINT('',(3.275000247002,4.115,0.91));
#9401 = DIRECTION('',(0.,0.,-1.));
#9402 = DIRECTION('',(-3.087522670864E-07,1.,-0.));
#9403 = ADVANCED_FACE('',(#9404),#9420,.F.);
#9404 = FACE_BOUND('',#9405,.T.);
#9405 = EDGE_LOOP('',(#9406,#9407,#9413,#9414));
#9406 = ORIENTED_EDGE('',*,*,#9299,.T.);
#9407 = ORIENTED_EDGE('',*,*,#9408,.T.);
#9408 = EDGE_CURVE('',#9302,#9356,#9409,.T.);
#9409 = LINE('',#9410,#9411);
#9410 = CARTESIAN_POINT('',(3.275,3.94,-4.6E-02));
#9411 = VECTOR('',#9412,1.);
#9412 = DIRECTION('',(0.,0.,1.));
#9413 = ORIENTED_EDGE('',*,*,#9353,.F.);
#9414 = ORIENTED_EDGE('',*,*,#9415,.F.);
#9415 = EDGE_CURVE('',#9300,#9354,#9416,.T.);
#9416 = LINE('',#9417,#9418);
#9417 = CARTESIAN_POINT('',(3.275,4.29,-4.6E-02));
#9418 = VECTOR('',#9419,1.);
#9419 = DIRECTION('',(0.,0.,1.));
#9420 = CYLINDRICAL_SURFACE('',#9421,0.175);
#9421 = AXIS2_PLACEMENT_3D('',#9422,#9423,#9424);
#9422 = CARTESIAN_POINT('',(3.275,4.115,-4.6E-02));
#9423 = DIRECTION('',(-0.,0.,-1.));
#9424 = DIRECTION('',(2.537652627715E-15,-1.,-0.));
#9425 = ADVANCED_FACE('',(#9426),#9437,.T.);
#9426 = FACE_BOUND('',#9427,.T.);
#9427 = EDGE_LOOP('',(#9428,#9429,#9430,#9431));
#9428 = ORIENTED_EDGE('',*,*,#9327,.T.);
#9429 = ORIENTED_EDGE('',*,*,#9415,.T.);
#9430 = ORIENTED_EDGE('',*,*,#9381,.F.);
#9431 = ORIENTED_EDGE('',*,*,#9432,.F.);
#9432 = EDGE_CURVE('',#9319,#9373,#9433,.T.);
#9433 = LINE('',#9434,#9435);
#9434 = CARTESIAN_POINT('',(2.275,4.29,-4.6E-02));
#9435 = VECTOR('',#9436,1.);
#9436 = DIRECTION('',(0.,0.,1.));
#9437 = PLANE('',#9438);
#9438 = AXIS2_PLACEMENT_3D('',#9439,#9440,#9441);
#9439 = CARTESIAN_POINT('',(3.275,4.29,-4.6E-02));
#9440 = DIRECTION('',(0.,-1.,0.));
#9441 = DIRECTION('',(-1.,0.,0.));
#9442 = ADVANCED_FACE('',(#9443),#9454,.F.);
#9443 = FACE_BOUND('',#9444,.T.);
#9444 = EDGE_LOOP('',(#9445,#9446,#9447,#9448));
#9445 = ORIENTED_EDGE('',*,*,#9318,.T.);
#9446 = ORIENTED_EDGE('',*,*,#9432,.T.);
#9447 = ORIENTED_EDGE('',*,*,#9372,.F.);
#9448 = ORIENTED_EDGE('',*,*,#9449,.F.);
#9449 = EDGE_CURVE('',#9311,#9365,#9450,.T.);
#9450 = LINE('',#9451,#9452);
#9451 = CARTESIAN_POINT('',(2.275,3.94,-4.6E-02));
#9452 = VECTOR('',#9453,1.);
#9453 = DIRECTION('',(0.,0.,1.));
#9454 = CYLINDRICAL_SURFACE('',#9455,0.175);
#9455 = AXIS2_PLACEMENT_3D('',#9456,#9457,#9458);
#9456 = CARTESIAN_POINT('',(2.275,4.115,-4.6E-02));
#9457 = DIRECTION('',(-0.,-0.,-1.));
#9458 = DIRECTION('',(-2.537652627715E-15,1.,0.));
#9459 = ADVANCED_FACE('',(#9460),#9466,.T.);
#9460 = FACE_BOUND('',#9461,.T.);
#9461 = EDGE_LOOP('',(#9462,#9463,#9464,#9465));
#9462 = ORIENTED_EDGE('',*,*,#9310,.T.);
#9463 = ORIENTED_EDGE('',*,*,#9449,.T.);
#9464 = ORIENTED_EDGE('',*,*,#9364,.F.);
#9465 = ORIENTED_EDGE('',*,*,#9408,.F.);
#9466 = PLANE('',#9467);
#9467 = AXIS2_PLACEMENT_3D('',#9468,#9469,#9470);
#9468 = CARTESIAN_POINT('',(2.275,3.94,-4.6E-02));
#9469 = DIRECTION('',(0.,1.,0.));
#9470 = DIRECTION('',(1.,0.,0.));
#9471 = MANIFOLD_SOLID_BREP('',#9472);
#9472 = CLOSED_SHELL('',(#9473,#9515,#9546,#9577,#9631,#9685,#9697,#9719
    ,#9736,#9753));
#9473 = ADVANCED_FACE('',(#9474),#9510,.T.);
#9474 = FACE_BOUND('',#9475,.F.);
#9475 = EDGE_LOOP('',(#9476,#9486,#9495,#9503));
#9476 = ORIENTED_EDGE('',*,*,#9477,.T.);
#9477 = EDGE_CURVE('',#9478,#9480,#9482,.T.);
#9478 = VERTEX_POINT('',#9479);
#9479 = CARTESIAN_POINT('',(2.275,3.315,0.));
#9480 = VERTEX_POINT('',#9481);
#9481 = CARTESIAN_POINT('',(2.275,3.315,-4.E-02));
#9482 = LINE('',#9483,#9484);
#9483 = CARTESIAN_POINT('',(2.275,3.315,0.));
#9484 = VECTOR('',#9485,1.);
#9485 = DIRECTION('',(0.,0.,-1.));
#9486 = ORIENTED_EDGE('',*,*,#9487,.T.);
#9487 = EDGE_CURVE('',#9480,#9488,#9490,.T.);
#9488 = VERTEX_POINT('',#9489);
#9489 = CARTESIAN_POINT('',(2.275,4.915,-4.E-02));
#9490 = CIRCLE('',#9491,0.8);
#9491 = AXIS2_PLACEMENT_3D('',#9492,#9493,#9494);
#9492 = CARTESIAN_POINT('',(2.274999752998,4.115,-4.E-02));
#9493 = DIRECTION('',(0.,0.,-1.));
#9494 = DIRECTION('',(3.087522665312E-07,-1.,0.));
#9495 = ORIENTED_EDGE('',*,*,#9496,.F.);
#9496 = EDGE_CURVE('',#9497,#9488,#9499,.T.);
#9497 = VERTEX_POINT('',#9498);
#9498 = CARTESIAN_POINT('',(2.275,4.915,0.));
#9499 = LINE('',#9500,#9501);
#9500 = CARTESIAN_POINT('',(2.275,4.915,0.));
#9501 = VECTOR('',#9502,1.);
#9502 = DIRECTION('',(0.,0.,-1.));
#9503 = ORIENTED_EDGE('',*,*,#9504,.F.);
#9504 = EDGE_CURVE('',#9478,#9497,#9505,.T.);
#9505 = CIRCLE('',#9506,0.8);
#9506 = AXIS2_PLACEMENT_3D('',#9507,#9508,#9509);
#9507 = CARTESIAN_POINT('',(2.274999752998,4.115,0.));
#9508 = DIRECTION('',(0.,0.,-1.));
#9509 = DIRECTION('',(3.087522665312E-07,-1.,0.));
#9510 = CYLINDRICAL_SURFACE('',#9511,0.8);
#9511 = AXIS2_PLACEMENT_3D('',#9512,#9513,#9514);
#9512 = CARTESIAN_POINT('',(2.274999752998,4.115,0.));
#9513 = DIRECTION('',(-0.,-0.,1.));
#9514 = DIRECTION('',(3.087522665312E-07,-1.,0.));
#9515 = ADVANCED_FACE('',(#9516),#9541,.F.);
#9516 = FACE_BOUND('',#9517,.F.);
#9517 = EDGE_LOOP('',(#9518,#9528,#9534,#9535));
#9518 = ORIENTED_EDGE('',*,*,#9519,.T.);
#9519 = EDGE_CURVE('',#9520,#9522,#9524,.T.);
#9520 = VERTEX_POINT('',#9521);
#9521 = CARTESIAN_POINT('',(3.275,3.315,0.));
#9522 = VERTEX_POINT('',#9523);
#9523 = CARTESIAN_POINT('',(3.275,3.315,-4.E-02));
#9524 = LINE('',#9525,#9526);
#9525 = CARTESIAN_POINT('',(3.275,3.315,0.));
#9526 = VECTOR('',#9527,1.);
#9527 = DIRECTION('',(0.,0.,-1.));
#9528 = ORIENTED_EDGE('',*,*,#9529,.T.);
#9529 = EDGE_CURVE('',#9522,#9480,#9530,.T.);
#9530 = LINE('',#9531,#9532);
#9531 = CARTESIAN_POINT('',(3.275,3.315,-4.E-02));
#9532 = VECTOR('',#9533,1.);
#9533 = DIRECTION('',(-1.,0.,0.));
#9534 = ORIENTED_EDGE('',*,*,#9477,.F.);
#9535 = ORIENTED_EDGE('',*,*,#9536,.F.);
#9536 = EDGE_CURVE('',#9520,#9478,#9537,.T.);
#9537 = LINE('',#9538,#9539);
#9538 = CARTESIAN_POINT('',(3.275,3.315,0.));
#9539 = VECTOR('',#9540,1.);
#9540 = DIRECTION('',(-1.,0.,0.));
#9541 = PLANE('',#9542);
#9542 = AXIS2_PLACEMENT_3D('',#9543,#9544,#9545);
#9543 = CARTESIAN_POINT('',(3.275,3.315,0.));
#9544 = DIRECTION('',(0.,1.,0.));
#9545 = DIRECTION('',(-1.,0.,0.));
#9546 = ADVANCED_FACE('',(#9547),#9572,.F.);
#9547 = FACE_BOUND('',#9548,.F.);
#9548 = EDGE_LOOP('',(#9549,#9550,#9558,#9566));
#9549 = ORIENTED_EDGE('',*,*,#9496,.T.);
#9550 = ORIENTED_EDGE('',*,*,#9551,.T.);
#9551 = EDGE_CURVE('',#9488,#9552,#9554,.T.);
#9552 = VERTEX_POINT('',#9553);
#9553 = CARTESIAN_POINT('',(3.275,4.915,-4.E-02));
#9554 = LINE('',#9555,#9556);
#9555 = CARTESIAN_POINT('',(2.275,4.915,-4.E-02));
#9556 = VECTOR('',#9557,1.);
#9557 = DIRECTION('',(1.,0.,0.));
#9558 = ORIENTED_EDGE('',*,*,#9559,.F.);
#9559 = EDGE_CURVE('',#9560,#9552,#9562,.T.);
#9560 = VERTEX_POINT('',#9561);
#9561 = CARTESIAN_POINT('',(3.275,4.915,0.));
#9562 = LINE('',#9563,#9564);
#9563 = CARTESIAN_POINT('',(3.275,4.915,0.));
#9564 = VECTOR('',#9565,1.);
#9565 = DIRECTION('',(0.,0.,-1.));
#9566 = ORIENTED_EDGE('',*,*,#9567,.F.);
#9567 = EDGE_CURVE('',#9497,#9560,#9568,.T.);
#9568 = LINE('',#9569,#9570);
#9569 = CARTESIAN_POINT('',(2.275,4.915,0.));
#9570 = VECTOR('',#9571,1.);
#9571 = DIRECTION('',(1.,0.,0.));
#9572 = PLANE('',#9573);
#9573 = AXIS2_PLACEMENT_3D('',#9574,#9575,#9576);
#9574 = CARTESIAN_POINT('',(2.275,4.915,0.));
#9575 = DIRECTION('',(0.,-1.,0.));
#9576 = DIRECTION('',(1.,0.,0.));
#9577 = ADVANCED_FACE('',(#9578,#9590),#9626,.F.);
#9578 = FACE_BOUND('',#9579,.F.);
#9579 = EDGE_LOOP('',(#9580,#9581,#9582,#9589));
#9580 = ORIENTED_EDGE('',*,*,#9504,.T.);
#9581 = ORIENTED_EDGE('',*,*,#9567,.T.);
#9582 = ORIENTED_EDGE('',*,*,#9583,.T.);
#9583 = EDGE_CURVE('',#9560,#9520,#9584,.T.);
#9584 = CIRCLE('',#9585,0.8);
#9585 = AXIS2_PLACEMENT_3D('',#9586,#9587,#9588);
#9586 = CARTESIAN_POINT('',(3.275000247002,4.115,0.));
#9587 = DIRECTION('',(0.,0.,-1.));
#9588 = DIRECTION('',(-3.087522670864E-07,1.,-0.));
#9589 = ORIENTED_EDGE('',*,*,#9536,.T.);
#9590 = FACE_BOUND('',#9591,.F.);
#9591 = EDGE_LOOP('',(#9592,#9603,#9611,#9620));
#9592 = ORIENTED_EDGE('',*,*,#9593,.F.);
#9593 = EDGE_CURVE('',#9594,#9596,#9598,.T.);
#9594 = VERTEX_POINT('',#9595);
#9595 = CARTESIAN_POINT('',(2.275,3.94,0.));
#9596 = VERTEX_POINT('',#9597);
#9597 = CARTESIAN_POINT('',(2.275,4.29,0.));
#9598 = CIRCLE('',#9599,0.175);
#9599 = AXIS2_PLACEMENT_3D('',#9600,#9601,#9602);
#9600 = CARTESIAN_POINT('',(2.275,4.115,0.));
#9601 = DIRECTION('',(-0.,0.,-1.));
#9602 = DIRECTION('',(-2.537652627715E-15,1.,0.));
#9603 = ORIENTED_EDGE('',*,*,#9604,.T.);
#9604 = EDGE_CURVE('',#9594,#9605,#9607,.T.);
#9605 = VERTEX_POINT('',#9606);
#9606 = CARTESIAN_POINT('',(3.275,3.94,0.));
#9607 = LINE('',#9608,#9609);
#9608 = CARTESIAN_POINT('',(1.1375,3.94,0.));
#9609 = VECTOR('',#9610,1.);
#9610 = DIRECTION('',(1.,0.,0.));
#9611 = ORIENTED_EDGE('',*,*,#9612,.F.);
#9612 = EDGE_CURVE('',#9613,#9605,#9615,.T.);
#9613 = VERTEX_POINT('',#9614);
#9614 = CARTESIAN_POINT('',(3.275,4.29,0.));
#9615 = CIRCLE('',#9616,0.175);
#9616 = AXIS2_PLACEMENT_3D('',#9617,#9618,#9619);
#9617 = CARTESIAN_POINT('',(3.275,4.115,0.));
#9618 = DIRECTION('',(-0.,0.,-1.));
#9619 = DIRECTION('',(2.537652627715E-15,-1.,-0.));
#9620 = ORIENTED_EDGE('',*,*,#9621,.T.);
#9621 = EDGE_CURVE('',#9613,#9596,#9622,.T.);
#9622 = LINE('',#9623,#9624);
#9623 = CARTESIAN_POINT('',(1.6375,4.29,0.));
#9624 = VECTOR('',#9625,1.);
#9625 = DIRECTION('',(-1.,0.,0.));
#9626 = PLANE('',#9627);
#9627 = AXIS2_PLACEMENT_3D('',#9628,#9629,#9630);
#9628 = CARTESIAN_POINT('',(0.,0.,0.));
#9629 = DIRECTION('',(-0.,-0.,-1.));
#9630 = DIRECTION('',(-1.,0.,0.));
#9631 = ADVANCED_FACE('',(#9632,#9644),#9680,.T.);
#9632 = FACE_BOUND('',#9633,.T.);
#9633 = EDGE_LOOP('',(#9634,#9635,#9636,#9643));
#9634 = ORIENTED_EDGE('',*,*,#9487,.T.);
#9635 = ORIENTED_EDGE('',*,*,#9551,.T.);
#9636 = ORIENTED_EDGE('',*,*,#9637,.T.);
#9637 = EDGE_CURVE('',#9552,#9522,#9638,.T.);
#9638 = CIRCLE('',#9639,0.8);
#9639 = AXIS2_PLACEMENT_3D('',#9640,#9641,#9642);
#9640 = CARTESIAN_POINT('',(3.275000247002,4.115,-4.E-02));
#9641 = DIRECTION('',(0.,0.,-1.));
#9642 = DIRECTION('',(-3.087522670864E-07,1.,-0.));
#9643 = ORIENTED_EDGE('',*,*,#9529,.T.);
#9644 = FACE_BOUND('',#9645,.T.);
#9645 = EDGE_LOOP('',(#9646,#9657,#9665,#9674));
#9646 = ORIENTED_EDGE('',*,*,#9647,.F.);
#9647 = EDGE_CURVE('',#9648,#9650,#9652,.T.);
#9648 = VERTEX_POINT('',#9649);
#9649 = CARTESIAN_POINT('',(2.275,3.94,-4.E-02));
#9650 = VERTEX_POINT('',#9651);
#9651 = CARTESIAN_POINT('',(2.275,4.29,-4.E-02));
#9652 = CIRCLE('',#9653,0.175);
#9653 = AXIS2_PLACEMENT_3D('',#9654,#9655,#9656);
#9654 = CARTESIAN_POINT('',(2.275,4.115,-4.E-02));
#9655 = DIRECTION('',(-0.,0.,-1.));
#9656 = DIRECTION('',(-2.537652627715E-15,1.,0.));
#9657 = ORIENTED_EDGE('',*,*,#9658,.T.);
#9658 = EDGE_CURVE('',#9648,#9659,#9661,.T.);
#9659 = VERTEX_POINT('',#9660);
#9660 = CARTESIAN_POINT('',(3.275,3.94,-4.E-02));
#9661 = LINE('',#9662,#9663);
#9662 = CARTESIAN_POINT('',(1.1375,3.94,-4.E-02));
#9663 = VECTOR('',#9664,1.);
#9664 = DIRECTION('',(1.,0.,0.));
#9665 = ORIENTED_EDGE('',*,*,#9666,.F.);
#9666 = EDGE_CURVE('',#9667,#9659,#9669,.T.);
#9667 = VERTEX_POINT('',#9668);
#9668 = CARTESIAN_POINT('',(3.275,4.29,-4.E-02));
#9669 = CIRCLE('',#9670,0.175);
#9670 = AXIS2_PLACEMENT_3D('',#9671,#9672,#9673);
#9671 = CARTESIAN_POINT('',(3.275,4.115,-4.E-02));
#9672 = DIRECTION('',(-0.,0.,-1.));
#9673 = DIRECTION('',(2.537652627715E-15,-1.,-0.));
#9674 = ORIENTED_EDGE('',*,*,#9675,.T.);
#9675 = EDGE_CURVE('',#9667,#9650,#9676,.T.);
#9676 = LINE('',#9677,#9678);
#9677 = CARTESIAN_POINT('',(1.6375,4.29,-4.E-02));
#9678 = VECTOR('',#9679,1.);
#9679 = DIRECTION('',(-1.,0.,0.));
#9680 = PLANE('',#9681);
#9681 = AXIS2_PLACEMENT_3D('',#9682,#9683,#9684);
#9682 = CARTESIAN_POINT('',(0.,0.,-4.E-02));
#9683 = DIRECTION('',(-0.,-0.,-1.));
#9684 = DIRECTION('',(-1.,0.,0.));
#9685 = ADVANCED_FACE('',(#9686),#9692,.T.);
#9686 = FACE_BOUND('',#9687,.F.);
#9687 = EDGE_LOOP('',(#9688,#9689,#9690,#9691));
#9688 = ORIENTED_EDGE('',*,*,#9559,.T.);
#9689 = ORIENTED_EDGE('',*,*,#9637,.T.);
#9690 = ORIENTED_EDGE('',*,*,#9519,.F.);
#9691 = ORIENTED_EDGE('',*,*,#9583,.F.);
#9692 = CYLINDRICAL_SURFACE('',#9693,0.8);
#9693 = AXIS2_PLACEMENT_3D('',#9694,#9695,#9696);
#9694 = CARTESIAN_POINT('',(3.275000247002,4.115,0.));
#9695 = DIRECTION('',(-0.,-0.,1.));
#9696 = DIRECTION('',(-3.087522670864E-07,1.,-0.));
#9697 = ADVANCED_FACE('',(#9698),#9714,.F.);
#9698 = FACE_BOUND('',#9699,.T.);
#9699 = EDGE_LOOP('',(#9700,#9701,#9707,#9708));
#9700 = ORIENTED_EDGE('',*,*,#9647,.T.);
#9701 = ORIENTED_EDGE('',*,*,#9702,.T.);
#9702 = EDGE_CURVE('',#9650,#9596,#9703,.T.);
#9703 = LINE('',#9704,#9705);
#9704 = CARTESIAN_POINT('',(2.275,4.29,-4.6E-02));
#9705 = VECTOR('',#9706,1.);
#9706 = DIRECTION('',(0.,0.,1.));
#9707 = ORIENTED_EDGE('',*,*,#9593,.F.);
#9708 = ORIENTED_EDGE('',*,*,#9709,.F.);
#9709 = EDGE_CURVE('',#9648,#9594,#9710,.T.);
#9710 = LINE('',#9711,#9712);
#9711 = CARTESIAN_POINT('',(2.275,3.94,-4.6E-02));
#9712 = VECTOR('',#9713,1.);
#9713 = DIRECTION('',(0.,0.,1.));
#9714 = CYLINDRICAL_SURFACE('',#9715,0.175);
#9715 = AXIS2_PLACEMENT_3D('',#9716,#9717,#9718);
#9716 = CARTESIAN_POINT('',(2.275,4.115,-4.6E-02));
#9717 = DIRECTION('',(-0.,-0.,-1.));
#9718 = DIRECTION('',(-2.537652627715E-15,1.,0.));
#9719 = ADVANCED_FACE('',(#9720),#9731,.T.);
#9720 = FACE_BOUND('',#9721,.T.);
#9721 = EDGE_LOOP('',(#9722,#9723,#9729,#9730));
#9722 = ORIENTED_EDGE('',*,*,#9675,.F.);
#9723 = ORIENTED_EDGE('',*,*,#9724,.T.);
#9724 = EDGE_CURVE('',#9667,#9613,#9725,.T.);
#9725 = LINE('',#9726,#9727);
#9726 = CARTESIAN_POINT('',(3.275,4.29,-4.6E-02));
#9727 = VECTOR('',#9728,1.);
#9728 = DIRECTION('',(0.,0.,1.));
#9729 = ORIENTED_EDGE('',*,*,#9621,.T.);
#9730 = ORIENTED_EDGE('',*,*,#9702,.F.);
#9731 = PLANE('',#9732);
#9732 = AXIS2_PLACEMENT_3D('',#9733,#9734,#9735);
#9733 = CARTESIAN_POINT('',(3.275,4.29,-4.6E-02));
#9734 = DIRECTION('',(0.,-1.,0.));
#9735 = DIRECTION('',(-1.,0.,0.));
#9736 = ADVANCED_FACE('',(#9737),#9748,.F.);
#9737 = FACE_BOUND('',#9738,.T.);
#9738 = EDGE_LOOP('',(#9739,#9740,#9746,#9747));
#9739 = ORIENTED_EDGE('',*,*,#9666,.T.);
#9740 = ORIENTED_EDGE('',*,*,#9741,.T.);
#9741 = EDGE_CURVE('',#9659,#9605,#9742,.T.);
#9742 = LINE('',#9743,#9744);
#9743 = CARTESIAN_POINT('',(3.275,3.94,-4.6E-02));
#9744 = VECTOR('',#9745,1.);
#9745 = DIRECTION('',(0.,0.,1.));
#9746 = ORIENTED_EDGE('',*,*,#9612,.F.);
#9747 = ORIENTED_EDGE('',*,*,#9724,.F.);
#9748 = CYLINDRICAL_SURFACE('',#9749,0.175);
#9749 = AXIS2_PLACEMENT_3D('',#9750,#9751,#9752);
#9750 = CARTESIAN_POINT('',(3.275,4.115,-4.6E-02));
#9751 = DIRECTION('',(-0.,0.,-1.));
#9752 = DIRECTION('',(2.537652627715E-15,-1.,-0.));
#9753 = ADVANCED_FACE('',(#9754),#9760,.T.);
#9754 = FACE_BOUND('',#9755,.T.);
#9755 = EDGE_LOOP('',(#9756,#9757,#9758,#9759));
#9756 = ORIENTED_EDGE('',*,*,#9658,.F.);
#9757 = ORIENTED_EDGE('',*,*,#9709,.T.);
#9758 = ORIENTED_EDGE('',*,*,#9604,.T.);
#9759 = ORIENTED_EDGE('',*,*,#9741,.F.);
#9760 = PLANE('',#9761);
#9761 = AXIS2_PLACEMENT_3D('',#9762,#9763,#9764);
#9762 = CARTESIAN_POINT('',(2.275,3.94,-4.6E-02));
#9763 = DIRECTION('',(0.,1.,0.));
#9764 = DIRECTION('',(1.,0.,0.));
#9765 = MANIFOLD_SOLID_BREP('',#9766);
#9766 = CLOSED_SHELL('',(#9767,#9807,#9840,#9873,#9926,#9979,#9991,
    #10013,#10030,#10047));
#9767 = ADVANCED_FACE('',(#9768),#9802,.F.);
#9768 = FACE_BOUND('',#9769,.F.);
#9769 = EDGE_LOOP('',(#9770,#9780,#9788,#9796));
#9770 = ORIENTED_EDGE('',*,*,#9771,.T.);
#9771 = EDGE_CURVE('',#9772,#9774,#9776,.T.);
#9772 = VERTEX_POINT('',#9773);
#9773 = CARTESIAN_POINT('',(2.275,3.915,-4.E-02));
#9774 = VERTEX_POINT('',#9775);
#9775 = CARTESIAN_POINT('',(2.275,3.915,0.95));
#9776 = LINE('',#9777,#9778);
#9777 = CARTESIAN_POINT('',(2.275,3.915,-4.E-02));
#9778 = VECTOR('',#9779,1.);
#9779 = DIRECTION('',(0.,0.,1.));
#9780 = ORIENTED_EDGE('',*,*,#9781,.T.);
#9781 = EDGE_CURVE('',#9774,#9782,#9784,.T.);
#9782 = VERTEX_POINT('',#9783);
#9783 = CARTESIAN_POINT('',(3.275,3.915,0.95));
#9784 = LINE('',#9785,#9786);
#9785 = CARTESIAN_POINT('',(2.275,3.915,0.95));
#9786 = VECTOR('',#9787,1.);
#9787 = DIRECTION('',(1.,0.,0.));
#9788 = ORIENTED_EDGE('',*,*,#9789,.F.);
#9789 = EDGE_CURVE('',#9790,#9782,#9792,.T.);
#9790 = VERTEX_POINT('',#9791);
#9791 = CARTESIAN_POINT('',(3.275,3.915,-4.E-02));
#9792 = LINE('',#9793,#9794);
#9793 = CARTESIAN_POINT('',(3.275,3.915,-4.E-02));
#9794 = VECTOR('',#9795,1.);
#9795 = DIRECTION('',(0.,0.,1.));
#9796 = ORIENTED_EDGE('',*,*,#9797,.F.);
#9797 = EDGE_CURVE('',#9772,#9790,#9798,.T.);
#9798 = LINE('',#9799,#9800);
#9799 = CARTESIAN_POINT('',(2.275,3.915,-4.E-02));
#9800 = VECTOR('',#9801,1.);
#9801 = DIRECTION('',(1.,0.,0.));
#9802 = PLANE('',#9803);
#9803 = AXIS2_PLACEMENT_3D('',#9804,#9805,#9806);
#9804 = CARTESIAN_POINT('',(2.275,3.915,-4.E-02));
#9805 = DIRECTION('',(0.,1.,0.));
#9806 = DIRECTION('',(1.,0.,0.));
#9807 = ADVANCED_FACE('',(#9808),#9835,.T.);
#9808 = FACE_BOUND('',#9809,.F.);
#9809 = EDGE_LOOP('',(#9810,#9820,#9827,#9828));
#9810 = ORIENTED_EDGE('',*,*,#9811,.T.);
#9811 = EDGE_CURVE('',#9812,#9814,#9816,.T.);
#9812 = VERTEX_POINT('',#9813);
#9813 = CARTESIAN_POINT('',(2.275,4.315,-4.E-02));
#9814 = VERTEX_POINT('',#9815);
#9815 = CARTESIAN_POINT('',(2.275,4.315,0.95));
#9816 = LINE('',#9817,#9818);
#9817 = CARTESIAN_POINT('',(2.275,4.315,-4.E-02));
#9818 = VECTOR('',#9819,1.);
#9819 = DIRECTION('',(0.,0.,1.));
#9820 = ORIENTED_EDGE('',*,*,#9821,.T.);
#9821 = EDGE_CURVE('',#9814,#9774,#9822,.T.);
#9822 = CIRCLE('',#9823,0.2);
#9823 = AXIS2_PLACEMENT_3D('',#9824,#9825,#9826);
#9824 = CARTESIAN_POINT('',(2.275,4.115,0.95));
#9825 = DIRECTION('',(0.,-0.,1.));
#9826 = DIRECTION('',(0.,1.,0.));
#9827 = ORIENTED_EDGE('',*,*,#9771,.F.);
#9828 = ORIENTED_EDGE('',*,*,#9829,.F.);
#9829 = EDGE_CURVE('',#9812,#9772,#9830,.T.);
#9830 = CIRCLE('',#9831,0.2);
#9831 = AXIS2_PLACEMENT_3D('',#9832,#9833,#9834);
#9832 = CARTESIAN_POINT('',(2.275,4.115,-4.E-02));
#9833 = DIRECTION('',(0.,-0.,1.));
#9834 = DIRECTION('',(0.,1.,0.));
#9835 = CYLINDRICAL_SURFACE('',#9836,0.2);
#9836 = AXIS2_PLACEMENT_3D('',#9837,#9838,#9839);
#9837 = CARTESIAN_POINT('',(2.275,4.115,-4.E-02));
#9838 = DIRECTION('',(-0.,0.,-1.));
#9839 = DIRECTION('',(0.,1.,0.));
#9840 = ADVANCED_FACE('',(#9841),#9868,.T.);
#9841 = FACE_BOUND('',#9842,.F.);
#9842 = EDGE_LOOP('',(#9843,#9844,#9853,#9861));
#9843 = ORIENTED_EDGE('',*,*,#9789,.T.);
#9844 = ORIENTED_EDGE('',*,*,#9845,.T.);
#9845 = EDGE_CURVE('',#9782,#9846,#9848,.T.);
#9846 = VERTEX_POINT('',#9847);
#9847 = CARTESIAN_POINT('',(3.275,4.315,0.95));
#9848 = CIRCLE('',#9849,0.2);
#9849 = AXIS2_PLACEMENT_3D('',#9850,#9851,#9852);
#9850 = CARTESIAN_POINT('',(3.275,4.115,0.95));
#9851 = DIRECTION('',(0.,0.,1.));
#9852 = DIRECTION('',(-2.22044604925E-15,-1.,0.));
#9853 = ORIENTED_EDGE('',*,*,#9854,.F.);
#9854 = EDGE_CURVE('',#9855,#9846,#9857,.T.);
#9855 = VERTEX_POINT('',#9856);
#9856 = CARTESIAN_POINT('',(3.275,4.315,-4.E-02));
#9857 = LINE('',#9858,#9859);
#9858 = CARTESIAN_POINT('',(3.275,4.315,-4.E-02));
#9859 = VECTOR('',#9860,1.);
#9860 = DIRECTION('',(0.,0.,1.));
#9861 = ORIENTED_EDGE('',*,*,#9862,.F.);
#9862 = EDGE_CURVE('',#9790,#9855,#9863,.T.);
#9863 = CIRCLE('',#9864,0.2);
#9864 = AXIS2_PLACEMENT_3D('',#9865,#9866,#9867);
#9865 = CARTESIAN_POINT('',(3.275,4.115,-4.E-02));
#9866 = DIRECTION('',(0.,0.,1.));
#9867 = DIRECTION('',(-2.22044604925E-15,-1.,0.));
#9868 = CYLINDRICAL_SURFACE('',#9869,0.2);
#9869 = AXIS2_PLACEMENT_3D('',#9870,#9871,#9872);
#9870 = CARTESIAN_POINT('',(3.275,4.115,-4.E-02));
#9871 = DIRECTION('',(-0.,-0.,-1.));
#9872 = DIRECTION('',(-2.22044604925E-15,-1.,0.));
#9873 = ADVANCED_FACE('',(#9874,#9885),#9921,.F.);
#9874 = FACE_BOUND('',#9875,.F.);
#9875 = EDGE_LOOP('',(#9876,#9877,#9878,#9884));
#9876 = ORIENTED_EDGE('',*,*,#9797,.T.);
#9877 = ORIENTED_EDGE('',*,*,#9862,.T.);
#9878 = ORIENTED_EDGE('',*,*,#9879,.T.);
#9879 = EDGE_CURVE('',#9855,#9812,#9880,.T.);
#9880 = LINE('',#9881,#9882);
#9881 = CARTESIAN_POINT('',(3.275,4.315,-4.E-02));
#9882 = VECTOR('',#9883,1.);
#9883 = DIRECTION('',(-1.,0.,0.));
#9884 = ORIENTED_EDGE('',*,*,#9829,.T.);
#9885 = FACE_BOUND('',#9886,.F.);
#9886 = EDGE_LOOP('',(#9887,#9898,#9906,#9915));
#9887 = ORIENTED_EDGE('',*,*,#9888,.T.);
#9888 = EDGE_CURVE('',#9889,#9891,#9893,.T.);
#9889 = VERTEX_POINT('',#9890);
#9890 = CARTESIAN_POINT('',(3.275,4.29,-4.E-02));
#9891 = VERTEX_POINT('',#9892);
#9892 = CARTESIAN_POINT('',(3.275,3.94,-4.E-02));
#9893 = CIRCLE('',#9894,0.175);
#9894 = AXIS2_PLACEMENT_3D('',#9895,#9896,#9897);
#9895 = CARTESIAN_POINT('',(3.275,4.115,-4.E-02));
#9896 = DIRECTION('',(-0.,0.,-1.));
#9897 = DIRECTION('',(2.537652627715E-15,-1.,-0.));
#9898 = ORIENTED_EDGE('',*,*,#9899,.T.);
#9899 = EDGE_CURVE('',#9891,#9900,#9902,.T.);
#9900 = VERTEX_POINT('',#9901);
#9901 = CARTESIAN_POINT('',(2.275,3.94,-4.E-02));
#9902 = LINE('',#9903,#9904);
#9903 = CARTESIAN_POINT('',(2.275,3.94,-4.E-02));
#9904 = VECTOR('',#9905,1.);
#9905 = DIRECTION('',(-1.,0.,0.));
#9906 = ORIENTED_EDGE('',*,*,#9907,.T.);
#9907 = EDGE_CURVE('',#9900,#9908,#9910,.T.);
#9908 = VERTEX_POINT('',#9909);
#9909 = CARTESIAN_POINT('',(2.275,4.29,-4.E-02));
#9910 = CIRCLE('',#9911,0.175);
#9911 = AXIS2_PLACEMENT_3D('',#9912,#9913,#9914);
#9912 = CARTESIAN_POINT('',(2.275,4.115,-4.E-02));
#9913 = DIRECTION('',(-0.,0.,-1.));
#9914 = DIRECTION('',(-2.537652627715E-15,1.,0.));
#9915 = ORIENTED_EDGE('',*,*,#9916,.T.);
#9916 = EDGE_CURVE('',#9908,#9889,#9917,.T.);
#9917 = LINE('',#9918,#9919);
#9918 = CARTESIAN_POINT('',(2.775,4.29,-4.E-02));
#9919 = VECTOR('',#9920,1.);
#9920 = DIRECTION('',(1.,0.,-0.));
#9921 = PLANE('',#9922);
#9922 = AXIS2_PLACEMENT_3D('',#9923,#9924,#9925);
#9923 = CARTESIAN_POINT('',(2.275,3.915,-4.E-02));
#9924 = DIRECTION('',(0.,0.,1.));
#9925 = DIRECTION('',(1.,0.,-0.));
#9926 = ADVANCED_FACE('',(#9927,#9938),#9974,.T.);
#9927 = FACE_BOUND('',#9928,.T.);
#9928 = EDGE_LOOP('',(#9929,#9930,#9931,#9937));
#9929 = ORIENTED_EDGE('',*,*,#9781,.T.);
#9930 = ORIENTED_EDGE('',*,*,#9845,.T.);
#9931 = ORIENTED_EDGE('',*,*,#9932,.T.);
#9932 = EDGE_CURVE('',#9846,#9814,#9933,.T.);
#9933 = LINE('',#9934,#9935);
#9934 = CARTESIAN_POINT('',(3.275,4.315,0.95));
#9935 = VECTOR('',#9936,1.);
#9936 = DIRECTION('',(-1.,0.,0.));
#9937 = ORIENTED_EDGE('',*,*,#9821,.T.);
#9938 = FACE_BOUND('',#9939,.T.);
#9939 = EDGE_LOOP('',(#9940,#9951,#9959,#9968));
#9940 = ORIENTED_EDGE('',*,*,#9941,.T.);
#9941 = EDGE_CURVE('',#9942,#9944,#9946,.T.);
#9942 = VERTEX_POINT('',#9943);
#9943 = CARTESIAN_POINT('',(3.275,4.29,0.95));
#9944 = VERTEX_POINT('',#9945);
#9945 = CARTESIAN_POINT('',(3.275,3.94,0.95));
#9946 = CIRCLE('',#9947,0.175);
#9947 = AXIS2_PLACEMENT_3D('',#9948,#9949,#9950);
#9948 = CARTESIAN_POINT('',(3.275,4.115,0.95));
#9949 = DIRECTION('',(-0.,0.,-1.));
#9950 = DIRECTION('',(2.537652627715E-15,-1.,-0.));
#9951 = ORIENTED_EDGE('',*,*,#9952,.T.);
#9952 = EDGE_CURVE('',#9944,#9953,#9955,.T.);
#9953 = VERTEX_POINT('',#9954);
#9954 = CARTESIAN_POINT('',(2.275,3.94,0.95));
#9955 = LINE('',#9956,#9957);
#9956 = CARTESIAN_POINT('',(2.275,3.94,0.95));
#9957 = VECTOR('',#9958,1.);
#9958 = DIRECTION('',(-1.,0.,0.));
#9959 = ORIENTED_EDGE('',*,*,#9960,.T.);
#9960 = EDGE_CURVE('',#9953,#9961,#9963,.T.);
#9961 = VERTEX_POINT('',#9962);
#9962 = CARTESIAN_POINT('',(2.275,4.29,0.95));
#9963 = CIRCLE('',#9964,0.175);
#9964 = AXIS2_PLACEMENT_3D('',#9965,#9966,#9967);
#9965 = CARTESIAN_POINT('',(2.275,4.115,0.95));
#9966 = DIRECTION('',(-0.,0.,-1.));
#9967 = DIRECTION('',(-2.537652627715E-15,1.,0.));
#9968 = ORIENTED_EDGE('',*,*,#9969,.T.);
#9969 = EDGE_CURVE('',#9961,#9942,#9970,.T.);
#9970 = LINE('',#9971,#9972);
#9971 = CARTESIAN_POINT('',(2.775,4.29,0.95));
#9972 = VECTOR('',#9973,1.);
#9973 = DIRECTION('',(1.,0.,-0.));
#9974 = PLANE('',#9975);
#9975 = AXIS2_PLACEMENT_3D('',#9976,#9977,#9978);
#9976 = CARTESIAN_POINT('',(2.275,3.915,0.95));
#9977 = DIRECTION('',(0.,0.,1.));
#9978 = DIRECTION('',(1.,0.,-0.));
#9979 = ADVANCED_FACE('',(#9980),#9986,.F.);
#9980 = FACE_BOUND('',#9981,.F.);
#9981 = EDGE_LOOP('',(#9982,#9983,#9984,#9985));
#9982 = ORIENTED_EDGE('',*,*,#9854,.T.);
#9983 = ORIENTED_EDGE('',*,*,#9932,.T.);
#9984 = ORIENTED_EDGE('',*,*,#9811,.F.);
#9985 = ORIENTED_EDGE('',*,*,#9879,.F.);
#9986 = PLANE('',#9987);
#9987 = AXIS2_PLACEMENT_3D('',#9988,#9989,#9990);
#9988 = CARTESIAN_POINT('',(3.275,4.315,-4.E-02));
#9989 = DIRECTION('',(0.,-1.,0.));
#9990 = DIRECTION('',(-1.,0.,0.));
#9991 = ADVANCED_FACE('',(#9992),#10008,.F.);
#9992 = FACE_BOUND('',#9993,.T.);
#9993 = EDGE_LOOP('',(#9994,#9995,#10001,#10002));
#9994 = ORIENTED_EDGE('',*,*,#9888,.T.);
#9995 = ORIENTED_EDGE('',*,*,#9996,.T.);
#9996 = EDGE_CURVE('',#9891,#9944,#9997,.T.);
#9997 = LINE('',#9998,#9999);
#9998 = CARTESIAN_POINT('',(3.275,3.94,-4.6E-02));
#9999 = VECTOR('',#10000,1.);
#10000 = DIRECTION('',(0.,0.,1.));
#10001 = ORIENTED_EDGE('',*,*,#9941,.F.);
#10002 = ORIENTED_EDGE('',*,*,#10003,.F.);
#10003 = EDGE_CURVE('',#9889,#9942,#10004,.T.);
#10004 = LINE('',#10005,#10006);
#10005 = CARTESIAN_POINT('',(3.275,4.29,-4.6E-02));
#10006 = VECTOR('',#10007,1.);
#10007 = DIRECTION('',(0.,0.,1.));
#10008 = CYLINDRICAL_SURFACE('',#10009,0.175);
#10009 = AXIS2_PLACEMENT_3D('',#10010,#10011,#10012);
#10010 = CARTESIAN_POINT('',(3.275,4.115,-4.6E-02));
#10011 = DIRECTION('',(-0.,0.,-1.));
#10012 = DIRECTION('',(2.537652627715E-15,-1.,-0.));
#10013 = ADVANCED_FACE('',(#10014),#10025,.T.);
#10014 = FACE_BOUND('',#10015,.T.);
#10015 = EDGE_LOOP('',(#10016,#10017,#10018,#10019));
#10016 = ORIENTED_EDGE('',*,*,#9916,.T.);
#10017 = ORIENTED_EDGE('',*,*,#10003,.T.);
#10018 = ORIENTED_EDGE('',*,*,#9969,.F.);
#10019 = ORIENTED_EDGE('',*,*,#10020,.F.);
#10020 = EDGE_CURVE('',#9908,#9961,#10021,.T.);
#10021 = LINE('',#10022,#10023);
#10022 = CARTESIAN_POINT('',(2.275,4.29,-4.6E-02));
#10023 = VECTOR('',#10024,1.);
#10024 = DIRECTION('',(0.,0.,1.));
#10025 = PLANE('',#10026);
#10026 = AXIS2_PLACEMENT_3D('',#10027,#10028,#10029);
#10027 = CARTESIAN_POINT('',(3.275,4.29,-4.6E-02));
#10028 = DIRECTION('',(0.,-1.,0.));
#10029 = DIRECTION('',(-1.,0.,0.));
#10030 = ADVANCED_FACE('',(#10031),#10042,.F.);
#10031 = FACE_BOUND('',#10032,.T.);
#10032 = EDGE_LOOP('',(#10033,#10034,#10035,#10036));
#10033 = ORIENTED_EDGE('',*,*,#9907,.T.);
#10034 = ORIENTED_EDGE('',*,*,#10020,.T.);
#10035 = ORIENTED_EDGE('',*,*,#9960,.F.);
#10036 = ORIENTED_EDGE('',*,*,#10037,.F.);
#10037 = EDGE_CURVE('',#9900,#9953,#10038,.T.);
#10038 = LINE('',#10039,#10040);
#10039 = CARTESIAN_POINT('',(2.275,3.94,-4.6E-02));
#10040 = VECTOR('',#10041,1.);
#10041 = DIRECTION('',(0.,0.,1.));
#10042 = CYLINDRICAL_SURFACE('',#10043,0.175);
#10043 = AXIS2_PLACEMENT_3D('',#10044,#10045,#10046);
#10044 = CARTESIAN_POINT('',(2.275,4.115,-4.6E-02));
#10045 = DIRECTION('',(-0.,-0.,-1.));
#10046 = DIRECTION('',(-2.537652627715E-15,1.,0.));
#10047 = ADVANCED_FACE('',(#10048),#10054,.T.);
#10048 = FACE_BOUND('',#10049,.T.);
#10049 = EDGE_LOOP('',(#10050,#10051,#10052,#10053));
#10050 = ORIENTED_EDGE('',*,*,#9899,.T.);
#10051 = ORIENTED_EDGE('',*,*,#10037,.T.);
#10052 = ORIENTED_EDGE('',*,*,#9952,.F.);
#10053 = ORIENTED_EDGE('',*,*,#9996,.F.);
#10054 = PLANE('',#10055);
#10055 = AXIS2_PLACEMENT_3D('',#10056,#10057,#10058);
#10056 = CARTESIAN_POINT('',(2.275,3.94,-4.6E-02));
#10057 = DIRECTION('',(0.,1.,0.));
#10058 = DIRECTION('',(1.,0.,0.));
#10059 = MANIFOLD_SOLID_BREP('',#10060);
#10060 = CLOSED_SHELL('',(#10061,#10094,#10114,#10134));
#10061 = ADVANCED_FACE('',(#10062),#10089,.T.);
#10062 = FACE_BOUND('',#10063,.F.);
#10063 = EDGE_LOOP('',(#10064,#10074,#10081,#10082));
#10064 = ORIENTED_EDGE('',*,*,#10065,.T.);
#10065 = EDGE_CURVE('',#10066,#10068,#10070,.T.);
#10066 = VERTEX_POINT('',#10067);
#10067 = CARTESIAN_POINT('',(0.799999,4.115,0.91));
#10068 = VERTEX_POINT('',#10069);
#10069 = CARTESIAN_POINT('',(0.799999,4.115,0.95));
#10070 = LINE('',#10071,#10072);
#10071 = CARTESIAN_POINT('',(0.799999,4.115,0.91));
#10072 = VECTOR('',#10073,1.);
#10073 = DIRECTION('',(0.,0.,1.));
#10074 = ORIENTED_EDGE('',*,*,#10075,.T.);
#10075 = EDGE_CURVE('',#10068,#10068,#10076,.T.);
#10076 = CIRCLE('',#10077,0.799999);
#10077 = AXIS2_PLACEMENT_3D('',#10078,#10079,#10080);
#10078 = CARTESIAN_POINT('',(0.,4.115,0.95));
#10079 = DIRECTION('',(0.,0.,1.));
#10080 = DIRECTION('',(1.,0.,-0.));
#10081 = ORIENTED_EDGE('',*,*,#10065,.F.);
#10082 = ORIENTED_EDGE('',*,*,#10083,.F.);
#10083 = EDGE_CURVE('',#10066,#10066,#10084,.T.);
#10084 = CIRCLE('',#10085,0.799999);
#10085 = AXIS2_PLACEMENT_3D('',#10086,#10087,#10088);
#10086 = CARTESIAN_POINT('',(0.,4.115,0.91));
#10087 = DIRECTION('',(0.,0.,1.));
#10088 = DIRECTION('',(1.,0.,-0.));
#10089 = CYLINDRICAL_SURFACE('',#10090,0.799999);
#10090 = AXIS2_PLACEMENT_3D('',#10091,#10092,#10093);
#10091 = CARTESIAN_POINT('',(0.,4.115,0.91));
#10092 = DIRECTION('',(-0.,-0.,-1.));
#10093 = DIRECTION('',(1.,0.,-0.));
#10094 = ADVANCED_FACE('',(#10095,#10098),#10109,.F.);
#10095 = FACE_BOUND('',#10096,.F.);
#10096 = EDGE_LOOP('',(#10097));
#10097 = ORIENTED_EDGE('',*,*,#10083,.T.);
#10098 = FACE_BOUND('',#10099,.F.);
#10099 = EDGE_LOOP('',(#10100));
#10100 = ORIENTED_EDGE('',*,*,#10101,.T.);
#10101 = EDGE_CURVE('',#10102,#10102,#10104,.T.);
#10102 = VERTEX_POINT('',#10103);
#10103 = CARTESIAN_POINT('',(-1.078520768857E-32,3.84,0.91));
#10104 = CIRCLE('',#10105,0.275);
#10105 = AXIS2_PLACEMENT_3D('',#10106,#10107,#10108);
#10106 = CARTESIAN_POINT('',(-1.387778780781E-17,4.115,0.91));
#10107 = DIRECTION('',(-0.,0.,-1.));
#10108 = DIRECTION('',(5.046468293751E-17,-1.,-0.));
#10109 = PLANE('',#10110);
#10110 = AXIS2_PLACEMENT_3D('',#10111,#10112,#10113);
#10111 = CARTESIAN_POINT('',(0.,0.,0.91));
#10112 = DIRECTION('',(0.,0.,1.));
#10113 = DIRECTION('',(1.,0.,-0.));
#10114 = ADVANCED_FACE('',(#10115,#10118),#10129,.T.);
#10115 = FACE_BOUND('',#10116,.T.);
#10116 = EDGE_LOOP('',(#10117));
#10117 = ORIENTED_EDGE('',*,*,#10075,.T.);
#10118 = FACE_BOUND('',#10119,.T.);
#10119 = EDGE_LOOP('',(#10120));
#10120 = ORIENTED_EDGE('',*,*,#10121,.T.);
#10121 = EDGE_CURVE('',#10122,#10122,#10124,.T.);
#10122 = VERTEX_POINT('',#10123);
#10123 = CARTESIAN_POINT('',(-1.078520768857E-32,3.84,0.95));
#10124 = CIRCLE('',#10125,0.275);
#10125 = AXIS2_PLACEMENT_3D('',#10126,#10127,#10128);
#10126 = CARTESIAN_POINT('',(-1.387778780781E-17,4.115,0.95));
#10127 = DIRECTION('',(-0.,0.,-1.));
#10128 = DIRECTION('',(5.046468293751E-17,-1.,-0.));
#10129 = PLANE('',#10130);
#10130 = AXIS2_PLACEMENT_3D('',#10131,#10132,#10133);
#10131 = CARTESIAN_POINT('',(0.,0.,0.95));
#10132 = DIRECTION('',(0.,0.,1.));
#10133 = DIRECTION('',(1.,0.,-0.));
#10134 = ADVANCED_FACE('',(#10135),#10146,.F.);
#10135 = FACE_BOUND('',#10136,.T.);
#10136 = EDGE_LOOP('',(#10137,#10138,#10144,#10145));
#10137 = ORIENTED_EDGE('',*,*,#10101,.T.);
#10138 = ORIENTED_EDGE('',*,*,#10139,.T.);
#10139 = EDGE_CURVE('',#10102,#10122,#10140,.T.);
#10140 = LINE('',#10141,#10142);
#10141 = CARTESIAN_POINT('',(-1.078520768857E-32,3.84,-4.6E-02));
#10142 = VECTOR('',#10143,1.);
#10143 = DIRECTION('',(0.,0.,1.));
#10144 = ORIENTED_EDGE('',*,*,#10121,.F.);
#10145 = ORIENTED_EDGE('',*,*,#10139,.F.);
#10146 = CYLINDRICAL_SURFACE('',#10147,0.275);
#10147 = AXIS2_PLACEMENT_3D('',#10148,#10149,#10150);
#10148 = CARTESIAN_POINT('',(-1.387778780781E-17,4.115,-4.6E-02));
#10149 = DIRECTION('',(-0.,0.,-1.));
#10150 = DIRECTION('',(5.046468293751E-17,-1.,-0.));
#10151 = MANIFOLD_SOLID_BREP('',#10152);
#10152 = CLOSED_SHELL('',(#10153,#10186,#10206,#10226));
#10153 = ADVANCED_FACE('',(#10154),#10181,.T.);
#10154 = FACE_BOUND('',#10155,.T.);
#10155 = EDGE_LOOP('',(#10156,#10166,#10173,#10174));
#10156 = ORIENTED_EDGE('',*,*,#10157,.T.);
#10157 = EDGE_CURVE('',#10158,#10160,#10162,.T.);
#10158 = VERTEX_POINT('',#10159);
#10159 = CARTESIAN_POINT('',(0.799999,4.115,0.));
#10160 = VERTEX_POINT('',#10161);
#10161 = CARTESIAN_POINT('',(0.799999,4.115,-4.E-02));
#10162 = LINE('',#10163,#10164);
#10163 = CARTESIAN_POINT('',(0.799999,4.115,0.));
#10164 = VECTOR('',#10165,1.);
#10165 = DIRECTION('',(0.,0.,-1.));
#10166 = ORIENTED_EDGE('',*,*,#10167,.T.);
#10167 = EDGE_CURVE('',#10160,#10160,#10168,.T.);
#10168 = CIRCLE('',#10169,0.799999);
#10169 = AXIS2_PLACEMENT_3D('',#10170,#10171,#10172);
#10170 = CARTESIAN_POINT('',(0.,4.115,-4.E-02));
#10171 = DIRECTION('',(0.,0.,1.));
#10172 = DIRECTION('',(1.,0.,-0.));
#10173 = ORIENTED_EDGE('',*,*,#10157,.F.);
#10174 = ORIENTED_EDGE('',*,*,#10175,.F.);
#10175 = EDGE_CURVE('',#10158,#10158,#10176,.T.);
#10176 = CIRCLE('',#10177,0.799999);
#10177 = AXIS2_PLACEMENT_3D('',#10178,#10179,#10180);
#10178 = CARTESIAN_POINT('',(0.,4.115,0.));
#10179 = DIRECTION('',(0.,0.,1.));
#10180 = DIRECTION('',(1.,0.,-0.));
#10181 = CYLINDRICAL_SURFACE('',#10182,0.799999);
#10182 = AXIS2_PLACEMENT_3D('',#10183,#10184,#10185);
#10183 = CARTESIAN_POINT('',(0.,4.115,0.));
#10184 = DIRECTION('',(0.,0.,1.));
#10185 = DIRECTION('',(1.,0.,-0.));
#10186 = ADVANCED_FACE('',(#10187,#10190),#10201,.F.);
#10187 = FACE_BOUND('',#10188,.F.);
#10188 = EDGE_LOOP('',(#10189));
#10189 = ORIENTED_EDGE('',*,*,#10175,.F.);
#10190 = FACE_BOUND('',#10191,.F.);
#10191 = EDGE_LOOP('',(#10192));
#10192 = ORIENTED_EDGE('',*,*,#10193,.F.);
#10193 = EDGE_CURVE('',#10194,#10194,#10196,.T.);
#10194 = VERTEX_POINT('',#10195);
#10195 = CARTESIAN_POINT('',(-1.078520768857E-32,3.84,0.));
#10196 = CIRCLE('',#10197,0.275);
#10197 = AXIS2_PLACEMENT_3D('',#10198,#10199,#10200);
#10198 = CARTESIAN_POINT('',(-1.387778780781E-17,4.115,0.));
#10199 = DIRECTION('',(-0.,0.,-1.));
#10200 = DIRECTION('',(5.046468293751E-17,-1.,-0.));
#10201 = PLANE('',#10202);
#10202 = AXIS2_PLACEMENT_3D('',#10203,#10204,#10205);
#10203 = CARTESIAN_POINT('',(0.,0.,0.));
#10204 = DIRECTION('',(-0.,-0.,-1.));
#10205 = DIRECTION('',(-1.,0.,0.));
#10206 = ADVANCED_FACE('',(#10207,#10210),#10221,.T.);
#10207 = FACE_BOUND('',#10208,.T.);
#10208 = EDGE_LOOP('',(#10209));
#10209 = ORIENTED_EDGE('',*,*,#10167,.F.);
#10210 = FACE_BOUND('',#10211,.T.);
#10211 = EDGE_LOOP('',(#10212));
#10212 = ORIENTED_EDGE('',*,*,#10213,.F.);
#10213 = EDGE_CURVE('',#10214,#10214,#10216,.T.);
#10214 = VERTEX_POINT('',#10215);
#10215 = CARTESIAN_POINT('',(-1.078520768857E-32,3.84,-4.E-02));
#10216 = CIRCLE('',#10217,0.275);
#10217 = AXIS2_PLACEMENT_3D('',#10218,#10219,#10220);
#10218 = CARTESIAN_POINT('',(-1.387778780781E-17,4.115,-4.E-02));
#10219 = DIRECTION('',(-0.,0.,-1.));
#10220 = DIRECTION('',(5.046468293751E-17,-1.,-0.));
#10221 = PLANE('',#10222);
#10222 = AXIS2_PLACEMENT_3D('',#10223,#10224,#10225);
#10223 = CARTESIAN_POINT('',(0.,0.,-4.E-02));
#10224 = DIRECTION('',(-0.,-0.,-1.));
#10225 = DIRECTION('',(-1.,0.,0.));
#10226 = ADVANCED_FACE('',(#10227),#10238,.F.);
#10227 = FACE_BOUND('',#10228,.T.);
#10228 = EDGE_LOOP('',(#10229,#10230,#10236,#10237));
#10229 = ORIENTED_EDGE('',*,*,#10213,.T.);
#10230 = ORIENTED_EDGE('',*,*,#10231,.T.);
#10231 = EDGE_CURVE('',#10214,#10194,#10232,.T.);
#10232 = LINE('',#10233,#10234);
#10233 = CARTESIAN_POINT('',(-1.078520768857E-32,3.84,-4.6E-02));
#10234 = VECTOR('',#10235,1.);
#10235 = DIRECTION('',(0.,0.,1.));
#10236 = ORIENTED_EDGE('',*,*,#10193,.F.);
#10237 = ORIENTED_EDGE('',*,*,#10231,.F.);
#10238 = CYLINDRICAL_SURFACE('',#10239,0.275);
#10239 = AXIS2_PLACEMENT_3D('',#10240,#10241,#10242);
#10240 = CARTESIAN_POINT('',(-1.387778780781E-17,4.115,-4.6E-02));
#10241 = DIRECTION('',(-0.,0.,-1.));
#10242 = DIRECTION('',(5.046468293751E-17,-1.,-0.));
#10243 = MANIFOLD_SOLID_BREP('',#10244);
#10244 = CLOSED_SHELL('',(#10245,#10278,#10298,#10318));
#10245 = ADVANCED_FACE('',(#10246),#10273,.T.);
#10246 = FACE_BOUND('',#10247,.F.);
#10247 = EDGE_LOOP('',(#10248,#10258,#10265,#10266));
#10248 = ORIENTED_EDGE('',*,*,#10249,.T.);
#10249 = EDGE_CURVE('',#10250,#10252,#10254,.T.);
#10250 = VERTEX_POINT('',#10251);
#10251 = CARTESIAN_POINT('',(0.,3.815,-4.E-02));
#10252 = VERTEX_POINT('',#10253);
#10253 = CARTESIAN_POINT('',(0.,3.815,0.95));
#10254 = LINE('',#10255,#10256);
#10255 = CARTESIAN_POINT('',(0.,3.815,-4.E-02));
#10256 = VECTOR('',#10257,1.);
#10257 = DIRECTION('',(0.,0.,1.));
#10258 = ORIENTED_EDGE('',*,*,#10259,.T.);
#10259 = EDGE_CURVE('',#10252,#10252,#10260,.T.);
#10260 = CIRCLE('',#10261,0.3);
#10261 = AXIS2_PLACEMENT_3D('',#10262,#10263,#10264);
#10262 = CARTESIAN_POINT('',(0.,4.115,0.95));
#10263 = DIRECTION('',(0.,0.,1.));
#10264 = DIRECTION('',(-0.,-1.,0.));
#10265 = ORIENTED_EDGE('',*,*,#10249,.F.);
#10266 = ORIENTED_EDGE('',*,*,#10267,.F.);
#10267 = EDGE_CURVE('',#10250,#10250,#10268,.T.);
#10268 = CIRCLE('',#10269,0.3);
#10269 = AXIS2_PLACEMENT_3D('',#10270,#10271,#10272);
#10270 = CARTESIAN_POINT('',(0.,4.115,-4.E-02));
#10271 = DIRECTION('',(0.,0.,1.));
#10272 = DIRECTION('',(-0.,-1.,0.));
#10273 = CYLINDRICAL_SURFACE('',#10274,0.3);
#10274 = AXIS2_PLACEMENT_3D('',#10275,#10276,#10277);
#10275 = CARTESIAN_POINT('',(0.,4.115,-4.E-02));
#10276 = DIRECTION('',(-0.,-0.,-1.));
#10277 = DIRECTION('',(-0.,-1.,0.));
#10278 = ADVANCED_FACE('',(#10279,#10282),#10293,.F.);
#10279 = FACE_BOUND('',#10280,.F.);
#10280 = EDGE_LOOP('',(#10281));
#10281 = ORIENTED_EDGE('',*,*,#10267,.T.);
#10282 = FACE_BOUND('',#10283,.F.);
#10283 = EDGE_LOOP('',(#10284));
#10284 = ORIENTED_EDGE('',*,*,#10285,.T.);
#10285 = EDGE_CURVE('',#10286,#10286,#10288,.T.);
#10286 = VERTEX_POINT('',#10287);
#10287 = CARTESIAN_POINT('',(-1.078520768857E-32,3.84,-4.E-02));
#10288 = CIRCLE('',#10289,0.275);
#10289 = AXIS2_PLACEMENT_3D('',#10290,#10291,#10292);
#10290 = CARTESIAN_POINT('',(-1.387778780781E-17,4.115,-4.E-02));
#10291 = DIRECTION('',(-0.,0.,-1.));
#10292 = DIRECTION('',(5.046468293751E-17,-1.,-0.));
#10293 = PLANE('',#10294);
#10294 = AXIS2_PLACEMENT_3D('',#10295,#10296,#10297);
#10295 = CARTESIAN_POINT('',(0.,3.815,-4.E-02));
#10296 = DIRECTION('',(0.,0.,1.));
#10297 = DIRECTION('',(1.,0.,-0.));
#10298 = ADVANCED_FACE('',(#10299,#10302),#10313,.T.);
#10299 = FACE_BOUND('',#10300,.T.);
#10300 = EDGE_LOOP('',(#10301));
#10301 = ORIENTED_EDGE('',*,*,#10259,.T.);
#10302 = FACE_BOUND('',#10303,.T.);
#10303 = EDGE_LOOP('',(#10304));
#10304 = ORIENTED_EDGE('',*,*,#10305,.T.);
#10305 = EDGE_CURVE('',#10306,#10306,#10308,.T.);
#10306 = VERTEX_POINT('',#10307);
#10307 = CARTESIAN_POINT('',(-1.078520768857E-32,3.84,0.95));
#10308 = CIRCLE('',#10309,0.275);
#10309 = AXIS2_PLACEMENT_3D('',#10310,#10311,#10312);
#10310 = CARTESIAN_POINT('',(-1.387778780781E-17,4.115,0.95));
#10311 = DIRECTION('',(-0.,0.,-1.));
#10312 = DIRECTION('',(5.046468293751E-17,-1.,-0.));
#10313 = PLANE('',#10314);
#10314 = AXIS2_PLACEMENT_3D('',#10315,#10316,#10317);
#10315 = CARTESIAN_POINT('',(0.,3.815,0.95));
#10316 = DIRECTION('',(0.,0.,1.));
#10317 = DIRECTION('',(1.,0.,-0.));
#10318 = ADVANCED_FACE('',(#10319),#10330,.F.);
#10319 = FACE_BOUND('',#10320,.T.);
#10320 = EDGE_LOOP('',(#10321,#10322,#10328,#10329));
#10321 = ORIENTED_EDGE('',*,*,#10285,.T.);
#10322 = ORIENTED_EDGE('',*,*,#10323,.T.);
#10323 = EDGE_CURVE('',#10286,#10306,#10324,.T.);
#10324 = LINE('',#10325,#10326);
#10325 = CARTESIAN_POINT('',(-1.078520768857E-32,3.84,-4.6E-02));
#10326 = VECTOR('',#10327,1.);
#10327 = DIRECTION('',(0.,0.,1.));
#10328 = ORIENTED_EDGE('',*,*,#10305,.F.);
#10329 = ORIENTED_EDGE('',*,*,#10323,.F.);
#10330 = CYLINDRICAL_SURFACE('',#10331,0.275);
#10331 = AXIS2_PLACEMENT_3D('',#10332,#10333,#10334);
#10332 = CARTESIAN_POINT('',(-1.387778780781E-17,4.115,-4.6E-02));
#10333 = DIRECTION('',(-0.,0.,-1.));
#10334 = DIRECTION('',(5.046468293751E-17,-1.,-0.));
#10335 = ( GEOMETRIC_REPRESENTATION_CONTEXT(3) 
GLOBAL_UNCERTAINTY_ASSIGNED_CONTEXT((#10339)) 
GLOBAL_UNIT_ASSIGNED_CONTEXT((#10336,#10337,#10338)) 
REPRESENTATION_CONTEXT('Context #1',
  '3D Context with UNIT and UNCERTAINTY') );
#10336 = ( LENGTH_UNIT() NAMED_UNIT(*) SI_UNIT(.MILLI.,.METRE.) );
#10337 = ( NAMED_UNIT(*) PLANE_ANGLE_UNIT() SI_UNIT($,.RADIAN.) );
#10338 = ( NAMED_UNIT(*) SI_UNIT($,.STERADIAN.) SOLID_ANGLE_UNIT() );
#10339 = UNCERTAINTY_MEASURE_WITH_UNIT(LENGTH_MEASURE(1.E-07),#10336,
  'distance_accuracy_value','confusion accuracy');
#10340 = CONTEXT_DEPENDENT_SHAPE_REPRESENTATION(#10341,#10343);
#10341 = ( REPRESENTATION_RELATIONSHIP('','',#3034,#10) 
REPRESENTATION_RELATIONSHIP_WITH_TRANSFORMATION(#10342) 
SHAPE_REPRESENTATION_RELATIONSHIP() );
#10342 = ITEM_DEFINED_TRANSFORMATION('','',#11,#19);
#10343 = PRODUCT_DEFINITION_SHAPE('Placement','Placement of an item',
  #10344);
#10344 = NEXT_ASSEMBLY_USAGE_OCCURRENCE('15','=>[0:1:1:16]','',#5,#3029,
  $);
#10345 = PRODUCT_RELATED_PRODUCT_CATEGORY('part',$,(#3031));
#10346 = SHAPE_DEFINITION_REPRESENTATION(#10347,#10353);
#10347 = PRODUCT_DEFINITION_SHAPE('','',#10348);
#10348 = PRODUCT_DEFINITION('design','',#10349,#10352);
#10349 = PRODUCT_DEFINITION_FORMATION('','',#10350);
#10350 = PRODUCT('Barrel-unsaved-export-6gLF2A_silkscreen',
  'Barrel-unsaved-export-6gLF2A_silkscreen','',(#10351));
#10351 = PRODUCT_CONTEXT('',#2,'mechanical');
#10352 = PRODUCT_DEFINITION_CONTEXT('part definition',#2,'design');
#10353 = SHAPE_REPRESENTATION('',(#11,#10354,#10438,#10490,#10542,#10643
    ,#10864,#10933),#11002);
#10354 = SHELL_BASED_SURFACE_MODEL('',(#10355));
#10355 = OPEN_SHELL('',(#10356));
#10356 = ADVANCED_FACE('',(#10357),#10433,.T.);
#10357 = FACE_BOUND('',#10358,.F.);
#10358 = EDGE_LOOP('',(#10359,#10370,#10378,#10386,#10394,#10403,#10411,
    #10419,#10427));
#10359 = ORIENTED_EDGE('',*,*,#10360,.T.);
#10360 = EDGE_CURVE('',#10361,#10363,#10365,.T.);
#10361 = VERTEX_POINT('',#10362);
#10362 = CARTESIAN_POINT('',(-5.305433,-7.112039,0.985));
#10363 = VERTEX_POINT('',#10364);
#10364 = CARTESIAN_POINT('',(-5.19,-7.135,0.985));
#10365 = CIRCLE('',#10366,6.000007318647E-02);
#10366 = AXIS2_PLACEMENT_3D('',#10367,#10368,#10369);
#10367 = CARTESIAN_POINT('',(-5.250000073186,-7.134999823314,0.985));
#10368 = DIRECTION('',(0.,0.,-1.));
#10369 = DIRECTION('',(-0.923880986637,0.382679921777,0.));
#10370 = ORIENTED_EDGE('',*,*,#10371,.T.);
#10371 = EDGE_CURVE('',#10363,#10372,#10374,.T.);
#10372 = VERTEX_POINT('',#10373);
#10373 = CARTESIAN_POINT('',(-5.19,-8.075,0.985));
#10374 = LINE('',#10375,#10376);
#10375 = CARTESIAN_POINT('',(-5.19,-7.135,0.985));
#10376 = VECTOR('',#10377,1.);
#10377 = DIRECTION('',(0.,-1.,0.));
#10378 = ORIENTED_EDGE('',*,*,#10379,.T.);
#10379 = EDGE_CURVE('',#10372,#10380,#10382,.T.);
#10380 = VERTEX_POINT('',#10381);
#10381 = CARTESIAN_POINT('',(5.19,-8.075,0.985));
#10382 = LINE('',#10383,#10384);
#10383 = CARTESIAN_POINT('',(-5.19,-8.075,0.985));
#10384 = VECTOR('',#10385,1.);
#10385 = DIRECTION('',(1.,0.,0.));
#10386 = ORIENTED_EDGE('',*,*,#10387,.T.);
#10387 = EDGE_CURVE('',#10380,#10388,#10390,.T.);
#10388 = VERTEX_POINT('',#10389);
#10389 = CARTESIAN_POINT('',(5.19,-7.135,0.985));
#10390 = LINE('',#10391,#10392);
#10391 = CARTESIAN_POINT('',(5.19,-8.075,0.985));
#10392 = VECTOR('',#10393,1.);
#10393 = DIRECTION('',(0.,1.,0.));
#10394 = ORIENTED_EDGE('',*,*,#10395,.T.);
#10395 = EDGE_CURVE('',#10388,#10396,#10398,.T.);
#10396 = VERTEX_POINT('',#10397);
#10397 = CARTESIAN_POINT('',(5.31,-7.135,0.985));
#10398 = CIRCLE('',#10399,6.000000000042E-02);
#10399 = AXIS2_PLACEMENT_3D('',#10400,#10401,#10402);
#10400 = CARTESIAN_POINT('',(5.25,-7.134999774412,0.985));
#10401 = DIRECTION('',(0.,0.,-1.));
#10402 = DIRECTION('',(-0.999999999993,-3.759794120457E-06,-0.));
#10403 = ORIENTED_EDGE('',*,*,#10404,.T.);
#10404 = EDGE_CURVE('',#10396,#10405,#10407,.T.);
#10405 = VERTEX_POINT('',#10406);
#10406 = CARTESIAN_POINT('',(5.31,-8.121,0.985));
#10407 = LINE('',#10408,#10409);
#10408 = CARTESIAN_POINT('',(5.31,-7.135,0.985));
#10409 = VECTOR('',#10410,1.);
#10410 = DIRECTION('',(0.,-1.,0.));
#10411 = ORIENTED_EDGE('',*,*,#10412,.T.);
#10412 = EDGE_CURVE('',#10405,#10413,#10415,.T.);
#10413 = VERTEX_POINT('',#10414);
#10414 = CARTESIAN_POINT('',(-5.31,-8.121,0.985));
#10415 = LINE('',#10416,#10417);
#10416 = CARTESIAN_POINT('',(5.31,-8.121,0.985));
#10417 = VECTOR('',#10418,1.);
#10418 = DIRECTION('',(-1.,0.,0.));
#10419 = ORIENTED_EDGE('',*,*,#10420,.T.);
#10420 = EDGE_CURVE('',#10413,#10421,#10423,.T.);
#10421 = VERTEX_POINT('',#10422);
#10422 = CARTESIAN_POINT('',(-5.31,-7.135,0.985));
#10423 = LINE('',#10424,#10425);
#10424 = CARTESIAN_POINT('',(-5.31,-8.121,0.985));
#10425 = VECTOR('',#10426,1.);
#10426 = DIRECTION('',(0.,1.,0.));
#10427 = ORIENTED_EDGE('',*,*,#10428,.T.);
#10428 = EDGE_CURVE('',#10421,#10361,#10429,.T.);
#10429 = LINE('',#10430,#10431);
#10430 = CARTESIAN_POINT('',(-5.31,-7.135,0.985));
#10431 = VECTOR('',#10432,1.);
#10432 = DIRECTION('',(0.195081000118,0.980787134598,0.));
#10433 = PLANE('',#10434);
#10434 = AXIS2_PLACEMENT_3D('',#10435,#10436,#10437);
#10435 = CARTESIAN_POINT('',(0.,0.,0.985));
#10436 = DIRECTION('',(0.,0.,1.));
#10437 = DIRECTION('',(1.,0.,-0.));
#10438 = SHELL_BASED_SURFACE_MODEL('',(#10439));
#10439 = OPEN_SHELL('',(#10440));
#10440 = ADVANCED_FACE('',(#10441),#10485,.T.);
#10441 = FACE_BOUND('',#10442,.F.);
#10442 = EDGE_LOOP('',(#10443,#10454,#10462,#10471,#10479));
#10443 = ORIENTED_EDGE('',*,*,#10444,.T.);
#10444 = EDGE_CURVE('',#10445,#10447,#10449,.T.);
#10445 = VERTEX_POINT('',#10446);
#10446 = CARTESIAN_POINT('',(-5.305433,-0.612039,0.985));
#10447 = VERTEX_POINT('',#10448);
#10448 = CARTESIAN_POINT('',(-5.19,-0.635,0.985));
#10449 = CIRCLE('',#10450,6.000007318647E-02);
#10450 = AXIS2_PLACEMENT_3D('',#10451,#10452,#10453);
#10451 = CARTESIAN_POINT('',(-5.250000073186,-0.634999823314,0.985));
#10452 = DIRECTION('',(0.,0.,-1.));
#10453 = DIRECTION('',(-0.923880986637,0.382679921777,0.));
#10454 = ORIENTED_EDGE('',*,*,#10455,.T.);
#10455 = EDGE_CURVE('',#10447,#10456,#10458,.T.);
#10456 = VERTEX_POINT('',#10457);
#10457 = CARTESIAN_POINT('',(-5.19,-3.635,0.985));
#10458 = LINE('',#10459,#10460);
#10459 = CARTESIAN_POINT('',(-5.19,-0.635,0.985));
#10460 = VECTOR('',#10461,1.);
#10461 = DIRECTION('',(0.,-1.,0.));
#10462 = ORIENTED_EDGE('',*,*,#10463,.T.);
#10463 = EDGE_CURVE('',#10456,#10464,#10466,.T.);
#10464 = VERTEX_POINT('',#10465);
#10465 = CARTESIAN_POINT('',(-5.31,-3.635,0.985));
#10466 = CIRCLE('',#10467,6.000000000042E-02);
#10467 = AXIS2_PLACEMENT_3D('',#10468,#10469,#10470);
#10468 = CARTESIAN_POINT('',(-5.25,-3.635000225588,0.985));
#10469 = DIRECTION('',(0.,0.,-1.));
#10470 = DIRECTION('',(0.999999999993,3.759794120457E-06,0.));
#10471 = ORIENTED_EDGE('',*,*,#10472,.T.);
#10472 = EDGE_CURVE('',#10464,#10473,#10475,.T.);
#10473 = VERTEX_POINT('',#10474);
#10474 = CARTESIAN_POINT('',(-5.31,-0.635,0.985));
#10475 = LINE('',#10476,#10477);
#10476 = CARTESIAN_POINT('',(-5.31,-3.635,0.985));
#10477 = VECTOR('',#10478,1.);
#10478 = DIRECTION('',(0.,1.,0.));
#10479 = ORIENTED_EDGE('',*,*,#10480,.T.);
#10480 = EDGE_CURVE('',#10473,#10445,#10481,.T.);
#10481 = LINE('',#10482,#10483);
#10482 = CARTESIAN_POINT('',(-5.31,-0.635,0.985));
#10483 = VECTOR('',#10484,1.);
#10484 = DIRECTION('',(0.195081000118,0.980787134598,0.));
#10485 = PLANE('',#10486);
#10486 = AXIS2_PLACEMENT_3D('',#10487,#10488,#10489);
#10487 = CARTESIAN_POINT('',(0.,0.,0.985));
#10488 = DIRECTION('',(0.,0.,1.));
#10489 = DIRECTION('',(1.,0.,-0.));
#10490 = SHELL_BASED_SURFACE_MODEL('',(#10491));
#10491 = OPEN_SHELL('',(#10492));
#10492 = ADVANCED_FACE('',(#10493),#10537,.T.);
#10493 = FACE_BOUND('',#10494,.F.);
#10494 = EDGE_LOOP('',(#10495,#10506,#10514,#10523,#10531));
#10495 = ORIENTED_EDGE('',*,*,#10496,.T.);
#10496 = EDGE_CURVE('',#10497,#10499,#10501,.T.);
#10497 = VERTEX_POINT('',#10498);
#10498 = CARTESIAN_POINT('',(5.194567,-0.612039,0.985));
#10499 = VERTEX_POINT('',#10500);
#10500 = CARTESIAN_POINT('',(5.31,-0.635,0.985));
#10501 = CIRCLE('',#10502,6.000007318647E-02);
#10502 = AXIS2_PLACEMENT_3D('',#10503,#10504,#10505);
#10503 = CARTESIAN_POINT('',(5.249999926814,-0.634999823314,0.985));
#10504 = DIRECTION('',(0.,0.,-1.));
#10505 = DIRECTION('',(-0.923880986637,0.382679921777,0.));
#10506 = ORIENTED_EDGE('',*,*,#10507,.T.);
#10507 = EDGE_CURVE('',#10499,#10508,#10510,.T.);
#10508 = VERTEX_POINT('',#10509);
#10509 = CARTESIAN_POINT('',(5.31,-3.635,0.985));
#10510 = LINE('',#10511,#10512);
#10511 = CARTESIAN_POINT('',(5.31,-0.635,0.985));
#10512 = VECTOR('',#10513,1.);
#10513 = DIRECTION('',(0.,-1.,0.));
#10514 = ORIENTED_EDGE('',*,*,#10515,.T.);
#10515 = EDGE_CURVE('',#10508,#10516,#10518,.T.);
#10516 = VERTEX_POINT('',#10517);
#10517 = CARTESIAN_POINT('',(5.19,-3.635,0.985));
#10518 = CIRCLE('',#10519,6.000000000042E-02);
#10519 = AXIS2_PLACEMENT_3D('',#10520,#10521,#10522);
#10520 = CARTESIAN_POINT('',(5.25,-3.635000225588,0.985));
#10521 = DIRECTION('',(0.,0.,-1.));
#10522 = DIRECTION('',(0.999999999993,3.759794120457E-06,0.));
#10523 = ORIENTED_EDGE('',*,*,#10524,.T.);
#10524 = EDGE_CURVE('',#10516,#10525,#10527,.T.);
#10525 = VERTEX_POINT('',#10526);
#10526 = CARTESIAN_POINT('',(5.19,-0.635,0.985));
#10527 = LINE('',#10528,#10529);
#10528 = CARTESIAN_POINT('',(5.19,-3.635,0.985));
#10529 = VECTOR('',#10530,1.);
#10530 = DIRECTION('',(0.,1.,0.));
#10531 = ORIENTED_EDGE('',*,*,#10532,.T.);
#10532 = EDGE_CURVE('',#10525,#10497,#10533,.T.);
#10533 = LINE('',#10534,#10535);
#10534 = CARTESIAN_POINT('',(5.19,-0.635,0.985));
#10535 = VECTOR('',#10536,1.);
#10536 = DIRECTION('',(0.195081000118,0.980787134598,0.));
#10537 = PLANE('',#10538);
#10538 = AXIS2_PLACEMENT_3D('',#10539,#10540,#10541);
#10539 = CARTESIAN_POINT('',(0.,0.,0.985));
#10540 = DIRECTION('',(0.,0.,1.));
#10541 = DIRECTION('',(1.,0.,-0.));
#10542 = SHELL_BASED_SURFACE_MODEL('',(#10543));
#10543 = OPEN_SHELL('',(#10544));
#10544 = ADVANCED_FACE('',(#10545),#10638,.T.);
#10545 = FACE_BOUND('',#10546,.F.);
#10546 = EDGE_LOOP('',(#10547,#10558,#10566,#10574,#10582,#10590,#10598,
    #10607,#10615,#10624,#10632));
#10547 = ORIENTED_EDGE('',*,*,#10548,.T.);
#10548 = EDGE_CURVE('',#10549,#10551,#10553,.T.);
#10549 = VERTEX_POINT('',#10550);
#10550 = CARTESIAN_POINT('',(-0.379528,-0.715285,0.985));
#10551 = VERTEX_POINT('',#10552);
#10552 = CARTESIAN_POINT('',(-0.283334,-0.734419,0.985));
#10553 = CIRCLE('',#10554,4.999998452109E-02);
#10554 = AXIS2_PLACEMENT_3D('',#10555,#10556,#10557);
#10555 = CARTESIAN_POINT('',(-0.333333984521,-0.734419037369,0.985));
#10556 = DIRECTION('',(0.,0.,-1.));
#10557 = DIRECTION('',(-0.923880595592,0.382680865851,0.));
#10558 = ORIENTED_EDGE('',*,*,#10559,.T.);
#10559 = EDGE_CURVE('',#10551,#10560,#10562,.T.);
#10560 = VERTEX_POINT('',#10561);
#10561 = CARTESIAN_POINT('',(-0.2859,-1.464516,0.985));
#10562 = LINE('',#10563,#10564);
#10563 = CARTESIAN_POINT('',(-0.283334,-0.734419,0.985));
#10564 = VECTOR('',#10565,1.);
#10565 = DIRECTION('',(-3.514579777738E-03,-0.999993823845,0.));
#10566 = ORIENTED_EDGE('',*,*,#10567,.T.);
#10567 = EDGE_CURVE('',#10560,#10568,#10570,.T.);
#10568 = VERTEX_POINT('',#10569);
#10569 = CARTESIAN_POINT('',(-0.339213,-1.61736,0.985));
#10570 = LINE('',#10571,#10572);
#10571 = CARTESIAN_POINT('',(-0.2859,-1.464516,0.985));
#10572 = VECTOR('',#10573,1.);
#10573 = DIRECTION('',(-0.329346412223,-0.944209161551,0.));
#10574 = ORIENTED_EDGE('',*,*,#10575,.T.);
#10575 = EDGE_CURVE('',#10568,#10576,#10578,.T.);
#10576 = VERTEX_POINT('',#10577);
#10577 = CARTESIAN_POINT('',(-0.450386,-1.728536,0.985));
#10578 = LINE('',#10579,#10580);
#10579 = CARTESIAN_POINT('',(-0.339213,-1.61736,0.985));
#10580 = VECTOR('',#10581,1.);
#10581 = DIRECTION('',(-0.707097240623,-0.707116321621,0.));
#10582 = ORIENTED_EDGE('',*,*,#10583,.T.);
#10583 = EDGE_CURVE('',#10576,#10584,#10586,.T.);
#10584 = VERTEX_POINT('',#10585);
#10585 = CARTESIAN_POINT('',(-0.619048,-1.784419,0.985));
#10586 = LINE('',#10587,#10588);
#10587 = CARTESIAN_POINT('',(-0.450386,-1.728536,0.985));
#10588 = VECTOR('',#10589,1.);
#10589 = DIRECTION('',(-0.949251885915,-0.31451686296,0.));
#10590 = ORIENTED_EDGE('',*,*,#10591,.T.);
#10591 = EDGE_CURVE('',#10584,#10592,#10594,.T.);
#10592 = VERTEX_POINT('',#10593);
#10593 = CARTESIAN_POINT('',(-0.714286,-1.784419,0.985));
#10594 = LINE('',#10595,#10596);
#10595 = CARTESIAN_POINT('',(-0.619048,-1.784419,0.985));
#10596 = VECTOR('',#10597,1.);
#10597 = DIRECTION('',(-1.,0.,0.));
#10598 = ORIENTED_EDGE('',*,*,#10599,.T.);
#10599 = EDGE_CURVE('',#10592,#10600,#10602,.T.);
#10600 = VERTEX_POINT('',#10601);
#10601 = CARTESIAN_POINT('',(-0.714286,-1.684419,0.985));
#10602 = CIRCLE('',#10603,5.000000000002E-02);
#10603 = AXIS2_PLACEMENT_3D('',#10604,#10605,#10606);
#10604 = CARTESIAN_POINT('',(-0.714285952288,-1.734419,0.985));
#10605 = DIRECTION('',(0.,0.,-1.));
#10606 = DIRECTION('',(-9.542364787225E-07,-1.,-0.));
#10607 = ORIENTED_EDGE('',*,*,#10608,.T.);
#10608 = EDGE_CURVE('',#10600,#10609,#10611,.T.);
#10609 = VERTEX_POINT('',#10610);
#10610 = CARTESIAN_POINT('',(-0.627161,-1.684419,0.985));
#10611 = LINE('',#10612,#10613);
#10612 = CARTESIAN_POINT('',(-0.714286,-1.684419,0.985));
#10613 = VECTOR('',#10614,1.);
#10614 = DIRECTION('',(1.,0.,0.));
#10615 = ORIENTED_EDGE('',*,*,#10616,.T.);
#10616 = EDGE_CURVE('',#10609,#10617,#10619,.T.);
#10617 = VERTEX_POINT('',#10618);
#10618 = CARTESIAN_POINT('',(-0.383334,-1.440591,0.985));
#10619 = CIRCLE('',#10620,0.263102491352);
#10620 = AXIS2_PLACEMENT_3D('',#10621,#10622,#10623);
#10621 = CARTESIAN_POINT('',(-0.645777137559,-1.421975938788,0.985));
#10622 = DIRECTION('',(0.,0.,1.));
#10623 = DIRECTION('',(7.075621923396E-02,-0.997493637794,0.));
#10624 = ORIENTED_EDGE('',*,*,#10625,.T.);
#10625 = EDGE_CURVE('',#10617,#10626,#10628,.T.);
#10626 = VERTEX_POINT('',#10627);
#10627 = CARTESIAN_POINT('',(-0.383334,-0.734419,0.985));
#10628 = LINE('',#10629,#10630);
#10629 = CARTESIAN_POINT('',(-0.383334,-1.440591,0.985));
#10630 = VECTOR('',#10631,1.);
#10631 = DIRECTION('',(0.,1.,0.));
#10632 = ORIENTED_EDGE('',*,*,#10633,.T.);
#10633 = EDGE_CURVE('',#10626,#10549,#10634,.T.);
#10634 = LINE('',#10635,#10636);
#10635 = CARTESIAN_POINT('',(-0.383334,-0.734419,0.985));
#10636 = VECTOR('',#10637,1.);
#10637 = DIRECTION('',(0.195090852695,0.980785174845,0.));
#10638 = PLANE('',#10639);
#10639 = AXIS2_PLACEMENT_3D('',#10640,#10641,#10642);
#10640 = CARTESIAN_POINT('',(0.,0.,0.985));
#10641 = DIRECTION('',(0.,0.,1.));
#10642 = DIRECTION('',(1.,0.,-0.));
#10643 = SHELL_BASED_SURFACE_MODEL('',(#10644));
#10644 = OPEN_SHELL('',(#10645));
#10645 = ADVANCED_FACE('',(#10646,#10789),#10859,.T.);
#10646 = FACE_BOUND('',#10647,.F.);
#10647 = EDGE_LOOP('',(#10648,#10659,#10667,#10675,#10684,#10692,#10700,
    #10708,#10716,#10724,#10733,#10741,#10750,#10758,#10767,#10775,
    #10783));
#10648 = ORIENTED_EDGE('',*,*,#10649,.T.);
#10649 = EDGE_CURVE('',#10650,#10652,#10654,.T.);
#10650 = VERTEX_POINT('',#10651);
#10651 = CARTESIAN_POINT('',(4.6731E-02,-1.150863,0.985));
#10652 = VERTEX_POINT('',#10653);
#10653 = CARTESIAN_POINT('',(0.263353,-0.737317,0.985));
#10654 = CIRCLE('',#10655,0.592942107804);
#10655 = AXIS2_PLACEMENT_3D('',#10656,#10657,#10658);
#10656 = CARTESIAN_POINT('',(0.637874976839,-1.197005625127,0.985));
#10657 = DIRECTION('',(0.,0.,-1.));
#10658 = DIRECTION('',(-0.99696744262,7.781978125656E-02,0.));
#10659 = ORIENTED_EDGE('',*,*,#10660,.T.);
#10660 = EDGE_CURVE('',#10652,#10661,#10663,.T.);
#10661 = VERTEX_POINT('',#10662);
#10662 = CARTESIAN_POINT('',(0.369679,-0.686661,0.985));
#10663 = LINE('',#10664,#10665);
#10664 = CARTESIAN_POINT('',(0.263353,-0.737317,0.985));
#10665 = VECTOR('',#10666,1.);
#10666 = DIRECTION('',(0.902779519658,0.430103637378,0.));
#10667 = ORIENTED_EDGE('',*,*,#10668,.T.);
#10668 = EDGE_CURVE('',#10661,#10669,#10671,.T.);
#10669 = VERTEX_POINT('',#10670);
#10670 = CARTESIAN_POINT('',(0.571428,-0.684419,0.985));
#10671 = LINE('',#10672,#10673);
#10672 = CARTESIAN_POINT('',(0.369679,-0.686661,0.985));
#10673 = VECTOR('',#10674,1.);
#10674 = DIRECTION('',(0.999938258352,1.111213227934E-02,0.));
#10675 = ORIENTED_EDGE('',*,*,#10676,.T.);
#10676 = EDGE_CURVE('',#10669,#10677,#10679,.T.);
#10677 = VERTEX_POINT('',#10678);
#10678 = CARTESIAN_POINT('',(0.571428,-0.784419,0.985));
#10679 = CIRCLE('',#10680,5.000000000002E-02);
#10680 = AXIS2_PLACEMENT_3D('',#10681,#10682,#10683);
#10681 = CARTESIAN_POINT('',(0.571427952288,-0.734419,0.985));
#10682 = DIRECTION('',(0.,0.,-1.));
#10683 = DIRECTION('',(9.542364831634E-07,1.,0.));
#10684 = ORIENTED_EDGE('',*,*,#10685,.T.);
#10685 = EDGE_CURVE('',#10677,#10686,#10688,.T.);
#10686 = VERTEX_POINT('',#10687);
#10687 = CARTESIAN_POINT('',(0.392756,-0.784419,0.985));
#10688 = LINE('',#10689,#10690);
#10689 = CARTESIAN_POINT('',(0.571428,-0.784419,0.985));
#10690 = VECTOR('',#10691,1.);
#10691 = DIRECTION('',(-1.,0.,0.));
#10692 = ORIENTED_EDGE('',*,*,#10693,.T.);
#10693 = EDGE_CURVE('',#10686,#10694,#10696,.T.);
#10694 = VERTEX_POINT('',#10695);
#10695 = CARTESIAN_POINT('',(0.315332,-0.82313,0.985));
#10696 = LINE('',#10697,#10698);
#10697 = CARTESIAN_POINT('',(0.392756,-0.784419,0.985));
#10698 = VECTOR('',#10699,1.);
#10699 = DIRECTION('',(-0.894431811906,-0.447204353569,0.));
#10700 = ORIENTED_EDGE('',*,*,#10701,.T.);
#10701 = EDGE_CURVE('',#10694,#10702,#10704,.T.);
#10702 = VERTEX_POINT('',#10703);
#10703 = CARTESIAN_POINT('',(0.276953,-0.861508,0.985));
#10704 = LINE('',#10705,#10706);
#10705 = CARTESIAN_POINT('',(0.315332,-0.82313,0.985));
#10706 = VECTOR('',#10707,1.);
#10707 = DIRECTION('',(-0.707115993404,-0.707097568849,0.));
#10708 = ORIENTED_EDGE('',*,*,#10709,.T.);
#10709 = EDGE_CURVE('',#10702,#10710,#10712,.T.);
#10710 = VERTEX_POINT('',#10711);
#10711 = CARTESIAN_POINT('',(0.189263,-0.993044,0.985));
#10712 = LINE('',#10713,#10714);
#10713 = CARTESIAN_POINT('',(0.276953,-0.861508,0.985));
#10714 = VECTOR('',#10715,1.);
#10715 = DIRECTION('',(-0.554697276686,-0.83205224069,0.));
#10716 = ORIENTED_EDGE('',*,*,#10717,.T.);
#10717 = EDGE_CURVE('',#10710,#10718,#10720,.T.);
#10718 = VERTEX_POINT('',#10719);
#10719 = CARTESIAN_POINT('',(0.155714,-1.127237,0.985));
#10720 = LINE('',#10721,#10722);
#10721 = CARTESIAN_POINT('',(0.189263,-0.993044,0.985));
#10722 = VECTOR('',#10723,1.);
#10723 = DIRECTION('',(-0.242540728172,-0.970141224347,0.));
#10724 = ORIENTED_EDGE('',*,*,#10725,.T.);
#10725 = EDGE_CURVE('',#10718,#10726,#10728,.T.);
#10726 = VERTEX_POINT('',#10727);
#10727 = CARTESIAN_POINT('',(0.606783,-1.127635,0.985));
#10728 = CIRCLE('',#10729,0.375601924256);
#10729 = AXIS2_PLACEMENT_3D('',#10730,#10731,#10732);
#10730 = CARTESIAN_POINT('',(0.380983485545,-1.427787269318,0.985));
#10731 = DIRECTION('',(0.,0.,-1.));
#10732 = DIRECTION('',(-0.599755941057,0.800182986052,0.));
#10733 = ORIENTED_EDGE('',*,*,#10734,.T.);
#10734 = EDGE_CURVE('',#10726,#10735,#10737,.T.);
#10735 = VERTEX_POINT('',#10736);
#10736 = CARTESIAN_POINT('',(0.663768,-1.188248,0.985));
#10737 = LINE('',#10738,#10739);
#10738 = CARTESIAN_POINT('',(0.606783,-1.127635,0.985));
#10739 = VECTOR('',#10740,1.);
#10740 = DIRECTION('',(0.68496603593,-0.728574999312,0.));
#10741 = ORIENTED_EDGE('',*,*,#10742,.T.);
#10742 = EDGE_CURVE('',#10735,#10743,#10745,.T.);
#10743 = VERTEX_POINT('',#10744);
#10744 = CARTESIAN_POINT('',(0.654403,-1.674535,0.985));
#10745 = CIRCLE('',#10746,0.42989777466);
#10746 = AXIS2_PLACEMENT_3D('',#10747,#10748,#10749);
#10747 = CARTESIAN_POINT('',(0.304649584965,-1.424565711229,0.985));
#10748 = DIRECTION('',(0.,0.,-1.));
#10749 = DIRECTION('',(0.835357697115,0.549706756253,0.));
#10750 = ORIENTED_EDGE('',*,*,#10751,.T.);
#10751 = EDGE_CURVE('',#10743,#10752,#10754,.T.);
#10752 = VERTEX_POINT('',#10753);
#10753 = CARTESIAN_POINT('',(0.593788,-1.731522,0.985));
#10754 = LINE('',#10755,#10756);
#10755 = CARTESIAN_POINT('',(0.654403,-1.674535,0.985));
#10756 = VECTOR('',#10757,1.);
#10757 = DIRECTION('',(-0.728574281239,-0.684966799719,0.));
#10758 = ORIENTED_EDGE('',*,*,#10759,.T.);
#10759 = EDGE_CURVE('',#10752,#10760,#10762,.T.);
#10760 = VERTEX_POINT('',#10761);
#10761 = CARTESIAN_POINT('',(0.15512,-1.722155,0.985));
#10762 = CIRCLE('',#10763,0.375856722056);
#10763 = AXIS2_PLACEMENT_3D('',#10764,#10765,#10766);
#10764 = CARTESIAN_POINT('',(0.380969251955,-1.421721328608,0.985));
#10765 = DIRECTION('',(-0.,0.,-1.));
#10766 = DIRECTION('',(0.566223072668,-0.824252043963,-0.));
#10767 = ORIENTED_EDGE('',*,*,#10768,.T.);
#10768 = EDGE_CURVE('',#10760,#10769,#10771,.T.);
#10769 = VERTEX_POINT('',#10770);
#10770 = CARTESIAN_POINT('',(9.8135E-02,-1.66154,0.985));
#10771 = LINE('',#10772,#10773);
#10772 = CARTESIAN_POINT('',(0.15512,-1.722155,0.985));
#10773 = VECTOR('',#10774,1.);
#10774 = DIRECTION('',(-0.684954038795,0.728586278171,0.));
#10775 = ORIENTED_EDGE('',*,*,#10776,.T.);
#10776 = EDGE_CURVE('',#10769,#10777,#10779,.T.);
#10777 = VERTEX_POINT('',#10778);
#10778 = CARTESIAN_POINT('',(4.748E-02,-1.555214,0.985));
#10779 = LINE('',#10780,#10781);
#10780 = CARTESIAN_POINT('',(9.8135E-02,-1.66154,0.985));
#10781 = VECTOR('',#10782,1.);
#10782 = DIRECTION('',(-0.430096717347,0.902782816478,0.));
#10783 = ORIENTED_EDGE('',*,*,#10784,.T.);
#10784 = EDGE_CURVE('',#10777,#10650,#10785,.T.);
#10785 = LINE('',#10786,#10787);
#10786 = CARTESIAN_POINT('',(4.748E-02,-1.555214,0.985));
#10787 = VECTOR('',#10788,1.);
#10788 = DIRECTION('',(-1.852347873549E-03,0.999998284402,0.));
#10789 = FACE_BOUND('',#10790,.F.);
#10790 = EDGE_LOOP('',(#10791,#10802,#10810,#10819,#10827,#10836,#10844,
    #10853));
#10791 = ORIENTED_EDGE('',*,*,#10792,.T.);
#10792 = EDGE_CURVE('',#10793,#10795,#10797,.T.);
#10793 = VERTEX_POINT('',#10794);
#10794 = CARTESIAN_POINT('',(0.54181,-1.204082,0.985));
#10795 = VERTEX_POINT('',#10796);
#10796 = CARTESIAN_POINT('',(0.220094,-1.204082,0.985));
#10797 = CIRCLE('',#10798,0.27654034829);
#10798 = AXIS2_PLACEMENT_3D('',#10799,#10800,#10801);
#10799 = CARTESIAN_POINT('',(0.380952,-1.429024810661,0.985));
#10800 = DIRECTION('',(0.,0.,1.));
#10801 = DIRECTION('',(0.581680036909,0.813417687699,-0.));
#10802 = ORIENTED_EDGE('',*,*,#10803,.T.);
#10803 = EDGE_CURVE('',#10795,#10804,#10806,.T.);
#10804 = VERTEX_POINT('',#10805);
#10805 = CARTESIAN_POINT('',(0.183949,-1.240226,0.985));
#10806 = LINE('',#10807,#10808);
#10807 = CARTESIAN_POINT('',(0.220094,-1.204082,0.985));
#10808 = VECTOR('',#10809,1.);
#10809 = DIRECTION('',(-0.707116562784,-0.707096999454,0.));
#10810 = ORIENTED_EDGE('',*,*,#10811,.T.);
#10811 = EDGE_CURVE('',#10804,#10812,#10814,.T.);
#10812 = VERTEX_POINT('',#10813);
#10813 = CARTESIAN_POINT('',(0.183949,-1.609561,0.985));
#10814 = CIRCLE('',#10815,0.329230461461);
#10815 = AXIS2_PLACEMENT_3D('',#10816,#10817,#10818);
#10816 = CARTESIAN_POINT('',(0.456512040777,-1.4248935,0.985));
#10817 = DIRECTION('',(0.,0.,1.));
#10818 = DIRECTION('',(-0.827879168796,0.560906482288,0.));
#10819 = ORIENTED_EDGE('',*,*,#10820,.T.);
#10820 = EDGE_CURVE('',#10812,#10821,#10823,.T.);
#10821 = VERTEX_POINT('',#10822);
#10822 = CARTESIAN_POINT('',(0.220095,-1.645708,0.985));
#10823 = LINE('',#10824,#10825);
#10824 = CARTESIAN_POINT('',(0.183949,-1.609561,0.985));
#10825 = VECTOR('',#10826,1.);
#10826 = DIRECTION('',(0.707096999995,-0.707116562243,0.));
#10827 = ORIENTED_EDGE('',*,*,#10828,.T.);
#10828 = EDGE_CURVE('',#10821,#10829,#10831,.T.);
#10829 = VERTEX_POINT('',#10830);
#10830 = CARTESIAN_POINT('',(0.541808,-1.645708,0.985));
#10831 = CIRCLE('',#10832,0.276535282317);
#10832 = AXIS2_PLACEMENT_3D('',#10833,#10834,#10835);
#10833 = CARTESIAN_POINT('',(0.3809515,-1.420770344695,0.985));
#10834 = DIRECTION('',(0.,0.,1.));
#10835 = DIRECTION('',(-0.581685268701,-0.813413946386,0.));
#10836 = ORIENTED_EDGE('',*,*,#10837,.T.);
#10837 = EDGE_CURVE('',#10829,#10838,#10840,.T.);
#10838 = VERTEX_POINT('',#10839);
#10839 = CARTESIAN_POINT('',(0.577954,-1.609561,0.985));
#10840 = LINE('',#10841,#10842);
#10841 = CARTESIAN_POINT('',(0.541808,-1.645708,0.985));
#10842 = VECTOR('',#10843,1.);
#10843 = DIRECTION('',(0.707096999995,0.707116562243,0.));
#10844 = ORIENTED_EDGE('',*,*,#10845,.T.);
#10845 = EDGE_CURVE('',#10838,#10846,#10848,.T.);
#10846 = VERTEX_POINT('',#10847);
#10847 = CARTESIAN_POINT('',(0.577954,-1.240227,0.985));
#10848 = CIRCLE('',#10849,0.329220402929);
#10849 = AXIS2_PLACEMENT_3D('',#10850,#10851,#10852);
#10850 = CARTESIAN_POINT('',(0.305402770291,-1.424894,0.985));
#10851 = DIRECTION('',(0.,-0.,1.));
#10852 = DIRECTION('',(0.827868586771,-0.560922100687,-0.));
#10853 = ORIENTED_EDGE('',*,*,#10854,.T.);
#10854 = EDGE_CURVE('',#10846,#10793,#10855,.T.);
#10855 = LINE('',#10856,#10857);
#10856 = CARTESIAN_POINT('',(0.577954,-1.240227,0.985));
#10857 = VECTOR('',#10858,1.);
#10858 = DIRECTION('',(-0.707096999454,0.707116562784,0.));
#10859 = PLANE('',#10860);
#10860 = AXIS2_PLACEMENT_3D('',#10861,#10862,#10863);
#10861 = CARTESIAN_POINT('',(0.,0.,0.985));
#10862 = DIRECTION('',(0.,0.,1.));
#10863 = DIRECTION('',(1.,0.,-0.));
#10864 = SHELL_BASED_SURFACE_MODEL('',(#10865));
#10865 = OPEN_SHELL('',(#10866));
#10866 = ADVANCED_FACE('',(#10867),#10928,.T.);
#10867 = FACE_BOUND('',#10868,.F.);
#10868 = EDGE_LOOP('',(#10869,#10880,#10888,#10897,#10905,#10913,#10922)
  );
#10869 = ORIENTED_EDGE('',*,*,#10870,.T.);
#10870 = EDGE_CURVE('',#10871,#10873,#10875,.T.);
#10871 = VERTEX_POINT('',#10872);
#10872 = CARTESIAN_POINT('',(-5.31,4.615,0.985));
#10873 = VERTEX_POINT('',#10874);
#10874 = CARTESIAN_POINT('',(-5.25,4.675,0.985));
#10875 = CIRCLE('',#10876,5.99993201626E-02);
#10876 = AXIS2_PLACEMENT_3D('',#10877,#10878,#10879);
#10877 = CARTESIAN_POINT('',(-5.250000679841,4.615000679841,0.985));
#10878 = DIRECTION('',(0.,0.,-1.));
#10879 = DIRECTION('',(-0.999999999936,-1.133081592898E-05,-0.));
#10880 = ORIENTED_EDGE('',*,*,#10881,.T.);
#10881 = EDGE_CURVE('',#10873,#10882,#10884,.T.);
#10882 = VERTEX_POINT('',#10883);
#10883 = CARTESIAN_POINT('',(-4.25,4.675,0.985));
#10884 = LINE('',#10885,#10886);
#10885 = CARTESIAN_POINT('',(-5.25,4.675,0.985));
#10886 = VECTOR('',#10887,1.);
#10887 = DIRECTION('',(1.,0.,0.));
#10888 = ORIENTED_EDGE('',*,*,#10889,.T.);
#10889 = EDGE_CURVE('',#10882,#10890,#10892,.T.);
#10890 = VERTEX_POINT('',#10891);
#10891 = CARTESIAN_POINT('',(-4.25,4.555,0.985));
#10892 = CIRCLE('',#10893,6.000000000042E-02);
#10893 = AXIS2_PLACEMENT_3D('',#10894,#10895,#10896);
#10894 = CARTESIAN_POINT('',(-4.249999774412,4.615,0.985));
#10895 = DIRECTION('',(0.,0.,-1.));
#10896 = DIRECTION('',(-3.759794105654E-06,0.999999999993,-0.));
#10897 = ORIENTED_EDGE('',*,*,#10898,.T.);
#10898 = EDGE_CURVE('',#10890,#10899,#10901,.T.);
#10899 = VERTEX_POINT('',#10900);
#10900 = CARTESIAN_POINT('',(-5.19,4.555,0.985));
#10901 = LINE('',#10902,#10903);
#10902 = CARTESIAN_POINT('',(-4.25,4.555,0.985));
#10903 = VECTOR('',#10904,1.);
#10904 = DIRECTION('',(-1.,0.,0.));
#10905 = ORIENTED_EDGE('',*,*,#10906,.T.);
#10906 = EDGE_CURVE('',#10899,#10907,#10909,.T.);
#10907 = VERTEX_POINT('',#10908);
#10908 = CARTESIAN_POINT('',(-5.19,2.615,0.985));
#10909 = LINE('',#10910,#10911);
#10910 = CARTESIAN_POINT('',(-5.19,4.555,0.985));
#10911 = VECTOR('',#10912,1.);
#10912 = DIRECTION('',(0.,-1.,0.));
#10913 = ORIENTED_EDGE('',*,*,#10914,.T.);
#10914 = EDGE_CURVE('',#10907,#10915,#10917,.T.);
#10915 = VERTEX_POINT('',#10916);
#10916 = CARTESIAN_POINT('',(-5.31,2.615,0.985));
#10917 = CIRCLE('',#10918,6.000000000042E-02);
#10918 = AXIS2_PLACEMENT_3D('',#10919,#10920,#10921);
#10919 = CARTESIAN_POINT('',(-5.25,2.614999774412,0.985));
#10920 = DIRECTION('',(0.,0.,-1.));
#10921 = DIRECTION('',(0.999999999993,3.759794120457E-06,0.));
#10922 = ORIENTED_EDGE('',*,*,#10923,.T.);
#10923 = EDGE_CURVE('',#10915,#10871,#10924,.T.);
#10924 = LINE('',#10925,#10926);
#10925 = CARTESIAN_POINT('',(-5.31,2.615,0.985));
#10926 = VECTOR('',#10927,1.);
#10927 = DIRECTION('',(0.,1.,0.));
#10928 = PLANE('',#10929);
#10929 = AXIS2_PLACEMENT_3D('',#10930,#10931,#10932);
#10930 = CARTESIAN_POINT('',(0.,0.,0.985));
#10931 = DIRECTION('',(0.,0.,1.));
#10932 = DIRECTION('',(1.,0.,-0.));
#10933 = SHELL_BASED_SURFACE_MODEL('',(#10934));
#10934 = OPEN_SHELL('',(#10935));
#10935 = ADVANCED_FACE('',(#10936),#10997,.T.);
#10936 = FACE_BOUND('',#10937,.F.);
#10937 = EDGE_LOOP('',(#10938,#10949,#10957,#10966,#10974,#10983,#10991)
  );
#10938 = ORIENTED_EDGE('',*,*,#10939,.T.);
#10939 = EDGE_CURVE('',#10940,#10942,#10944,.T.);
#10940 = VERTEX_POINT('',#10941);
#10941 = CARTESIAN_POINT('',(4.25,4.555,0.985));
#10942 = VERTEX_POINT('',#10943);
#10943 = CARTESIAN_POINT('',(4.25,4.675,0.985));
#10944 = CIRCLE('',#10945,6.000000000042E-02);
#10945 = AXIS2_PLACEMENT_3D('',#10946,#10947,#10948);
#10946 = CARTESIAN_POINT('',(4.249999774412,4.615,0.985));
#10947 = DIRECTION('',(0.,0.,-1.));
#10948 = DIRECTION('',(3.759794105654E-06,-0.999999999993,0.));
#10949 = ORIENTED_EDGE('',*,*,#10950,.T.);
#10950 = EDGE_CURVE('',#10942,#10951,#10953,.T.);
#10951 = VERTEX_POINT('',#10952);
#10952 = CARTESIAN_POINT('',(5.25,4.675,0.985));
#10953 = LINE('',#10954,#10955);
#10954 = CARTESIAN_POINT('',(4.25,4.675,0.985));
#10955 = VECTOR('',#10956,1.);
#10956 = DIRECTION('',(1.,0.,0.));
#10957 = ORIENTED_EDGE('',*,*,#10958,.T.);
#10958 = EDGE_CURVE('',#10951,#10959,#10961,.T.);
#10959 = VERTEX_POINT('',#10960);
#10960 = CARTESIAN_POINT('',(5.31,4.615,0.985));
#10961 = CIRCLE('',#10962,5.99993201626E-02);
#10962 = AXIS2_PLACEMENT_3D('',#10963,#10964,#10965);
#10963 = CARTESIAN_POINT('',(5.250000679841,4.615000679841,0.985));
#10964 = DIRECTION('',(0.,0.,-1.));
#10965 = DIRECTION('',(-1.133081592898E-05,0.999999999936,0.));
#10966 = ORIENTED_EDGE('',*,*,#10967,.T.);
#10967 = EDGE_CURVE('',#10959,#10968,#10970,.T.);
#10968 = VERTEX_POINT('',#10969);
#10969 = CARTESIAN_POINT('',(5.31,2.615,0.985));
#10970 = LINE('',#10971,#10972);
#10971 = CARTESIAN_POINT('',(5.31,4.615,0.985));
#10972 = VECTOR('',#10973,1.);
#10973 = DIRECTION('',(0.,-1.,0.));
#10974 = ORIENTED_EDGE('',*,*,#10975,.T.);
#10975 = EDGE_CURVE('',#10968,#10976,#10978,.T.);
#10976 = VERTEX_POINT('',#10977);
#10977 = CARTESIAN_POINT('',(5.19,2.615,0.985));
#10978 = CIRCLE('',#10979,6.000000000042E-02);
#10979 = AXIS2_PLACEMENT_3D('',#10980,#10981,#10982);
#10980 = CARTESIAN_POINT('',(5.25,2.614999774412,0.985));
#10981 = DIRECTION('',(0.,0.,-1.));
#10982 = DIRECTION('',(0.999999999993,3.759794120457E-06,0.));
#10983 = ORIENTED_EDGE('',*,*,#10984,.T.);
#10984 = EDGE_CURVE('',#10976,#10985,#10987,.T.);
#10985 = VERTEX_POINT('',#10986);
#10986 = CARTESIAN_POINT('',(5.19,4.555,0.985));
#10987 = LINE('',#10988,#10989);
#10988 = CARTESIAN_POINT('',(5.19,2.615,0.985));
#10989 = VECTOR('',#10990,1.);
#10990 = DIRECTION('',(0.,1.,0.));
#10991 = ORIENTED_EDGE('',*,*,#10992,.T.);
#10992 = EDGE_CURVE('',#10985,#10940,#10993,.T.);
#10993 = LINE('',#10994,#10995);
#10994 = CARTESIAN_POINT('',(5.19,4.555,0.985));
#10995 = VECTOR('',#10996,1.);
#10996 = DIRECTION('',(-1.,0.,0.));
#10997 = PLANE('',#10998);
#10998 = AXIS2_PLACEMENT_3D('',#10999,#11000,#11001);
#10999 = CARTESIAN_POINT('',(0.,0.,0.985));
#11000 = DIRECTION('',(0.,0.,1.));
#11001 = DIRECTION('',(1.,0.,-0.));
#11002 = ( GEOMETRIC_REPRESENTATION_CONTEXT(3) 
GLOBAL_UNCERTAINTY_ASSIGNED_CONTEXT((#11006)) 
GLOBAL_UNIT_ASSIGNED_CONTEXT((#11003,#11004,#11005)) 
REPRESENTATION_CONTEXT('Context #1',
  '3D Context with UNIT and UNCERTAINTY') );
#11003 = ( LENGTH_UNIT() NAMED_UNIT(*) SI_UNIT(.MILLI.,.METRE.) );
#11004 = ( NAMED_UNIT(*) PLANE_ANGLE_UNIT() SI_UNIT($,.RADIAN.) );
#11005 = ( NAMED_UNIT(*) SI_UNIT($,.STERADIAN.) SOLID_ANGLE_UNIT() );
#11006 = UNCERTAINTY_MEASURE_WITH_UNIT(LENGTH_MEASURE(1.E-07),#11003,
  'distance_accuracy_value','confusion accuracy');
#11007 = CONTEXT_DEPENDENT_SHAPE_REPRESENTATION(#11008,#11010);
#11008 = ( REPRESENTATION_RELATIONSHIP('','',#10353,#10) 
REPRESENTATION_RELATIONSHIP_WITH_TRANSFORMATION(#11009) 
SHAPE_REPRESENTATION_RELATIONSHIP() );
#11009 = ITEM_DEFINED_TRANSFORMATION('','',#11,#23);
#11010 = PRODUCT_DEFINITION_SHAPE('Placement','Placement of an item',
  #11011);
#11011 = NEXT_ASSEMBLY_USAGE_OCCURRENCE('16','=>[0:1:1:17]','',#5,#10348
  ,$);
#11012 = PRODUCT_RELATED_PRODUCT_CATEGORY('part',$,(#10350));
#11013 = SHAPE_DEFINITION_REPRESENTATION(#11014,#11020);
#11014 = PRODUCT_DEFINITION_SHAPE('','',#11015);
#11015 = PRODUCT_DEFINITION('design','',#11016,#11019);
#11016 = PRODUCT_DEFINITION_FORMATION('','',#11017);
#11017 = PRODUCT('Barrel-unsaved-export-6gLF2A_soldermask',
  'Barrel-unsaved-export-6gLF2A_soldermask','',(#11018));
#11018 = PRODUCT_CONTEXT('',#2,'mechanical');
#11019 = PRODUCT_DEFINITION_CONTEXT('part definition',#2,'design');
#11020 = MANIFOLD_SURFACE_SHAPE_REPRESENTATION('',(#11,#11021),#11490);
#11021 = SHELL_BASED_SURFACE_MODEL('',(#11022));
#11022 = OPEN_SHELL('',(#11023));
#11023 = ADVANCED_FACE('',(#11024,#11058,#11092,#11126,#11137,#11148,
    #11184,#11218,#11252,#11288,#11402,#11438,#11474),#11485,.T.);
#11024 = FACE_BOUND('',#11025,.F.);
#11025 = EDGE_LOOP('',(#11026,#11036,#11044,#11052));
#11026 = ORIENTED_EDGE('',*,*,#11027,.T.);
#11027 = EDGE_CURVE('',#11028,#11030,#11032,.T.);
#11028 = VERTEX_POINT('',#11029);
#11029 = CARTESIAN_POINT('',(-6.35,-8.121,0.96));
#11030 = VERTEX_POINT('',#11031);
#11031 = CARTESIAN_POINT('',(-6.35,8.121,0.96));
#11032 = LINE('',#11033,#11034);
#11033 = CARTESIAN_POINT('',(-6.35,-8.121,0.96));
#11034 = VECTOR('',#11035,1.);
#11035 = DIRECTION('',(0.,1.,0.));
#11036 = ORIENTED_EDGE('',*,*,#11037,.T.);
#11037 = EDGE_CURVE('',#11030,#11038,#11040,.T.);
#11038 = VERTEX_POINT('',#11039);
#11039 = CARTESIAN_POINT('',(6.35,8.121,0.96));
#11040 = LINE('',#11041,#11042);
#11041 = CARTESIAN_POINT('',(-6.35,8.121,0.96));
#11042 = VECTOR('',#11043,1.);
#11043 = DIRECTION('',(1.,0.,0.));
#11044 = ORIENTED_EDGE('',*,*,#11045,.T.);
#11045 = EDGE_CURVE('',#11038,#11046,#11048,.T.);
#11046 = VERTEX_POINT('',#11047);
#11047 = CARTESIAN_POINT('',(6.35,-8.121,0.96));
#11048 = LINE('',#11049,#11050);
#11049 = CARTESIAN_POINT('',(6.35,8.121,0.96));
#11050 = VECTOR('',#11051,1.);
#11051 = DIRECTION('',(0.,-1.,0.));
#11052 = ORIENTED_EDGE('',*,*,#11053,.T.);
#11053 = EDGE_CURVE('',#11046,#11028,#11054,.T.);
#11054 = LINE('',#11055,#11056);
#11055 = CARTESIAN_POINT('',(6.35,-8.121,0.96));
#11056 = VECTOR('',#11057,1.);
#11057 = DIRECTION('',(-1.,0.,0.));
#11058 = FACE_BOUND('',#11059,.F.);
#11059 = EDGE_LOOP('',(#11060,#11070,#11078,#11086));
#11060 = ORIENTED_EDGE('',*,*,#11061,.T.);
#11061 = EDGE_CURVE('',#11062,#11064,#11066,.T.);
#11062 = VERTEX_POINT('',#11063);
#11063 = CARTESIAN_POINT('',(-3.975,-6.685,0.96));
#11064 = VERTEX_POINT('',#11065);
#11065 = CARTESIAN_POINT('',(-3.975,-4.085,0.96));
#11066 = LINE('',#11067,#11068);
#11067 = CARTESIAN_POINT('',(-3.975,-6.685,0.96));
#11068 = VECTOR('',#11069,1.);
#11069 = DIRECTION('',(0.,1.,0.));
#11070 = ORIENTED_EDGE('',*,*,#11071,.T.);
#11071 = EDGE_CURVE('',#11064,#11072,#11074,.T.);
#11072 = VERTEX_POINT('',#11073);
#11073 = CARTESIAN_POINT('',(-5.575,-4.085,0.96));
#11074 = LINE('',#11075,#11076);
#11075 = CARTESIAN_POINT('',(-3.975,-4.085,0.96));
#11076 = VECTOR('',#11077,1.);
#11077 = DIRECTION('',(-1.,0.,0.));
#11078 = ORIENTED_EDGE('',*,*,#11079,.T.);
#11079 = EDGE_CURVE('',#11072,#11080,#11082,.T.);
#11080 = VERTEX_POINT('',#11081);
#11081 = CARTESIAN_POINT('',(-5.575,-6.685,0.96));
#11082 = LINE('',#11083,#11084);
#11083 = CARTESIAN_POINT('',(-5.575,-4.085,0.96));
#11084 = VECTOR('',#11085,1.);
#11085 = DIRECTION('',(0.,-1.,0.));
#11086 = ORIENTED_EDGE('',*,*,#11087,.T.);
#11087 = EDGE_CURVE('',#11080,#11062,#11088,.T.);
#11088 = LINE('',#11089,#11090);
#11089 = CARTESIAN_POINT('',(-5.575,-6.685,0.96));
#11090 = VECTOR('',#11091,1.);
#11091 = DIRECTION('',(1.,0.,0.));
#11092 = FACE_BOUND('',#11093,.F.);
#11093 = EDGE_LOOP('',(#11094,#11104,#11112,#11120));
#11094 = ORIENTED_EDGE('',*,*,#11095,.T.);
#11095 = EDGE_CURVE('',#11096,#11098,#11100,.T.);
#11096 = VERTEX_POINT('',#11097);
#11097 = CARTESIAN_POINT('',(5.575,-6.685,0.96));
#11098 = VERTEX_POINT('',#11099);
#11099 = CARTESIAN_POINT('',(5.575,-4.085,0.96));
#11100 = LINE('',#11101,#11102);
#11101 = CARTESIAN_POINT('',(5.575,-6.685,0.96));
#11102 = VECTOR('',#11103,1.);
#11103 = DIRECTION('',(0.,1.,0.));
#11104 = ORIENTED_EDGE('',*,*,#11105,.T.);
#11105 = EDGE_CURVE('',#11098,#11106,#11108,.T.);
#11106 = VERTEX_POINT('',#11107);
#11107 = CARTESIAN_POINT('',(3.975,-4.085,0.96));
#11108 = LINE('',#11109,#11110);
#11109 = CARTESIAN_POINT('',(5.575,-4.085,0.96));
#11110 = VECTOR('',#11111,1.);
#11111 = DIRECTION('',(-1.,0.,0.));
#11112 = ORIENTED_EDGE('',*,*,#11113,.T.);
#11113 = EDGE_CURVE('',#11106,#11114,#11116,.T.);
#11114 = VERTEX_POINT('',#11115);
#11115 = CARTESIAN_POINT('',(3.975,-6.685,0.96));
#11116 = LINE('',#11117,#11118);
#11117 = CARTESIAN_POINT('',(3.975,-4.085,0.96));
#11118 = VECTOR('',#11119,1.);
#11119 = DIRECTION('',(0.,-1.,0.));
#11120 = ORIENTED_EDGE('',*,*,#11121,.T.);
#11121 = EDGE_CURVE('',#11114,#11096,#11122,.T.);
#11122 = LINE('',#11123,#11124);
#11123 = CARTESIAN_POINT('',(3.975,-6.685,0.96));
#11124 = VECTOR('',#11125,1.);
#11125 = DIRECTION('',(1.,0.,0.));
#11126 = FACE_BOUND('',#11127,.F.);
#11127 = EDGE_LOOP('',(#11128));
#11128 = ORIENTED_EDGE('',*,*,#11129,.T.);
#11129 = EDGE_CURVE('',#11130,#11130,#11132,.T.);
#11130 = VERTEX_POINT('',#11131);
#11131 = CARTESIAN_POINT('',(-1.125,-5.435,0.96));
#11132 = CIRCLE('',#11133,0.6);
#11133 = AXIS2_PLACEMENT_3D('',#11134,#11135,#11136);
#11134 = CARTESIAN_POINT('',(-1.725,-5.435,0.96));
#11135 = DIRECTION('',(0.,0.,1.));
#11136 = DIRECTION('',(1.,0.,-0.));
#11137 = FACE_BOUND('',#11138,.F.);
#11138 = EDGE_LOOP('',(#11139));
#11139 = ORIENTED_EDGE('',*,*,#11140,.T.);
#11140 = EDGE_CURVE('',#11141,#11141,#11143,.T.);
#11141 = VERTEX_POINT('',#11142);
#11142 = CARTESIAN_POINT('',(2.325,-5.435,0.96));
#11143 = CIRCLE('',#11144,0.6);
#11144 = AXIS2_PLACEMENT_3D('',#11145,#11146,#11147);
#11145 = CARTESIAN_POINT('',(1.725,-5.435,0.96));
#11146 = DIRECTION('',(0.,0.,1.));
#11147 = DIRECTION('',(1.,0.,-0.));
#11148 = FACE_BOUND('',#11149,.F.);
#11149 = EDGE_LOOP('',(#11150,#11161,#11169,#11178));
#11150 = ORIENTED_EDGE('',*,*,#11151,.T.);
#11151 = EDGE_CURVE('',#11152,#11154,#11156,.T.);
#11152 = VERTEX_POINT('',#11153);
#11153 = CARTESIAN_POINT('',(0.5,-3.885,0.96));
#11154 = VERTEX_POINT('',#11155);
#11155 = CARTESIAN_POINT('',(0.5,-2.285,0.96));
#11156 = CIRCLE('',#11157,0.8);
#11157 = AXIS2_PLACEMENT_3D('',#11158,#11159,#11160);
#11158 = CARTESIAN_POINT('',(0.500000247002,-3.085,0.96));
#11159 = DIRECTION('',(0.,0.,1.));
#11160 = DIRECTION('',(-3.087522675027E-07,-1.,0.));
#11161 = ORIENTED_EDGE('',*,*,#11162,.T.);
#11162 = EDGE_CURVE('',#11154,#11163,#11165,.T.);
#11163 = VERTEX_POINT('',#11164);
#11164 = CARTESIAN_POINT('',(-0.5,-2.285,0.96));
#11165 = LINE('',#11166,#11167);
#11166 = CARTESIAN_POINT('',(0.5,-2.285,0.96));
#11167 = VECTOR('',#11168,1.);
#11168 = DIRECTION('',(-1.,0.,0.));
#11169 = ORIENTED_EDGE('',*,*,#11170,.T.);
#11170 = EDGE_CURVE('',#11163,#11171,#11173,.T.);
#11171 = VERTEX_POINT('',#11172);
#11172 = CARTESIAN_POINT('',(-0.5,-3.885,0.96));
#11173 = CIRCLE('',#11174,0.8);
#11174 = AXIS2_PLACEMENT_3D('',#11175,#11176,#11177);
#11175 = CARTESIAN_POINT('',(-0.500000247002,-3.085,0.96));
#11176 = DIRECTION('',(0.,0.,1.));
#11177 = DIRECTION('',(3.087522675027E-07,1.,-0.));
#11178 = ORIENTED_EDGE('',*,*,#11179,.T.);
#11179 = EDGE_CURVE('',#11171,#11152,#11180,.T.);
#11180 = LINE('',#11181,#11182);
#11181 = CARTESIAN_POINT('',(-0.5,-3.885,0.96));
#11182 = VECTOR('',#11183,1.);
#11183 = DIRECTION('',(1.,0.,0.));
#11184 = FACE_BOUND('',#11185,.F.);
#11185 = EDGE_LOOP('',(#11186,#11196,#11204,#11212));
#11186 = ORIENTED_EDGE('',*,*,#11187,.T.);
#11187 = EDGE_CURVE('',#11188,#11190,#11192,.T.);
#11188 = VERTEX_POINT('',#11189);
#11189 = CARTESIAN_POINT('',(-3.975,-0.285,0.96));
#11190 = VERTEX_POINT('',#11191);
#11191 = CARTESIAN_POINT('',(-3.975,2.315,0.96));
#11192 = LINE('',#11193,#11194);
#11193 = CARTESIAN_POINT('',(-3.975,-0.285,0.96));
#11194 = VECTOR('',#11195,1.);
#11195 = DIRECTION('',(0.,1.,0.));
#11196 = ORIENTED_EDGE('',*,*,#11197,.T.);
#11197 = EDGE_CURVE('',#11190,#11198,#11200,.T.);
#11198 = VERTEX_POINT('',#11199);
#11199 = CARTESIAN_POINT('',(-5.575,2.315,0.96));
#11200 = LINE('',#11201,#11202);
#11201 = CARTESIAN_POINT('',(-3.975,2.315,0.96));
#11202 = VECTOR('',#11203,1.);
#11203 = DIRECTION('',(-1.,0.,0.));
#11204 = ORIENTED_EDGE('',*,*,#11205,.T.);
#11205 = EDGE_CURVE('',#11198,#11206,#11208,.T.);
#11206 = VERTEX_POINT('',#11207);
#11207 = CARTESIAN_POINT('',(-5.575,-0.285,0.96));
#11208 = LINE('',#11209,#11210);
#11209 = CARTESIAN_POINT('',(-5.575,2.315,0.96));
#11210 = VECTOR('',#11211,1.);
#11211 = DIRECTION('',(0.,-1.,0.));
#11212 = ORIENTED_EDGE('',*,*,#11213,.T.);
#11213 = EDGE_CURVE('',#11206,#11188,#11214,.T.);
#11214 = LINE('',#11215,#11216);
#11215 = CARTESIAN_POINT('',(-5.575,-0.285,0.96));
#11216 = VECTOR('',#11217,1.);
#11217 = DIRECTION('',(1.,0.,0.));
#11218 = FACE_BOUND('',#11219,.F.);
#11219 = EDGE_LOOP('',(#11220,#11230,#11238,#11246));
#11220 = ORIENTED_EDGE('',*,*,#11221,.T.);
#11221 = EDGE_CURVE('',#11222,#11224,#11226,.T.);
#11222 = VERTEX_POINT('',#11223);
#11223 = CARTESIAN_POINT('',(5.575,-0.285,0.96));
#11224 = VERTEX_POINT('',#11225);
#11225 = CARTESIAN_POINT('',(5.575,2.315,0.96));
#11226 = LINE('',#11227,#11228);
#11227 = CARTESIAN_POINT('',(5.575,-0.285,0.96));
#11228 = VECTOR('',#11229,1.);
#11229 = DIRECTION('',(0.,1.,0.));
#11230 = ORIENTED_EDGE('',*,*,#11231,.T.);
#11231 = EDGE_CURVE('',#11224,#11232,#11234,.T.);
#11232 = VERTEX_POINT('',#11233);
#11233 = CARTESIAN_POINT('',(3.975,2.315,0.96));
#11234 = LINE('',#11235,#11236);
#11235 = CARTESIAN_POINT('',(5.575,2.315,0.96));
#11236 = VECTOR('',#11237,1.);
#11237 = DIRECTION('',(-1.,0.,0.));
#11238 = ORIENTED_EDGE('',*,*,#11239,.T.);
#11239 = EDGE_CURVE('',#11232,#11240,#11242,.T.);
#11240 = VERTEX_POINT('',#11241);
#11241 = CARTESIAN_POINT('',(3.975,-0.285,0.96));
#11242 = LINE('',#11243,#11244);
#11243 = CARTESIAN_POINT('',(3.975,2.315,0.96));
#11244 = VECTOR('',#11245,1.);
#11245 = DIRECTION('',(0.,-1.,0.));
#11246 = ORIENTED_EDGE('',*,*,#11247,.T.);
#11247 = EDGE_CURVE('',#11240,#11222,#11248,.T.);
#11248 = LINE('',#11249,#11250);
#11249 = CARTESIAN_POINT('',(3.975,-0.285,0.96));
#11250 = VECTOR('',#11251,1.);
#11251 = DIRECTION('',(1.,0.,0.));
#11252 = FACE_BOUND('',#11253,.F.);
#11253 = EDGE_LOOP('',(#11254,#11265,#11273,#11282));
#11254 = ORIENTED_EDGE('',*,*,#11255,.T.);
#11255 = EDGE_CURVE('',#11256,#11258,#11260,.T.);
#11256 = VERTEX_POINT('',#11257);
#11257 = CARTESIAN_POINT('',(0.5,-8.5E-02,0.96));
#11258 = VERTEX_POINT('',#11259);
#11259 = CARTESIAN_POINT('',(0.5,1.515,0.96));
#11260 = CIRCLE('',#11261,0.8);
#11261 = AXIS2_PLACEMENT_3D('',#11262,#11263,#11264);
#11262 = CARTESIAN_POINT('',(0.500000247002,0.715,0.96));
#11263 = DIRECTION('',(0.,0.,1.));
#11264 = DIRECTION('',(-3.087522673639E-07,-1.,0.));
#11265 = ORIENTED_EDGE('',*,*,#11266,.T.);
#11266 = EDGE_CURVE('',#11258,#11267,#11269,.T.);
#11267 = VERTEX_POINT('',#11268);
#11268 = CARTESIAN_POINT('',(-0.5,1.515,0.96));
#11269 = LINE('',#11270,#11271);
#11270 = CARTESIAN_POINT('',(0.5,1.515,0.96));
#11271 = VECTOR('',#11272,1.);
#11272 = DIRECTION('',(-1.,0.,0.));
#11273 = ORIENTED_EDGE('',*,*,#11274,.T.);
#11274 = EDGE_CURVE('',#11267,#11275,#11277,.T.);
#11275 = VERTEX_POINT('',#11276);
#11276 = CARTESIAN_POINT('',(-0.5,-8.5E-02,0.96));
#11277 = CIRCLE('',#11278,0.8);
#11278 = AXIS2_PLACEMENT_3D('',#11279,#11280,#11281);
#11279 = CARTESIAN_POINT('',(-0.500000247002,0.715,0.96));
#11280 = DIRECTION('',(0.,0.,1.));
#11281 = DIRECTION('',(3.087522673639E-07,1.,-0.));
#11282 = ORIENTED_EDGE('',*,*,#11283,.T.);
#11283 = EDGE_CURVE('',#11275,#11256,#11284,.T.);
#11284 = LINE('',#11285,#11286);
#11285 = CARTESIAN_POINT('',(-0.5,-8.5E-02,0.96));
#11286 = VECTOR('',#11287,1.);
#11287 = DIRECTION('',(1.,0.,0.));
#11288 = FACE_BOUND('',#11289,.F.);
#11289 = EDGE_LOOP('',(#11290,#11300,#11308,#11316,#11324,#11332,#11340,
    #11348,#11356,#11364,#11372,#11380,#11388,#11396));
#11290 = ORIENTED_EDGE('',*,*,#11291,.T.);
#11291 = EDGE_CURVE('',#11292,#11294,#11296,.T.);
#11292 = VERTEX_POINT('',#11293);
#11293 = CARTESIAN_POINT('',(6.101,7.867,0.96));
#11294 = VERTEX_POINT('',#11295);
#11295 = CARTESIAN_POINT('',(6.097913,7.871619,0.96));
#11296 = LINE('',#11297,#11298);
#11297 = CARTESIAN_POINT('',(6.101,7.867,0.96));
#11298 = VECTOR('',#11299,1.);
#11299 = DIRECTION('',(-0.555655206939,0.831412828264,0.));
#11300 = ORIENTED_EDGE('',*,*,#11301,.T.);
#11301 = EDGE_CURVE('',#11294,#11302,#11304,.T.);
#11302 = VERTEX_POINT('',#11303);
#11303 = CARTESIAN_POINT('',(-6.096,7.872,0.96));
#11304 = LINE('',#11305,#11306);
#11305 = CARTESIAN_POINT('',(6.097913,7.871619,0.96));
#11306 = VECTOR('',#11307,1.);
#11307 = DIRECTION('',(-0.999999999512,3.124509743624E-05,0.));
#11308 = ORIENTED_EDGE('',*,*,#11309,.T.);
#11309 = EDGE_CURVE('',#11302,#11310,#11312,.T.);
#11310 = VERTEX_POINT('',#11311);
#11311 = CARTESIAN_POINT('',(-6.100619,7.868913,0.96));
#11312 = LINE('',#11313,#11314);
#11313 = CARTESIAN_POINT('',(-6.096,7.872,0.96));
#11314 = VECTOR('',#11315,1.);
#11315 = DIRECTION('',(-0.831412828264,-0.555655206939,0.));
#11316 = ORIENTED_EDGE('',*,*,#11317,.T.);
#11317 = EDGE_CURVE('',#11310,#11318,#11320,.T.);
#11318 = VERTEX_POINT('',#11319);
#11319 = CARTESIAN_POINT('',(-6.101,2.787,0.96));
#11320 = LINE('',#11321,#11322);
#11321 = CARTESIAN_POINT('',(-6.100619,7.868913,0.96));
#11322 = VECTOR('',#11323,1.);
#11323 = DIRECTION('',(-7.49717673107E-05,-0.99999999719,0.));
#11324 = ORIENTED_EDGE('',*,*,#11325,.T.);
#11325 = EDGE_CURVE('',#11318,#11326,#11328,.T.);
#11326 = VERTEX_POINT('',#11327);
#11327 = CARTESIAN_POINT('',(-6.097913,2.782381,0.96));
#11328 = LINE('',#11329,#11330);
#11329 = CARTESIAN_POINT('',(-6.101,2.787,0.96));
#11330 = VECTOR('',#11331,1.);
#11331 = DIRECTION('',(0.555655206939,-0.831412828264,0.));
#11332 = ORIENTED_EDGE('',*,*,#11333,.T.);
#11333 = EDGE_CURVE('',#11326,#11334,#11336,.T.);
#11334 = VERTEX_POINT('',#11335);
#11335 = CARTESIAN_POINT('',(-4.318,2.782,0.96));
#11336 = LINE('',#11337,#11338);
#11337 = CARTESIAN_POINT('',(-6.097913,2.782381,0.96));
#11338 = VECTOR('',#11339,1.);
#11339 = DIRECTION('',(0.99999997709,-2.140554011748E-04,0.));
#11340 = ORIENTED_EDGE('',*,*,#11341,.T.);
#11341 = EDGE_CURVE('',#11334,#11342,#11344,.T.);
#11342 = VERTEX_POINT('',#11343);
#11343 = CARTESIAN_POINT('',(-4.313381,2.785087,0.96));
#11344 = LINE('',#11345,#11346);
#11345 = CARTESIAN_POINT('',(-4.318,2.782,0.96));
#11346 = VECTOR('',#11347,1.);
#11347 = DIRECTION('',(0.831412828264,0.555655206939,0.));
#11348 = ORIENTED_EDGE('',*,*,#11349,.T.);
#11349 = EDGE_CURVE('',#11342,#11350,#11352,.T.);
#11350 = VERTEX_POINT('',#11351);
#11351 = CARTESIAN_POINT('',(-4.313,5.212,0.96));
#11352 = LINE('',#11353,#11354);
#11353 = CARTESIAN_POINT('',(-4.313381,2.785087,0.96));
#11354 = VECTOR('',#11355,1.);
#11355 = DIRECTION('',(1.569895564056E-04,0.999999987677,0.));
#11356 = ORIENTED_EDGE('',*,*,#11357,.T.);
#11357 = EDGE_CURVE('',#11350,#11358,#11360,.T.);
#11358 = VERTEX_POINT('',#11359);
#11359 = CARTESIAN_POINT('',(4.313,5.212,0.96));
#11360 = LINE('',#11361,#11362);
#11361 = CARTESIAN_POINT('',(-4.313,5.212,0.96));
#11362 = VECTOR('',#11363,1.);
#11363 = DIRECTION('',(1.,0.,0.));
#11364 = ORIENTED_EDGE('',*,*,#11365,.T.);
#11365 = EDGE_CURVE('',#11358,#11366,#11368,.T.);
#11366 = VERTEX_POINT('',#11367);
#11367 = CARTESIAN_POINT('',(4.313,2.787,0.96));
#11368 = LINE('',#11369,#11370);
#11369 = CARTESIAN_POINT('',(4.313,5.212,0.96));
#11370 = VECTOR('',#11371,1.);
#11371 = DIRECTION('',(0.,-1.,0.));
#11372 = ORIENTED_EDGE('',*,*,#11373,.T.);
#11373 = EDGE_CURVE('',#11366,#11374,#11376,.T.);
#11374 = VERTEX_POINT('',#11375);
#11375 = CARTESIAN_POINT('',(4.316087,2.782381,0.96));
#11376 = LINE('',#11377,#11378);
#11377 = CARTESIAN_POINT('',(4.313,2.787,0.96));
#11378 = VECTOR('',#11379,1.);
#11379 = DIRECTION('',(0.555655206939,-0.831412828264,0.));
#11380 = ORIENTED_EDGE('',*,*,#11381,.T.);
#11381 = EDGE_CURVE('',#11374,#11382,#11384,.T.);
#11382 = VERTEX_POINT('',#11383);
#11383 = CARTESIAN_POINT('',(6.096,2.782,0.96));
#11384 = LINE('',#11385,#11386);
#11385 = CARTESIAN_POINT('',(4.316087,2.782381,0.96));
#11386 = VECTOR('',#11387,1.);
#11387 = DIRECTION('',(0.99999997709,-2.140554011748E-04,0.));
#11388 = ORIENTED_EDGE('',*,*,#11389,.T.);
#11389 = EDGE_CURVE('',#11382,#11390,#11392,.T.);
#11390 = VERTEX_POINT('',#11391);
#11391 = CARTESIAN_POINT('',(6.100619,2.785087,0.96));
#11392 = LINE('',#11393,#11394);
#11393 = CARTESIAN_POINT('',(6.096,2.782,0.96));
#11394 = VECTOR('',#11395,1.);
#11395 = DIRECTION('',(0.831412828264,0.555655206939,0.));
#11396 = ORIENTED_EDGE('',*,*,#11397,.T.);
#11397 = EDGE_CURVE('',#11390,#11292,#11398,.T.);
#11398 = LINE('',#11399,#11400);
#11399 = CARTESIAN_POINT('',(6.100619,2.785087,0.96));
#11400 = VECTOR('',#11401,1.);
#11401 = DIRECTION('',(7.49717673107E-05,0.99999999719,0.));
#11402 = FACE_BOUND('',#11403,.F.);
#11403 = EDGE_LOOP('',(#11404,#11415,#11423,#11432));
#11404 = ORIENTED_EDGE('',*,*,#11405,.T.);
#11405 = EDGE_CURVE('',#11406,#11408,#11410,.T.);
#11406 = VERTEX_POINT('',#11407);
#11407 = CARTESIAN_POINT('',(-2.275,3.315,0.96));
#11408 = VERTEX_POINT('',#11409);
#11409 = CARTESIAN_POINT('',(-2.275,4.915,0.96));
#11410 = CIRCLE('',#11411,0.8);
#11411 = AXIS2_PLACEMENT_3D('',#11412,#11413,#11414);
#11412 = CARTESIAN_POINT('',(-2.274999752998,4.115,0.96));
#11413 = DIRECTION('',(0.,0.,1.));
#11414 = DIRECTION('',(-3.087522665312E-07,-1.,0.));
#11415 = ORIENTED_EDGE('',*,*,#11416,.T.);
#11416 = EDGE_CURVE('',#11408,#11417,#11419,.T.);
#11417 = VERTEX_POINT('',#11418);
#11418 = CARTESIAN_POINT('',(-3.275,4.915,0.96));
#11419 = LINE('',#11420,#11421);
#11420 = CARTESIAN_POINT('',(-2.275,4.915,0.96));
#11421 = VECTOR('',#11422,1.);
#11422 = DIRECTION('',(-1.,0.,0.));
#11423 = ORIENTED_EDGE('',*,*,#11424,.T.);
#11424 = EDGE_CURVE('',#11417,#11425,#11427,.T.);
#11425 = VERTEX_POINT('',#11426);
#11426 = CARTESIAN_POINT('',(-3.275,3.315,0.96));
#11427 = CIRCLE('',#11428,0.8);
#11428 = AXIS2_PLACEMENT_3D('',#11429,#11430,#11431);
#11429 = CARTESIAN_POINT('',(-3.275000247002,4.115,0.96));
#11430 = DIRECTION('',(0.,0.,1.));
#11431 = DIRECTION('',(3.087522670864E-07,1.,-0.));
#11432 = ORIENTED_EDGE('',*,*,#11433,.T.);
#11433 = EDGE_CURVE('',#11425,#11406,#11434,.T.);
#11434 = LINE('',#11435,#11436);
#11435 = CARTESIAN_POINT('',(-3.275,3.315,0.96));
#11436 = VECTOR('',#11437,1.);
#11437 = DIRECTION('',(1.,0.,0.));
#11438 = FACE_BOUND('',#11439,.F.);
#11439 = EDGE_LOOP('',(#11440,#11451,#11459,#11468));
#11440 = ORIENTED_EDGE('',*,*,#11441,.T.);
#11441 = EDGE_CURVE('',#11442,#11444,#11446,.T.);
#11442 = VERTEX_POINT('',#11443);
#11443 = CARTESIAN_POINT('',(3.275,3.315,0.96));
#11444 = VERTEX_POINT('',#11445);
#11445 = CARTESIAN_POINT('',(3.275,4.915,0.96));
#11446 = CIRCLE('',#11447,0.8);
#11447 = AXIS2_PLACEMENT_3D('',#11448,#11449,#11450);
#11448 = CARTESIAN_POINT('',(3.275000247002,4.115,0.96));
#11449 = DIRECTION('',(0.,0.,1.));
#11450 = DIRECTION('',(-3.087522670864E-07,-1.,0.));
#11451 = ORIENTED_EDGE('',*,*,#11452,.T.);
#11452 = EDGE_CURVE('',#11444,#11453,#11455,.T.);
#11453 = VERTEX_POINT('',#11454);
#11454 = CARTESIAN_POINT('',(2.275,4.915,0.96));
#11455 = LINE('',#11456,#11457);
#11456 = CARTESIAN_POINT('',(3.275,4.915,0.96));
#11457 = VECTOR('',#11458,1.);
#11458 = DIRECTION('',(-1.,0.,0.));
#11459 = ORIENTED_EDGE('',*,*,#11460,.T.);
#11460 = EDGE_CURVE('',#11453,#11461,#11463,.T.);
#11461 = VERTEX_POINT('',#11462);
#11462 = CARTESIAN_POINT('',(2.275,3.315,0.96));
#11463 = CIRCLE('',#11464,0.8);
#11464 = AXIS2_PLACEMENT_3D('',#11465,#11466,#11467);
#11465 = CARTESIAN_POINT('',(2.274999752998,4.115,0.96));
#11466 = DIRECTION('',(0.,0.,1.));
#11467 = DIRECTION('',(3.087522665313E-07,1.,-0.));
#11468 = ORIENTED_EDGE('',*,*,#11469,.T.);
#11469 = EDGE_CURVE('',#11461,#11442,#11470,.T.);
#11470 = LINE('',#11471,#11472);
#11471 = CARTESIAN_POINT('',(2.275,3.315,0.96));
#11472 = VECTOR('',#11473,1.);
#11473 = DIRECTION('',(1.,0.,0.));
#11474 = FACE_BOUND('',#11475,.F.);
#11475 = EDGE_LOOP('',(#11476));
#11476 = ORIENTED_EDGE('',*,*,#11477,.T.);
#11477 = EDGE_CURVE('',#11478,#11478,#11480,.T.);
#11478 = VERTEX_POINT('',#11479);
#11479 = CARTESIAN_POINT('',(0.799999,4.115,0.96));
#11480 = CIRCLE('',#11481,0.799999);
#11481 = AXIS2_PLACEMENT_3D('',#11482,#11483,#11484);
#11482 = CARTESIAN_POINT('',(0.,4.115,0.96));
#11483 = DIRECTION('',(0.,0.,1.));
#11484 = DIRECTION('',(1.,0.,-0.));
#11485 = PLANE('',#11486);
#11486 = AXIS2_PLACEMENT_3D('',#11487,#11488,#11489);
#11487 = CARTESIAN_POINT('',(0.,0.,0.96));
#11488 = DIRECTION('',(0.,0.,1.));
#11489 = DIRECTION('',(1.,0.,-0.));
#11490 = ( GEOMETRIC_REPRESENTATION_CONTEXT(3) 
GLOBAL_UNCERTAINTY_ASSIGNED_CONTEXT((#11494)) 
GLOBAL_UNIT_ASSIGNED_CONTEXT((#11491,#11492,#11493)) 
REPRESENTATION_CONTEXT('Context #1',
  '3D Context with UNIT and UNCERTAINTY') );
#11491 = ( LENGTH_UNIT() NAMED_UNIT(*) SI_UNIT(.MILLI.,.METRE.) );
#11492 = ( NAMED_UNIT(*) PLANE_ANGLE_UNIT() SI_UNIT($,.RADIAN.) );
#11493 = ( NAMED_UNIT(*) SI_UNIT($,.STERADIAN.) SOLID_ANGLE_UNIT() );
#11494 = UNCERTAINTY_MEASURE_WITH_UNIT(LENGTH_MEASURE(1.E-07),#11491,
  'distance_accuracy_value','confusion accuracy');
#11495 = CONTEXT_DEPENDENT_SHAPE_REPRESENTATION(#11496,#11498);
#11496 = ( REPRESENTATION_RELATIONSHIP('','',#11020,#10) 
REPRESENTATION_RELATIONSHIP_WITH_TRANSFORMATION(#11497) 
SHAPE_REPRESENTATION_RELATIONSHIP() );
#11497 = ITEM_DEFINED_TRANSFORMATION('','',#11,#27);
#11498 = PRODUCT_DEFINITION_SHAPE('Placement','Placement of an item',
  #11499);
#11499 = NEXT_ASSEMBLY_USAGE_OCCURRENCE('17','=>[0:1:1:18]','',#5,#11015
  ,$);
#11500 = PRODUCT_RELATED_PRODUCT_CATEGORY('part',$,(#11017));
#11501 = SHAPE_DEFINITION_REPRESENTATION(#11502,#11508);
#11502 = PRODUCT_DEFINITION_SHAPE('','',#11503);
#11503 = PRODUCT_DEFINITION('design','',#11504,#11507);
#11504 = PRODUCT_DEFINITION_FORMATION('','',#11505);
#11505 = PRODUCT('Barrel-unsaved-export-6gLF2A_soldermask',
  'Barrel-unsaved-export-6gLF2A_soldermask','',(#11506));
#11506 = PRODUCT_CONTEXT('',#2,'mechanical');
#11507 = PRODUCT_DEFINITION_CONTEXT('part definition',#2,'design');
#11508 = MANIFOLD_SURFACE_SHAPE_REPRESENTATION('',(#11,#11509),#11978);
#11509 = SHELL_BASED_SURFACE_MODEL('',(#11510));
#11510 = OPEN_SHELL('',(#11511));
#11511 = ADVANCED_FACE('',(#11512,#11546,#11580,#11614,#11625,#11636,
    #11672,#11706,#11740,#11776,#11890,#11926,#11962),#11973,.T.);
#11512 = FACE_BOUND('',#11513,.T.);
#11513 = EDGE_LOOP('',(#11514,#11524,#11532,#11540));
#11514 = ORIENTED_EDGE('',*,*,#11515,.T.);
#11515 = EDGE_CURVE('',#11516,#11518,#11520,.T.);
#11516 = VERTEX_POINT('',#11517);
#11517 = CARTESIAN_POINT('',(-6.35,-8.121,-5.E-02));
#11518 = VERTEX_POINT('',#11519);
#11519 = CARTESIAN_POINT('',(-6.35,8.121,-5.E-02));
#11520 = LINE('',#11521,#11522);
#11521 = CARTESIAN_POINT('',(-6.35,-8.121,-5.E-02));
#11522 = VECTOR('',#11523,1.);
#11523 = DIRECTION('',(0.,1.,0.));
#11524 = ORIENTED_EDGE('',*,*,#11525,.T.);
#11525 = EDGE_CURVE('',#11518,#11526,#11528,.T.);
#11526 = VERTEX_POINT('',#11527);
#11527 = CARTESIAN_POINT('',(6.35,8.121,-5.E-02));
#11528 = LINE('',#11529,#11530);
#11529 = CARTESIAN_POINT('',(-6.35,8.121,-5.E-02));
#11530 = VECTOR('',#11531,1.);
#11531 = DIRECTION('',(1.,0.,0.));
#11532 = ORIENTED_EDGE('',*,*,#11533,.T.);
#11533 = EDGE_CURVE('',#11526,#11534,#11536,.T.);
#11534 = VERTEX_POINT('',#11535);
#11535 = CARTESIAN_POINT('',(6.35,-8.121,-5.E-02));
#11536 = LINE('',#11537,#11538);
#11537 = CARTESIAN_POINT('',(6.35,8.121,-5.E-02));
#11538 = VECTOR('',#11539,1.);
#11539 = DIRECTION('',(0.,-1.,0.));
#11540 = ORIENTED_EDGE('',*,*,#11541,.T.);
#11541 = EDGE_CURVE('',#11534,#11516,#11542,.T.);
#11542 = LINE('',#11543,#11544);
#11543 = CARTESIAN_POINT('',(6.35,-8.121,-5.E-02));
#11544 = VECTOR('',#11545,1.);
#11545 = DIRECTION('',(-1.,0.,0.));
#11546 = FACE_BOUND('',#11547,.T.);
#11547 = EDGE_LOOP('',(#11548,#11558,#11566,#11574));
#11548 = ORIENTED_EDGE('',*,*,#11549,.T.);
#11549 = EDGE_CURVE('',#11550,#11552,#11554,.T.);
#11550 = VERTEX_POINT('',#11551);
#11551 = CARTESIAN_POINT('',(-3.975,-6.685,-5.E-02));
#11552 = VERTEX_POINT('',#11553);
#11553 = CARTESIAN_POINT('',(-3.975,-4.085,-5.E-02));
#11554 = LINE('',#11555,#11556);
#11555 = CARTESIAN_POINT('',(-3.975,-6.685,-5.E-02));
#11556 = VECTOR('',#11557,1.);
#11557 = DIRECTION('',(0.,1.,0.));
#11558 = ORIENTED_EDGE('',*,*,#11559,.T.);
#11559 = EDGE_CURVE('',#11552,#11560,#11562,.T.);
#11560 = VERTEX_POINT('',#11561);
#11561 = CARTESIAN_POINT('',(-5.575,-4.085,-5.E-02));
#11562 = LINE('',#11563,#11564);
#11563 = CARTESIAN_POINT('',(-3.975,-4.085,-5.E-02));
#11564 = VECTOR('',#11565,1.);
#11565 = DIRECTION('',(-1.,0.,0.));
#11566 = ORIENTED_EDGE('',*,*,#11567,.T.);
#11567 = EDGE_CURVE('',#11560,#11568,#11570,.T.);
#11568 = VERTEX_POINT('',#11569);
#11569 = CARTESIAN_POINT('',(-5.575,-6.685,-5.E-02));
#11570 = LINE('',#11571,#11572);
#11571 = CARTESIAN_POINT('',(-5.575,-4.085,-5.E-02));
#11572 = VECTOR('',#11573,1.);
#11573 = DIRECTION('',(0.,-1.,0.));
#11574 = ORIENTED_EDGE('',*,*,#11575,.T.);
#11575 = EDGE_CURVE('',#11568,#11550,#11576,.T.);
#11576 = LINE('',#11577,#11578);
#11577 = CARTESIAN_POINT('',(-5.575,-6.685,-5.E-02));
#11578 = VECTOR('',#11579,1.);
#11579 = DIRECTION('',(1.,0.,0.));
#11580 = FACE_BOUND('',#11581,.T.);
#11581 = EDGE_LOOP('',(#11582,#11592,#11600,#11608));
#11582 = ORIENTED_EDGE('',*,*,#11583,.T.);
#11583 = EDGE_CURVE('',#11584,#11586,#11588,.T.);
#11584 = VERTEX_POINT('',#11585);
#11585 = CARTESIAN_POINT('',(5.575,-6.685,-5.E-02));
#11586 = VERTEX_POINT('',#11587);
#11587 = CARTESIAN_POINT('',(5.575,-4.085,-5.E-02));
#11588 = LINE('',#11589,#11590);
#11589 = CARTESIAN_POINT('',(5.575,-6.685,-5.E-02));
#11590 = VECTOR('',#11591,1.);
#11591 = DIRECTION('',(0.,1.,0.));
#11592 = ORIENTED_EDGE('',*,*,#11593,.T.);
#11593 = EDGE_CURVE('',#11586,#11594,#11596,.T.);
#11594 = VERTEX_POINT('',#11595);
#11595 = CARTESIAN_POINT('',(3.975,-4.085,-5.E-02));
#11596 = LINE('',#11597,#11598);
#11597 = CARTESIAN_POINT('',(5.575,-4.085,-5.E-02));
#11598 = VECTOR('',#11599,1.);
#11599 = DIRECTION('',(-1.,0.,0.));
#11600 = ORIENTED_EDGE('',*,*,#11601,.T.);
#11601 = EDGE_CURVE('',#11594,#11602,#11604,.T.);
#11602 = VERTEX_POINT('',#11603);
#11603 = CARTESIAN_POINT('',(3.975,-6.685,-5.E-02));
#11604 = LINE('',#11605,#11606);
#11605 = CARTESIAN_POINT('',(3.975,-4.085,-5.E-02));
#11606 = VECTOR('',#11607,1.);
#11607 = DIRECTION('',(0.,-1.,0.));
#11608 = ORIENTED_EDGE('',*,*,#11609,.T.);
#11609 = EDGE_CURVE('',#11602,#11584,#11610,.T.);
#11610 = LINE('',#11611,#11612);
#11611 = CARTESIAN_POINT('',(3.975,-6.685,-5.E-02));
#11612 = VECTOR('',#11613,1.);
#11613 = DIRECTION('',(1.,0.,0.));
#11614 = FACE_BOUND('',#11615,.T.);
#11615 = EDGE_LOOP('',(#11616));
#11616 = ORIENTED_EDGE('',*,*,#11617,.T.);
#11617 = EDGE_CURVE('',#11618,#11618,#11620,.T.);
#11618 = VERTEX_POINT('',#11619);
#11619 = CARTESIAN_POINT('',(-1.125,-5.435,-5.E-02));
#11620 = CIRCLE('',#11621,0.6);
#11621 = AXIS2_PLACEMENT_3D('',#11622,#11623,#11624);
#11622 = CARTESIAN_POINT('',(-1.725,-5.435,-5.E-02));
#11623 = DIRECTION('',(0.,0.,1.));
#11624 = DIRECTION('',(1.,0.,-0.));
#11625 = FACE_BOUND('',#11626,.T.);
#11626 = EDGE_LOOP('',(#11627));
#11627 = ORIENTED_EDGE('',*,*,#11628,.T.);
#11628 = EDGE_CURVE('',#11629,#11629,#11631,.T.);
#11629 = VERTEX_POINT('',#11630);
#11630 = CARTESIAN_POINT('',(2.325,-5.435,-5.E-02));
#11631 = CIRCLE('',#11632,0.6);
#11632 = AXIS2_PLACEMENT_3D('',#11633,#11634,#11635);
#11633 = CARTESIAN_POINT('',(1.725,-5.435,-5.E-02));
#11634 = DIRECTION('',(0.,0.,1.));
#11635 = DIRECTION('',(1.,0.,-0.));
#11636 = FACE_BOUND('',#11637,.T.);
#11637 = EDGE_LOOP('',(#11638,#11649,#11657,#11666));
#11638 = ORIENTED_EDGE('',*,*,#11639,.T.);
#11639 = EDGE_CURVE('',#11640,#11642,#11644,.T.);
#11640 = VERTEX_POINT('',#11641);
#11641 = CARTESIAN_POINT('',(0.5,-3.885,-5.E-02));
#11642 = VERTEX_POINT('',#11643);
#11643 = CARTESIAN_POINT('',(0.5,-2.285,-5.E-02));
#11644 = CIRCLE('',#11645,0.8);
#11645 = AXIS2_PLACEMENT_3D('',#11646,#11647,#11648);
#11646 = CARTESIAN_POINT('',(0.500000247002,-3.085,-5.E-02));
#11647 = DIRECTION('',(0.,0.,1.));
#11648 = DIRECTION('',(-3.087522675027E-07,-1.,0.));
#11649 = ORIENTED_EDGE('',*,*,#11650,.T.);
#11650 = EDGE_CURVE('',#11642,#11651,#11653,.T.);
#11651 = VERTEX_POINT('',#11652);
#11652 = CARTESIAN_POINT('',(-0.5,-2.285,-5.E-02));
#11653 = LINE('',#11654,#11655);
#11654 = CARTESIAN_POINT('',(0.5,-2.285,-5.E-02));
#11655 = VECTOR('',#11656,1.);
#11656 = DIRECTION('',(-1.,0.,0.));
#11657 = ORIENTED_EDGE('',*,*,#11658,.T.);
#11658 = EDGE_CURVE('',#11651,#11659,#11661,.T.);
#11659 = VERTEX_POINT('',#11660);
#11660 = CARTESIAN_POINT('',(-0.5,-3.885,-5.E-02));
#11661 = CIRCLE('',#11662,0.8);
#11662 = AXIS2_PLACEMENT_3D('',#11663,#11664,#11665);
#11663 = CARTESIAN_POINT('',(-0.500000247002,-3.085,-5.E-02));
#11664 = DIRECTION('',(0.,0.,1.));
#11665 = DIRECTION('',(3.087522675027E-07,1.,-0.));
#11666 = ORIENTED_EDGE('',*,*,#11667,.T.);
#11667 = EDGE_CURVE('',#11659,#11640,#11668,.T.);
#11668 = LINE('',#11669,#11670);
#11669 = CARTESIAN_POINT('',(-0.5,-3.885,-5.E-02));
#11670 = VECTOR('',#11671,1.);
#11671 = DIRECTION('',(1.,0.,0.));
#11672 = FACE_BOUND('',#11673,.T.);
#11673 = EDGE_LOOP('',(#11674,#11684,#11692,#11700));
#11674 = ORIENTED_EDGE('',*,*,#11675,.T.);
#11675 = EDGE_CURVE('',#11676,#11678,#11680,.T.);
#11676 = VERTEX_POINT('',#11677);
#11677 = CARTESIAN_POINT('',(-3.975,-0.285,-5.E-02));
#11678 = VERTEX_POINT('',#11679);
#11679 = CARTESIAN_POINT('',(-3.975,2.315,-5.E-02));
#11680 = LINE('',#11681,#11682);
#11681 = CARTESIAN_POINT('',(-3.975,-0.285,-5.E-02));
#11682 = VECTOR('',#11683,1.);
#11683 = DIRECTION('',(0.,1.,0.));
#11684 = ORIENTED_EDGE('',*,*,#11685,.T.);
#11685 = EDGE_CURVE('',#11678,#11686,#11688,.T.);
#11686 = VERTEX_POINT('',#11687);
#11687 = CARTESIAN_POINT('',(-5.575,2.315,-5.E-02));
#11688 = LINE('',#11689,#11690);
#11689 = CARTESIAN_POINT('',(-3.975,2.315,-5.E-02));
#11690 = VECTOR('',#11691,1.);
#11691 = DIRECTION('',(-1.,0.,0.));
#11692 = ORIENTED_EDGE('',*,*,#11693,.T.);
#11693 = EDGE_CURVE('',#11686,#11694,#11696,.T.);
#11694 = VERTEX_POINT('',#11695);
#11695 = CARTESIAN_POINT('',(-5.575,-0.285,-5.E-02));
#11696 = LINE('',#11697,#11698);
#11697 = CARTESIAN_POINT('',(-5.575,2.315,-5.E-02));
#11698 = VECTOR('',#11699,1.);
#11699 = DIRECTION('',(0.,-1.,0.));
#11700 = ORIENTED_EDGE('',*,*,#11701,.T.);
#11701 = EDGE_CURVE('',#11694,#11676,#11702,.T.);
#11702 = LINE('',#11703,#11704);
#11703 = CARTESIAN_POINT('',(-5.575,-0.285,-5.E-02));
#11704 = VECTOR('',#11705,1.);
#11705 = DIRECTION('',(1.,0.,0.));
#11706 = FACE_BOUND('',#11707,.T.);
#11707 = EDGE_LOOP('',(#11708,#11718,#11726,#11734));
#11708 = ORIENTED_EDGE('',*,*,#11709,.T.);
#11709 = EDGE_CURVE('',#11710,#11712,#11714,.T.);
#11710 = VERTEX_POINT('',#11711);
#11711 = CARTESIAN_POINT('',(5.575,-0.285,-5.E-02));
#11712 = VERTEX_POINT('',#11713);
#11713 = CARTESIAN_POINT('',(5.575,2.315,-5.E-02));
#11714 = LINE('',#11715,#11716);
#11715 = CARTESIAN_POINT('',(5.575,-0.285,-5.E-02));
#11716 = VECTOR('',#11717,1.);
#11717 = DIRECTION('',(0.,1.,0.));
#11718 = ORIENTED_EDGE('',*,*,#11719,.T.);
#11719 = EDGE_CURVE('',#11712,#11720,#11722,.T.);
#11720 = VERTEX_POINT('',#11721);
#11721 = CARTESIAN_POINT('',(3.975,2.315,-5.E-02));
#11722 = LINE('',#11723,#11724);
#11723 = CARTESIAN_POINT('',(5.575,2.315,-5.E-02));
#11724 = VECTOR('',#11725,1.);
#11725 = DIRECTION('',(-1.,0.,0.));
#11726 = ORIENTED_EDGE('',*,*,#11727,.T.);
#11727 = EDGE_CURVE('',#11720,#11728,#11730,.T.);
#11728 = VERTEX_POINT('',#11729);
#11729 = CARTESIAN_POINT('',(3.975,-0.285,-5.E-02));
#11730 = LINE('',#11731,#11732);
#11731 = CARTESIAN_POINT('',(3.975,2.315,-5.E-02));
#11732 = VECTOR('',#11733,1.);
#11733 = DIRECTION('',(0.,-1.,0.));
#11734 = ORIENTED_EDGE('',*,*,#11735,.T.);
#11735 = EDGE_CURVE('',#11728,#11710,#11736,.T.);
#11736 = LINE('',#11737,#11738);
#11737 = CARTESIAN_POINT('',(3.975,-0.285,-5.E-02));
#11738 = VECTOR('',#11739,1.);
#11739 = DIRECTION('',(1.,0.,0.));
#11740 = FACE_BOUND('',#11741,.T.);
#11741 = EDGE_LOOP('',(#11742,#11753,#11761,#11770));
#11742 = ORIENTED_EDGE('',*,*,#11743,.T.);
#11743 = EDGE_CURVE('',#11744,#11746,#11748,.T.);
#11744 = VERTEX_POINT('',#11745);
#11745 = CARTESIAN_POINT('',(0.5,-8.5E-02,-5.E-02));
#11746 = VERTEX_POINT('',#11747);
#11747 = CARTESIAN_POINT('',(0.5,1.515,-5.E-02));
#11748 = CIRCLE('',#11749,0.8);
#11749 = AXIS2_PLACEMENT_3D('',#11750,#11751,#11752);
#11750 = CARTESIAN_POINT('',(0.500000247002,0.715,-5.E-02));
#11751 = DIRECTION('',(0.,0.,1.));
#11752 = DIRECTION('',(-3.087522673639E-07,-1.,0.));
#11753 = ORIENTED_EDGE('',*,*,#11754,.T.);
#11754 = EDGE_CURVE('',#11746,#11755,#11757,.T.);
#11755 = VERTEX_POINT('',#11756);
#11756 = CARTESIAN_POINT('',(-0.5,1.515,-5.E-02));
#11757 = LINE('',#11758,#11759);
#11758 = CARTESIAN_POINT('',(0.5,1.515,-5.E-02));
#11759 = VECTOR('',#11760,1.);
#11760 = DIRECTION('',(-1.,0.,0.));
#11761 = ORIENTED_EDGE('',*,*,#11762,.T.);
#11762 = EDGE_CURVE('',#11755,#11763,#11765,.T.);
#11763 = VERTEX_POINT('',#11764);
#11764 = CARTESIAN_POINT('',(-0.5,-8.5E-02,-5.E-02));
#11765 = CIRCLE('',#11766,0.8);
#11766 = AXIS2_PLACEMENT_3D('',#11767,#11768,#11769);
#11767 = CARTESIAN_POINT('',(-0.500000247002,0.715,-5.E-02));
#11768 = DIRECTION('',(0.,0.,1.));
#11769 = DIRECTION('',(3.087522673639E-07,1.,-0.));
#11770 = ORIENTED_EDGE('',*,*,#11771,.T.);
#11771 = EDGE_CURVE('',#11763,#11744,#11772,.T.);
#11772 = LINE('',#11773,#11774);
#11773 = CARTESIAN_POINT('',(-0.5,-8.5E-02,-5.E-02));
#11774 = VECTOR('',#11775,1.);
#11775 = DIRECTION('',(1.,0.,0.));
#11776 = FACE_BOUND('',#11777,.T.);
#11777 = EDGE_LOOP('',(#11778,#11788,#11796,#11804,#11812,#11820,#11828,
    #11836,#11844,#11852,#11860,#11868,#11876,#11884));
#11778 = ORIENTED_EDGE('',*,*,#11779,.T.);
#11779 = EDGE_CURVE('',#11780,#11782,#11784,.T.);
#11780 = VERTEX_POINT('',#11781);
#11781 = CARTESIAN_POINT('',(6.101,7.867,-5.E-02));
#11782 = VERTEX_POINT('',#11783);
#11783 = CARTESIAN_POINT('',(6.097913,7.871619,-5.E-02));
#11784 = LINE('',#11785,#11786);
#11785 = CARTESIAN_POINT('',(6.101,7.867,-5.E-02));
#11786 = VECTOR('',#11787,1.);
#11787 = DIRECTION('',(-0.555655206939,0.831412828264,0.));
#11788 = ORIENTED_EDGE('',*,*,#11789,.T.);
#11789 = EDGE_CURVE('',#11782,#11790,#11792,.T.);
#11790 = VERTEX_POINT('',#11791);
#11791 = CARTESIAN_POINT('',(-6.096,7.872,-5.E-02));
#11792 = LINE('',#11793,#11794);
#11793 = CARTESIAN_POINT('',(6.097913,7.871619,-5.E-02));
#11794 = VECTOR('',#11795,1.);
#11795 = DIRECTION('',(-0.999999999512,3.124509743624E-05,0.));
#11796 = ORIENTED_EDGE('',*,*,#11797,.T.);
#11797 = EDGE_CURVE('',#11790,#11798,#11800,.T.);
#11798 = VERTEX_POINT('',#11799);
#11799 = CARTESIAN_POINT('',(-6.100619,7.868913,-5.E-02));
#11800 = LINE('',#11801,#11802);
#11801 = CARTESIAN_POINT('',(-6.096,7.872,-5.E-02));
#11802 = VECTOR('',#11803,1.);
#11803 = DIRECTION('',(-0.831412828264,-0.555655206939,0.));
#11804 = ORIENTED_EDGE('',*,*,#11805,.T.);
#11805 = EDGE_CURVE('',#11798,#11806,#11808,.T.);
#11806 = VERTEX_POINT('',#11807);
#11807 = CARTESIAN_POINT('',(-6.101,2.787,-5.E-02));
#11808 = LINE('',#11809,#11810);
#11809 = CARTESIAN_POINT('',(-6.100619,7.868913,-5.E-02));
#11810 = VECTOR('',#11811,1.);
#11811 = DIRECTION('',(-7.49717673107E-05,-0.99999999719,0.));
#11812 = ORIENTED_EDGE('',*,*,#11813,.T.);
#11813 = EDGE_CURVE('',#11806,#11814,#11816,.T.);
#11814 = VERTEX_POINT('',#11815);
#11815 = CARTESIAN_POINT('',(-6.097913,2.782381,-5.E-02));
#11816 = LINE('',#11817,#11818);
#11817 = CARTESIAN_POINT('',(-6.101,2.787,-5.E-02));
#11818 = VECTOR('',#11819,1.);
#11819 = DIRECTION('',(0.555655206939,-0.831412828264,0.));
#11820 = ORIENTED_EDGE('',*,*,#11821,.T.);
#11821 = EDGE_CURVE('',#11814,#11822,#11824,.T.);
#11822 = VERTEX_POINT('',#11823);
#11823 = CARTESIAN_POINT('',(-4.318,2.782,-5.E-02));
#11824 = LINE('',#11825,#11826);
#11825 = CARTESIAN_POINT('',(-6.097913,2.782381,-5.E-02));
#11826 = VECTOR('',#11827,1.);
#11827 = DIRECTION('',(0.99999997709,-2.140554011748E-04,0.));
#11828 = ORIENTED_EDGE('',*,*,#11829,.T.);
#11829 = EDGE_CURVE('',#11822,#11830,#11832,.T.);
#11830 = VERTEX_POINT('',#11831);
#11831 = CARTESIAN_POINT('',(-4.313381,2.785087,-5.E-02));
#11832 = LINE('',#11833,#11834);
#11833 = CARTESIAN_POINT('',(-4.318,2.782,-5.E-02));
#11834 = VECTOR('',#11835,1.);
#11835 = DIRECTION('',(0.831412828264,0.555655206939,0.));
#11836 = ORIENTED_EDGE('',*,*,#11837,.T.);
#11837 = EDGE_CURVE('',#11830,#11838,#11840,.T.);
#11838 = VERTEX_POINT('',#11839);
#11839 = CARTESIAN_POINT('',(-4.313,5.212,-5.E-02));
#11840 = LINE('',#11841,#11842);
#11841 = CARTESIAN_POINT('',(-4.313381,2.785087,-5.E-02));
#11842 = VECTOR('',#11843,1.);
#11843 = DIRECTION('',(1.569895564056E-04,0.999999987677,0.));
#11844 = ORIENTED_EDGE('',*,*,#11845,.T.);
#11845 = EDGE_CURVE('',#11838,#11846,#11848,.T.);
#11846 = VERTEX_POINT('',#11847);
#11847 = CARTESIAN_POINT('',(4.313,5.212,-5.E-02));
#11848 = LINE('',#11849,#11850);
#11849 = CARTESIAN_POINT('',(-4.313,5.212,-5.E-02));
#11850 = VECTOR('',#11851,1.);
#11851 = DIRECTION('',(1.,0.,0.));
#11852 = ORIENTED_EDGE('',*,*,#11853,.T.);
#11853 = EDGE_CURVE('',#11846,#11854,#11856,.T.);
#11854 = VERTEX_POINT('',#11855);
#11855 = CARTESIAN_POINT('',(4.313,2.787,-5.E-02));
#11856 = LINE('',#11857,#11858);
#11857 = CARTESIAN_POINT('',(4.313,5.212,-5.E-02));
#11858 = VECTOR('',#11859,1.);
#11859 = DIRECTION('',(0.,-1.,0.));
#11860 = ORIENTED_EDGE('',*,*,#11861,.T.);
#11861 = EDGE_CURVE('',#11854,#11862,#11864,.T.);
#11862 = VERTEX_POINT('',#11863);
#11863 = CARTESIAN_POINT('',(4.316087,2.782381,-5.E-02));
#11864 = LINE('',#11865,#11866);
#11865 = CARTESIAN_POINT('',(4.313,2.787,-5.E-02));
#11866 = VECTOR('',#11867,1.);
#11867 = DIRECTION('',(0.555655206939,-0.831412828264,0.));
#11868 = ORIENTED_EDGE('',*,*,#11869,.T.);
#11869 = EDGE_CURVE('',#11862,#11870,#11872,.T.);
#11870 = VERTEX_POINT('',#11871);
#11871 = CARTESIAN_POINT('',(6.096,2.782,-5.E-02));
#11872 = LINE('',#11873,#11874);
#11873 = CARTESIAN_POINT('',(4.316087,2.782381,-5.E-02));
#11874 = VECTOR('',#11875,1.);
#11875 = DIRECTION('',(0.99999997709,-2.140554011748E-04,0.));
#11876 = ORIENTED_EDGE('',*,*,#11877,.T.);
#11877 = EDGE_CURVE('',#11870,#11878,#11880,.T.);
#11878 = VERTEX_POINT('',#11879);
#11879 = CARTESIAN_POINT('',(6.100619,2.785087,-5.E-02));
#11880 = LINE('',#11881,#11882);
#11881 = CARTESIAN_POINT('',(6.096,2.782,-5.E-02));
#11882 = VECTOR('',#11883,1.);
#11883 = DIRECTION('',(0.831412828264,0.555655206939,0.));
#11884 = ORIENTED_EDGE('',*,*,#11885,.T.);
#11885 = EDGE_CURVE('',#11878,#11780,#11886,.T.);
#11886 = LINE('',#11887,#11888);
#11887 = CARTESIAN_POINT('',(6.100619,2.785087,-5.E-02));
#11888 = VECTOR('',#11889,1.);
#11889 = DIRECTION('',(7.49717673107E-05,0.99999999719,0.));
#11890 = FACE_BOUND('',#11891,.T.);
#11891 = EDGE_LOOP('',(#11892,#11903,#11911,#11920));
#11892 = ORIENTED_EDGE('',*,*,#11893,.T.);
#11893 = EDGE_CURVE('',#11894,#11896,#11898,.T.);
#11894 = VERTEX_POINT('',#11895);
#11895 = CARTESIAN_POINT('',(-2.275,3.315,-5.E-02));
#11896 = VERTEX_POINT('',#11897);
#11897 = CARTESIAN_POINT('',(-2.275,4.915,-5.E-02));
#11898 = CIRCLE('',#11899,0.8);
#11899 = AXIS2_PLACEMENT_3D('',#11900,#11901,#11902);
#11900 = CARTESIAN_POINT('',(-2.274999752998,4.115,-5.E-02));
#11901 = DIRECTION('',(0.,0.,1.));
#11902 = DIRECTION('',(-3.087522665312E-07,-1.,0.));
#11903 = ORIENTED_EDGE('',*,*,#11904,.T.);
#11904 = EDGE_CURVE('',#11896,#11905,#11907,.T.);
#11905 = VERTEX_POINT('',#11906);
#11906 = CARTESIAN_POINT('',(-3.275,4.915,-5.E-02));
#11907 = LINE('',#11908,#11909);
#11908 = CARTESIAN_POINT('',(-2.275,4.915,-5.E-02));
#11909 = VECTOR('',#11910,1.);
#11910 = DIRECTION('',(-1.,0.,0.));
#11911 = ORIENTED_EDGE('',*,*,#11912,.T.);
#11912 = EDGE_CURVE('',#11905,#11913,#11915,.T.);
#11913 = VERTEX_POINT('',#11914);
#11914 = CARTESIAN_POINT('',(-3.275,3.315,-5.E-02));
#11915 = CIRCLE('',#11916,0.8);
#11916 = AXIS2_PLACEMENT_3D('',#11917,#11918,#11919);
#11917 = CARTESIAN_POINT('',(-3.275000247002,4.115,-5.E-02));
#11918 = DIRECTION('',(0.,0.,1.));
#11919 = DIRECTION('',(3.087522670864E-07,1.,-0.));
#11920 = ORIENTED_EDGE('',*,*,#11921,.T.);
#11921 = EDGE_CURVE('',#11913,#11894,#11922,.T.);
#11922 = LINE('',#11923,#11924);
#11923 = CARTESIAN_POINT('',(-3.275,3.315,-5.E-02));
#11924 = VECTOR('',#11925,1.);
#11925 = DIRECTION('',(1.,0.,0.));
#11926 = FACE_BOUND('',#11927,.T.);
#11927 = EDGE_LOOP('',(#11928,#11939,#11947,#11956));
#11928 = ORIENTED_EDGE('',*,*,#11929,.T.);
#11929 = EDGE_CURVE('',#11930,#11932,#11934,.T.);
#11930 = VERTEX_POINT('',#11931);
#11931 = CARTESIAN_POINT('',(3.275,3.315,-5.E-02));
#11932 = VERTEX_POINT('',#11933);
#11933 = CARTESIAN_POINT('',(3.275,4.915,-5.E-02));
#11934 = CIRCLE('',#11935,0.8);
#11935 = AXIS2_PLACEMENT_3D('',#11936,#11937,#11938);
#11936 = CARTESIAN_POINT('',(3.275000247002,4.115,-5.E-02));
#11937 = DIRECTION('',(0.,0.,1.));
#11938 = DIRECTION('',(-3.087522670864E-07,-1.,0.));
#11939 = ORIENTED_EDGE('',*,*,#11940,.T.);
#11940 = EDGE_CURVE('',#11932,#11941,#11943,.T.);
#11941 = VERTEX_POINT('',#11942);
#11942 = CARTESIAN_POINT('',(2.275,4.915,-5.E-02));
#11943 = LINE('',#11944,#11945);
#11944 = CARTESIAN_POINT('',(3.275,4.915,-5.E-02));
#11945 = VECTOR('',#11946,1.);
#11946 = DIRECTION('',(-1.,0.,0.));
#11947 = ORIENTED_EDGE('',*,*,#11948,.T.);
#11948 = EDGE_CURVE('',#11941,#11949,#11951,.T.);
#11949 = VERTEX_POINT('',#11950);
#11950 = CARTESIAN_POINT('',(2.275,3.315,-5.E-02));
#11951 = CIRCLE('',#11952,0.8);
#11952 = AXIS2_PLACEMENT_3D('',#11953,#11954,#11955);
#11953 = CARTESIAN_POINT('',(2.274999752998,4.115,-5.E-02));
#11954 = DIRECTION('',(0.,0.,1.));
#11955 = DIRECTION('',(3.087522665313E-07,1.,-0.));
#11956 = ORIENTED_EDGE('',*,*,#11957,.T.);
#11957 = EDGE_CURVE('',#11949,#11930,#11958,.T.);
#11958 = LINE('',#11959,#11960);
#11959 = CARTESIAN_POINT('',(2.275,3.315,-5.E-02));
#11960 = VECTOR('',#11961,1.);
#11961 = DIRECTION('',(1.,0.,0.));
#11962 = FACE_BOUND('',#11963,.T.);
#11963 = EDGE_LOOP('',(#11964));
#11964 = ORIENTED_EDGE('',*,*,#11965,.T.);
#11965 = EDGE_CURVE('',#11966,#11966,#11968,.T.);
#11966 = VERTEX_POINT('',#11967);
#11967 = CARTESIAN_POINT('',(0.799999,4.115,-5.E-02));
#11968 = CIRCLE('',#11969,0.799999);
#11969 = AXIS2_PLACEMENT_3D('',#11970,#11971,#11972);
#11970 = CARTESIAN_POINT('',(0.,4.115,-5.E-02));
#11971 = DIRECTION('',(0.,0.,1.));
#11972 = DIRECTION('',(1.,0.,-0.));
#11973 = PLANE('',#11974);
#11974 = AXIS2_PLACEMENT_3D('',#11975,#11976,#11977);
#11975 = CARTESIAN_POINT('',(0.,0.,-5.E-02));
#11976 = DIRECTION('',(-0.,-0.,-1.));
#11977 = DIRECTION('',(-1.,0.,0.));
#11978 = ( GEOMETRIC_REPRESENTATION_CONTEXT(3) 
GLOBAL_UNCERTAINTY_ASSIGNED_CONTEXT((#11982)) 
GLOBAL_UNIT_ASSIGNED_CONTEXT((#11979,#11980,#11981)) 
REPRESENTATION_CONTEXT('Context #1',
  '3D Context with UNIT and UNCERTAINTY') );
#11979 = ( LENGTH_UNIT() NAMED_UNIT(*) SI_UNIT(.MILLI.,.METRE.) );
#11980 = ( NAMED_UNIT(*) PLANE_ANGLE_UNIT() SI_UNIT($,.RADIAN.) );
#11981 = ( NAMED_UNIT(*) SI_UNIT($,.STERADIAN.) SOLID_ANGLE_UNIT() );
#11982 = UNCERTAINTY_MEASURE_WITH_UNIT(LENGTH_MEASURE(1.E-07),#11979,
  'distance_accuracy_value','confusion accuracy');
#11983 = CONTEXT_DEPENDENT_SHAPE_REPRESENTATION(#11984,#11986);
#11984 = ( REPRESENTATION_RELATIONSHIP('','',#11508,#10) 
REPRESENTATION_RELATIONSHIP_WITH_TRANSFORMATION(#11985) 
SHAPE_REPRESENTATION_RELATIONSHIP() );
#11985 = ITEM_DEFINED_TRANSFORMATION('','',#11,#31);
#11986 = PRODUCT_DEFINITION_SHAPE('Placement','Placement of an item',
  #11987);
#11987 = NEXT_ASSEMBLY_USAGE_OCCURRENCE('18','=>[0:1:1:19]','',#5,#11503
  ,$);
#11988 = PRODUCT_RELATED_PRODUCT_CATEGORY('part',$,(#11505));
#11989 = SHAPE_DEFINITION_REPRESENTATION(#11990,#11996);
#11990 = PRODUCT_DEFINITION_SHAPE('','',#11991);
#11991 = PRODUCT_DEFINITION('design','',#11992,#11995);
#11992 = PRODUCT_DEFINITION_FORMATION('','',#11993);
#11993 = PRODUCT('Barrel-unsaved-export-6gLF2A_PCB',
  'Barrel-unsaved-export-6gLF2A_PCB','',(#11994));
#11994 = PRODUCT_CONTEXT('',#2,'mechanical');
#11995 = PRODUCT_DEFINITION_CONTEXT('part definition',#2,'design');
#11996 = ADVANCED_BREP_SHAPE_REPRESENTATION('',(#11,#11997),#13384);
#11997 = MANIFOLD_SOLID_BREP('',#11998);
#11998 = CLOSED_SHELL('',(#11999,#12039,#12070,#12101,#12439,#12777,
    #12789,#12811,#12828,#12845,#12857,#12874,#12891,#12913,#12930,
    #12947,#12959,#12981,#12998,#13015,#13027,#13049,#13066,#13083,
    #13095,#13117,#13134,#13151,#13163,#13185,#13202,#13219,#13231,
    #13253,#13270,#13287,#13299,#13316,#13338,#13355,#13372));
#11999 = ADVANCED_FACE('',(#12000),#12034,.T.);
#12000 = FACE_BOUND('',#12001,.T.);
#12001 = EDGE_LOOP('',(#12002,#12012,#12020,#12028));
#12002 = ORIENTED_EDGE('',*,*,#12003,.T.);
#12003 = EDGE_CURVE('',#12004,#12006,#12008,.T.);
#12004 = VERTEX_POINT('',#12005);
#12005 = CARTESIAN_POINT('',(6.35,-8.121,0.));
#12006 = VERTEX_POINT('',#12007);
#12007 = CARTESIAN_POINT('',(6.35,-8.121,0.91));
#12008 = LINE('',#12009,#12010);
#12009 = CARTESIAN_POINT('',(6.35,-8.121,0.));
#12010 = VECTOR('',#12011,1.);
#12011 = DIRECTION('',(0.,0.,1.));
#12012 = ORIENTED_EDGE('',*,*,#12013,.T.);
#12013 = EDGE_CURVE('',#12006,#12014,#12016,.T.);
#12014 = VERTEX_POINT('',#12015);
#12015 = CARTESIAN_POINT('',(-6.35,-8.121,0.91));
#12016 = LINE('',#12017,#12018);
#12017 = CARTESIAN_POINT('',(6.35,-8.121,0.91));
#12018 = VECTOR('',#12019,1.);
#12019 = DIRECTION('',(-1.,0.,0.));
#12020 = ORIENTED_EDGE('',*,*,#12021,.F.);
#12021 = EDGE_CURVE('',#12022,#12014,#12024,.T.);
#12022 = VERTEX_POINT('',#12023);
#12023 = CARTESIAN_POINT('',(-6.35,-8.121,0.));
#12024 = LINE('',#12025,#12026);
#12025 = CARTESIAN_POINT('',(-6.35,-8.121,0.));
#12026 = VECTOR('',#12027,1.);
#12027 = DIRECTION('',(0.,0.,1.));
#12028 = ORIENTED_EDGE('',*,*,#12029,.F.);
#12029 = EDGE_CURVE('',#12004,#12022,#12030,.T.);
#12030 = LINE('',#12031,#12032);
#12031 = CARTESIAN_POINT('',(6.35,-8.121,0.));
#12032 = VECTOR('',#12033,1.);
#12033 = DIRECTION('',(-1.,0.,0.));
#12034 = PLANE('',#12035);
#12035 = AXIS2_PLACEMENT_3D('',#12036,#12037,#12038);
#12036 = CARTESIAN_POINT('',(6.35,-8.121,0.));
#12037 = DIRECTION('',(0.,-1.,0.));
#12038 = DIRECTION('',(-1.,0.,0.));
#12039 = ADVANCED_FACE('',(#12040),#12065,.T.);
#12040 = FACE_BOUND('',#12041,.T.);
#12041 = EDGE_LOOP('',(#12042,#12052,#12058,#12059));
#12042 = ORIENTED_EDGE('',*,*,#12043,.T.);
#12043 = EDGE_CURVE('',#12044,#12046,#12048,.T.);
#12044 = VERTEX_POINT('',#12045);
#12045 = CARTESIAN_POINT('',(6.35,8.121,0.));
#12046 = VERTEX_POINT('',#12047);
#12047 = CARTESIAN_POINT('',(6.35,8.121,0.91));
#12048 = LINE('',#12049,#12050);
#12049 = CARTESIAN_POINT('',(6.35,8.121,0.));
#12050 = VECTOR('',#12051,1.);
#12051 = DIRECTION('',(0.,0.,1.));
#12052 = ORIENTED_EDGE('',*,*,#12053,.T.);
#12053 = EDGE_CURVE('',#12046,#12006,#12054,.T.);
#12054 = LINE('',#12055,#12056);
#12055 = CARTESIAN_POINT('',(6.35,8.121,0.91));
#12056 = VECTOR('',#12057,1.);
#12057 = DIRECTION('',(0.,-1.,0.));
#12058 = ORIENTED_EDGE('',*,*,#12003,.F.);
#12059 = ORIENTED_EDGE('',*,*,#12060,.F.);
#12060 = EDGE_CURVE('',#12044,#12004,#12061,.T.);
#12061 = LINE('',#12062,#12063);
#12062 = CARTESIAN_POINT('',(6.35,8.121,0.));
#12063 = VECTOR('',#12064,1.);
#12064 = DIRECTION('',(0.,-1.,0.));
#12065 = PLANE('',#12066);
#12066 = AXIS2_PLACEMENT_3D('',#12067,#12068,#12069);
#12067 = CARTESIAN_POINT('',(6.35,8.121,0.));
#12068 = DIRECTION('',(1.,0.,-0.));
#12069 = DIRECTION('',(0.,-1.,0.));
#12070 = ADVANCED_FACE('',(#12071),#12096,.T.);
#12071 = FACE_BOUND('',#12072,.T.);
#12072 = EDGE_LOOP('',(#12073,#12074,#12082,#12090));
#12073 = ORIENTED_EDGE('',*,*,#12021,.T.);
#12074 = ORIENTED_EDGE('',*,*,#12075,.T.);
#12075 = EDGE_CURVE('',#12014,#12076,#12078,.T.);
#12076 = VERTEX_POINT('',#12077);
#12077 = CARTESIAN_POINT('',(-6.35,8.121,0.91));
#12078 = LINE('',#12079,#12080);
#12079 = CARTESIAN_POINT('',(-6.35,-8.121,0.91));
#12080 = VECTOR('',#12081,1.);
#12081 = DIRECTION('',(0.,1.,0.));
#12082 = ORIENTED_EDGE('',*,*,#12083,.F.);
#12083 = EDGE_CURVE('',#12084,#12076,#12086,.T.);
#12084 = VERTEX_POINT('',#12085);
#12085 = CARTESIAN_POINT('',(-6.35,8.121,0.));
#12086 = LINE('',#12087,#12088);
#12087 = CARTESIAN_POINT('',(-6.35,8.121,0.));
#12088 = VECTOR('',#12089,1.);
#12089 = DIRECTION('',(0.,0.,1.));
#12090 = ORIENTED_EDGE('',*,*,#12091,.F.);
#12091 = EDGE_CURVE('',#12022,#12084,#12092,.T.);
#12092 = LINE('',#12093,#12094);
#12093 = CARTESIAN_POINT('',(-6.35,-8.121,0.));
#12094 = VECTOR('',#12095,1.);
#12095 = DIRECTION('',(0.,1.,0.));
#12096 = PLANE('',#12097);
#12097 = AXIS2_PLACEMENT_3D('',#12098,#12099,#12100);
#12098 = CARTESIAN_POINT('',(-6.35,-8.121,0.));
#12099 = DIRECTION('',(-1.,0.,0.));
#12100 = DIRECTION('',(0.,1.,0.));
#12101 = ADVANCED_FACE('',(#12102,#12113,#12149,#12160,#12171,#12207,
    #12243,#12279,#12315,#12351,#12387,#12398),#12434,.F.);
#12102 = FACE_BOUND('',#12103,.F.);
#12103 = EDGE_LOOP('',(#12104,#12105,#12106,#12112));
#12104 = ORIENTED_EDGE('',*,*,#12029,.F.);
#12105 = ORIENTED_EDGE('',*,*,#12060,.F.);
#12106 = ORIENTED_EDGE('',*,*,#12107,.F.);
#12107 = EDGE_CURVE('',#12084,#12044,#12108,.T.);
#12108 = LINE('',#12109,#12110);
#12109 = CARTESIAN_POINT('',(-6.35,8.121,0.));
#12110 = VECTOR('',#12111,1.);
#12111 = DIRECTION('',(1.,0.,0.));
#12112 = ORIENTED_EDGE('',*,*,#12091,.F.);
#12113 = FACE_BOUND('',#12114,.F.);
#12114 = EDGE_LOOP('',(#12115,#12126,#12134,#12143));
#12115 = ORIENTED_EDGE('',*,*,#12116,.T.);
#12116 = EDGE_CURVE('',#12117,#12119,#12121,.T.);
#12117 = VERTEX_POINT('',#12118);
#12118 = CARTESIAN_POINT('',(-4.575,-5.885,0.));
#12119 = VERTEX_POINT('',#12120);
#12120 = CARTESIAN_POINT('',(-4.975,-5.885,0.));
#12121 = CIRCLE('',#12122,0.2);
#12122 = AXIS2_PLACEMENT_3D('',#12123,#12124,#12125);
#12123 = CARTESIAN_POINT('',(-4.775,-5.885,0.));
#12124 = DIRECTION('',(-0.,0.,-1.));
#12125 = DIRECTION('',(-1.,0.,0.));
#12126 = ORIENTED_EDGE('',*,*,#12127,.T.);
#12127 = EDGE_CURVE('',#12119,#12128,#12130,.T.);
#12128 = VERTEX_POINT('',#12129);
#12129 = CARTESIAN_POINT('',(-4.975,-4.885,0.));
#12130 = LINE('',#12131,#12132);
#12131 = CARTESIAN_POINT('',(-4.975,-2.4425,0.));
#12132 = VECTOR('',#12133,1.);
#12133 = DIRECTION('',(-0.,1.,0.));
#12134 = ORIENTED_EDGE('',*,*,#12135,.T.);
#12135 = EDGE_CURVE('',#12128,#12136,#12138,.T.);
#12136 = VERTEX_POINT('',#12137);
#12137 = CARTESIAN_POINT('',(-4.575,-4.885,0.));
#12138 = CIRCLE('',#12139,0.2);
#12139 = AXIS2_PLACEMENT_3D('',#12140,#12141,#12142);
#12140 = CARTESIAN_POINT('',(-4.775,-4.885,0.));
#12141 = DIRECTION('',(0.,-0.,-1.));
#12142 = DIRECTION('',(1.,0.,-0.));
#12143 = ORIENTED_EDGE('',*,*,#12144,.T.);
#12144 = EDGE_CURVE('',#12136,#12117,#12145,.T.);
#12145 = LINE('',#12146,#12147);
#12146 = CARTESIAN_POINT('',(-4.575,-2.9425,0.));
#12147 = VECTOR('',#12148,1.);
#12148 = DIRECTION('',(0.,-1.,0.));
#12149 = FACE_BOUND('',#12150,.F.);
#12150 = EDGE_LOOP('',(#12151));
#12151 = ORIENTED_EDGE('',*,*,#12152,.T.);
#12152 = EDGE_CURVE('',#12153,#12153,#12155,.T.);
#12153 = VERTEX_POINT('',#12154);
#12154 = CARTESIAN_POINT('',(-1.725,-6.035,0.));
#12155 = CIRCLE('',#12156,0.6);
#12156 = AXIS2_PLACEMENT_3D('',#12157,#12158,#12159);
#12157 = CARTESIAN_POINT('',(-1.725,-5.435,0.));
#12158 = DIRECTION('',(-0.,0.,-1.));
#12159 = DIRECTION('',(-0.,-1.,0.));
#12160 = FACE_BOUND('',#12161,.F.);
#12161 = EDGE_LOOP('',(#12162));
#12162 = ORIENTED_EDGE('',*,*,#12163,.T.);
#12163 = EDGE_CURVE('',#12164,#12164,#12166,.T.);
#12164 = VERTEX_POINT('',#12165);
#12165 = CARTESIAN_POINT('',(1.725,-6.035,0.));
#12166 = CIRCLE('',#12167,0.6);
#12167 = AXIS2_PLACEMENT_3D('',#12168,#12169,#12170);
#12168 = CARTESIAN_POINT('',(1.725,-5.435,0.));
#12169 = DIRECTION('',(-0.,0.,-1.));
#12170 = DIRECTION('',(-0.,-1.,0.));
#12171 = FACE_BOUND('',#12172,.F.);
#12172 = EDGE_LOOP('',(#12173,#12184,#12192,#12201));
#12173 = ORIENTED_EDGE('',*,*,#12174,.T.);
#12174 = EDGE_CURVE('',#12175,#12177,#12179,.T.);
#12175 = VERTEX_POINT('',#12176);
#12176 = CARTESIAN_POINT('',(4.975,-5.885,0.));
#12177 = VERTEX_POINT('',#12178);
#12178 = CARTESIAN_POINT('',(4.575,-5.885,0.));
#12179 = CIRCLE('',#12180,0.2);
#12180 = AXIS2_PLACEMENT_3D('',#12181,#12182,#12183);
#12181 = CARTESIAN_POINT('',(4.775,-5.885,0.));
#12182 = DIRECTION('',(-0.,0.,-1.));
#12183 = DIRECTION('',(-1.,0.,0.));
#12184 = ORIENTED_EDGE('',*,*,#12185,.T.);
#12185 = EDGE_CURVE('',#12177,#12186,#12188,.T.);
#12186 = VERTEX_POINT('',#12187);
#12187 = CARTESIAN_POINT('',(4.575,-4.885,0.));
#12188 = LINE('',#12189,#12190);
#12189 = CARTESIAN_POINT('',(4.575,-2.4425,0.));
#12190 = VECTOR('',#12191,1.);
#12191 = DIRECTION('',(-0.,1.,0.));
#12192 = ORIENTED_EDGE('',*,*,#12193,.T.);
#12193 = EDGE_CURVE('',#12186,#12194,#12196,.T.);
#12194 = VERTEX_POINT('',#12195);
#12195 = CARTESIAN_POINT('',(4.975,-4.885,0.));
#12196 = CIRCLE('',#12197,0.2);
#12197 = AXIS2_PLACEMENT_3D('',#12198,#12199,#12200);
#12198 = CARTESIAN_POINT('',(4.775,-4.885,0.));
#12199 = DIRECTION('',(0.,-0.,-1.));
#12200 = DIRECTION('',(1.,0.,-0.));
#12201 = ORIENTED_EDGE('',*,*,#12202,.T.);
#12202 = EDGE_CURVE('',#12194,#12175,#12203,.T.);
#12203 = LINE('',#12204,#12205);
#12204 = CARTESIAN_POINT('',(4.975,-2.9425,0.));
#12205 = VECTOR('',#12206,1.);
#12206 = DIRECTION('',(0.,-1.,0.));
#12207 = FACE_BOUND('',#12208,.F.);
#12208 = EDGE_LOOP('',(#12209,#12220,#12228,#12237));
#12209 = ORIENTED_EDGE('',*,*,#12210,.T.);
#12210 = EDGE_CURVE('',#12211,#12213,#12215,.T.);
#12211 = VERTEX_POINT('',#12212);
#12212 = CARTESIAN_POINT('',(0.5,-2.885,0.));
#12213 = VERTEX_POINT('',#12214);
#12214 = CARTESIAN_POINT('',(0.5,-3.285,0.));
#12215 = CIRCLE('',#12216,0.2);
#12216 = AXIS2_PLACEMENT_3D('',#12217,#12218,#12219);
#12217 = CARTESIAN_POINT('',(0.5,-3.085,0.));
#12218 = DIRECTION('',(-0.,0.,-1.));
#12219 = DIRECTION('',(1.110223024625E-15,-1.,-0.));
#12220 = ORIENTED_EDGE('',*,*,#12221,.T.);
#12221 = EDGE_CURVE('',#12213,#12222,#12224,.T.);
#12222 = VERTEX_POINT('',#12223);
#12223 = CARTESIAN_POINT('',(-0.5,-3.285,0.));
#12224 = LINE('',#12225,#12226);
#12225 = CARTESIAN_POINT('',(-0.25,-3.285,0.));
#12226 = VECTOR('',#12227,1.);
#12227 = DIRECTION('',(-1.,0.,0.));
#12228 = ORIENTED_EDGE('',*,*,#12229,.T.);
#12229 = EDGE_CURVE('',#12222,#12230,#12232,.T.);
#12230 = VERTEX_POINT('',#12231);
#12231 = CARTESIAN_POINT('',(-0.5,-2.885,0.));
#12232 = CIRCLE('',#12233,0.2);
#12233 = AXIS2_PLACEMENT_3D('',#12234,#12235,#12236);
#12234 = CARTESIAN_POINT('',(-0.5,-3.085,0.));
#12235 = DIRECTION('',(-0.,0.,-1.));
#12236 = DIRECTION('',(-1.110223024625E-15,1.,0.));
#12237 = ORIENTED_EDGE('',*,*,#12238,.T.);
#12238 = EDGE_CURVE('',#12230,#12211,#12239,.T.);
#12239 = LINE('',#12240,#12241);
#12240 = CARTESIAN_POINT('',(0.25,-2.885,0.));
#12241 = VECTOR('',#12242,1.);
#12242 = DIRECTION('',(1.,0.,-0.));
#12243 = FACE_BOUND('',#12244,.F.);
#12244 = EDGE_LOOP('',(#12245,#12256,#12264,#12273));
#12245 = ORIENTED_EDGE('',*,*,#12246,.T.);
#12246 = EDGE_CURVE('',#12247,#12249,#12251,.T.);
#12247 = VERTEX_POINT('',#12248);
#12248 = CARTESIAN_POINT('',(-4.575,0.515,0.));
#12249 = VERTEX_POINT('',#12250);
#12250 = CARTESIAN_POINT('',(-4.975,0.515,0.));
#12251 = CIRCLE('',#12252,0.2);
#12252 = AXIS2_PLACEMENT_3D('',#12253,#12254,#12255);
#12253 = CARTESIAN_POINT('',(-4.775,0.515,0.));
#12254 = DIRECTION('',(-0.,0.,-1.));
#12255 = DIRECTION('',(-1.,2.22044604925E-15,0.));
#12256 = ORIENTED_EDGE('',*,*,#12257,.T.);
#12257 = EDGE_CURVE('',#12249,#12258,#12260,.T.);
#12258 = VERTEX_POINT('',#12259);
#12259 = CARTESIAN_POINT('',(-4.975,1.515,0.));
#12260 = LINE('',#12261,#12262);
#12261 = CARTESIAN_POINT('',(-4.975,0.7575,0.));
#12262 = VECTOR('',#12263,1.);
#12263 = DIRECTION('',(-0.,1.,0.));
#12264 = ORIENTED_EDGE('',*,*,#12265,.T.);
#12265 = EDGE_CURVE('',#12258,#12266,#12268,.T.);
#12266 = VERTEX_POINT('',#12267);
#12267 = CARTESIAN_POINT('',(-4.575,1.515,0.));
#12268 = CIRCLE('',#12269,0.2);
#12269 = AXIS2_PLACEMENT_3D('',#12270,#12271,#12272);
#12270 = CARTESIAN_POINT('',(-4.775,1.515,0.));
#12271 = DIRECTION('',(0.,-0.,-1.));
#12272 = DIRECTION('',(1.,-3.330669073875E-15,0.));
#12273 = ORIENTED_EDGE('',*,*,#12274,.T.);
#12274 = EDGE_CURVE('',#12266,#12247,#12275,.T.);
#12275 = LINE('',#12276,#12277);
#12276 = CARTESIAN_POINT('',(-4.575,0.2575,0.));
#12277 = VECTOR('',#12278,1.);
#12278 = DIRECTION('',(0.,-1.,0.));
#12279 = FACE_BOUND('',#12280,.F.);
#12280 = EDGE_LOOP('',(#12281,#12292,#12300,#12309));
#12281 = ORIENTED_EDGE('',*,*,#12282,.T.);
#12282 = EDGE_CURVE('',#12283,#12285,#12287,.T.);
#12283 = VERTEX_POINT('',#12284);
#12284 = CARTESIAN_POINT('',(-2.275,4.315,0.));
#12285 = VERTEX_POINT('',#12286);
#12286 = CARTESIAN_POINT('',(-2.275,3.915,0.));
#12287 = CIRCLE('',#12288,0.2);
#12288 = AXIS2_PLACEMENT_3D('',#12289,#12290,#12291);
#12289 = CARTESIAN_POINT('',(-2.275,4.115,0.));
#12290 = DIRECTION('',(-0.,0.,-1.));
#12291 = DIRECTION('',(-0.,-1.,0.));
#12292 = ORIENTED_EDGE('',*,*,#12293,.T.);
#12293 = EDGE_CURVE('',#12285,#12294,#12296,.T.);
#12294 = VERTEX_POINT('',#12295);
#12295 = CARTESIAN_POINT('',(-3.275,3.915,0.));
#12296 = LINE('',#12297,#12298);
#12297 = CARTESIAN_POINT('',(-1.6375,3.915,0.));
#12298 = VECTOR('',#12299,1.);
#12299 = DIRECTION('',(-1.,0.,0.));
#12300 = ORIENTED_EDGE('',*,*,#12301,.T.);
#12301 = EDGE_CURVE('',#12294,#12302,#12304,.T.);
#12302 = VERTEX_POINT('',#12303);
#12303 = CARTESIAN_POINT('',(-3.275,4.315,0.));
#12304 = CIRCLE('',#12305,0.2);
#12305 = AXIS2_PLACEMENT_3D('',#12306,#12307,#12308);
#12306 = CARTESIAN_POINT('',(-3.275,4.115,0.));
#12307 = DIRECTION('',(0.,-0.,-1.));
#12308 = DIRECTION('',(2.22044604925E-15,1.,-0.));
#12309 = ORIENTED_EDGE('',*,*,#12310,.T.);
#12310 = EDGE_CURVE('',#12302,#12283,#12311,.T.);
#12311 = LINE('',#12312,#12313);
#12312 = CARTESIAN_POINT('',(-1.1375,4.315,0.));
#12313 = VECTOR('',#12314,1.);
#12314 = DIRECTION('',(1.,0.,-0.));
#12315 = FACE_BOUND('',#12316,.F.);
#12316 = EDGE_LOOP('',(#12317,#12328,#12336,#12345));
#12317 = ORIENTED_EDGE('',*,*,#12318,.T.);
#12318 = EDGE_CURVE('',#12319,#12321,#12323,.T.);
#12319 = VERTEX_POINT('',#12320);
#12320 = CARTESIAN_POINT('',(0.5,0.915,0.));
#12321 = VERTEX_POINT('',#12322);
#12322 = CARTESIAN_POINT('',(0.5,0.515,0.));
#12323 = CIRCLE('',#12324,0.2);
#12324 = AXIS2_PLACEMENT_3D('',#12325,#12326,#12327);
#12325 = CARTESIAN_POINT('',(0.5,0.715,0.));
#12326 = DIRECTION('',(-0.,0.,-1.));
#12327 = DIRECTION('',(-0.,-1.,0.));
#12328 = ORIENTED_EDGE('',*,*,#12329,.T.);
#12329 = EDGE_CURVE('',#12321,#12330,#12332,.T.);
#12330 = VERTEX_POINT('',#12331);
#12331 = CARTESIAN_POINT('',(-0.5,0.515,0.));
#12332 = LINE('',#12333,#12334);
#12333 = CARTESIAN_POINT('',(-0.25,0.515,0.));
#12334 = VECTOR('',#12335,1.);
#12335 = DIRECTION('',(-1.,0.,0.));
#12336 = ORIENTED_EDGE('',*,*,#12337,.T.);
#12337 = EDGE_CURVE('',#12330,#12338,#12340,.T.);
#12338 = VERTEX_POINT('',#12339);
#12339 = CARTESIAN_POINT('',(-0.5,0.915,0.));
#12340 = CIRCLE('',#12341,0.2);
#12341 = AXIS2_PLACEMENT_3D('',#12342,#12343,#12344);
#12342 = CARTESIAN_POINT('',(-0.5,0.715,0.));
#12343 = DIRECTION('',(-0.,0.,-1.));
#12344 = DIRECTION('',(0.,1.,0.));
#12345 = ORIENTED_EDGE('',*,*,#12346,.T.);
#12346 = EDGE_CURVE('',#12338,#12319,#12347,.T.);
#12347 = LINE('',#12348,#12349);
#12348 = CARTESIAN_POINT('',(0.25,0.915,0.));
#12349 = VECTOR('',#12350,1.);
#12350 = DIRECTION('',(1.,0.,-0.));
#12351 = FACE_BOUND('',#12352,.F.);
#12352 = EDGE_LOOP('',(#12353,#12364,#12372,#12381));
#12353 = ORIENTED_EDGE('',*,*,#12354,.T.);
#12354 = EDGE_CURVE('',#12355,#12357,#12359,.T.);
#12355 = VERTEX_POINT('',#12356);
#12356 = CARTESIAN_POINT('',(4.975,0.515,0.));
#12357 = VERTEX_POINT('',#12358);
#12358 = CARTESIAN_POINT('',(4.575,0.515,0.));
#12359 = CIRCLE('',#12360,0.2);
#12360 = AXIS2_PLACEMENT_3D('',#12361,#12362,#12363);
#12361 = CARTESIAN_POINT('',(4.775,0.515,0.));
#12362 = DIRECTION('',(-0.,0.,-1.));
#12363 = DIRECTION('',(-1.,2.22044604925E-15,0.));
#12364 = ORIENTED_EDGE('',*,*,#12365,.T.);
#12365 = EDGE_CURVE('',#12357,#12366,#12368,.T.);
#12366 = VERTEX_POINT('',#12367);
#12367 = CARTESIAN_POINT('',(4.575,1.515,0.));
#12368 = LINE('',#12369,#12370);
#12369 = CARTESIAN_POINT('',(4.575,0.7575,0.));
#12370 = VECTOR('',#12371,1.);
#12371 = DIRECTION('',(-0.,1.,0.));
#12372 = ORIENTED_EDGE('',*,*,#12373,.T.);
#12373 = EDGE_CURVE('',#12366,#12374,#12376,.T.);
#12374 = VERTEX_POINT('',#12375);
#12375 = CARTESIAN_POINT('',(4.975,1.515,0.));
#12376 = CIRCLE('',#12377,0.2);
#12377 = AXIS2_PLACEMENT_3D('',#12378,#12379,#12380);
#12378 = CARTESIAN_POINT('',(4.775,1.515,0.));
#12379 = DIRECTION('',(0.,-0.,-1.));
#12380 = DIRECTION('',(1.,-3.330669073875E-15,0.));
#12381 = ORIENTED_EDGE('',*,*,#12382,.T.);
#12382 = EDGE_CURVE('',#12374,#12355,#12383,.T.);
#12383 = LINE('',#12384,#12385);
#12384 = CARTESIAN_POINT('',(4.975,0.2575,0.));
#12385 = VECTOR('',#12386,1.);
#12386 = DIRECTION('',(0.,-1.,0.));
#12387 = FACE_BOUND('',#12388,.F.);
#12388 = EDGE_LOOP('',(#12389));
#12389 = ORIENTED_EDGE('',*,*,#12390,.T.);
#12390 = EDGE_CURVE('',#12391,#12391,#12393,.T.);
#12391 = VERTEX_POINT('',#12392);
#12392 = CARTESIAN_POINT('',(0.,3.815,0.));
#12393 = CIRCLE('',#12394,0.3);
#12394 = AXIS2_PLACEMENT_3D('',#12395,#12396,#12397);
#12395 = CARTESIAN_POINT('',(0.,4.115,0.));
#12396 = DIRECTION('',(-0.,0.,-1.));
#12397 = DIRECTION('',(-0.,-1.,0.));
#12398 = FACE_BOUND('',#12399,.F.);
#12399 = EDGE_LOOP('',(#12400,#12411,#12419,#12428));
#12400 = ORIENTED_EDGE('',*,*,#12401,.T.);
#12401 = EDGE_CURVE('',#12402,#12404,#12406,.T.);
#12402 = VERTEX_POINT('',#12403);
#12403 = CARTESIAN_POINT('',(3.275,4.315,0.));
#12404 = VERTEX_POINT('',#12405);
#12405 = CARTESIAN_POINT('',(3.275,3.915,0.));
#12406 = CIRCLE('',#12407,0.2);
#12407 = AXIS2_PLACEMENT_3D('',#12408,#12409,#12410);
#12408 = CARTESIAN_POINT('',(3.275,4.115,0.));
#12409 = DIRECTION('',(-0.,0.,-1.));
#12410 = DIRECTION('',(-2.22044604925E-15,-1.,0.));
#12411 = ORIENTED_EDGE('',*,*,#12412,.T.);
#12412 = EDGE_CURVE('',#12404,#12413,#12415,.T.);
#12413 = VERTEX_POINT('',#12414);
#12414 = CARTESIAN_POINT('',(2.275,3.915,0.));
#12415 = LINE('',#12416,#12417);
#12416 = CARTESIAN_POINT('',(1.1375,3.915,0.));
#12417 = VECTOR('',#12418,1.);
#12418 = DIRECTION('',(-1.,0.,0.));
#12419 = ORIENTED_EDGE('',*,*,#12420,.T.);
#12420 = EDGE_CURVE('',#12413,#12421,#12423,.T.);
#12421 = VERTEX_POINT('',#12422);
#12422 = CARTESIAN_POINT('',(2.275,4.315,0.));
#12423 = CIRCLE('',#12424,0.2);
#12424 = AXIS2_PLACEMENT_3D('',#12425,#12426,#12427);
#12425 = CARTESIAN_POINT('',(2.275,4.115,0.));
#12426 = DIRECTION('',(-0.,0.,-1.));
#12427 = DIRECTION('',(0.,1.,0.));
#12428 = ORIENTED_EDGE('',*,*,#12429,.T.);
#12429 = EDGE_CURVE('',#12421,#12402,#12430,.T.);
#12430 = LINE('',#12431,#12432);
#12431 = CARTESIAN_POINT('',(1.6375,4.315,0.));
#12432 = VECTOR('',#12433,1.);
#12433 = DIRECTION('',(1.,0.,-0.));
#12434 = PLANE('',#12435);
#12435 = AXIS2_PLACEMENT_3D('',#12436,#12437,#12438);
#12436 = CARTESIAN_POINT('',(0.,0.,0.));
#12437 = DIRECTION('',(0.,0.,1.));
#12438 = DIRECTION('',(1.,0.,-0.));
#12439 = ADVANCED_FACE('',(#12440,#12451,#12487,#12498,#12509,#12545,
    #12581,#12617,#12653,#12689,#12725,#12736),#12772,.T.);
#12440 = FACE_BOUND('',#12441,.T.);
#12441 = EDGE_LOOP('',(#12442,#12443,#12444,#12450));
#12442 = ORIENTED_EDGE('',*,*,#12013,.F.);
#12443 = ORIENTED_EDGE('',*,*,#12053,.F.);
#12444 = ORIENTED_EDGE('',*,*,#12445,.F.);
#12445 = EDGE_CURVE('',#12076,#12046,#12446,.T.);
#12446 = LINE('',#12447,#12448);
#12447 = CARTESIAN_POINT('',(-6.35,8.121,0.91));
#12448 = VECTOR('',#12449,1.);
#12449 = DIRECTION('',(1.,0.,0.));
#12450 = ORIENTED_EDGE('',*,*,#12075,.F.);
#12451 = FACE_BOUND('',#12452,.T.);
#12452 = EDGE_LOOP('',(#12453,#12464,#12472,#12481));
#12453 = ORIENTED_EDGE('',*,*,#12454,.T.);
#12454 = EDGE_CURVE('',#12455,#12457,#12459,.T.);
#12455 = VERTEX_POINT('',#12456);
#12456 = CARTESIAN_POINT('',(-4.575,-5.885,0.91));
#12457 = VERTEX_POINT('',#12458);
#12458 = CARTESIAN_POINT('',(-4.975,-5.885,0.91));
#12459 = CIRCLE('',#12460,0.2);
#12460 = AXIS2_PLACEMENT_3D('',#12461,#12462,#12463);
#12461 = CARTESIAN_POINT('',(-4.775,-5.885,0.91));
#12462 = DIRECTION('',(-0.,0.,-1.));
#12463 = DIRECTION('',(-1.,0.,0.));
#12464 = ORIENTED_EDGE('',*,*,#12465,.T.);
#12465 = EDGE_CURVE('',#12457,#12466,#12468,.T.);
#12466 = VERTEX_POINT('',#12467);
#12467 = CARTESIAN_POINT('',(-4.975,-4.885,0.91));
#12468 = LINE('',#12469,#12470);
#12469 = CARTESIAN_POINT('',(-4.975,-2.4425,0.91));
#12470 = VECTOR('',#12471,1.);
#12471 = DIRECTION('',(-0.,1.,0.));
#12472 = ORIENTED_EDGE('',*,*,#12473,.T.);
#12473 = EDGE_CURVE('',#12466,#12474,#12476,.T.);
#12474 = VERTEX_POINT('',#12475);
#12475 = CARTESIAN_POINT('',(-4.575,-4.885,0.91));
#12476 = CIRCLE('',#12477,0.2);
#12477 = AXIS2_PLACEMENT_3D('',#12478,#12479,#12480);
#12478 = CARTESIAN_POINT('',(-4.775,-4.885,0.91));
#12479 = DIRECTION('',(0.,-0.,-1.));
#12480 = DIRECTION('',(1.,0.,-0.));
#12481 = ORIENTED_EDGE('',*,*,#12482,.T.);
#12482 = EDGE_CURVE('',#12474,#12455,#12483,.T.);
#12483 = LINE('',#12484,#12485);
#12484 = CARTESIAN_POINT('',(-4.575,-2.9425,0.91));
#12485 = VECTOR('',#12486,1.);
#12486 = DIRECTION('',(0.,-1.,0.));
#12487 = FACE_BOUND('',#12488,.T.);
#12488 = EDGE_LOOP('',(#12489));
#12489 = ORIENTED_EDGE('',*,*,#12490,.T.);
#12490 = EDGE_CURVE('',#12491,#12491,#12493,.T.);
#12491 = VERTEX_POINT('',#12492);
#12492 = CARTESIAN_POINT('',(-1.725,-6.035,0.91));
#12493 = CIRCLE('',#12494,0.6);
#12494 = AXIS2_PLACEMENT_3D('',#12495,#12496,#12497);
#12495 = CARTESIAN_POINT('',(-1.725,-5.435,0.91));
#12496 = DIRECTION('',(-0.,0.,-1.));
#12497 = DIRECTION('',(-0.,-1.,0.));
#12498 = FACE_BOUND('',#12499,.T.);
#12499 = EDGE_LOOP('',(#12500));
#12500 = ORIENTED_EDGE('',*,*,#12501,.T.);
#12501 = EDGE_CURVE('',#12502,#12502,#12504,.T.);
#12502 = VERTEX_POINT('',#12503);
#12503 = CARTESIAN_POINT('',(1.725,-6.035,0.91));
#12504 = CIRCLE('',#12505,0.6);
#12505 = AXIS2_PLACEMENT_3D('',#12506,#12507,#12508);
#12506 = CARTESIAN_POINT('',(1.725,-5.435,0.91));
#12507 = DIRECTION('',(-0.,0.,-1.));
#12508 = DIRECTION('',(-0.,-1.,0.));
#12509 = FACE_BOUND('',#12510,.T.);
#12510 = EDGE_LOOP('',(#12511,#12522,#12530,#12539));
#12511 = ORIENTED_EDGE('',*,*,#12512,.T.);
#12512 = EDGE_CURVE('',#12513,#12515,#12517,.T.);
#12513 = VERTEX_POINT('',#12514);
#12514 = CARTESIAN_POINT('',(4.975,-5.885,0.91));
#12515 = VERTEX_POINT('',#12516);
#12516 = CARTESIAN_POINT('',(4.575,-5.885,0.91));
#12517 = CIRCLE('',#12518,0.2);
#12518 = AXIS2_PLACEMENT_3D('',#12519,#12520,#12521);
#12519 = CARTESIAN_POINT('',(4.775,-5.885,0.91));
#12520 = DIRECTION('',(-0.,0.,-1.));
#12521 = DIRECTION('',(-1.,0.,0.));
#12522 = ORIENTED_EDGE('',*,*,#12523,.T.);
#12523 = EDGE_CURVE('',#12515,#12524,#12526,.T.);
#12524 = VERTEX_POINT('',#12525);
#12525 = CARTESIAN_POINT('',(4.575,-4.885,0.91));
#12526 = LINE('',#12527,#12528);
#12527 = CARTESIAN_POINT('',(4.575,-2.4425,0.91));
#12528 = VECTOR('',#12529,1.);
#12529 = DIRECTION('',(-0.,1.,0.));
#12530 = ORIENTED_EDGE('',*,*,#12531,.T.);
#12531 = EDGE_CURVE('',#12524,#12532,#12534,.T.);
#12532 = VERTEX_POINT('',#12533);
#12533 = CARTESIAN_POINT('',(4.975,-4.885,0.91));
#12534 = CIRCLE('',#12535,0.2);
#12535 = AXIS2_PLACEMENT_3D('',#12536,#12537,#12538);
#12536 = CARTESIAN_POINT('',(4.775,-4.885,0.91));
#12537 = DIRECTION('',(0.,-0.,-1.));
#12538 = DIRECTION('',(1.,0.,-0.));
#12539 = ORIENTED_EDGE('',*,*,#12540,.T.);
#12540 = EDGE_CURVE('',#12532,#12513,#12541,.T.);
#12541 = LINE('',#12542,#12543);
#12542 = CARTESIAN_POINT('',(4.975,-2.9425,0.91));
#12543 = VECTOR('',#12544,1.);
#12544 = DIRECTION('',(0.,-1.,0.));
#12545 = FACE_BOUND('',#12546,.T.);
#12546 = EDGE_LOOP('',(#12547,#12558,#12566,#12575));
#12547 = ORIENTED_EDGE('',*,*,#12548,.T.);
#12548 = EDGE_CURVE('',#12549,#12551,#12553,.T.);
#12549 = VERTEX_POINT('',#12550);
#12550 = CARTESIAN_POINT('',(0.5,-2.885,0.91));
#12551 = VERTEX_POINT('',#12552);
#12552 = CARTESIAN_POINT('',(0.5,-3.285,0.91));
#12553 = CIRCLE('',#12554,0.2);
#12554 = AXIS2_PLACEMENT_3D('',#12555,#12556,#12557);
#12555 = CARTESIAN_POINT('',(0.5,-3.085,0.91));
#12556 = DIRECTION('',(-0.,0.,-1.));
#12557 = DIRECTION('',(1.110223024625E-15,-1.,-0.));
#12558 = ORIENTED_EDGE('',*,*,#12559,.T.);
#12559 = EDGE_CURVE('',#12551,#12560,#12562,.T.);
#12560 = VERTEX_POINT('',#12561);
#12561 = CARTESIAN_POINT('',(-0.5,-3.285,0.91));
#12562 = LINE('',#12563,#12564);
#12563 = CARTESIAN_POINT('',(-0.25,-3.285,0.91));
#12564 = VECTOR('',#12565,1.);
#12565 = DIRECTION('',(-1.,0.,0.));
#12566 = ORIENTED_EDGE('',*,*,#12567,.T.);
#12567 = EDGE_CURVE('',#12560,#12568,#12570,.T.);
#12568 = VERTEX_POINT('',#12569);
#12569 = CARTESIAN_POINT('',(-0.5,-2.885,0.91));
#12570 = CIRCLE('',#12571,0.2);
#12571 = AXIS2_PLACEMENT_3D('',#12572,#12573,#12574);
#12572 = CARTESIAN_POINT('',(-0.5,-3.085,0.91));
#12573 = DIRECTION('',(-0.,0.,-1.));
#12574 = DIRECTION('',(-1.110223024625E-15,1.,0.));
#12575 = ORIENTED_EDGE('',*,*,#12576,.T.);
#12576 = EDGE_CURVE('',#12568,#12549,#12577,.T.);
#12577 = LINE('',#12578,#12579);
#12578 = CARTESIAN_POINT('',(0.25,-2.885,0.91));
#12579 = VECTOR('',#12580,1.);
#12580 = DIRECTION('',(1.,0.,-0.));
#12581 = FACE_BOUND('',#12582,.T.);
#12582 = EDGE_LOOP('',(#12583,#12594,#12602,#12611));
#12583 = ORIENTED_EDGE('',*,*,#12584,.T.);
#12584 = EDGE_CURVE('',#12585,#12587,#12589,.T.);
#12585 = VERTEX_POINT('',#12586);
#12586 = CARTESIAN_POINT('',(-4.575,0.515,0.91));
#12587 = VERTEX_POINT('',#12588);
#12588 = CARTESIAN_POINT('',(-4.975,0.515,0.91));
#12589 = CIRCLE('',#12590,0.2);
#12590 = AXIS2_PLACEMENT_3D('',#12591,#12592,#12593);
#12591 = CARTESIAN_POINT('',(-4.775,0.515,0.91));
#12592 = DIRECTION('',(-0.,0.,-1.));
#12593 = DIRECTION('',(-1.,2.22044604925E-15,0.));
#12594 = ORIENTED_EDGE('',*,*,#12595,.T.);
#12595 = EDGE_CURVE('',#12587,#12596,#12598,.T.);
#12596 = VERTEX_POINT('',#12597);
#12597 = CARTESIAN_POINT('',(-4.975,1.515,0.91));
#12598 = LINE('',#12599,#12600);
#12599 = CARTESIAN_POINT('',(-4.975,0.7575,0.91));
#12600 = VECTOR('',#12601,1.);
#12601 = DIRECTION('',(-0.,1.,0.));
#12602 = ORIENTED_EDGE('',*,*,#12603,.T.);
#12603 = EDGE_CURVE('',#12596,#12604,#12606,.T.);
#12604 = VERTEX_POINT('',#12605);
#12605 = CARTESIAN_POINT('',(-4.575,1.515,0.91));
#12606 = CIRCLE('',#12607,0.2);
#12607 = AXIS2_PLACEMENT_3D('',#12608,#12609,#12610);
#12608 = CARTESIAN_POINT('',(-4.775,1.515,0.91));
#12609 = DIRECTION('',(0.,-0.,-1.));
#12610 = DIRECTION('',(1.,-3.330669073875E-15,0.));
#12611 = ORIENTED_EDGE('',*,*,#12612,.T.);
#12612 = EDGE_CURVE('',#12604,#12585,#12613,.T.);
#12613 = LINE('',#12614,#12615);
#12614 = CARTESIAN_POINT('',(-4.575,0.2575,0.91));
#12615 = VECTOR('',#12616,1.);
#12616 = DIRECTION('',(0.,-1.,0.));
#12617 = FACE_BOUND('',#12618,.T.);
#12618 = EDGE_LOOP('',(#12619,#12630,#12638,#12647));
#12619 = ORIENTED_EDGE('',*,*,#12620,.T.);
#12620 = EDGE_CURVE('',#12621,#12623,#12625,.T.);
#12621 = VERTEX_POINT('',#12622);
#12622 = CARTESIAN_POINT('',(-2.275,4.315,0.91));
#12623 = VERTEX_POINT('',#12624);
#12624 = CARTESIAN_POINT('',(-2.275,3.915,0.91));
#12625 = CIRCLE('',#12626,0.2);
#12626 = AXIS2_PLACEMENT_3D('',#12627,#12628,#12629);
#12627 = CARTESIAN_POINT('',(-2.275,4.115,0.91));
#12628 = DIRECTION('',(-0.,0.,-1.));
#12629 = DIRECTION('',(-0.,-1.,0.));
#12630 = ORIENTED_EDGE('',*,*,#12631,.T.);
#12631 = EDGE_CURVE('',#12623,#12632,#12634,.T.);
#12632 = VERTEX_POINT('',#12633);
#12633 = CARTESIAN_POINT('',(-3.275,3.915,0.91));
#12634 = LINE('',#12635,#12636);
#12635 = CARTESIAN_POINT('',(-1.6375,3.915,0.91));
#12636 = VECTOR('',#12637,1.);
#12637 = DIRECTION('',(-1.,0.,0.));
#12638 = ORIENTED_EDGE('',*,*,#12639,.T.);
#12639 = EDGE_CURVE('',#12632,#12640,#12642,.T.);
#12640 = VERTEX_POINT('',#12641);
#12641 = CARTESIAN_POINT('',(-3.275,4.315,0.91));
#12642 = CIRCLE('',#12643,0.2);
#12643 = AXIS2_PLACEMENT_3D('',#12644,#12645,#12646);
#12644 = CARTESIAN_POINT('',(-3.275,4.115,0.91));
#12645 = DIRECTION('',(0.,-0.,-1.));
#12646 = DIRECTION('',(2.22044604925E-15,1.,-0.));
#12647 = ORIENTED_EDGE('',*,*,#12648,.T.);
#12648 = EDGE_CURVE('',#12640,#12621,#12649,.T.);
#12649 = LINE('',#12650,#12651);
#12650 = CARTESIAN_POINT('',(-1.1375,4.315,0.91));
#12651 = VECTOR('',#12652,1.);
#12652 = DIRECTION('',(1.,0.,-0.));
#12653 = FACE_BOUND('',#12654,.T.);
#12654 = EDGE_LOOP('',(#12655,#12666,#12674,#12683));
#12655 = ORIENTED_EDGE('',*,*,#12656,.T.);
#12656 = EDGE_CURVE('',#12657,#12659,#12661,.T.);
#12657 = VERTEX_POINT('',#12658);
#12658 = CARTESIAN_POINT('',(0.5,0.915,0.91));
#12659 = VERTEX_POINT('',#12660);
#12660 = CARTESIAN_POINT('',(0.5,0.515,0.91));
#12661 = CIRCLE('',#12662,0.2);
#12662 = AXIS2_PLACEMENT_3D('',#12663,#12664,#12665);
#12663 = CARTESIAN_POINT('',(0.5,0.715,0.91));
#12664 = DIRECTION('',(-0.,0.,-1.));
#12665 = DIRECTION('',(-0.,-1.,0.));
#12666 = ORIENTED_EDGE('',*,*,#12667,.T.);
#12667 = EDGE_CURVE('',#12659,#12668,#12670,.T.);
#12668 = VERTEX_POINT('',#12669);
#12669 = CARTESIAN_POINT('',(-0.5,0.515,0.91));
#12670 = LINE('',#12671,#12672);
#12671 = CARTESIAN_POINT('',(-0.25,0.515,0.91));
#12672 = VECTOR('',#12673,1.);
#12673 = DIRECTION('',(-1.,0.,0.));
#12674 = ORIENTED_EDGE('',*,*,#12675,.T.);
#12675 = EDGE_CURVE('',#12668,#12676,#12678,.T.);
#12676 = VERTEX_POINT('',#12677);
#12677 = CARTESIAN_POINT('',(-0.5,0.915,0.91));
#12678 = CIRCLE('',#12679,0.2);
#12679 = AXIS2_PLACEMENT_3D('',#12680,#12681,#12682);
#12680 = CARTESIAN_POINT('',(-0.5,0.715,0.91));
#12681 = DIRECTION('',(-0.,0.,-1.));
#12682 = DIRECTION('',(0.,1.,0.));
#12683 = ORIENTED_EDGE('',*,*,#12684,.T.);
#12684 = EDGE_CURVE('',#12676,#12657,#12685,.T.);
#12685 = LINE('',#12686,#12687);
#12686 = CARTESIAN_POINT('',(0.25,0.915,0.91));
#12687 = VECTOR('',#12688,1.);
#12688 = DIRECTION('',(1.,0.,-0.));
#12689 = FACE_BOUND('',#12690,.T.);
#12690 = EDGE_LOOP('',(#12691,#12702,#12710,#12719));
#12691 = ORIENTED_EDGE('',*,*,#12692,.T.);
#12692 = EDGE_CURVE('',#12693,#12695,#12697,.T.);
#12693 = VERTEX_POINT('',#12694);
#12694 = CARTESIAN_POINT('',(4.975,0.515,0.91));
#12695 = VERTEX_POINT('',#12696);
#12696 = CARTESIAN_POINT('',(4.575,0.515,0.91));
#12697 = CIRCLE('',#12698,0.2);
#12698 = AXIS2_PLACEMENT_3D('',#12699,#12700,#12701);
#12699 = CARTESIAN_POINT('',(4.775,0.515,0.91));
#12700 = DIRECTION('',(-0.,0.,-1.));
#12701 = DIRECTION('',(-1.,2.22044604925E-15,0.));
#12702 = ORIENTED_EDGE('',*,*,#12703,.T.);
#12703 = EDGE_CURVE('',#12695,#12704,#12706,.T.);
#12704 = VERTEX_POINT('',#12705);
#12705 = CARTESIAN_POINT('',(4.575,1.515,0.91));
#12706 = LINE('',#12707,#12708);
#12707 = CARTESIAN_POINT('',(4.575,0.7575,0.91));
#12708 = VECTOR('',#12709,1.);
#12709 = DIRECTION('',(-0.,1.,0.));
#12710 = ORIENTED_EDGE('',*,*,#12711,.T.);
#12711 = EDGE_CURVE('',#12704,#12712,#12714,.T.);
#12712 = VERTEX_POINT('',#12713);
#12713 = CARTESIAN_POINT('',(4.975,1.515,0.91));
#12714 = CIRCLE('',#12715,0.2);
#12715 = AXIS2_PLACEMENT_3D('',#12716,#12717,#12718);
#12716 = CARTESIAN_POINT('',(4.775,1.515,0.91));
#12717 = DIRECTION('',(0.,-0.,-1.));
#12718 = DIRECTION('',(1.,-3.330669073875E-15,0.));
#12719 = ORIENTED_EDGE('',*,*,#12720,.T.);
#12720 = EDGE_CURVE('',#12712,#12693,#12721,.T.);
#12721 = LINE('',#12722,#12723);
#12722 = CARTESIAN_POINT('',(4.975,0.2575,0.91));
#12723 = VECTOR('',#12724,1.);
#12724 = DIRECTION('',(0.,-1.,0.));
#12725 = FACE_BOUND('',#12726,.T.);
#12726 = EDGE_LOOP('',(#12727));
#12727 = ORIENTED_EDGE('',*,*,#12728,.T.);
#12728 = EDGE_CURVE('',#12729,#12729,#12731,.T.);
#12729 = VERTEX_POINT('',#12730);
#12730 = CARTESIAN_POINT('',(0.,3.815,0.91));
#12731 = CIRCLE('',#12732,0.3);
#12732 = AXIS2_PLACEMENT_3D('',#12733,#12734,#12735);
#12733 = CARTESIAN_POINT('',(0.,4.115,0.91));
#12734 = DIRECTION('',(-0.,0.,-1.));
#12735 = DIRECTION('',(-0.,-1.,0.));
#12736 = FACE_BOUND('',#12737,.T.);
#12737 = EDGE_LOOP('',(#12738,#12749,#12757,#12766));
#12738 = ORIENTED_EDGE('',*,*,#12739,.T.);
#12739 = EDGE_CURVE('',#12740,#12742,#12744,.T.);
#12740 = VERTEX_POINT('',#12741);
#12741 = CARTESIAN_POINT('',(3.275,4.315,0.91));
#12742 = VERTEX_POINT('',#12743);
#12743 = CARTESIAN_POINT('',(3.275,3.915,0.91));
#12744 = CIRCLE('',#12745,0.2);
#12745 = AXIS2_PLACEMENT_3D('',#12746,#12747,#12748);
#12746 = CARTESIAN_POINT('',(3.275,4.115,0.91));
#12747 = DIRECTION('',(-0.,0.,-1.));
#12748 = DIRECTION('',(-2.22044604925E-15,-1.,0.));
#12749 = ORIENTED_EDGE('',*,*,#12750,.T.);
#12750 = EDGE_CURVE('',#12742,#12751,#12753,.T.);
#12751 = VERTEX_POINT('',#12752);
#12752 = CARTESIAN_POINT('',(2.275,3.915,0.91));
#12753 = LINE('',#12754,#12755);
#12754 = CARTESIAN_POINT('',(1.1375,3.915,0.91));
#12755 = VECTOR('',#12756,1.);
#12756 = DIRECTION('',(-1.,0.,0.));
#12757 = ORIENTED_EDGE('',*,*,#12758,.T.);
#12758 = EDGE_CURVE('',#12751,#12759,#12761,.T.);
#12759 = VERTEX_POINT('',#12760);
#12760 = CARTESIAN_POINT('',(2.275,4.315,0.91));
#12761 = CIRCLE('',#12762,0.2);
#12762 = AXIS2_PLACEMENT_3D('',#12763,#12764,#12765);
#12763 = CARTESIAN_POINT('',(2.275,4.115,0.91));
#12764 = DIRECTION('',(-0.,0.,-1.));
#12765 = DIRECTION('',(0.,1.,0.));
#12766 = ORIENTED_EDGE('',*,*,#12767,.T.);
#12767 = EDGE_CURVE('',#12759,#12740,#12768,.T.);
#12768 = LINE('',#12769,#12770);
#12769 = CARTESIAN_POINT('',(1.6375,4.315,0.91));
#12770 = VECTOR('',#12771,1.);
#12771 = DIRECTION('',(1.,0.,-0.));
#12772 = PLANE('',#12773);
#12773 = AXIS2_PLACEMENT_3D('',#12774,#12775,#12776);
#12774 = CARTESIAN_POINT('',(0.,0.,0.91));
#12775 = DIRECTION('',(0.,0.,1.));
#12776 = DIRECTION('',(1.,0.,-0.));
#12777 = ADVANCED_FACE('',(#12778),#12784,.T.);
#12778 = FACE_BOUND('',#12779,.T.);
#12779 = EDGE_LOOP('',(#12780,#12781,#12782,#12783));
#12780 = ORIENTED_EDGE('',*,*,#12083,.T.);
#12781 = ORIENTED_EDGE('',*,*,#12445,.T.);
#12782 = ORIENTED_EDGE('',*,*,#12043,.F.);
#12783 = ORIENTED_EDGE('',*,*,#12107,.F.);
#12784 = PLANE('',#12785);
#12785 = AXIS2_PLACEMENT_3D('',#12786,#12787,#12788);
#12786 = CARTESIAN_POINT('',(-6.35,8.121,0.));
#12787 = DIRECTION('',(0.,1.,0.));
#12788 = DIRECTION('',(1.,0.,0.));
#12789 = ADVANCED_FACE('',(#12790),#12806,.F.);
#12790 = FACE_BOUND('',#12791,.T.);
#12791 = EDGE_LOOP('',(#12792,#12793,#12799,#12800));
#12792 = ORIENTED_EDGE('',*,*,#12116,.T.);
#12793 = ORIENTED_EDGE('',*,*,#12794,.T.);
#12794 = EDGE_CURVE('',#12119,#12457,#12795,.T.);
#12795 = LINE('',#12796,#12797);
#12796 = CARTESIAN_POINT('',(-4.975,-5.885,-4.6E-02));
#12797 = VECTOR('',#12798,1.);
#12798 = DIRECTION('',(0.,0.,1.));
#12799 = ORIENTED_EDGE('',*,*,#12454,.F.);
#12800 = ORIENTED_EDGE('',*,*,#12801,.F.);
#12801 = EDGE_CURVE('',#12117,#12455,#12802,.T.);
#12802 = LINE('',#12803,#12804);
#12803 = CARTESIAN_POINT('',(-4.575,-5.885,-4.6E-02));
#12804 = VECTOR('',#12805,1.);
#12805 = DIRECTION('',(0.,0.,1.));
#12806 = CYLINDRICAL_SURFACE('',#12807,0.2);
#12807 = AXIS2_PLACEMENT_3D('',#12808,#12809,#12810);
#12808 = CARTESIAN_POINT('',(-4.775,-5.885,-4.6E-02));
#12809 = DIRECTION('',(-0.,-0.,-1.));
#12810 = DIRECTION('',(-1.,0.,-0.));
#12811 = ADVANCED_FACE('',(#12812),#12823,.T.);
#12812 = FACE_BOUND('',#12813,.T.);
#12813 = EDGE_LOOP('',(#12814,#12815,#12816,#12817));
#12814 = ORIENTED_EDGE('',*,*,#12144,.T.);
#12815 = ORIENTED_EDGE('',*,*,#12801,.T.);
#12816 = ORIENTED_EDGE('',*,*,#12482,.F.);
#12817 = ORIENTED_EDGE('',*,*,#12818,.F.);
#12818 = EDGE_CURVE('',#12136,#12474,#12819,.T.);
#12819 = LINE('',#12820,#12821);
#12820 = CARTESIAN_POINT('',(-4.575,-4.885,-4.6E-02));
#12821 = VECTOR('',#12822,1.);
#12822 = DIRECTION('',(0.,0.,1.));
#12823 = PLANE('',#12824);
#12824 = AXIS2_PLACEMENT_3D('',#12825,#12826,#12827);
#12825 = CARTESIAN_POINT('',(-4.575,-5.885,-4.6E-02));
#12826 = DIRECTION('',(-1.,0.,0.));
#12827 = DIRECTION('',(0.,1.,0.));
#12828 = ADVANCED_FACE('',(#12829),#12840,.F.);
#12829 = FACE_BOUND('',#12830,.T.);
#12830 = EDGE_LOOP('',(#12831,#12832,#12833,#12834));
#12831 = ORIENTED_EDGE('',*,*,#12135,.T.);
#12832 = ORIENTED_EDGE('',*,*,#12818,.T.);
#12833 = ORIENTED_EDGE('',*,*,#12473,.F.);
#12834 = ORIENTED_EDGE('',*,*,#12835,.F.);
#12835 = EDGE_CURVE('',#12128,#12466,#12836,.T.);
#12836 = LINE('',#12837,#12838);
#12837 = CARTESIAN_POINT('',(-4.975,-4.885,-4.6E-02));
#12838 = VECTOR('',#12839,1.);
#12839 = DIRECTION('',(0.,0.,1.));
#12840 = CYLINDRICAL_SURFACE('',#12841,0.2);
#12841 = AXIS2_PLACEMENT_3D('',#12842,#12843,#12844);
#12842 = CARTESIAN_POINT('',(-4.775,-4.885,-4.6E-02));
#12843 = DIRECTION('',(-0.,-0.,-1.));
#12844 = DIRECTION('',(1.,0.,-0.));
#12845 = ADVANCED_FACE('',(#12846),#12852,.T.);
#12846 = FACE_BOUND('',#12847,.T.);
#12847 = EDGE_LOOP('',(#12848,#12849,#12850,#12851));
#12848 = ORIENTED_EDGE('',*,*,#12127,.T.);
#12849 = ORIENTED_EDGE('',*,*,#12835,.T.);
#12850 = ORIENTED_EDGE('',*,*,#12465,.F.);
#12851 = ORIENTED_EDGE('',*,*,#12794,.F.);
#12852 = PLANE('',#12853);
#12853 = AXIS2_PLACEMENT_3D('',#12854,#12855,#12856);
#12854 = CARTESIAN_POINT('',(-4.975,-4.885,-4.6E-02));
#12855 = DIRECTION('',(1.,0.,-0.));
#12856 = DIRECTION('',(0.,-1.,0.));
#12857 = ADVANCED_FACE('',(#12858),#12869,.F.);
#12858 = FACE_BOUND('',#12859,.T.);
#12859 = EDGE_LOOP('',(#12860,#12861,#12867,#12868));
#12860 = ORIENTED_EDGE('',*,*,#12152,.T.);
#12861 = ORIENTED_EDGE('',*,*,#12862,.T.);
#12862 = EDGE_CURVE('',#12153,#12491,#12863,.T.);
#12863 = LINE('',#12864,#12865);
#12864 = CARTESIAN_POINT('',(-1.725,-6.035,-4.6E-02));
#12865 = VECTOR('',#12866,1.);
#12866 = DIRECTION('',(0.,0.,1.));
#12867 = ORIENTED_EDGE('',*,*,#12490,.F.);
#12868 = ORIENTED_EDGE('',*,*,#12862,.F.);
#12869 = CYLINDRICAL_SURFACE('',#12870,0.6);
#12870 = AXIS2_PLACEMENT_3D('',#12871,#12872,#12873);
#12871 = CARTESIAN_POINT('',(-1.725,-5.435,-4.6E-02));
#12872 = DIRECTION('',(-0.,-0.,-1.));
#12873 = DIRECTION('',(-0.,-1.,0.));
#12874 = ADVANCED_FACE('',(#12875),#12886,.F.);
#12875 = FACE_BOUND('',#12876,.T.);
#12876 = EDGE_LOOP('',(#12877,#12878,#12884,#12885));
#12877 = ORIENTED_EDGE('',*,*,#12163,.T.);
#12878 = ORIENTED_EDGE('',*,*,#12879,.T.);
#12879 = EDGE_CURVE('',#12164,#12502,#12880,.T.);
#12880 = LINE('',#12881,#12882);
#12881 = CARTESIAN_POINT('',(1.725,-6.035,-4.6E-02));
#12882 = VECTOR('',#12883,1.);
#12883 = DIRECTION('',(0.,0.,1.));
#12884 = ORIENTED_EDGE('',*,*,#12501,.F.);
#12885 = ORIENTED_EDGE('',*,*,#12879,.F.);
#12886 = CYLINDRICAL_SURFACE('',#12887,0.6);
#12887 = AXIS2_PLACEMENT_3D('',#12888,#12889,#12890);
#12888 = CARTESIAN_POINT('',(1.725,-5.435,-4.6E-02));
#12889 = DIRECTION('',(-0.,-0.,-1.));
#12890 = DIRECTION('',(-0.,-1.,0.));
#12891 = ADVANCED_FACE('',(#12892),#12908,.F.);
#12892 = FACE_BOUND('',#12893,.T.);
#12893 = EDGE_LOOP('',(#12894,#12895,#12901,#12902));
#12894 = ORIENTED_EDGE('',*,*,#12174,.T.);
#12895 = ORIENTED_EDGE('',*,*,#12896,.T.);
#12896 = EDGE_CURVE('',#12177,#12515,#12897,.T.);
#12897 = LINE('',#12898,#12899);
#12898 = CARTESIAN_POINT('',(4.575,-5.885,-4.6E-02));
#12899 = VECTOR('',#12900,1.);
#12900 = DIRECTION('',(0.,0.,1.));
#12901 = ORIENTED_EDGE('',*,*,#12512,.F.);
#12902 = ORIENTED_EDGE('',*,*,#12903,.F.);
#12903 = EDGE_CURVE('',#12175,#12513,#12904,.T.);
#12904 = LINE('',#12905,#12906);
#12905 = CARTESIAN_POINT('',(4.975,-5.885,-4.6E-02));
#12906 = VECTOR('',#12907,1.);
#12907 = DIRECTION('',(0.,0.,1.));
#12908 = CYLINDRICAL_SURFACE('',#12909,0.2);
#12909 = AXIS2_PLACEMENT_3D('',#12910,#12911,#12912);
#12910 = CARTESIAN_POINT('',(4.775,-5.885,-4.6E-02));
#12911 = DIRECTION('',(-0.,-0.,-1.));
#12912 = DIRECTION('',(-1.,0.,-0.));
#12913 = ADVANCED_FACE('',(#12914),#12925,.T.);
#12914 = FACE_BOUND('',#12915,.T.);
#12915 = EDGE_LOOP('',(#12916,#12917,#12918,#12919));
#12916 = ORIENTED_EDGE('',*,*,#12202,.T.);
#12917 = ORIENTED_EDGE('',*,*,#12903,.T.);
#12918 = ORIENTED_EDGE('',*,*,#12540,.F.);
#12919 = ORIENTED_EDGE('',*,*,#12920,.F.);
#12920 = EDGE_CURVE('',#12194,#12532,#12921,.T.);
#12921 = LINE('',#12922,#12923);
#12922 = CARTESIAN_POINT('',(4.975,-4.885,-4.6E-02));
#12923 = VECTOR('',#12924,1.);
#12924 = DIRECTION('',(0.,0.,1.));
#12925 = PLANE('',#12926);
#12926 = AXIS2_PLACEMENT_3D('',#12927,#12928,#12929);
#12927 = CARTESIAN_POINT('',(4.975,-5.885,-4.6E-02));
#12928 = DIRECTION('',(-1.,0.,0.));
#12929 = DIRECTION('',(0.,1.,0.));
#12930 = ADVANCED_FACE('',(#12931),#12942,.F.);
#12931 = FACE_BOUND('',#12932,.T.);
#12932 = EDGE_LOOP('',(#12933,#12934,#12935,#12936));
#12933 = ORIENTED_EDGE('',*,*,#12193,.T.);
#12934 = ORIENTED_EDGE('',*,*,#12920,.T.);
#12935 = ORIENTED_EDGE('',*,*,#12531,.F.);
#12936 = ORIENTED_EDGE('',*,*,#12937,.F.);
#12937 = EDGE_CURVE('',#12186,#12524,#12938,.T.);
#12938 = LINE('',#12939,#12940);
#12939 = CARTESIAN_POINT('',(4.575,-4.885,-4.6E-02));
#12940 = VECTOR('',#12941,1.);
#12941 = DIRECTION('',(0.,0.,1.));
#12942 = CYLINDRICAL_SURFACE('',#12943,0.2);
#12943 = AXIS2_PLACEMENT_3D('',#12944,#12945,#12946);
#12944 = CARTESIAN_POINT('',(4.775,-4.885,-4.6E-02));
#12945 = DIRECTION('',(-0.,-0.,-1.));
#12946 = DIRECTION('',(1.,0.,-0.));
#12947 = ADVANCED_FACE('',(#12948),#12954,.T.);
#12948 = FACE_BOUND('',#12949,.T.);
#12949 = EDGE_LOOP('',(#12950,#12951,#12952,#12953));
#12950 = ORIENTED_EDGE('',*,*,#12185,.T.);
#12951 = ORIENTED_EDGE('',*,*,#12937,.T.);
#12952 = ORIENTED_EDGE('',*,*,#12523,.F.);
#12953 = ORIENTED_EDGE('',*,*,#12896,.F.);
#12954 = PLANE('',#12955);
#12955 = AXIS2_PLACEMENT_3D('',#12956,#12957,#12958);
#12956 = CARTESIAN_POINT('',(4.575,-4.885,-4.6E-02));
#12957 = DIRECTION('',(1.,0.,-0.));
#12958 = DIRECTION('',(0.,-1.,0.));
#12959 = ADVANCED_FACE('',(#12960),#12976,.F.);
#12960 = FACE_BOUND('',#12961,.T.);
#12961 = EDGE_LOOP('',(#12962,#12963,#12969,#12970));
#12962 = ORIENTED_EDGE('',*,*,#12210,.T.);
#12963 = ORIENTED_EDGE('',*,*,#12964,.T.);
#12964 = EDGE_CURVE('',#12213,#12551,#12965,.T.);
#12965 = LINE('',#12966,#12967);
#12966 = CARTESIAN_POINT('',(0.5,-3.285,-4.6E-02));
#12967 = VECTOR('',#12968,1.);
#12968 = DIRECTION('',(0.,0.,1.));
#12969 = ORIENTED_EDGE('',*,*,#12548,.F.);
#12970 = ORIENTED_EDGE('',*,*,#12971,.F.);
#12971 = EDGE_CURVE('',#12211,#12549,#12972,.T.);
#12972 = LINE('',#12973,#12974);
#12973 = CARTESIAN_POINT('',(0.5,-2.885,-4.6E-02));
#12974 = VECTOR('',#12975,1.);
#12975 = DIRECTION('',(0.,0.,1.));
#12976 = CYLINDRICAL_SURFACE('',#12977,0.2);
#12977 = AXIS2_PLACEMENT_3D('',#12978,#12979,#12980);
#12978 = CARTESIAN_POINT('',(0.5,-3.085,-4.6E-02));
#12979 = DIRECTION('',(-0.,0.,-1.));
#12980 = DIRECTION('',(1.110223024625E-15,-1.,-0.));
#12981 = ADVANCED_FACE('',(#12982),#12993,.T.);
#12982 = FACE_BOUND('',#12983,.T.);
#12983 = EDGE_LOOP('',(#12984,#12985,#12986,#12987));
#12984 = ORIENTED_EDGE('',*,*,#12238,.T.);
#12985 = ORIENTED_EDGE('',*,*,#12971,.T.);
#12986 = ORIENTED_EDGE('',*,*,#12576,.F.);
#12987 = ORIENTED_EDGE('',*,*,#12988,.F.);
#12988 = EDGE_CURVE('',#12230,#12568,#12989,.T.);
#12989 = LINE('',#12990,#12991);
#12990 = CARTESIAN_POINT('',(-0.5,-2.885,-4.6E-02));
#12991 = VECTOR('',#12992,1.);
#12992 = DIRECTION('',(0.,0.,1.));
#12993 = PLANE('',#12994);
#12994 = AXIS2_PLACEMENT_3D('',#12995,#12996,#12997);
#12995 = CARTESIAN_POINT('',(0.5,-2.885,-4.6E-02));
#12996 = DIRECTION('',(0.,-1.,0.));
#12997 = DIRECTION('',(-1.,0.,0.));
#12998 = ADVANCED_FACE('',(#12999),#13010,.F.);
#12999 = FACE_BOUND('',#13000,.T.);
#13000 = EDGE_LOOP('',(#13001,#13002,#13003,#13004));
#13001 = ORIENTED_EDGE('',*,*,#12229,.T.);
#13002 = ORIENTED_EDGE('',*,*,#12988,.T.);
#13003 = ORIENTED_EDGE('',*,*,#12567,.F.);
#13004 = ORIENTED_EDGE('',*,*,#13005,.F.);
#13005 = EDGE_CURVE('',#12222,#12560,#13006,.T.);
#13006 = LINE('',#13007,#13008);
#13007 = CARTESIAN_POINT('',(-0.5,-3.285,-4.6E-02));
#13008 = VECTOR('',#13009,1.);
#13009 = DIRECTION('',(0.,0.,1.));
#13010 = CYLINDRICAL_SURFACE('',#13011,0.2);
#13011 = AXIS2_PLACEMENT_3D('',#13012,#13013,#13014);
#13012 = CARTESIAN_POINT('',(-0.5,-3.085,-4.6E-02));
#13013 = DIRECTION('',(-0.,-0.,-1.));
#13014 = DIRECTION('',(-1.110223024625E-15,1.,0.));
#13015 = ADVANCED_FACE('',(#13016),#13022,.T.);
#13016 = FACE_BOUND('',#13017,.T.);
#13017 = EDGE_LOOP('',(#13018,#13019,#13020,#13021));
#13018 = ORIENTED_EDGE('',*,*,#12221,.T.);
#13019 = ORIENTED_EDGE('',*,*,#13005,.T.);
#13020 = ORIENTED_EDGE('',*,*,#12559,.F.);
#13021 = ORIENTED_EDGE('',*,*,#12964,.F.);
#13022 = PLANE('',#13023);
#13023 = AXIS2_PLACEMENT_3D('',#13024,#13025,#13026);
#13024 = CARTESIAN_POINT('',(-0.5,-3.285,-4.6E-02));
#13025 = DIRECTION('',(0.,1.,0.));
#13026 = DIRECTION('',(1.,0.,0.));
#13027 = ADVANCED_FACE('',(#13028),#13044,.F.);
#13028 = FACE_BOUND('',#13029,.T.);
#13029 = EDGE_LOOP('',(#13030,#13031,#13037,#13038));
#13030 = ORIENTED_EDGE('',*,*,#12246,.T.);
#13031 = ORIENTED_EDGE('',*,*,#13032,.T.);
#13032 = EDGE_CURVE('',#12249,#12587,#13033,.T.);
#13033 = LINE('',#13034,#13035);
#13034 = CARTESIAN_POINT('',(-4.975,0.515,-4.6E-02));
#13035 = VECTOR('',#13036,1.);
#13036 = DIRECTION('',(0.,0.,1.));
#13037 = ORIENTED_EDGE('',*,*,#12584,.F.);
#13038 = ORIENTED_EDGE('',*,*,#13039,.F.);
#13039 = EDGE_CURVE('',#12247,#12585,#13040,.T.);
#13040 = LINE('',#13041,#13042);
#13041 = CARTESIAN_POINT('',(-4.575,0.515,-4.6E-02));
#13042 = VECTOR('',#13043,1.);
#13043 = DIRECTION('',(0.,0.,1.));
#13044 = CYLINDRICAL_SURFACE('',#13045,0.2);
#13045 = AXIS2_PLACEMENT_3D('',#13046,#13047,#13048);
#13046 = CARTESIAN_POINT('',(-4.775,0.515,-4.6E-02));
#13047 = DIRECTION('',(-0.,-0.,-1.));
#13048 = DIRECTION('',(-1.,2.22044604925E-15,-0.));
#13049 = ADVANCED_FACE('',(#13050),#13061,.T.);
#13050 = FACE_BOUND('',#13051,.T.);
#13051 = EDGE_LOOP('',(#13052,#13053,#13054,#13055));
#13052 = ORIENTED_EDGE('',*,*,#12274,.T.);
#13053 = ORIENTED_EDGE('',*,*,#13039,.T.);
#13054 = ORIENTED_EDGE('',*,*,#12612,.F.);
#13055 = ORIENTED_EDGE('',*,*,#13056,.F.);
#13056 = EDGE_CURVE('',#12266,#12604,#13057,.T.);
#13057 = LINE('',#13058,#13059);
#13058 = CARTESIAN_POINT('',(-4.575,1.515,-4.6E-02));
#13059 = VECTOR('',#13060,1.);
#13060 = DIRECTION('',(0.,0.,1.));
#13061 = PLANE('',#13062);
#13062 = AXIS2_PLACEMENT_3D('',#13063,#13064,#13065);
#13063 = CARTESIAN_POINT('',(-4.575,0.515,-4.6E-02));
#13064 = DIRECTION('',(-1.,0.,0.));
#13065 = DIRECTION('',(0.,1.,0.));
#13066 = ADVANCED_FACE('',(#13067),#13078,.F.);
#13067 = FACE_BOUND('',#13068,.T.);
#13068 = EDGE_LOOP('',(#13069,#13070,#13071,#13072));
#13069 = ORIENTED_EDGE('',*,*,#12265,.T.);
#13070 = ORIENTED_EDGE('',*,*,#13056,.T.);
#13071 = ORIENTED_EDGE('',*,*,#12603,.F.);
#13072 = ORIENTED_EDGE('',*,*,#13073,.F.);
#13073 = EDGE_CURVE('',#12258,#12596,#13074,.T.);
#13074 = LINE('',#13075,#13076);
#13075 = CARTESIAN_POINT('',(-4.975,1.515,-4.6E-02));
#13076 = VECTOR('',#13077,1.);
#13077 = DIRECTION('',(0.,0.,1.));
#13078 = CYLINDRICAL_SURFACE('',#13079,0.2);
#13079 = AXIS2_PLACEMENT_3D('',#13080,#13081,#13082);
#13080 = CARTESIAN_POINT('',(-4.775,1.515,-4.6E-02));
#13081 = DIRECTION('',(-0.,-0.,-1.));
#13082 = DIRECTION('',(1.,-3.330669073875E-15,0.));
#13083 = ADVANCED_FACE('',(#13084),#13090,.T.);
#13084 = FACE_BOUND('',#13085,.T.);
#13085 = EDGE_LOOP('',(#13086,#13087,#13088,#13089));
#13086 = ORIENTED_EDGE('',*,*,#12257,.T.);
#13087 = ORIENTED_EDGE('',*,*,#13073,.T.);
#13088 = ORIENTED_EDGE('',*,*,#12595,.F.);
#13089 = ORIENTED_EDGE('',*,*,#13032,.F.);
#13090 = PLANE('',#13091);
#13091 = AXIS2_PLACEMENT_3D('',#13092,#13093,#13094);
#13092 = CARTESIAN_POINT('',(-4.975,1.515,-4.6E-02));
#13093 = DIRECTION('',(1.,0.,-0.));
#13094 = DIRECTION('',(0.,-1.,0.));
#13095 = ADVANCED_FACE('',(#13096),#13112,.F.);
#13096 = FACE_BOUND('',#13097,.T.);
#13097 = EDGE_LOOP('',(#13098,#13099,#13105,#13106));
#13098 = ORIENTED_EDGE('',*,*,#12282,.T.);
#13099 = ORIENTED_EDGE('',*,*,#13100,.T.);
#13100 = EDGE_CURVE('',#12285,#12623,#13101,.T.);
#13101 = LINE('',#13102,#13103);
#13102 = CARTESIAN_POINT('',(-2.275,3.915,-4.6E-02));
#13103 = VECTOR('',#13104,1.);
#13104 = DIRECTION('',(0.,0.,1.));
#13105 = ORIENTED_EDGE('',*,*,#12620,.F.);
#13106 = ORIENTED_EDGE('',*,*,#13107,.F.);
#13107 = EDGE_CURVE('',#12283,#12621,#13108,.T.);
#13108 = LINE('',#13109,#13110);
#13109 = CARTESIAN_POINT('',(-2.275,4.315,-4.6E-02));
#13110 = VECTOR('',#13111,1.);
#13111 = DIRECTION('',(0.,0.,1.));
#13112 = CYLINDRICAL_SURFACE('',#13113,0.2);
#13113 = AXIS2_PLACEMENT_3D('',#13114,#13115,#13116);
#13114 = CARTESIAN_POINT('',(-2.275,4.115,-4.6E-02));
#13115 = DIRECTION('',(-0.,-0.,-1.));
#13116 = DIRECTION('',(-0.,-1.,0.));
#13117 = ADVANCED_FACE('',(#13118),#13129,.T.);
#13118 = FACE_BOUND('',#13119,.T.);
#13119 = EDGE_LOOP('',(#13120,#13121,#13122,#13123));
#13120 = ORIENTED_EDGE('',*,*,#12310,.T.);
#13121 = ORIENTED_EDGE('',*,*,#13107,.T.);
#13122 = ORIENTED_EDGE('',*,*,#12648,.F.);
#13123 = ORIENTED_EDGE('',*,*,#13124,.F.);
#13124 = EDGE_CURVE('',#12302,#12640,#13125,.T.);
#13125 = LINE('',#13126,#13127);
#13126 = CARTESIAN_POINT('',(-3.275,4.315,-4.6E-02));
#13127 = VECTOR('',#13128,1.);
#13128 = DIRECTION('',(0.,0.,1.));
#13129 = PLANE('',#13130);
#13130 = AXIS2_PLACEMENT_3D('',#13131,#13132,#13133);
#13131 = CARTESIAN_POINT('',(-2.275,4.315,-4.6E-02));
#13132 = DIRECTION('',(0.,-1.,0.));
#13133 = DIRECTION('',(-1.,0.,0.));
#13134 = ADVANCED_FACE('',(#13135),#13146,.F.);
#13135 = FACE_BOUND('',#13136,.T.);
#13136 = EDGE_LOOP('',(#13137,#13138,#13139,#13140));
#13137 = ORIENTED_EDGE('',*,*,#12301,.T.);
#13138 = ORIENTED_EDGE('',*,*,#13124,.T.);
#13139 = ORIENTED_EDGE('',*,*,#12639,.F.);
#13140 = ORIENTED_EDGE('',*,*,#13141,.F.);
#13141 = EDGE_CURVE('',#12294,#12632,#13142,.T.);
#13142 = LINE('',#13143,#13144);
#13143 = CARTESIAN_POINT('',(-3.275,3.915,-4.6E-02));
#13144 = VECTOR('',#13145,1.);
#13145 = DIRECTION('',(0.,0.,1.));
#13146 = CYLINDRICAL_SURFACE('',#13147,0.2);
#13147 = AXIS2_PLACEMENT_3D('',#13148,#13149,#13150);
#13148 = CARTESIAN_POINT('',(-3.275,4.115,-4.6E-02));
#13149 = DIRECTION('',(-0.,-0.,-1.));
#13150 = DIRECTION('',(2.22044604925E-15,1.,-0.));
#13151 = ADVANCED_FACE('',(#13152),#13158,.T.);
#13152 = FACE_BOUND('',#13153,.T.);
#13153 = EDGE_LOOP('',(#13154,#13155,#13156,#13157));
#13154 = ORIENTED_EDGE('',*,*,#12293,.T.);
#13155 = ORIENTED_EDGE('',*,*,#13141,.T.);
#13156 = ORIENTED_EDGE('',*,*,#12631,.F.);
#13157 = ORIENTED_EDGE('',*,*,#13100,.F.);
#13158 = PLANE('',#13159);
#13159 = AXIS2_PLACEMENT_3D('',#13160,#13161,#13162);
#13160 = CARTESIAN_POINT('',(-3.275,3.915,-4.6E-02));
#13161 = DIRECTION('',(0.,1.,0.));
#13162 = DIRECTION('',(1.,0.,0.));
#13163 = ADVANCED_FACE('',(#13164),#13180,.F.);
#13164 = FACE_BOUND('',#13165,.T.);
#13165 = EDGE_LOOP('',(#13166,#13167,#13173,#13174));
#13166 = ORIENTED_EDGE('',*,*,#12318,.T.);
#13167 = ORIENTED_EDGE('',*,*,#13168,.T.);
#13168 = EDGE_CURVE('',#12321,#12659,#13169,.T.);
#13169 = LINE('',#13170,#13171);
#13170 = CARTESIAN_POINT('',(0.5,0.515,-4.6E-02));
#13171 = VECTOR('',#13172,1.);
#13172 = DIRECTION('',(0.,0.,1.));
#13173 = ORIENTED_EDGE('',*,*,#12656,.F.);
#13174 = ORIENTED_EDGE('',*,*,#13175,.F.);
#13175 = EDGE_CURVE('',#12319,#12657,#13176,.T.);
#13176 = LINE('',#13177,#13178);
#13177 = CARTESIAN_POINT('',(0.5,0.915,-4.6E-02));
#13178 = VECTOR('',#13179,1.);
#13179 = DIRECTION('',(0.,0.,1.));
#13180 = CYLINDRICAL_SURFACE('',#13181,0.2);
#13181 = AXIS2_PLACEMENT_3D('',#13182,#13183,#13184);
#13182 = CARTESIAN_POINT('',(0.5,0.715,-4.6E-02));
#13183 = DIRECTION('',(-0.,-0.,-1.));
#13184 = DIRECTION('',(-0.,-1.,0.));
#13185 = ADVANCED_FACE('',(#13186),#13197,.T.);
#13186 = FACE_BOUND('',#13187,.T.);
#13187 = EDGE_LOOP('',(#13188,#13189,#13190,#13191));
#13188 = ORIENTED_EDGE('',*,*,#12346,.T.);
#13189 = ORIENTED_EDGE('',*,*,#13175,.T.);
#13190 = ORIENTED_EDGE('',*,*,#12684,.F.);
#13191 = ORIENTED_EDGE('',*,*,#13192,.F.);
#13192 = EDGE_CURVE('',#12338,#12676,#13193,.T.);
#13193 = LINE('',#13194,#13195);
#13194 = CARTESIAN_POINT('',(-0.5,0.915,-4.6E-02));
#13195 = VECTOR('',#13196,1.);
#13196 = DIRECTION('',(0.,0.,1.));
#13197 = PLANE('',#13198);
#13198 = AXIS2_PLACEMENT_3D('',#13199,#13200,#13201);
#13199 = CARTESIAN_POINT('',(0.5,0.915,-4.6E-02));
#13200 = DIRECTION('',(0.,-1.,0.));
#13201 = DIRECTION('',(-1.,0.,0.));
#13202 = ADVANCED_FACE('',(#13203),#13214,.F.);
#13203 = FACE_BOUND('',#13204,.T.);
#13204 = EDGE_LOOP('',(#13205,#13206,#13207,#13208));
#13205 = ORIENTED_EDGE('',*,*,#12337,.T.);
#13206 = ORIENTED_EDGE('',*,*,#13192,.T.);
#13207 = ORIENTED_EDGE('',*,*,#12675,.F.);
#13208 = ORIENTED_EDGE('',*,*,#13209,.F.);
#13209 = EDGE_CURVE('',#12330,#12668,#13210,.T.);
#13210 = LINE('',#13211,#13212);
#13211 = CARTESIAN_POINT('',(-0.5,0.515,-4.6E-02));
#13212 = VECTOR('',#13213,1.);
#13213 = DIRECTION('',(0.,0.,1.));
#13214 = CYLINDRICAL_SURFACE('',#13215,0.2);
#13215 = AXIS2_PLACEMENT_3D('',#13216,#13217,#13218);
#13216 = CARTESIAN_POINT('',(-0.5,0.715,-4.6E-02));
#13217 = DIRECTION('',(-0.,0.,-1.));
#13218 = DIRECTION('',(0.,1.,0.));
#13219 = ADVANCED_FACE('',(#13220),#13226,.T.);
#13220 = FACE_BOUND('',#13221,.T.);
#13221 = EDGE_LOOP('',(#13222,#13223,#13224,#13225));
#13222 = ORIENTED_EDGE('',*,*,#12329,.T.);
#13223 = ORIENTED_EDGE('',*,*,#13209,.T.);
#13224 = ORIENTED_EDGE('',*,*,#12667,.F.);
#13225 = ORIENTED_EDGE('',*,*,#13168,.F.);
#13226 = PLANE('',#13227);
#13227 = AXIS2_PLACEMENT_3D('',#13228,#13229,#13230);
#13228 = CARTESIAN_POINT('',(-0.5,0.515,-4.6E-02));
#13229 = DIRECTION('',(0.,1.,0.));
#13230 = DIRECTION('',(1.,0.,0.));
#13231 = ADVANCED_FACE('',(#13232),#13248,.F.);
#13232 = FACE_BOUND('',#13233,.T.);
#13233 = EDGE_LOOP('',(#13234,#13235,#13241,#13242));
#13234 = ORIENTED_EDGE('',*,*,#12354,.T.);
#13235 = ORIENTED_EDGE('',*,*,#13236,.T.);
#13236 = EDGE_CURVE('',#12357,#12695,#13237,.T.);
#13237 = LINE('',#13238,#13239);
#13238 = CARTESIAN_POINT('',(4.575,0.515,-4.6E-02));
#13239 = VECTOR('',#13240,1.);
#13240 = DIRECTION('',(0.,0.,1.));
#13241 = ORIENTED_EDGE('',*,*,#12692,.F.);
#13242 = ORIENTED_EDGE('',*,*,#13243,.F.);
#13243 = EDGE_CURVE('',#12355,#12693,#13244,.T.);
#13244 = LINE('',#13245,#13246);
#13245 = CARTESIAN_POINT('',(4.975,0.515,-4.6E-02));
#13246 = VECTOR('',#13247,1.);
#13247 = DIRECTION('',(0.,0.,1.));
#13248 = CYLINDRICAL_SURFACE('',#13249,0.2);
#13249 = AXIS2_PLACEMENT_3D('',#13250,#13251,#13252);
#13250 = CARTESIAN_POINT('',(4.775,0.515,-4.6E-02));
#13251 = DIRECTION('',(-0.,-0.,-1.));
#13252 = DIRECTION('',(-1.,2.22044604925E-15,-0.));
#13253 = ADVANCED_FACE('',(#13254),#13265,.T.);
#13254 = FACE_BOUND('',#13255,.T.);
#13255 = EDGE_LOOP('',(#13256,#13257,#13258,#13259));
#13256 = ORIENTED_EDGE('',*,*,#12382,.T.);
#13257 = ORIENTED_EDGE('',*,*,#13243,.T.);
#13258 = ORIENTED_EDGE('',*,*,#12720,.F.);
#13259 = ORIENTED_EDGE('',*,*,#13260,.F.);
#13260 = EDGE_CURVE('',#12374,#12712,#13261,.T.);
#13261 = LINE('',#13262,#13263);
#13262 = CARTESIAN_POINT('',(4.975,1.515,-4.6E-02));
#13263 = VECTOR('',#13264,1.);
#13264 = DIRECTION('',(0.,0.,1.));
#13265 = PLANE('',#13266);
#13266 = AXIS2_PLACEMENT_3D('',#13267,#13268,#13269);
#13267 = CARTESIAN_POINT('',(4.975,0.515,-4.6E-02));
#13268 = DIRECTION('',(-1.,0.,0.));
#13269 = DIRECTION('',(0.,1.,0.));
#13270 = ADVANCED_FACE('',(#13271),#13282,.F.);
#13271 = FACE_BOUND('',#13272,.T.);
#13272 = EDGE_LOOP('',(#13273,#13274,#13275,#13276));
#13273 = ORIENTED_EDGE('',*,*,#12373,.T.);
#13274 = ORIENTED_EDGE('',*,*,#13260,.T.);
#13275 = ORIENTED_EDGE('',*,*,#12711,.F.);
#13276 = ORIENTED_EDGE('',*,*,#13277,.F.);
#13277 = EDGE_CURVE('',#12366,#12704,#13278,.T.);
#13278 = LINE('',#13279,#13280);
#13279 = CARTESIAN_POINT('',(4.575,1.515,-4.6E-02));
#13280 = VECTOR('',#13281,1.);
#13281 = DIRECTION('',(0.,0.,1.));
#13282 = CYLINDRICAL_SURFACE('',#13283,0.2);
#13283 = AXIS2_PLACEMENT_3D('',#13284,#13285,#13286);
#13284 = CARTESIAN_POINT('',(4.775,1.515,-4.6E-02));
#13285 = DIRECTION('',(-0.,-0.,-1.));
#13286 = DIRECTION('',(1.,-3.330669073875E-15,0.));
#13287 = ADVANCED_FACE('',(#13288),#13294,.T.);
#13288 = FACE_BOUND('',#13289,.T.);
#13289 = EDGE_LOOP('',(#13290,#13291,#13292,#13293));
#13290 = ORIENTED_EDGE('',*,*,#12365,.T.);
#13291 = ORIENTED_EDGE('',*,*,#13277,.T.);
#13292 = ORIENTED_EDGE('',*,*,#12703,.F.);
#13293 = ORIENTED_EDGE('',*,*,#13236,.F.);
#13294 = PLANE('',#13295);
#13295 = AXIS2_PLACEMENT_3D('',#13296,#13297,#13298);
#13296 = CARTESIAN_POINT('',(4.575,1.515,-4.6E-02));
#13297 = DIRECTION('',(1.,0.,-0.));
#13298 = DIRECTION('',(0.,-1.,0.));
#13299 = ADVANCED_FACE('',(#13300),#13311,.F.);
#13300 = FACE_BOUND('',#13301,.T.);
#13301 = EDGE_LOOP('',(#13302,#13303,#13309,#13310));
#13302 = ORIENTED_EDGE('',*,*,#12390,.T.);
#13303 = ORIENTED_EDGE('',*,*,#13304,.T.);
#13304 = EDGE_CURVE('',#12391,#12729,#13305,.T.);
#13305 = LINE('',#13306,#13307);
#13306 = CARTESIAN_POINT('',(0.,3.815,-4.6E-02));
#13307 = VECTOR('',#13308,1.);
#13308 = DIRECTION('',(0.,0.,1.));
#13309 = ORIENTED_EDGE('',*,*,#12728,.F.);
#13310 = ORIENTED_EDGE('',*,*,#13304,.F.);
#13311 = CYLINDRICAL_SURFACE('',#13312,0.3);
#13312 = AXIS2_PLACEMENT_3D('',#13313,#13314,#13315);
#13313 = CARTESIAN_POINT('',(0.,4.115,-4.6E-02));
#13314 = DIRECTION('',(-0.,-0.,-1.));
#13315 = DIRECTION('',(-0.,-1.,0.));
#13316 = ADVANCED_FACE('',(#13317),#13333,.F.);
#13317 = FACE_BOUND('',#13318,.T.);
#13318 = EDGE_LOOP('',(#13319,#13320,#13326,#13327));
#13319 = ORIENTED_EDGE('',*,*,#12401,.T.);
#13320 = ORIENTED_EDGE('',*,*,#13321,.T.);
#13321 = EDGE_CURVE('',#12404,#12742,#13322,.T.);
#13322 = LINE('',#13323,#13324);
#13323 = CARTESIAN_POINT('',(3.275,3.915,-4.6E-02));
#13324 = VECTOR('',#13325,1.);
#13325 = DIRECTION('',(0.,0.,1.));
#13326 = ORIENTED_EDGE('',*,*,#12739,.F.);
#13327 = ORIENTED_EDGE('',*,*,#13328,.F.);
#13328 = EDGE_CURVE('',#12402,#12740,#13329,.T.);
#13329 = LINE('',#13330,#13331);
#13330 = CARTESIAN_POINT('',(3.275,4.315,-4.6E-02));
#13331 = VECTOR('',#13332,1.);
#13332 = DIRECTION('',(0.,0.,1.));
#13333 = CYLINDRICAL_SURFACE('',#13334,0.2);
#13334 = AXIS2_PLACEMENT_3D('',#13335,#13336,#13337);
#13335 = CARTESIAN_POINT('',(3.275,4.115,-4.6E-02));
#13336 = DIRECTION('',(-0.,-0.,-1.));
#13337 = DIRECTION('',(-2.22044604925E-15,-1.,0.));
#13338 = ADVANCED_FACE('',(#13339),#13350,.T.);
#13339 = FACE_BOUND('',#13340,.T.);
#13340 = EDGE_LOOP('',(#13341,#13342,#13343,#13344));
#13341 = ORIENTED_EDGE('',*,*,#12429,.T.);
#13342 = ORIENTED_EDGE('',*,*,#13328,.T.);
#13343 = ORIENTED_EDGE('',*,*,#12767,.F.);
#13344 = ORIENTED_EDGE('',*,*,#13345,.F.);
#13345 = EDGE_CURVE('',#12421,#12759,#13346,.T.);
#13346 = LINE('',#13347,#13348);
#13347 = CARTESIAN_POINT('',(2.275,4.315,-4.6E-02));
#13348 = VECTOR('',#13349,1.);
#13349 = DIRECTION('',(0.,0.,1.));
#13350 = PLANE('',#13351);
#13351 = AXIS2_PLACEMENT_3D('',#13352,#13353,#13354);
#13352 = CARTESIAN_POINT('',(3.275,4.315,-4.6E-02));
#13353 = DIRECTION('',(0.,-1.,0.));
#13354 = DIRECTION('',(-1.,0.,0.));
#13355 = ADVANCED_FACE('',(#13356),#13367,.F.);
#13356 = FACE_BOUND('',#13357,.T.);
#13357 = EDGE_LOOP('',(#13358,#13359,#13360,#13361));
#13358 = ORIENTED_EDGE('',*,*,#12420,.T.);
#13359 = ORIENTED_EDGE('',*,*,#13345,.T.);
#13360 = ORIENTED_EDGE('',*,*,#12758,.F.);
#13361 = ORIENTED_EDGE('',*,*,#13362,.F.);
#13362 = EDGE_CURVE('',#12413,#12751,#13363,.T.);
#13363 = LINE('',#13364,#13365);
#13364 = CARTESIAN_POINT('',(2.275,3.915,-4.6E-02));
#13365 = VECTOR('',#13366,1.);
#13366 = DIRECTION('',(0.,0.,1.));
#13367 = CYLINDRICAL_SURFACE('',#13368,0.2);
#13368 = AXIS2_PLACEMENT_3D('',#13369,#13370,#13371);
#13369 = CARTESIAN_POINT('',(2.275,4.115,-4.6E-02));
#13370 = DIRECTION('',(-0.,0.,-1.));
#13371 = DIRECTION('',(0.,1.,0.));
#13372 = ADVANCED_FACE('',(#13373),#13379,.T.);
#13373 = FACE_BOUND('',#13374,.T.);
#13374 = EDGE_LOOP('',(#13375,#13376,#13377,#13378));
#13375 = ORIENTED_EDGE('',*,*,#12412,.T.);
#13376 = ORIENTED_EDGE('',*,*,#13362,.T.);
#13377 = ORIENTED_EDGE('',*,*,#12750,.F.);
#13378 = ORIENTED_EDGE('',*,*,#13321,.F.);
#13379 = PLANE('',#13380);
#13380 = AXIS2_PLACEMENT_3D('',#13381,#13382,#13383);
#13381 = CARTESIAN_POINT('',(2.275,3.915,-4.6E-02));
#13382 = DIRECTION('',(0.,1.,0.));
#13383 = DIRECTION('',(1.,0.,0.));
#13384 = ( GEOMETRIC_REPRESENTATION_CONTEXT(3) 
GLOBAL_UNCERTAINTY_ASSIGNED_CONTEXT((#13388)) 
GLOBAL_UNIT_ASSIGNED_CONTEXT((#13385,#13386,#13387)) 
REPRESENTATION_CONTEXT('Context #1',
  '3D Context with UNIT and UNCERTAINTY') );
#13385 = ( LENGTH_UNIT() NAMED_UNIT(*) SI_UNIT(.MILLI.,.METRE.) );
#13386 = ( NAMED_UNIT(*) PLANE_ANGLE_UNIT() SI_UNIT($,.RADIAN.) );
#13387 = ( NAMED_UNIT(*) SI_UNIT($,.STERADIAN.) SOLID_ANGLE_UNIT() );
#13388 = UNCERTAINTY_MEASURE_WITH_UNIT(LENGTH_MEASURE(1.E-07),#13385,
  'distance_accuracy_value','confusion accuracy');
#13389 = CONTEXT_DEPENDENT_SHAPE_REPRESENTATION(#13390,#13392);
#13390 = ( REPRESENTATION_RELATIONSHIP('','',#11996,#10) 
REPRESENTATION_RELATIONSHIP_WITH_TRANSFORMATION(#13391) 
SHAPE_REPRESENTATION_RELATIONSHIP() );
#13391 = ITEM_DEFINED_TRANSFORMATION('','',#11,#35);
#13392 = PRODUCT_DEFINITION_SHAPE('Placement','Placement of an item',
  #13393);
#13393 = NEXT_ASSEMBLY_USAGE_OCCURRENCE('19','=>[0:1:1:20]','',#5,#11991
  ,$);
#13394 = PRODUCT_RELATED_PRODUCT_CATEGORY('part',$,(#11993));
#13395 = MECHANICAL_DESIGN_GEOMETRIC_PRESENTATION_REPRESENTATION('',(
    #13396),#3016);
#13396 = STYLED_ITEM('color',(#13397),#2963);
#13397 = PRESENTATION_STYLE_ASSIGNMENT((#13398));
#13398 = SURFACE_STYLE_USAGE(.BOTH.,#13399);
#13399 = SURFACE_SIDE_STYLE('',(#13400));
#13400 = SURFACE_STYLE_FILL_AREA(#13401);
#13401 = FILL_AREA_STYLE('',(#13402));
#13402 = FILL_AREA_STYLE_COLOUR('',#13403);
#13403 = COLOUR_RGB('',3.499999902211E-02,3.999999888241E-02,
  4.499999925419E-02);
#13404 = MECHANICAL_DESIGN_GEOMETRIC_PRESENTATION_REPRESENTATION('',(
    #13405),#2293);
#13405 = STYLED_ITEM('color',(#13406),#2143);
#13406 = PRESENTATION_STYLE_ASSIGNMENT((#13407));
#13407 = SURFACE_STYLE_USAGE(.BOTH.,#13408);
#13408 = SURFACE_SIDE_STYLE('',(#13409));
#13409 = SURFACE_STYLE_FILL_AREA(#13410);
#13410 = FILL_AREA_STYLE('',(#13411));
#13411 = FILL_AREA_STYLE_COLOUR('',#13412);
#13412 = COLOUR_RGB('',0.720000003324,0.720000003324,0.679999990811);
#13413 = MECHANICAL_DESIGN_GEOMETRIC_PRESENTATION_REPRESENTATION('',(
    #13414,#13424,#13433,#13442,#13451,#13460,#13469),#11002);
#13414 = STYLED_ITEM('color',(#13415),#10356);
#13415 = PRESENTATION_STYLE_ASSIGNMENT((#13416));
#13416 = SURFACE_STYLE_USAGE(.BOTH.,#13417);
#13417 = SURFACE_SIDE_STYLE('',(#13418,#13422));
#13418 = SURFACE_STYLE_FILL_AREA(#13419);
#13419 = FILL_AREA_STYLE('',(#13420));
#13420 = FILL_AREA_STYLE_COLOUR('',#13421);
#13421 = DRAUGHTING_PRE_DEFINED_COLOUR('white');
#13422 = SURFACE_STYLE_RENDERING_WITH_PROPERTIES(.NORMAL_SHADING.,#13421
  ,(#13423));
#13423 = SURFACE_STYLE_TRANSPARENT(0.100000023842);
#13424 = STYLED_ITEM('color',(#13425),#10440);
#13425 = PRESENTATION_STYLE_ASSIGNMENT((#13426));
#13426 = SURFACE_STYLE_USAGE(.BOTH.,#13427);
#13427 = SURFACE_SIDE_STYLE('',(#13428,#13431));
#13428 = SURFACE_STYLE_FILL_AREA(#13429);
#13429 = FILL_AREA_STYLE('',(#13430));
#13430 = FILL_AREA_STYLE_COLOUR('',#13421);
#13431 = SURFACE_STYLE_RENDERING_WITH_PROPERTIES(.NORMAL_SHADING.,#13421
  ,(#13432));
#13432 = SURFACE_STYLE_TRANSPARENT(0.100000023842);
#13433 = STYLED_ITEM('color',(#13434),#10492);
#13434 = PRESENTATION_STYLE_ASSIGNMENT((#13435));
#13435 = SURFACE_STYLE_USAGE(.BOTH.,#13436);
#13436 = SURFACE_SIDE_STYLE('',(#13437,#13440));
#13437 = SURFACE_STYLE_FILL_AREA(#13438);
#13438 = FILL_AREA_STYLE('',(#13439));
#13439 = FILL_AREA_STYLE_COLOUR('',#13421);
#13440 = SURFACE_STYLE_RENDERING_WITH_PROPERTIES(.NORMAL_SHADING.,#13421
  ,(#13441));
#13441 = SURFACE_STYLE_TRANSPARENT(0.100000023842);
#13442 = STYLED_ITEM('color',(#13443),#10544);
#13443 = PRESENTATION_STYLE_ASSIGNMENT((#13444));
#13444 = SURFACE_STYLE_USAGE(.BOTH.,#13445);
#13445 = SURFACE_SIDE_STYLE('',(#13446,#13449));
#13446 = SURFACE_STYLE_FILL_AREA(#13447);
#13447 = FILL_AREA_STYLE('',(#13448));
#13448 = FILL_AREA_STYLE_COLOUR('',#13421);
#13449 = SURFACE_STYLE_RENDERING_WITH_PROPERTIES(.NORMAL_SHADING.,#13421
  ,(#13450));
#13450 = SURFACE_STYLE_TRANSPARENT(0.100000023842);
#13451 = STYLED_ITEM('color',(#13452),#10645);
#13452 = PRESENTATION_STYLE_ASSIGNMENT((#13453));
#13453 = SURFACE_STYLE_USAGE(.BOTH.,#13454);
#13454 = SURFACE_SIDE_STYLE('',(#13455,#13458));
#13455 = SURFACE_STYLE_FILL_AREA(#13456);
#13456 = FILL_AREA_STYLE('',(#13457));
#13457 = FILL_AREA_STYLE_COLOUR('',#13421);
#13458 = SURFACE_STYLE_RENDERING_WITH_PROPERTIES(.NORMAL_SHADING.,#13421
  ,(#13459));
#13459 = SURFACE_STYLE_TRANSPARENT(0.100000023842);
#13460 = STYLED_ITEM('color',(#13461),#10866);
#13461 = PRESENTATION_STYLE_ASSIGNMENT((#13462));
#13462 = SURFACE_STYLE_USAGE(.BOTH.,#13463);
#13463 = SURFACE_SIDE_STYLE('',(#13464,#13467));
#13464 = SURFACE_STYLE_FILL_AREA(#13465);
#13465 = FILL_AREA_STYLE('',(#13466));
#13466 = FILL_AREA_STYLE_COLOUR('',#13421);
#13467 = SURFACE_STYLE_RENDERING_WITH_PROPERTIES(.NORMAL_SHADING.,#13421
  ,(#13468));
#13468 = SURFACE_STYLE_TRANSPARENT(0.100000023842);
#13469 = STYLED_ITEM('color',(#13470),#10935);
#13470 = PRESENTATION_STYLE_ASSIGNMENT((#13471));
#13471 = SURFACE_STYLE_USAGE(.BOTH.,#13472);
#13472 = SURFACE_SIDE_STYLE('',(#13473,#13476));
#13473 = SURFACE_STYLE_FILL_AREA(#13474);
#13474 = FILL_AREA_STYLE('',(#13475));
#13475 = FILL_AREA_STYLE_COLOUR('',#13421);
#13476 = SURFACE_STYLE_RENDERING_WITH_PROPERTIES(.NORMAL_SHADING.,#13421
  ,(#13477));
#13477 = SURFACE_STYLE_TRANSPARENT(0.100000023842);
#13478 = MECHANICAL_DESIGN_GEOMETRIC_PRESENTATION_REPRESENTATION('',(
    #13479),#2124);
#13479 = STYLED_ITEM('color',(#13480),#1974);
#13480 = PRESENTATION_STYLE_ASSIGNMENT((#13481));
#13481 = SURFACE_STYLE_USAGE(.BOTH.,#13482);
#13482 = SURFACE_SIDE_STYLE('',(#13483));
#13483 = SURFACE_STYLE_FILL_AREA(#13484);
#13484 = FILL_AREA_STYLE('',(#13485));
#13485 = FILL_AREA_STYLE_COLOUR('',#13486);
#13486 = COLOUR_RGB('',0.720000003324,0.520000005207,0.1599999992);
#13487 = MECHANICAL_DESIGN_GEOMETRIC_PRESENTATION_REPRESENTATION('',(
    #13488),#1675);
#13488 = STYLED_ITEM('color',(#13489),#865);
#13489 = PRESENTATION_STYLE_ASSIGNMENT((#13490));
#13490 = SURFACE_STYLE_USAGE(.BOTH.,#13491);
#13491 = SURFACE_SIDE_STYLE('',(#13492));
#13492 = SURFACE_STYLE_FILL_AREA(#13493);
#13493 = FILL_AREA_STYLE('',(#13494));
#13494 = FILL_AREA_STYLE_COLOUR('',#13495);
#13495 = COLOUR_RGB('',0.679999990811,0.709999997415,0.729999995167);
#13496 = MECHANICAL_DESIGN_GEOMETRIC_PRESENTATION_REPRESENTATION('',(
    #13497),#11490);
#13497 = STYLED_ITEM('color',(#13498),#11023);
#13498 = PRESENTATION_STYLE_ASSIGNMENT((#13499));
#13499 = SURFACE_STYLE_USAGE(.BOTH.,#13500);
#13500 = SURFACE_SIDE_STYLE('',(#13501,#13505));
#13501 = SURFACE_STYLE_FILL_AREA(#13502);
#13502 = FILL_AREA_STYLE('',(#13503));
#13503 = FILL_AREA_STYLE_COLOUR('',#13504);
#13504 = COLOUR_RGB('',0.313304153717,0.484529207832,0.410020903123);
#13505 = SURFACE_STYLE_RENDERING_WITH_PROPERTIES(.NORMAL_SHADING.,#13504
  ,(#13506));
#13506 = SURFACE_STYLE_TRANSPARENT(0.170000016689);
#13507 = MECHANICAL_DESIGN_GEOMETRIC_PRESENTATION_REPRESENTATION('',(
    #13508),#11978);
#13508 = STYLED_ITEM('color',(#13509),#11511);
#13509 = PRESENTATION_STYLE_ASSIGNMENT((#13510));
#13510 = SURFACE_STYLE_USAGE(.BOTH.,#13511);
#13511 = SURFACE_SIDE_STYLE('',(#13512,#13515));
#13512 = SURFACE_STYLE_FILL_AREA(#13513);
#13513 = FILL_AREA_STYLE('',(#13514));
#13514 = FILL_AREA_STYLE_COLOUR('',#13504);
#13515 = SURFACE_STYLE_RENDERING_WITH_PROPERTIES(.NORMAL_SHADING.,#13504
  ,(#13516));
#13516 = SURFACE_STYLE_TRANSPARENT(0.170000016689);
#13517 = MECHANICAL_DESIGN_GEOMETRIC_PRESENTATION_REPRESENTATION('',(
    #13518),#846);
#13518 = STYLED_ITEM('color',(#13519),#143);
#13519 = PRESENTATION_STYLE_ASSIGNMENT((#13520));
#13520 = SURFACE_STYLE_USAGE(.BOTH.,#13521);
#13521 = SURFACE_SIDE_STYLE('',(#13522));
#13522 = SURFACE_STYLE_FILL_AREA(#13523);
#13523 = FILL_AREA_STYLE('',(#13524));
#13524 = FILL_AREA_STYLE_COLOUR('',#13403);
#13525 = MECHANICAL_DESIGN_GEOMETRIC_PRESENTATION_REPRESENTATION('',(
    #13526),#2703);
#13526 = STYLED_ITEM('color',(#13527),#2553);
#13527 = PRESENTATION_STYLE_ASSIGNMENT((#13528));
#13528 = SURFACE_STYLE_USAGE(.BOTH.,#13529);
#13529 = SURFACE_SIDE_STYLE('',(#13530));
#13530 = SURFACE_STYLE_FILL_AREA(#13531);
#13531 = FILL_AREA_STYLE('',(#13532));
#13532 = FILL_AREA_STYLE_COLOUR('',#13412);
#13533 = MECHANICAL_DESIGN_GEOMETRIC_PRESENTATION_REPRESENTATION('',(
    #13534,#13542,#13549,#13556,#13563,#13570,#13577,#13584,#13591,
    #13598,#13605,#13612,#13619,#13626,#13633,#13640,#13647,#13654,
    #13661,#13668,#13675,#13682,#13689,#13696,#13703,#13710,#13717),
  #10335);
#13534 = STYLED_ITEM('color',(#13535),#3035);
#13535 = PRESENTATION_STYLE_ASSIGNMENT((#13536));
#13536 = SURFACE_STYLE_USAGE(.BOTH.,#13537);
#13537 = SURFACE_SIDE_STYLE('',(#13538));
#13538 = SURFACE_STYLE_FILL_AREA(#13539);
#13539 = FILL_AREA_STYLE('',(#13540));
#13540 = FILL_AREA_STYLE_COLOUR('',#13541);
#13541 = COLOUR_RGB('',0.735356983052,0.735356983052,0.735356983052);
#13542 = STYLED_ITEM('color',(#13543),#3329);
#13543 = PRESENTATION_STYLE_ASSIGNMENT((#13544));
#13544 = SURFACE_STYLE_USAGE(.BOTH.,#13545);
#13545 = SURFACE_SIDE_STYLE('',(#13546));
#13546 = SURFACE_STYLE_FILL_AREA(#13547);
#13547 = FILL_AREA_STYLE('',(#13548));
#13548 = FILL_AREA_STYLE_COLOUR('',#13541);
#13549 = STYLED_ITEM('color',(#13550),#3623);
#13550 = PRESENTATION_STYLE_ASSIGNMENT((#13551));
#13551 = SURFACE_STYLE_USAGE(.BOTH.,#13552);
#13552 = SURFACE_SIDE_STYLE('',(#13553));
#13553 = SURFACE_STYLE_FILL_AREA(#13554);
#13554 = FILL_AREA_STYLE('',(#13555));
#13555 = FILL_AREA_STYLE_COLOUR('',#13541);
#13556 = STYLED_ITEM('color',(#13557),#3917);
#13557 = PRESENTATION_STYLE_ASSIGNMENT((#13558));
#13558 = SURFACE_STYLE_USAGE(.BOTH.,#13559);
#13559 = SURFACE_SIDE_STYLE('',(#13560));
#13560 = SURFACE_STYLE_FILL_AREA(#13561);
#13561 = FILL_AREA_STYLE('',(#13562));
#13562 = FILL_AREA_STYLE_COLOUR('',#13541);
#13563 = STYLED_ITEM('color',(#13564),#4211);
#13564 = PRESENTATION_STYLE_ASSIGNMENT((#13565));
#13565 = SURFACE_STYLE_USAGE(.BOTH.,#13566);
#13566 = SURFACE_SIDE_STYLE('',(#13567));
#13567 = SURFACE_STYLE_FILL_AREA(#13568);
#13568 = FILL_AREA_STYLE('',(#13569));
#13569 = FILL_AREA_STYLE_COLOUR('',#13541);
#13570 = STYLED_ITEM('color',(#13571),#4505);
#13571 = PRESENTATION_STYLE_ASSIGNMENT((#13572));
#13572 = SURFACE_STYLE_USAGE(.BOTH.,#13573);
#13573 = SURFACE_SIDE_STYLE('',(#13574));
#13574 = SURFACE_STYLE_FILL_AREA(#13575);
#13575 = FILL_AREA_STYLE('',(#13576));
#13576 = FILL_AREA_STYLE_COLOUR('',#13541);
#13577 = STYLED_ITEM('color',(#13578),#4799);
#13578 = PRESENTATION_STYLE_ASSIGNMENT((#13579));
#13579 = SURFACE_STYLE_USAGE(.BOTH.,#13580);
#13580 = SURFACE_SIDE_STYLE('',(#13581));
#13581 = SURFACE_STYLE_FILL_AREA(#13582);
#13582 = FILL_AREA_STYLE('',(#13583));
#13583 = FILL_AREA_STYLE_COLOUR('',#13541);
#13584 = STYLED_ITEM('color',(#13585),#5089);
#13585 = PRESENTATION_STYLE_ASSIGNMENT((#13586));
#13586 = SURFACE_STYLE_USAGE(.BOTH.,#13587);
#13587 = SURFACE_SIDE_STYLE('',(#13588));
#13588 = SURFACE_STYLE_FILL_AREA(#13589);
#13589 = FILL_AREA_STYLE('',(#13590));
#13590 = FILL_AREA_STYLE_COLOUR('',#13541);
#13591 = STYLED_ITEM('color',(#13592),#5379);
#13592 = PRESENTATION_STYLE_ASSIGNMENT((#13593));
#13593 = SURFACE_STYLE_USAGE(.BOTH.,#13594);
#13594 = SURFACE_SIDE_STYLE('',(#13595));
#13595 = SURFACE_STYLE_FILL_AREA(#13596);
#13596 = FILL_AREA_STYLE('',(#13597));
#13597 = FILL_AREA_STYLE_COLOUR('',#13541);
#13598 = STYLED_ITEM('color',(#13599),#5673);
#13599 = PRESENTATION_STYLE_ASSIGNMENT((#13600));
#13600 = SURFACE_STYLE_USAGE(.BOTH.,#13601);
#13601 = SURFACE_SIDE_STYLE('',(#13602));
#13602 = SURFACE_STYLE_FILL_AREA(#13603);
#13603 = FILL_AREA_STYLE('',(#13604));
#13604 = FILL_AREA_STYLE_COLOUR('',#13541);
#13605 = STYLED_ITEM('color',(#13606),#5963);
#13606 = PRESENTATION_STYLE_ASSIGNMENT((#13607));
#13607 = SURFACE_STYLE_USAGE(.BOTH.,#13608);
#13608 = SURFACE_SIDE_STYLE('',(#13609));
#13609 = SURFACE_STYLE_FILL_AREA(#13610);
#13610 = FILL_AREA_STYLE('',(#13611));
#13611 = FILL_AREA_STYLE_COLOUR('',#13541);
#13612 = STYLED_ITEM('color',(#13613),#6253);
#13613 = PRESENTATION_STYLE_ASSIGNMENT((#13614));
#13614 = SURFACE_STYLE_USAGE(.BOTH.,#13615);
#13615 = SURFACE_SIDE_STYLE('',(#13616));
#13616 = SURFACE_STYLE_FILL_AREA(#13617);
#13617 = FILL_AREA_STYLE('',(#13618));
#13618 = FILL_AREA_STYLE_COLOUR('',#13541);
#13619 = STYLED_ITEM('color',(#13620),#6547);
#13620 = PRESENTATION_STYLE_ASSIGNMENT((#13621));
#13621 = SURFACE_STYLE_USAGE(.BOTH.,#13622);
#13622 = SURFACE_SIDE_STYLE('',(#13623));
#13623 = SURFACE_STYLE_FILL_AREA(#13624);
#13624 = FILL_AREA_STYLE('',(#13625));
#13625 = FILL_AREA_STYLE_COLOUR('',#13541);
#13626 = STYLED_ITEM('color',(#13627),#6837);
#13627 = PRESENTATION_STYLE_ASSIGNMENT((#13628));
#13628 = SURFACE_STYLE_USAGE(.BOTH.,#13629);
#13629 = SURFACE_SIDE_STYLE('',(#13630));
#13630 = SURFACE_STYLE_FILL_AREA(#13631);
#13631 = FILL_AREA_STYLE('',(#13632));
#13632 = FILL_AREA_STYLE_COLOUR('',#13541);
#13633 = STYLED_ITEM('color',(#13634),#7127);
#13634 = PRESENTATION_STYLE_ASSIGNMENT((#13635));
#13635 = SURFACE_STYLE_USAGE(.BOTH.,#13636);
#13636 = SURFACE_SIDE_STYLE('',(#13637));
#13637 = SURFACE_STYLE_FILL_AREA(#13638);
#13638 = FILL_AREA_STYLE('',(#13639));
#13639 = FILL_AREA_STYLE_COLOUR('',#13541);
#13640 = STYLED_ITEM('color',(#13641),#7421);
#13641 = PRESENTATION_STYLE_ASSIGNMENT((#13642));
#13642 = SURFACE_STYLE_USAGE(.BOTH.,#13643);
#13643 = SURFACE_SIDE_STYLE('',(#13644));
#13644 = SURFACE_STYLE_FILL_AREA(#13645);
#13645 = FILL_AREA_STYLE('',(#13646));
#13646 = FILL_AREA_STYLE_COLOUR('',#13541);
#13647 = STYLED_ITEM('color',(#13648),#7711);
#13648 = PRESENTATION_STYLE_ASSIGNMENT((#13649));
#13649 = SURFACE_STYLE_USAGE(.BOTH.,#13650);
#13650 = SURFACE_SIDE_STYLE('',(#13651));
#13651 = SURFACE_STYLE_FILL_AREA(#13652);
#13652 = FILL_AREA_STYLE('',(#13653));
#13653 = FILL_AREA_STYLE_COLOUR('',#13541);
#13654 = STYLED_ITEM('color',(#13655),#8001);
#13655 = PRESENTATION_STYLE_ASSIGNMENT((#13656));
#13656 = SURFACE_STYLE_USAGE(.BOTH.,#13657);
#13657 = SURFACE_SIDE_STYLE('',(#13658));
#13658 = SURFACE_STYLE_FILL_AREA(#13659);
#13659 = FILL_AREA_STYLE('',(#13660));
#13660 = FILL_AREA_STYLE_COLOUR('',#13541);
#13661 = STYLED_ITEM('color',(#13662),#8295);
#13662 = PRESENTATION_STYLE_ASSIGNMENT((#13663));
#13663 = SURFACE_STYLE_USAGE(.BOTH.,#13664);
#13664 = SURFACE_SIDE_STYLE('',(#13665));
#13665 = SURFACE_STYLE_FILL_AREA(#13666);
#13666 = FILL_AREA_STYLE('',(#13667));
#13667 = FILL_AREA_STYLE_COLOUR('',#13541);
#13668 = STYLED_ITEM('color',(#13669),#8589);
#13669 = PRESENTATION_STYLE_ASSIGNMENT((#13670));
#13670 = SURFACE_STYLE_USAGE(.BOTH.,#13671);
#13671 = SURFACE_SIDE_STYLE('',(#13672));
#13672 = SURFACE_STYLE_FILL_AREA(#13673);
#13673 = FILL_AREA_STYLE('',(#13674));
#13674 = FILL_AREA_STYLE_COLOUR('',#13541);
#13675 = STYLED_ITEM('color',(#13676),#8883);
#13676 = PRESENTATION_STYLE_ASSIGNMENT((#13677));
#13677 = SURFACE_STYLE_USAGE(.BOTH.,#13678);
#13678 = SURFACE_SIDE_STYLE('',(#13679));
#13679 = SURFACE_STYLE_FILL_AREA(#13680);
#13680 = FILL_AREA_STYLE('',(#13681));
#13681 = FILL_AREA_STYLE_COLOUR('',#13541);
#13682 = STYLED_ITEM('color',(#13683),#9177);
#13683 = PRESENTATION_STYLE_ASSIGNMENT((#13684));
#13684 = SURFACE_STYLE_USAGE(.BOTH.,#13685);
#13685 = SURFACE_SIDE_STYLE('',(#13686));
#13686 = SURFACE_STYLE_FILL_AREA(#13687);
#13687 = FILL_AREA_STYLE('',(#13688));
#13688 = FILL_AREA_STYLE_COLOUR('',#13541);
#13689 = STYLED_ITEM('color',(#13690),#9471);
#13690 = PRESENTATION_STYLE_ASSIGNMENT((#13691));
#13691 = SURFACE_STYLE_USAGE(.BOTH.,#13692);
#13692 = SURFACE_SIDE_STYLE('',(#13693));
#13693 = SURFACE_STYLE_FILL_AREA(#13694);
#13694 = FILL_AREA_STYLE('',(#13695));
#13695 = FILL_AREA_STYLE_COLOUR('',#13541);
#13696 = STYLED_ITEM('color',(#13697),#9765);
#13697 = PRESENTATION_STYLE_ASSIGNMENT((#13698));
#13698 = SURFACE_STYLE_USAGE(.BOTH.,#13699);
#13699 = SURFACE_SIDE_STYLE('',(#13700));
#13700 = SURFACE_STYLE_FILL_AREA(#13701);
#13701 = FILL_AREA_STYLE('',(#13702));
#13702 = FILL_AREA_STYLE_COLOUR('',#13541);
#13703 = STYLED_ITEM('color',(#13704),#10059);
#13704 = PRESENTATION_STYLE_ASSIGNMENT((#13705));
#13705 = SURFACE_STYLE_USAGE(.BOTH.,#13706);
#13706 = SURFACE_SIDE_STYLE('',(#13707));
#13707 = SURFACE_STYLE_FILL_AREA(#13708);
#13708 = FILL_AREA_STYLE('',(#13709));
#13709 = FILL_AREA_STYLE_COLOUR('',#13541);
#13710 = STYLED_ITEM('color',(#13711),#10151);
#13711 = PRESENTATION_STYLE_ASSIGNMENT((#13712));
#13712 = SURFACE_STYLE_USAGE(.BOTH.,#13713);
#13713 = SURFACE_SIDE_STYLE('',(#13714));
#13714 = SURFACE_STYLE_FILL_AREA(#13715);
#13715 = FILL_AREA_STYLE('',(#13716));
#13716 = FILL_AREA_STYLE_COLOUR('',#13541);
#13717 = STYLED_ITEM('color',(#13718),#10243);
#13718 = PRESENTATION_STYLE_ASSIGNMENT((#13719));
#13719 = SURFACE_STYLE_USAGE(.BOTH.,#13720);
#13720 = SURFACE_SIDE_STYLE('',(#13721));
#13721 = SURFACE_STYLE_FILL_AREA(#13722);
#13722 = FILL_AREA_STYLE('',(#13723));
#13723 = FILL_AREA_STYLE_COLOUR('',#13541);
#13724 = MECHANICAL_DESIGN_GEOMETRIC_PRESENTATION_REPRESENTATION('',(
    #13725),#13384);
#13725 = STYLED_ITEM('color',(#13726),#11997);
#13726 = PRESENTATION_STYLE_ASSIGNMENT((#13727));
#13727 = SURFACE_STYLE_USAGE(.BOTH.,#13728);
#13728 = SURFACE_SIDE_STYLE('',(#13729,#13733));
#13729 = SURFACE_STYLE_FILL_AREA(#13730);
#13730 = FILL_AREA_STYLE('',(#13731));
#13731 = FILL_AREA_STYLE_COLOUR('',#13732);
#13732 = COLOUR_RGB('',0.679975718802,0.701410709185,0.574871009914);
#13733 = SURFACE_STYLE_RENDERING_WITH_PROPERTIES(.NORMAL_SHADING.,#13732
  ,(#13734));
#13734 = SURFACE_STYLE_TRANSPARENT(1.999998092651E-02);
#13735 = MECHANICAL_DESIGN_GEOMETRIC_PRESENTATION_REPRESENTATION('',(
    #13736),#2462);
#13736 = STYLED_ITEM('color',(#13737),#2312);
#13737 = PRESENTATION_STYLE_ASSIGNMENT((#13738));
#13738 = SURFACE_STYLE_USAGE(.BOTH.,#13739);
#13739 = SURFACE_SIDE_STYLE('',(#13740));
#13740 = SURFACE_STYLE_FILL_AREA(#13741);
#13741 = FILL_AREA_STYLE('',(#13742));
#13742 = FILL_AREA_STYLE_COLOUR('',#13412);
#13743 = MECHANICAL_DESIGN_GEOMETRIC_PRESENTATION_REPRESENTATION('',(
    #13744),#1786);
#13744 = STYLED_ITEM('color',(#13745),#1694);
#13745 = PRESENTATION_STYLE_ASSIGNMENT((#13746));
#13746 = SURFACE_STYLE_USAGE(.BOTH.,#13747);
#13747 = SURFACE_SIDE_STYLE('',(#13748));
#13748 = SURFACE_STYLE_FILL_AREA(#13749);
#13749 = FILL_AREA_STYLE('',(#13750));
#13750 = FILL_AREA_STYLE_COLOUR('',#13751);
#13751 = COLOUR_RGB('',9.999999991362E-02,0.114999998008,0.120000001395
  );
#13752 = MECHANICAL_DESIGN_GEOMETRIC_PRESENTATION_REPRESENTATION('',(
    #13753),#1955);
#13753 = STYLED_ITEM('color',(#13754),#1805);
#13754 = PRESENTATION_STYLE_ASSIGNMENT((#13755));
#13755 = SURFACE_STYLE_USAGE(.BOTH.,#13756);
#13756 = SURFACE_SIDE_STYLE('',(#13757));
#13757 = SURFACE_STYLE_FILL_AREA(#13758);
#13758 = FILL_AREA_STYLE('',(#13759));
#13759 = FILL_AREA_STYLE_COLOUR('',#13486);
#13760 = MECHANICAL_DESIGN_GEOMETRIC_PRESENTATION_REPRESENTATION('',(
    #13761),#2944);
#13761 = STYLED_ITEM('color',(#13762),#2891);
#13762 = PRESENTATION_STYLE_ASSIGNMENT((#13763));
#13763 = SURFACE_STYLE_USAGE(.BOTH.,#13764);
#13764 = SURFACE_SIDE_STYLE('',(#13765));
#13765 = SURFACE_STYLE_FILL_AREA(#13766);
#13766 = FILL_AREA_STYLE('',(#13767));
#13767 = FILL_AREA_STYLE_COLOUR('',#13403);
#13768 = MECHANICAL_DESIGN_GEOMETRIC_PRESENTATION_REPRESENTATION('',(
    #13769),#2872);
#13769 = STYLED_ITEM('color',(#13770),#2722);
#13770 = PRESENTATION_STYLE_ASSIGNMENT((#13771));
#13771 = SURFACE_STYLE_USAGE(.BOTH.,#13772);
#13772 = SURFACE_SIDE_STYLE('',(#13773));
#13773 = SURFACE_STYLE_FILL_AREA(#13774);
#13774 = FILL_AREA_STYLE('',(#13775));
#13775 = FILL_AREA_STYLE_COLOUR('',#13412);
#13776 = MECHANICAL_DESIGN_GEOMETRIC_PRESENTATION_REPRESENTATION('',(
    #13777),#2534);
#13777 = STYLED_ITEM('color',(#13778),#2481);
#13778 = PRESENTATION_STYLE_ASSIGNMENT((#13779));
#13779 = SURFACE_STYLE_USAGE(.BOTH.,#13780);
#13780 = SURFACE_SIDE_STYLE('',(#13781));
#13781 = SURFACE_STYLE_FILL_AREA(#13782);
#13782 = FILL_AREA_STYLE('',(#13783));
#13783 = FILL_AREA_STYLE_COLOUR('',#13412);
ENDSEC;
END-ISO-10303-21;
