ISO-10303-21;
HEADER;
/* JST_XH_B4B-XH-A_1x04_P2.50mm_Vertical.step 3D STEP model for use in ECAD systems
 * Copyright (C) 2019, Rene Poeschl
 *
 * This work is licensed under the [Creative Commons CC-BY-SA 4.0 License](https://creativecommons.org/licenses/by-sa/4.0/legalcode),
 * with the following exception:
 * To the extent that the creation of electronic designs that use 'Licensed Material' can be considered to be 'Adapted Material',
 * then the copyright holder waives article 3 of the license with respect to these designs and any generated files which use data provided
 * as part of the 'Licensed Material'.
 * You are free to use the library data in your own projects without the obligation to share your project files under this or any other license agreement.
 * However, if you wish to redistribute these libraries, or parts thereof (including in modified form) as a collection then the exception above does not apply.
 * Please refer to https://github.com/KiCad/kicad-packages3D/blob/master/LICENSE.md for further clarification of the exception.
 * Disclaimer of Warranties and Limitation of Liability.
 * These libraries are provided in the hope that they will be useful, but are provided without warranty of any kind, express or implied.
 * *USE 3D CAD DATA AT YOUR OWN RISK*
 * *DO NOT RELY UPON ANY INFORMATION FOUND HERE WITHOUT INDEPENDENT VERIFICATION.*
 *
 *
 *
 */

FILE_DESCRIPTION(
/* description */ ('model of JST_XH_B4B-XH-A_1x04_P2.50mm_Vertical'),
/* implementation_level */ '2;1');

FILE_NAME(
/* name */ 'JST_XH_B4B-XH-A_1x04_P2.50mm_Vertical.step',
/* time_stamp */ '2019-02-08T20:51:55',
/* author */ ('Rene Poeschl','poeschlr@gmail.com'),
/* organization */ (''),
/* preprocessor_version */ '',
/* originating_system */ '',
/* authorisation */ '');

FILE_SCHEMA(('AUTOMOTIVE_DESIGN { 1 0 10303 214 1 1 1 1 }'));
ENDSEC;

DATA;
#1=APPLICATION_PROTOCOL_DEFINITION('international standard','automotive_design',2000,#2);
#2=APPLICATION_CONTEXT('core data for automotive mechanical design processes');
#3=SHAPE_DEFINITION_REPRESENTATION(#4,#10);
#4=PRODUCT_DEFINITION_SHAPE('','',#5);
#5=PRODUCT_DEFINITION('design','',#6,#9);
#6=PRODUCT_DEFINITION_FORMATION('','',#7);
#7=PRODUCT('JST_B4B_XH_A','JST_B4B_XH_A','',(#8));
#8=PRODUCT_CONTEXT('',#2,'mechanical');
#9=PRODUCT_DEFINITION_CONTEXT('part definition',#2,'design');
#10=ADVANCED_BREP_SHAPE_REPRESENTATION('',(#11,#15),#2748);
#11=AXIS2_PLACEMENT_3D('',#12,#13,#14);
#12=CARTESIAN_POINT('',(0.,0.,0.));
#13=DIRECTION('',(0.,0.,1.));
#14=DIRECTION('',(1.,0.,-0.));
#15=MANIFOLD_SOLID_BREP('',#16);
#16=CLOSED_SHELL('',(#17,#72,#105,#125,#165,#185,#275,#293,#332,#345,#378,#387,#403,#412,#529,#541,#709,#724,#747,#762,#782,#791,#810,#824,#844,#853,#872,#886,#906,#915,#934,#948,#968,#975,#995,#1002,#1008,#1013,#1124,#1133,#1143,#1153,#1163,#1172,#1181,#1191,#1198,#1208,#1218,#1227,#1236,#1246,#1256,#1264,#1275,#1285,#1295,#1305,#1339,#1373,#1407,#1441,#1463,#1477,#1493,#1502,#1523,#1538,#1554,#1563,#1585,#1599,#1615,#1624,#1644,#1660,#1674,#1685,#1728,#1738,#1772,#1780,#1795,#1807,#1817,#1825,#1839,#1850,#1862,#1870,#1885,#1916,#1926,#1957,#1982,#2002,#2020,#2033,#2056,#2074,#2091,#2103,#2126,#2143,#2161,#2173,#2196,#2213,#2230,#2243,#2284,#2306,#2315,#2326,#2344,#2373,#2400,#2417,#2437,#2449,#2472,#2489,#2507,#2518,#2528,#2563,#2580,#2590,#2607,#2632,#2641,#2650,#2659,#2668,#2680,#2691,#2701,#2709,#2717,#2728,#2739));
#17=ADVANCED_FACE('',(#18),#69,.T.);
#18=FACE_BOUND('',#19,.T.);
#19=EDGE_LOOP('',(#20,#30,#38,#44,#50,#54,#60,#66));
#20=ORIENTED_EDGE('',*,*,#21,.T.);
#21=EDGE_CURVE('',#22,#24,#26,.T.);
#22=VERTEX_POINT('',#23);
#23=CARTESIAN_POINT('',(-1.8,0.5,7.));
#24=VERTEX_POINT('',#25);
#25=CARTESIAN_POINT('',(-2.45,0.5,7.));
#26=LINE('',#27,#28);
#27=CARTESIAN_POINT('',(9.95,0.5,7.));
#28=VECTOR('',#29,1.);
#29=DIRECTION('',(-1.,1.224646799147E-16,0.));
#30=ORIENTED_EDGE('',*,*,#31,.T.);
#31=EDGE_CURVE('',#24,#32,#34,.T.);
#32=VERTEX_POINT('',#33);
#33=CARTESIAN_POINT('',(-2.45,-3.4,7.));
#34=LINE('',#35,#36);
#35=CARTESIAN_POINT('',(-2.45,2.35,7.));
#36=VECTOR('',#37,1.);
#37=DIRECTION('',(-1.224646799147E-16,-1.,0.));
#38=ORIENTED_EDGE('',*,*,#39,.T.);
#39=EDGE_CURVE('',#32,#40,#42,.T.);
#40=VERTEX_POINT('',#41);
#41=CARTESIAN_POINT('',(9.95,-3.4,7.));
#42=LINE('',#33,#43);
#43=VECTOR('',#14,1.);
#44=ORIENTED_EDGE('',*,*,#45,.T.);
#45=EDGE_CURVE('',#40,#46,#47,.T.);
#46=VERTEX_POINT('',#27);
#47=LINE('',#41,#48);
#48=VECTOR('',#49,1.);
#49=DIRECTION('',(1.224646799147E-16,1.,0.));
#50=ORIENTED_EDGE('',*,*,#51,.T.);
#51=EDGE_CURVE('',#46,#52,#26,.T.);
#52=VERTEX_POINT('',#53);
#53=CARTESIAN_POINT('',(9.3,0.5,7.));
#54=ORIENTED_EDGE('',*,*,#55,.F.);
#55=EDGE_CURVE('',#56,#52,#58,.T.);
#56=VERTEX_POINT('',#57);
#57=CARTESIAN_POINT('',(9.3,-2.85,7.));
#58=LINE('',#59,#48);
#59=CARTESIAN_POINT('',(9.3,-2.65,7.));
#60=ORIENTED_EDGE('',*,*,#61,.F.);
#61=EDGE_CURVE('',#62,#56,#64,.T.);
#62=VERTEX_POINT('',#63);
#63=CARTESIAN_POINT('',(-1.8,-2.85,7.));
#64=LINE('',#65,#43);
#65=CARTESIAN_POINT('',(-1.6,-2.85,7.));
#66=ORIENTED_EDGE('',*,*,#67,.F.);
#67=EDGE_CURVE('',#22,#62,#68,.T.);
#68=LINE('',#23,#36);
#69=PLANE('',#70);
#70=AXIS2_PLACEMENT_3D('',#71,#13,#29);
#71=CARTESIAN_POINT('',(3.75,-0.525,7.));
#72=ADVANCED_FACE('',(#73),#103,.T.);
#73=FACE_BOUND('',#74,.T.);
#74=EDGE_LOOP('',(#75,#85,#91,#96,#97));
#75=ORIENTED_EDGE('',*,*,#76,.T.);
#76=EDGE_CURVE('',#77,#79,#81,.T.);
#77=VERTEX_POINT('',#78);
#78=CARTESIAN_POINT('',(-1.6,0.5,6.8));
#79=VERTEX_POINT('',#80);
#80=CARTESIAN_POINT('',(-1.6,0.5,3.65));
#81=LINE('',#82,#83);
#82=CARTESIAN_POINT('',(-1.6,0.5,5.325));
#83=VECTOR('',#84,1.);
#84=DIRECTION('',(-0.,0.,-1.));
#85=ORIENTED_EDGE('',*,*,#86,.T.);
#86=EDGE_CURVE('',#79,#87,#89,.T.);
#87=VERTEX_POINT('',#88);
#88=CARTESIAN_POINT('',(-2.45,0.5,3.65));
#89=LINE('',#90,#28);
#90=CARTESIAN_POINT('',(9.95,0.5,3.65));
#91=ORIENTED_EDGE('',*,*,#92,.T.);
#92=EDGE_CURVE('',#87,#24,#93,.T.);
#93=LINE('',#94,#95);
#94=CARTESIAN_POINT('',(-2.45,0.5,1.825));
#95=VECTOR('',#13,1.);
#96=ORIENTED_EDGE('',*,*,#21,.F.);
#97=ORIENTED_EDGE('',*,*,#98,.T.);
#98=EDGE_CURVE('',#22,#77,#99,.T.);
#99=LINE('',#100,#101);
#100=CARTESIAN_POINT('',(2.025,0.5,3.175));
#101=VECTOR('',#102,1.);
#102=DIRECTION('',(0.707106781187,-8.659560562355E-17,-0.707106781187));
#103=PLANE('',#104);
#104=AXIS2_PLACEMENT_3D('',#90,#49,#13);
#105=ADVANCED_FACE('',(#106),#121,.F.);
#106=FACE_BOUND('',#107,.T.);
#107=EDGE_LOOP('',(#108,#109,#110,#118));
#108=ORIENTED_EDGE('',*,*,#98,.F.);
#109=ORIENTED_EDGE('',*,*,#67,.T.);
#110=ORIENTED_EDGE('',*,*,#111,.T.);
#111=EDGE_CURVE('',#62,#112,#114,.T.);
#112=VERTEX_POINT('',#113);
#113=CARTESIAN_POINT('',(-1.6,-2.65,6.8));
#114=LINE('',#115,#116);
#115=CARTESIAN_POINT('',(-1.141666666667,-2.191666666667,6.341666666667));
#116=VECTOR('',#117,1.);
#117=DIRECTION('',(0.57735026919,0.57735026919,-0.57735026919));
#118=ORIENTED_EDGE('',*,*,#119,.F.);
#119=EDGE_CURVE('',#77,#112,#120,.T.);
#120=LINE('',#78,#36);
#121=PLANE('',#122);
#122=AXIS2_PLACEMENT_3D('',#123,#124,#49);
#123=CARTESIAN_POINT('',(-1.7,0.5,6.9));
#124=DIRECTION('',(-0.707106781187,8.659560562355E-17,-0.707106781187));
#125=ADVANCED_FACE('',(#126),#163,.F.);
#126=FACE_BOUND('',#127,.F.);
#127=EDGE_LOOP('',(#128,#135,#139,#143,#149,#156,#91,#30,#160));
#128=ORIENTED_EDGE('',*,*,#129,.F.);
#129=EDGE_CURVE('',#130,#132,#134,.T.);
#130=VERTEX_POINT('',#131);
#131=CARTESIAN_POINT('',(-2.45,2.35,0.));
#132=VERTEX_POINT('',#133);
#133=CARTESIAN_POINT('',(-2.45,-3.4,0.));
#134=LINE('',#131,#36);
#135=ORIENTED_EDGE('',*,*,#136,.T.);
#136=EDGE_CURVE('',#130,#137,#138,.T.);
#137=VERTEX_POINT('',#35);
#138=LINE('',#131,#95);
#139=ORIENTED_EDGE('',*,*,#140,.T.);
#140=EDGE_CURVE('',#137,#141,#34,.T.);
#141=VERTEX_POINT('',#142);
#142=CARTESIAN_POINT('',(-2.45,1.5,7.));
#143=ORIENTED_EDGE('',*,*,#144,.T.);
#144=EDGE_CURVE('',#141,#145,#147,.T.);
#145=VERTEX_POINT('',#146);
#146=CARTESIAN_POINT('',(-2.45,1.5,4.15));
#147=LINE('',#148,#83);
#148=CARTESIAN_POINT('',(-2.45,1.5,3.5));
#149=ORIENTED_EDGE('',*,*,#150,.F.);
#150=EDGE_CURVE('',#151,#145,#153,.T.);
#151=VERTEX_POINT('',#152);
#152=CARTESIAN_POINT('',(-2.45,1.,3.65));
#153=CIRCLE('',#154,0.5);
#154=AXIS2_PLACEMENT_3D('',#155,#14,#49);
#155=CARTESIAN_POINT('',(-2.45,1.,4.15));
#156=ORIENTED_EDGE('',*,*,#157,.T.);
#157=EDGE_CURVE('',#151,#87,#158,.T.);
#158=LINE('',#159,#36);
#159=CARTESIAN_POINT('',(-2.45,1.675,3.65));
#160=ORIENTED_EDGE('',*,*,#161,.F.);
#161=EDGE_CURVE('',#132,#32,#162,.T.);
#162=LINE('',#133,#95);
#163=PLANE('',#164);
#164=AXIS2_PLACEMENT_3D('',#131,#14,#37);
#165=ADVANCED_FACE('',(#166),#181,.F.);
#166=FACE_BOUND('',#167,.T.);
#167=EDGE_LOOP('',(#168,#169,#170,#178));
#168=ORIENTED_EDGE('',*,*,#111,.F.);
#169=ORIENTED_EDGE('',*,*,#61,.T.);
#170=ORIENTED_EDGE('',*,*,#171,.T.);
#171=EDGE_CURVE('',#56,#172,#174,.T.);
#172=VERTEX_POINT('',#173);
#173=CARTESIAN_POINT('',(9.1,-2.65,6.8));
#174=LINE('',#175,#176);
#175=CARTESIAN_POINT('',(7.383333333333,-0.933333333333,5.083333333333));
#176=VECTOR('',#177,1.);
#177=DIRECTION('',(-0.57735026919,0.57735026919,-0.57735026919));
#178=ORIENTED_EDGE('',*,*,#179,.F.);
#179=EDGE_CURVE('',#112,#172,#180,.T.);
#180=LINE('',#113,#43);
#181=PLANE('',#182);
#182=AXIS2_PLACEMENT_3D('',#183,#184,#29);
#183=CARTESIAN_POINT('',(-1.6,-2.75,6.9));
#184=DIRECTION('',(-8.659560562355E-17,-0.707106781187,-0.707106781187));
#185=ADVANCED_FACE('',(#186),#273,.F.);
#186=FACE_BOUND('',#187,.F.);
#187=EDGE_LOOP('',(#188,#193,#38,#194,#199,#203,#208,#213,#218,#222,#227,#232,#237,#241,#246,#251,#256,#260,#265,#270));
#188=ORIENTED_EDGE('',*,*,#189,.F.);
#189=EDGE_CURVE('',#132,#190,#192,.T.);
#190=VERTEX_POINT('',#191);
#191=CARTESIAN_POINT('',(-0.75,-3.4,0.));
#192=LINE('',#133,#43);
#193=ORIENTED_EDGE('',*,*,#161,.T.);
#194=ORIENTED_EDGE('',*,*,#195,.F.);
#195=EDGE_CURVE('',#196,#40,#198,.T.);
#196=VERTEX_POINT('',#197);
#197=CARTESIAN_POINT('',(9.95,-3.4,0.));
#198=LINE('',#197,#95);
#199=ORIENTED_EDGE('',*,*,#200,.F.);
#200=EDGE_CURVE('',#201,#196,#192,.T.);
#201=VERTEX_POINT('',#202);
#202=CARTESIAN_POINT('',(8.25,-3.4,0.));
#203=ORIENTED_EDGE('',*,*,#204,.F.);
#204=EDGE_CURVE('',#205,#201,#207,.T.);
#205=VERTEX_POINT('',#206);
#206=CARTESIAN_POINT('',(8.25,-3.4,1.));
#207=LINE('',#206,#83);
#208=ORIENTED_EDGE('',*,*,#209,.T.);
#209=EDGE_CURVE('',#205,#210,#212,.T.);
#210=VERTEX_POINT('',#211);
#211=CARTESIAN_POINT('',(6.75,-3.4,1.));
#212=LINE('',#206,#28);
#213=ORIENTED_EDGE('',*,*,#214,.T.);
#214=EDGE_CURVE('',#210,#215,#217,.T.);
#215=VERTEX_POINT('',#216);
#216=CARTESIAN_POINT('',(6.75,-3.4,0.));
#217=LINE('',#211,#83);
#218=ORIENTED_EDGE('',*,*,#219,.F.);
#219=EDGE_CURVE('',#220,#215,#192,.T.);
#220=VERTEX_POINT('',#221);
#221=CARTESIAN_POINT('',(5.75,-3.4,0.));
#222=ORIENTED_EDGE('',*,*,#223,.F.);
#223=EDGE_CURVE('',#224,#220,#226,.T.);
#224=VERTEX_POINT('',#225);
#225=CARTESIAN_POINT('',(5.75,-3.4,1.));
#226=LINE('',#225,#83);
#227=ORIENTED_EDGE('',*,*,#228,.T.);
#228=EDGE_CURVE('',#224,#229,#231,.T.);
#229=VERTEX_POINT('',#230);
#230=CARTESIAN_POINT('',(4.25,-3.4,1.));
#231=LINE('',#225,#28);
#232=ORIENTED_EDGE('',*,*,#233,.T.);
#233=EDGE_CURVE('',#229,#234,#236,.T.);
#234=VERTEX_POINT('',#235);
#235=CARTESIAN_POINT('',(4.25,-3.4,0.));
#236=LINE('',#230,#83);
#237=ORIENTED_EDGE('',*,*,#238,.F.);
#238=EDGE_CURVE('',#239,#234,#192,.T.);
#239=VERTEX_POINT('',#240);
#240=CARTESIAN_POINT('',(3.25,-3.4,0.));
#241=ORIENTED_EDGE('',*,*,#242,.F.);
#242=EDGE_CURVE('',#243,#239,#245,.T.);
#243=VERTEX_POINT('',#244);
#244=CARTESIAN_POINT('',(3.25,-3.4,1.));
#245=LINE('',#244,#83);
#246=ORIENTED_EDGE('',*,*,#247,.T.);
#247=EDGE_CURVE('',#243,#248,#250,.T.);
#248=VERTEX_POINT('',#249);
#249=CARTESIAN_POINT('',(1.75,-3.4,1.));
#250=LINE('',#244,#28);
#251=ORIENTED_EDGE('',*,*,#252,.T.);
#252=EDGE_CURVE('',#248,#253,#255,.T.);
#253=VERTEX_POINT('',#254);
#254=CARTESIAN_POINT('',(1.75,-3.4,0.));
#255=LINE('',#249,#83);
#256=ORIENTED_EDGE('',*,*,#257,.F.);
#257=EDGE_CURVE('',#258,#253,#192,.T.);
#258=VERTEX_POINT('',#259);
#259=CARTESIAN_POINT('',(0.75,-3.4,0.));
#260=ORIENTED_EDGE('',*,*,#261,.F.);
#261=EDGE_CURVE('',#262,#258,#264,.T.);
#262=VERTEX_POINT('',#263);
#263=CARTESIAN_POINT('',(0.75,-3.4,1.));
#264=LINE('',#263,#83);
#265=ORIENTED_EDGE('',*,*,#266,.T.);
#266=EDGE_CURVE('',#262,#267,#269,.T.);
#267=VERTEX_POINT('',#268);
#268=CARTESIAN_POINT('',(-0.75,-3.4,1.));
#269=LINE('',#263,#28);
#270=ORIENTED_EDGE('',*,*,#271,.T.);
#271=EDGE_CURVE('',#267,#190,#272,.T.);
#272=LINE('',#268,#83);
#273=PLANE('',#274);
#274=AXIS2_PLACEMENT_3D('',#133,#49,#14);
#275=ADVANCED_FACE('',(#276),#290,.F.);
#276=FACE_BOUND('',#277,.T.);
#277=EDGE_LOOP('',(#278,#279,#280,#287));
#278=ORIENTED_EDGE('',*,*,#171,.F.);
#279=ORIENTED_EDGE('',*,*,#55,.T.);
#280=ORIENTED_EDGE('',*,*,#281,.T.);
#281=EDGE_CURVE('',#52,#282,#284,.T.);
#282=VERTEX_POINT('',#283);
#283=CARTESIAN_POINT('',(9.1,0.5,6.8));
#284=LINE('',#285,#286);
#285=CARTESIAN_POINT('',(8.575,0.5,6.275));
#286=VECTOR('',#124,1.);
#287=ORIENTED_EDGE('',*,*,#288,.F.);
#288=EDGE_CURVE('',#172,#282,#289,.T.);
#289=LINE('',#173,#48);
#290=PLANE('',#291);
#291=AXIS2_PLACEMENT_3D('',#292,#102,#37);
#292=CARTESIAN_POINT('',(9.2,-2.65,6.9));
#293=ADVANCED_FACE('',(#294),#330,.F.);
#294=FACE_BOUND('',#295,.F.);
#295=EDGE_LOOP('',(#296,#301,#44,#302,#306,#311,#318,#323,#327));
#296=ORIENTED_EDGE('',*,*,#297,.F.);
#297=EDGE_CURVE('',#196,#298,#300,.T.);
#298=VERTEX_POINT('',#299);
#299=CARTESIAN_POINT('',(9.95,2.35,0.));
#300=LINE('',#197,#48);
#301=ORIENTED_EDGE('',*,*,#195,.T.);
#302=ORIENTED_EDGE('',*,*,#303,.F.);
#303=EDGE_CURVE('',#304,#46,#305,.T.);
#304=VERTEX_POINT('',#90);
#305=LINE('',#90,#95);
#306=ORIENTED_EDGE('',*,*,#307,.F.);
#307=EDGE_CURVE('',#308,#304,#310,.T.);
#308=VERTEX_POINT('',#309);
#309=CARTESIAN_POINT('',(9.95,1.,3.65));
#310=LINE('',#309,#36);
#311=ORIENTED_EDGE('',*,*,#312,.F.);
#312=EDGE_CURVE('',#313,#308,#315,.T.);
#313=VERTEX_POINT('',#314);
#314=CARTESIAN_POINT('',(9.95,1.5,4.15));
#315=CIRCLE('',#316,0.5);
#316=AXIS2_PLACEMENT_3D('',#317,#29,#49);
#317=CARTESIAN_POINT('',(9.95,1.,4.15));
#318=ORIENTED_EDGE('',*,*,#319,.F.);
#319=EDGE_CURVE('',#320,#313,#322,.T.);
#320=VERTEX_POINT('',#321);
#321=CARTESIAN_POINT('',(9.95,1.5,7.));
#322=LINE('',#321,#83);
#323=ORIENTED_EDGE('',*,*,#324,.T.);
#324=EDGE_CURVE('',#320,#325,#47,.T.);
#325=VERTEX_POINT('',#326);
#326=CARTESIAN_POINT('',(9.95,2.35,7.));
#327=ORIENTED_EDGE('',*,*,#328,.F.);
#328=EDGE_CURVE('',#298,#325,#329,.T.);
#329=LINE('',#299,#95);
#330=PLANE('',#331);
#331=AXIS2_PLACEMENT_3D('',#197,#29,#49);
#332=ADVANCED_FACE('',(#333),#103,.T.);
#333=FACE_BOUND('',#334,.T.);
#334=EDGE_LOOP('',(#335,#302,#336,#340,#344));
#335=ORIENTED_EDGE('',*,*,#51,.F.);
#336=ORIENTED_EDGE('',*,*,#337,.T.);
#337=EDGE_CURVE('',#304,#338,#89,.T.);
#338=VERTEX_POINT('',#339);
#339=CARTESIAN_POINT('',(9.1,0.5,3.65));
#340=ORIENTED_EDGE('',*,*,#341,.T.);
#341=EDGE_CURVE('',#338,#282,#342,.T.);
#342=LINE('',#343,#95);
#343=CARTESIAN_POINT('',(9.1,0.5,5.325));
#344=ORIENTED_EDGE('',*,*,#281,.F.);
#345=ADVANCED_FACE('',(#346),#376,.F.);
#346=FACE_BOUND('',#347,.F.);
#347=EDGE_LOOP('',(#75,#348,#354,#361,#367,#372,#118));
#348=ORIENTED_EDGE('',*,*,#349,.T.);
#349=EDGE_CURVE('',#79,#350,#352,.T.);
#350=VERTEX_POINT('',#351);
#351=CARTESIAN_POINT('',(-1.6,1.,3.65));
#352=LINE('',#353,#48);
#353=CARTESIAN_POINT('',(-1.6,1.25,3.65));
#354=ORIENTED_EDGE('',*,*,#355,.T.);
#355=EDGE_CURVE('',#350,#356,#358,.T.);
#356=VERTEX_POINT('',#357);
#357=CARTESIAN_POINT('',(-1.6,1.5,4.15));
#358=CIRCLE('',#359,0.5);
#359=AXIS2_PLACEMENT_3D('',#360,#14,#49);
#360=CARTESIAN_POINT('',(-1.6,1.,4.15));
#361=ORIENTED_EDGE('',*,*,#362,.T.);
#362=EDGE_CURVE('',#356,#363,#365,.T.);
#363=VERTEX_POINT('',#364);
#364=CARTESIAN_POINT('',(-1.6,1.5,1.85));
#365=LINE('',#366,#83);
#366=CARTESIAN_POINT('',(-1.6,1.5,7.));
#367=ORIENTED_EDGE('',*,*,#368,.T.);
#368=EDGE_CURVE('',#363,#369,#371,.T.);
#369=VERTEX_POINT('',#370);
#370=CARTESIAN_POINT('',(-1.6,-2.65,1.85));
#371=LINE('',#364,#36);
#372=ORIENTED_EDGE('',*,*,#373,.F.);
#373=EDGE_CURVE('',#112,#369,#374,.T.);
#374=LINE('',#375,#83);
#375=CARTESIAN_POINT('',(-1.6,-2.65,7.));
#376=PLANE('',#377);
#377=AXIS2_PLACEMENT_3D('',#366,#29,#37);
#378=ADVANCED_FACE('',(#379),#385,.T.);
#379=FACE_BOUND('',#380,.T.);
#380=EDGE_LOOP('',(#348,#381,#156,#384));
#381=ORIENTED_EDGE('',*,*,#382,.T.);
#382=EDGE_CURVE('',#350,#151,#383,.T.);
#383=LINE('',#309,#28);
#384=ORIENTED_EDGE('',*,*,#86,.F.);
#385=PLANE('',#386);
#386=AXIS2_PLACEMENT_3D('',#309,#13,#37);
#387=ADVANCED_FACE('',(#388),#400,.F.);
#388=FACE_BOUND('',#389,.F.);
#389=EDGE_LOOP('',(#390,#395,#396,#397));
#390=ORIENTED_EDGE('',*,*,#391,.T.);
#391=EDGE_CURVE('',#392,#130,#394,.T.);
#392=VERTEX_POINT('',#393);
#393=CARTESIAN_POINT('',(-0.75,2.35,0.));
#394=LINE('',#299,#28);
#395=ORIENTED_EDGE('',*,*,#129,.T.);
#396=ORIENTED_EDGE('',*,*,#189,.T.);
#397=ORIENTED_EDGE('',*,*,#398,.T.);
#398=EDGE_CURVE('',#190,#392,#399,.T.);
#399=LINE('',#191,#48);
#400=PLANE('',#401);
#401=AXIS2_PLACEMENT_3D('',#402,#13,#29);
#402=CARTESIAN_POINT('',(3.75,-0.525,0.));
#403=ADVANCED_FACE('',(#404),#410,.F.);
#404=FACE_BOUND('',#405,.T.);
#405=EDGE_LOOP('',(#354,#406,#149,#409));
#406=ORIENTED_EDGE('',*,*,#407,.T.);
#407=EDGE_CURVE('',#356,#145,#408,.T.);
#408=LINE('',#314,#28);
#409=ORIENTED_EDGE('',*,*,#382,.F.);
#410=CYLINDRICAL_SURFACE('',#411,0.5);
#411=AXIS2_PLACEMENT_3D('',#317,#14,#49);
#412=ADVANCED_FACE('',(#413),#526,.T.);
#413=FACE_BOUND('',#414,.T.);
#414=EDGE_LOOP('',(#318,#415,#420,#426,#432,#438,#444,#451,#457,#463,#467,#473,#479,#486,#492,#498,#504,#510,#143,#512,#361,#513,#518,#524));
#415=ORIENTED_EDGE('',*,*,#416,.T.);
#416=EDGE_CURVE('',#320,#417,#419,.T.);
#417=VERTEX_POINT('',#418);
#418=CARTESIAN_POINT('',(8.,1.5,7.));
#419=LINE('',#321,#28);
#420=ORIENTED_EDGE('',*,*,#421,.T.);
#421=EDGE_CURVE('',#417,#422,#424,.T.);
#422=VERTEX_POINT('',#423);
#423=CARTESIAN_POINT('',(8.,1.5,6.1));
#424=LINE('',#425,#83);
#425=CARTESIAN_POINT('',(8.,1.5,5.318198005698));
#426=ORIENTED_EDGE('',*,*,#427,.T.);
#427=EDGE_CURVE('',#422,#428,#430,.T.);
#428=VERTEX_POINT('',#429);
#429=CARTESIAN_POINT('',(7.75,1.5,5.85));
#430=LINE('',#431,#286);
#431=CARTESIAN_POINT('',(6.421599002849,1.5,4.521599002849));
#432=ORIENTED_EDGE('',*,*,#433,.T.);
#433=EDGE_CURVE('',#428,#434,#436,.T.);
#434=VERTEX_POINT('',#435);
#435=CARTESIAN_POINT('',(8.,1.5,5.6));
#436=LINE('',#437,#101);
#437=CARTESIAN_POINT('',(7.203400997151,1.5,6.396599002849));
#438=ORIENTED_EDGE('',*,*,#439,.T.);
#439=EDGE_CURVE('',#434,#440,#442,.T.);
#440=VERTEX_POINT('',#441);
#441=CARTESIAN_POINT('',(8.,1.5,3.85));
#442=LINE('',#443,#83);
#443=CARTESIAN_POINT('',(8.,1.5,3.818198005698));
#444=ORIENTED_EDGE('',*,*,#445,.F.);
#445=EDGE_CURVE('',#446,#440,#448,.T.);
#446=VERTEX_POINT('',#447);
#447=CARTESIAN_POINT('',(7.25,1.5,3.1));
#448=CIRCLE('',#449,0.75);
#449=AXIS2_PLACEMENT_3D('',#450,#37,#84);
#450=CARTESIAN_POINT('',(7.25,1.5,3.85));
#451=ORIENTED_EDGE('',*,*,#452,.T.);
#452=EDGE_CURVE('',#446,#453,#455,.T.);
#453=VERTEX_POINT('',#454);
#454=CARTESIAN_POINT('',(6.5,1.5,3.1));
#455=LINE('',#456,#28);
#456=CARTESIAN_POINT('',(5.125,1.5,3.1));
#457=ORIENTED_EDGE('',*,*,#458,.T.);
#458=EDGE_CURVE('',#453,#459,#461,.T.);
#459=VERTEX_POINT('',#460);
#460=CARTESIAN_POINT('',(6.5,1.5,7.));
#461=LINE('',#462,#95);
#462=CARTESIAN_POINT('',(6.5,1.5,5.768198005698));
#463=ORIENTED_EDGE('',*,*,#464,.T.);
#464=EDGE_CURVE('',#459,#465,#419,.T.);
#465=VERTEX_POINT('',#466);
#466=CARTESIAN_POINT('',(1.,1.5,7.));
#467=ORIENTED_EDGE('',*,*,#468,.F.);
#468=EDGE_CURVE('',#469,#465,#471,.T.);
#469=VERTEX_POINT('',#470);
#470=CARTESIAN_POINT('',(1.,1.5,3.1));
#471=LINE('',#472,#95);
#472=CARTESIAN_POINT('',(1.,1.5,5.768198005698));
#473=ORIENTED_EDGE('',*,*,#474,.F.);
#474=EDGE_CURVE('',#475,#469,#477,.T.);
#475=VERTEX_POINT('',#476);
#476=CARTESIAN_POINT('',(0.25,1.5,3.1));
#477=LINE('',#478,#43);
#478=CARTESIAN_POINT('',(2.375,1.5,3.1));
#479=ORIENTED_EDGE('',*,*,#480,.F.);
#480=EDGE_CURVE('',#481,#475,#483,.T.);
#481=VERTEX_POINT('',#482);
#482=CARTESIAN_POINT('',(-0.5,1.5,3.85));
#483=CIRCLE('',#484,0.75);
#484=AXIS2_PLACEMENT_3D('',#485,#37,#84);
#485=CARTESIAN_POINT('',(0.25,1.5,3.85));
#486=ORIENTED_EDGE('',*,*,#487,.F.);
#487=EDGE_CURVE('',#488,#481,#490,.T.);
#488=VERTEX_POINT('',#489);
#489=CARTESIAN_POINT('',(-0.5,1.5,5.6));
#490=LINE('',#491,#83);
#491=CARTESIAN_POINT('',(-0.5,1.5,3.818198005698));
#492=ORIENTED_EDGE('',*,*,#493,.F.);
#493=EDGE_CURVE('',#494,#488,#496,.T.);
#494=VERTEX_POINT('',#495);
#495=CARTESIAN_POINT('',(-0.25,1.5,5.85));
#496=LINE('',#497,#286);
#497=CARTESIAN_POINT('',(0.296599002849,1.5,6.396599002849));
#498=ORIENTED_EDGE('',*,*,#499,.F.);
#499=EDGE_CURVE('',#500,#494,#502,.T.);
#500=VERTEX_POINT('',#501);
#501=CARTESIAN_POINT('',(-0.5,1.5,6.1));
#502=LINE('',#503,#101);
#503=CARTESIAN_POINT('',(1.078400997151,1.5,4.521599002849));
#504=ORIENTED_EDGE('',*,*,#505,.F.);
#505=EDGE_CURVE('',#506,#500,#508,.T.);
#506=VERTEX_POINT('',#507);
#507=CARTESIAN_POINT('',(-0.5,1.5,7.));
#508=LINE('',#509,#83);
#509=CARTESIAN_POINT('',(-0.5,1.5,5.318198005698));
#510=ORIENTED_EDGE('',*,*,#511,.T.);
#511=EDGE_CURVE('',#506,#141,#419,.T.);
#512=ORIENTED_EDGE('',*,*,#407,.F.);
#513=ORIENTED_EDGE('',*,*,#514,.F.);
#514=EDGE_CURVE('',#515,#363,#517,.T.);
#515=VERTEX_POINT('',#516);
#516=CARTESIAN_POINT('',(9.1,1.5,1.85));
#517=LINE('',#516,#28);
#518=ORIENTED_EDGE('',*,*,#519,.F.);
#519=EDGE_CURVE('',#520,#515,#522,.T.);
#520=VERTEX_POINT('',#521);
#521=CARTESIAN_POINT('',(9.1,1.5,4.15));
#522=LINE('',#523,#83);
#523=CARTESIAN_POINT('',(9.1,1.5,7.));
#524=ORIENTED_EDGE('',*,*,#525,.F.);
#525=EDGE_CURVE('',#313,#520,#408,.T.);
#526=PLANE('',#527);
#527=AXIS2_PLACEMENT_3D('',#528,#37,#13);
#528=CARTESIAN_POINT('',(3.75,1.5,4.536396011396));
#529=ADVANCED_FACE('',(#530),#69,.T.);
#530=FACE_BOUND('',#531,.T.);
#531=EDGE_LOOP('',(#532,#533,#538,#139));
#532=ORIENTED_EDGE('',*,*,#511,.F.);
#533=ORIENTED_EDGE('',*,*,#534,.F.);
#534=EDGE_CURVE('',#535,#506,#537,.T.);
#535=VERTEX_POINT('',#536);
#536=CARTESIAN_POINT('',(-0.5,2.35,7.));
#537=LINE('',#536,#36);
#538=ORIENTED_EDGE('',*,*,#539,.T.);
#539=EDGE_CURVE('',#535,#137,#540,.T.);
#540=LINE('',#326,#28);
#541=ADVANCED_FACE('',(#542),#707,.F.);
#542=FACE_BOUND('',#543,.F.);
#543=EDGE_LOOP('',(#544,#548,#549,#553,#558,#565,#572,#578,#585,#590,#595,#599,#604,#609,#616,#622,#627,#632,#538,#635,#636,#637,#642,#647,#652,#656,#661,#666,#671,#675,#680,#685,#690,#694,#699,#704));
#544=ORIENTED_EDGE('',*,*,#545,.F.);
#545=EDGE_CURVE('',#298,#546,#394,.T.);
#546=VERTEX_POINT('',#547);
#547=CARTESIAN_POINT('',(8.25,2.35,0.));
#548=ORIENTED_EDGE('',*,*,#328,.T.);
#549=ORIENTED_EDGE('',*,*,#550,.T.);
#550=EDGE_CURVE('',#325,#551,#540,.T.);
#551=VERTEX_POINT('',#552);
#552=CARTESIAN_POINT('',(8.,2.35,7.));
#553=ORIENTED_EDGE('',*,*,#554,.F.);
#554=EDGE_CURVE('',#555,#551,#557,.T.);
#555=VERTEX_POINT('',#556);
#556=CARTESIAN_POINT('',(8.,2.35,6.1));
#557=LINE('',#556,#95);
#558=ORIENTED_EDGE('',*,*,#559,.F.);
#559=EDGE_CURVE('',#560,#555,#562,.T.);
#560=VERTEX_POINT('',#561);
#561=CARTESIAN_POINT('',(7.75,2.35,5.85));
#562=LINE('',#561,#563);
#563=VECTOR('',#564,1.);
#564=DIRECTION('',(0.707106781187,-8.659560562355E-17,0.707106781187));
#565=ORIENTED_EDGE('',*,*,#566,.F.);
#566=EDGE_CURVE('',#567,#560,#569,.T.);
#567=VERTEX_POINT('',#568);
#568=CARTESIAN_POINT('',(8.,2.35,5.6));
#569=LINE('',#568,#570);
#570=VECTOR('',#571,1.);
#571=DIRECTION('',(-0.707106781187,8.659560562355E-17,0.707106781187));
#572=ORIENTED_EDGE('',*,*,#573,.F.);
#573=EDGE_CURVE('',#574,#567,#576,.T.);
#574=VERTEX_POINT('',#575);
#575=CARTESIAN_POINT('',(8.,2.35,3.85));
#576=LINE('',#577,#95);
#577=CARTESIAN_POINT('',(8.,2.35,3.1));
#578=ORIENTED_EDGE('',*,*,#579,.F.);
#579=EDGE_CURVE('',#580,#574,#582,.T.);
#580=VERTEX_POINT('',#581);
#581=CARTESIAN_POINT('',(7.25,2.35,3.1));
#582=CIRCLE('',#583,0.75);
#583=AXIS2_PLACEMENT_3D('',#584,#37,#13);
#584=CARTESIAN_POINT('',(7.25,2.35,3.85));
#585=ORIENTED_EDGE('',*,*,#586,.F.);
#586=EDGE_CURVE('',#587,#580,#589,.T.);
#587=VERTEX_POINT('',#588);
#588=CARTESIAN_POINT('',(6.5,2.35,3.1));
#589=LINE('',#588,#43);
#590=ORIENTED_EDGE('',*,*,#591,.F.);
#591=EDGE_CURVE('',#592,#587,#594,.T.);
#592=VERTEX_POINT('',#593);
#593=CARTESIAN_POINT('',(6.5,2.35,7.));
#594=LINE('',#593,#83);
#595=ORIENTED_EDGE('',*,*,#596,.T.);
#596=EDGE_CURVE('',#592,#597,#540,.T.);
#597=VERTEX_POINT('',#598);
#598=CARTESIAN_POINT('',(1.,2.35,7.));
#599=ORIENTED_EDGE('',*,*,#600,.T.);
#600=EDGE_CURVE('',#597,#601,#603,.T.);
#601=VERTEX_POINT('',#602);
#602=CARTESIAN_POINT('',(1.,2.35,3.1));
#603=LINE('',#598,#83);
#604=ORIENTED_EDGE('',*,*,#605,.T.);
#605=EDGE_CURVE('',#601,#606,#608,.T.);
#606=VERTEX_POINT('',#607);
#607=CARTESIAN_POINT('',(0.25,2.35,3.1));
#608=LINE('',#602,#28);
#609=ORIENTED_EDGE('',*,*,#610,.T.);
#610=EDGE_CURVE('',#606,#611,#613,.T.);
#611=VERTEX_POINT('',#612);
#612=CARTESIAN_POINT('',(-0.5,2.35,3.85));
#613=CIRCLE('',#614,0.75);
#614=AXIS2_PLACEMENT_3D('',#615,#49,#13);
#615=CARTESIAN_POINT('',(0.25,2.35,3.85));
#616=ORIENTED_EDGE('',*,*,#617,.T.);
#617=EDGE_CURVE('',#611,#618,#620,.T.);
#618=VERTEX_POINT('',#619);
#619=CARTESIAN_POINT('',(-0.5,2.35,5.6));
#620=LINE('',#621,#95);
#621=CARTESIAN_POINT('',(-0.5,2.35,3.1));
#622=ORIENTED_EDGE('',*,*,#623,.T.);
#623=EDGE_CURVE('',#618,#624,#626,.T.);
#624=VERTEX_POINT('',#625);
#625=CARTESIAN_POINT('',(-0.25,2.35,5.85));
#626=LINE('',#619,#563);
#627=ORIENTED_EDGE('',*,*,#628,.T.);
#628=EDGE_CURVE('',#624,#629,#631,.T.);
#629=VERTEX_POINT('',#630);
#630=CARTESIAN_POINT('',(-0.5,2.35,6.1));
#631=LINE('',#625,#570);
#632=ORIENTED_EDGE('',*,*,#633,.T.);
#633=EDGE_CURVE('',#629,#535,#634,.T.);
#634=LINE('',#630,#95);
#635=ORIENTED_EDGE('',*,*,#136,.F.);
#636=ORIENTED_EDGE('',*,*,#391,.F.);
#637=ORIENTED_EDGE('',*,*,#638,.T.);
#638=EDGE_CURVE('',#392,#639,#641,.T.);
#639=VERTEX_POINT('',#640);
#640=CARTESIAN_POINT('',(-0.75,2.35,1.));
#641=LINE('',#393,#95);
#642=ORIENTED_EDGE('',*,*,#643,.F.);
#643=EDGE_CURVE('',#644,#639,#646,.T.);
#644=VERTEX_POINT('',#645);
#645=CARTESIAN_POINT('',(0.75,2.35,1.));
#646=LINE('',#645,#28);
#647=ORIENTED_EDGE('',*,*,#648,.F.);
#648=EDGE_CURVE('',#649,#644,#651,.T.);
#649=VERTEX_POINT('',#650);
#650=CARTESIAN_POINT('',(0.75,2.35,0.));
#651=LINE('',#650,#95);
#652=ORIENTED_EDGE('',*,*,#653,.F.);
#653=EDGE_CURVE('',#654,#649,#394,.T.);
#654=VERTEX_POINT('',#655);
#655=CARTESIAN_POINT('',(1.75,2.35,0.));
#656=ORIENTED_EDGE('',*,*,#657,.T.);
#657=EDGE_CURVE('',#654,#658,#660,.T.);
#658=VERTEX_POINT('',#659);
#659=CARTESIAN_POINT('',(1.75,2.35,1.));
#660=LINE('',#655,#95);
#661=ORIENTED_EDGE('',*,*,#662,.F.);
#662=EDGE_CURVE('',#663,#658,#665,.T.);
#663=VERTEX_POINT('',#664);
#664=CARTESIAN_POINT('',(3.25,2.35,1.));
#665=LINE('',#664,#28);
#666=ORIENTED_EDGE('',*,*,#667,.F.);
#667=EDGE_CURVE('',#668,#663,#670,.T.);
#668=VERTEX_POINT('',#669);
#669=CARTESIAN_POINT('',(3.25,2.35,0.));
#670=LINE('',#669,#95);
#671=ORIENTED_EDGE('',*,*,#672,.F.);
#672=EDGE_CURVE('',#673,#668,#394,.T.);
#673=VERTEX_POINT('',#674);
#674=CARTESIAN_POINT('',(4.25,2.35,0.));
#675=ORIENTED_EDGE('',*,*,#676,.T.);
#676=EDGE_CURVE('',#673,#677,#679,.T.);
#677=VERTEX_POINT('',#678);
#678=CARTESIAN_POINT('',(4.25,2.35,1.));
#679=LINE('',#674,#95);
#680=ORIENTED_EDGE('',*,*,#681,.F.);
#681=EDGE_CURVE('',#682,#677,#684,.T.);
#682=VERTEX_POINT('',#683);
#683=CARTESIAN_POINT('',(5.75,2.35,1.));
#684=LINE('',#683,#28);
#685=ORIENTED_EDGE('',*,*,#686,.F.);
#686=EDGE_CURVE('',#687,#682,#689,.T.);
#687=VERTEX_POINT('',#688);
#688=CARTESIAN_POINT('',(5.75,2.35,0.));
#689=LINE('',#688,#95);
#690=ORIENTED_EDGE('',*,*,#691,.F.);
#691=EDGE_CURVE('',#692,#687,#394,.T.);
#692=VERTEX_POINT('',#693);
#693=CARTESIAN_POINT('',(6.75,2.35,0.));
#694=ORIENTED_EDGE('',*,*,#695,.T.);
#695=EDGE_CURVE('',#692,#696,#698,.T.);
#696=VERTEX_POINT('',#697);
#697=CARTESIAN_POINT('',(6.75,2.35,1.));
#698=LINE('',#693,#95);
#699=ORIENTED_EDGE('',*,*,#700,.F.);
#700=EDGE_CURVE('',#701,#696,#703,.T.);
#701=VERTEX_POINT('',#702);
#702=CARTESIAN_POINT('',(8.25,2.35,1.));
#703=LINE('',#702,#28);
#704=ORIENTED_EDGE('',*,*,#705,.F.);
#705=EDGE_CURVE('',#546,#701,#706,.T.);
#706=LINE('',#547,#95);
#707=PLANE('',#708);
#708=AXIS2_PLACEMENT_3D('',#299,#37,#29);
#709=ADVANCED_FACE('',(#710),#722,.F.);
#710=FACE_BOUND('',#711,.F.);
#711=EDGE_LOOP('',(#712,#713,#718,#178));
#712=ORIENTED_EDGE('',*,*,#373,.T.);
#713=ORIENTED_EDGE('',*,*,#714,.T.);
#714=EDGE_CURVE('',#369,#715,#717,.T.);
#715=VERTEX_POINT('',#716);
#716=CARTESIAN_POINT('',(9.1,-2.65,1.85));
#717=LINE('',#370,#43);
#718=ORIENTED_EDGE('',*,*,#719,.F.);
#719=EDGE_CURVE('',#172,#715,#720,.T.);
#720=LINE('',#721,#83);
#721=CARTESIAN_POINT('',(9.1,-2.65,7.));
#722=PLANE('',#723);
#723=AXIS2_PLACEMENT_3D('',#375,#37,#14);
#724=ADVANCED_FACE('',(#725),#744,.T.);
#725=FACE_BOUND('',#726,.T.);
#726=EDGE_LOOP('',(#637,#727,#734,#739,#270,#397));
#727=ORIENTED_EDGE('',*,*,#728,.T.);
#728=EDGE_CURVE('',#639,#729,#731,.T.);
#729=VERTEX_POINT('',#730);
#730=CARTESIAN_POINT('',(-0.75,0.5,0.3));
#731=LINE('',#640,#732);
#732=VECTOR('',#733,1.);
#733=DIRECTION('',(-1.14539532148E-16,-0.935286257456,-0.353892097416));
#734=ORIENTED_EDGE('',*,*,#735,.T.);
#735=EDGE_CURVE('',#729,#736,#738,.T.);
#736=VERTEX_POINT('',#737);
#737=CARTESIAN_POINT('',(-0.75,-0.5,0.3));
#738=LINE('',#730,#36);
#739=ORIENTED_EDGE('',*,*,#740,.T.);
#740=EDGE_CURVE('',#736,#267,#741,.T.);
#741=LINE('',#737,#742);
#742=VECTOR('',#743,1.);
#743=DIRECTION('',(-1.190457365237E-16,-0.972082208573,0.234640533104));
#744=PLANE('',#745);
#745=AXIS2_PLACEMENT_3D('',#746,#14,#84);
#746=CARTESIAN_POINT('',(-0.75,-0.515451356496,0.330008245993));
#747=ADVANCED_FACE('',(#748),#759,.F.);
#748=FACE_BOUND('',#749,.F.);
#749=EDGE_LOOP('',(#750,#739,#755,#756));
#750=ORIENTED_EDGE('',*,*,#751,.T.);
#751=EDGE_CURVE('',#752,#736,#754,.T.);
#752=VERTEX_POINT('',#753);
#753=CARTESIAN_POINT('',(0.75,-0.5,0.3));
#754=LINE('',#753,#28);
#755=ORIENTED_EDGE('',*,*,#266,.F.);
#756=ORIENTED_EDGE('',*,*,#757,.F.);
#757=EDGE_CURVE('',#752,#262,#758,.T.);
#758=LINE('',#753,#742);
#759=PLANE('',#760);
#760=AXIS2_PLACEMENT_3D('',#753,#761,#743);
#761=DIRECTION('',(2.873517778159E-17,0.234640533104,0.972082208573));
#762=ADVANCED_FACE('',(#763),#779,.F.);
#763=FACE_BOUND('',#764,.F.);
#764=EDGE_LOOP('',(#765,#766,#771,#774,#775,#776));
#765=ORIENTED_EDGE('',*,*,#648,.T.);
#766=ORIENTED_EDGE('',*,*,#767,.T.);
#767=EDGE_CURVE('',#644,#768,#770,.T.);
#768=VERTEX_POINT('',#769);
#769=CARTESIAN_POINT('',(0.75,0.5,0.3));
#770=LINE('',#645,#732);
#771=ORIENTED_EDGE('',*,*,#772,.T.);
#772=EDGE_CURVE('',#768,#752,#773,.T.);
#773=LINE('',#769,#36);
#774=ORIENTED_EDGE('',*,*,#757,.T.);
#775=ORIENTED_EDGE('',*,*,#261,.T.);
#776=ORIENTED_EDGE('',*,*,#777,.T.);
#777=EDGE_CURVE('',#258,#649,#778,.T.);
#778=LINE('',#259,#48);
#779=PLANE('',#780);
#780=AXIS2_PLACEMENT_3D('',#781,#14,#84);
#781=CARTESIAN_POINT('',(0.75,-0.515451356496,0.330008245993));
#782=ADVANCED_FACE('',(#783),#400,.F.);
#783=FACE_BOUND('',#784,.F.);
#784=EDGE_LOOP('',(#785,#786,#787,#788));
#785=ORIENTED_EDGE('',*,*,#653,.T.);
#786=ORIENTED_EDGE('',*,*,#777,.F.);
#787=ORIENTED_EDGE('',*,*,#257,.T.);
#788=ORIENTED_EDGE('',*,*,#789,.T.);
#789=EDGE_CURVE('',#253,#654,#790,.T.);
#790=LINE('',#254,#48);
#791=ADVANCED_FACE('',(#792),#807,.T.);
#792=FACE_BOUND('',#793,.T.);
#793=EDGE_LOOP('',(#656,#794,#799,#804,#251,#788));
#794=ORIENTED_EDGE('',*,*,#795,.T.);
#795=EDGE_CURVE('',#658,#796,#798,.T.);
#796=VERTEX_POINT('',#797);
#797=CARTESIAN_POINT('',(1.75,0.5,0.3));
#798=LINE('',#659,#732);
#799=ORIENTED_EDGE('',*,*,#800,.T.);
#800=EDGE_CURVE('',#796,#801,#803,.T.);
#801=VERTEX_POINT('',#802);
#802=CARTESIAN_POINT('',(1.75,-0.5,0.3));
#803=LINE('',#797,#36);
#804=ORIENTED_EDGE('',*,*,#805,.T.);
#805=EDGE_CURVE('',#801,#248,#806,.T.);
#806=LINE('',#802,#742);
#807=PLANE('',#808);
#808=AXIS2_PLACEMENT_3D('',#809,#14,#84);
#809=CARTESIAN_POINT('',(1.75,-0.515451356496,0.330008245993));
#810=ADVANCED_FACE('',(#811),#822,.F.);
#811=FACE_BOUND('',#812,.F.);
#812=EDGE_LOOP('',(#813,#804,#818,#819));
#813=ORIENTED_EDGE('',*,*,#814,.T.);
#814=EDGE_CURVE('',#815,#801,#817,.T.);
#815=VERTEX_POINT('',#816);
#816=CARTESIAN_POINT('',(3.25,-0.5,0.3));
#817=LINE('',#816,#28);
#818=ORIENTED_EDGE('',*,*,#247,.F.);
#819=ORIENTED_EDGE('',*,*,#820,.F.);
#820=EDGE_CURVE('',#815,#243,#821,.T.);
#821=LINE('',#816,#742);
#822=PLANE('',#823);
#823=AXIS2_PLACEMENT_3D('',#816,#761,#743);
#824=ADVANCED_FACE('',(#825),#841,.F.);
#825=FACE_BOUND('',#826,.F.);
#826=EDGE_LOOP('',(#827,#828,#833,#836,#837,#838));
#827=ORIENTED_EDGE('',*,*,#667,.T.);
#828=ORIENTED_EDGE('',*,*,#829,.T.);
#829=EDGE_CURVE('',#663,#830,#832,.T.);
#830=VERTEX_POINT('',#831);
#831=CARTESIAN_POINT('',(3.25,0.5,0.3));
#832=LINE('',#664,#732);
#833=ORIENTED_EDGE('',*,*,#834,.T.);
#834=EDGE_CURVE('',#830,#815,#835,.T.);
#835=LINE('',#831,#36);
#836=ORIENTED_EDGE('',*,*,#820,.T.);
#837=ORIENTED_EDGE('',*,*,#242,.T.);
#838=ORIENTED_EDGE('',*,*,#839,.T.);
#839=EDGE_CURVE('',#239,#668,#840,.T.);
#840=LINE('',#240,#48);
#841=PLANE('',#842);
#842=AXIS2_PLACEMENT_3D('',#843,#14,#84);
#843=CARTESIAN_POINT('',(3.25,-0.515451356496,0.330008245993));
#844=ADVANCED_FACE('',(#845),#400,.F.);
#845=FACE_BOUND('',#846,.F.);
#846=EDGE_LOOP('',(#847,#848,#849,#852));
#847=ORIENTED_EDGE('',*,*,#839,.F.);
#848=ORIENTED_EDGE('',*,*,#238,.T.);
#849=ORIENTED_EDGE('',*,*,#850,.T.);
#850=EDGE_CURVE('',#234,#673,#851,.T.);
#851=LINE('',#235,#48);
#852=ORIENTED_EDGE('',*,*,#672,.T.);
#853=ADVANCED_FACE('',(#854),#869,.T.);
#854=FACE_BOUND('',#855,.T.);
#855=EDGE_LOOP('',(#675,#856,#861,#866,#232,#849));
#856=ORIENTED_EDGE('',*,*,#857,.T.);
#857=EDGE_CURVE('',#677,#858,#860,.T.);
#858=VERTEX_POINT('',#859);
#859=CARTESIAN_POINT('',(4.25,0.5,0.3));
#860=LINE('',#678,#732);
#861=ORIENTED_EDGE('',*,*,#862,.T.);
#862=EDGE_CURVE('',#858,#863,#865,.T.);
#863=VERTEX_POINT('',#864);
#864=CARTESIAN_POINT('',(4.25,-0.5,0.3));
#865=LINE('',#859,#36);
#866=ORIENTED_EDGE('',*,*,#867,.T.);
#867=EDGE_CURVE('',#863,#229,#868,.T.);
#868=LINE('',#864,#742);
#869=PLANE('',#870);
#870=AXIS2_PLACEMENT_3D('',#871,#14,#84);
#871=CARTESIAN_POINT('',(4.25,-0.515451356496,0.330008245993));
#872=ADVANCED_FACE('',(#873),#884,.F.);
#873=FACE_BOUND('',#874,.F.);
#874=EDGE_LOOP('',(#875,#866,#880,#881));
#875=ORIENTED_EDGE('',*,*,#876,.T.);
#876=EDGE_CURVE('',#877,#863,#879,.T.);
#877=VERTEX_POINT('',#878);
#878=CARTESIAN_POINT('',(5.75,-0.5,0.3));
#879=LINE('',#878,#28);
#880=ORIENTED_EDGE('',*,*,#228,.F.);
#881=ORIENTED_EDGE('',*,*,#882,.F.);
#882=EDGE_CURVE('',#877,#224,#883,.T.);
#883=LINE('',#878,#742);
#884=PLANE('',#885);
#885=AXIS2_PLACEMENT_3D('',#878,#761,#743);
#886=ADVANCED_FACE('',(#887),#903,.F.);
#887=FACE_BOUND('',#888,.F.);
#888=EDGE_LOOP('',(#889,#890,#895,#898,#899,#900));
#889=ORIENTED_EDGE('',*,*,#686,.T.);
#890=ORIENTED_EDGE('',*,*,#891,.T.);
#891=EDGE_CURVE('',#682,#892,#894,.T.);
#892=VERTEX_POINT('',#893);
#893=CARTESIAN_POINT('',(5.75,0.5,0.3));
#894=LINE('',#683,#732);
#895=ORIENTED_EDGE('',*,*,#896,.T.);
#896=EDGE_CURVE('',#892,#877,#897,.T.);
#897=LINE('',#893,#36);
#898=ORIENTED_EDGE('',*,*,#882,.T.);
#899=ORIENTED_EDGE('',*,*,#223,.T.);
#900=ORIENTED_EDGE('',*,*,#901,.T.);
#901=EDGE_CURVE('',#220,#687,#902,.T.);
#902=LINE('',#221,#48);
#903=PLANE('',#904);
#904=AXIS2_PLACEMENT_3D('',#905,#14,#84);
#905=CARTESIAN_POINT('',(5.75,-0.515451356496,0.330008245993));
#906=ADVANCED_FACE('',(#907),#400,.F.);
#907=FACE_BOUND('',#908,.F.);
#908=EDGE_LOOP('',(#909,#910,#913,#914));
#909=ORIENTED_EDGE('',*,*,#219,.T.);
#910=ORIENTED_EDGE('',*,*,#911,.T.);
#911=EDGE_CURVE('',#215,#692,#912,.T.);
#912=LINE('',#216,#48);
#913=ORIENTED_EDGE('',*,*,#691,.T.);
#914=ORIENTED_EDGE('',*,*,#901,.F.);
#915=ADVANCED_FACE('',(#916),#931,.T.);
#916=FACE_BOUND('',#917,.T.);
#917=EDGE_LOOP('',(#694,#918,#923,#928,#213,#910));
#918=ORIENTED_EDGE('',*,*,#919,.T.);
#919=EDGE_CURVE('',#696,#920,#922,.T.);
#920=VERTEX_POINT('',#921);
#921=CARTESIAN_POINT('',(6.75,0.5,0.3));
#922=LINE('',#697,#732);
#923=ORIENTED_EDGE('',*,*,#924,.T.);
#924=EDGE_CURVE('',#920,#925,#927,.T.);
#925=VERTEX_POINT('',#926);
#926=CARTESIAN_POINT('',(6.75,-0.5,0.3));
#927=LINE('',#921,#36);
#928=ORIENTED_EDGE('',*,*,#929,.T.);
#929=EDGE_CURVE('',#925,#210,#930,.T.);
#930=LINE('',#926,#742);
#931=PLANE('',#932);
#932=AXIS2_PLACEMENT_3D('',#933,#14,#84);
#933=CARTESIAN_POINT('',(6.75,-0.515451356496,0.330008245993));
#934=ADVANCED_FACE('',(#935),#946,.F.);
#935=FACE_BOUND('',#936,.F.);
#936=EDGE_LOOP('',(#937,#928,#942,#943));
#937=ORIENTED_EDGE('',*,*,#938,.T.);
#938=EDGE_CURVE('',#939,#925,#941,.T.);
#939=VERTEX_POINT('',#940);
#940=CARTESIAN_POINT('',(8.25,-0.5,0.3));
#941=LINE('',#940,#28);
#942=ORIENTED_EDGE('',*,*,#209,.F.);
#943=ORIENTED_EDGE('',*,*,#944,.F.);
#944=EDGE_CURVE('',#939,#205,#945,.T.);
#945=LINE('',#940,#742);
#946=PLANE('',#947);
#947=AXIS2_PLACEMENT_3D('',#940,#761,#743);
#948=ADVANCED_FACE('',(#949),#965,.F.);
#949=FACE_BOUND('',#950,.F.);
#950=EDGE_LOOP('',(#951,#952,#957,#960,#961,#962));
#951=ORIENTED_EDGE('',*,*,#705,.T.);
#952=ORIENTED_EDGE('',*,*,#953,.T.);
#953=EDGE_CURVE('',#701,#954,#956,.T.);
#954=VERTEX_POINT('',#955);
#955=CARTESIAN_POINT('',(8.25,0.5,0.3));
#956=LINE('',#702,#732);
#957=ORIENTED_EDGE('',*,*,#958,.T.);
#958=EDGE_CURVE('',#954,#939,#959,.T.);
#959=LINE('',#955,#36);
#960=ORIENTED_EDGE('',*,*,#944,.T.);
#961=ORIENTED_EDGE('',*,*,#204,.T.);
#962=ORIENTED_EDGE('',*,*,#963,.T.);
#963=EDGE_CURVE('',#201,#546,#964,.T.);
#964=LINE('',#202,#48);
#965=PLANE('',#966);
#966=AXIS2_PLACEMENT_3D('',#967,#14,#84);
#967=CARTESIAN_POINT('',(8.25,-0.515451356496,0.330008245993));
#968=ADVANCED_FACE('',(#969),#400,.F.);
#969=FACE_BOUND('',#970,.F.);
#970=EDGE_LOOP('',(#971,#972,#973,#974));
#971=ORIENTED_EDGE('',*,*,#297,.T.);
#972=ORIENTED_EDGE('',*,*,#545,.T.);
#973=ORIENTED_EDGE('',*,*,#963,.F.);
#974=ORIENTED_EDGE('',*,*,#200,.T.);
#975=ADVANCED_FACE('',(#976),#993,.F.);
#976=FACE_BOUND('',#977,.F.);
#977=EDGE_LOOP('',(#340,#287,#978,#979,#518,#982,#989));
#978=ORIENTED_EDGE('',*,*,#719,.T.);
#979=ORIENTED_EDGE('',*,*,#980,.T.);
#980=EDGE_CURVE('',#715,#515,#981,.T.);
#981=LINE('',#716,#48);
#982=ORIENTED_EDGE('',*,*,#983,.F.);
#983=EDGE_CURVE('',#984,#520,#986,.T.);
#984=VERTEX_POINT('',#985);
#985=CARTESIAN_POINT('',(9.1,1.,3.65));
#986=CIRCLE('',#987,0.5);
#987=AXIS2_PLACEMENT_3D('',#988,#14,#49);
#988=CARTESIAN_POINT('',(9.1,1.,4.15));
#989=ORIENTED_EDGE('',*,*,#990,.T.);
#990=EDGE_CURVE('',#984,#338,#991,.T.);
#991=LINE('',#992,#36);
#992=CARTESIAN_POINT('',(9.1,-0.825,3.65));
#993=PLANE('',#994);
#994=AXIS2_PLACEMENT_3D('',#721,#14,#49);
#995=ADVANCED_FACE('',(#996),#69,.T.);
#996=FACE_BOUND('',#997,.T.);
#997=EDGE_LOOP('',(#998,#323,#549,#999));
#998=ORIENTED_EDGE('',*,*,#416,.F.);
#999=ORIENTED_EDGE('',*,*,#1000,.T.);
#1000=EDGE_CURVE('',#551,#417,#1001,.T.);
#1001=LINE('',#552,#36);
#1002=ADVANCED_FACE('',(#1003),#410,.F.);
#1003=FACE_BOUND('',#1004,.T.);
#1004=EDGE_LOOP('',(#311,#1005,#982,#1006));
#1005=ORIENTED_EDGE('',*,*,#525,.T.);
#1006=ORIENTED_EDGE('',*,*,#1007,.F.);
#1007=EDGE_CURVE('',#308,#984,#383,.T.);
#1008=ADVANCED_FACE('',(#1009),#385,.T.);
#1009=FACE_BOUND('',#1010,.T.);
#1010=EDGE_LOOP('',(#306,#1011,#989,#1012));
#1011=ORIENTED_EDGE('',*,*,#1007,.T.);
#1012=ORIENTED_EDGE('',*,*,#337,.F.);
#1013=ADVANCED_FACE('',(#1014,#1017,#1043,#1069,#1095),#1121,.T.);
#1014=FACE_BOUND('',#1015,.T.);
#1015=EDGE_LOOP('',(#1016,#367,#713,#979));
#1016=ORIENTED_EDGE('',*,*,#514,.T.);
#1017=FACE_BOUND('',#1018,.T.);
#1018=EDGE_LOOP('',(#1019,#1027,#1033,#1039));
#1019=ORIENTED_EDGE('',*,*,#1020,.F.);
#1020=EDGE_CURVE('',#1021,#1023,#1025,.T.);
#1021=VERTEX_POINT('',#1022);
#1022=CARTESIAN_POINT('',(-0.32,0.32,1.85));
#1023=VERTEX_POINT('',#1024);
#1024=CARTESIAN_POINT('',(-0.32,-0.32,1.85));
#1025=LINE('',#1026,#36);
#1026=CARTESIAN_POINT('',(-0.32,-0.26920299558,1.85));
#1027=ORIENTED_EDGE('',*,*,#1028,.T.);
#1028=EDGE_CURVE('',#1021,#1029,#1031,.T.);
#1029=VERTEX_POINT('',#1030);
#1030=CARTESIAN_POINT('',(0.32,0.32,1.85));
#1031=LINE('',#1032,#43);
#1032=CARTESIAN_POINT('',(2.035,0.32,1.85));
#1033=ORIENTED_EDGE('',*,*,#1034,.T.);
#1034=EDGE_CURVE('',#1029,#1035,#1037,.T.);
#1035=VERTEX_POINT('',#1036);
#1036=CARTESIAN_POINT('',(0.32,-0.32,1.85));
#1037=LINE('',#1038,#36);
#1038=CARTESIAN_POINT('',(0.32,-0.26920299558,1.85));
#1039=ORIENTED_EDGE('',*,*,#1040,.T.);
#1040=EDGE_CURVE('',#1035,#1023,#1041,.T.);
#1041=LINE('',#1042,#28);
#1042=CARTESIAN_POINT('',(2.035,-0.32,1.85));
#1043=FACE_BOUND('',#1044,.T.);
#1044=EDGE_LOOP('',(#1045,#1053,#1059,#1065));
#1045=ORIENTED_EDGE('',*,*,#1046,.T.);
#1046=EDGE_CURVE('',#1047,#1049,#1051,.T.);
#1047=VERTEX_POINT('',#1048);
#1048=CARTESIAN_POINT('',(2.82,0.32,1.85));
#1049=VERTEX_POINT('',#1050);
#1050=CARTESIAN_POINT('',(2.82,-0.32,1.85));
#1051=LINE('',#1052,#36);
#1052=CARTESIAN_POINT('',(2.82,-0.2875,1.85));
#1053=ORIENTED_EDGE('',*,*,#1054,.T.);
#1054=EDGE_CURVE('',#1049,#1055,#1057,.T.);
#1055=VERTEX_POINT('',#1056);
#1056=CARTESIAN_POINT('',(2.18,-0.32,1.85));
#1057=LINE('',#1058,#28);
#1058=CARTESIAN_POINT('',(3.285,-0.32,1.85));
#1059=ORIENTED_EDGE('',*,*,#1060,.F.);
#1060=EDGE_CURVE('',#1061,#1055,#1063,.T.);
#1061=VERTEX_POINT('',#1062);
#1062=CARTESIAN_POINT('',(2.18,0.32,1.85));
#1063=LINE('',#1064,#36);
#1064=CARTESIAN_POINT('',(2.18,-0.2875,1.85));
#1065=ORIENTED_EDGE('',*,*,#1066,.T.);
#1066=EDGE_CURVE('',#1061,#1047,#1067,.T.);
#1067=LINE('',#1068,#43);
#1068=CARTESIAN_POINT('',(3.285,0.32,1.85));
#1069=FACE_BOUND('',#1070,.T.);
#1070=EDGE_LOOP('',(#1071,#1079,#1085,#1091));
#1071=ORIENTED_EDGE('',*,*,#1072,.F.);
#1072=EDGE_CURVE('',#1073,#1075,#1077,.T.);
#1073=VERTEX_POINT('',#1074);
#1074=CARTESIAN_POINT('',(4.68,0.32,1.85));
#1075=VERTEX_POINT('',#1076);
#1076=CARTESIAN_POINT('',(4.68,-0.32,1.85));
#1077=LINE('',#1078,#36);
#1078=CARTESIAN_POINT('',(4.68,-0.2875,1.85));
#1079=ORIENTED_EDGE('',*,*,#1080,.T.);
#1080=EDGE_CURVE('',#1073,#1081,#1083,.T.);
#1081=VERTEX_POINT('',#1082);
#1082=CARTESIAN_POINT('',(5.32,0.32,1.85));
#1083=LINE('',#1084,#43);
#1084=CARTESIAN_POINT('',(4.535,0.32,1.85));
#1085=ORIENTED_EDGE('',*,*,#1086,.T.);
#1086=EDGE_CURVE('',#1081,#1087,#1089,.T.);
#1087=VERTEX_POINT('',#1088);
#1088=CARTESIAN_POINT('',(5.32,-0.32,1.85));
#1089=LINE('',#1090,#36);
#1090=CARTESIAN_POINT('',(5.32,-0.2875,1.85));
#1091=ORIENTED_EDGE('',*,*,#1092,.T.);
#1092=EDGE_CURVE('',#1087,#1075,#1093,.T.);
#1093=LINE('',#1094,#28);
#1094=CARTESIAN_POINT('',(4.535,-0.32,1.85));
#1095=FACE_BOUND('',#1096,.T.);
#1096=EDGE_LOOP('',(#1097,#1105,#1111,#1117));
#1097=ORIENTED_EDGE('',*,*,#1098,.T.);
#1098=EDGE_CURVE('',#1099,#1101,#1103,.T.);
#1099=VERTEX_POINT('',#1100);
#1100=CARTESIAN_POINT('',(7.18,0.32,1.85));
#1101=VERTEX_POINT('',#1102);
#1102=CARTESIAN_POINT('',(7.82,0.32,1.85));
#1103=LINE('',#1104,#43);
#1104=CARTESIAN_POINT('',(5.785,0.32,1.85));
#1105=ORIENTED_EDGE('',*,*,#1106,.T.);
#1106=EDGE_CURVE('',#1101,#1107,#1109,.T.);
#1107=VERTEX_POINT('',#1108);
#1108=CARTESIAN_POINT('',(7.82,-0.32,1.85));
#1109=LINE('',#1110,#36);
#1110=CARTESIAN_POINT('',(7.82,-0.26920299558,1.85));
#1111=ORIENTED_EDGE('',*,*,#1112,.T.);
#1112=EDGE_CURVE('',#1107,#1113,#1115,.T.);
#1113=VERTEX_POINT('',#1114);
#1114=CARTESIAN_POINT('',(7.18,-0.32,1.85));
#1115=LINE('',#1116,#28);
#1116=CARTESIAN_POINT('',(5.785,-0.32,1.85));
#1117=ORIENTED_EDGE('',*,*,#1118,.F.);
#1118=EDGE_CURVE('',#1099,#1113,#1119,.T.);
#1119=LINE('',#1120,#36);
#1120=CARTESIAN_POINT('',(7.18,-0.26920299558,1.85));
#1121=PLANE('',#1122);
#1122=AXIS2_PLACEMENT_3D('',#1123,#13,#29);
#1123=CARTESIAN_POINT('',(3.75,-0.575,1.85));
#1124=ADVANCED_FACE('',(#1125),#1131,.F.);
#1125=FACE_BOUND('',#1126,.F.);
#1126=EDGE_LOOP('',(#1127,#1128,#504,#533));
#1127=ORIENTED_EDGE('',*,*,#633,.F.);
#1128=ORIENTED_EDGE('',*,*,#1129,.T.);
#1129=EDGE_CURVE('',#629,#500,#1130,.T.);
#1130=LINE('',#630,#36);
#1131=PLANE('',#1132);
#1132=AXIS2_PLACEMENT_3D('',#630,#29,#13);
#1133=ADVANCED_FACE('',(#1134),#1141,.F.);
#1134=FACE_BOUND('',#1135,.F.);
#1135=EDGE_LOOP('',(#1136,#1137,#498,#1140));
#1136=ORIENTED_EDGE('',*,*,#628,.F.);
#1137=ORIENTED_EDGE('',*,*,#1138,.T.);
#1138=EDGE_CURVE('',#624,#494,#1139,.T.);
#1139=LINE('',#625,#36);
#1140=ORIENTED_EDGE('',*,*,#1129,.F.);
#1141=PLANE('',#1142);
#1142=AXIS2_PLACEMENT_3D('',#625,#124,#571);
#1143=ADVANCED_FACE('',(#1144),#1151,.F.);
#1144=FACE_BOUND('',#1145,.F.);
#1145=EDGE_LOOP('',(#1146,#1147,#492,#1150));
#1146=ORIENTED_EDGE('',*,*,#623,.F.);
#1147=ORIENTED_EDGE('',*,*,#1148,.T.);
#1148=EDGE_CURVE('',#618,#488,#1149,.T.);
#1149=LINE('',#619,#36);
#1150=ORIENTED_EDGE('',*,*,#1138,.F.);
#1151=PLANE('',#1152);
#1152=AXIS2_PLACEMENT_3D('',#619,#571,#564);
#1153=ADVANCED_FACE('',(#1154),#1161,.F.);
#1154=FACE_BOUND('',#1155,.F.);
#1155=EDGE_LOOP('',(#1156,#1157,#486,#1160));
#1156=ORIENTED_EDGE('',*,*,#617,.F.);
#1157=ORIENTED_EDGE('',*,*,#1158,.T.);
#1158=EDGE_CURVE('',#611,#481,#1159,.T.);
#1159=LINE('',#612,#36);
#1160=ORIENTED_EDGE('',*,*,#1148,.F.);
#1161=PLANE('',#1162);
#1162=AXIS2_PLACEMENT_3D('',#621,#29,#13);
#1163=ADVANCED_FACE('',(#1164),#1170,.F.);
#1164=FACE_BOUND('',#1165,.T.);
#1165=EDGE_LOOP('',(#1166,#609,#1157,#1169));
#1166=ORIENTED_EDGE('',*,*,#1167,.F.);
#1167=EDGE_CURVE('',#606,#475,#1168,.T.);
#1168=LINE('',#607,#36);
#1169=ORIENTED_EDGE('',*,*,#480,.T.);
#1170=CYLINDRICAL_SURFACE('',#1171,0.75);
#1171=AXIS2_PLACEMENT_3D('',#615,#37,#84);
#1172=ADVANCED_FACE('',(#1173),#1179,.F.);
#1173=FACE_BOUND('',#1174,.F.);
#1174=EDGE_LOOP('',(#1166,#1175,#1176,#473));
#1175=ORIENTED_EDGE('',*,*,#605,.F.);
#1176=ORIENTED_EDGE('',*,*,#1177,.T.);
#1177=EDGE_CURVE('',#601,#469,#1178,.T.);
#1178=LINE('',#602,#36);
#1179=PLANE('',#1180);
#1180=AXIS2_PLACEMENT_3D('',#602,#84,#29);
#1181=ADVANCED_FACE('',(#1182),#1189,.F.);
#1182=FACE_BOUND('',#1183,.F.);
#1183=EDGE_LOOP('',(#1184,#1185,#467,#1188));
#1184=ORIENTED_EDGE('',*,*,#600,.F.);
#1185=ORIENTED_EDGE('',*,*,#1186,.T.);
#1186=EDGE_CURVE('',#597,#465,#1187,.T.);
#1187=LINE('',#598,#36);
#1188=ORIENTED_EDGE('',*,*,#1177,.F.);
#1189=PLANE('',#1190);
#1190=AXIS2_PLACEMENT_3D('',#598,#14,#84);
#1191=ADVANCED_FACE('',(#1192),#69,.T.);
#1192=FACE_BOUND('',#1193,.T.);
#1193=EDGE_LOOP('',(#1194,#1195,#595,#1185));
#1194=ORIENTED_EDGE('',*,*,#464,.F.);
#1195=ORIENTED_EDGE('',*,*,#1196,.F.);
#1196=EDGE_CURVE('',#592,#459,#1197,.T.);
#1197=LINE('',#593,#36);
#1198=ADVANCED_FACE('',(#1199),#1206,.T.);
#1199=FACE_BOUND('',#1200,.T.);
#1200=EDGE_LOOP('',(#590,#1201,#1202,#1203));
#1201=ORIENTED_EDGE('',*,*,#1196,.T.);
#1202=ORIENTED_EDGE('',*,*,#458,.F.);
#1203=ORIENTED_EDGE('',*,*,#1204,.F.);
#1204=EDGE_CURVE('',#587,#453,#1205,.T.);
#1205=LINE('',#588,#36);
#1206=PLANE('',#1207);
#1207=AXIS2_PLACEMENT_3D('',#593,#14,#84);
#1208=ADVANCED_FACE('',(#1209),#1216,.T.);
#1209=FACE_BOUND('',#1210,.T.);
#1210=EDGE_LOOP('',(#1211,#585,#1214,#1215));
#1211=ORIENTED_EDGE('',*,*,#1212,.F.);
#1212=EDGE_CURVE('',#580,#446,#1213,.T.);
#1213=LINE('',#581,#36);
#1214=ORIENTED_EDGE('',*,*,#1204,.T.);
#1215=ORIENTED_EDGE('',*,*,#452,.F.);
#1216=PLANE('',#1217);
#1217=AXIS2_PLACEMENT_3D('',#588,#13,#14);
#1218=ADVANCED_FACE('',(#1219),#1225,.F.);
#1219=FACE_BOUND('',#1220,.F.);
#1220=EDGE_LOOP('',(#1211,#1221,#1222,#444));
#1221=ORIENTED_EDGE('',*,*,#579,.T.);
#1222=ORIENTED_EDGE('',*,*,#1223,.T.);
#1223=EDGE_CURVE('',#574,#440,#1224,.T.);
#1224=LINE('',#575,#36);
#1225=CYLINDRICAL_SURFACE('',#1226,0.75);
#1226=AXIS2_PLACEMENT_3D('',#584,#37,#84);
#1227=ADVANCED_FACE('',(#1228),#1234,.T.);
#1228=FACE_BOUND('',#1229,.T.);
#1229=EDGE_LOOP('',(#572,#1222,#1230,#1231));
#1230=ORIENTED_EDGE('',*,*,#439,.F.);
#1231=ORIENTED_EDGE('',*,*,#1232,.F.);
#1232=EDGE_CURVE('',#567,#434,#1233,.T.);
#1233=LINE('',#568,#36);
#1234=PLANE('',#1235);
#1235=AXIS2_PLACEMENT_3D('',#577,#29,#13);
#1236=ADVANCED_FACE('',(#1237),#1244,.T.);
#1237=FACE_BOUND('',#1238,.T.);
#1238=EDGE_LOOP('',(#565,#1239,#1240,#1241));
#1239=ORIENTED_EDGE('',*,*,#1232,.T.);
#1240=ORIENTED_EDGE('',*,*,#433,.F.);
#1241=ORIENTED_EDGE('',*,*,#1242,.F.);
#1242=EDGE_CURVE('',#560,#428,#1243,.T.);
#1243=LINE('',#561,#36);
#1244=PLANE('',#1245);
#1245=AXIS2_PLACEMENT_3D('',#568,#124,#571);
#1246=ADVANCED_FACE('',(#1247),#1254,.T.);
#1247=FACE_BOUND('',#1248,.T.);
#1248=EDGE_LOOP('',(#558,#1249,#1250,#1251));
#1249=ORIENTED_EDGE('',*,*,#1242,.T.);
#1250=ORIENTED_EDGE('',*,*,#427,.F.);
#1251=ORIENTED_EDGE('',*,*,#1252,.F.);
#1252=EDGE_CURVE('',#555,#422,#1253,.T.);
#1253=LINE('',#556,#36);
#1254=PLANE('',#1255);
#1255=AXIS2_PLACEMENT_3D('',#561,#571,#564);
#1256=ADVANCED_FACE('',(#1257),#1262,.T.);
#1257=FACE_BOUND('',#1258,.T.);
#1258=EDGE_LOOP('',(#553,#1259,#1260,#1261));
#1259=ORIENTED_EDGE('',*,*,#1252,.T.);
#1260=ORIENTED_EDGE('',*,*,#421,.F.);
#1261=ORIENTED_EDGE('',*,*,#1000,.F.);
#1262=PLANE('',#1263);
#1263=AXIS2_PLACEMENT_3D('',#556,#29,#13);
#1264=ADVANCED_FACE('',(#1265),#1272,.F.);
#1265=FACE_BOUND('',#1266,.F.);
#1266=EDGE_LOOP('',(#1267,#918,#1268,#1271));
#1267=ORIENTED_EDGE('',*,*,#700,.T.);
#1268=ORIENTED_EDGE('',*,*,#1269,.F.);
#1269=EDGE_CURVE('',#954,#920,#1270,.T.);
#1270=LINE('',#955,#28);
#1271=ORIENTED_EDGE('',*,*,#953,.F.);
#1272=PLANE('',#1273);
#1273=AXIS2_PLACEMENT_3D('',#702,#1274,#733);
#1274=DIRECTION('',(-4.333928243439E-17,-0.353892097416,0.935286257456));
#1275=ADVANCED_FACE('',(#1276),#1283,.F.);
#1276=FACE_BOUND('',#1277,.F.);
#1277=EDGE_LOOP('',(#1278,#856,#1279,#1282));
#1278=ORIENTED_EDGE('',*,*,#681,.T.);
#1279=ORIENTED_EDGE('',*,*,#1280,.F.);
#1280=EDGE_CURVE('',#892,#858,#1281,.T.);
#1281=LINE('',#893,#28);
#1282=ORIENTED_EDGE('',*,*,#891,.F.);
#1283=PLANE('',#1284);
#1284=AXIS2_PLACEMENT_3D('',#683,#1274,#733);
#1285=ADVANCED_FACE('',(#1286),#1293,.F.);
#1286=FACE_BOUND('',#1287,.F.);
#1287=EDGE_LOOP('',(#1288,#794,#1289,#1292));
#1288=ORIENTED_EDGE('',*,*,#662,.T.);
#1289=ORIENTED_EDGE('',*,*,#1290,.F.);
#1290=EDGE_CURVE('',#830,#796,#1291,.T.);
#1291=LINE('',#831,#28);
#1292=ORIENTED_EDGE('',*,*,#829,.F.);
#1293=PLANE('',#1294);
#1294=AXIS2_PLACEMENT_3D('',#664,#1274,#733);
#1295=ADVANCED_FACE('',(#1296),#1303,.F.);
#1296=FACE_BOUND('',#1297,.F.);
#1297=EDGE_LOOP('',(#1298,#727,#1299,#1302));
#1298=ORIENTED_EDGE('',*,*,#643,.T.);
#1299=ORIENTED_EDGE('',*,*,#1300,.F.);
#1300=EDGE_CURVE('',#768,#729,#1301,.T.);
#1301=LINE('',#769,#28);
#1302=ORIENTED_EDGE('',*,*,#767,.F.);
#1303=PLANE('',#1304);
#1304=AXIS2_PLACEMENT_3D('',#645,#1274,#733);
#1305=ADVANCED_FACE('',(#1306,#1311),#1337,.F.);
#1306=FACE_BOUND('',#1307,.F.);
#1307=EDGE_LOOP('',(#1308,#734,#1309,#1310));
#1308=ORIENTED_EDGE('',*,*,#1300,.T.);
#1309=ORIENTED_EDGE('',*,*,#751,.F.);
#1310=ORIENTED_EDGE('',*,*,#772,.F.);
#1311=FACE_BOUND('',#1312,.F.);
#1312=EDGE_LOOP('',(#1313,#1321,#1327,#1333));
#1313=ORIENTED_EDGE('',*,*,#1314,.F.);
#1314=EDGE_CURVE('',#1315,#1317,#1319,.T.);
#1315=VERTEX_POINT('',#1316);
#1316=CARTESIAN_POINT('',(-0.32,0.32,0.3));
#1317=VERTEX_POINT('',#1318);
#1318=CARTESIAN_POINT('',(-0.32,-0.32,0.3));
#1319=LINE('',#1320,#36);
#1320=CARTESIAN_POINT('',(-0.32,0.26829700442,0.3));
#1321=ORIENTED_EDGE('',*,*,#1322,.T.);
#1322=EDGE_CURVE('',#1315,#1323,#1325,.T.);
#1323=VERTEX_POINT('',#1324);
#1324=CARTESIAN_POINT('',(0.32,0.32,0.3));
#1325=LINE('',#1326,#43);
#1326=CARTESIAN_POINT('',(0.535,0.32,0.3));
#1327=ORIENTED_EDGE('',*,*,#1328,.T.);
#1328=EDGE_CURVE('',#1323,#1329,#1331,.T.);
#1329=VERTEX_POINT('',#1330);
#1330=CARTESIAN_POINT('',(0.32,-0.32,0.3));
#1331=LINE('',#1332,#36);
#1332=CARTESIAN_POINT('',(0.32,0.26829700442,0.3));
#1333=ORIENTED_EDGE('',*,*,#1334,.T.);
#1334=EDGE_CURVE('',#1329,#1317,#1335,.T.);
#1335=LINE('',#1336,#28);
#1336=CARTESIAN_POINT('',(0.535,-0.32,0.3));
#1337=PLANE('',#1338);
#1338=AXIS2_PLACEMENT_3D('',#769,#13,#37);
#1339=ADVANCED_FACE('',(#1340,#1345),#1371,.F.);
#1340=FACE_BOUND('',#1341,.F.);
#1341=EDGE_LOOP('',(#1342,#799,#1343,#1344));
#1342=ORIENTED_EDGE('',*,*,#1290,.T.);
#1343=ORIENTED_EDGE('',*,*,#814,.F.);
#1344=ORIENTED_EDGE('',*,*,#834,.F.);
#1345=FACE_BOUND('',#1346,.F.);
#1346=EDGE_LOOP('',(#1347,#1355,#1361,#1367));
#1347=ORIENTED_EDGE('',*,*,#1348,.T.);
#1348=EDGE_CURVE('',#1349,#1351,#1353,.T.);
#1349=VERTEX_POINT('',#1350);
#1350=CARTESIAN_POINT('',(2.82,0.32,0.3));
#1351=VERTEX_POINT('',#1352);
#1352=CARTESIAN_POINT('',(2.82,-0.32,0.3));
#1353=LINE('',#1354,#36);
#1354=CARTESIAN_POINT('',(2.82,0.25,0.3));
#1355=ORIENTED_EDGE('',*,*,#1356,.T.);
#1356=EDGE_CURVE('',#1351,#1357,#1359,.T.);
#1357=VERTEX_POINT('',#1358);
#1358=CARTESIAN_POINT('',(2.18,-0.32,0.3));
#1359=LINE('',#1360,#28);
#1360=CARTESIAN_POINT('',(3.035,-0.32,0.3));
#1361=ORIENTED_EDGE('',*,*,#1362,.F.);
#1362=EDGE_CURVE('',#1363,#1357,#1365,.T.);
#1363=VERTEX_POINT('',#1364);
#1364=CARTESIAN_POINT('',(2.18,0.32,0.3));
#1365=LINE('',#1366,#36);
#1366=CARTESIAN_POINT('',(2.18,0.25,0.3));
#1367=ORIENTED_EDGE('',*,*,#1368,.T.);
#1368=EDGE_CURVE('',#1363,#1349,#1369,.T.);
#1369=LINE('',#1370,#43);
#1370=CARTESIAN_POINT('',(3.035,0.32,0.3));
#1371=PLANE('',#1372);
#1372=AXIS2_PLACEMENT_3D('',#831,#13,#37);
#1373=ADVANCED_FACE('',(#1374,#1379),#1405,.F.);
#1374=FACE_BOUND('',#1375,.F.);
#1375=EDGE_LOOP('',(#1376,#861,#1377,#1378));
#1376=ORIENTED_EDGE('',*,*,#1280,.T.);
#1377=ORIENTED_EDGE('',*,*,#876,.F.);
#1378=ORIENTED_EDGE('',*,*,#896,.F.);
#1379=FACE_BOUND('',#1380,.F.);
#1380=EDGE_LOOP('',(#1381,#1389,#1395,#1401));
#1381=ORIENTED_EDGE('',*,*,#1382,.F.);
#1382=EDGE_CURVE('',#1383,#1385,#1387,.T.);
#1383=VERTEX_POINT('',#1384);
#1384=CARTESIAN_POINT('',(4.68,0.32,0.3));
#1385=VERTEX_POINT('',#1386);
#1386=CARTESIAN_POINT('',(4.68,-0.32,0.3));
#1387=LINE('',#1388,#36);
#1388=CARTESIAN_POINT('',(4.68,0.25,0.3));
#1389=ORIENTED_EDGE('',*,*,#1390,.T.);
#1390=EDGE_CURVE('',#1383,#1391,#1393,.T.);
#1391=VERTEX_POINT('',#1392);
#1392=CARTESIAN_POINT('',(5.32,0.32,0.3));
#1393=LINE('',#1394,#43);
#1394=CARTESIAN_POINT('',(5.535,0.32,0.3));
#1395=ORIENTED_EDGE('',*,*,#1396,.T.);
#1396=EDGE_CURVE('',#1391,#1397,#1399,.T.);
#1397=VERTEX_POINT('',#1398);
#1398=CARTESIAN_POINT('',(5.32,-0.32,0.3));
#1399=LINE('',#1400,#36);
#1400=CARTESIAN_POINT('',(5.32,0.25,0.3));
#1401=ORIENTED_EDGE('',*,*,#1402,.T.);
#1402=EDGE_CURVE('',#1397,#1385,#1403,.T.);
#1403=LINE('',#1404,#28);
#1404=CARTESIAN_POINT('',(5.535,-0.32,0.3));
#1405=PLANE('',#1406);
#1406=AXIS2_PLACEMENT_3D('',#893,#13,#37);
#1407=ADVANCED_FACE('',(#1408,#1413),#1439,.F.);
#1408=FACE_BOUND('',#1409,.F.);
#1409=EDGE_LOOP('',(#1410,#923,#1411,#1412));
#1410=ORIENTED_EDGE('',*,*,#1269,.T.);
#1411=ORIENTED_EDGE('',*,*,#938,.F.);
#1412=ORIENTED_EDGE('',*,*,#958,.F.);
#1413=FACE_BOUND('',#1414,.F.);
#1414=EDGE_LOOP('',(#1415,#1423,#1429,#1435));
#1415=ORIENTED_EDGE('',*,*,#1416,.T.);
#1416=EDGE_CURVE('',#1417,#1419,#1421,.T.);
#1417=VERTEX_POINT('',#1418);
#1418=CARTESIAN_POINT('',(7.18,0.32,0.3));
#1419=VERTEX_POINT('',#1420);
#1420=CARTESIAN_POINT('',(7.82,0.32,0.3));
#1421=LINE('',#1422,#43);
#1422=CARTESIAN_POINT('',(8.035,0.32,0.3));
#1423=ORIENTED_EDGE('',*,*,#1424,.T.);
#1424=EDGE_CURVE('',#1419,#1425,#1427,.T.);
#1425=VERTEX_POINT('',#1426);
#1426=CARTESIAN_POINT('',(7.82,-0.32,0.3));
#1427=LINE('',#1428,#36);
#1428=CARTESIAN_POINT('',(7.82,0.26829700442,0.3));
#1429=ORIENTED_EDGE('',*,*,#1430,.T.);
#1430=EDGE_CURVE('',#1425,#1431,#1433,.T.);
#1431=VERTEX_POINT('',#1432);
#1432=CARTESIAN_POINT('',(7.18,-0.32,0.3));
#1433=LINE('',#1434,#28);
#1434=CARTESIAN_POINT('',(8.035,-0.32,0.3));
#1435=ORIENTED_EDGE('',*,*,#1436,.F.);
#1436=EDGE_CURVE('',#1417,#1431,#1437,.T.);
#1437=LINE('',#1438,#36);
#1438=CARTESIAN_POINT('',(7.18,0.26829700442,0.3));
#1439=PLANE('',#1440);
#1440=AXIS2_PLACEMENT_3D('',#955,#13,#37);
#1441=ADVANCED_FACE('',(#1442),#1460,.T.);
#1442=FACE_BOUND('',#1443,.T.);
#1443=EDGE_LOOP('',(#1444,#1445,#1451,#1456));
#1444=ORIENTED_EDGE('',*,*,#1020,.T.);
#1445=ORIENTED_EDGE('',*,*,#1446,.T.);
#1446=EDGE_CURVE('',#1023,#1447,#1449,.T.);
#1447=VERTEX_POINT('',#1448);
#1448=CARTESIAN_POINT('',(-0.32,-0.32,6.3));
#1449=LINE('',#1450,#95);
#1450=CARTESIAN_POINT('',(-0.32,-0.32,-0.9));
#1451=ORIENTED_EDGE('',*,*,#1452,.T.);
#1452=EDGE_CURVE('',#1447,#1453,#1455,.T.);
#1453=VERTEX_POINT('',#1454);
#1454=CARTESIAN_POINT('',(-0.32,0.32,6.3));
#1455=LINE('',#1448,#48);
#1456=ORIENTED_EDGE('',*,*,#1457,.T.);
#1457=EDGE_CURVE('',#1453,#1021,#1458,.T.);
#1458=LINE('',#1459,#83);
#1459=CARTESIAN_POINT('',(-0.32,0.32,6.5));
#1460=PLANE('',#1461);
#1461=AXIS2_PLACEMENT_3D('',#1462,#29,#13);
#1462=CARTESIAN_POINT('',(-0.32,3.65940088399E-02,1.522832428212));
#1463=ADVANCED_FACE('',(#1464),#1475,.F.);
#1464=FACE_BOUND('',#1465,.F.);
#1465=EDGE_LOOP('',(#1466,#1039,#1445,#1472));
#1466=ORIENTED_EDGE('',*,*,#1467,.F.);
#1467=EDGE_CURVE('',#1035,#1468,#1470,.T.);
#1468=VERTEX_POINT('',#1469);
#1469=CARTESIAN_POINT('',(0.32,-0.32,6.3));
#1470=LINE('',#1471,#95);
#1471=CARTESIAN_POINT('',(0.32,-0.32,-0.9));
#1472=ORIENTED_EDGE('',*,*,#1473,.F.);
#1473=EDGE_CURVE('',#1468,#1447,#1474,.T.);
#1474=LINE('',#1469,#28);
#1475=PLANE('',#1476);
#1476=AXIS2_PLACEMENT_3D('',#1471,#49,#13);
#1477=ADVANCED_FACE('',(#1478),#1490,.F.);
#1478=FACE_BOUND('',#1479,.F.);
#1479=EDGE_LOOP('',(#1033,#1480,#1481,#1486));
#1480=ORIENTED_EDGE('',*,*,#1467,.T.);
#1481=ORIENTED_EDGE('',*,*,#1482,.T.);
#1482=EDGE_CURVE('',#1468,#1483,#1485,.T.);
#1483=VERTEX_POINT('',#1484);
#1484=CARTESIAN_POINT('',(0.32,0.32,6.3));
#1485=LINE('',#1469,#48);
#1486=ORIENTED_EDGE('',*,*,#1487,.T.);
#1487=EDGE_CURVE('',#1483,#1029,#1488,.T.);
#1488=LINE('',#1489,#83);
#1489=CARTESIAN_POINT('',(0.32,0.32,6.5));
#1490=PLANE('',#1491);
#1491=AXIS2_PLACEMENT_3D('',#1492,#29,#13);
#1492=CARTESIAN_POINT('',(0.32,3.65940088399E-02,1.522832428212));
#1493=ADVANCED_FACE('',(#1494),#1500,.F.);
#1494=FACE_BOUND('',#1495,.F.);
#1495=EDGE_LOOP('',(#1496,#1497,#1456,#1027));
#1496=ORIENTED_EDGE('',*,*,#1487,.F.);
#1497=ORIENTED_EDGE('',*,*,#1498,.T.);
#1498=EDGE_CURVE('',#1483,#1453,#1499,.T.);
#1499=LINE('',#1484,#28);
#1500=PLANE('',#1501);
#1501=AXIS2_PLACEMENT_3D('',#1489,#37,#84);
#1502=ADVANCED_FACE('',(#1503),#1520,.F.);
#1503=FACE_BOUND('',#1504,.F.);
#1504=EDGE_LOOP('',(#1045,#1505,#1511,#1516));
#1505=ORIENTED_EDGE('',*,*,#1506,.T.);
#1506=EDGE_CURVE('',#1049,#1507,#1509,.T.);
#1507=VERTEX_POINT('',#1508);
#1508=CARTESIAN_POINT('',(2.82,-0.32,6.3));
#1509=LINE('',#1510,#95);
#1510=CARTESIAN_POINT('',(2.82,-0.32,-3.4));
#1511=ORIENTED_EDGE('',*,*,#1512,.T.);
#1512=EDGE_CURVE('',#1507,#1513,#1515,.T.);
#1513=VERTEX_POINT('',#1514);
#1514=CARTESIAN_POINT('',(2.82,0.32,6.3));
#1515=LINE('',#1508,#48);
#1516=ORIENTED_EDGE('',*,*,#1517,.T.);
#1517=EDGE_CURVE('',#1513,#1047,#1518,.T.);
#1518=LINE('',#1519,#83);
#1519=CARTESIAN_POINT('',(2.82,0.32,6.5));
#1520=PLANE('',#1521);
#1521=AXIS2_PLACEMENT_3D('',#1522,#29,#13);
#1522=CARTESIAN_POINT('',(2.82,1.138921523207E-16,1.55));
#1523=ADVANCED_FACE('',(#1524),#1536,.F.);
#1524=FACE_BOUND('',#1525,.F.);
#1525=EDGE_LOOP('',(#1526,#1527,#1532,#1065));
#1526=ORIENTED_EDGE('',*,*,#1517,.F.);
#1527=ORIENTED_EDGE('',*,*,#1528,.T.);
#1528=EDGE_CURVE('',#1513,#1529,#1531,.T.);
#1529=VERTEX_POINT('',#1530);
#1530=CARTESIAN_POINT('',(2.18,0.32,6.3));
#1531=LINE('',#1514,#28);
#1532=ORIENTED_EDGE('',*,*,#1533,.T.);
#1533=EDGE_CURVE('',#1529,#1061,#1534,.T.);
#1534=LINE('',#1535,#83);
#1535=CARTESIAN_POINT('',(2.18,0.32,6.5));
#1536=PLANE('',#1537);
#1537=AXIS2_PLACEMENT_3D('',#1519,#37,#84);
#1538=ADVANCED_FACE('',(#1539),#1551,.T.);
#1539=FACE_BOUND('',#1540,.T.);
#1540=EDGE_LOOP('',(#1541,#1542,#1548,#1532));
#1541=ORIENTED_EDGE('',*,*,#1060,.T.);
#1542=ORIENTED_EDGE('',*,*,#1543,.T.);
#1543=EDGE_CURVE('',#1055,#1544,#1546,.T.);
#1544=VERTEX_POINT('',#1545);
#1545=CARTESIAN_POINT('',(2.18,-0.32,6.3));
#1546=LINE('',#1547,#95);
#1547=CARTESIAN_POINT('',(2.18,-0.32,-3.4));
#1548=ORIENTED_EDGE('',*,*,#1549,.T.);
#1549=EDGE_CURVE('',#1544,#1529,#1550,.T.);
#1550=LINE('',#1545,#48);
#1551=PLANE('',#1552);
#1552=AXIS2_PLACEMENT_3D('',#1553,#29,#13);
#1553=CARTESIAN_POINT('',(2.18,1.922695474661E-16,1.55));
#1554=ADVANCED_FACE('',(#1555),#1561,.F.);
#1555=FACE_BOUND('',#1556,.F.);
#1556=EDGE_LOOP('',(#1557,#1053,#1542,#1558));
#1557=ORIENTED_EDGE('',*,*,#1506,.F.);
#1558=ORIENTED_EDGE('',*,*,#1559,.F.);
#1559=EDGE_CURVE('',#1507,#1544,#1560,.T.);
#1560=LINE('',#1508,#28);
#1561=PLANE('',#1562);
#1562=AXIS2_PLACEMENT_3D('',#1510,#49,#13);
#1563=ADVANCED_FACE('',(#1564),#1582,.T.);
#1564=FACE_BOUND('',#1565,.T.);
#1565=EDGE_LOOP('',(#1566,#1567,#1573,#1578));
#1566=ORIENTED_EDGE('',*,*,#1072,.T.);
#1567=ORIENTED_EDGE('',*,*,#1568,.T.);
#1568=EDGE_CURVE('',#1075,#1569,#1571,.T.);
#1569=VERTEX_POINT('',#1570);
#1570=CARTESIAN_POINT('',(4.68,-0.32,6.3));
#1571=LINE('',#1572,#95);
#1572=CARTESIAN_POINT('',(4.68,-0.32,-3.4));
#1573=ORIENTED_EDGE('',*,*,#1574,.T.);
#1574=EDGE_CURVE('',#1569,#1575,#1577,.T.);
#1575=VERTEX_POINT('',#1576);
#1576=CARTESIAN_POINT('',(4.68,0.32,6.3));
#1577=LINE('',#1570,#48);
#1578=ORIENTED_EDGE('',*,*,#1579,.T.);
#1579=EDGE_CURVE('',#1575,#1073,#1580,.T.);
#1580=LINE('',#1581,#83);
#1581=CARTESIAN_POINT('',(4.68,0.32,6.5));
#1582=PLANE('',#1583);
#1583=AXIS2_PLACEMENT_3D('',#1584,#29,#13);
#1584=CARTESIAN_POINT('',(4.68,-1.138921523207E-16,1.55));
#1585=ADVANCED_FACE('',(#1586),#1597,.F.);
#1586=FACE_BOUND('',#1587,.F.);
#1587=EDGE_LOOP('',(#1588,#1091,#1567,#1594));
#1588=ORIENTED_EDGE('',*,*,#1589,.F.);
#1589=EDGE_CURVE('',#1087,#1590,#1592,.T.);
#1590=VERTEX_POINT('',#1591);
#1591=CARTESIAN_POINT('',(5.32,-0.32,6.3));
#1592=LINE('',#1593,#95);
#1593=CARTESIAN_POINT('',(5.32,-0.32,-3.4));
#1594=ORIENTED_EDGE('',*,*,#1595,.F.);
#1595=EDGE_CURVE('',#1590,#1569,#1596,.T.);
#1596=LINE('',#1591,#28);
#1597=PLANE('',#1598);
#1598=AXIS2_PLACEMENT_3D('',#1593,#49,#13);
#1599=ADVANCED_FACE('',(#1600),#1612,.F.);
#1600=FACE_BOUND('',#1601,.F.);
#1601=EDGE_LOOP('',(#1085,#1602,#1603,#1608));
#1602=ORIENTED_EDGE('',*,*,#1589,.T.);
#1603=ORIENTED_EDGE('',*,*,#1604,.T.);
#1604=EDGE_CURVE('',#1590,#1605,#1607,.T.);
#1605=VERTEX_POINT('',#1606);
#1606=CARTESIAN_POINT('',(5.32,0.32,6.3));
#1607=LINE('',#1591,#48);
#1608=ORIENTED_EDGE('',*,*,#1609,.T.);
#1609=EDGE_CURVE('',#1605,#1081,#1610,.T.);
#1610=LINE('',#1611,#83);
#1611=CARTESIAN_POINT('',(5.32,0.32,6.5));
#1612=PLANE('',#1613);
#1613=AXIS2_PLACEMENT_3D('',#1614,#29,#13);
#1614=CARTESIAN_POINT('',(5.32,-1.922695474661E-16,1.55));
#1615=ADVANCED_FACE('',(#1616),#1622,.F.);
#1616=FACE_BOUND('',#1617,.F.);
#1617=EDGE_LOOP('',(#1618,#1619,#1578,#1079));
#1618=ORIENTED_EDGE('',*,*,#1609,.F.);
#1619=ORIENTED_EDGE('',*,*,#1620,.T.);
#1620=EDGE_CURVE('',#1605,#1575,#1621,.T.);
#1621=LINE('',#1606,#28);
#1622=PLANE('',#1623);
#1623=AXIS2_PLACEMENT_3D('',#1611,#37,#84);
#1624=ADVANCED_FACE('',(#1625),#1642,.F.);
#1625=FACE_BOUND('',#1626,.F.);
#1626=EDGE_LOOP('',(#1627,#1633,#1638,#1097));
#1627=ORIENTED_EDGE('',*,*,#1628,.F.);
#1628=EDGE_CURVE('',#1629,#1101,#1631,.T.);
#1629=VERTEX_POINT('',#1630);
#1630=CARTESIAN_POINT('',(7.82,0.32,6.3));
#1631=LINE('',#1632,#83);
#1632=CARTESIAN_POINT('',(7.82,0.32,6.5));
#1633=ORIENTED_EDGE('',*,*,#1634,.T.);
#1634=EDGE_CURVE('',#1629,#1635,#1637,.T.);
#1635=VERTEX_POINT('',#1636);
#1636=CARTESIAN_POINT('',(7.18,0.32,6.3));
#1637=LINE('',#1630,#28);
#1638=ORIENTED_EDGE('',*,*,#1639,.T.);
#1639=EDGE_CURVE('',#1635,#1099,#1640,.T.);
#1640=LINE('',#1641,#83);
#1641=CARTESIAN_POINT('',(7.18,0.32,6.5));
#1642=PLANE('',#1643);
#1643=AXIS2_PLACEMENT_3D('',#1632,#37,#84);
#1644=ADVANCED_FACE('',(#1645),#1657,.T.);
#1645=FACE_BOUND('',#1646,.T.);
#1646=EDGE_LOOP('',(#1647,#1648,#1654,#1638));
#1647=ORIENTED_EDGE('',*,*,#1118,.T.);
#1648=ORIENTED_EDGE('',*,*,#1649,.T.);
#1649=EDGE_CURVE('',#1113,#1650,#1652,.T.);
#1650=VERTEX_POINT('',#1651);
#1651=CARTESIAN_POINT('',(7.18,-0.32,6.3));
#1652=LINE('',#1653,#95);
#1653=CARTESIAN_POINT('',(7.18,-0.32,-0.9));
#1654=ORIENTED_EDGE('',*,*,#1655,.T.);
#1655=EDGE_CURVE('',#1650,#1635,#1656,.T.);
#1656=LINE('',#1651,#48);
#1657=PLANE('',#1658);
#1658=AXIS2_PLACEMENT_3D('',#1659,#29,#13);
#1659=CARTESIAN_POINT('',(7.18,3.65940088399E-02,1.522832428212));
#1660=ADVANCED_FACE('',(#1661),#1672,.F.);
#1661=FACE_BOUND('',#1662,.F.);
#1662=EDGE_LOOP('',(#1663,#1111,#1648,#1669));
#1663=ORIENTED_EDGE('',*,*,#1664,.F.);
#1664=EDGE_CURVE('',#1107,#1665,#1667,.T.);
#1665=VERTEX_POINT('',#1666);
#1666=CARTESIAN_POINT('',(7.82,-0.32,6.3));
#1667=LINE('',#1668,#95);
#1668=CARTESIAN_POINT('',(7.82,-0.32,-0.9));
#1669=ORIENTED_EDGE('',*,*,#1670,.F.);
#1670=EDGE_CURVE('',#1665,#1650,#1671,.T.);
#1671=LINE('',#1666,#28);
#1672=PLANE('',#1673);
#1673=AXIS2_PLACEMENT_3D('',#1668,#49,#13);
#1674=ADVANCED_FACE('',(#1675),#1682,.F.);
#1675=FACE_BOUND('',#1676,.F.);
#1676=EDGE_LOOP('',(#1105,#1677,#1678,#1681));
#1677=ORIENTED_EDGE('',*,*,#1664,.T.);
#1678=ORIENTED_EDGE('',*,*,#1679,.T.);
#1679=EDGE_CURVE('',#1665,#1629,#1680,.T.);
#1680=LINE('',#1666,#48);
#1681=ORIENTED_EDGE('',*,*,#1628,.T.);
#1682=PLANE('',#1683);
#1683=AXIS2_PLACEMENT_3D('',#1684,#29,#13);
#1684=CARTESIAN_POINT('',(7.82,3.65940088399E-02,1.522832428212));
#1685=ADVANCED_FACE('',(#1686),#1460,.T.);
#1686=FACE_BOUND('',#1687,.T.);
#1687=EDGE_LOOP('',(#1688,#1696,#1704,#1710,#1313,#1712,#1716,#1723));
#1688=ORIENTED_EDGE('',*,*,#1689,.T.);
#1689=EDGE_CURVE('',#1690,#1692,#1694,.T.);
#1690=VERTEX_POINT('',#1691);
#1691=CARTESIAN_POINT('',(-0.32,0.351578947368,-3.2));
#1692=VERTEX_POINT('',#1693);
#1693=CARTESIAN_POINT('',(-0.32,-0.288421052632,-3.2));
#1694=LINE('',#1695,#36);
#1695=CARTESIAN_POINT('',(-0.32,0.32,-3.2));
#1696=ORIENTED_EDGE('',*,*,#1697,.T.);
#1697=EDGE_CURVE('',#1692,#1698,#1700,.T.);
#1698=VERTEX_POINT('',#1699);
#1699=CARTESIAN_POINT('',(-0.32,-2.E-02,-1.5));
#1700=LINE('',#1701,#1702);
#1701=CARTESIAN_POINT('',(-0.32,-0.32,-3.4));
#1702=VECTOR('',#1703,1.);
#1703=DIRECTION('',(1.909990663905E-17,0.155962573473,0.987762965329));
#1704=ORIENTED_EDGE('',*,*,#1705,.T.);
#1705=EDGE_CURVE('',#1698,#1706,#1707,.T.);
#1706=VERTEX_POINT('',#1450);
#1707=LINE('',#1699,#1708);
#1708=VECTOR('',#1709,1.);
#1709=DIRECTION('',(-5.476786982642E-17,-0.4472135955,0.894427191));
#1710=ORIENTED_EDGE('',*,*,#1711,.T.);
#1711=EDGE_CURVE('',#1706,#1317,#1449,.T.);
#1712=ORIENTED_EDGE('',*,*,#1713,.T.);
#1713=EDGE_CURVE('',#1315,#1714,#1458,.T.);
#1714=VERTEX_POINT('',#1715);
#1715=CARTESIAN_POINT('',(-0.32,0.32,-0.9));
#1716=ORIENTED_EDGE('',*,*,#1717,.T.);
#1717=EDGE_CURVE('',#1714,#1718,#1720,.T.);
#1718=VERTEX_POINT('',#1719);
#1719=CARTESIAN_POINT('',(-0.32,0.62,-1.5));
#1720=LINE('',#1715,#1721);
#1721=VECTOR('',#1722,1.);
#1722=DIRECTION('',(5.476786982642E-17,0.4472135955,-0.894427191));
#1723=ORIENTED_EDGE('',*,*,#1724,.T.);
#1724=EDGE_CURVE('',#1718,#1690,#1725,.T.);
#1725=LINE('',#1719,#1726);
#1726=VECTOR('',#1727,1.);
#1727=DIRECTION('',(-1.909990663905E-17,-0.155962573473,-0.987762965329));
#1728=ADVANCED_FACE('',(#1729),#1475,.F.);
#1729=FACE_BOUND('',#1730,.F.);
#1730=EDGE_LOOP('',(#1731,#1734,#1710,#1737));
#1731=ORIENTED_EDGE('',*,*,#1732,.F.);
#1732=EDGE_CURVE('',#1733,#1329,#1470,.T.);
#1733=VERTEX_POINT('',#1471);
#1734=ORIENTED_EDGE('',*,*,#1735,.T.);
#1735=EDGE_CURVE('',#1733,#1706,#1736,.T.);
#1736=LINE('',#1471,#28);
#1737=ORIENTED_EDGE('',*,*,#1334,.F.);
#1738=ADVANCED_FACE('',(#1739),#1490,.F.);
#1739=FACE_BOUND('',#1740,.F.);
#1740=EDGE_LOOP('',(#1741,#1749,#1755,#1758,#1759,#1760,#1764,#1769));
#1741=ORIENTED_EDGE('',*,*,#1742,.T.);
#1742=EDGE_CURVE('',#1743,#1745,#1747,.T.);
#1743=VERTEX_POINT('',#1744);
#1744=CARTESIAN_POINT('',(0.32,0.351578947368,-3.2));
#1745=VERTEX_POINT('',#1746);
#1746=CARTESIAN_POINT('',(0.32,-0.288421052632,-3.2));
#1747=LINE('',#1748,#36);
#1748=CARTESIAN_POINT('',(0.32,0.32,-3.2));
#1749=ORIENTED_EDGE('',*,*,#1750,.T.);
#1750=EDGE_CURVE('',#1745,#1751,#1753,.T.);
#1751=VERTEX_POINT('',#1752);
#1752=CARTESIAN_POINT('',(0.32,-2.E-02,-1.5));
#1753=LINE('',#1754,#1702);
#1754=CARTESIAN_POINT('',(0.32,-0.32,-3.4));
#1755=ORIENTED_EDGE('',*,*,#1756,.T.);
#1756=EDGE_CURVE('',#1751,#1733,#1757,.T.);
#1757=LINE('',#1752,#1708);
#1758=ORIENTED_EDGE('',*,*,#1732,.T.);
#1759=ORIENTED_EDGE('',*,*,#1328,.F.);
#1760=ORIENTED_EDGE('',*,*,#1761,.T.);
#1761=EDGE_CURVE('',#1323,#1762,#1488,.T.);
#1762=VERTEX_POINT('',#1763);
#1763=CARTESIAN_POINT('',(0.32,0.32,-0.9));
#1764=ORIENTED_EDGE('',*,*,#1765,.T.);
#1765=EDGE_CURVE('',#1762,#1766,#1768,.T.);
#1766=VERTEX_POINT('',#1767);
#1767=CARTESIAN_POINT('',(0.32,0.62,-1.5));
#1768=LINE('',#1763,#1721);
#1769=ORIENTED_EDGE('',*,*,#1770,.T.);
#1770=EDGE_CURVE('',#1766,#1743,#1771,.T.);
#1771=LINE('',#1767,#1726);
#1772=ADVANCED_FACE('',(#1773),#1500,.F.);
#1773=FACE_BOUND('',#1774,.F.);
#1774=EDGE_LOOP('',(#1775,#1776,#1712,#1777));
#1775=ORIENTED_EDGE('',*,*,#1761,.F.);
#1776=ORIENTED_EDGE('',*,*,#1322,.F.);
#1777=ORIENTED_EDGE('',*,*,#1778,.F.);
#1778=EDGE_CURVE('',#1762,#1714,#1779,.T.);
#1779=LINE('',#1763,#28);
#1780=ADVANCED_FACE('',(#1781),#1520,.F.);
#1781=FACE_BOUND('',#1782,.F.);
#1782=EDGE_LOOP('',(#1783,#1790,#1792,#1793));
#1783=ORIENTED_EDGE('',*,*,#1784,.T.);
#1784=EDGE_CURVE('',#1785,#1787,#1789,.T.);
#1785=VERTEX_POINT('',#1786);
#1786=CARTESIAN_POINT('',(2.82,0.32,-3.2));
#1787=VERTEX_POINT('',#1788);
#1788=CARTESIAN_POINT('',(2.82,-0.32,-3.2));
#1789=LINE('',#1786,#36);
#1790=ORIENTED_EDGE('',*,*,#1791,.T.);
#1791=EDGE_CURVE('',#1787,#1351,#1509,.T.);
#1792=ORIENTED_EDGE('',*,*,#1348,.F.);
#1793=ORIENTED_EDGE('',*,*,#1794,.T.);
#1794=EDGE_CURVE('',#1349,#1785,#1518,.T.);
#1795=ADVANCED_FACE('',(#1796),#1536,.F.);
#1796=FACE_BOUND('',#1797,.F.);
#1797=EDGE_LOOP('',(#1798,#1799,#1800,#1804));
#1798=ORIENTED_EDGE('',*,*,#1794,.F.);
#1799=ORIENTED_EDGE('',*,*,#1368,.F.);
#1800=ORIENTED_EDGE('',*,*,#1801,.T.);
#1801=EDGE_CURVE('',#1363,#1802,#1534,.T.);
#1802=VERTEX_POINT('',#1803);
#1803=CARTESIAN_POINT('',(2.18,0.32,-3.2));
#1804=ORIENTED_EDGE('',*,*,#1805,.F.);
#1805=EDGE_CURVE('',#1785,#1802,#1806,.T.);
#1806=LINE('',#1786,#28);
#1807=ADVANCED_FACE('',(#1808),#1551,.T.);
#1808=FACE_BOUND('',#1809,.T.);
#1809=EDGE_LOOP('',(#1810,#1815,#1361,#1800));
#1810=ORIENTED_EDGE('',*,*,#1811,.T.);
#1811=EDGE_CURVE('',#1802,#1812,#1814,.T.);
#1812=VERTEX_POINT('',#1813);
#1813=CARTESIAN_POINT('',(2.18,-0.32,-3.2));
#1814=LINE('',#1803,#36);
#1815=ORIENTED_EDGE('',*,*,#1816,.T.);
#1816=EDGE_CURVE('',#1812,#1357,#1546,.T.);
#1817=ADVANCED_FACE('',(#1818),#1561,.F.);
#1818=FACE_BOUND('',#1819,.F.);
#1819=EDGE_LOOP('',(#1820,#1821,#1815,#1824));
#1820=ORIENTED_EDGE('',*,*,#1791,.F.);
#1821=ORIENTED_EDGE('',*,*,#1822,.T.);
#1822=EDGE_CURVE('',#1787,#1812,#1823,.T.);
#1823=LINE('',#1788,#28);
#1824=ORIENTED_EDGE('',*,*,#1356,.F.);
#1825=ADVANCED_FACE('',(#1826),#1582,.T.);
#1826=FACE_BOUND('',#1827,.T.);
#1827=EDGE_LOOP('',(#1828,#1835,#1381,#1837));
#1828=ORIENTED_EDGE('',*,*,#1829,.T.);
#1829=EDGE_CURVE('',#1830,#1832,#1834,.T.);
#1830=VERTEX_POINT('',#1831);
#1831=CARTESIAN_POINT('',(4.68,0.32,-3.2));
#1832=VERTEX_POINT('',#1833);
#1833=CARTESIAN_POINT('',(4.68,-0.32,-3.2));
#1834=LINE('',#1831,#36);
#1835=ORIENTED_EDGE('',*,*,#1836,.T.);
#1836=EDGE_CURVE('',#1832,#1385,#1571,.T.);
#1837=ORIENTED_EDGE('',*,*,#1838,.T.);
#1838=EDGE_CURVE('',#1383,#1830,#1580,.T.);
#1839=ADVANCED_FACE('',(#1840),#1597,.F.);
#1840=FACE_BOUND('',#1841,.F.);
#1841=EDGE_LOOP('',(#1842,#1846,#1835,#1849));
#1842=ORIENTED_EDGE('',*,*,#1843,.F.);
#1843=EDGE_CURVE('',#1844,#1397,#1592,.T.);
#1844=VERTEX_POINT('',#1845);
#1845=CARTESIAN_POINT('',(5.32,-0.32,-3.2));
#1846=ORIENTED_EDGE('',*,*,#1847,.T.);
#1847=EDGE_CURVE('',#1844,#1832,#1848,.T.);
#1848=LINE('',#1845,#28);
#1849=ORIENTED_EDGE('',*,*,#1402,.F.);
#1850=ADVANCED_FACE('',(#1851),#1612,.F.);
#1851=FACE_BOUND('',#1852,.F.);
#1852=EDGE_LOOP('',(#1853,#1858,#1859,#1860));
#1853=ORIENTED_EDGE('',*,*,#1854,.T.);
#1854=EDGE_CURVE('',#1855,#1844,#1857,.T.);
#1855=VERTEX_POINT('',#1856);
#1856=CARTESIAN_POINT('',(5.32,0.32,-3.2));
#1857=LINE('',#1856,#36);
#1858=ORIENTED_EDGE('',*,*,#1843,.T.);
#1859=ORIENTED_EDGE('',*,*,#1396,.F.);
#1860=ORIENTED_EDGE('',*,*,#1861,.T.);
#1861=EDGE_CURVE('',#1391,#1855,#1610,.T.);
#1862=ADVANCED_FACE('',(#1863),#1622,.F.);
#1863=FACE_BOUND('',#1864,.F.);
#1864=EDGE_LOOP('',(#1865,#1866,#1837,#1867));
#1865=ORIENTED_EDGE('',*,*,#1861,.F.);
#1866=ORIENTED_EDGE('',*,*,#1390,.F.);
#1867=ORIENTED_EDGE('',*,*,#1868,.F.);
#1868=EDGE_CURVE('',#1855,#1830,#1869,.T.);
#1869=LINE('',#1856,#28);
#1870=ADVANCED_FACE('',(#1871),#1642,.F.);
#1871=FACE_BOUND('',#1872,.F.);
#1872=EDGE_LOOP('',(#1873,#1877,#1878,#1882));
#1873=ORIENTED_EDGE('',*,*,#1874,.F.);
#1874=EDGE_CURVE('',#1419,#1875,#1631,.T.);
#1875=VERTEX_POINT('',#1876);
#1876=CARTESIAN_POINT('',(7.82,0.32,-0.9));
#1877=ORIENTED_EDGE('',*,*,#1416,.F.);
#1878=ORIENTED_EDGE('',*,*,#1879,.T.);
#1879=EDGE_CURVE('',#1417,#1880,#1640,.T.);
#1880=VERTEX_POINT('',#1881);
#1881=CARTESIAN_POINT('',(7.18,0.32,-0.9));
#1882=ORIENTED_EDGE('',*,*,#1883,.F.);
#1883=EDGE_CURVE('',#1875,#1880,#1884,.T.);
#1884=LINE('',#1876,#28);
#1885=ADVANCED_FACE('',(#1886),#1657,.T.);
#1886=FACE_BOUND('',#1887,.T.);
#1887=EDGE_LOOP('',(#1888,#1896,#1902,#1906,#1435,#1878,#1908,#1913));
#1888=ORIENTED_EDGE('',*,*,#1889,.T.);
#1889=EDGE_CURVE('',#1890,#1892,#1894,.T.);
#1890=VERTEX_POINT('',#1891);
#1891=CARTESIAN_POINT('',(7.18,0.351578947368,-3.2));
#1892=VERTEX_POINT('',#1893);
#1893=CARTESIAN_POINT('',(7.18,-0.288421052632,-3.2));
#1894=LINE('',#1895,#36);
#1895=CARTESIAN_POINT('',(7.18,0.32,-3.2));
#1896=ORIENTED_EDGE('',*,*,#1897,.T.);
#1897=EDGE_CURVE('',#1892,#1898,#1900,.T.);
#1898=VERTEX_POINT('',#1899);
#1899=CARTESIAN_POINT('',(7.18,-2.E-02,-1.5));
#1900=LINE('',#1901,#1702);
#1901=CARTESIAN_POINT('',(7.18,-0.32,-3.4));
#1902=ORIENTED_EDGE('',*,*,#1903,.T.);
#1903=EDGE_CURVE('',#1898,#1904,#1905,.T.);
#1904=VERTEX_POINT('',#1653);
#1905=LINE('',#1899,#1708);
#1906=ORIENTED_EDGE('',*,*,#1907,.T.);
#1907=EDGE_CURVE('',#1904,#1431,#1652,.T.);
#1908=ORIENTED_EDGE('',*,*,#1909,.T.);
#1909=EDGE_CURVE('',#1880,#1910,#1912,.T.);
#1910=VERTEX_POINT('',#1911);
#1911=CARTESIAN_POINT('',(7.18,0.62,-1.5));
#1912=LINE('',#1881,#1721);
#1913=ORIENTED_EDGE('',*,*,#1914,.T.);
#1914=EDGE_CURVE('',#1910,#1890,#1915,.T.);
#1915=LINE('',#1911,#1726);
#1916=ADVANCED_FACE('',(#1917),#1672,.F.);
#1917=FACE_BOUND('',#1918,.F.);
#1918=EDGE_LOOP('',(#1919,#1922,#1906,#1925));
#1919=ORIENTED_EDGE('',*,*,#1920,.F.);
#1920=EDGE_CURVE('',#1921,#1425,#1667,.T.);
#1921=VERTEX_POINT('',#1668);
#1922=ORIENTED_EDGE('',*,*,#1923,.T.);
#1923=EDGE_CURVE('',#1921,#1904,#1924,.T.);
#1924=LINE('',#1668,#28);
#1925=ORIENTED_EDGE('',*,*,#1430,.F.);
#1926=ADVANCED_FACE('',(#1927),#1682,.F.);
#1927=FACE_BOUND('',#1928,.F.);
#1928=EDGE_LOOP('',(#1929,#1937,#1943,#1946,#1947,#1948,#1949,#1954));
#1929=ORIENTED_EDGE('',*,*,#1930,.T.);
#1930=EDGE_CURVE('',#1931,#1933,#1935,.T.);
#1931=VERTEX_POINT('',#1932);
#1932=CARTESIAN_POINT('',(7.82,0.351578947368,-3.2));
#1933=VERTEX_POINT('',#1934);
#1934=CARTESIAN_POINT('',(7.82,-0.288421052632,-3.2));
#1935=LINE('',#1936,#36);
#1936=CARTESIAN_POINT('',(7.82,0.32,-3.2));
#1937=ORIENTED_EDGE('',*,*,#1938,.T.);
#1938=EDGE_CURVE('',#1933,#1939,#1941,.T.);
#1939=VERTEX_POINT('',#1940);
#1940=CARTESIAN_POINT('',(7.82,-2.E-02,-1.5));
#1941=LINE('',#1942,#1702);
#1942=CARTESIAN_POINT('',(7.82,-0.32,-3.4));
#1943=ORIENTED_EDGE('',*,*,#1944,.T.);
#1944=EDGE_CURVE('',#1939,#1921,#1945,.T.);
#1945=LINE('',#1940,#1708);
#1946=ORIENTED_EDGE('',*,*,#1920,.T.);
#1947=ORIENTED_EDGE('',*,*,#1424,.F.);
#1948=ORIENTED_EDGE('',*,*,#1874,.T.);
#1949=ORIENTED_EDGE('',*,*,#1950,.T.);
#1950=EDGE_CURVE('',#1875,#1951,#1953,.T.);
#1951=VERTEX_POINT('',#1952);
#1952=CARTESIAN_POINT('',(7.82,0.62,-1.5));
#1953=LINE('',#1876,#1721);
#1954=ORIENTED_EDGE('',*,*,#1955,.T.);
#1955=EDGE_CURVE('',#1951,#1931,#1956,.T.);
#1956=LINE('',#1952,#1726);
#1957=ADVANCED_FACE('',(#1958),#1979,.F.);
#1958=FACE_BOUND('',#1959,.T.);
#1959=EDGE_LOOP('',(#1960,#1968,#1974,#1978));
#1960=ORIENTED_EDGE('',*,*,#1961,.F.);
#1961=EDGE_CURVE('',#1962,#1447,#1964,.T.);
#1962=VERTEX_POINT('',#1963);
#1963=CARTESIAN_POINT('',(-0.12,-0.12,6.5));
#1964=LINE('',#1965,#1966);
#1965=CARTESIAN_POINT('',(-0.146666666667,-0.146666666667,6.473333333333));
#1966=VECTOR('',#1967,1.);
#1967=DIRECTION('',(-0.57735026919,-0.57735026919,-0.57735026919));
#1968=ORIENTED_EDGE('',*,*,#1969,.T.);
#1969=EDGE_CURVE('',#1962,#1970,#1972,.T.);
#1970=VERTEX_POINT('',#1971);
#1971=CARTESIAN_POINT('',(-0.12,0.12,6.5));
#1972=LINE('',#1973,#48);
#1973=CARTESIAN_POINT('',(-0.12,-0.32,6.5));
#1974=ORIENTED_EDGE('',*,*,#1975,.T.);
#1975=EDGE_CURVE('',#1970,#1453,#1976,.T.);
#1976=LINE('',#1977,#176);
#1977=CARTESIAN_POINT('',(-4.E-02,4.E-02,6.58));
#1978=ORIENTED_EDGE('',*,*,#1452,.F.);
#1979=PLANE('',#1980);
#1980=AXIS2_PLACEMENT_3D('',#1981,#102,#37);
#1981=CARTESIAN_POINT('',(-0.22,-0.32,6.4));
#1982=ADVANCED_FACE('',(#1983),#1998,.T.);
#1983=FACE_BOUND('',#1984,.F.);
#1984=EDGE_LOOP('',(#1985,#1993,#1960,#1994));
#1985=ORIENTED_EDGE('',*,*,#1986,.F.);
#1986=EDGE_CURVE('',#1468,#1987,#1989,.T.);
#1987=VERTEX_POINT('',#1988);
#1988=CARTESIAN_POINT('',(0.12,-0.12,6.5));
#1989=LINE('',#1990,#1991);
#1990=CARTESIAN_POINT('',(0.253333333333,-0.253333333333,6.366666666667));
#1991=VECTOR('',#1992,1.);
#1992=DIRECTION('',(-0.57735026919,0.57735026919,0.57735026919));
#1993=ORIENTED_EDGE('',*,*,#1473,.T.);
#1994=ORIENTED_EDGE('',*,*,#1995,.F.);
#1995=EDGE_CURVE('',#1987,#1962,#1996,.T.);
#1996=LINE('',#1997,#28);
#1997=CARTESIAN_POINT('',(0.32,-0.12,6.5));
#1998=PLANE('',#1999);
#1999=AXIS2_PLACEMENT_3D('',#2000,#2001,#14);
#2000=CARTESIAN_POINT('',(0.32,-0.22,6.4));
#2001=DIRECTION('',(-8.833102285019E-17,-0.707106781187,0.707106781187));
#2002=ADVANCED_FACE('',(#2003),#2017,.T.);
#2003=FACE_BOUND('',#2004,.F.);
#2004=EDGE_LOOP('',(#2005,#2006,#2012,#2016));
#2005=ORIENTED_EDGE('',*,*,#1986,.T.);
#2006=ORIENTED_EDGE('',*,*,#2007,.T.);
#2007=EDGE_CURVE('',#1987,#2008,#2010,.T.);
#2008=VERTEX_POINT('',#2009);
#2009=CARTESIAN_POINT('',(0.12,0.12,6.5));
#2010=LINE('',#2011,#48);
#2011=CARTESIAN_POINT('',(0.12,-0.32,6.5));
#2012=ORIENTED_EDGE('',*,*,#2013,.T.);
#2013=EDGE_CURVE('',#2008,#1483,#2014,.T.);
#2014=LINE('',#2015,#116);
#2015=CARTESIAN_POINT('',(0.146666666667,0.146666666667,6.473333333333));
#2016=ORIENTED_EDGE('',*,*,#1482,.F.);
#2017=PLANE('',#2018);
#2018=AXIS2_PLACEMENT_3D('',#2019,#564,#37);
#2019=CARTESIAN_POINT('',(0.22,-0.32,6.4));
#2020=ADVANCED_FACE('',(#2021),#2029,.T.);
#2021=FACE_BOUND('',#2022,.F.);
#2022=EDGE_LOOP('',(#2023,#2024,#1974,#2028));
#2023=ORIENTED_EDGE('',*,*,#2013,.F.);
#2024=ORIENTED_EDGE('',*,*,#2025,.T.);
#2025=EDGE_CURVE('',#2008,#1970,#2026,.T.);
#2026=LINE('',#2027,#28);
#2027=CARTESIAN_POINT('',(0.32,0.12,6.5));
#2028=ORIENTED_EDGE('',*,*,#1498,.F.);
#2029=PLANE('',#2030);
#2030=AXIS2_PLACEMENT_3D('',#2031,#2032,#14);
#2031=CARTESIAN_POINT('',(0.32,0.22,6.4));
#2032=DIRECTION('',(8.833102285019E-17,0.707106781187,0.707106781187));
#2033=ADVANCED_FACE('',(#2034),#2053,.T.);
#2034=FACE_BOUND('',#2035,.F.);
#2035=EDGE_LOOP('',(#2036,#2042,#2048,#2052));
#2036=ORIENTED_EDGE('',*,*,#2037,.T.);
#2037=EDGE_CURVE('',#1507,#2038,#2040,.T.);
#2038=VERTEX_POINT('',#2039);
#2039=CARTESIAN_POINT('',(2.62,-0.12,6.5));
#2040=LINE('',#2041,#1991);
#2041=CARTESIAN_POINT('',(2.753333333333,-0.253333333333,6.366666666667));
#2042=ORIENTED_EDGE('',*,*,#2043,.T.);
#2043=EDGE_CURVE('',#2038,#2044,#2046,.T.);
#2044=VERTEX_POINT('',#2045);
#2045=CARTESIAN_POINT('',(2.62,0.12,6.5));
#2046=LINE('',#2047,#48);
#2047=CARTESIAN_POINT('',(2.62,-0.32,6.5));
#2048=ORIENTED_EDGE('',*,*,#2049,.T.);
#2049=EDGE_CURVE('',#2044,#1513,#2050,.T.);
#2050=LINE('',#2051,#116);
#2051=CARTESIAN_POINT('',(2.646666666667,0.146666666667,6.473333333333));
#2052=ORIENTED_EDGE('',*,*,#1512,.F.);
#2053=PLANE('',#2054);
#2054=AXIS2_PLACEMENT_3D('',#2055,#564,#37);
#2055=CARTESIAN_POINT('',(2.72,-0.32,6.4));
#2056=ADVANCED_FACE('',(#2057),#2071,.T.);
#2057=FACE_BOUND('',#2058,.F.);
#2058=EDGE_LOOP('',(#2059,#2060,#2066,#2070));
#2059=ORIENTED_EDGE('',*,*,#2049,.F.);
#2060=ORIENTED_EDGE('',*,*,#2061,.T.);
#2061=EDGE_CURVE('',#2044,#2062,#2064,.T.);
#2062=VERTEX_POINT('',#2063);
#2063=CARTESIAN_POINT('',(2.38,0.12,6.5));
#2064=LINE('',#2065,#28);
#2065=CARTESIAN_POINT('',(2.82,0.12,6.5));
#2066=ORIENTED_EDGE('',*,*,#2067,.T.);
#2067=EDGE_CURVE('',#2062,#1529,#2068,.T.);
#2068=LINE('',#2069,#176);
#2069=CARTESIAN_POINT('',(2.46,4.E-02,6.58));
#2070=ORIENTED_EDGE('',*,*,#1528,.F.);
#2071=PLANE('',#2072);
#2072=AXIS2_PLACEMENT_3D('',#2073,#2032,#14);
#2073=CARTESIAN_POINT('',(2.82,0.22,6.4));
#2074=ADVANCED_FACE('',(#2075),#2088,.F.);
#2075=FACE_BOUND('',#2076,.T.);
#2076=EDGE_LOOP('',(#2077,#2083,#2066,#2087));
#2077=ORIENTED_EDGE('',*,*,#2078,.F.);
#2078=EDGE_CURVE('',#2079,#1544,#2081,.T.);
#2079=VERTEX_POINT('',#2080);
#2080=CARTESIAN_POINT('',(2.38,-0.12,6.5));
#2081=LINE('',#2082,#1966);
#2082=CARTESIAN_POINT('',(2.353333333333,-0.146666666667,6.473333333333));
#2083=ORIENTED_EDGE('',*,*,#2084,.T.);
#2084=EDGE_CURVE('',#2079,#2062,#2085,.T.);
#2085=LINE('',#2086,#48);
#2086=CARTESIAN_POINT('',(2.38,-0.32,6.5));
#2087=ORIENTED_EDGE('',*,*,#1549,.F.);
#2088=PLANE('',#2089);
#2089=AXIS2_PLACEMENT_3D('',#2090,#102,#37);
#2090=CARTESIAN_POINT('',(2.28,-0.32,6.4));
#2091=ADVANCED_FACE('',(#2092),#2100,.T.);
#2092=FACE_BOUND('',#2093,.F.);
#2093=EDGE_LOOP('',(#2094,#2095,#2077,#2096));
#2094=ORIENTED_EDGE('',*,*,#2037,.F.);
#2095=ORIENTED_EDGE('',*,*,#1559,.T.);
#2096=ORIENTED_EDGE('',*,*,#2097,.F.);
#2097=EDGE_CURVE('',#2038,#2079,#2098,.T.);
#2098=LINE('',#2099,#28);
#2099=CARTESIAN_POINT('',(2.82,-0.12,6.5));
#2100=PLANE('',#2101);
#2101=AXIS2_PLACEMENT_3D('',#2102,#2001,#14);
#2102=CARTESIAN_POINT('',(2.82,-0.22,6.4));
#2103=ADVANCED_FACE('',(#2104),#2123,.F.);
#2104=FACE_BOUND('',#2105,.T.);
#2105=EDGE_LOOP('',(#2106,#2112,#2118,#2122));
#2106=ORIENTED_EDGE('',*,*,#2107,.F.);
#2107=EDGE_CURVE('',#2108,#1569,#2110,.T.);
#2108=VERTEX_POINT('',#2109);
#2109=CARTESIAN_POINT('',(4.88,-0.12,6.5));
#2110=LINE('',#2111,#1966);
#2111=CARTESIAN_POINT('',(4.853333333333,-0.146666666667,6.473333333333));
#2112=ORIENTED_EDGE('',*,*,#2113,.T.);
#2113=EDGE_CURVE('',#2108,#2114,#2116,.T.);
#2114=VERTEX_POINT('',#2115);
#2115=CARTESIAN_POINT('',(4.88,0.12,6.5));
#2116=LINE('',#2117,#48);
#2117=CARTESIAN_POINT('',(4.88,-0.32,6.5));
#2118=ORIENTED_EDGE('',*,*,#2119,.T.);
#2119=EDGE_CURVE('',#2114,#1575,#2120,.T.);
#2120=LINE('',#2121,#176);
#2121=CARTESIAN_POINT('',(4.96,4.E-02,6.58));
#2122=ORIENTED_EDGE('',*,*,#1574,.F.);
#2123=PLANE('',#2124);
#2124=AXIS2_PLACEMENT_3D('',#2125,#102,#37);
#2125=CARTESIAN_POINT('',(4.78,-0.32,6.4));
#2126=ADVANCED_FACE('',(#2127),#2140,.T.);
#2127=FACE_BOUND('',#2128,.F.);
#2128=EDGE_LOOP('',(#2129,#2135,#2106,#2136));
#2129=ORIENTED_EDGE('',*,*,#2130,.F.);
#2130=EDGE_CURVE('',#1590,#2131,#2133,.T.);
#2131=VERTEX_POINT('',#2132);
#2132=CARTESIAN_POINT('',(5.12,-0.12,6.5));
#2133=LINE('',#2134,#1991);
#2134=CARTESIAN_POINT('',(5.253333333333,-0.253333333333,6.366666666667));
#2135=ORIENTED_EDGE('',*,*,#1595,.T.);
#2136=ORIENTED_EDGE('',*,*,#2137,.F.);
#2137=EDGE_CURVE('',#2131,#2108,#2138,.T.);
#2138=LINE('',#2139,#28);
#2139=CARTESIAN_POINT('',(5.32,-0.12,6.5));
#2140=PLANE('',#2141);
#2141=AXIS2_PLACEMENT_3D('',#2142,#2001,#14);
#2142=CARTESIAN_POINT('',(5.32,-0.22,6.4));
#2143=ADVANCED_FACE('',(#2144),#2158,.T.);
#2144=FACE_BOUND('',#2145,.F.);
#2145=EDGE_LOOP('',(#2146,#2147,#2153,#2157));
#2146=ORIENTED_EDGE('',*,*,#2130,.T.);
#2147=ORIENTED_EDGE('',*,*,#2148,.T.);
#2148=EDGE_CURVE('',#2131,#2149,#2151,.T.);
#2149=VERTEX_POINT('',#2150);
#2150=CARTESIAN_POINT('',(5.12,0.12,6.5));
#2151=LINE('',#2152,#48);
#2152=CARTESIAN_POINT('',(5.12,-0.32,6.5));
#2153=ORIENTED_EDGE('',*,*,#2154,.T.);
#2154=EDGE_CURVE('',#2149,#1605,#2155,.T.);
#2155=LINE('',#2156,#116);
#2156=CARTESIAN_POINT('',(5.146666666667,0.146666666667,6.473333333333));
#2157=ORIENTED_EDGE('',*,*,#1604,.F.);
#2158=PLANE('',#2159);
#2159=AXIS2_PLACEMENT_3D('',#2160,#564,#37);
#2160=CARTESIAN_POINT('',(5.22,-0.32,6.4));
#2161=ADVANCED_FACE('',(#2162),#2170,.T.);
#2162=FACE_BOUND('',#2163,.F.);
#2163=EDGE_LOOP('',(#2164,#2165,#2118,#2169));
#2164=ORIENTED_EDGE('',*,*,#2154,.F.);
#2165=ORIENTED_EDGE('',*,*,#2166,.T.);
#2166=EDGE_CURVE('',#2149,#2114,#2167,.T.);
#2167=LINE('',#2168,#28);
#2168=CARTESIAN_POINT('',(5.32,0.12,6.5));
#2169=ORIENTED_EDGE('',*,*,#1620,.F.);
#2170=PLANE('',#2171);
#2171=AXIS2_PLACEMENT_3D('',#2172,#2032,#14);
#2172=CARTESIAN_POINT('',(5.32,0.22,6.4));
#2173=ADVANCED_FACE('',(#2174),#2193,.T.);
#2174=FACE_BOUND('',#2175,.F.);
#2175=EDGE_LOOP('',(#2176,#2182,#2188,#2192));
#2176=ORIENTED_EDGE('',*,*,#2177,.F.);
#2177=EDGE_CURVE('',#2178,#1629,#2180,.T.);
#2178=VERTEX_POINT('',#2179);
#2179=CARTESIAN_POINT('',(7.62,0.12,6.5));
#2180=LINE('',#2181,#116);
#2181=CARTESIAN_POINT('',(7.646666666667,0.146666666667,6.473333333333));
#2182=ORIENTED_EDGE('',*,*,#2183,.T.);
#2183=EDGE_CURVE('',#2178,#2184,#2186,.T.);
#2184=VERTEX_POINT('',#2185);
#2185=CARTESIAN_POINT('',(7.38,0.12,6.5));
#2186=LINE('',#2187,#28);
#2187=CARTESIAN_POINT('',(7.82,0.12,6.5));
#2188=ORIENTED_EDGE('',*,*,#2189,.T.);
#2189=EDGE_CURVE('',#2184,#1635,#2190,.T.);
#2190=LINE('',#2191,#176);
#2191=CARTESIAN_POINT('',(7.46,4.E-02,6.58));
#2192=ORIENTED_EDGE('',*,*,#1634,.F.);
#2193=PLANE('',#2194);
#2194=AXIS2_PLACEMENT_3D('',#2195,#2032,#14);
#2195=CARTESIAN_POINT('',(7.82,0.22,6.4));
#2196=ADVANCED_FACE('',(#2197),#2210,.F.);
#2197=FACE_BOUND('',#2198,.T.);
#2198=EDGE_LOOP('',(#2199,#2205,#2188,#2209));
#2199=ORIENTED_EDGE('',*,*,#2200,.F.);
#2200=EDGE_CURVE('',#2201,#1650,#2203,.T.);
#2201=VERTEX_POINT('',#2202);
#2202=CARTESIAN_POINT('',(7.38,-0.12,6.5));
#2203=LINE('',#2204,#1966);
#2204=CARTESIAN_POINT('',(7.353333333333,-0.146666666667,6.473333333333));
#2205=ORIENTED_EDGE('',*,*,#2206,.T.);
#2206=EDGE_CURVE('',#2201,#2184,#2207,.T.);
#2207=LINE('',#2208,#48);
#2208=CARTESIAN_POINT('',(7.38,-0.32,6.5));
#2209=ORIENTED_EDGE('',*,*,#1655,.F.);
#2210=PLANE('',#2211);
#2211=AXIS2_PLACEMENT_3D('',#2212,#102,#37);
#2212=CARTESIAN_POINT('',(7.28,-0.32,6.4));
#2213=ADVANCED_FACE('',(#2214),#2227,.T.);
#2214=FACE_BOUND('',#2215,.F.);
#2215=EDGE_LOOP('',(#2216,#2222,#2199,#2223));
#2216=ORIENTED_EDGE('',*,*,#2217,.F.);
#2217=EDGE_CURVE('',#1665,#2218,#2220,.T.);
#2218=VERTEX_POINT('',#2219);
#2219=CARTESIAN_POINT('',(7.62,-0.12,6.5));
#2220=LINE('',#2221,#1991);
#2221=CARTESIAN_POINT('',(7.753333333333,-0.253333333333,6.366666666667));
#2222=ORIENTED_EDGE('',*,*,#1670,.T.);
#2223=ORIENTED_EDGE('',*,*,#2224,.F.);
#2224=EDGE_CURVE('',#2218,#2201,#2225,.T.);
#2225=LINE('',#2226,#28);
#2226=CARTESIAN_POINT('',(7.82,-0.12,6.5));
#2227=PLANE('',#2228);
#2228=AXIS2_PLACEMENT_3D('',#2229,#2001,#14);
#2229=CARTESIAN_POINT('',(7.82,-0.22,6.4));
#2230=ADVANCED_FACE('',(#2231),#2240,.T.);
#2231=FACE_BOUND('',#2232,.F.);
#2232=EDGE_LOOP('',(#2233,#2234,#2238,#2239));
#2233=ORIENTED_EDGE('',*,*,#2217,.T.);
#2234=ORIENTED_EDGE('',*,*,#2235,.T.);
#2235=EDGE_CURVE('',#2218,#2178,#2236,.T.);
#2236=LINE('',#2237,#48);
#2237=CARTESIAN_POINT('',(7.62,-0.32,6.5));
#2238=ORIENTED_EDGE('',*,*,#2177,.T.);
#2239=ORIENTED_EDGE('',*,*,#1679,.F.);
#2240=PLANE('',#2241);
#2241=AXIS2_PLACEMENT_3D('',#2242,#564,#37);
#2242=CARTESIAN_POINT('',(7.72,-0.32,6.4));
#2243=ADVANCED_FACE('',(#2244),#2281,.F.);
#2244=FACE_BOUND('',#2245,.T.);
#2245=EDGE_LOOP('',(#2246,#2256,#2262,#2270,#2276,#2277));
#2246=ORIENTED_EDGE('',*,*,#2247,.F.);
#2247=EDGE_CURVE('',#2248,#2250,#2252,.T.);
#2248=VERTEX_POINT('',#2249);
#2249=CARTESIAN_POINT('',(-0.12,0.12,-3.4));
#2250=VERTEX_POINT('',#2251);
#2251=CARTESIAN_POINT('',(-0.317552593066,0.351192514695,-3.202447406934));
#2252=LINE('',#2253,#2254);
#2253=CARTESIAN_POINT('',(-0.153849098111,0.159613036666,-3.366150901889));
#2254=VECTOR('',#2255,1.);
#2255=DIRECTION('',(-0.544770019249,0.63753529491,0.544770019249));
#2256=ORIENTED_EDGE('',*,*,#2257,.T.);
#2257=EDGE_CURVE('',#2248,#2258,#2260,.T.);
#2258=VERTEX_POINT('',#2259);
#2259=CARTESIAN_POINT('',(-0.12,-0.12,-3.4));
#2260=LINE('',#2261,#36);
#2261=CARTESIAN_POINT('',(-0.12,0.32,-3.4));
#2262=ORIENTED_EDGE('',*,*,#2263,.T.);
#2263=EDGE_CURVE('',#2258,#2264,#2266,.T.);
#2264=VERTEX_POINT('',#2265);
#2265=CARTESIAN_POINT('',(-0.317552593066,-0.288807485305,-3.202447406934));
#2266=LINE('',#2267,#2268);
#2267=CARTESIAN_POINT('',(-3.848855660758E-02,-5.034896900541E-02,-3.481511443392));
#2268=VECTOR('',#2269,1.);
#2269=DIRECTION('',(-0.605209817607,-0.517148096144,0.605209817607));
#2270=ORIENTED_EDGE('',*,*,#2271,.T.);
#2271=EDGE_CURVE('',#2264,#1692,#2272,.T.);
#2272=LINE('',#2273,#2274);
#2273=CARTESIAN_POINT('',(-8.569083447332E-02,-0.325417236662,-3.434309165527));
#2274=VECTOR('',#2275,1.);
#2275=DIRECTION('',(-0.702740385383,0.110959008218,0.702740385383));
#2276=ORIENTED_EDGE('',*,*,#1689,.F.);
#2277=ORIENTED_EDGE('',*,*,#2278,.F.);
#2278=EDGE_CURVE('',#2250,#1690,#2279,.T.);
#2279=LINE('',#2280,#2274);
#2280=CARTESIAN_POINT('',(-0.541586867305,0.386566347469,-2.978413132695));
#2281=PLANE('',#2282);
#2282=AXIS2_PLACEMENT_3D('',#2283,#564,#49);
#2283=CARTESIAN_POINT('',(-0.22,0.32,-3.3));
#2284=ADVANCED_FACE('',(#2285),#2303,.F.);
#2285=FACE_BOUND('',#2286,.F.);
#2286=EDGE_LOOP('',(#2287,#2288,#1723,#2277,#2291,#2297));
#2287=ORIENTED_EDGE('',*,*,#1770,.F.);
#2288=ORIENTED_EDGE('',*,*,#2289,.T.);
#2289=EDGE_CURVE('',#1766,#1718,#2290,.T.);
#2290=LINE('',#1767,#28);
#2291=ORIENTED_EDGE('',*,*,#2292,.F.);
#2292=EDGE_CURVE('',#2293,#2250,#2295,.T.);
#2293=VERTEX_POINT('',#2294);
#2294=CARTESIAN_POINT('',(0.317552593066,0.351192514695,-3.202447406934));
#2295=LINE('',#2296,#28);
#2296=CARTESIAN_POINT('',(0.32,0.351192514695,-3.202447406934));
#2297=ORIENTED_EDGE('',*,*,#2298,.T.);
#2298=EDGE_CURVE('',#2293,#1743,#2299,.T.);
#2299=LINE('',#2300,#2301);
#2300=CARTESIAN_POINT('',(0.699616963064,0.411518467852,-2.820383036936));
#2301=VECTOR('',#2302,1.);
#2302=DIRECTION('',(0.702740385383,0.110959008218,0.702740385383));
#2303=PLANE('',#2304);
#2304=AXIS2_PLACEMENT_3D('',#1767,#2305,#1727);
#2305=DIRECTION('',(-1.209660753807E-16,-0.987762965329,0.155962573473));
#2306=ADVANCED_FACE('',(#2307),#2312,.F.);
#2307=FACE_BOUND('',#2308,.F.);
#2308=EDGE_LOOP('',(#2309,#1716,#2310,#2311));
#2309=ORIENTED_EDGE('',*,*,#1778,.T.);
#2310=ORIENTED_EDGE('',*,*,#2289,.F.);
#2311=ORIENTED_EDGE('',*,*,#1765,.F.);
#2312=PLANE('',#2313);
#2313=AXIS2_PLACEMENT_3D('',#1763,#2314,#1722);
#2314=DIRECTION('',(-1.095357396528E-16,-0.894427191,-0.4472135955));
#2315=ADVANCED_FACE('',(#2316),#2323,.F.);
#2316=FACE_BOUND('',#2317,.F.);
#2317=EDGE_LOOP('',(#2318,#1704,#2321,#2322));
#2318=ORIENTED_EDGE('',*,*,#2319,.T.);
#2319=EDGE_CURVE('',#1751,#1698,#2320,.T.);
#2320=LINE('',#1752,#28);
#2321=ORIENTED_EDGE('',*,*,#1735,.F.);
#2322=ORIENTED_EDGE('',*,*,#1756,.F.);
#2323=PLANE('',#2324);
#2324=AXIS2_PLACEMENT_3D('',#1752,#2325,#1709);
#2325=DIRECTION('',(1.095357396528E-16,0.894427191,0.4472135955));
#2326=ADVANCED_FACE('',(#2327),#2341,.F.);
#2327=FACE_BOUND('',#2328,.F.);
#2328=EDGE_LOOP('',(#2329,#2330,#2336,#2270,#1696,#2340));
#2329=ORIENTED_EDGE('',*,*,#1750,.F.);
#2330=ORIENTED_EDGE('',*,*,#2331,.F.);
#2331=EDGE_CURVE('',#2332,#1745,#2334,.T.);
#2332=VERTEX_POINT('',#2333);
#2333=CARTESIAN_POINT('',(0.317552593066,-0.288807485305,-3.202447406934));
#2334=LINE('',#2335,#2301);
#2335=CARTESIAN_POINT('',(0.243720930233,-0.300465116279,-3.276279069767));
#2336=ORIENTED_EDGE('',*,*,#2337,.T.);
#2337=EDGE_CURVE('',#2332,#2264,#2338,.T.);
#2338=LINE('',#2339,#28);
#2339=CARTESIAN_POINT('',(0.32,-0.288807485305,-3.202447406934));
#2340=ORIENTED_EDGE('',*,*,#2319,.F.);
#2341=PLANE('',#2342);
#2342=AXIS2_PLACEMENT_3D('',#1754,#2343,#1703);
#2343=DIRECTION('',(1.209660753807E-16,0.987762965329,-0.155962573473));
#2344=ADVANCED_FACE('',(#2345),#2370,.T.);
#2345=FACE_BOUND('',#2346,.F.);
#2346=EDGE_LOOP('',(#2347,#2355,#2361,#2367,#2368,#2369));
#2347=ORIENTED_EDGE('',*,*,#2348,.F.);
#2348=EDGE_CURVE('',#2349,#2293,#2351,.T.);
#2349=VERTEX_POINT('',#2350);
#2350=CARTESIAN_POINT('',(0.12,0.12,-3.4));
#2351=LINE('',#2352,#2353);
#2352=CARTESIAN_POINT('',(0.24881689775,0.270752273427,-3.27118310225));
#2353=VECTOR('',#2354,1.);
#2354=DIRECTION('',(0.544770019249,0.63753529491,0.544770019249));
#2355=ORIENTED_EDGE('',*,*,#2356,.T.);
#2356=EDGE_CURVE('',#2349,#2357,#2359,.T.);
#2357=VERTEX_POINT('',#2358);
#2358=CARTESIAN_POINT('',(0.12,-0.12,-3.4));
#2359=LINE('',#2360,#36);
#2360=CARTESIAN_POINT('',(0.12,0.32,-3.4));
#2361=ORIENTED_EDGE('',*,*,#2362,.T.);
#2362=EDGE_CURVE('',#2357,#2332,#2363,.T.);
#2363=LINE('',#2364,#2365);
#2364=CARTESIAN_POINT('',(0.155697812072,-0.150503562587,-3.364302187928));
#2365=VECTOR('',#2366,1.);
#2366=DIRECTION('',(0.605209817607,-0.517148096144,0.605209817607));
#2367=ORIENTED_EDGE('',*,*,#2331,.T.);
#2368=ORIENTED_EDGE('',*,*,#1742,.F.);
#2369=ORIENTED_EDGE('',*,*,#2298,.F.);
#2370=PLANE('',#2371);
#2371=AXIS2_PLACEMENT_3D('',#2372,#102,#49);
#2372=CARTESIAN_POINT('',(0.22,0.32,-3.3));
#2373=ADVANCED_FACE('',(#2374),#2397,.T.);
#2374=FACE_BOUND('',#2375,.F.);
#2375=EDGE_LOOP('',(#2376,#2384,#2390,#2396));
#2376=ORIENTED_EDGE('',*,*,#2377,.F.);
#2377=EDGE_CURVE('',#2378,#1785,#2380,.T.);
#2378=VERTEX_POINT('',#2379);
#2379=CARTESIAN_POINT('',(2.62,0.12,-3.4));
#2380=LINE('',#2381,#2382);
#2381=CARTESIAN_POINT('',(2.753333333333,0.253333333333,-3.266666666667));
#2382=VECTOR('',#2383,1.);
#2383=DIRECTION('',(0.57735026919,0.57735026919,0.57735026919));
#2384=ORIENTED_EDGE('',*,*,#2385,.T.);
#2385=EDGE_CURVE('',#2378,#2386,#2388,.T.);
#2386=VERTEX_POINT('',#2387);
#2387=CARTESIAN_POINT('',(2.62,-0.12,-3.4));
#2388=LINE('',#2389,#36);
#2389=CARTESIAN_POINT('',(2.62,0.32,-3.4));
#2390=ORIENTED_EDGE('',*,*,#2391,.T.);
#2391=EDGE_CURVE('',#2386,#1787,#2392,.T.);
#2392=LINE('',#2393,#2394);
#2393=CARTESIAN_POINT('',(2.646666666667,-0.146666666667,-3.373333333333));
#2394=VECTOR('',#2395,1.);
#2395=DIRECTION('',(0.57735026919,-0.57735026919,0.57735026919));
#2396=ORIENTED_EDGE('',*,*,#1784,.F.);
#2397=PLANE('',#2398);
#2398=AXIS2_PLACEMENT_3D('',#2399,#102,#49);
#2399=CARTESIAN_POINT('',(2.72,0.32,-3.3));
#2400=ADVANCED_FACE('',(#2401),#2413,.T.);
#2401=FACE_BOUND('',#2402,.T.);
#2402=EDGE_LOOP('',(#2376,#2403,#2409,#1804));
#2403=ORIENTED_EDGE('',*,*,#2404,.T.);
#2404=EDGE_CURVE('',#2378,#2405,#2407,.T.);
#2405=VERTEX_POINT('',#2406);
#2406=CARTESIAN_POINT('',(2.38,0.12,-3.4));
#2407=LINE('',#2408,#28);
#2408=CARTESIAN_POINT('',(2.82,0.12,-3.4));
#2409=ORIENTED_EDGE('',*,*,#2410,.T.);
#2410=EDGE_CURVE('',#2405,#1802,#2411,.T.);
#2411=LINE('',#2412,#1991);
#2412=CARTESIAN_POINT('',(2.353333333333,0.146666666667,-3.373333333333));
#2413=PLANE('',#2414);
#2414=AXIS2_PLACEMENT_3D('',#2415,#2416,#29);
#2415=CARTESIAN_POINT('',(2.82,0.22,-3.3));
#2416=DIRECTION('',(8.48601883969E-17,0.707106781187,-0.707106781187));
#2417=ADVANCED_FACE('',(#2418),#2434,.F.);
#2418=FACE_BOUND('',#2419,.T.);
#2419=EDGE_LOOP('',(#2420,#2421,#2427,#2433));
#2420=ORIENTED_EDGE('',*,*,#2410,.F.);
#2421=ORIENTED_EDGE('',*,*,#2422,.T.);
#2422=EDGE_CURVE('',#2405,#2423,#2425,.T.);
#2423=VERTEX_POINT('',#2424);
#2424=CARTESIAN_POINT('',(2.38,-0.12,-3.4));
#2425=LINE('',#2426,#36);
#2426=CARTESIAN_POINT('',(2.38,0.32,-3.4));
#2427=ORIENTED_EDGE('',*,*,#2428,.T.);
#2428=EDGE_CURVE('',#2423,#1812,#2429,.T.);
#2429=LINE('',#2430,#2431);
#2430=CARTESIAN_POINT('',(2.46,-4.E-02,-3.48));
#2431=VECTOR('',#2432,1.);
#2432=DIRECTION('',(-0.57735026919,-0.57735026919,0.57735026919));
#2433=ORIENTED_EDGE('',*,*,#1811,.F.);
#2434=PLANE('',#2435);
#2435=AXIS2_PLACEMENT_3D('',#2436,#564,#49);
#2436=CARTESIAN_POINT('',(2.28,0.32,-3.3));
#2437=ADVANCED_FACE('',(#2438),#2446,.T.);
#2438=FACE_BOUND('',#2439,.F.);
#2439=EDGE_LOOP('',(#2440,#2441,#2427,#2445));
#2440=ORIENTED_EDGE('',*,*,#2391,.F.);
#2441=ORIENTED_EDGE('',*,*,#2442,.T.);
#2442=EDGE_CURVE('',#2386,#2423,#2443,.T.);
#2443=LINE('',#2444,#28);
#2444=CARTESIAN_POINT('',(2.82,-0.12,-3.4));
#2445=ORIENTED_EDGE('',*,*,#1822,.F.);
#2446=PLANE('',#2447);
#2447=AXIS2_PLACEMENT_3D('',#2448,#184,#14);
#2448=CARTESIAN_POINT('',(2.82,-0.22,-3.3));
#2449=ADVANCED_FACE('',(#2450),#2469,.F.);
#2450=FACE_BOUND('',#2451,.T.);
#2451=EDGE_LOOP('',(#2452,#2458,#2464,#2468));
#2452=ORIENTED_EDGE('',*,*,#2453,.F.);
#2453=EDGE_CURVE('',#2454,#1830,#2456,.T.);
#2454=VERTEX_POINT('',#2455);
#2455=CARTESIAN_POINT('',(4.88,0.12,-3.4));
#2456=LINE('',#2457,#1991);
#2457=CARTESIAN_POINT('',(4.853333333333,0.146666666667,-3.373333333333));
#2458=ORIENTED_EDGE('',*,*,#2459,.T.);
#2459=EDGE_CURVE('',#2454,#2460,#2462,.T.);
#2460=VERTEX_POINT('',#2461);
#2461=CARTESIAN_POINT('',(4.88,-0.12,-3.4));
#2462=LINE('',#2463,#36);
#2463=CARTESIAN_POINT('',(4.88,0.32,-3.4));
#2464=ORIENTED_EDGE('',*,*,#2465,.T.);
#2465=EDGE_CURVE('',#2460,#1832,#2466,.T.);
#2466=LINE('',#2467,#2431);
#2467=CARTESIAN_POINT('',(4.96,-4.E-02,-3.48));
#2468=ORIENTED_EDGE('',*,*,#1829,.F.);
#2469=PLANE('',#2470);
#2470=AXIS2_PLACEMENT_3D('',#2471,#564,#49);
#2471=CARTESIAN_POINT('',(4.78,0.32,-3.3));
#2472=ADVANCED_FACE('',(#2473),#2486,.T.);
#2473=FACE_BOUND('',#2474,.F.);
#2474=EDGE_LOOP('',(#2475,#2481,#2464,#2485));
#2475=ORIENTED_EDGE('',*,*,#2476,.F.);
#2476=EDGE_CURVE('',#2477,#1844,#2479,.T.);
#2477=VERTEX_POINT('',#2478);
#2478=CARTESIAN_POINT('',(5.12,-0.12,-3.4));
#2479=LINE('',#2480,#2394);
#2480=CARTESIAN_POINT('',(5.146666666667,-0.146666666667,-3.373333333333));
#2481=ORIENTED_EDGE('',*,*,#2482,.T.);
#2482=EDGE_CURVE('',#2477,#2460,#2483,.T.);
#2483=LINE('',#2484,#28);
#2484=CARTESIAN_POINT('',(5.32,-0.12,-3.4));
#2485=ORIENTED_EDGE('',*,*,#1847,.F.);
#2486=PLANE('',#2487);
#2487=AXIS2_PLACEMENT_3D('',#2488,#184,#14);
#2488=CARTESIAN_POINT('',(5.32,-0.22,-3.3));
#2489=ADVANCED_FACE('',(#2490),#2504,.T.);
#2490=FACE_BOUND('',#2491,.F.);
#2491=EDGE_LOOP('',(#2492,#2498,#2502,#2503));
#2492=ORIENTED_EDGE('',*,*,#2493,.F.);
#2493=EDGE_CURVE('',#2494,#1855,#2496,.T.);
#2494=VERTEX_POINT('',#2495);
#2495=CARTESIAN_POINT('',(5.12,0.12,-3.4));
#2496=LINE('',#2497,#2382);
#2497=CARTESIAN_POINT('',(5.253333333333,0.253333333333,-3.266666666667));
#2498=ORIENTED_EDGE('',*,*,#2499,.T.);
#2499=EDGE_CURVE('',#2494,#2477,#2500,.T.);
#2500=LINE('',#2501,#36);
#2501=CARTESIAN_POINT('',(5.12,0.32,-3.4));
#2502=ORIENTED_EDGE('',*,*,#2476,.T.);
#2503=ORIENTED_EDGE('',*,*,#1854,.F.);
#2504=PLANE('',#2505);
#2505=AXIS2_PLACEMENT_3D('',#2506,#102,#49);
#2506=CARTESIAN_POINT('',(5.22,0.32,-3.3));
#2507=ADVANCED_FACE('',(#2508),#2515,.T.);
#2508=FACE_BOUND('',#2509,.T.);
#2509=EDGE_LOOP('',(#2492,#2510,#2514,#1867));
#2510=ORIENTED_EDGE('',*,*,#2511,.T.);
#2511=EDGE_CURVE('',#2494,#2454,#2512,.T.);
#2512=LINE('',#2513,#28);
#2513=CARTESIAN_POINT('',(5.32,0.12,-3.4));
#2514=ORIENTED_EDGE('',*,*,#2453,.T.);
#2515=PLANE('',#2516);
#2516=AXIS2_PLACEMENT_3D('',#2517,#2416,#29);
#2517=CARTESIAN_POINT('',(5.32,0.22,-3.3));
#2518=ADVANCED_FACE('',(#2519),#2526,.F.);
#2519=FACE_BOUND('',#2520,.F.);
#2520=EDGE_LOOP('',(#2521,#1908,#2522,#2525));
#2521=ORIENTED_EDGE('',*,*,#1883,.T.);
#2522=ORIENTED_EDGE('',*,*,#2523,.F.);
#2523=EDGE_CURVE('',#1951,#1910,#2524,.T.);
#2524=LINE('',#1952,#28);
#2525=ORIENTED_EDGE('',*,*,#1950,.F.);
#2526=PLANE('',#2527);
#2527=AXIS2_PLACEMENT_3D('',#1876,#2314,#1722);
#2528=ADVANCED_FACE('',(#2529),#2560,.F.);
#2529=FACE_BOUND('',#2530,.T.);
#2530=EDGE_LOOP('',(#2531,#2539,#2545,#2551,#2555,#2556));
#2531=ORIENTED_EDGE('',*,*,#2532,.F.);
#2532=EDGE_CURVE('',#2533,#2535,#2537,.T.);
#2533=VERTEX_POINT('',#2534);
#2534=CARTESIAN_POINT('',(7.38,0.12,-3.4));
#2535=VERTEX_POINT('',#2536);
#2536=CARTESIAN_POINT('',(7.182447406934,0.351192514695,-3.202447406934));
#2537=LINE('',#2538,#2254);
#2538=CARTESIAN_POINT('',(7.346150901889,0.159613036666,-3.366150901889));
#2539=ORIENTED_EDGE('',*,*,#2540,.T.);
#2540=EDGE_CURVE('',#2533,#2541,#2543,.T.);
#2541=VERTEX_POINT('',#2542);
#2542=CARTESIAN_POINT('',(7.38,-0.12,-3.4));
#2543=LINE('',#2544,#36);
#2544=CARTESIAN_POINT('',(7.38,0.32,-3.4));
#2545=ORIENTED_EDGE('',*,*,#2546,.T.);
#2546=EDGE_CURVE('',#2541,#2547,#2549,.T.);
#2547=VERTEX_POINT('',#2548);
#2548=CARTESIAN_POINT('',(7.182447406934,-0.288807485305,-3.202447406934));
#2549=LINE('',#2550,#2268);
#2550=CARTESIAN_POINT('',(7.461511443392,-5.034896900541E-02,-3.481511443392));
#2551=ORIENTED_EDGE('',*,*,#2552,.T.);
#2552=EDGE_CURVE('',#2547,#1892,#2553,.T.);
#2553=LINE('',#2554,#2274);
#2554=CARTESIAN_POINT('',(7.414309165527,-0.325417236662,-3.434309165527));
#2555=ORIENTED_EDGE('',*,*,#1889,.F.);
#2556=ORIENTED_EDGE('',*,*,#2557,.F.);
#2557=EDGE_CURVE('',#2535,#1890,#2558,.T.);
#2558=LINE('',#2559,#2274);
#2559=CARTESIAN_POINT('',(6.958413132695,0.386566347469,-2.978413132695));
#2560=PLANE('',#2561);
#2561=AXIS2_PLACEMENT_3D('',#2562,#564,#49);
#2562=CARTESIAN_POINT('',(7.28,0.32,-3.3));
#2563=ADVANCED_FACE('',(#2564),#2578,.F.);
#2564=FACE_BOUND('',#2565,.F.);
#2565=EDGE_LOOP('',(#2566,#2567,#1913,#2556,#2568,#2574));
#2566=ORIENTED_EDGE('',*,*,#1955,.F.);
#2567=ORIENTED_EDGE('',*,*,#2523,.T.);
#2568=ORIENTED_EDGE('',*,*,#2569,.F.);
#2569=EDGE_CURVE('',#2570,#2535,#2572,.T.);
#2570=VERTEX_POINT('',#2571);
#2571=CARTESIAN_POINT('',(7.817552593066,0.351192514695,-3.202447406934));
#2572=LINE('',#2573,#28);
#2573=CARTESIAN_POINT('',(7.82,0.351192514695,-3.202447406934));
#2574=ORIENTED_EDGE('',*,*,#2575,.T.);
#2575=EDGE_CURVE('',#2570,#1931,#2576,.T.);
#2576=LINE('',#2577,#2301);
#2577=CARTESIAN_POINT('',(8.199616963064,0.411518467852,-2.820383036936));
#2578=PLANE('',#2579);
#2579=AXIS2_PLACEMENT_3D('',#1952,#2305,#1727);
#2580=ADVANCED_FACE('',(#2581),#2588,.F.);
#2581=FACE_BOUND('',#2582,.F.);
#2582=EDGE_LOOP('',(#2583,#1902,#2586,#2587));
#2583=ORIENTED_EDGE('',*,*,#2584,.T.);
#2584=EDGE_CURVE('',#1939,#1898,#2585,.T.);
#2585=LINE('',#1940,#28);
#2586=ORIENTED_EDGE('',*,*,#1923,.F.);
#2587=ORIENTED_EDGE('',*,*,#1944,.F.);
#2588=PLANE('',#2589);
#2589=AXIS2_PLACEMENT_3D('',#1940,#2325,#1709);
#2590=ADVANCED_FACE('',(#2591),#2605,.F.);
#2591=FACE_BOUND('',#2592,.F.);
#2592=EDGE_LOOP('',(#2593,#2594,#2600,#2551,#1896,#2604));
#2593=ORIENTED_EDGE('',*,*,#1938,.F.);
#2594=ORIENTED_EDGE('',*,*,#2595,.F.);
#2595=EDGE_CURVE('',#2596,#1933,#2598,.T.);
#2596=VERTEX_POINT('',#2597);
#2597=CARTESIAN_POINT('',(7.817552593066,-0.288807485305,-3.202447406934));
#2598=LINE('',#2599,#2301);
#2599=CARTESIAN_POINT('',(7.743720930233,-0.300465116279,-3.276279069767));
#2600=ORIENTED_EDGE('',*,*,#2601,.T.);
#2601=EDGE_CURVE('',#2596,#2547,#2602,.T.);
#2602=LINE('',#2603,#28);
#2603=CARTESIAN_POINT('',(7.82,-0.288807485305,-3.202447406934));
#2604=ORIENTED_EDGE('',*,*,#2584,.F.);
#2605=PLANE('',#2606);
#2606=AXIS2_PLACEMENT_3D('',#1942,#2343,#1703);
#2607=ADVANCED_FACE('',(#2608),#2629,.T.);
#2608=FACE_BOUND('',#2609,.F.);
#2609=EDGE_LOOP('',(#2610,#2616,#2622,#2626,#2627,#2628));
#2610=ORIENTED_EDGE('',*,*,#2611,.F.);
#2611=EDGE_CURVE('',#2612,#2570,#2614,.T.);
#2612=VERTEX_POINT('',#2613);
#2613=CARTESIAN_POINT('',(7.62,0.12,-3.4));
#2614=LINE('',#2615,#2353);
#2615=CARTESIAN_POINT('',(7.74881689775,0.270752273427,-3.27118310225));
#2616=ORIENTED_EDGE('',*,*,#2617,.T.);
#2617=EDGE_CURVE('',#2612,#2618,#2620,.T.);
#2618=VERTEX_POINT('',#2619);
#2619=CARTESIAN_POINT('',(7.62,-0.12,-3.4));
#2620=LINE('',#2621,#36);
#2621=CARTESIAN_POINT('',(7.62,0.32,-3.4));
#2622=ORIENTED_EDGE('',*,*,#2623,.T.);
#2623=EDGE_CURVE('',#2618,#2596,#2624,.T.);
#2624=LINE('',#2625,#2365);
#2625=CARTESIAN_POINT('',(7.655697812072,-0.150503562587,-3.364302187928));
#2626=ORIENTED_EDGE('',*,*,#2595,.T.);
#2627=ORIENTED_EDGE('',*,*,#1930,.F.);
#2628=ORIENTED_EDGE('',*,*,#2575,.F.);
#2629=PLANE('',#2630);
#2630=AXIS2_PLACEMENT_3D('',#2631,#102,#49);
#2631=CARTESIAN_POINT('',(7.72,0.32,-3.3));
#2632=ADVANCED_FACE('',(#2633),#2638,.F.);
#2633=FACE_BOUND('',#2634,.F.);
#2634=EDGE_LOOP('',(#2635,#2636,#2637,#1968));
#2635=ORIENTED_EDGE('',*,*,#2025,.F.);
#2636=ORIENTED_EDGE('',*,*,#2007,.F.);
#2637=ORIENTED_EDGE('',*,*,#1995,.T.);
#2638=PLANE('',#2639);
#2639=AXIS2_PLACEMENT_3D('',#2640,#84,#49);
#2640=CARTESIAN_POINT('',(0.32,-0.32,6.5));
#2641=ADVANCED_FACE('',(#2642),#2647,.F.);
#2642=FACE_BOUND('',#2643,.F.);
#2643=EDGE_LOOP('',(#2644,#2645,#2646,#2083));
#2644=ORIENTED_EDGE('',*,*,#2061,.F.);
#2645=ORIENTED_EDGE('',*,*,#2043,.F.);
#2646=ORIENTED_EDGE('',*,*,#2097,.T.);
#2647=PLANE('',#2648);
#2648=AXIS2_PLACEMENT_3D('',#2649,#84,#49);
#2649=CARTESIAN_POINT('',(2.82,-0.32,6.5));
#2650=ADVANCED_FACE('',(#2651),#2656,.F.);
#2651=FACE_BOUND('',#2652,.F.);
#2652=EDGE_LOOP('',(#2653,#2654,#2655,#2112));
#2653=ORIENTED_EDGE('',*,*,#2166,.F.);
#2654=ORIENTED_EDGE('',*,*,#2148,.F.);
#2655=ORIENTED_EDGE('',*,*,#2137,.T.);
#2656=PLANE('',#2657);
#2657=AXIS2_PLACEMENT_3D('',#2658,#84,#49);
#2658=CARTESIAN_POINT('',(5.32,-0.32,6.5));
#2659=ADVANCED_FACE('',(#2660),#2665,.F.);
#2660=FACE_BOUND('',#2661,.F.);
#2661=EDGE_LOOP('',(#2662,#2663,#2664,#2205));
#2662=ORIENTED_EDGE('',*,*,#2183,.F.);
#2663=ORIENTED_EDGE('',*,*,#2235,.F.);
#2664=ORIENTED_EDGE('',*,*,#2224,.T.);
#2665=PLANE('',#2666);
#2666=AXIS2_PLACEMENT_3D('',#2667,#84,#49);
#2667=CARTESIAN_POINT('',(7.82,-0.32,6.5));
#2668=ADVANCED_FACE('',(#2669),#2676,.T.);
#2669=FACE_BOUND('',#2670,.T.);
#2670=EDGE_LOOP('',(#2347,#2671,#2675,#2291));
#2671=ORIENTED_EDGE('',*,*,#2672,.T.);
#2672=EDGE_CURVE('',#2349,#2248,#2673,.T.);
#2673=LINE('',#2674,#28);
#2674=CARTESIAN_POINT('',(0.32,0.12,-3.4));
#2675=ORIENTED_EDGE('',*,*,#2247,.T.);
#2676=PLANE('',#2677);
#2677=AXIS2_PLACEMENT_3D('',#2678,#2679,#29);
#2678=CARTESIAN_POINT('',(0.32,0.235596257347,-3.301223703467));
#2679=DIRECTION('',(8.302774088376E-17,0.64962967394,-0.760250805153));
#2680=ADVANCED_FACE('',(#2681),#2688,.F.);
#2681=FACE_BOUND('',#2682,.F.);
#2682=EDGE_LOOP('',(#2683,#2671,#2256,#2684));
#2683=ORIENTED_EDGE('',*,*,#2356,.F.);
#2684=ORIENTED_EDGE('',*,*,#2685,.F.);
#2685=EDGE_CURVE('',#2357,#2258,#2686,.T.);
#2686=LINE('',#2687,#28);
#2687=CARTESIAN_POINT('',(0.32,-0.12,-3.4));
#2688=PLANE('',#2689);
#2689=AXIS2_PLACEMENT_3D('',#2690,#13,#37);
#2690=CARTESIAN_POINT('',(0.32,0.32,-3.4));
#2691=ADVANCED_FACE('',(#2692),#2697,.T.);
#2692=FACE_BOUND('',#2693,.F.);
#2693=EDGE_LOOP('',(#2694,#2695,#2262,#2696));
#2694=ORIENTED_EDGE('',*,*,#2362,.F.);
#2695=ORIENTED_EDGE('',*,*,#2685,.T.);
#2696=ORIENTED_EDGE('',*,*,#2337,.F.);
#2697=PLANE('',#2698);
#2698=AXIS2_PLACEMENT_3D('',#2699,#2700,#14);
#2699=CARTESIAN_POINT('',(0.32,-0.204403742653,-3.301223703467));
#2700=DIRECTION('',(-9.310387150804E-17,-0.760250805153,-0.64962967394));
#2701=ADVANCED_FACE('',(#2702),#2706,.F.);
#2702=FACE_BOUND('',#2703,.F.);
#2703=EDGE_LOOP('',(#2704,#2705,#2403,#2421));
#2704=ORIENTED_EDGE('',*,*,#2442,.F.);
#2705=ORIENTED_EDGE('',*,*,#2385,.F.);
#2706=PLANE('',#2707);
#2707=AXIS2_PLACEMENT_3D('',#2708,#13,#37);
#2708=CARTESIAN_POINT('',(2.82,0.32,-3.4));
#2709=ADVANCED_FACE('',(#2710),#2714,.F.);
#2710=FACE_BOUND('',#2711,.F.);
#2711=EDGE_LOOP('',(#2712,#2713,#2510,#2458));
#2712=ORIENTED_EDGE('',*,*,#2482,.F.);
#2713=ORIENTED_EDGE('',*,*,#2499,.F.);
#2714=PLANE('',#2715);
#2715=AXIS2_PLACEMENT_3D('',#2716,#13,#37);
#2716=CARTESIAN_POINT('',(5.32,0.32,-3.4));
#2717=ADVANCED_FACE('',(#2718),#2725,.T.);
#2718=FACE_BOUND('',#2719,.T.);
#2719=EDGE_LOOP('',(#2610,#2720,#2724,#2568));
#2720=ORIENTED_EDGE('',*,*,#2721,.T.);
#2721=EDGE_CURVE('',#2612,#2533,#2722,.T.);
#2722=LINE('',#2723,#28);
#2723=CARTESIAN_POINT('',(7.82,0.12,-3.4));
#2724=ORIENTED_EDGE('',*,*,#2532,.T.);
#2725=PLANE('',#2726);
#2726=AXIS2_PLACEMENT_3D('',#2727,#2679,#29);
#2727=CARTESIAN_POINT('',(7.82,0.235596257347,-3.301223703467));
#2728=ADVANCED_FACE('',(#2729),#2736,.F.);
#2729=FACE_BOUND('',#2730,.F.);
#2730=EDGE_LOOP('',(#2731,#2720,#2539,#2732));
#2731=ORIENTED_EDGE('',*,*,#2617,.F.);
#2732=ORIENTED_EDGE('',*,*,#2733,.F.);
#2733=EDGE_CURVE('',#2618,#2541,#2734,.T.);
#2734=LINE('',#2735,#28);
#2735=CARTESIAN_POINT('',(7.82,-0.12,-3.4));
#2736=PLANE('',#2737);
#2737=AXIS2_PLACEMENT_3D('',#2738,#13,#37);
#2738=CARTESIAN_POINT('',(7.82,0.32,-3.4));
#2739=ADVANCED_FACE('',(#2740),#2745,.T.);
#2740=FACE_BOUND('',#2741,.F.);
#2741=EDGE_LOOP('',(#2742,#2743,#2545,#2744));
#2742=ORIENTED_EDGE('',*,*,#2623,.F.);
#2743=ORIENTED_EDGE('',*,*,#2733,.T.);
#2744=ORIENTED_EDGE('',*,*,#2601,.F.);
#2745=PLANE('',#2746);
#2746=AXIS2_PLACEMENT_3D('',#2747,#2700,#14);
#2747=CARTESIAN_POINT('',(7.82,-0.204403742653,-3.301223703467));
#2748=( GEOMETRIC_REPRESENTATION_CONTEXT(3) GLOBAL_UNCERTAINTY_ASSIGNED_CONTEXT((#2752)) GLOBAL_UNIT_ASSIGNED_CONTEXT((#2749,#2750,#2751)) REPRESENTATION_CONTEXT('Context #1','3D Context with UNIT and UNCERTAINTY') );
#2749=( LENGTH_UNIT() NAMED_UNIT(*) SI_UNIT(.MILLI.,.METRE.) );
#2750=( NAMED_UNIT(*) PLANE_ANGLE_UNIT() SI_UNIT($,.RADIAN.) );
#2751=( NAMED_UNIT(*) SI_UNIT($,.STERADIAN.) SOLID_ANGLE_UNIT() );
#2752=UNCERTAINTY_MEASURE_WITH_UNIT(LENGTH_MEASURE(2.E-05),#2749,'distance_accuracy_value','confusion accuracy');
#2753=MECHANICAL_DESIGN_GEOMETRIC_PRESENTATION_REPRESENTATION('',(#2754,#2762,#2763,#2764,#2765,#2766,#2767,#2768,#2769,#2770,#2771,#2772,#2773,#2774,#2775,#2776,#2777,#2778,#2779,#2780,#2781,#2782,#2783,#2784,#2785,#2786,#2787,#2788,#2789,#2790,#2791,#2792,#2793,#2794,#2795,#2796,#2797,#2798,#2799,#2800,#2801,#2802,#2803,#2804,#2805,#2806,#2807,#2808,#2809,#2810,#2811,#2812,#2813,#2814,#2815,#2816,#2817,#2818,#2819,#2820,#2821,#2822,#2830,#2831,#2832,#2833,#2834,#2835,#2836,#2837,#2838,#2839,#2840,#2841,#2842,#2843,#2844,#2845,#2846,#2847,#2848,#2849,#2850,#2851,#2852,#2853,#2854,#2855,#2856,#2857,#2858,#2859,#2860,#2861,#2862,#2863,#2864,#2865,#2866,#2867,#2868,#2869,#2870,#2871,#2872,#2873,#2874,#2875,#2876,#2877,#2878,#2879,#2880,#2881,#2882,#2883,#2884,#2885,#2886,#2887,#2888,#2889,#2890,#2891,#2892,#2893,#2894,#2895,#2896,#2897,#2898,#2899,#2900,#2901,#2902,#2903,#2904,#2905,#2906,#2907,#2908),#2748);
#2754=STYLED_ITEM('color',(#2755),#17);
#2755=PRESENTATION_STYLE_ASSIGNMENT((#2756));
#2756=SURFACE_STYLE_USAGE(.BOTH.,#2757);
#2757=SURFACE_SIDE_STYLE('',(#2758));
#2758=SURFACE_STYLE_FILL_AREA(#2759);
#2759=FILL_AREA_STYLE('',(#2760));
#2760=FILL_AREA_STYLE_COLOUR('',#2761);
#2761=COLOUR_RGB('',0.89411765337,0.890196084976,0.811764717102);
#2762=STYLED_ITEM('color',(#2755),#72);
#2763=STYLED_ITEM('color',(#2755),#105);
#2764=STYLED_ITEM('color',(#2755),#125);
#2765=STYLED_ITEM('color',(#2755),#165);
#2766=STYLED_ITEM('color',(#2755),#185);
#2767=STYLED_ITEM('color',(#2755),#275);
#2768=STYLED_ITEM('color',(#2755),#293);
#2769=STYLED_ITEM('color',(#2755),#332);
#2770=STYLED_ITEM('color',(#2755),#345);
#2771=STYLED_ITEM('color',(#2755),#378);
#2772=STYLED_ITEM('color',(#2755),#387);
#2773=STYLED_ITEM('color',(#2755),#403);
#2774=STYLED_ITEM('color',(#2755),#412);
#2775=STYLED_ITEM('color',(#2755),#529);
#2776=STYLED_ITEM('color',(#2755),#541);
#2777=STYLED_ITEM('color',(#2755),#709);
#2778=STYLED_ITEM('color',(#2755),#724);
#2779=STYLED_ITEM('color',(#2755),#747);
#2780=STYLED_ITEM('color',(#2755),#762);
#2781=STYLED_ITEM('color',(#2755),#782);
#2782=STYLED_ITEM('color',(#2755),#791);
#2783=STYLED_ITEM('color',(#2755),#810);
#2784=STYLED_ITEM('color',(#2755),#824);
#2785=STYLED_ITEM('color',(#2755),#844);
#2786=STYLED_ITEM('color',(#2755),#853);
#2787=STYLED_ITEM('color',(#2755),#872);
#2788=STYLED_ITEM('color',(#2755),#886);
#2789=STYLED_ITEM('color',(#2755),#906);
#2790=STYLED_ITEM('color',(#2755),#915);
#2791=STYLED_ITEM('color',(#2755),#934);
#2792=STYLED_ITEM('color',(#2755),#948);
#2793=STYLED_ITEM('color',(#2755),#968);
#2794=STYLED_ITEM('color',(#2755),#975);
#2795=STYLED_ITEM('color',(#2755),#995);
#2796=STYLED_ITEM('color',(#2755),#1002);
#2797=STYLED_ITEM('color',(#2755),#1008);
#2798=STYLED_ITEM('color',(#2755),#1013);
#2799=STYLED_ITEM('color',(#2755),#1124);
#2800=STYLED_ITEM('color',(#2755),#1133);
#2801=STYLED_ITEM('color',(#2755),#1143);
#2802=STYLED_ITEM('color',(#2755),#1153);
#2803=STYLED_ITEM('color',(#2755),#1163);
#2804=STYLED_ITEM('color',(#2755),#1172);
#2805=STYLED_ITEM('color',(#2755),#1181);
#2806=STYLED_ITEM('color',(#2755),#1191);
#2807=STYLED_ITEM('color',(#2755),#1198);
#2808=STYLED_ITEM('color',(#2755),#1208);
#2809=STYLED_ITEM('color',(#2755),#1218);
#2810=STYLED_ITEM('color',(#2755),#1227);
#2811=STYLED_ITEM('color',(#2755),#1236);
#2812=STYLED_ITEM('color',(#2755),#1246);
#2813=STYLED_ITEM('color',(#2755),#1256);
#2814=STYLED_ITEM('color',(#2755),#1264);
#2815=STYLED_ITEM('color',(#2755),#1275);
#2816=STYLED_ITEM('color',(#2755),#1285);
#2817=STYLED_ITEM('color',(#2755),#1295);
#2818=STYLED_ITEM('color',(#2755),#1305);
#2819=STYLED_ITEM('color',(#2755),#1339);
#2820=STYLED_ITEM('color',(#2755),#1373);
#2821=STYLED_ITEM('color',(#2755),#1407);
#2822=STYLED_ITEM('color',(#2823),#1441);
#2823=PRESENTATION_STYLE_ASSIGNMENT((#2824));
#2824=SURFACE_STYLE_USAGE(.BOTH.,#2825);
#2825=SURFACE_SIDE_STYLE('',(#2826));
#2826=SURFACE_STYLE_FILL_AREA(#2827);
#2827=FILL_AREA_STYLE('',(#2828));
#2828=FILL_AREA_STYLE_COLOUR('',#2829);
#2829=COLOUR_RGB('',0.823529422283,0.819607853889,0.780392169952);
#2830=STYLED_ITEM('color',(#2823),#1463);
#2831=STYLED_ITEM('color',(#2823),#1477);
#2832=STYLED_ITEM('color',(#2823),#1493);
#2833=STYLED_ITEM('color',(#2823),#1502);
#2834=STYLED_ITEM('color',(#2823),#1523);
#2835=STYLED_ITEM('color',(#2823),#1538);
#2836=STYLED_ITEM('color',(#2823),#1554);
#2837=STYLED_ITEM('color',(#2823),#1563);
#2838=STYLED_ITEM('color',(#2823),#1585);
#2839=STYLED_ITEM('color',(#2823),#1599);
#2840=STYLED_ITEM('color',(#2823),#1615);
#2841=STYLED_ITEM('color',(#2823),#1624);
#2842=STYLED_ITEM('color',(#2823),#1644);
#2843=STYLED_ITEM('color',(#2823),#1660);
#2844=STYLED_ITEM('color',(#2823),#1674);
#2845=STYLED_ITEM('color',(#2823),#1685);
#2846=STYLED_ITEM('color',(#2823),#1728);
#2847=STYLED_ITEM('color',(#2823),#1738);
#2848=STYLED_ITEM('color',(#2823),#1772);
#2849=STYLED_ITEM('color',(#2823),#1780);
#2850=STYLED_ITEM('color',(#2823),#1795);
#2851=STYLED_ITEM('color',(#2823),#1807);
#2852=STYLED_ITEM('color',(#2823),#1817);
#2853=STYLED_ITEM('color',(#2823),#1825);
#2854=STYLED_ITEM('color',(#2823),#1839);
#2855=STYLED_ITEM('color',(#2823),#1850);
#2856=STYLED_ITEM('color',(#2823),#1862);
#2857=STYLED_ITEM('color',(#2823),#1870);
#2858=STYLED_ITEM('color',(#2823),#1885);
#2859=STYLED_ITEM('color',(#2823),#1916);
#2860=STYLED_ITEM('color',(#2823),#1926);
#2861=STYLED_ITEM('color',(#2823),#1957);
#2862=STYLED_ITEM('color',(#2823),#1982);
#2863=STYLED_ITEM('color',(#2823),#2002);
#2864=STYLED_ITEM('color',(#2823),#2020);
#2865=STYLED_ITEM('color',(#2823),#2033);
#2866=STYLED_ITEM('color',(#2823),#2056);
#2867=STYLED_ITEM('color',(#2823),#2074);
#2868=STYLED_ITEM('color',(#2823),#2091);
#2869=STYLED_ITEM('color',(#2823),#2103);
#2870=STYLED_ITEM('color',(#2823),#2126);
#2871=STYLED_ITEM('color',(#2823),#2143);
#2872=STYLED_ITEM('color',(#2823),#2161);
#2873=STYLED_ITEM('color',(#2823),#2173);
#2874=STYLED_ITEM('color',(#2823),#2196);
#2875=STYLED_ITEM('color',(#2823),#2213);
#2876=STYLED_ITEM('color',(#2823),#2230);
#2877=STYLED_ITEM('color',(#2823),#2243);
#2878=STYLED_ITEM('color',(#2823),#2284);
#2879=STYLED_ITEM('color',(#2823),#2306);
#2880=STYLED_ITEM('color',(#2823),#2315);
#2881=STYLED_ITEM('color',(#2823),#2326);
#2882=STYLED_ITEM('color',(#2823),#2344);
#2883=STYLED_ITEM('color',(#2823),#2373);
#2884=STYLED_ITEM('color',(#2823),#2400);
#2885=STYLED_ITEM('color',(#2823),#2417);
#2886=STYLED_ITEM('color',(#2823),#2437);
#2887=STYLED_ITEM('color',(#2823),#2449);
#2888=STYLED_ITEM('color',(#2823),#2472);
#2889=STYLED_ITEM('color',(#2823),#2489);
#2890=STYLED_ITEM('color',(#2823),#2507);
#2891=STYLED_ITEM('color',(#2823),#2518);
#2892=STYLED_ITEM('color',(#2823),#2528);
#2893=STYLED_ITEM('color',(#2823),#2563);
#2894=STYLED_ITEM('color',(#2823),#2580);
#2895=STYLED_ITEM('color',(#2823),#2590);
#2896=STYLED_ITEM('color',(#2823),#2607);
#2897=STYLED_ITEM('color',(#2823),#2632);
#2898=STYLED_ITEM('color',(#2823),#2641);
#2899=STYLED_ITEM('color',(#2823),#2650);
#2900=STYLED_ITEM('color',(#2823),#2659);
#2901=STYLED_ITEM('color',(#2823),#2668);
#2902=STYLED_ITEM('color',(#2823),#2680);
#2903=STYLED_ITEM('color',(#2823),#2691);
#2904=STYLED_ITEM('color',(#2823),#2701);
#2905=STYLED_ITEM('color',(#2823),#2709);
#2906=STYLED_ITEM('color',(#2823),#2717);
#2907=STYLED_ITEM('color',(#2823),#2728);
#2908=STYLED_ITEM('color',(#2823),#2739);
ENDSEC;
END-ISO-10303-21;
