ISO-10303-21;
HEADER;
/* JST_XH_B6B-XH-A_1x06_P2.50mm_Vertical.step 3D STEP model for use in ECAD systems
 * Copyright (C) 2019, Rene Poeschl
 *
 * This work is licensed under the [Creative Commons CC-BY-SA 4.0 License](https://creativecommons.org/licenses/by-sa/4.0/legalcode),
 * with the following exception:
 * To the extent that the creation of electronic designs that use 'Licensed Material' can be considered to be 'Adapted Material',
 * then the copyright holder waives article 3 of the license with respect to these designs and any generated files which use data provided
 * as part of the 'Licensed Material'.
 * You are free to use the library data in your own projects without the obligation to share your project files under this or any other license agreement.
 * However, if you wish to redistribute these libraries, or parts thereof (including in modified form) as a collection then the exception above does not apply.
 * Please refer to https://github.com/KiCad/kicad-packages3D/blob/master/LICENSE.md for further clarification of the exception.
 * Disclaimer of Warranties and Limitation of Liability.
 * These libraries are provided in the hope that they will be useful, but are provided without warranty of any kind, express or implied.
 * *USE 3D CAD DATA AT YOUR OWN RISK*
 * *DO NOT RELY UPON ANY INFORMATION FOUND HERE WITHOUT INDEPENDENT VERIFICATION.*
 *
 *
 *
 *
 *
 */

FILE_DESCRIPTION(
/* description */ ('model of JST_XH_B6B-XH-A_1x06_P2.50mm_Vertical'),
/* implementation_level */ '2;1');

FILE_NAME(
/* name */ 'JST_XH_B6B-XH-A_1x06_P2.50mm_Vertical.step',
/* time_stamp */ '2019-02-08T20:52:00',
/* author */ ('Rene Poeschl','poeschlr@gmail.com'),
/* organization */ (''),
/* preprocessor_version */ '',
/* originating_system */ '',
/* authorisation */ '');

FILE_SCHEMA(('AUTOMOTIVE_DESIGN { 1 0 10303 214 1 1 1 1 }'));
ENDSEC;

DATA;
#1=APPLICATION_PROTOCOL_DEFINITION('international standard','automotive_design',2000,#2);
#2=APPLICATION_CONTEXT('core data for automotive mechanical design processes');
#3=SHAPE_DEFINITION_REPRESENTATION(#4,#10);
#4=PRODUCT_DEFINITION_SHAPE('','',#5);
#5=PRODUCT_DEFINITION('design','',#6,#9);
#6=PRODUCT_DEFINITION_FORMATION('','',#7);
#7=PRODUCT('JST_B6B_XH_A','JST_B6B_XH_A','',(#8));
#8=PRODUCT_CONTEXT('',#2,'mechanical');
#9=PRODUCT_DEFINITION_CONTEXT('part definition',#2,'design');
#10=ADVANCED_BREP_SHAPE_REPRESENTATION('',(#11,#15),#3612);
#11=AXIS2_PLACEMENT_3D('',#12,#13,#14);
#12=CARTESIAN_POINT('',(0.,0.,0.));
#13=DIRECTION('',(0.,0.,1.));
#14=DIRECTION('',(1.,0.,-0.));
#15=MANIFOLD_SOLID_BREP('',#16);
#16=CLOSED_SHELL('',(#17,#72,#105,#125,#165,#185,#313,#331,#370,#383,#416,#425,#441,#450,#567,#579,#785,#800,#823,#838,#858,#867,#886,#900,#920,#929,#948,#962,#982,#991,#1010,#1024,#1044,#1053,#1072,#1086,#1106,#1115,#1134,#1148,#1168,#1175,#1195,#1202,#1208,#1213,#1376,#1385,#1395,#1405,#1415,#1424,#1433,#1443,#1450,#1460,#1470,#1479,#1488,#1498,#1508,#1516,#1527,#1537,#1547,#1557,#1567,#1577,#1611,#1645,#1679,#1713,#1747,#1781,#1803,#1817,#1833,#1842,#1864,#1878,#1894,#1903,#1925,#1939,#1955,#1964,#1984,#2000,#2014,#2025,#2046,#2061,#2077,#2086,#2108,#2122,#2138,#2147,#2190,#2200,#2234,#2242,#2257,#2269,#2279,#2287,#2301,#2312,#2324,#2332,#2346,#2357,#2369,#2377,#2391,#2402,#2414,#2422,#2437,#2468,#2478,#2509,#2534,#2554,#2572,#2585,#2608,#2625,#2643,#2655,#2678,#2695,#2713,#2725,#2748,#2765,#2784,#2797,#2820,#2838,#2855,#2867,#2890,#2907,#2925,#2937,#2978,#3000,#3009,#3020,#3038,#3067,#3092,#3109,#3129,#3141,#3164,#3181,#3199,#3210,#3233,#3250,#3268,#3279,#3302,#3319,#3337,#3348,#3358,#3393,#3410,#3420,#3437,#3462,#3471,#3480,#3489,#3498,#3507,#3516,#3528,#3539,#3549,#3557,#3565,#3573,#3581,#3592,#3603));
#17=ADVANCED_FACE('',(#18),#69,.T.);
#18=FACE_BOUND('',#19,.T.);
#19=EDGE_LOOP('',(#20,#30,#38,#44,#50,#54,#60,#66));
#20=ORIENTED_EDGE('',*,*,#21,.T.);
#21=EDGE_CURVE('',#22,#24,#26,.T.);
#22=VERTEX_POINT('',#23);
#23=CARTESIAN_POINT('',(-1.8,0.5,7.));
#24=VERTEX_POINT('',#25);
#25=CARTESIAN_POINT('',(-2.45,0.5,7.));
#26=LINE('',#27,#28);
#27=CARTESIAN_POINT('',(14.95,0.5,7.));
#28=VECTOR('',#29,1.);
#29=DIRECTION('',(-1.,1.224646799147E-16,0.));
#30=ORIENTED_EDGE('',*,*,#31,.T.);
#31=EDGE_CURVE('',#24,#32,#34,.T.);
#32=VERTEX_POINT('',#33);
#33=CARTESIAN_POINT('',(-2.45,-3.4,7.));
#34=LINE('',#35,#36);
#35=CARTESIAN_POINT('',(-2.45,2.35,7.));
#36=VECTOR('',#37,1.);
#37=DIRECTION('',(-1.224646799147E-16,-1.,0.));
#38=ORIENTED_EDGE('',*,*,#39,.T.);
#39=EDGE_CURVE('',#32,#40,#42,.T.);
#40=VERTEX_POINT('',#41);
#41=CARTESIAN_POINT('',(14.95,-3.4,7.));
#42=LINE('',#33,#43);
#43=VECTOR('',#14,1.);
#44=ORIENTED_EDGE('',*,*,#45,.T.);
#45=EDGE_CURVE('',#40,#46,#47,.T.);
#46=VERTEX_POINT('',#27);
#47=LINE('',#41,#48);
#48=VECTOR('',#49,1.);
#49=DIRECTION('',(1.224646799147E-16,1.,0.));
#50=ORIENTED_EDGE('',*,*,#51,.T.);
#51=EDGE_CURVE('',#46,#52,#26,.T.);
#52=VERTEX_POINT('',#53);
#53=CARTESIAN_POINT('',(14.3,0.5,7.));
#54=ORIENTED_EDGE('',*,*,#55,.F.);
#55=EDGE_CURVE('',#56,#52,#58,.T.);
#56=VERTEX_POINT('',#57);
#57=CARTESIAN_POINT('',(14.3,-2.85,7.));
#58=LINE('',#59,#48);
#59=CARTESIAN_POINT('',(14.3,-2.65,7.));
#60=ORIENTED_EDGE('',*,*,#61,.F.);
#61=EDGE_CURVE('',#62,#56,#64,.T.);
#62=VERTEX_POINT('',#63);
#63=CARTESIAN_POINT('',(-1.8,-2.85,7.));
#64=LINE('',#65,#43);
#65=CARTESIAN_POINT('',(-1.6,-2.85,7.));
#66=ORIENTED_EDGE('',*,*,#67,.F.);
#67=EDGE_CURVE('',#22,#62,#68,.T.);
#68=LINE('',#23,#36);
#69=PLANE('',#70);
#70=AXIS2_PLACEMENT_3D('',#71,#13,#29);
#71=CARTESIAN_POINT('',(6.25,-0.525,7.));
#72=ADVANCED_FACE('',(#73),#103,.T.);
#73=FACE_BOUND('',#74,.T.);
#74=EDGE_LOOP('',(#75,#85,#91,#96,#97));
#75=ORIENTED_EDGE('',*,*,#76,.T.);
#76=EDGE_CURVE('',#77,#79,#81,.T.);
#77=VERTEX_POINT('',#78);
#78=CARTESIAN_POINT('',(-1.6,0.5,6.8));
#79=VERTEX_POINT('',#80);
#80=CARTESIAN_POINT('',(-1.6,0.5,3.65));
#81=LINE('',#82,#83);
#82=CARTESIAN_POINT('',(-1.6,0.5,5.325));
#83=VECTOR('',#84,1.);
#84=DIRECTION('',(-0.,0.,-1.));
#85=ORIENTED_EDGE('',*,*,#86,.T.);
#86=EDGE_CURVE('',#79,#87,#89,.T.);
#87=VERTEX_POINT('',#88);
#88=CARTESIAN_POINT('',(-2.45,0.5,3.65));
#89=LINE('',#90,#28);
#90=CARTESIAN_POINT('',(14.95,0.5,3.65));
#91=ORIENTED_EDGE('',*,*,#92,.T.);
#92=EDGE_CURVE('',#87,#24,#93,.T.);
#93=LINE('',#94,#95);
#94=CARTESIAN_POINT('',(-2.45,0.5,1.825));
#95=VECTOR('',#13,1.);
#96=ORIENTED_EDGE('',*,*,#21,.F.);
#97=ORIENTED_EDGE('',*,*,#98,.T.);
#98=EDGE_CURVE('',#22,#77,#99,.T.);
#99=LINE('',#100,#101);
#100=CARTESIAN_POINT('',(3.275,0.5,1.925));
#101=VECTOR('',#102,1.);
#102=DIRECTION('',(0.707106781187,-8.659560562355E-17,-0.707106781187));
#103=PLANE('',#104);
#104=AXIS2_PLACEMENT_3D('',#90,#49,#13);
#105=ADVANCED_FACE('',(#106),#121,.F.);
#106=FACE_BOUND('',#107,.T.);
#107=EDGE_LOOP('',(#108,#109,#110,#118));
#108=ORIENTED_EDGE('',*,*,#98,.F.);
#109=ORIENTED_EDGE('',*,*,#67,.T.);
#110=ORIENTED_EDGE('',*,*,#111,.T.);
#111=EDGE_CURVE('',#62,#112,#114,.T.);
#112=VERTEX_POINT('',#113);
#113=CARTESIAN_POINT('',(-1.6,-2.65,6.8));
#114=LINE('',#115,#116);
#115=CARTESIAN_POINT('',(-1.141666666667,-2.191666666667,6.341666666667));
#116=VECTOR('',#117,1.);
#117=DIRECTION('',(0.57735026919,0.57735026919,-0.57735026919));
#118=ORIENTED_EDGE('',*,*,#119,.F.);
#119=EDGE_CURVE('',#77,#112,#120,.T.);
#120=LINE('',#78,#36);
#121=PLANE('',#122);
#122=AXIS2_PLACEMENT_3D('',#123,#124,#49);
#123=CARTESIAN_POINT('',(-1.7,0.5,6.9));
#124=DIRECTION('',(-0.707106781187,8.659560562355E-17,-0.707106781187));
#125=ADVANCED_FACE('',(#126),#163,.F.);
#126=FACE_BOUND('',#127,.F.);
#127=EDGE_LOOP('',(#128,#135,#139,#143,#149,#156,#91,#30,#160));
#128=ORIENTED_EDGE('',*,*,#129,.F.);
#129=EDGE_CURVE('',#130,#132,#134,.T.);
#130=VERTEX_POINT('',#131);
#131=CARTESIAN_POINT('',(-2.45,2.35,0.));
#132=VERTEX_POINT('',#133);
#133=CARTESIAN_POINT('',(-2.45,-3.4,0.));
#134=LINE('',#131,#36);
#135=ORIENTED_EDGE('',*,*,#136,.T.);
#136=EDGE_CURVE('',#130,#137,#138,.T.);
#137=VERTEX_POINT('',#35);
#138=LINE('',#131,#95);
#139=ORIENTED_EDGE('',*,*,#140,.T.);
#140=EDGE_CURVE('',#137,#141,#34,.T.);
#141=VERTEX_POINT('',#142);
#142=CARTESIAN_POINT('',(-2.45,1.5,7.));
#143=ORIENTED_EDGE('',*,*,#144,.T.);
#144=EDGE_CURVE('',#141,#145,#147,.T.);
#145=VERTEX_POINT('',#146);
#146=CARTESIAN_POINT('',(-2.45,1.5,4.15));
#147=LINE('',#148,#83);
#148=CARTESIAN_POINT('',(-2.45,1.5,3.5));
#149=ORIENTED_EDGE('',*,*,#150,.F.);
#150=EDGE_CURVE('',#151,#145,#153,.T.);
#151=VERTEX_POINT('',#152);
#152=CARTESIAN_POINT('',(-2.45,1.,3.65));
#153=CIRCLE('',#154,0.5);
#154=AXIS2_PLACEMENT_3D('',#155,#14,#49);
#155=CARTESIAN_POINT('',(-2.45,1.,4.15));
#156=ORIENTED_EDGE('',*,*,#157,.T.);
#157=EDGE_CURVE('',#151,#87,#158,.T.);
#158=LINE('',#159,#36);
#159=CARTESIAN_POINT('',(-2.45,1.675,3.65));
#160=ORIENTED_EDGE('',*,*,#161,.F.);
#161=EDGE_CURVE('',#132,#32,#162,.T.);
#162=LINE('',#133,#95);
#163=PLANE('',#164);
#164=AXIS2_PLACEMENT_3D('',#131,#14,#37);
#165=ADVANCED_FACE('',(#166),#181,.F.);
#166=FACE_BOUND('',#167,.T.);
#167=EDGE_LOOP('',(#168,#169,#170,#178));
#168=ORIENTED_EDGE('',*,*,#111,.F.);
#169=ORIENTED_EDGE('',*,*,#61,.T.);
#170=ORIENTED_EDGE('',*,*,#171,.T.);
#171=EDGE_CURVE('',#56,#172,#174,.T.);
#172=VERTEX_POINT('',#173);
#173=CARTESIAN_POINT('',(14.1,-2.65,6.8));
#174=LINE('',#175,#176);
#175=CARTESIAN_POINT('',(11.55,-0.1,4.25));
#176=VECTOR('',#177,1.);
#177=DIRECTION('',(-0.57735026919,0.57735026919,-0.57735026919));
#178=ORIENTED_EDGE('',*,*,#179,.F.);
#179=EDGE_CURVE('',#112,#172,#180,.T.);
#180=LINE('',#113,#43);
#181=PLANE('',#182);
#182=AXIS2_PLACEMENT_3D('',#183,#184,#29);
#183=CARTESIAN_POINT('',(-1.6,-2.75,6.9));
#184=DIRECTION('',(-8.659560562355E-17,-0.707106781187,-0.707106781187));
#185=ADVANCED_FACE('',(#186),#311,.F.);
#186=FACE_BOUND('',#187,.F.);
#187=EDGE_LOOP('',(#188,#193,#38,#194,#199,#203,#208,#213,#218,#222,#227,#232,#237,#241,#246,#251,#256,#260,#265,#270,#275,#279,#284,#289,#294,#298,#303,#308));
#188=ORIENTED_EDGE('',*,*,#189,.F.);
#189=EDGE_CURVE('',#132,#190,#192,.T.);
#190=VERTEX_POINT('',#191);
#191=CARTESIAN_POINT('',(-0.75,-3.4,0.));
#192=LINE('',#133,#43);
#193=ORIENTED_EDGE('',*,*,#161,.T.);
#194=ORIENTED_EDGE('',*,*,#195,.F.);
#195=EDGE_CURVE('',#196,#40,#198,.T.);
#196=VERTEX_POINT('',#197);
#197=CARTESIAN_POINT('',(14.95,-3.4,0.));
#198=LINE('',#197,#95);
#199=ORIENTED_EDGE('',*,*,#200,.F.);
#200=EDGE_CURVE('',#201,#196,#192,.T.);
#201=VERTEX_POINT('',#202);
#202=CARTESIAN_POINT('',(13.25,-3.4,0.));
#203=ORIENTED_EDGE('',*,*,#204,.F.);
#204=EDGE_CURVE('',#205,#201,#207,.T.);
#205=VERTEX_POINT('',#206);
#206=CARTESIAN_POINT('',(13.25,-3.4,1.));
#207=LINE('',#206,#83);
#208=ORIENTED_EDGE('',*,*,#209,.T.);
#209=EDGE_CURVE('',#205,#210,#212,.T.);
#210=VERTEX_POINT('',#211);
#211=CARTESIAN_POINT('',(11.75,-3.4,1.));
#212=LINE('',#206,#28);
#213=ORIENTED_EDGE('',*,*,#214,.T.);
#214=EDGE_CURVE('',#210,#215,#217,.T.);
#215=VERTEX_POINT('',#216);
#216=CARTESIAN_POINT('',(11.75,-3.4,0.));
#217=LINE('',#211,#83);
#218=ORIENTED_EDGE('',*,*,#219,.F.);
#219=EDGE_CURVE('',#220,#215,#192,.T.);
#220=VERTEX_POINT('',#221);
#221=CARTESIAN_POINT('',(10.75,-3.4,0.));
#222=ORIENTED_EDGE('',*,*,#223,.F.);
#223=EDGE_CURVE('',#224,#220,#226,.T.);
#224=VERTEX_POINT('',#225);
#225=CARTESIAN_POINT('',(10.75,-3.4,1.));
#226=LINE('',#225,#83);
#227=ORIENTED_EDGE('',*,*,#228,.T.);
#228=EDGE_CURVE('',#224,#229,#231,.T.);
#229=VERTEX_POINT('',#230);
#230=CARTESIAN_POINT('',(9.25,-3.4,1.));
#231=LINE('',#225,#28);
#232=ORIENTED_EDGE('',*,*,#233,.T.);
#233=EDGE_CURVE('',#229,#234,#236,.T.);
#234=VERTEX_POINT('',#235);
#235=CARTESIAN_POINT('',(9.25,-3.4,0.));
#236=LINE('',#230,#83);
#237=ORIENTED_EDGE('',*,*,#238,.F.);
#238=EDGE_CURVE('',#239,#234,#192,.T.);
#239=VERTEX_POINT('',#240);
#240=CARTESIAN_POINT('',(8.25,-3.4,0.));
#241=ORIENTED_EDGE('',*,*,#242,.F.);
#242=EDGE_CURVE('',#243,#239,#245,.T.);
#243=VERTEX_POINT('',#244);
#244=CARTESIAN_POINT('',(8.25,-3.4,1.));
#245=LINE('',#244,#83);
#246=ORIENTED_EDGE('',*,*,#247,.T.);
#247=EDGE_CURVE('',#243,#248,#250,.T.);
#248=VERTEX_POINT('',#249);
#249=CARTESIAN_POINT('',(6.75,-3.4,1.));
#250=LINE('',#244,#28);
#251=ORIENTED_EDGE('',*,*,#252,.T.);
#252=EDGE_CURVE('',#248,#253,#255,.T.);
#253=VERTEX_POINT('',#254);
#254=CARTESIAN_POINT('',(6.75,-3.4,0.));
#255=LINE('',#249,#83);
#256=ORIENTED_EDGE('',*,*,#257,.F.);
#257=EDGE_CURVE('',#258,#253,#192,.T.);
#258=VERTEX_POINT('',#259);
#259=CARTESIAN_POINT('',(5.75,-3.4,0.));
#260=ORIENTED_EDGE('',*,*,#261,.F.);
#261=EDGE_CURVE('',#262,#258,#264,.T.);
#262=VERTEX_POINT('',#263);
#263=CARTESIAN_POINT('',(5.75,-3.4,1.));
#264=LINE('',#263,#83);
#265=ORIENTED_EDGE('',*,*,#266,.T.);
#266=EDGE_CURVE('',#262,#267,#269,.T.);
#267=VERTEX_POINT('',#268);
#268=CARTESIAN_POINT('',(4.25,-3.4,1.));
#269=LINE('',#263,#28);
#270=ORIENTED_EDGE('',*,*,#271,.T.);
#271=EDGE_CURVE('',#267,#272,#274,.T.);
#272=VERTEX_POINT('',#273);
#273=CARTESIAN_POINT('',(4.25,-3.4,0.));
#274=LINE('',#268,#83);
#275=ORIENTED_EDGE('',*,*,#276,.F.);
#276=EDGE_CURVE('',#277,#272,#192,.T.);
#277=VERTEX_POINT('',#278);
#278=CARTESIAN_POINT('',(3.25,-3.4,0.));
#279=ORIENTED_EDGE('',*,*,#280,.F.);
#280=EDGE_CURVE('',#281,#277,#283,.T.);
#281=VERTEX_POINT('',#282);
#282=CARTESIAN_POINT('',(3.25,-3.4,1.));
#283=LINE('',#282,#83);
#284=ORIENTED_EDGE('',*,*,#285,.T.);
#285=EDGE_CURVE('',#281,#286,#288,.T.);
#286=VERTEX_POINT('',#287);
#287=CARTESIAN_POINT('',(1.75,-3.4,1.));
#288=LINE('',#282,#28);
#289=ORIENTED_EDGE('',*,*,#290,.T.);
#290=EDGE_CURVE('',#286,#291,#293,.T.);
#291=VERTEX_POINT('',#292);
#292=CARTESIAN_POINT('',(1.75,-3.4,0.));
#293=LINE('',#287,#83);
#294=ORIENTED_EDGE('',*,*,#295,.F.);
#295=EDGE_CURVE('',#296,#291,#192,.T.);
#296=VERTEX_POINT('',#297);
#297=CARTESIAN_POINT('',(0.75,-3.4,0.));
#298=ORIENTED_EDGE('',*,*,#299,.F.);
#299=EDGE_CURVE('',#300,#296,#302,.T.);
#300=VERTEX_POINT('',#301);
#301=CARTESIAN_POINT('',(0.75,-3.4,1.));
#302=LINE('',#301,#83);
#303=ORIENTED_EDGE('',*,*,#304,.T.);
#304=EDGE_CURVE('',#300,#305,#307,.T.);
#305=VERTEX_POINT('',#306);
#306=CARTESIAN_POINT('',(-0.75,-3.4,1.));
#307=LINE('',#301,#28);
#308=ORIENTED_EDGE('',*,*,#309,.T.);
#309=EDGE_CURVE('',#305,#190,#310,.T.);
#310=LINE('',#306,#83);
#311=PLANE('',#312);
#312=AXIS2_PLACEMENT_3D('',#133,#49,#14);
#313=ADVANCED_FACE('',(#314),#328,.F.);
#314=FACE_BOUND('',#315,.T.);
#315=EDGE_LOOP('',(#316,#317,#318,#325));
#316=ORIENTED_EDGE('',*,*,#171,.F.);
#317=ORIENTED_EDGE('',*,*,#55,.T.);
#318=ORIENTED_EDGE('',*,*,#319,.T.);
#319=EDGE_CURVE('',#52,#320,#322,.T.);
#320=VERTEX_POINT('',#321);
#321=CARTESIAN_POINT('',(14.1,0.5,6.8));
#322=LINE('',#323,#324);
#323=CARTESIAN_POINT('',(13.575,0.5,6.275));
#324=VECTOR('',#124,1.);
#325=ORIENTED_EDGE('',*,*,#326,.F.);
#326=EDGE_CURVE('',#172,#320,#327,.T.);
#327=LINE('',#173,#48);
#328=PLANE('',#329);
#329=AXIS2_PLACEMENT_3D('',#330,#102,#37);
#330=CARTESIAN_POINT('',(14.2,-2.65,6.9));
#331=ADVANCED_FACE('',(#332),#368,.F.);
#332=FACE_BOUND('',#333,.F.);
#333=EDGE_LOOP('',(#334,#339,#44,#340,#344,#349,#356,#361,#365));
#334=ORIENTED_EDGE('',*,*,#335,.F.);
#335=EDGE_CURVE('',#196,#336,#338,.T.);
#336=VERTEX_POINT('',#337);
#337=CARTESIAN_POINT('',(14.95,2.35,0.));
#338=LINE('',#197,#48);
#339=ORIENTED_EDGE('',*,*,#195,.T.);
#340=ORIENTED_EDGE('',*,*,#341,.F.);
#341=EDGE_CURVE('',#342,#46,#343,.T.);
#342=VERTEX_POINT('',#90);
#343=LINE('',#90,#95);
#344=ORIENTED_EDGE('',*,*,#345,.F.);
#345=EDGE_CURVE('',#346,#342,#348,.T.);
#346=VERTEX_POINT('',#347);
#347=CARTESIAN_POINT('',(14.95,1.,3.65));
#348=LINE('',#347,#36);
#349=ORIENTED_EDGE('',*,*,#350,.F.);
#350=EDGE_CURVE('',#351,#346,#353,.T.);
#351=VERTEX_POINT('',#352);
#352=CARTESIAN_POINT('',(14.95,1.5,4.15));
#353=CIRCLE('',#354,0.5);
#354=AXIS2_PLACEMENT_3D('',#355,#29,#49);
#355=CARTESIAN_POINT('',(14.95,1.,4.15));
#356=ORIENTED_EDGE('',*,*,#357,.F.);
#357=EDGE_CURVE('',#358,#351,#360,.T.);
#358=VERTEX_POINT('',#359);
#359=CARTESIAN_POINT('',(14.95,1.5,7.));
#360=LINE('',#359,#83);
#361=ORIENTED_EDGE('',*,*,#362,.T.);
#362=EDGE_CURVE('',#358,#363,#47,.T.);
#363=VERTEX_POINT('',#364);
#364=CARTESIAN_POINT('',(14.95,2.35,7.));
#365=ORIENTED_EDGE('',*,*,#366,.F.);
#366=EDGE_CURVE('',#336,#363,#367,.T.);
#367=LINE('',#337,#95);
#368=PLANE('',#369);
#369=AXIS2_PLACEMENT_3D('',#197,#29,#49);
#370=ADVANCED_FACE('',(#371),#103,.T.);
#371=FACE_BOUND('',#372,.T.);
#372=EDGE_LOOP('',(#373,#340,#374,#378,#382));
#373=ORIENTED_EDGE('',*,*,#51,.F.);
#374=ORIENTED_EDGE('',*,*,#375,.T.);
#375=EDGE_CURVE('',#342,#376,#89,.T.);
#376=VERTEX_POINT('',#377);
#377=CARTESIAN_POINT('',(14.1,0.5,3.65));
#378=ORIENTED_EDGE('',*,*,#379,.T.);
#379=EDGE_CURVE('',#376,#320,#380,.T.);
#380=LINE('',#381,#95);
#381=CARTESIAN_POINT('',(14.1,0.5,5.325));
#382=ORIENTED_EDGE('',*,*,#319,.F.);
#383=ADVANCED_FACE('',(#384),#414,.F.);
#384=FACE_BOUND('',#385,.F.);
#385=EDGE_LOOP('',(#75,#386,#392,#399,#405,#410,#118));
#386=ORIENTED_EDGE('',*,*,#387,.T.);
#387=EDGE_CURVE('',#79,#388,#390,.T.);
#388=VERTEX_POINT('',#389);
#389=CARTESIAN_POINT('',(-1.6,1.,3.65));
#390=LINE('',#391,#48);
#391=CARTESIAN_POINT('',(-1.6,1.25,3.65));
#392=ORIENTED_EDGE('',*,*,#393,.T.);
#393=EDGE_CURVE('',#388,#394,#396,.T.);
#394=VERTEX_POINT('',#395);
#395=CARTESIAN_POINT('',(-1.6,1.5,4.15));
#396=CIRCLE('',#397,0.5);
#397=AXIS2_PLACEMENT_3D('',#398,#14,#49);
#398=CARTESIAN_POINT('',(-1.6,1.,4.15));
#399=ORIENTED_EDGE('',*,*,#400,.T.);
#400=EDGE_CURVE('',#394,#401,#403,.T.);
#401=VERTEX_POINT('',#402);
#402=CARTESIAN_POINT('',(-1.6,1.5,1.85));
#403=LINE('',#404,#83);
#404=CARTESIAN_POINT('',(-1.6,1.5,7.));
#405=ORIENTED_EDGE('',*,*,#406,.T.);
#406=EDGE_CURVE('',#401,#407,#409,.T.);
#407=VERTEX_POINT('',#408);
#408=CARTESIAN_POINT('',(-1.6,-2.65,1.85));
#409=LINE('',#402,#36);
#410=ORIENTED_EDGE('',*,*,#411,.F.);
#411=EDGE_CURVE('',#112,#407,#412,.T.);
#412=LINE('',#413,#83);
#413=CARTESIAN_POINT('',(-1.6,-2.65,7.));
#414=PLANE('',#415);
#415=AXIS2_PLACEMENT_3D('',#404,#29,#37);
#416=ADVANCED_FACE('',(#417),#423,.T.);
#417=FACE_BOUND('',#418,.T.);
#418=EDGE_LOOP('',(#386,#419,#156,#422));
#419=ORIENTED_EDGE('',*,*,#420,.T.);
#420=EDGE_CURVE('',#388,#151,#421,.T.);
#421=LINE('',#347,#28);
#422=ORIENTED_EDGE('',*,*,#86,.F.);
#423=PLANE('',#424);
#424=AXIS2_PLACEMENT_3D('',#347,#13,#37);
#425=ADVANCED_FACE('',(#426),#438,.F.);
#426=FACE_BOUND('',#427,.F.);
#427=EDGE_LOOP('',(#428,#429,#434,#437));
#428=ORIENTED_EDGE('',*,*,#189,.T.);
#429=ORIENTED_EDGE('',*,*,#430,.T.);
#430=EDGE_CURVE('',#190,#431,#433,.T.);
#431=VERTEX_POINT('',#432);
#432=CARTESIAN_POINT('',(-0.75,2.35,0.));
#433=LINE('',#191,#48);
#434=ORIENTED_EDGE('',*,*,#435,.T.);
#435=EDGE_CURVE('',#431,#130,#436,.T.);
#436=LINE('',#337,#28);
#437=ORIENTED_EDGE('',*,*,#129,.T.);
#438=PLANE('',#439);
#439=AXIS2_PLACEMENT_3D('',#440,#13,#29);
#440=CARTESIAN_POINT('',(6.25,-0.525,0.));
#441=ADVANCED_FACE('',(#442),#448,.F.);
#442=FACE_BOUND('',#443,.T.);
#443=EDGE_LOOP('',(#392,#444,#149,#447));
#444=ORIENTED_EDGE('',*,*,#445,.T.);
#445=EDGE_CURVE('',#394,#145,#446,.T.);
#446=LINE('',#352,#28);
#447=ORIENTED_EDGE('',*,*,#420,.F.);
#448=CYLINDRICAL_SURFACE('',#449,0.5);
#449=AXIS2_PLACEMENT_3D('',#355,#14,#49);
#450=ADVANCED_FACE('',(#451),#564,.T.);
#451=FACE_BOUND('',#452,.T.);
#452=EDGE_LOOP('',(#356,#453,#458,#464,#470,#476,#482,#489,#495,#501,#505,#511,#517,#524,#530,#536,#542,#548,#143,#550,#399,#551,#556,#562));
#453=ORIENTED_EDGE('',*,*,#454,.T.);
#454=EDGE_CURVE('',#358,#455,#457,.T.);
#455=VERTEX_POINT('',#456);
#456=CARTESIAN_POINT('',(13.,1.5,7.));
#457=LINE('',#359,#28);
#458=ORIENTED_EDGE('',*,*,#459,.T.);
#459=EDGE_CURVE('',#455,#460,#462,.T.);
#460=VERTEX_POINT('',#461);
#461=CARTESIAN_POINT('',(13.,1.5,6.1));
#462=LINE('',#463,#83);
#463=CARTESIAN_POINT('',(13.,1.5,5.305848115299));
#464=ORIENTED_EDGE('',*,*,#465,.T.);
#465=EDGE_CURVE('',#460,#466,#468,.T.);
#466=VERTEX_POINT('',#467);
#467=CARTESIAN_POINT('',(12.75,1.5,5.85));
#468=LINE('',#469,#324);
#469=CARTESIAN_POINT('',(10.79042405765,1.5,3.89042405765));
#470=ORIENTED_EDGE('',*,*,#471,.T.);
#471=EDGE_CURVE('',#466,#472,#474,.T.);
#472=VERTEX_POINT('',#473);
#473=CARTESIAN_POINT('',(13.,1.5,5.6));
#474=LINE('',#475,#101);
#475=CARTESIAN_POINT('',(11.58457594235,1.5,7.01542405765));
#476=ORIENTED_EDGE('',*,*,#477,.T.);
#477=EDGE_CURVE('',#472,#478,#480,.T.);
#478=VERTEX_POINT('',#479);
#479=CARTESIAN_POINT('',(13.,1.5,3.85));
#480=LINE('',#481,#83);
#481=CARTESIAN_POINT('',(13.,1.5,3.805848115299));
#482=ORIENTED_EDGE('',*,*,#483,.F.);
#483=EDGE_CURVE('',#484,#478,#486,.T.);
#484=VERTEX_POINT('',#485);
#485=CARTESIAN_POINT('',(12.25,1.5,3.1));
#486=CIRCLE('',#487,0.75);
#487=AXIS2_PLACEMENT_3D('',#488,#37,#84);
#488=CARTESIAN_POINT('',(12.25,1.5,3.85));
#489=ORIENTED_EDGE('',*,*,#490,.T.);
#490=EDGE_CURVE('',#484,#491,#493,.T.);
#491=VERTEX_POINT('',#492);
#492=CARTESIAN_POINT('',(11.5,1.5,3.1));
#493=LINE('',#494,#28);
#494=CARTESIAN_POINT('',(8.875,1.5,3.1));
#495=ORIENTED_EDGE('',*,*,#496,.T.);
#496=EDGE_CURVE('',#491,#497,#499,.T.);
#497=VERTEX_POINT('',#498);
#498=CARTESIAN_POINT('',(11.5,1.5,7.));
#499=LINE('',#500,#95);
#500=CARTESIAN_POINT('',(11.5,1.5,5.755848115299));
#501=ORIENTED_EDGE('',*,*,#502,.T.);
#502=EDGE_CURVE('',#497,#503,#457,.T.);
#503=VERTEX_POINT('',#504);
#504=CARTESIAN_POINT('',(1.,1.5,7.));
#505=ORIENTED_EDGE('',*,*,#506,.F.);
#506=EDGE_CURVE('',#507,#503,#509,.T.);
#507=VERTEX_POINT('',#508);
#508=CARTESIAN_POINT('',(1.,1.5,3.1));
#509=LINE('',#510,#95);
#510=CARTESIAN_POINT('',(1.,1.5,5.755848115299));
#511=ORIENTED_EDGE('',*,*,#512,.F.);
#512=EDGE_CURVE('',#513,#507,#515,.T.);
#513=VERTEX_POINT('',#514);
#514=CARTESIAN_POINT('',(0.25,1.5,3.1));
#515=LINE('',#516,#43);
#516=CARTESIAN_POINT('',(3.625,1.5,3.1));
#517=ORIENTED_EDGE('',*,*,#518,.F.);
#518=EDGE_CURVE('',#519,#513,#521,.T.);
#519=VERTEX_POINT('',#520);
#520=CARTESIAN_POINT('',(-0.5,1.5,3.85));
#521=CIRCLE('',#522,0.75);
#522=AXIS2_PLACEMENT_3D('',#523,#37,#84);
#523=CARTESIAN_POINT('',(0.25,1.5,3.85));
#524=ORIENTED_EDGE('',*,*,#525,.F.);
#525=EDGE_CURVE('',#526,#519,#528,.T.);
#526=VERTEX_POINT('',#527);
#527=CARTESIAN_POINT('',(-0.5,1.5,5.6));
#528=LINE('',#529,#83);
#529=CARTESIAN_POINT('',(-0.5,1.5,3.805848115299));
#530=ORIENTED_EDGE('',*,*,#531,.F.);
#531=EDGE_CURVE('',#532,#526,#534,.T.);
#532=VERTEX_POINT('',#533);
#533=CARTESIAN_POINT('',(-0.25,1.5,5.85));
#534=LINE('',#535,#324);
#535=CARTESIAN_POINT('',(0.91542405765,1.5,7.01542405765));
#536=ORIENTED_EDGE('',*,*,#537,.F.);
#537=EDGE_CURVE('',#538,#532,#540,.T.);
#538=VERTEX_POINT('',#539);
#539=CARTESIAN_POINT('',(-0.5,1.5,6.1));
#540=LINE('',#541,#101);
#541=CARTESIAN_POINT('',(1.70957594235,1.5,3.89042405765));
#542=ORIENTED_EDGE('',*,*,#543,.F.);
#543=EDGE_CURVE('',#544,#538,#546,.T.);
#544=VERTEX_POINT('',#545);
#545=CARTESIAN_POINT('',(-0.5,1.5,7.));
#546=LINE('',#547,#83);
#547=CARTESIAN_POINT('',(-0.5,1.5,5.305848115299));
#548=ORIENTED_EDGE('',*,*,#549,.T.);
#549=EDGE_CURVE('',#544,#141,#457,.T.);
#550=ORIENTED_EDGE('',*,*,#445,.F.);
#551=ORIENTED_EDGE('',*,*,#552,.F.);
#552=EDGE_CURVE('',#553,#401,#555,.T.);
#553=VERTEX_POINT('',#554);
#554=CARTESIAN_POINT('',(14.1,1.5,1.85));
#555=LINE('',#554,#28);
#556=ORIENTED_EDGE('',*,*,#557,.F.);
#557=EDGE_CURVE('',#558,#553,#560,.T.);
#558=VERTEX_POINT('',#559);
#559=CARTESIAN_POINT('',(14.1,1.5,4.15));
#560=LINE('',#561,#83);
#561=CARTESIAN_POINT('',(14.1,1.5,7.));
#562=ORIENTED_EDGE('',*,*,#563,.F.);
#563=EDGE_CURVE('',#351,#558,#446,.T.);
#564=PLANE('',#565);
#565=AXIS2_PLACEMENT_3D('',#566,#37,#13);
#566=CARTESIAN_POINT('',(6.25,1.5,4.511696230599));
#567=ADVANCED_FACE('',(#568),#69,.T.);
#568=FACE_BOUND('',#569,.T.);
#569=EDGE_LOOP('',(#570,#571,#576,#139));
#570=ORIENTED_EDGE('',*,*,#549,.F.);
#571=ORIENTED_EDGE('',*,*,#572,.F.);
#572=EDGE_CURVE('',#573,#544,#575,.T.);
#573=VERTEX_POINT('',#574);
#574=CARTESIAN_POINT('',(-0.5,2.35,7.));
#575=LINE('',#574,#36);
#576=ORIENTED_EDGE('',*,*,#577,.T.);
#577=EDGE_CURVE('',#573,#137,#578,.T.);
#578=LINE('',#364,#28);
#579=ADVANCED_FACE('',(#580),#783,.F.);
#580=FACE_BOUND('',#581,.F.);
#581=EDGE_LOOP('',(#582,#586,#587,#591,#596,#603,#610,#616,#623,#628,#633,#637,#642,#647,#654,#660,#665,#670,#576,#673,#674,#675,#680,#685,#690,#694,#699,#704,#709,#713,#718,#723,#728,#732,#737,#742,#747,#751,#756,#761,#766,#770,#775,#780));
#582=ORIENTED_EDGE('',*,*,#583,.F.);
#583=EDGE_CURVE('',#336,#584,#436,.T.);
#584=VERTEX_POINT('',#585);
#585=CARTESIAN_POINT('',(13.25,2.35,0.));
#586=ORIENTED_EDGE('',*,*,#366,.T.);
#587=ORIENTED_EDGE('',*,*,#588,.T.);
#588=EDGE_CURVE('',#363,#589,#578,.T.);
#589=VERTEX_POINT('',#590);
#590=CARTESIAN_POINT('',(13.,2.35,7.));
#591=ORIENTED_EDGE('',*,*,#592,.F.);
#592=EDGE_CURVE('',#593,#589,#595,.T.);
#593=VERTEX_POINT('',#594);
#594=CARTESIAN_POINT('',(13.,2.35,6.1));
#595=LINE('',#594,#95);
#596=ORIENTED_EDGE('',*,*,#597,.F.);
#597=EDGE_CURVE('',#598,#593,#600,.T.);
#598=VERTEX_POINT('',#599);
#599=CARTESIAN_POINT('',(12.75,2.35,5.85));
#600=LINE('',#599,#601);
#601=VECTOR('',#602,1.);
#602=DIRECTION('',(0.707106781187,-8.659560562355E-17,0.707106781187));
#603=ORIENTED_EDGE('',*,*,#604,.F.);
#604=EDGE_CURVE('',#605,#598,#607,.T.);
#605=VERTEX_POINT('',#606);
#606=CARTESIAN_POINT('',(13.,2.35,5.6));
#607=LINE('',#606,#608);
#608=VECTOR('',#609,1.);
#609=DIRECTION('',(-0.707106781187,8.659560562355E-17,0.707106781187));
#610=ORIENTED_EDGE('',*,*,#611,.F.);
#611=EDGE_CURVE('',#612,#605,#614,.T.);
#612=VERTEX_POINT('',#613);
#613=CARTESIAN_POINT('',(13.,2.35,3.85));
#614=LINE('',#615,#95);
#615=CARTESIAN_POINT('',(13.,2.35,3.1));
#616=ORIENTED_EDGE('',*,*,#617,.F.);
#617=EDGE_CURVE('',#618,#612,#620,.T.);
#618=VERTEX_POINT('',#619);
#619=CARTESIAN_POINT('',(12.25,2.35,3.1));
#620=CIRCLE('',#621,0.75);
#621=AXIS2_PLACEMENT_3D('',#622,#37,#13);
#622=CARTESIAN_POINT('',(12.25,2.35,3.85));
#623=ORIENTED_EDGE('',*,*,#624,.F.);
#624=EDGE_CURVE('',#625,#618,#627,.T.);
#625=VERTEX_POINT('',#626);
#626=CARTESIAN_POINT('',(11.5,2.35,3.1));
#627=LINE('',#626,#43);
#628=ORIENTED_EDGE('',*,*,#629,.F.);
#629=EDGE_CURVE('',#630,#625,#632,.T.);
#630=VERTEX_POINT('',#631);
#631=CARTESIAN_POINT('',(11.5,2.35,7.));
#632=LINE('',#631,#83);
#633=ORIENTED_EDGE('',*,*,#634,.T.);
#634=EDGE_CURVE('',#630,#635,#578,.T.);
#635=VERTEX_POINT('',#636);
#636=CARTESIAN_POINT('',(1.,2.35,7.));
#637=ORIENTED_EDGE('',*,*,#638,.T.);
#638=EDGE_CURVE('',#635,#639,#641,.T.);
#639=VERTEX_POINT('',#640);
#640=CARTESIAN_POINT('',(1.,2.35,3.1));
#641=LINE('',#636,#83);
#642=ORIENTED_EDGE('',*,*,#643,.T.);
#643=EDGE_CURVE('',#639,#644,#646,.T.);
#644=VERTEX_POINT('',#645);
#645=CARTESIAN_POINT('',(0.25,2.35,3.1));
#646=LINE('',#640,#28);
#647=ORIENTED_EDGE('',*,*,#648,.T.);
#648=EDGE_CURVE('',#644,#649,#651,.T.);
#649=VERTEX_POINT('',#650);
#650=CARTESIAN_POINT('',(-0.5,2.35,3.85));
#651=CIRCLE('',#652,0.75);
#652=AXIS2_PLACEMENT_3D('',#653,#49,#13);
#653=CARTESIAN_POINT('',(0.25,2.35,3.85));
#654=ORIENTED_EDGE('',*,*,#655,.T.);
#655=EDGE_CURVE('',#649,#656,#658,.T.);
#656=VERTEX_POINT('',#657);
#657=CARTESIAN_POINT('',(-0.5,2.35,5.6));
#658=LINE('',#659,#95);
#659=CARTESIAN_POINT('',(-0.5,2.35,3.1));
#660=ORIENTED_EDGE('',*,*,#661,.T.);
#661=EDGE_CURVE('',#656,#662,#664,.T.);
#662=VERTEX_POINT('',#663);
#663=CARTESIAN_POINT('',(-0.25,2.35,5.85));
#664=LINE('',#657,#601);
#665=ORIENTED_EDGE('',*,*,#666,.T.);
#666=EDGE_CURVE('',#662,#667,#669,.T.);
#667=VERTEX_POINT('',#668);
#668=CARTESIAN_POINT('',(-0.5,2.35,6.1));
#669=LINE('',#663,#608);
#670=ORIENTED_EDGE('',*,*,#671,.T.);
#671=EDGE_CURVE('',#667,#573,#672,.T.);
#672=LINE('',#668,#95);
#673=ORIENTED_EDGE('',*,*,#136,.F.);
#674=ORIENTED_EDGE('',*,*,#435,.F.);
#675=ORIENTED_EDGE('',*,*,#676,.T.);
#676=EDGE_CURVE('',#431,#677,#679,.T.);
#677=VERTEX_POINT('',#678);
#678=CARTESIAN_POINT('',(-0.75,2.35,1.));
#679=LINE('',#432,#95);
#680=ORIENTED_EDGE('',*,*,#681,.F.);
#681=EDGE_CURVE('',#682,#677,#684,.T.);
#682=VERTEX_POINT('',#683);
#683=CARTESIAN_POINT('',(0.75,2.35,1.));
#684=LINE('',#683,#28);
#685=ORIENTED_EDGE('',*,*,#686,.F.);
#686=EDGE_CURVE('',#687,#682,#689,.T.);
#687=VERTEX_POINT('',#688);
#688=CARTESIAN_POINT('',(0.75,2.35,0.));
#689=LINE('',#688,#95);
#690=ORIENTED_EDGE('',*,*,#691,.F.);
#691=EDGE_CURVE('',#692,#687,#436,.T.);
#692=VERTEX_POINT('',#693);
#693=CARTESIAN_POINT('',(1.75,2.35,0.));
#694=ORIENTED_EDGE('',*,*,#695,.T.);
#695=EDGE_CURVE('',#692,#696,#698,.T.);
#696=VERTEX_POINT('',#697);
#697=CARTESIAN_POINT('',(1.75,2.35,1.));
#698=LINE('',#693,#95);
#699=ORIENTED_EDGE('',*,*,#700,.F.);
#700=EDGE_CURVE('',#701,#696,#703,.T.);
#701=VERTEX_POINT('',#702);
#702=CARTESIAN_POINT('',(3.25,2.35,1.));
#703=LINE('',#702,#28);
#704=ORIENTED_EDGE('',*,*,#705,.F.);
#705=EDGE_CURVE('',#706,#701,#708,.T.);
#706=VERTEX_POINT('',#707);
#707=CARTESIAN_POINT('',(3.25,2.35,0.));
#708=LINE('',#707,#95);
#709=ORIENTED_EDGE('',*,*,#710,.F.);
#710=EDGE_CURVE('',#711,#706,#436,.T.);
#711=VERTEX_POINT('',#712);
#712=CARTESIAN_POINT('',(4.25,2.35,0.));
#713=ORIENTED_EDGE('',*,*,#714,.T.);
#714=EDGE_CURVE('',#711,#715,#717,.T.);
#715=VERTEX_POINT('',#716);
#716=CARTESIAN_POINT('',(4.25,2.35,1.));
#717=LINE('',#712,#95);
#718=ORIENTED_EDGE('',*,*,#719,.F.);
#719=EDGE_CURVE('',#720,#715,#722,.T.);
#720=VERTEX_POINT('',#721);
#721=CARTESIAN_POINT('',(5.75,2.35,1.));
#722=LINE('',#721,#28);
#723=ORIENTED_EDGE('',*,*,#724,.F.);
#724=EDGE_CURVE('',#725,#720,#727,.T.);
#725=VERTEX_POINT('',#726);
#726=CARTESIAN_POINT('',(5.75,2.35,0.));
#727=LINE('',#726,#95);
#728=ORIENTED_EDGE('',*,*,#729,.F.);
#729=EDGE_CURVE('',#730,#725,#436,.T.);
#730=VERTEX_POINT('',#731);
#731=CARTESIAN_POINT('',(6.75,2.35,0.));
#732=ORIENTED_EDGE('',*,*,#733,.T.);
#733=EDGE_CURVE('',#730,#734,#736,.T.);
#734=VERTEX_POINT('',#735);
#735=CARTESIAN_POINT('',(6.75,2.35,1.));
#736=LINE('',#731,#95);
#737=ORIENTED_EDGE('',*,*,#738,.F.);
#738=EDGE_CURVE('',#739,#734,#741,.T.);
#739=VERTEX_POINT('',#740);
#740=CARTESIAN_POINT('',(8.25,2.35,1.));
#741=LINE('',#740,#28);
#742=ORIENTED_EDGE('',*,*,#743,.F.);
#743=EDGE_CURVE('',#744,#739,#746,.T.);
#744=VERTEX_POINT('',#745);
#745=CARTESIAN_POINT('',(8.25,2.35,0.));
#746=LINE('',#745,#95);
#747=ORIENTED_EDGE('',*,*,#748,.F.);
#748=EDGE_CURVE('',#749,#744,#436,.T.);
#749=VERTEX_POINT('',#750);
#750=CARTESIAN_POINT('',(9.25,2.35,0.));
#751=ORIENTED_EDGE('',*,*,#752,.T.);
#752=EDGE_CURVE('',#749,#753,#755,.T.);
#753=VERTEX_POINT('',#754);
#754=CARTESIAN_POINT('',(9.25,2.35,1.));
#755=LINE('',#750,#95);
#756=ORIENTED_EDGE('',*,*,#757,.F.);
#757=EDGE_CURVE('',#758,#753,#760,.T.);
#758=VERTEX_POINT('',#759);
#759=CARTESIAN_POINT('',(10.75,2.35,1.));
#760=LINE('',#759,#28);
#761=ORIENTED_EDGE('',*,*,#762,.F.);
#762=EDGE_CURVE('',#763,#758,#765,.T.);
#763=VERTEX_POINT('',#764);
#764=CARTESIAN_POINT('',(10.75,2.35,0.));
#765=LINE('',#764,#95);
#766=ORIENTED_EDGE('',*,*,#767,.F.);
#767=EDGE_CURVE('',#768,#763,#436,.T.);
#768=VERTEX_POINT('',#769);
#769=CARTESIAN_POINT('',(11.75,2.35,0.));
#770=ORIENTED_EDGE('',*,*,#771,.T.);
#771=EDGE_CURVE('',#768,#772,#774,.T.);
#772=VERTEX_POINT('',#773);
#773=CARTESIAN_POINT('',(11.75,2.35,1.));
#774=LINE('',#769,#95);
#775=ORIENTED_EDGE('',*,*,#776,.F.);
#776=EDGE_CURVE('',#777,#772,#779,.T.);
#777=VERTEX_POINT('',#778);
#778=CARTESIAN_POINT('',(13.25,2.35,1.));
#779=LINE('',#778,#28);
#780=ORIENTED_EDGE('',*,*,#781,.F.);
#781=EDGE_CURVE('',#584,#777,#782,.T.);
#782=LINE('',#585,#95);
#783=PLANE('',#784);
#784=AXIS2_PLACEMENT_3D('',#337,#37,#29);
#785=ADVANCED_FACE('',(#786),#798,.F.);
#786=FACE_BOUND('',#787,.F.);
#787=EDGE_LOOP('',(#788,#789,#794,#178));
#788=ORIENTED_EDGE('',*,*,#411,.T.);
#789=ORIENTED_EDGE('',*,*,#790,.T.);
#790=EDGE_CURVE('',#407,#791,#793,.T.);
#791=VERTEX_POINT('',#792);
#792=CARTESIAN_POINT('',(14.1,-2.65,1.85));
#793=LINE('',#408,#43);
#794=ORIENTED_EDGE('',*,*,#795,.F.);
#795=EDGE_CURVE('',#172,#791,#796,.T.);
#796=LINE('',#797,#83);
#797=CARTESIAN_POINT('',(14.1,-2.65,7.));
#798=PLANE('',#799);
#799=AXIS2_PLACEMENT_3D('',#413,#37,#14);
#800=ADVANCED_FACE('',(#801),#820,.T.);
#801=FACE_BOUND('',#802,.T.);
#802=EDGE_LOOP('',(#675,#803,#810,#815,#308,#429));
#803=ORIENTED_EDGE('',*,*,#804,.T.);
#804=EDGE_CURVE('',#677,#805,#807,.T.);
#805=VERTEX_POINT('',#806);
#806=CARTESIAN_POINT('',(-0.75,0.5,0.3));
#807=LINE('',#678,#808);
#808=VECTOR('',#809,1.);
#809=DIRECTION('',(-1.14539532148E-16,-0.935286257456,-0.353892097416));
#810=ORIENTED_EDGE('',*,*,#811,.T.);
#811=EDGE_CURVE('',#805,#812,#814,.T.);
#812=VERTEX_POINT('',#813);
#813=CARTESIAN_POINT('',(-0.75,-0.5,0.3));
#814=LINE('',#806,#36);
#815=ORIENTED_EDGE('',*,*,#816,.T.);
#816=EDGE_CURVE('',#812,#305,#817,.T.);
#817=LINE('',#813,#818);
#818=VECTOR('',#819,1.);
#819=DIRECTION('',(-1.190457365237E-16,-0.972082208573,0.234640533104));
#820=PLANE('',#821);
#821=AXIS2_PLACEMENT_3D('',#822,#14,#84);
#822=CARTESIAN_POINT('',(-0.75,-0.515451356496,0.330008245993));
#823=ADVANCED_FACE('',(#824),#835,.F.);
#824=FACE_BOUND('',#825,.F.);
#825=EDGE_LOOP('',(#826,#815,#831,#832));
#826=ORIENTED_EDGE('',*,*,#827,.T.);
#827=EDGE_CURVE('',#828,#812,#830,.T.);
#828=VERTEX_POINT('',#829);
#829=CARTESIAN_POINT('',(0.75,-0.5,0.3));
#830=LINE('',#829,#28);
#831=ORIENTED_EDGE('',*,*,#304,.F.);
#832=ORIENTED_EDGE('',*,*,#833,.F.);
#833=EDGE_CURVE('',#828,#300,#834,.T.);
#834=LINE('',#829,#818);
#835=PLANE('',#836);
#836=AXIS2_PLACEMENT_3D('',#829,#837,#819);
#837=DIRECTION('',(2.873517778159E-17,0.234640533104,0.972082208573));
#838=ADVANCED_FACE('',(#839),#855,.F.);
#839=FACE_BOUND('',#840,.F.);
#840=EDGE_LOOP('',(#841,#842,#847,#850,#851,#852));
#841=ORIENTED_EDGE('',*,*,#686,.T.);
#842=ORIENTED_EDGE('',*,*,#843,.T.);
#843=EDGE_CURVE('',#682,#844,#846,.T.);
#844=VERTEX_POINT('',#845);
#845=CARTESIAN_POINT('',(0.75,0.5,0.3));
#846=LINE('',#683,#808);
#847=ORIENTED_EDGE('',*,*,#848,.T.);
#848=EDGE_CURVE('',#844,#828,#849,.T.);
#849=LINE('',#845,#36);
#850=ORIENTED_EDGE('',*,*,#833,.T.);
#851=ORIENTED_EDGE('',*,*,#299,.T.);
#852=ORIENTED_EDGE('',*,*,#853,.T.);
#853=EDGE_CURVE('',#296,#687,#854,.T.);
#854=LINE('',#297,#48);
#855=PLANE('',#856);
#856=AXIS2_PLACEMENT_3D('',#857,#14,#84);
#857=CARTESIAN_POINT('',(0.75,-0.515451356496,0.330008245993));
#858=ADVANCED_FACE('',(#859),#438,.F.);
#859=FACE_BOUND('',#860,.F.);
#860=EDGE_LOOP('',(#861,#862,#865,#866));
#861=ORIENTED_EDGE('',*,*,#295,.T.);
#862=ORIENTED_EDGE('',*,*,#863,.T.);
#863=EDGE_CURVE('',#291,#692,#864,.T.);
#864=LINE('',#292,#48);
#865=ORIENTED_EDGE('',*,*,#691,.T.);
#866=ORIENTED_EDGE('',*,*,#853,.F.);
#867=ADVANCED_FACE('',(#868),#883,.T.);
#868=FACE_BOUND('',#869,.T.);
#869=EDGE_LOOP('',(#694,#870,#875,#880,#289,#862));
#870=ORIENTED_EDGE('',*,*,#871,.T.);
#871=EDGE_CURVE('',#696,#872,#874,.T.);
#872=VERTEX_POINT('',#873);
#873=CARTESIAN_POINT('',(1.75,0.5,0.3));
#874=LINE('',#697,#808);
#875=ORIENTED_EDGE('',*,*,#876,.T.);
#876=EDGE_CURVE('',#872,#877,#879,.T.);
#877=VERTEX_POINT('',#878);
#878=CARTESIAN_POINT('',(1.75,-0.5,0.3));
#879=LINE('',#873,#36);
#880=ORIENTED_EDGE('',*,*,#881,.T.);
#881=EDGE_CURVE('',#877,#286,#882,.T.);
#882=LINE('',#878,#818);
#883=PLANE('',#884);
#884=AXIS2_PLACEMENT_3D('',#885,#14,#84);
#885=CARTESIAN_POINT('',(1.75,-0.515451356496,0.330008245993));
#886=ADVANCED_FACE('',(#887),#898,.F.);
#887=FACE_BOUND('',#888,.F.);
#888=EDGE_LOOP('',(#889,#880,#894,#895));
#889=ORIENTED_EDGE('',*,*,#890,.T.);
#890=EDGE_CURVE('',#891,#877,#893,.T.);
#891=VERTEX_POINT('',#892);
#892=CARTESIAN_POINT('',(3.25,-0.5,0.3));
#893=LINE('',#892,#28);
#894=ORIENTED_EDGE('',*,*,#285,.F.);
#895=ORIENTED_EDGE('',*,*,#896,.F.);
#896=EDGE_CURVE('',#891,#281,#897,.T.);
#897=LINE('',#892,#818);
#898=PLANE('',#899);
#899=AXIS2_PLACEMENT_3D('',#892,#837,#819);
#900=ADVANCED_FACE('',(#901),#917,.F.);
#901=FACE_BOUND('',#902,.F.);
#902=EDGE_LOOP('',(#903,#904,#909,#912,#913,#914));
#903=ORIENTED_EDGE('',*,*,#705,.T.);
#904=ORIENTED_EDGE('',*,*,#905,.T.);
#905=EDGE_CURVE('',#701,#906,#908,.T.);
#906=VERTEX_POINT('',#907);
#907=CARTESIAN_POINT('',(3.25,0.5,0.3));
#908=LINE('',#702,#808);
#909=ORIENTED_EDGE('',*,*,#910,.T.);
#910=EDGE_CURVE('',#906,#891,#911,.T.);
#911=LINE('',#907,#36);
#912=ORIENTED_EDGE('',*,*,#896,.T.);
#913=ORIENTED_EDGE('',*,*,#280,.T.);
#914=ORIENTED_EDGE('',*,*,#915,.T.);
#915=EDGE_CURVE('',#277,#706,#916,.T.);
#916=LINE('',#278,#48);
#917=PLANE('',#918);
#918=AXIS2_PLACEMENT_3D('',#919,#14,#84);
#919=CARTESIAN_POINT('',(3.25,-0.515451356496,0.330008245993));
#920=ADVANCED_FACE('',(#921),#438,.F.);
#921=FACE_BOUND('',#922,.F.);
#922=EDGE_LOOP('',(#923,#926,#927,#928));
#923=ORIENTED_EDGE('',*,*,#924,.T.);
#924=EDGE_CURVE('',#272,#711,#925,.T.);
#925=LINE('',#273,#48);
#926=ORIENTED_EDGE('',*,*,#710,.T.);
#927=ORIENTED_EDGE('',*,*,#915,.F.);
#928=ORIENTED_EDGE('',*,*,#276,.T.);
#929=ADVANCED_FACE('',(#930),#945,.T.);
#930=FACE_BOUND('',#931,.T.);
#931=EDGE_LOOP('',(#713,#932,#937,#942,#270,#923));
#932=ORIENTED_EDGE('',*,*,#933,.T.);
#933=EDGE_CURVE('',#715,#934,#936,.T.);
#934=VERTEX_POINT('',#935);
#935=CARTESIAN_POINT('',(4.25,0.5,0.3));
#936=LINE('',#716,#808);
#937=ORIENTED_EDGE('',*,*,#938,.T.);
#938=EDGE_CURVE('',#934,#939,#941,.T.);
#939=VERTEX_POINT('',#940);
#940=CARTESIAN_POINT('',(4.25,-0.5,0.3));
#941=LINE('',#935,#36);
#942=ORIENTED_EDGE('',*,*,#943,.T.);
#943=EDGE_CURVE('',#939,#267,#944,.T.);
#944=LINE('',#940,#818);
#945=PLANE('',#946);
#946=AXIS2_PLACEMENT_3D('',#947,#14,#84);
#947=CARTESIAN_POINT('',(4.25,-0.515451356496,0.330008245993));
#948=ADVANCED_FACE('',(#949),#960,.F.);
#949=FACE_BOUND('',#950,.F.);
#950=EDGE_LOOP('',(#951,#942,#956,#957));
#951=ORIENTED_EDGE('',*,*,#952,.T.);
#952=EDGE_CURVE('',#953,#939,#955,.T.);
#953=VERTEX_POINT('',#954);
#954=CARTESIAN_POINT('',(5.75,-0.5,0.3));
#955=LINE('',#954,#28);
#956=ORIENTED_EDGE('',*,*,#266,.F.);
#957=ORIENTED_EDGE('',*,*,#958,.F.);
#958=EDGE_CURVE('',#953,#262,#959,.T.);
#959=LINE('',#954,#818);
#960=PLANE('',#961);
#961=AXIS2_PLACEMENT_3D('',#954,#837,#819);
#962=ADVANCED_FACE('',(#963),#979,.F.);
#963=FACE_BOUND('',#964,.F.);
#964=EDGE_LOOP('',(#965,#966,#971,#974,#975,#976));
#965=ORIENTED_EDGE('',*,*,#724,.T.);
#966=ORIENTED_EDGE('',*,*,#967,.T.);
#967=EDGE_CURVE('',#720,#968,#970,.T.);
#968=VERTEX_POINT('',#969);
#969=CARTESIAN_POINT('',(5.75,0.5,0.3));
#970=LINE('',#721,#808);
#971=ORIENTED_EDGE('',*,*,#972,.T.);
#972=EDGE_CURVE('',#968,#953,#973,.T.);
#973=LINE('',#969,#36);
#974=ORIENTED_EDGE('',*,*,#958,.T.);
#975=ORIENTED_EDGE('',*,*,#261,.T.);
#976=ORIENTED_EDGE('',*,*,#977,.T.);
#977=EDGE_CURVE('',#258,#725,#978,.T.);
#978=LINE('',#259,#48);
#979=PLANE('',#980);
#980=AXIS2_PLACEMENT_3D('',#981,#14,#84);
#981=CARTESIAN_POINT('',(5.75,-0.515451356496,0.330008245993));
#982=ADVANCED_FACE('',(#983),#438,.F.);
#983=FACE_BOUND('',#984,.F.);
#984=EDGE_LOOP('',(#985,#986,#987,#988));
#985=ORIENTED_EDGE('',*,*,#729,.T.);
#986=ORIENTED_EDGE('',*,*,#977,.F.);
#987=ORIENTED_EDGE('',*,*,#257,.T.);
#988=ORIENTED_EDGE('',*,*,#989,.T.);
#989=EDGE_CURVE('',#253,#730,#990,.T.);
#990=LINE('',#254,#48);
#991=ADVANCED_FACE('',(#992),#1007,.T.);
#992=FACE_BOUND('',#993,.T.);
#993=EDGE_LOOP('',(#732,#994,#999,#1004,#251,#988));
#994=ORIENTED_EDGE('',*,*,#995,.T.);
#995=EDGE_CURVE('',#734,#996,#998,.T.);
#996=VERTEX_POINT('',#997);
#997=CARTESIAN_POINT('',(6.75,0.5,0.3));
#998=LINE('',#735,#808);
#999=ORIENTED_EDGE('',*,*,#1000,.T.);
#1000=EDGE_CURVE('',#996,#1001,#1003,.T.);
#1001=VERTEX_POINT('',#1002);
#1002=CARTESIAN_POINT('',(6.75,-0.5,0.3));
#1003=LINE('',#997,#36);
#1004=ORIENTED_EDGE('',*,*,#1005,.T.);
#1005=EDGE_CURVE('',#1001,#248,#1006,.T.);
#1006=LINE('',#1002,#818);
#1007=PLANE('',#1008);
#1008=AXIS2_PLACEMENT_3D('',#1009,#14,#84);
#1009=CARTESIAN_POINT('',(6.75,-0.515451356496,0.330008245993));
#1010=ADVANCED_FACE('',(#1011),#1022,.F.);
#1011=FACE_BOUND('',#1012,.F.);
#1012=EDGE_LOOP('',(#1013,#1004,#1018,#1019));
#1013=ORIENTED_EDGE('',*,*,#1014,.T.);
#1014=EDGE_CURVE('',#1015,#1001,#1017,.T.);
#1015=VERTEX_POINT('',#1016);
#1016=CARTESIAN_POINT('',(8.25,-0.5,0.3));
#1017=LINE('',#1016,#28);
#1018=ORIENTED_EDGE('',*,*,#247,.F.);
#1019=ORIENTED_EDGE('',*,*,#1020,.F.);
#1020=EDGE_CURVE('',#1015,#243,#1021,.T.);
#1021=LINE('',#1016,#818);
#1022=PLANE('',#1023);
#1023=AXIS2_PLACEMENT_3D('',#1016,#837,#819);
#1024=ADVANCED_FACE('',(#1025),#1041,.F.);
#1025=FACE_BOUND('',#1026,.F.);
#1026=EDGE_LOOP('',(#1027,#1028,#1033,#1036,#1037,#1038));
#1027=ORIENTED_EDGE('',*,*,#743,.T.);
#1028=ORIENTED_EDGE('',*,*,#1029,.T.);
#1029=EDGE_CURVE('',#739,#1030,#1032,.T.);
#1030=VERTEX_POINT('',#1031);
#1031=CARTESIAN_POINT('',(8.25,0.5,0.3));
#1032=LINE('',#740,#808);
#1033=ORIENTED_EDGE('',*,*,#1034,.T.);
#1034=EDGE_CURVE('',#1030,#1015,#1035,.T.);
#1035=LINE('',#1031,#36);
#1036=ORIENTED_EDGE('',*,*,#1020,.T.);
#1037=ORIENTED_EDGE('',*,*,#242,.T.);
#1038=ORIENTED_EDGE('',*,*,#1039,.T.);
#1039=EDGE_CURVE('',#239,#744,#1040,.T.);
#1040=LINE('',#240,#48);
#1041=PLANE('',#1042);
#1042=AXIS2_PLACEMENT_3D('',#1043,#14,#84);
#1043=CARTESIAN_POINT('',(8.25,-0.515451356496,0.330008245993));
#1044=ADVANCED_FACE('',(#1045),#438,.F.);
#1045=FACE_BOUND('',#1046,.F.);
#1046=EDGE_LOOP('',(#1047,#1048,#1049,#1052));
#1047=ORIENTED_EDGE('',*,*,#1039,.F.);
#1048=ORIENTED_EDGE('',*,*,#238,.T.);
#1049=ORIENTED_EDGE('',*,*,#1050,.T.);
#1050=EDGE_CURVE('',#234,#749,#1051,.T.);
#1051=LINE('',#235,#48);
#1052=ORIENTED_EDGE('',*,*,#748,.T.);
#1053=ADVANCED_FACE('',(#1054),#1069,.T.);
#1054=FACE_BOUND('',#1055,.T.);
#1055=EDGE_LOOP('',(#751,#1056,#1061,#1066,#232,#1049));
#1056=ORIENTED_EDGE('',*,*,#1057,.T.);
#1057=EDGE_CURVE('',#753,#1058,#1060,.T.);
#1058=VERTEX_POINT('',#1059);
#1059=CARTESIAN_POINT('',(9.25,0.5,0.3));
#1060=LINE('',#754,#808);
#1061=ORIENTED_EDGE('',*,*,#1062,.T.);
#1062=EDGE_CURVE('',#1058,#1063,#1065,.T.);
#1063=VERTEX_POINT('',#1064);
#1064=CARTESIAN_POINT('',(9.25,-0.5,0.3));
#1065=LINE('',#1059,#36);
#1066=ORIENTED_EDGE('',*,*,#1067,.T.);
#1067=EDGE_CURVE('',#1063,#229,#1068,.T.);
#1068=LINE('',#1064,#818);
#1069=PLANE('',#1070);
#1070=AXIS2_PLACEMENT_3D('',#1071,#14,#84);
#1071=CARTESIAN_POINT('',(9.25,-0.515451356496,0.330008245993));
#1072=ADVANCED_FACE('',(#1073),#1084,.F.);
#1073=FACE_BOUND('',#1074,.F.);
#1074=EDGE_LOOP('',(#1075,#1066,#1080,#1081));
#1075=ORIENTED_EDGE('',*,*,#1076,.T.);
#1076=EDGE_CURVE('',#1077,#1063,#1079,.T.);
#1077=VERTEX_POINT('',#1078);
#1078=CARTESIAN_POINT('',(10.75,-0.5,0.3));
#1079=LINE('',#1078,#28);
#1080=ORIENTED_EDGE('',*,*,#228,.F.);
#1081=ORIENTED_EDGE('',*,*,#1082,.F.);
#1082=EDGE_CURVE('',#1077,#224,#1083,.T.);
#1083=LINE('',#1078,#818);
#1084=PLANE('',#1085);
#1085=AXIS2_PLACEMENT_3D('',#1078,#837,#819);
#1086=ADVANCED_FACE('',(#1087),#1103,.F.);
#1087=FACE_BOUND('',#1088,.F.);
#1088=EDGE_LOOP('',(#1089,#1090,#1095,#1098,#1099,#1100));
#1089=ORIENTED_EDGE('',*,*,#762,.T.);
#1090=ORIENTED_EDGE('',*,*,#1091,.T.);
#1091=EDGE_CURVE('',#758,#1092,#1094,.T.);
#1092=VERTEX_POINT('',#1093);
#1093=CARTESIAN_POINT('',(10.75,0.5,0.3));
#1094=LINE('',#759,#808);
#1095=ORIENTED_EDGE('',*,*,#1096,.T.);
#1096=EDGE_CURVE('',#1092,#1077,#1097,.T.);
#1097=LINE('',#1093,#36);
#1098=ORIENTED_EDGE('',*,*,#1082,.T.);
#1099=ORIENTED_EDGE('',*,*,#223,.T.);
#1100=ORIENTED_EDGE('',*,*,#1101,.T.);
#1101=EDGE_CURVE('',#220,#763,#1102,.T.);
#1102=LINE('',#221,#48);
#1103=PLANE('',#1104);
#1104=AXIS2_PLACEMENT_3D('',#1105,#14,#84);
#1105=CARTESIAN_POINT('',(10.75,-0.515451356496,0.330008245993));
#1106=ADVANCED_FACE('',(#1107),#438,.F.);
#1107=FACE_BOUND('',#1108,.F.);
#1108=EDGE_LOOP('',(#1109,#1110,#1113,#1114));
#1109=ORIENTED_EDGE('',*,*,#219,.T.);
#1110=ORIENTED_EDGE('',*,*,#1111,.T.);
#1111=EDGE_CURVE('',#215,#768,#1112,.T.);
#1112=LINE('',#216,#48);
#1113=ORIENTED_EDGE('',*,*,#767,.T.);
#1114=ORIENTED_EDGE('',*,*,#1101,.F.);
#1115=ADVANCED_FACE('',(#1116),#1131,.T.);
#1116=FACE_BOUND('',#1117,.T.);
#1117=EDGE_LOOP('',(#770,#1118,#1123,#1128,#213,#1110));
#1118=ORIENTED_EDGE('',*,*,#1119,.T.);
#1119=EDGE_CURVE('',#772,#1120,#1122,.T.);
#1120=VERTEX_POINT('',#1121);
#1121=CARTESIAN_POINT('',(11.75,0.5,0.3));
#1122=LINE('',#773,#808);
#1123=ORIENTED_EDGE('',*,*,#1124,.T.);
#1124=EDGE_CURVE('',#1120,#1125,#1127,.T.);
#1125=VERTEX_POINT('',#1126);
#1126=CARTESIAN_POINT('',(11.75,-0.5,0.3));
#1127=LINE('',#1121,#36);
#1128=ORIENTED_EDGE('',*,*,#1129,.T.);
#1129=EDGE_CURVE('',#1125,#210,#1130,.T.);
#1130=LINE('',#1126,#818);
#1131=PLANE('',#1132);
#1132=AXIS2_PLACEMENT_3D('',#1133,#14,#84);
#1133=CARTESIAN_POINT('',(11.75,-0.515451356496,0.330008245993));
#1134=ADVANCED_FACE('',(#1135),#1146,.F.);
#1135=FACE_BOUND('',#1136,.F.);
#1136=EDGE_LOOP('',(#1137,#1128,#1142,#1143));
#1137=ORIENTED_EDGE('',*,*,#1138,.T.);
#1138=EDGE_CURVE('',#1139,#1125,#1141,.T.);
#1139=VERTEX_POINT('',#1140);
#1140=CARTESIAN_POINT('',(13.25,-0.5,0.3));
#1141=LINE('',#1140,#28);
#1142=ORIENTED_EDGE('',*,*,#209,.F.);
#1143=ORIENTED_EDGE('',*,*,#1144,.F.);
#1144=EDGE_CURVE('',#1139,#205,#1145,.T.);
#1145=LINE('',#1140,#818);
#1146=PLANE('',#1147);
#1147=AXIS2_PLACEMENT_3D('',#1140,#837,#819);
#1148=ADVANCED_FACE('',(#1149),#1165,.F.);
#1149=FACE_BOUND('',#1150,.F.);
#1150=EDGE_LOOP('',(#1151,#1152,#1157,#1160,#1161,#1162));
#1151=ORIENTED_EDGE('',*,*,#781,.T.);
#1152=ORIENTED_EDGE('',*,*,#1153,.T.);
#1153=EDGE_CURVE('',#777,#1154,#1156,.T.);
#1154=VERTEX_POINT('',#1155);
#1155=CARTESIAN_POINT('',(13.25,0.5,0.3));
#1156=LINE('',#778,#808);
#1157=ORIENTED_EDGE('',*,*,#1158,.T.);
#1158=EDGE_CURVE('',#1154,#1139,#1159,.T.);
#1159=LINE('',#1155,#36);
#1160=ORIENTED_EDGE('',*,*,#1144,.T.);
#1161=ORIENTED_EDGE('',*,*,#204,.T.);
#1162=ORIENTED_EDGE('',*,*,#1163,.T.);
#1163=EDGE_CURVE('',#201,#584,#1164,.T.);
#1164=LINE('',#202,#48);
#1165=PLANE('',#1166);
#1166=AXIS2_PLACEMENT_3D('',#1167,#14,#84);
#1167=CARTESIAN_POINT('',(13.25,-0.515451356496,0.330008245993));
#1168=ADVANCED_FACE('',(#1169),#438,.F.);
#1169=FACE_BOUND('',#1170,.F.);
#1170=EDGE_LOOP('',(#1171,#1172,#1173,#1174));
#1171=ORIENTED_EDGE('',*,*,#335,.T.);
#1172=ORIENTED_EDGE('',*,*,#583,.T.);
#1173=ORIENTED_EDGE('',*,*,#1163,.F.);
#1174=ORIENTED_EDGE('',*,*,#200,.T.);
#1175=ADVANCED_FACE('',(#1176),#1193,.F.);
#1176=FACE_BOUND('',#1177,.F.);
#1177=EDGE_LOOP('',(#378,#325,#1178,#1179,#556,#1182,#1189));
#1178=ORIENTED_EDGE('',*,*,#795,.T.);
#1179=ORIENTED_EDGE('',*,*,#1180,.T.);
#1180=EDGE_CURVE('',#791,#553,#1181,.T.);
#1181=LINE('',#792,#48);
#1182=ORIENTED_EDGE('',*,*,#1183,.F.);
#1183=EDGE_CURVE('',#1184,#558,#1186,.T.);
#1184=VERTEX_POINT('',#1185);
#1185=CARTESIAN_POINT('',(14.1,1.,3.65));
#1186=CIRCLE('',#1187,0.5);
#1187=AXIS2_PLACEMENT_3D('',#1188,#14,#49);
#1188=CARTESIAN_POINT('',(14.1,1.,4.15));
#1189=ORIENTED_EDGE('',*,*,#1190,.T.);
#1190=EDGE_CURVE('',#1184,#376,#1191,.T.);
#1191=LINE('',#1192,#36);
#1192=CARTESIAN_POINT('',(14.1,-0.825,3.65));
#1193=PLANE('',#1194);
#1194=AXIS2_PLACEMENT_3D('',#797,#14,#49);
#1195=ADVANCED_FACE('',(#1196),#69,.T.);
#1196=FACE_BOUND('',#1197,.T.);
#1197=EDGE_LOOP('',(#1198,#361,#587,#1199));
#1198=ORIENTED_EDGE('',*,*,#454,.F.);
#1199=ORIENTED_EDGE('',*,*,#1200,.T.);
#1200=EDGE_CURVE('',#589,#455,#1201,.T.);
#1201=LINE('',#590,#36);
#1202=ADVANCED_FACE('',(#1203),#448,.F.);
#1203=FACE_BOUND('',#1204,.T.);
#1204=EDGE_LOOP('',(#349,#1205,#1182,#1206));
#1205=ORIENTED_EDGE('',*,*,#563,.T.);
#1206=ORIENTED_EDGE('',*,*,#1207,.F.);
#1207=EDGE_CURVE('',#346,#1184,#421,.T.);
#1208=ADVANCED_FACE('',(#1209),#423,.T.);
#1209=FACE_BOUND('',#1210,.T.);
#1210=EDGE_LOOP('',(#344,#1211,#1189,#1212));
#1211=ORIENTED_EDGE('',*,*,#1207,.T.);
#1212=ORIENTED_EDGE('',*,*,#375,.F.);
#1213=ADVANCED_FACE('',(#1214,#1217,#1243,#1269,#1295,#1321,#1347),#1373,.T.);
#1214=FACE_BOUND('',#1215,.T.);
#1215=EDGE_LOOP('',(#1216,#405,#789,#1179));
#1216=ORIENTED_EDGE('',*,*,#552,.T.);
#1217=FACE_BOUND('',#1218,.T.);
#1218=EDGE_LOOP('',(#1219,#1227,#1233,#1239));
#1219=ORIENTED_EDGE('',*,*,#1220,.F.);
#1220=EDGE_CURVE('',#1221,#1223,#1225,.T.);
#1221=VERTEX_POINT('',#1222);
#1222=CARTESIAN_POINT('',(9.68,0.32,1.85));
#1223=VERTEX_POINT('',#1224);
#1224=CARTESIAN_POINT('',(9.68,-0.32,1.85));
#1225=LINE('',#1226,#36);
#1226=CARTESIAN_POINT('',(9.68,-0.2875,1.85));
#1227=ORIENTED_EDGE('',*,*,#1228,.T.);
#1228=EDGE_CURVE('',#1221,#1229,#1231,.T.);
#1229=VERTEX_POINT('',#1230);
#1230=CARTESIAN_POINT('',(10.32,0.32,1.85));
#1231=LINE('',#1232,#43);
#1232=CARTESIAN_POINT('',(8.285,0.32,1.85));
#1233=ORIENTED_EDGE('',*,*,#1234,.T.);
#1234=EDGE_CURVE('',#1229,#1235,#1237,.T.);
#1235=VERTEX_POINT('',#1236);
#1236=CARTESIAN_POINT('',(10.32,-0.32,1.85));
#1237=LINE('',#1238,#36);
#1238=CARTESIAN_POINT('',(10.32,-0.2875,1.85));
#1239=ORIENTED_EDGE('',*,*,#1240,.T.);
#1240=EDGE_CURVE('',#1235,#1223,#1241,.T.);
#1241=LINE('',#1242,#28);
#1242=CARTESIAN_POINT('',(8.285,-0.32,1.85));
#1243=FACE_BOUND('',#1244,.T.);
#1244=EDGE_LOOP('',(#1245,#1253,#1259,#1265));
#1245=ORIENTED_EDGE('',*,*,#1246,.F.);
#1246=EDGE_CURVE('',#1247,#1249,#1251,.T.);
#1247=VERTEX_POINT('',#1248);
#1248=CARTESIAN_POINT('',(7.18,0.32,1.85));
#1249=VERTEX_POINT('',#1250);
#1250=CARTESIAN_POINT('',(7.18,-0.32,1.85));
#1251=LINE('',#1252,#36);
#1252=CARTESIAN_POINT('',(7.18,-0.2875,1.85));
#1253=ORIENTED_EDGE('',*,*,#1254,.T.);
#1254=EDGE_CURVE('',#1247,#1255,#1257,.T.);
#1255=VERTEX_POINT('',#1256);
#1256=CARTESIAN_POINT('',(7.82,0.32,1.85));
#1257=LINE('',#1258,#43);
#1258=CARTESIAN_POINT('',(7.035,0.32,1.85));
#1259=ORIENTED_EDGE('',*,*,#1260,.T.);
#1260=EDGE_CURVE('',#1255,#1261,#1263,.T.);
#1261=VERTEX_POINT('',#1262);
#1262=CARTESIAN_POINT('',(7.82,-0.32,1.85));
#1263=LINE('',#1264,#36);
#1264=CARTESIAN_POINT('',(7.82,-0.2875,1.85));
#1265=ORIENTED_EDGE('',*,*,#1266,.T.);
#1266=EDGE_CURVE('',#1261,#1249,#1267,.T.);
#1267=LINE('',#1268,#28);
#1268=CARTESIAN_POINT('',(7.035,-0.32,1.85));
#1269=FACE_BOUND('',#1270,.T.);
#1270=EDGE_LOOP('',(#1271,#1279,#1285,#1291));
#1271=ORIENTED_EDGE('',*,*,#1272,.F.);
#1272=EDGE_CURVE('',#1273,#1275,#1277,.T.);
#1273=VERTEX_POINT('',#1274);
#1274=CARTESIAN_POINT('',(4.68,0.32,1.85));
#1275=VERTEX_POINT('',#1276);
#1276=CARTESIAN_POINT('',(4.68,-0.32,1.85));
#1277=LINE('',#1278,#36);
#1278=CARTESIAN_POINT('',(4.68,-0.2875,1.85));
#1279=ORIENTED_EDGE('',*,*,#1280,.T.);
#1280=EDGE_CURVE('',#1273,#1281,#1283,.T.);
#1281=VERTEX_POINT('',#1282);
#1282=CARTESIAN_POINT('',(5.32,0.32,1.85));
#1283=LINE('',#1284,#43);
#1284=CARTESIAN_POINT('',(5.785,0.32,1.85));
#1285=ORIENTED_EDGE('',*,*,#1286,.T.);
#1286=EDGE_CURVE('',#1281,#1287,#1289,.T.);
#1287=VERTEX_POINT('',#1288);
#1288=CARTESIAN_POINT('',(5.32,-0.32,1.85));
#1289=LINE('',#1290,#36);
#1290=CARTESIAN_POINT('',(5.32,-0.2875,1.85));
#1291=ORIENTED_EDGE('',*,*,#1292,.T.);
#1292=EDGE_CURVE('',#1287,#1275,#1293,.T.);
#1293=LINE('',#1294,#28);
#1294=CARTESIAN_POINT('',(5.785,-0.32,1.85));
#1295=FACE_BOUND('',#1296,.T.);
#1296=EDGE_LOOP('',(#1297,#1305,#1311,#1317));
#1297=ORIENTED_EDGE('',*,*,#1298,.T.);
#1298=EDGE_CURVE('',#1299,#1301,#1303,.T.);
#1299=VERTEX_POINT('',#1300);
#1300=CARTESIAN_POINT('',(12.18,0.32,1.85));
#1301=VERTEX_POINT('',#1302);
#1302=CARTESIAN_POINT('',(12.82,0.32,1.85));
#1303=LINE('',#1304,#43);
#1304=CARTESIAN_POINT('',(9.535,0.32,1.85));
#1305=ORIENTED_EDGE('',*,*,#1306,.T.);
#1306=EDGE_CURVE('',#1301,#1307,#1309,.T.);
#1307=VERTEX_POINT('',#1308);
#1308=CARTESIAN_POINT('',(12.82,-0.32,1.85));
#1309=LINE('',#1310,#36);
#1310=CARTESIAN_POINT('',(12.82,-0.26920299558,1.85));
#1311=ORIENTED_EDGE('',*,*,#1312,.T.);
#1312=EDGE_CURVE('',#1307,#1313,#1315,.T.);
#1313=VERTEX_POINT('',#1314);
#1314=CARTESIAN_POINT('',(12.18,-0.32,1.85));
#1315=LINE('',#1316,#28);
#1316=CARTESIAN_POINT('',(9.535,-0.32,1.85));
#1317=ORIENTED_EDGE('',*,*,#1318,.F.);
#1318=EDGE_CURVE('',#1299,#1313,#1319,.T.);
#1319=LINE('',#1320,#36);
#1320=CARTESIAN_POINT('',(12.18,-0.26920299558,1.85));
#1321=FACE_BOUND('',#1322,.T.);
#1322=EDGE_LOOP('',(#1323,#1331,#1337,#1343));
#1323=ORIENTED_EDGE('',*,*,#1324,.T.);
#1324=EDGE_CURVE('',#1325,#1327,#1329,.T.);
#1325=VERTEX_POINT('',#1326);
#1326=CARTESIAN_POINT('',(2.82,0.32,1.85));
#1327=VERTEX_POINT('',#1328);
#1328=CARTESIAN_POINT('',(2.82,-0.32,1.85));
#1329=LINE('',#1330,#36);
#1330=CARTESIAN_POINT('',(2.82,-0.2875,1.85));
#1331=ORIENTED_EDGE('',*,*,#1332,.T.);
#1332=EDGE_CURVE('',#1327,#1333,#1335,.T.);
#1333=VERTEX_POINT('',#1334);
#1334=CARTESIAN_POINT('',(2.18,-0.32,1.85));
#1335=LINE('',#1336,#28);
#1336=CARTESIAN_POINT('',(4.535,-0.32,1.85));
#1337=ORIENTED_EDGE('',*,*,#1338,.F.);
#1338=EDGE_CURVE('',#1339,#1333,#1341,.T.);
#1339=VERTEX_POINT('',#1340);
#1340=CARTESIAN_POINT('',(2.18,0.32,1.85));
#1341=LINE('',#1342,#36);
#1342=CARTESIAN_POINT('',(2.18,-0.2875,1.85));
#1343=ORIENTED_EDGE('',*,*,#1344,.T.);
#1344=EDGE_CURVE('',#1339,#1325,#1345,.T.);
#1345=LINE('',#1346,#43);
#1346=CARTESIAN_POINT('',(4.535,0.32,1.85));
#1347=FACE_BOUND('',#1348,.T.);
#1348=EDGE_LOOP('',(#1349,#1357,#1363,#1369));
#1349=ORIENTED_EDGE('',*,*,#1350,.F.);
#1350=EDGE_CURVE('',#1351,#1353,#1355,.T.);
#1351=VERTEX_POINT('',#1352);
#1352=CARTESIAN_POINT('',(-0.32,0.32,1.85));
#1353=VERTEX_POINT('',#1354);
#1354=CARTESIAN_POINT('',(-0.32,-0.32,1.85));
#1355=LINE('',#1356,#36);
#1356=CARTESIAN_POINT('',(-0.32,-0.26920299558,1.85));
#1357=ORIENTED_EDGE('',*,*,#1358,.T.);
#1358=EDGE_CURVE('',#1351,#1359,#1361,.T.);
#1359=VERTEX_POINT('',#1360);
#1360=CARTESIAN_POINT('',(0.32,0.32,1.85));
#1361=LINE('',#1362,#43);
#1362=CARTESIAN_POINT('',(3.285,0.32,1.85));
#1363=ORIENTED_EDGE('',*,*,#1364,.T.);
#1364=EDGE_CURVE('',#1359,#1365,#1367,.T.);
#1365=VERTEX_POINT('',#1366);
#1366=CARTESIAN_POINT('',(0.32,-0.32,1.85));
#1367=LINE('',#1368,#36);
#1368=CARTESIAN_POINT('',(0.32,-0.26920299558,1.85));
#1369=ORIENTED_EDGE('',*,*,#1370,.T.);
#1370=EDGE_CURVE('',#1365,#1353,#1371,.T.);
#1371=LINE('',#1372,#28);
#1372=CARTESIAN_POINT('',(3.285,-0.32,1.85));
#1373=PLANE('',#1374);
#1374=AXIS2_PLACEMENT_3D('',#1375,#13,#29);
#1375=CARTESIAN_POINT('',(6.25,-0.575,1.85));
#1376=ADVANCED_FACE('',(#1377),#1383,.F.);
#1377=FACE_BOUND('',#1378,.F.);
#1378=EDGE_LOOP('',(#1379,#1380,#542,#571));
#1379=ORIENTED_EDGE('',*,*,#671,.F.);
#1380=ORIENTED_EDGE('',*,*,#1381,.T.);
#1381=EDGE_CURVE('',#667,#538,#1382,.T.);
#1382=LINE('',#668,#36);
#1383=PLANE('',#1384);
#1384=AXIS2_PLACEMENT_3D('',#668,#29,#13);
#1385=ADVANCED_FACE('',(#1386),#1393,.F.);
#1386=FACE_BOUND('',#1387,.F.);
#1387=EDGE_LOOP('',(#1388,#1389,#536,#1392));
#1388=ORIENTED_EDGE('',*,*,#666,.F.);
#1389=ORIENTED_EDGE('',*,*,#1390,.T.);
#1390=EDGE_CURVE('',#662,#532,#1391,.T.);
#1391=LINE('',#663,#36);
#1392=ORIENTED_EDGE('',*,*,#1381,.F.);
#1393=PLANE('',#1394);
#1394=AXIS2_PLACEMENT_3D('',#663,#124,#609);
#1395=ADVANCED_FACE('',(#1396),#1403,.F.);
#1396=FACE_BOUND('',#1397,.F.);
#1397=EDGE_LOOP('',(#1398,#1399,#530,#1402));
#1398=ORIENTED_EDGE('',*,*,#661,.F.);
#1399=ORIENTED_EDGE('',*,*,#1400,.T.);
#1400=EDGE_CURVE('',#656,#526,#1401,.T.);
#1401=LINE('',#657,#36);
#1402=ORIENTED_EDGE('',*,*,#1390,.F.);
#1403=PLANE('',#1404);
#1404=AXIS2_PLACEMENT_3D('',#657,#609,#602);
#1405=ADVANCED_FACE('',(#1406),#1413,.F.);
#1406=FACE_BOUND('',#1407,.F.);
#1407=EDGE_LOOP('',(#1408,#1409,#524,#1412));
#1408=ORIENTED_EDGE('',*,*,#655,.F.);
#1409=ORIENTED_EDGE('',*,*,#1410,.T.);
#1410=EDGE_CURVE('',#649,#519,#1411,.T.);
#1411=LINE('',#650,#36);
#1412=ORIENTED_EDGE('',*,*,#1400,.F.);
#1413=PLANE('',#1414);
#1414=AXIS2_PLACEMENT_3D('',#659,#29,#13);
#1415=ADVANCED_FACE('',(#1416),#1422,.F.);
#1416=FACE_BOUND('',#1417,.T.);
#1417=EDGE_LOOP('',(#1418,#647,#1409,#1421));
#1418=ORIENTED_EDGE('',*,*,#1419,.F.);
#1419=EDGE_CURVE('',#644,#513,#1420,.T.);
#1420=LINE('',#645,#36);
#1421=ORIENTED_EDGE('',*,*,#518,.T.);
#1422=CYLINDRICAL_SURFACE('',#1423,0.75);
#1423=AXIS2_PLACEMENT_3D('',#653,#37,#84);
#1424=ADVANCED_FACE('',(#1425),#1431,.F.);
#1425=FACE_BOUND('',#1426,.F.);
#1426=EDGE_LOOP('',(#1418,#1427,#1428,#511));
#1427=ORIENTED_EDGE('',*,*,#643,.F.);
#1428=ORIENTED_EDGE('',*,*,#1429,.T.);
#1429=EDGE_CURVE('',#639,#507,#1430,.T.);
#1430=LINE('',#640,#36);
#1431=PLANE('',#1432);
#1432=AXIS2_PLACEMENT_3D('',#640,#84,#29);
#1433=ADVANCED_FACE('',(#1434),#1441,.F.);
#1434=FACE_BOUND('',#1435,.F.);
#1435=EDGE_LOOP('',(#1436,#1437,#505,#1440));
#1436=ORIENTED_EDGE('',*,*,#638,.F.);
#1437=ORIENTED_EDGE('',*,*,#1438,.T.);
#1438=EDGE_CURVE('',#635,#503,#1439,.T.);
#1439=LINE('',#636,#36);
#1440=ORIENTED_EDGE('',*,*,#1429,.F.);
#1441=PLANE('',#1442);
#1442=AXIS2_PLACEMENT_3D('',#636,#14,#84);
#1443=ADVANCED_FACE('',(#1444),#69,.T.);
#1444=FACE_BOUND('',#1445,.T.);
#1445=EDGE_LOOP('',(#1446,#1447,#633,#1437));
#1446=ORIENTED_EDGE('',*,*,#502,.F.);
#1447=ORIENTED_EDGE('',*,*,#1448,.F.);
#1448=EDGE_CURVE('',#630,#497,#1449,.T.);
#1449=LINE('',#631,#36);
#1450=ADVANCED_FACE('',(#1451),#1458,.T.);
#1451=FACE_BOUND('',#1452,.T.);
#1452=EDGE_LOOP('',(#628,#1453,#1454,#1455));
#1453=ORIENTED_EDGE('',*,*,#1448,.T.);
#1454=ORIENTED_EDGE('',*,*,#496,.F.);
#1455=ORIENTED_EDGE('',*,*,#1456,.F.);
#1456=EDGE_CURVE('',#625,#491,#1457,.T.);
#1457=LINE('',#626,#36);
#1458=PLANE('',#1459);
#1459=AXIS2_PLACEMENT_3D('',#631,#14,#84);
#1460=ADVANCED_FACE('',(#1461),#1468,.T.);
#1461=FACE_BOUND('',#1462,.T.);
#1462=EDGE_LOOP('',(#1463,#623,#1466,#1467));
#1463=ORIENTED_EDGE('',*,*,#1464,.F.);
#1464=EDGE_CURVE('',#618,#484,#1465,.T.);
#1465=LINE('',#619,#36);
#1466=ORIENTED_EDGE('',*,*,#1456,.T.);
#1467=ORIENTED_EDGE('',*,*,#490,.F.);
#1468=PLANE('',#1469);
#1469=AXIS2_PLACEMENT_3D('',#626,#13,#14);
#1470=ADVANCED_FACE('',(#1471),#1477,.F.);
#1471=FACE_BOUND('',#1472,.F.);
#1472=EDGE_LOOP('',(#1463,#1473,#1474,#482));
#1473=ORIENTED_EDGE('',*,*,#617,.T.);
#1474=ORIENTED_EDGE('',*,*,#1475,.T.);
#1475=EDGE_CURVE('',#612,#478,#1476,.T.);
#1476=LINE('',#613,#36);
#1477=CYLINDRICAL_SURFACE('',#1478,0.75);
#1478=AXIS2_PLACEMENT_3D('',#622,#37,#84);
#1479=ADVANCED_FACE('',(#1480),#1486,.T.);
#1480=FACE_BOUND('',#1481,.T.);
#1481=EDGE_LOOP('',(#610,#1474,#1482,#1483));
#1482=ORIENTED_EDGE('',*,*,#477,.F.);
#1483=ORIENTED_EDGE('',*,*,#1484,.F.);
#1484=EDGE_CURVE('',#605,#472,#1485,.T.);
#1485=LINE('',#606,#36);
#1486=PLANE('',#1487);
#1487=AXIS2_PLACEMENT_3D('',#615,#29,#13);
#1488=ADVANCED_FACE('',(#1489),#1496,.T.);
#1489=FACE_BOUND('',#1490,.T.);
#1490=EDGE_LOOP('',(#603,#1491,#1492,#1493));
#1491=ORIENTED_EDGE('',*,*,#1484,.T.);
#1492=ORIENTED_EDGE('',*,*,#471,.F.);
#1493=ORIENTED_EDGE('',*,*,#1494,.F.);
#1494=EDGE_CURVE('',#598,#466,#1495,.T.);
#1495=LINE('',#599,#36);
#1496=PLANE('',#1497);
#1497=AXIS2_PLACEMENT_3D('',#606,#124,#609);
#1498=ADVANCED_FACE('',(#1499),#1506,.T.);
#1499=FACE_BOUND('',#1500,.T.);
#1500=EDGE_LOOP('',(#596,#1501,#1502,#1503));
#1501=ORIENTED_EDGE('',*,*,#1494,.T.);
#1502=ORIENTED_EDGE('',*,*,#465,.F.);
#1503=ORIENTED_EDGE('',*,*,#1504,.F.);
#1504=EDGE_CURVE('',#593,#460,#1505,.T.);
#1505=LINE('',#594,#36);
#1506=PLANE('',#1507);
#1507=AXIS2_PLACEMENT_3D('',#599,#609,#602);
#1508=ADVANCED_FACE('',(#1509),#1514,.T.);
#1509=FACE_BOUND('',#1510,.T.);
#1510=EDGE_LOOP('',(#591,#1511,#1512,#1513));
#1511=ORIENTED_EDGE('',*,*,#1504,.T.);
#1512=ORIENTED_EDGE('',*,*,#459,.F.);
#1513=ORIENTED_EDGE('',*,*,#1200,.F.);
#1514=PLANE('',#1515);
#1515=AXIS2_PLACEMENT_3D('',#594,#29,#13);
#1516=ADVANCED_FACE('',(#1517),#1524,.F.);
#1517=FACE_BOUND('',#1518,.F.);
#1518=EDGE_LOOP('',(#1519,#1118,#1520,#1523));
#1519=ORIENTED_EDGE('',*,*,#776,.T.);
#1520=ORIENTED_EDGE('',*,*,#1521,.F.);
#1521=EDGE_CURVE('',#1154,#1120,#1522,.T.);
#1522=LINE('',#1155,#28);
#1523=ORIENTED_EDGE('',*,*,#1153,.F.);
#1524=PLANE('',#1525);
#1525=AXIS2_PLACEMENT_3D('',#778,#1526,#809);
#1526=DIRECTION('',(-4.333928243439E-17,-0.353892097416,0.935286257456));
#1527=ADVANCED_FACE('',(#1528),#1535,.F.);
#1528=FACE_BOUND('',#1529,.F.);
#1529=EDGE_LOOP('',(#1530,#1056,#1531,#1534));
#1530=ORIENTED_EDGE('',*,*,#757,.T.);
#1531=ORIENTED_EDGE('',*,*,#1532,.F.);
#1532=EDGE_CURVE('',#1092,#1058,#1533,.T.);
#1533=LINE('',#1093,#28);
#1534=ORIENTED_EDGE('',*,*,#1091,.F.);
#1535=PLANE('',#1536);
#1536=AXIS2_PLACEMENT_3D('',#759,#1526,#809);
#1537=ADVANCED_FACE('',(#1538),#1545,.F.);
#1538=FACE_BOUND('',#1539,.F.);
#1539=EDGE_LOOP('',(#1540,#994,#1541,#1544));
#1540=ORIENTED_EDGE('',*,*,#738,.T.);
#1541=ORIENTED_EDGE('',*,*,#1542,.F.);
#1542=EDGE_CURVE('',#1030,#996,#1543,.T.);
#1543=LINE('',#1031,#28);
#1544=ORIENTED_EDGE('',*,*,#1029,.F.);
#1545=PLANE('',#1546);
#1546=AXIS2_PLACEMENT_3D('',#740,#1526,#809);
#1547=ADVANCED_FACE('',(#1548),#1555,.F.);
#1548=FACE_BOUND('',#1549,.F.);
#1549=EDGE_LOOP('',(#1550,#932,#1551,#1554));
#1550=ORIENTED_EDGE('',*,*,#719,.T.);
#1551=ORIENTED_EDGE('',*,*,#1552,.F.);
#1552=EDGE_CURVE('',#968,#934,#1553,.T.);
#1553=LINE('',#969,#28);
#1554=ORIENTED_EDGE('',*,*,#967,.F.);
#1555=PLANE('',#1556);
#1556=AXIS2_PLACEMENT_3D('',#721,#1526,#809);
#1557=ADVANCED_FACE('',(#1558),#1565,.F.);
#1558=FACE_BOUND('',#1559,.F.);
#1559=EDGE_LOOP('',(#1560,#870,#1561,#1564));
#1560=ORIENTED_EDGE('',*,*,#700,.T.);
#1561=ORIENTED_EDGE('',*,*,#1562,.F.);
#1562=EDGE_CURVE('',#906,#872,#1563,.T.);
#1563=LINE('',#907,#28);
#1564=ORIENTED_EDGE('',*,*,#905,.F.);
#1565=PLANE('',#1566);
#1566=AXIS2_PLACEMENT_3D('',#702,#1526,#809);
#1567=ADVANCED_FACE('',(#1568),#1575,.F.);
#1568=FACE_BOUND('',#1569,.F.);
#1569=EDGE_LOOP('',(#1570,#803,#1571,#1574));
#1570=ORIENTED_EDGE('',*,*,#681,.T.);
#1571=ORIENTED_EDGE('',*,*,#1572,.F.);
#1572=EDGE_CURVE('',#844,#805,#1573,.T.);
#1573=LINE('',#845,#28);
#1574=ORIENTED_EDGE('',*,*,#843,.F.);
#1575=PLANE('',#1576);
#1576=AXIS2_PLACEMENT_3D('',#683,#1526,#809);
#1577=ADVANCED_FACE('',(#1578,#1583),#1609,.F.);
#1578=FACE_BOUND('',#1579,.F.);
#1579=EDGE_LOOP('',(#1580,#810,#1581,#1582));
#1580=ORIENTED_EDGE('',*,*,#1572,.T.);
#1581=ORIENTED_EDGE('',*,*,#827,.F.);
#1582=ORIENTED_EDGE('',*,*,#848,.F.);
#1583=FACE_BOUND('',#1584,.F.);
#1584=EDGE_LOOP('',(#1585,#1593,#1599,#1605));
#1585=ORIENTED_EDGE('',*,*,#1586,.F.);
#1586=EDGE_CURVE('',#1587,#1589,#1591,.T.);
#1587=VERTEX_POINT('',#1588);
#1588=CARTESIAN_POINT('',(-0.32,0.32,0.3));
#1589=VERTEX_POINT('',#1590);
#1590=CARTESIAN_POINT('',(-0.32,-0.32,0.3));
#1591=LINE('',#1592,#36);
#1592=CARTESIAN_POINT('',(-0.32,0.26829700442,0.3));
#1593=ORIENTED_EDGE('',*,*,#1594,.T.);
#1594=EDGE_CURVE('',#1587,#1595,#1597,.T.);
#1595=VERTEX_POINT('',#1596);
#1596=CARTESIAN_POINT('',(0.32,0.32,0.3));
#1597=LINE('',#1598,#43);
#1598=CARTESIAN_POINT('',(0.535,0.32,0.3));
#1599=ORIENTED_EDGE('',*,*,#1600,.T.);
#1600=EDGE_CURVE('',#1595,#1601,#1603,.T.);
#1601=VERTEX_POINT('',#1602);
#1602=CARTESIAN_POINT('',(0.32,-0.32,0.3));
#1603=LINE('',#1604,#36);
#1604=CARTESIAN_POINT('',(0.32,0.26829700442,0.3));
#1605=ORIENTED_EDGE('',*,*,#1606,.T.);
#1606=EDGE_CURVE('',#1601,#1589,#1607,.T.);
#1607=LINE('',#1608,#28);
#1608=CARTESIAN_POINT('',(0.535,-0.32,0.3));
#1609=PLANE('',#1610);
#1610=AXIS2_PLACEMENT_3D('',#845,#13,#37);
#1611=ADVANCED_FACE('',(#1612,#1617),#1643,.F.);
#1612=FACE_BOUND('',#1613,.F.);
#1613=EDGE_LOOP('',(#1614,#875,#1615,#1616));
#1614=ORIENTED_EDGE('',*,*,#1562,.T.);
#1615=ORIENTED_EDGE('',*,*,#890,.F.);
#1616=ORIENTED_EDGE('',*,*,#910,.F.);
#1617=FACE_BOUND('',#1618,.F.);
#1618=EDGE_LOOP('',(#1619,#1627,#1633,#1639));
#1619=ORIENTED_EDGE('',*,*,#1620,.T.);
#1620=EDGE_CURVE('',#1621,#1623,#1625,.T.);
#1621=VERTEX_POINT('',#1622);
#1622=CARTESIAN_POINT('',(2.82,0.32,0.3));
#1623=VERTEX_POINT('',#1624);
#1624=CARTESIAN_POINT('',(2.82,-0.32,0.3));
#1625=LINE('',#1626,#36);
#1626=CARTESIAN_POINT('',(2.82,0.25,0.3));
#1627=ORIENTED_EDGE('',*,*,#1628,.T.);
#1628=EDGE_CURVE('',#1623,#1629,#1631,.T.);
#1629=VERTEX_POINT('',#1630);
#1630=CARTESIAN_POINT('',(2.18,-0.32,0.3));
#1631=LINE('',#1632,#28);
#1632=CARTESIAN_POINT('',(3.035,-0.32,0.3));
#1633=ORIENTED_EDGE('',*,*,#1634,.F.);
#1634=EDGE_CURVE('',#1635,#1629,#1637,.T.);
#1635=VERTEX_POINT('',#1636);
#1636=CARTESIAN_POINT('',(2.18,0.32,0.3));
#1637=LINE('',#1638,#36);
#1638=CARTESIAN_POINT('',(2.18,0.25,0.3));
#1639=ORIENTED_EDGE('',*,*,#1640,.T.);
#1640=EDGE_CURVE('',#1635,#1621,#1641,.T.);
#1641=LINE('',#1642,#43);
#1642=CARTESIAN_POINT('',(3.035,0.32,0.3));
#1643=PLANE('',#1644);
#1644=AXIS2_PLACEMENT_3D('',#907,#13,#37);
#1645=ADVANCED_FACE('',(#1646,#1651),#1677,.F.);
#1646=FACE_BOUND('',#1647,.F.);
#1647=EDGE_LOOP('',(#1648,#937,#1649,#1650));
#1648=ORIENTED_EDGE('',*,*,#1552,.T.);
#1649=ORIENTED_EDGE('',*,*,#952,.F.);
#1650=ORIENTED_EDGE('',*,*,#972,.F.);
#1651=FACE_BOUND('',#1652,.F.);
#1652=EDGE_LOOP('',(#1653,#1661,#1667,#1673));
#1653=ORIENTED_EDGE('',*,*,#1654,.F.);
#1654=EDGE_CURVE('',#1655,#1657,#1659,.T.);
#1655=VERTEX_POINT('',#1656);
#1656=CARTESIAN_POINT('',(4.68,0.32,0.3));
#1657=VERTEX_POINT('',#1658);
#1658=CARTESIAN_POINT('',(4.68,-0.32,0.3));
#1659=LINE('',#1660,#36);
#1660=CARTESIAN_POINT('',(4.68,0.25,0.3));
#1661=ORIENTED_EDGE('',*,*,#1662,.T.);
#1662=EDGE_CURVE('',#1655,#1663,#1665,.T.);
#1663=VERTEX_POINT('',#1664);
#1664=CARTESIAN_POINT('',(5.32,0.32,0.3));
#1665=LINE('',#1666,#43);
#1666=CARTESIAN_POINT('',(5.535,0.32,0.3));
#1667=ORIENTED_EDGE('',*,*,#1668,.T.);
#1668=EDGE_CURVE('',#1663,#1669,#1671,.T.);
#1669=VERTEX_POINT('',#1670);
#1670=CARTESIAN_POINT('',(5.32,-0.32,0.3));
#1671=LINE('',#1672,#36);
#1672=CARTESIAN_POINT('',(5.32,0.25,0.3));
#1673=ORIENTED_EDGE('',*,*,#1674,.T.);
#1674=EDGE_CURVE('',#1669,#1657,#1675,.T.);
#1675=LINE('',#1676,#28);
#1676=CARTESIAN_POINT('',(5.535,-0.32,0.3));
#1677=PLANE('',#1678);
#1678=AXIS2_PLACEMENT_3D('',#969,#13,#37);
#1679=ADVANCED_FACE('',(#1680,#1685),#1711,.F.);
#1680=FACE_BOUND('',#1681,.F.);
#1681=EDGE_LOOP('',(#1682,#999,#1683,#1684));
#1682=ORIENTED_EDGE('',*,*,#1542,.T.);
#1683=ORIENTED_EDGE('',*,*,#1014,.F.);
#1684=ORIENTED_EDGE('',*,*,#1034,.F.);
#1685=FACE_BOUND('',#1686,.F.);
#1686=EDGE_LOOP('',(#1687,#1695,#1701,#1707));
#1687=ORIENTED_EDGE('',*,*,#1688,.F.);
#1688=EDGE_CURVE('',#1689,#1691,#1693,.T.);
#1689=VERTEX_POINT('',#1690);
#1690=CARTESIAN_POINT('',(7.18,0.32,0.3));
#1691=VERTEX_POINT('',#1692);
#1692=CARTESIAN_POINT('',(7.18,-0.32,0.3));
#1693=LINE('',#1694,#36);
#1694=CARTESIAN_POINT('',(7.18,0.25,0.3));
#1695=ORIENTED_EDGE('',*,*,#1696,.T.);
#1696=EDGE_CURVE('',#1689,#1697,#1699,.T.);
#1697=VERTEX_POINT('',#1698);
#1698=CARTESIAN_POINT('',(7.82,0.32,0.3));
#1699=LINE('',#1700,#43);
#1700=CARTESIAN_POINT('',(8.035,0.32,0.3));
#1701=ORIENTED_EDGE('',*,*,#1702,.T.);
#1702=EDGE_CURVE('',#1697,#1703,#1705,.T.);
#1703=VERTEX_POINT('',#1704);
#1704=CARTESIAN_POINT('',(7.82,-0.32,0.3));
#1705=LINE('',#1706,#36);
#1706=CARTESIAN_POINT('',(7.82,0.25,0.3));
#1707=ORIENTED_EDGE('',*,*,#1708,.T.);
#1708=EDGE_CURVE('',#1703,#1691,#1709,.T.);
#1709=LINE('',#1710,#28);
#1710=CARTESIAN_POINT('',(8.035,-0.32,0.3));
#1711=PLANE('',#1712);
#1712=AXIS2_PLACEMENT_3D('',#1031,#13,#37);
#1713=ADVANCED_FACE('',(#1714,#1719),#1745,.F.);
#1714=FACE_BOUND('',#1715,.F.);
#1715=EDGE_LOOP('',(#1716,#1061,#1717,#1718));
#1716=ORIENTED_EDGE('',*,*,#1532,.T.);
#1717=ORIENTED_EDGE('',*,*,#1076,.F.);
#1718=ORIENTED_EDGE('',*,*,#1096,.F.);
#1719=FACE_BOUND('',#1720,.F.);
#1720=EDGE_LOOP('',(#1721,#1729,#1735,#1741));
#1721=ORIENTED_EDGE('',*,*,#1722,.F.);
#1722=EDGE_CURVE('',#1723,#1725,#1727,.T.);
#1723=VERTEX_POINT('',#1724);
#1724=CARTESIAN_POINT('',(9.68,0.32,0.3));
#1725=VERTEX_POINT('',#1726);
#1726=CARTESIAN_POINT('',(9.68,-0.32,0.3));
#1727=LINE('',#1728,#36);
#1728=CARTESIAN_POINT('',(9.68,0.25,0.3));
#1729=ORIENTED_EDGE('',*,*,#1730,.T.);
#1730=EDGE_CURVE('',#1723,#1731,#1733,.T.);
#1731=VERTEX_POINT('',#1732);
#1732=CARTESIAN_POINT('',(10.32,0.32,0.3));
#1733=LINE('',#1734,#43);
#1734=CARTESIAN_POINT('',(10.535,0.32,0.3));
#1735=ORIENTED_EDGE('',*,*,#1736,.T.);
#1736=EDGE_CURVE('',#1731,#1737,#1739,.T.);
#1737=VERTEX_POINT('',#1738);
#1738=CARTESIAN_POINT('',(10.32,-0.32,0.3));
#1739=LINE('',#1740,#36);
#1740=CARTESIAN_POINT('',(10.32,0.25,0.3));
#1741=ORIENTED_EDGE('',*,*,#1742,.T.);
#1742=EDGE_CURVE('',#1737,#1725,#1743,.T.);
#1743=LINE('',#1744,#28);
#1744=CARTESIAN_POINT('',(10.535,-0.32,0.3));
#1745=PLANE('',#1746);
#1746=AXIS2_PLACEMENT_3D('',#1093,#13,#37);
#1747=ADVANCED_FACE('',(#1748,#1753),#1779,.F.);
#1748=FACE_BOUND('',#1749,.F.);
#1749=EDGE_LOOP('',(#1750,#1123,#1751,#1752));
#1750=ORIENTED_EDGE('',*,*,#1521,.T.);
#1751=ORIENTED_EDGE('',*,*,#1138,.F.);
#1752=ORIENTED_EDGE('',*,*,#1158,.F.);
#1753=FACE_BOUND('',#1754,.F.);
#1754=EDGE_LOOP('',(#1755,#1763,#1769,#1775));
#1755=ORIENTED_EDGE('',*,*,#1756,.T.);
#1756=EDGE_CURVE('',#1757,#1759,#1761,.T.);
#1757=VERTEX_POINT('',#1758);
#1758=CARTESIAN_POINT('',(12.18,0.32,0.3));
#1759=VERTEX_POINT('',#1760);
#1760=CARTESIAN_POINT('',(12.82,0.32,0.3));
#1761=LINE('',#1762,#43);
#1762=CARTESIAN_POINT('',(13.035,0.32,0.3));
#1763=ORIENTED_EDGE('',*,*,#1764,.T.);
#1764=EDGE_CURVE('',#1759,#1765,#1767,.T.);
#1765=VERTEX_POINT('',#1766);
#1766=CARTESIAN_POINT('',(12.82,-0.32,0.3));
#1767=LINE('',#1768,#36);
#1768=CARTESIAN_POINT('',(12.82,0.26829700442,0.3));
#1769=ORIENTED_EDGE('',*,*,#1770,.T.);
#1770=EDGE_CURVE('',#1765,#1771,#1773,.T.);
#1771=VERTEX_POINT('',#1772);
#1772=CARTESIAN_POINT('',(12.18,-0.32,0.3));
#1773=LINE('',#1774,#28);
#1774=CARTESIAN_POINT('',(13.035,-0.32,0.3));
#1775=ORIENTED_EDGE('',*,*,#1776,.F.);
#1776=EDGE_CURVE('',#1757,#1771,#1777,.T.);
#1777=LINE('',#1778,#36);
#1778=CARTESIAN_POINT('',(12.18,0.26829700442,0.3));
#1779=PLANE('',#1780);
#1780=AXIS2_PLACEMENT_3D('',#1155,#13,#37);
#1781=ADVANCED_FACE('',(#1782),#1800,.T.);
#1782=FACE_BOUND('',#1783,.T.);
#1783=EDGE_LOOP('',(#1784,#1785,#1791,#1796));
#1784=ORIENTED_EDGE('',*,*,#1220,.T.);
#1785=ORIENTED_EDGE('',*,*,#1786,.T.);
#1786=EDGE_CURVE('',#1223,#1787,#1789,.T.);
#1787=VERTEX_POINT('',#1788);
#1788=CARTESIAN_POINT('',(9.68,-0.32,6.3));
#1789=LINE('',#1790,#95);
#1790=CARTESIAN_POINT('',(9.68,-0.32,-3.4));
#1791=ORIENTED_EDGE('',*,*,#1792,.T.);
#1792=EDGE_CURVE('',#1787,#1793,#1795,.T.);
#1793=VERTEX_POINT('',#1794);
#1794=CARTESIAN_POINT('',(9.68,0.32,6.3));
#1795=LINE('',#1788,#48);
#1796=ORIENTED_EDGE('',*,*,#1797,.T.);
#1797=EDGE_CURVE('',#1793,#1221,#1798,.T.);
#1798=LINE('',#1799,#83);
#1799=CARTESIAN_POINT('',(9.68,0.32,6.5));
#1800=PLANE('',#1801);
#1801=AXIS2_PLACEMENT_3D('',#1802,#29,#13);
#1802=CARTESIAN_POINT('',(9.68,-4.200538521075E-16,1.55));
#1803=ADVANCED_FACE('',(#1804),#1815,.F.);
#1804=FACE_BOUND('',#1805,.F.);
#1805=EDGE_LOOP('',(#1806,#1239,#1785,#1812));
#1806=ORIENTED_EDGE('',*,*,#1807,.F.);
#1807=EDGE_CURVE('',#1235,#1808,#1810,.T.);
#1808=VERTEX_POINT('',#1809);
#1809=CARTESIAN_POINT('',(10.32,-0.32,6.3));
#1810=LINE('',#1811,#95);
#1811=CARTESIAN_POINT('',(10.32,-0.32,-3.4));
#1812=ORIENTED_EDGE('',*,*,#1813,.F.);
#1813=EDGE_CURVE('',#1808,#1787,#1814,.T.);
#1814=LINE('',#1809,#28);
#1815=PLANE('',#1816);
#1816=AXIS2_PLACEMENT_3D('',#1811,#49,#13);
#1817=ADVANCED_FACE('',(#1818),#1830,.F.);
#1818=FACE_BOUND('',#1819,.F.);
#1819=EDGE_LOOP('',(#1233,#1820,#1821,#1826));
#1820=ORIENTED_EDGE('',*,*,#1807,.T.);
#1821=ORIENTED_EDGE('',*,*,#1822,.T.);
#1822=EDGE_CURVE('',#1808,#1823,#1825,.T.);
#1823=VERTEX_POINT('',#1824);
#1824=CARTESIAN_POINT('',(10.32,0.32,6.3));
#1825=LINE('',#1809,#48);
#1826=ORIENTED_EDGE('',*,*,#1827,.T.);
#1827=EDGE_CURVE('',#1823,#1229,#1828,.T.);
#1828=LINE('',#1829,#83);
#1829=CARTESIAN_POINT('',(10.32,0.32,6.5));
#1830=PLANE('',#1831);
#1831=AXIS2_PLACEMENT_3D('',#1832,#29,#13);
#1832=CARTESIAN_POINT('',(10.32,-4.98431247253E-16,1.55));
#1833=ADVANCED_FACE('',(#1834),#1840,.F.);
#1834=FACE_BOUND('',#1835,.F.);
#1835=EDGE_LOOP('',(#1836,#1837,#1796,#1227));
#1836=ORIENTED_EDGE('',*,*,#1827,.F.);
#1837=ORIENTED_EDGE('',*,*,#1838,.T.);
#1838=EDGE_CURVE('',#1823,#1793,#1839,.T.);
#1839=LINE('',#1824,#28);
#1840=PLANE('',#1841);
#1841=AXIS2_PLACEMENT_3D('',#1829,#37,#84);
#1842=ADVANCED_FACE('',(#1843),#1861,.T.);
#1843=FACE_BOUND('',#1844,.T.);
#1844=EDGE_LOOP('',(#1845,#1846,#1852,#1857));
#1845=ORIENTED_EDGE('',*,*,#1246,.T.);
#1846=ORIENTED_EDGE('',*,*,#1847,.T.);
#1847=EDGE_CURVE('',#1249,#1848,#1850,.T.);
#1848=VERTEX_POINT('',#1849);
#1849=CARTESIAN_POINT('',(7.18,-0.32,6.3));
#1850=LINE('',#1851,#95);
#1851=CARTESIAN_POINT('',(7.18,-0.32,-3.4));
#1852=ORIENTED_EDGE('',*,*,#1853,.T.);
#1853=EDGE_CURVE('',#1848,#1854,#1856,.T.);
#1854=VERTEX_POINT('',#1855);
#1855=CARTESIAN_POINT('',(7.18,0.32,6.3));
#1856=LINE('',#1849,#48);
#1857=ORIENTED_EDGE('',*,*,#1858,.T.);
#1858=EDGE_CURVE('',#1854,#1247,#1859,.T.);
#1859=LINE('',#1860,#83);
#1860=CARTESIAN_POINT('',(7.18,0.32,6.5));
#1861=PLANE('',#1862);
#1862=AXIS2_PLACEMENT_3D('',#1863,#29,#13);
#1863=CARTESIAN_POINT('',(7.18,-1.138921523207E-16,1.55));
#1864=ADVANCED_FACE('',(#1865),#1876,.F.);
#1865=FACE_BOUND('',#1866,.F.);
#1866=EDGE_LOOP('',(#1867,#1265,#1846,#1873));
#1867=ORIENTED_EDGE('',*,*,#1868,.F.);
#1868=EDGE_CURVE('',#1261,#1869,#1871,.T.);
#1869=VERTEX_POINT('',#1870);
#1870=CARTESIAN_POINT('',(7.82,-0.32,6.3));
#1871=LINE('',#1872,#95);
#1872=CARTESIAN_POINT('',(7.82,-0.32,-3.4));
#1873=ORIENTED_EDGE('',*,*,#1874,.F.);
#1874=EDGE_CURVE('',#1869,#1848,#1875,.T.);
#1875=LINE('',#1870,#28);
#1876=PLANE('',#1877);
#1877=AXIS2_PLACEMENT_3D('',#1872,#49,#13);
#1878=ADVANCED_FACE('',(#1879),#1891,.F.);
#1879=FACE_BOUND('',#1880,.F.);
#1880=EDGE_LOOP('',(#1259,#1881,#1882,#1887));
#1881=ORIENTED_EDGE('',*,*,#1868,.T.);
#1882=ORIENTED_EDGE('',*,*,#1883,.T.);
#1883=EDGE_CURVE('',#1869,#1884,#1886,.T.);
#1884=VERTEX_POINT('',#1885);
#1885=CARTESIAN_POINT('',(7.82,0.32,6.3));
#1886=LINE('',#1870,#48);
#1887=ORIENTED_EDGE('',*,*,#1888,.T.);
#1888=EDGE_CURVE('',#1884,#1255,#1889,.T.);
#1889=LINE('',#1890,#83);
#1890=CARTESIAN_POINT('',(7.82,0.32,6.5));
#1891=PLANE('',#1892);
#1892=AXIS2_PLACEMENT_3D('',#1893,#29,#13);
#1893=CARTESIAN_POINT('',(7.82,-1.922695474661E-16,1.55));
#1894=ADVANCED_FACE('',(#1895),#1901,.F.);
#1895=FACE_BOUND('',#1896,.F.);
#1896=EDGE_LOOP('',(#1897,#1898,#1857,#1253));
#1897=ORIENTED_EDGE('',*,*,#1888,.F.);
#1898=ORIENTED_EDGE('',*,*,#1899,.T.);
#1899=EDGE_CURVE('',#1884,#1854,#1900,.T.);
#1900=LINE('',#1885,#28);
#1901=PLANE('',#1902);
#1902=AXIS2_PLACEMENT_3D('',#1890,#37,#84);
#1903=ADVANCED_FACE('',(#1904),#1922,.T.);
#1904=FACE_BOUND('',#1905,.T.);
#1905=EDGE_LOOP('',(#1906,#1907,#1913,#1918));
#1906=ORIENTED_EDGE('',*,*,#1272,.T.);
#1907=ORIENTED_EDGE('',*,*,#1908,.T.);
#1908=EDGE_CURVE('',#1275,#1909,#1911,.T.);
#1909=VERTEX_POINT('',#1910);
#1910=CARTESIAN_POINT('',(4.68,-0.32,6.3));
#1911=LINE('',#1912,#95);
#1912=CARTESIAN_POINT('',(4.68,-0.32,-3.4));
#1913=ORIENTED_EDGE('',*,*,#1914,.T.);
#1914=EDGE_CURVE('',#1909,#1915,#1917,.T.);
#1915=VERTEX_POINT('',#1916);
#1916=CARTESIAN_POINT('',(4.68,0.32,6.3));
#1917=LINE('',#1910,#48);
#1918=ORIENTED_EDGE('',*,*,#1919,.T.);
#1919=EDGE_CURVE('',#1915,#1273,#1920,.T.);
#1920=LINE('',#1921,#83);
#1921=CARTESIAN_POINT('',(4.68,0.32,6.5));
#1922=PLANE('',#1923);
#1923=AXIS2_PLACEMENT_3D('',#1924,#29,#13);
#1924=CARTESIAN_POINT('',(4.68,1.922695474661E-16,1.55));
#1925=ADVANCED_FACE('',(#1926),#1937,.F.);
#1926=FACE_BOUND('',#1927,.F.);
#1927=EDGE_LOOP('',(#1928,#1291,#1907,#1934));
#1928=ORIENTED_EDGE('',*,*,#1929,.F.);
#1929=EDGE_CURVE('',#1287,#1930,#1932,.T.);
#1930=VERTEX_POINT('',#1931);
#1931=CARTESIAN_POINT('',(5.32,-0.32,6.3));
#1932=LINE('',#1933,#95);
#1933=CARTESIAN_POINT('',(5.32,-0.32,-3.4));
#1934=ORIENTED_EDGE('',*,*,#1935,.F.);
#1935=EDGE_CURVE('',#1930,#1909,#1936,.T.);
#1936=LINE('',#1931,#28);
#1937=PLANE('',#1938);
#1938=AXIS2_PLACEMENT_3D('',#1933,#49,#13);
#1939=ADVANCED_FACE('',(#1940),#1952,.F.);
#1940=FACE_BOUND('',#1941,.F.);
#1941=EDGE_LOOP('',(#1285,#1942,#1943,#1948));
#1942=ORIENTED_EDGE('',*,*,#1929,.T.);
#1943=ORIENTED_EDGE('',*,*,#1944,.T.);
#1944=EDGE_CURVE('',#1930,#1945,#1947,.T.);
#1945=VERTEX_POINT('',#1946);
#1946=CARTESIAN_POINT('',(5.32,0.32,6.3));
#1947=LINE('',#1931,#48);
#1948=ORIENTED_EDGE('',*,*,#1949,.T.);
#1949=EDGE_CURVE('',#1945,#1281,#1950,.T.);
#1950=LINE('',#1951,#83);
#1951=CARTESIAN_POINT('',(5.32,0.32,6.5));
#1952=PLANE('',#1953);
#1953=AXIS2_PLACEMENT_3D('',#1954,#29,#13);
#1954=CARTESIAN_POINT('',(5.32,1.138921523207E-16,1.55));
#1955=ADVANCED_FACE('',(#1956),#1962,.F.);
#1956=FACE_BOUND('',#1957,.F.);
#1957=EDGE_LOOP('',(#1958,#1959,#1918,#1279));
#1958=ORIENTED_EDGE('',*,*,#1949,.F.);
#1959=ORIENTED_EDGE('',*,*,#1960,.T.);
#1960=EDGE_CURVE('',#1945,#1915,#1961,.T.);
#1961=LINE('',#1946,#28);
#1962=PLANE('',#1963);
#1963=AXIS2_PLACEMENT_3D('',#1951,#37,#84);
#1964=ADVANCED_FACE('',(#1965),#1982,.F.);
#1965=FACE_BOUND('',#1966,.F.);
#1966=EDGE_LOOP('',(#1967,#1973,#1978,#1297));
#1967=ORIENTED_EDGE('',*,*,#1968,.F.);
#1968=EDGE_CURVE('',#1969,#1301,#1971,.T.);
#1969=VERTEX_POINT('',#1970);
#1970=CARTESIAN_POINT('',(12.82,0.32,6.3));
#1971=LINE('',#1972,#83);
#1972=CARTESIAN_POINT('',(12.82,0.32,6.5));
#1973=ORIENTED_EDGE('',*,*,#1974,.T.);
#1974=EDGE_CURVE('',#1969,#1975,#1977,.T.);
#1975=VERTEX_POINT('',#1976);
#1976=CARTESIAN_POINT('',(12.18,0.32,6.3));
#1977=LINE('',#1970,#28);
#1978=ORIENTED_EDGE('',*,*,#1979,.T.);
#1979=EDGE_CURVE('',#1975,#1299,#1980,.T.);
#1980=LINE('',#1981,#83);
#1981=CARTESIAN_POINT('',(12.18,0.32,6.5));
#1982=PLANE('',#1983);
#1983=AXIS2_PLACEMENT_3D('',#1972,#37,#84);
#1984=ADVANCED_FACE('',(#1985),#1997,.T.);
#1985=FACE_BOUND('',#1986,.T.);
#1986=EDGE_LOOP('',(#1987,#1988,#1994,#1978));
#1987=ORIENTED_EDGE('',*,*,#1318,.T.);
#1988=ORIENTED_EDGE('',*,*,#1989,.T.);
#1989=EDGE_CURVE('',#1313,#1990,#1992,.T.);
#1990=VERTEX_POINT('',#1991);
#1991=CARTESIAN_POINT('',(12.18,-0.32,6.3));
#1992=LINE('',#1993,#95);
#1993=CARTESIAN_POINT('',(12.18,-0.32,-0.9));
#1994=ORIENTED_EDGE('',*,*,#1995,.T.);
#1995=EDGE_CURVE('',#1990,#1975,#1996,.T.);
#1996=LINE('',#1991,#48);
#1997=PLANE('',#1998);
#1998=AXIS2_PLACEMENT_3D('',#1999,#29,#13);
#1999=CARTESIAN_POINT('',(12.18,3.65940088399E-02,1.522832428212));
#2000=ADVANCED_FACE('',(#2001),#2012,.F.);
#2001=FACE_BOUND('',#2002,.F.);
#2002=EDGE_LOOP('',(#2003,#1311,#1988,#2009));
#2003=ORIENTED_EDGE('',*,*,#2004,.F.);
#2004=EDGE_CURVE('',#1307,#2005,#2007,.T.);
#2005=VERTEX_POINT('',#2006);
#2006=CARTESIAN_POINT('',(12.82,-0.32,6.3));
#2007=LINE('',#2008,#95);
#2008=CARTESIAN_POINT('',(12.82,-0.32,-0.9));
#2009=ORIENTED_EDGE('',*,*,#2010,.F.);
#2010=EDGE_CURVE('',#2005,#1990,#2011,.T.);
#2011=LINE('',#2006,#28);
#2012=PLANE('',#2013);
#2013=AXIS2_PLACEMENT_3D('',#2008,#49,#13);
#2014=ADVANCED_FACE('',(#2015),#2022,.F.);
#2015=FACE_BOUND('',#2016,.F.);
#2016=EDGE_LOOP('',(#1305,#2017,#2018,#2021));
#2017=ORIENTED_EDGE('',*,*,#2004,.T.);
#2018=ORIENTED_EDGE('',*,*,#2019,.T.);
#2019=EDGE_CURVE('',#2005,#1969,#2020,.T.);
#2020=LINE('',#2006,#48);
#2021=ORIENTED_EDGE('',*,*,#1968,.T.);
#2022=PLANE('',#2023);
#2023=AXIS2_PLACEMENT_3D('',#2024,#29,#13);
#2024=CARTESIAN_POINT('',(12.82,3.65940088399E-02,1.522832428212));
#2025=ADVANCED_FACE('',(#2026),#2043,.F.);
#2026=FACE_BOUND('',#2027,.F.);
#2027=EDGE_LOOP('',(#1323,#2028,#2034,#2039));
#2028=ORIENTED_EDGE('',*,*,#2029,.T.);
#2029=EDGE_CURVE('',#1327,#2030,#2032,.T.);
#2030=VERTEX_POINT('',#2031);
#2031=CARTESIAN_POINT('',(2.82,-0.32,6.3));
#2032=LINE('',#2033,#95);
#2033=CARTESIAN_POINT('',(2.82,-0.32,-3.4));
#2034=ORIENTED_EDGE('',*,*,#2035,.T.);
#2035=EDGE_CURVE('',#2030,#2036,#2038,.T.);
#2036=VERTEX_POINT('',#2037);
#2037=CARTESIAN_POINT('',(2.82,0.32,6.3));
#2038=LINE('',#2031,#48);
#2039=ORIENTED_EDGE('',*,*,#2040,.T.);
#2040=EDGE_CURVE('',#2036,#1325,#2041,.T.);
#2041=LINE('',#2042,#83);
#2042=CARTESIAN_POINT('',(2.82,0.32,6.5));
#2043=PLANE('',#2044);
#2044=AXIS2_PLACEMENT_3D('',#2045,#29,#13);
#2045=CARTESIAN_POINT('',(2.82,4.200538521075E-16,1.55));
#2046=ADVANCED_FACE('',(#2047),#2059,.F.);
#2047=FACE_BOUND('',#2048,.F.);
#2048=EDGE_LOOP('',(#2049,#2050,#2055,#1343));
#2049=ORIENTED_EDGE('',*,*,#2040,.F.);
#2050=ORIENTED_EDGE('',*,*,#2051,.T.);
#2051=EDGE_CURVE('',#2036,#2052,#2054,.T.);
#2052=VERTEX_POINT('',#2053);
#2053=CARTESIAN_POINT('',(2.18,0.32,6.3));
#2054=LINE('',#2037,#28);
#2055=ORIENTED_EDGE('',*,*,#2056,.T.);
#2056=EDGE_CURVE('',#2052,#1339,#2057,.T.);
#2057=LINE('',#2058,#83);
#2058=CARTESIAN_POINT('',(2.18,0.32,6.5));
#2059=PLANE('',#2060);
#2060=AXIS2_PLACEMENT_3D('',#2042,#37,#84);
#2061=ADVANCED_FACE('',(#2062),#2074,.T.);
#2062=FACE_BOUND('',#2063,.T.);
#2063=EDGE_LOOP('',(#2064,#2065,#2071,#2055));
#2064=ORIENTED_EDGE('',*,*,#1338,.T.);
#2065=ORIENTED_EDGE('',*,*,#2066,.T.);
#2066=EDGE_CURVE('',#1333,#2067,#2069,.T.);
#2067=VERTEX_POINT('',#2068);
#2068=CARTESIAN_POINT('',(2.18,-0.32,6.3));
#2069=LINE('',#2070,#95);
#2070=CARTESIAN_POINT('',(2.18,-0.32,-3.4));
#2071=ORIENTED_EDGE('',*,*,#2072,.T.);
#2072=EDGE_CURVE('',#2067,#2052,#2073,.T.);
#2073=LINE('',#2068,#48);
#2074=PLANE('',#2075);
#2075=AXIS2_PLACEMENT_3D('',#2076,#29,#13);
#2076=CARTESIAN_POINT('',(2.18,4.98431247253E-16,1.55));
#2077=ADVANCED_FACE('',(#2078),#2084,.F.);
#2078=FACE_BOUND('',#2079,.F.);
#2079=EDGE_LOOP('',(#2080,#1331,#2065,#2081));
#2080=ORIENTED_EDGE('',*,*,#2029,.F.);
#2081=ORIENTED_EDGE('',*,*,#2082,.F.);
#2082=EDGE_CURVE('',#2030,#2067,#2083,.T.);
#2083=LINE('',#2031,#28);
#2084=PLANE('',#2085);
#2085=AXIS2_PLACEMENT_3D('',#2033,#49,#13);
#2086=ADVANCED_FACE('',(#2087),#2105,.T.);
#2087=FACE_BOUND('',#2088,.T.);
#2088=EDGE_LOOP('',(#2089,#2090,#2096,#2101));
#2089=ORIENTED_EDGE('',*,*,#1350,.T.);
#2090=ORIENTED_EDGE('',*,*,#2091,.T.);
#2091=EDGE_CURVE('',#1353,#2092,#2094,.T.);
#2092=VERTEX_POINT('',#2093);
#2093=CARTESIAN_POINT('',(-0.32,-0.32,6.3));
#2094=LINE('',#2095,#95);
#2095=CARTESIAN_POINT('',(-0.32,-0.32,-0.9));
#2096=ORIENTED_EDGE('',*,*,#2097,.T.);
#2097=EDGE_CURVE('',#2092,#2098,#2100,.T.);
#2098=VERTEX_POINT('',#2099);
#2099=CARTESIAN_POINT('',(-0.32,0.32,6.3));
#2100=LINE('',#2093,#48);
#2101=ORIENTED_EDGE('',*,*,#2102,.T.);
#2102=EDGE_CURVE('',#2098,#1351,#2103,.T.);
#2103=LINE('',#2104,#83);
#2104=CARTESIAN_POINT('',(-0.32,0.32,6.5));
#2105=PLANE('',#2106);
#2106=AXIS2_PLACEMENT_3D('',#2107,#29,#13);
#2107=CARTESIAN_POINT('',(-0.32,3.65940088399E-02,1.522832428212));
#2108=ADVANCED_FACE('',(#2109),#2120,.F.);
#2109=FACE_BOUND('',#2110,.F.);
#2110=EDGE_LOOP('',(#2111,#1369,#2090,#2117));
#2111=ORIENTED_EDGE('',*,*,#2112,.F.);
#2112=EDGE_CURVE('',#1365,#2113,#2115,.T.);
#2113=VERTEX_POINT('',#2114);
#2114=CARTESIAN_POINT('',(0.32,-0.32,6.3));
#2115=LINE('',#2116,#95);
#2116=CARTESIAN_POINT('',(0.32,-0.32,-0.9));
#2117=ORIENTED_EDGE('',*,*,#2118,.F.);
#2118=EDGE_CURVE('',#2113,#2092,#2119,.T.);
#2119=LINE('',#2114,#28);
#2120=PLANE('',#2121);
#2121=AXIS2_PLACEMENT_3D('',#2116,#49,#13);
#2122=ADVANCED_FACE('',(#2123),#2135,.F.);
#2123=FACE_BOUND('',#2124,.F.);
#2124=EDGE_LOOP('',(#1363,#2125,#2126,#2131));
#2125=ORIENTED_EDGE('',*,*,#2112,.T.);
#2126=ORIENTED_EDGE('',*,*,#2127,.T.);
#2127=EDGE_CURVE('',#2113,#2128,#2130,.T.);
#2128=VERTEX_POINT('',#2129);
#2129=CARTESIAN_POINT('',(0.32,0.32,6.3));
#2130=LINE('',#2114,#48);
#2131=ORIENTED_EDGE('',*,*,#2132,.T.);
#2132=EDGE_CURVE('',#2128,#1359,#2133,.T.);
#2133=LINE('',#2134,#83);
#2134=CARTESIAN_POINT('',(0.32,0.32,6.5));
#2135=PLANE('',#2136);
#2136=AXIS2_PLACEMENT_3D('',#2137,#29,#13);
#2137=CARTESIAN_POINT('',(0.32,3.65940088399E-02,1.522832428212));
#2138=ADVANCED_FACE('',(#2139),#2145,.F.);
#2139=FACE_BOUND('',#2140,.F.);
#2140=EDGE_LOOP('',(#2141,#2142,#2101,#1357));
#2141=ORIENTED_EDGE('',*,*,#2132,.F.);
#2142=ORIENTED_EDGE('',*,*,#2143,.T.);
#2143=EDGE_CURVE('',#2128,#2098,#2144,.T.);
#2144=LINE('',#2129,#28);
#2145=PLANE('',#2146);
#2146=AXIS2_PLACEMENT_3D('',#2134,#37,#84);
#2147=ADVANCED_FACE('',(#2148),#2105,.T.);
#2148=FACE_BOUND('',#2149,.T.);
#2149=EDGE_LOOP('',(#2150,#2158,#2166,#2172,#1585,#2174,#2178,#2185));
#2150=ORIENTED_EDGE('',*,*,#2151,.T.);
#2151=EDGE_CURVE('',#2152,#2154,#2156,.T.);
#2152=VERTEX_POINT('',#2153);
#2153=CARTESIAN_POINT('',(-0.32,0.351578947368,-3.2));
#2154=VERTEX_POINT('',#2155);
#2155=CARTESIAN_POINT('',(-0.32,-0.288421052632,-3.2));
#2156=LINE('',#2157,#36);
#2157=CARTESIAN_POINT('',(-0.32,0.32,-3.2));
#2158=ORIENTED_EDGE('',*,*,#2159,.T.);
#2159=EDGE_CURVE('',#2154,#2160,#2162,.T.);
#2160=VERTEX_POINT('',#2161);
#2161=CARTESIAN_POINT('',(-0.32,-2.E-02,-1.5));
#2162=LINE('',#2163,#2164);
#2163=CARTESIAN_POINT('',(-0.32,-0.32,-3.4));
#2164=VECTOR('',#2165,1.);
#2165=DIRECTION('',(1.909990663905E-17,0.155962573473,0.987762965329));
#2166=ORIENTED_EDGE('',*,*,#2167,.T.);
#2167=EDGE_CURVE('',#2160,#2168,#2169,.T.);
#2168=VERTEX_POINT('',#2095);
#2169=LINE('',#2161,#2170);
#2170=VECTOR('',#2171,1.);
#2171=DIRECTION('',(-5.476786982642E-17,-0.4472135955,0.894427191));
#2172=ORIENTED_EDGE('',*,*,#2173,.T.);
#2173=EDGE_CURVE('',#2168,#1589,#2094,.T.);
#2174=ORIENTED_EDGE('',*,*,#2175,.T.);
#2175=EDGE_CURVE('',#1587,#2176,#2103,.T.);
#2176=VERTEX_POINT('',#2177);
#2177=CARTESIAN_POINT('',(-0.32,0.32,-0.9));
#2178=ORIENTED_EDGE('',*,*,#2179,.T.);
#2179=EDGE_CURVE('',#2176,#2180,#2182,.T.);
#2180=VERTEX_POINT('',#2181);
#2181=CARTESIAN_POINT('',(-0.32,0.62,-1.5));
#2182=LINE('',#2177,#2183);
#2183=VECTOR('',#2184,1.);
#2184=DIRECTION('',(5.476786982642E-17,0.4472135955,-0.894427191));
#2185=ORIENTED_EDGE('',*,*,#2186,.T.);
#2186=EDGE_CURVE('',#2180,#2152,#2187,.T.);
#2187=LINE('',#2181,#2188);
#2188=VECTOR('',#2189,1.);
#2189=DIRECTION('',(-1.909990663905E-17,-0.155962573473,-0.987762965329));
#2190=ADVANCED_FACE('',(#2191),#2120,.F.);
#2191=FACE_BOUND('',#2192,.F.);
#2192=EDGE_LOOP('',(#2193,#2196,#2172,#2199));
#2193=ORIENTED_EDGE('',*,*,#2194,.F.);
#2194=EDGE_CURVE('',#2195,#1601,#2115,.T.);
#2195=VERTEX_POINT('',#2116);
#2196=ORIENTED_EDGE('',*,*,#2197,.T.);
#2197=EDGE_CURVE('',#2195,#2168,#2198,.T.);
#2198=LINE('',#2116,#28);
#2199=ORIENTED_EDGE('',*,*,#1606,.F.);
#2200=ADVANCED_FACE('',(#2201),#2135,.F.);
#2201=FACE_BOUND('',#2202,.F.);
#2202=EDGE_LOOP('',(#2203,#2211,#2217,#2220,#2221,#2222,#2226,#2231));
#2203=ORIENTED_EDGE('',*,*,#2204,.T.);
#2204=EDGE_CURVE('',#2205,#2207,#2209,.T.);
#2205=VERTEX_POINT('',#2206);
#2206=CARTESIAN_POINT('',(0.32,0.351578947368,-3.2));
#2207=VERTEX_POINT('',#2208);
#2208=CARTESIAN_POINT('',(0.32,-0.288421052632,-3.2));
#2209=LINE('',#2210,#36);
#2210=CARTESIAN_POINT('',(0.32,0.32,-3.2));
#2211=ORIENTED_EDGE('',*,*,#2212,.T.);
#2212=EDGE_CURVE('',#2207,#2213,#2215,.T.);
#2213=VERTEX_POINT('',#2214);
#2214=CARTESIAN_POINT('',(0.32,-2.E-02,-1.5));
#2215=LINE('',#2216,#2164);
#2216=CARTESIAN_POINT('',(0.32,-0.32,-3.4));
#2217=ORIENTED_EDGE('',*,*,#2218,.T.);
#2218=EDGE_CURVE('',#2213,#2195,#2219,.T.);
#2219=LINE('',#2214,#2170);
#2220=ORIENTED_EDGE('',*,*,#2194,.T.);
#2221=ORIENTED_EDGE('',*,*,#1600,.F.);
#2222=ORIENTED_EDGE('',*,*,#2223,.T.);
#2223=EDGE_CURVE('',#1595,#2224,#2133,.T.);
#2224=VERTEX_POINT('',#2225);
#2225=CARTESIAN_POINT('',(0.32,0.32,-0.9));
#2226=ORIENTED_EDGE('',*,*,#2227,.T.);
#2227=EDGE_CURVE('',#2224,#2228,#2230,.T.);
#2228=VERTEX_POINT('',#2229);
#2229=CARTESIAN_POINT('',(0.32,0.62,-1.5));
#2230=LINE('',#2225,#2183);
#2231=ORIENTED_EDGE('',*,*,#2232,.T.);
#2232=EDGE_CURVE('',#2228,#2205,#2233,.T.);
#2233=LINE('',#2229,#2188);
#2234=ADVANCED_FACE('',(#2235),#2145,.F.);
#2235=FACE_BOUND('',#2236,.F.);
#2236=EDGE_LOOP('',(#2237,#2238,#2174,#2239));
#2237=ORIENTED_EDGE('',*,*,#2223,.F.);
#2238=ORIENTED_EDGE('',*,*,#1594,.F.);
#2239=ORIENTED_EDGE('',*,*,#2240,.F.);
#2240=EDGE_CURVE('',#2224,#2176,#2241,.T.);
#2241=LINE('',#2225,#28);
#2242=ADVANCED_FACE('',(#2243),#2043,.F.);
#2243=FACE_BOUND('',#2244,.F.);
#2244=EDGE_LOOP('',(#2245,#2252,#2254,#2255));
#2245=ORIENTED_EDGE('',*,*,#2246,.T.);
#2246=EDGE_CURVE('',#2247,#2249,#2251,.T.);
#2247=VERTEX_POINT('',#2248);
#2248=CARTESIAN_POINT('',(2.82,0.32,-3.2));
#2249=VERTEX_POINT('',#2250);
#2250=CARTESIAN_POINT('',(2.82,-0.32,-3.2));
#2251=LINE('',#2248,#36);
#2252=ORIENTED_EDGE('',*,*,#2253,.T.);
#2253=EDGE_CURVE('',#2249,#1623,#2032,.T.);
#2254=ORIENTED_EDGE('',*,*,#1620,.F.);
#2255=ORIENTED_EDGE('',*,*,#2256,.T.);
#2256=EDGE_CURVE('',#1621,#2247,#2041,.T.);
#2257=ADVANCED_FACE('',(#2258),#2059,.F.);
#2258=FACE_BOUND('',#2259,.F.);
#2259=EDGE_LOOP('',(#2260,#2261,#2262,#2266));
#2260=ORIENTED_EDGE('',*,*,#2256,.F.);
#2261=ORIENTED_EDGE('',*,*,#1640,.F.);
#2262=ORIENTED_EDGE('',*,*,#2263,.T.);
#2263=EDGE_CURVE('',#1635,#2264,#2057,.T.);
#2264=VERTEX_POINT('',#2265);
#2265=CARTESIAN_POINT('',(2.18,0.32,-3.2));
#2266=ORIENTED_EDGE('',*,*,#2267,.F.);
#2267=EDGE_CURVE('',#2247,#2264,#2268,.T.);
#2268=LINE('',#2248,#28);
#2269=ADVANCED_FACE('',(#2270),#2074,.T.);
#2270=FACE_BOUND('',#2271,.T.);
#2271=EDGE_LOOP('',(#2272,#2277,#1633,#2262));
#2272=ORIENTED_EDGE('',*,*,#2273,.T.);
#2273=EDGE_CURVE('',#2264,#2274,#2276,.T.);
#2274=VERTEX_POINT('',#2275);
#2275=CARTESIAN_POINT('',(2.18,-0.32,-3.2));
#2276=LINE('',#2265,#36);
#2277=ORIENTED_EDGE('',*,*,#2278,.T.);
#2278=EDGE_CURVE('',#2274,#1629,#2069,.T.);
#2279=ADVANCED_FACE('',(#2280),#2084,.F.);
#2280=FACE_BOUND('',#2281,.F.);
#2281=EDGE_LOOP('',(#2282,#2283,#2277,#2286));
#2282=ORIENTED_EDGE('',*,*,#2253,.F.);
#2283=ORIENTED_EDGE('',*,*,#2284,.T.);
#2284=EDGE_CURVE('',#2249,#2274,#2285,.T.);
#2285=LINE('',#2250,#28);
#2286=ORIENTED_EDGE('',*,*,#1628,.F.);
#2287=ADVANCED_FACE('',(#2288),#1922,.T.);
#2288=FACE_BOUND('',#2289,.T.);
#2289=EDGE_LOOP('',(#2290,#2297,#1653,#2299));
#2290=ORIENTED_EDGE('',*,*,#2291,.T.);
#2291=EDGE_CURVE('',#2292,#2294,#2296,.T.);
#2292=VERTEX_POINT('',#2293);
#2293=CARTESIAN_POINT('',(4.68,0.32,-3.2));
#2294=VERTEX_POINT('',#2295);
#2295=CARTESIAN_POINT('',(4.68,-0.32,-3.2));
#2296=LINE('',#2293,#36);
#2297=ORIENTED_EDGE('',*,*,#2298,.T.);
#2298=EDGE_CURVE('',#2294,#1657,#1911,.T.);
#2299=ORIENTED_EDGE('',*,*,#2300,.T.);
#2300=EDGE_CURVE('',#1655,#2292,#1920,.T.);
#2301=ADVANCED_FACE('',(#2302),#1937,.F.);
#2302=FACE_BOUND('',#2303,.F.);
#2303=EDGE_LOOP('',(#2304,#2308,#2297,#2311));
#2304=ORIENTED_EDGE('',*,*,#2305,.F.);
#2305=EDGE_CURVE('',#2306,#1669,#1932,.T.);
#2306=VERTEX_POINT('',#2307);
#2307=CARTESIAN_POINT('',(5.32,-0.32,-3.2));
#2308=ORIENTED_EDGE('',*,*,#2309,.T.);
#2309=EDGE_CURVE('',#2306,#2294,#2310,.T.);
#2310=LINE('',#2307,#28);
#2311=ORIENTED_EDGE('',*,*,#1674,.F.);
#2312=ADVANCED_FACE('',(#2313),#1952,.F.);
#2313=FACE_BOUND('',#2314,.F.);
#2314=EDGE_LOOP('',(#2315,#2320,#2321,#2322));
#2315=ORIENTED_EDGE('',*,*,#2316,.T.);
#2316=EDGE_CURVE('',#2317,#2306,#2319,.T.);
#2317=VERTEX_POINT('',#2318);
#2318=CARTESIAN_POINT('',(5.32,0.32,-3.2));
#2319=LINE('',#2318,#36);
#2320=ORIENTED_EDGE('',*,*,#2305,.T.);
#2321=ORIENTED_EDGE('',*,*,#1668,.F.);
#2322=ORIENTED_EDGE('',*,*,#2323,.T.);
#2323=EDGE_CURVE('',#1663,#2317,#1950,.T.);
#2324=ADVANCED_FACE('',(#2325),#1962,.F.);
#2325=FACE_BOUND('',#2326,.F.);
#2326=EDGE_LOOP('',(#2327,#2328,#2299,#2329));
#2327=ORIENTED_EDGE('',*,*,#2323,.F.);
#2328=ORIENTED_EDGE('',*,*,#1662,.F.);
#2329=ORIENTED_EDGE('',*,*,#2330,.F.);
#2330=EDGE_CURVE('',#2317,#2292,#2331,.T.);
#2331=LINE('',#2318,#28);
#2332=ADVANCED_FACE('',(#2333),#1861,.T.);
#2333=FACE_BOUND('',#2334,.T.);
#2334=EDGE_LOOP('',(#2335,#2342,#1687,#2344));
#2335=ORIENTED_EDGE('',*,*,#2336,.T.);
#2336=EDGE_CURVE('',#2337,#2339,#2341,.T.);
#2337=VERTEX_POINT('',#2338);
#2338=CARTESIAN_POINT('',(7.18,0.32,-3.2));
#2339=VERTEX_POINT('',#2340);
#2340=CARTESIAN_POINT('',(7.18,-0.32,-3.2));
#2341=LINE('',#2338,#36);
#2342=ORIENTED_EDGE('',*,*,#2343,.T.);
#2343=EDGE_CURVE('',#2339,#1691,#1850,.T.);
#2344=ORIENTED_EDGE('',*,*,#2345,.T.);
#2345=EDGE_CURVE('',#1689,#2337,#1859,.T.);
#2346=ADVANCED_FACE('',(#2347),#1876,.F.);
#2347=FACE_BOUND('',#2348,.F.);
#2348=EDGE_LOOP('',(#2349,#2353,#2342,#2356));
#2349=ORIENTED_EDGE('',*,*,#2350,.F.);
#2350=EDGE_CURVE('',#2351,#1703,#1871,.T.);
#2351=VERTEX_POINT('',#2352);
#2352=CARTESIAN_POINT('',(7.82,-0.32,-3.2));
#2353=ORIENTED_EDGE('',*,*,#2354,.T.);
#2354=EDGE_CURVE('',#2351,#2339,#2355,.T.);
#2355=LINE('',#2352,#28);
#2356=ORIENTED_EDGE('',*,*,#1708,.F.);
#2357=ADVANCED_FACE('',(#2358),#1891,.F.);
#2358=FACE_BOUND('',#2359,.F.);
#2359=EDGE_LOOP('',(#2360,#2365,#2366,#2367));
#2360=ORIENTED_EDGE('',*,*,#2361,.T.);
#2361=EDGE_CURVE('',#2362,#2351,#2364,.T.);
#2362=VERTEX_POINT('',#2363);
#2363=CARTESIAN_POINT('',(7.82,0.32,-3.2));
#2364=LINE('',#2363,#36);
#2365=ORIENTED_EDGE('',*,*,#2350,.T.);
#2366=ORIENTED_EDGE('',*,*,#1702,.F.);
#2367=ORIENTED_EDGE('',*,*,#2368,.T.);
#2368=EDGE_CURVE('',#1697,#2362,#1889,.T.);
#2369=ADVANCED_FACE('',(#2370),#1901,.F.);
#2370=FACE_BOUND('',#2371,.F.);
#2371=EDGE_LOOP('',(#2372,#2373,#2344,#2374));
#2372=ORIENTED_EDGE('',*,*,#2368,.F.);
#2373=ORIENTED_EDGE('',*,*,#1696,.F.);
#2374=ORIENTED_EDGE('',*,*,#2375,.F.);
#2375=EDGE_CURVE('',#2362,#2337,#2376,.T.);
#2376=LINE('',#2363,#28);
#2377=ADVANCED_FACE('',(#2378),#1800,.T.);
#2378=FACE_BOUND('',#2379,.T.);
#2379=EDGE_LOOP('',(#2380,#2387,#1721,#2389));
#2380=ORIENTED_EDGE('',*,*,#2381,.T.);
#2381=EDGE_CURVE('',#2382,#2384,#2386,.T.);
#2382=VERTEX_POINT('',#2383);
#2383=CARTESIAN_POINT('',(9.68,0.32,-3.2));
#2384=VERTEX_POINT('',#2385);
#2385=CARTESIAN_POINT('',(9.68,-0.32,-3.2));
#2386=LINE('',#2383,#36);
#2387=ORIENTED_EDGE('',*,*,#2388,.T.);
#2388=EDGE_CURVE('',#2384,#1725,#1789,.T.);
#2389=ORIENTED_EDGE('',*,*,#2390,.T.);
#2390=EDGE_CURVE('',#1723,#2382,#1798,.T.);
#2391=ADVANCED_FACE('',(#2392),#1815,.F.);
#2392=FACE_BOUND('',#2393,.F.);
#2393=EDGE_LOOP('',(#2394,#2398,#2387,#2401));
#2394=ORIENTED_EDGE('',*,*,#2395,.F.);
#2395=EDGE_CURVE('',#2396,#1737,#1810,.T.);
#2396=VERTEX_POINT('',#2397);
#2397=CARTESIAN_POINT('',(10.32,-0.32,-3.2));
#2398=ORIENTED_EDGE('',*,*,#2399,.T.);
#2399=EDGE_CURVE('',#2396,#2384,#2400,.T.);
#2400=LINE('',#2397,#28);
#2401=ORIENTED_EDGE('',*,*,#1742,.F.);
#2402=ADVANCED_FACE('',(#2403),#1830,.F.);
#2403=FACE_BOUND('',#2404,.F.);
#2404=EDGE_LOOP('',(#2405,#2410,#2411,#2412));
#2405=ORIENTED_EDGE('',*,*,#2406,.T.);
#2406=EDGE_CURVE('',#2407,#2396,#2409,.T.);
#2407=VERTEX_POINT('',#2408);
#2408=CARTESIAN_POINT('',(10.32,0.32,-3.2));
#2409=LINE('',#2408,#36);
#2410=ORIENTED_EDGE('',*,*,#2395,.T.);
#2411=ORIENTED_EDGE('',*,*,#1736,.F.);
#2412=ORIENTED_EDGE('',*,*,#2413,.T.);
#2413=EDGE_CURVE('',#1731,#2407,#1828,.T.);
#2414=ADVANCED_FACE('',(#2415),#1840,.F.);
#2415=FACE_BOUND('',#2416,.F.);
#2416=EDGE_LOOP('',(#2417,#2418,#2389,#2419));
#2417=ORIENTED_EDGE('',*,*,#2413,.F.);
#2418=ORIENTED_EDGE('',*,*,#1730,.F.);
#2419=ORIENTED_EDGE('',*,*,#2420,.F.);
#2420=EDGE_CURVE('',#2407,#2382,#2421,.T.);
#2421=LINE('',#2408,#28);
#2422=ADVANCED_FACE('',(#2423),#1982,.F.);
#2423=FACE_BOUND('',#2424,.F.);
#2424=EDGE_LOOP('',(#2425,#2429,#2430,#2434));
#2425=ORIENTED_EDGE('',*,*,#2426,.F.);
#2426=EDGE_CURVE('',#1759,#2427,#1971,.T.);
#2427=VERTEX_POINT('',#2428);
#2428=CARTESIAN_POINT('',(12.82,0.32,-0.9));
#2429=ORIENTED_EDGE('',*,*,#1756,.F.);
#2430=ORIENTED_EDGE('',*,*,#2431,.T.);
#2431=EDGE_CURVE('',#1757,#2432,#1980,.T.);
#2432=VERTEX_POINT('',#2433);
#2433=CARTESIAN_POINT('',(12.18,0.32,-0.9));
#2434=ORIENTED_EDGE('',*,*,#2435,.F.);
#2435=EDGE_CURVE('',#2427,#2432,#2436,.T.);
#2436=LINE('',#2428,#28);
#2437=ADVANCED_FACE('',(#2438),#1997,.T.);
#2438=FACE_BOUND('',#2439,.T.);
#2439=EDGE_LOOP('',(#2440,#2448,#2454,#2458,#1775,#2430,#2460,#2465));
#2440=ORIENTED_EDGE('',*,*,#2441,.T.);
#2441=EDGE_CURVE('',#2442,#2444,#2446,.T.);
#2442=VERTEX_POINT('',#2443);
#2443=CARTESIAN_POINT('',(12.18,0.351578947368,-3.2));
#2444=VERTEX_POINT('',#2445);
#2445=CARTESIAN_POINT('',(12.18,-0.288421052632,-3.2));
#2446=LINE('',#2447,#36);
#2447=CARTESIAN_POINT('',(12.18,0.32,-3.2));
#2448=ORIENTED_EDGE('',*,*,#2449,.T.);
#2449=EDGE_CURVE('',#2444,#2450,#2452,.T.);
#2450=VERTEX_POINT('',#2451);
#2451=CARTESIAN_POINT('',(12.18,-2.E-02,-1.5));
#2452=LINE('',#2453,#2164);
#2453=CARTESIAN_POINT('',(12.18,-0.32,-3.4));
#2454=ORIENTED_EDGE('',*,*,#2455,.T.);
#2455=EDGE_CURVE('',#2450,#2456,#2457,.T.);
#2456=VERTEX_POINT('',#1993);
#2457=LINE('',#2451,#2170);
#2458=ORIENTED_EDGE('',*,*,#2459,.T.);
#2459=EDGE_CURVE('',#2456,#1771,#1992,.T.);
#2460=ORIENTED_EDGE('',*,*,#2461,.T.);
#2461=EDGE_CURVE('',#2432,#2462,#2464,.T.);
#2462=VERTEX_POINT('',#2463);
#2463=CARTESIAN_POINT('',(12.18,0.62,-1.5));
#2464=LINE('',#2433,#2183);
#2465=ORIENTED_EDGE('',*,*,#2466,.T.);
#2466=EDGE_CURVE('',#2462,#2442,#2467,.T.);
#2467=LINE('',#2463,#2188);
#2468=ADVANCED_FACE('',(#2469),#2012,.F.);
#2469=FACE_BOUND('',#2470,.F.);
#2470=EDGE_LOOP('',(#2471,#2474,#2458,#2477));
#2471=ORIENTED_EDGE('',*,*,#2472,.F.);
#2472=EDGE_CURVE('',#2473,#1765,#2007,.T.);
#2473=VERTEX_POINT('',#2008);
#2474=ORIENTED_EDGE('',*,*,#2475,.T.);
#2475=EDGE_CURVE('',#2473,#2456,#2476,.T.);
#2476=LINE('',#2008,#28);
#2477=ORIENTED_EDGE('',*,*,#1770,.F.);
#2478=ADVANCED_FACE('',(#2479),#2022,.F.);
#2479=FACE_BOUND('',#2480,.F.);
#2480=EDGE_LOOP('',(#2481,#2489,#2495,#2498,#2499,#2500,#2501,#2506));
#2481=ORIENTED_EDGE('',*,*,#2482,.T.);
#2482=EDGE_CURVE('',#2483,#2485,#2487,.T.);
#2483=VERTEX_POINT('',#2484);
#2484=CARTESIAN_POINT('',(12.82,0.351578947368,-3.2));
#2485=VERTEX_POINT('',#2486);
#2486=CARTESIAN_POINT('',(12.82,-0.288421052632,-3.2));
#2487=LINE('',#2488,#36);
#2488=CARTESIAN_POINT('',(12.82,0.32,-3.2));
#2489=ORIENTED_EDGE('',*,*,#2490,.T.);
#2490=EDGE_CURVE('',#2485,#2491,#2493,.T.);
#2491=VERTEX_POINT('',#2492);
#2492=CARTESIAN_POINT('',(12.82,-2.E-02,-1.5));
#2493=LINE('',#2494,#2164);
#2494=CARTESIAN_POINT('',(12.82,-0.32,-3.4));
#2495=ORIENTED_EDGE('',*,*,#2496,.T.);
#2496=EDGE_CURVE('',#2491,#2473,#2497,.T.);
#2497=LINE('',#2492,#2170);
#2498=ORIENTED_EDGE('',*,*,#2472,.T.);
#2499=ORIENTED_EDGE('',*,*,#1764,.F.);
#2500=ORIENTED_EDGE('',*,*,#2426,.T.);
#2501=ORIENTED_EDGE('',*,*,#2502,.T.);
#2502=EDGE_CURVE('',#2427,#2503,#2505,.T.);
#2503=VERTEX_POINT('',#2504);
#2504=CARTESIAN_POINT('',(12.82,0.62,-1.5));
#2505=LINE('',#2428,#2183);
#2506=ORIENTED_EDGE('',*,*,#2507,.T.);
#2507=EDGE_CURVE('',#2503,#2483,#2508,.T.);
#2508=LINE('',#2504,#2188);
#2509=ADVANCED_FACE('',(#2510),#2531,.F.);
#2510=FACE_BOUND('',#2511,.T.);
#2511=EDGE_LOOP('',(#2512,#2520,#2526,#2530));
#2512=ORIENTED_EDGE('',*,*,#2513,.T.);
#2513=EDGE_CURVE('',#1787,#2514,#2516,.T.);
#2514=VERTEX_POINT('',#2515);
#2515=CARTESIAN_POINT('',(9.88,-0.12,6.5));
#2516=LINE('',#2517,#2518);
#2517=CARTESIAN_POINT('',(9.853333333333,-0.146666666667,6.473333333333));
#2518=VECTOR('',#2519,1.);
#2519=DIRECTION('',(0.57735026919,0.57735026919,0.57735026919));
#2520=ORIENTED_EDGE('',*,*,#2521,.T.);
#2521=EDGE_CURVE('',#2514,#2522,#2524,.T.);
#2522=VERTEX_POINT('',#2523);
#2523=CARTESIAN_POINT('',(9.88,0.12,6.5));
#2524=LINE('',#2525,#48);
#2525=CARTESIAN_POINT('',(9.88,-0.32,6.5));
#2526=ORIENTED_EDGE('',*,*,#2527,.T.);
#2527=EDGE_CURVE('',#2522,#1793,#2528,.T.);
#2528=LINE('',#2529,#176);
#2529=CARTESIAN_POINT('',(9.96,4.E-02,6.58));
#2530=ORIENTED_EDGE('',*,*,#1792,.F.);
#2531=PLANE('',#2532);
#2532=AXIS2_PLACEMENT_3D('',#2533,#102,#37);
#2533=CARTESIAN_POINT('',(9.78,-0.32,6.4));
#2534=ADVANCED_FACE('',(#2535),#2550,.T.);
#2535=FACE_BOUND('',#2536,.F.);
#2536=EDGE_LOOP('',(#2537,#2545,#2512,#2546));
#2537=ORIENTED_EDGE('',*,*,#2538,.F.);
#2538=EDGE_CURVE('',#1808,#2539,#2541,.T.);
#2539=VERTEX_POINT('',#2540);
#2540=CARTESIAN_POINT('',(10.12,-0.12,6.5));
#2541=LINE('',#2542,#2543);
#2542=CARTESIAN_POINT('',(10.253333333333,-0.253333333333,6.366666666667));
#2543=VECTOR('',#2544,1.);
#2544=DIRECTION('',(-0.57735026919,0.57735026919,0.57735026919));
#2545=ORIENTED_EDGE('',*,*,#1813,.T.);
#2546=ORIENTED_EDGE('',*,*,#2547,.F.);
#2547=EDGE_CURVE('',#2539,#2514,#2548,.T.);
#2548=LINE('',#2549,#28);
#2549=CARTESIAN_POINT('',(10.32,-0.12,6.5));
#2550=PLANE('',#2551);
#2551=AXIS2_PLACEMENT_3D('',#2552,#2553,#14);
#2552=CARTESIAN_POINT('',(10.32,-0.22,6.4));
#2553=DIRECTION('',(-8.833102285019E-17,-0.707106781187,0.707106781187));
#2554=ADVANCED_FACE('',(#2555),#2569,.T.);
#2555=FACE_BOUND('',#2556,.F.);
#2556=EDGE_LOOP('',(#2557,#2558,#2564,#2568));
#2557=ORIENTED_EDGE('',*,*,#2538,.T.);
#2558=ORIENTED_EDGE('',*,*,#2559,.T.);
#2559=EDGE_CURVE('',#2539,#2560,#2562,.T.);
#2560=VERTEX_POINT('',#2561);
#2561=CARTESIAN_POINT('',(10.12,0.12,6.5));
#2562=LINE('',#2563,#48);
#2563=CARTESIAN_POINT('',(10.12,-0.32,6.5));
#2564=ORIENTED_EDGE('',*,*,#2565,.T.);
#2565=EDGE_CURVE('',#2560,#1823,#2566,.T.);
#2566=LINE('',#2567,#116);
#2567=CARTESIAN_POINT('',(10.146666666667,0.146666666667,6.473333333333));
#2568=ORIENTED_EDGE('',*,*,#1822,.F.);
#2569=PLANE('',#2570);
#2570=AXIS2_PLACEMENT_3D('',#2571,#602,#37);
#2571=CARTESIAN_POINT('',(10.22,-0.32,6.4));
#2572=ADVANCED_FACE('',(#2573),#2581,.T.);
#2573=FACE_BOUND('',#2574,.F.);
#2574=EDGE_LOOP('',(#2575,#2576,#2526,#2580));
#2575=ORIENTED_EDGE('',*,*,#2565,.F.);
#2576=ORIENTED_EDGE('',*,*,#2577,.T.);
#2577=EDGE_CURVE('',#2560,#2522,#2578,.T.);
#2578=LINE('',#2579,#28);
#2579=CARTESIAN_POINT('',(10.32,0.12,6.5));
#2580=ORIENTED_EDGE('',*,*,#1838,.F.);
#2581=PLANE('',#2582);
#2582=AXIS2_PLACEMENT_3D('',#2583,#2584,#14);
#2583=CARTESIAN_POINT('',(10.32,0.22,6.4));
#2584=DIRECTION('',(8.833102285019E-17,0.707106781187,0.707106781187));
#2585=ADVANCED_FACE('',(#2586),#2605,.F.);
#2586=FACE_BOUND('',#2587,.T.);
#2587=EDGE_LOOP('',(#2588,#2594,#2600,#2604));
#2588=ORIENTED_EDGE('',*,*,#2589,.T.);
#2589=EDGE_CURVE('',#1848,#2590,#2592,.T.);
#2590=VERTEX_POINT('',#2591);
#2591=CARTESIAN_POINT('',(7.38,-0.12,6.5));
#2592=LINE('',#2593,#2518);
#2593=CARTESIAN_POINT('',(7.353333333333,-0.146666666667,6.473333333333));
#2594=ORIENTED_EDGE('',*,*,#2595,.T.);
#2595=EDGE_CURVE('',#2590,#2596,#2598,.T.);
#2596=VERTEX_POINT('',#2597);
#2597=CARTESIAN_POINT('',(7.38,0.12,6.5));
#2598=LINE('',#2599,#48);
#2599=CARTESIAN_POINT('',(7.38,-0.32,6.5));
#2600=ORIENTED_EDGE('',*,*,#2601,.T.);
#2601=EDGE_CURVE('',#2596,#1854,#2602,.T.);
#2602=LINE('',#2603,#176);
#2603=CARTESIAN_POINT('',(7.46,4.E-02,6.58));
#2604=ORIENTED_EDGE('',*,*,#1853,.F.);
#2605=PLANE('',#2606);
#2606=AXIS2_PLACEMENT_3D('',#2607,#102,#37);
#2607=CARTESIAN_POINT('',(7.28,-0.32,6.4));
#2608=ADVANCED_FACE('',(#2609),#2622,.T.);
#2609=FACE_BOUND('',#2610,.F.);
#2610=EDGE_LOOP('',(#2611,#2617,#2588,#2618));
#2611=ORIENTED_EDGE('',*,*,#2612,.F.);
#2612=EDGE_CURVE('',#1869,#2613,#2615,.T.);
#2613=VERTEX_POINT('',#2614);
#2614=CARTESIAN_POINT('',(7.62,-0.12,6.5));
#2615=LINE('',#2616,#2543);
#2616=CARTESIAN_POINT('',(7.753333333333,-0.253333333333,6.366666666667));
#2617=ORIENTED_EDGE('',*,*,#1874,.T.);
#2618=ORIENTED_EDGE('',*,*,#2619,.F.);
#2619=EDGE_CURVE('',#2613,#2590,#2620,.T.);
#2620=LINE('',#2621,#28);
#2621=CARTESIAN_POINT('',(7.82,-0.12,6.5));
#2622=PLANE('',#2623);
#2623=AXIS2_PLACEMENT_3D('',#2624,#2553,#14);
#2624=CARTESIAN_POINT('',(7.82,-0.22,6.4));
#2625=ADVANCED_FACE('',(#2626),#2640,.T.);
#2626=FACE_BOUND('',#2627,.F.);
#2627=EDGE_LOOP('',(#2628,#2629,#2635,#2639));
#2628=ORIENTED_EDGE('',*,*,#2612,.T.);
#2629=ORIENTED_EDGE('',*,*,#2630,.T.);
#2630=EDGE_CURVE('',#2613,#2631,#2633,.T.);
#2631=VERTEX_POINT('',#2632);
#2632=CARTESIAN_POINT('',(7.62,0.12,6.5));
#2633=LINE('',#2634,#48);
#2634=CARTESIAN_POINT('',(7.62,-0.32,6.5));
#2635=ORIENTED_EDGE('',*,*,#2636,.T.);
#2636=EDGE_CURVE('',#2631,#1884,#2637,.T.);
#2637=LINE('',#2638,#116);
#2638=CARTESIAN_POINT('',(7.646666666667,0.146666666667,6.473333333333));
#2639=ORIENTED_EDGE('',*,*,#1883,.F.);
#2640=PLANE('',#2641);
#2641=AXIS2_PLACEMENT_3D('',#2642,#602,#37);
#2642=CARTESIAN_POINT('',(7.72,-0.32,6.4));
#2643=ADVANCED_FACE('',(#2644),#2652,.T.);
#2644=FACE_BOUND('',#2645,.F.);
#2645=EDGE_LOOP('',(#2646,#2647,#2600,#2651));
#2646=ORIENTED_EDGE('',*,*,#2636,.F.);
#2647=ORIENTED_EDGE('',*,*,#2648,.T.);
#2648=EDGE_CURVE('',#2631,#2596,#2649,.T.);
#2649=LINE('',#2650,#28);
#2650=CARTESIAN_POINT('',(7.82,0.12,6.5));
#2651=ORIENTED_EDGE('',*,*,#1899,.F.);
#2652=PLANE('',#2653);
#2653=AXIS2_PLACEMENT_3D('',#2654,#2584,#14);
#2654=CARTESIAN_POINT('',(7.82,0.22,6.4));
#2655=ADVANCED_FACE('',(#2656),#2675,.F.);
#2656=FACE_BOUND('',#2657,.T.);
#2657=EDGE_LOOP('',(#2658,#2664,#2670,#2674));
#2658=ORIENTED_EDGE('',*,*,#2659,.T.);
#2659=EDGE_CURVE('',#1909,#2660,#2662,.T.);
#2660=VERTEX_POINT('',#2661);
#2661=CARTESIAN_POINT('',(4.88,-0.12,6.5));
#2662=LINE('',#2663,#2518);
#2663=CARTESIAN_POINT('',(4.853333333333,-0.146666666667,6.473333333333));
#2664=ORIENTED_EDGE('',*,*,#2665,.T.);
#2665=EDGE_CURVE('',#2660,#2666,#2668,.T.);
#2666=VERTEX_POINT('',#2667);
#2667=CARTESIAN_POINT('',(4.88,0.12,6.5));
#2668=LINE('',#2669,#48);
#2669=CARTESIAN_POINT('',(4.88,-0.32,6.5));
#2670=ORIENTED_EDGE('',*,*,#2671,.T.);
#2671=EDGE_CURVE('',#2666,#1915,#2672,.T.);
#2672=LINE('',#2673,#176);
#2673=CARTESIAN_POINT('',(4.96,4.E-02,6.58));
#2674=ORIENTED_EDGE('',*,*,#1914,.F.);
#2675=PLANE('',#2676);
#2676=AXIS2_PLACEMENT_3D('',#2677,#102,#37);
#2677=CARTESIAN_POINT('',(4.78,-0.32,6.4));
#2678=ADVANCED_FACE('',(#2679),#2692,.T.);
#2679=FACE_BOUND('',#2680,.F.);
#2680=EDGE_LOOP('',(#2681,#2687,#2658,#2688));
#2681=ORIENTED_EDGE('',*,*,#2682,.F.);
#2682=EDGE_CURVE('',#1930,#2683,#2685,.T.);
#2683=VERTEX_POINT('',#2684);
#2684=CARTESIAN_POINT('',(5.12,-0.12,6.5));
#2685=LINE('',#2686,#2543);
#2686=CARTESIAN_POINT('',(5.253333333333,-0.253333333333,6.366666666667));
#2687=ORIENTED_EDGE('',*,*,#1935,.T.);
#2688=ORIENTED_EDGE('',*,*,#2689,.F.);
#2689=EDGE_CURVE('',#2683,#2660,#2690,.T.);
#2690=LINE('',#2691,#28);
#2691=CARTESIAN_POINT('',(5.32,-0.12,6.5));
#2692=PLANE('',#2693);
#2693=AXIS2_PLACEMENT_3D('',#2694,#2553,#14);
#2694=CARTESIAN_POINT('',(5.32,-0.22,6.4));
#2695=ADVANCED_FACE('',(#2696),#2710,.T.);
#2696=FACE_BOUND('',#2697,.F.);
#2697=EDGE_LOOP('',(#2698,#2699,#2705,#2709));
#2698=ORIENTED_EDGE('',*,*,#2682,.T.);
#2699=ORIENTED_EDGE('',*,*,#2700,.T.);
#2700=EDGE_CURVE('',#2683,#2701,#2703,.T.);
#2701=VERTEX_POINT('',#2702);
#2702=CARTESIAN_POINT('',(5.12,0.12,6.5));
#2703=LINE('',#2704,#48);
#2704=CARTESIAN_POINT('',(5.12,-0.32,6.5));
#2705=ORIENTED_EDGE('',*,*,#2706,.T.);
#2706=EDGE_CURVE('',#2701,#1945,#2707,.T.);
#2707=LINE('',#2708,#116);
#2708=CARTESIAN_POINT('',(5.146666666667,0.146666666667,6.473333333333));
#2709=ORIENTED_EDGE('',*,*,#1944,.F.);
#2710=PLANE('',#2711);
#2711=AXIS2_PLACEMENT_3D('',#2712,#602,#37);
#2712=CARTESIAN_POINT('',(5.22,-0.32,6.4));
#2713=ADVANCED_FACE('',(#2714),#2722,.T.);
#2714=FACE_BOUND('',#2715,.F.);
#2715=EDGE_LOOP('',(#2716,#2717,#2670,#2721));
#2716=ORIENTED_EDGE('',*,*,#2706,.F.);
#2717=ORIENTED_EDGE('',*,*,#2718,.T.);
#2718=EDGE_CURVE('',#2701,#2666,#2719,.T.);
#2719=LINE('',#2720,#28);
#2720=CARTESIAN_POINT('',(5.32,0.12,6.5));
#2721=ORIENTED_EDGE('',*,*,#1960,.F.);
#2722=PLANE('',#2723);
#2723=AXIS2_PLACEMENT_3D('',#2724,#2584,#14);
#2724=CARTESIAN_POINT('',(5.32,0.22,6.4));
#2725=ADVANCED_FACE('',(#2726),#2745,.T.);
#2726=FACE_BOUND('',#2727,.F.);
#2727=EDGE_LOOP('',(#2728,#2734,#2740,#2744));
#2728=ORIENTED_EDGE('',*,*,#2729,.F.);
#2729=EDGE_CURVE('',#2730,#1969,#2732,.T.);
#2730=VERTEX_POINT('',#2731);
#2731=CARTESIAN_POINT('',(12.62,0.12,6.5));
#2732=LINE('',#2733,#116);
#2733=CARTESIAN_POINT('',(12.646666666667,0.146666666667,6.473333333333));
#2734=ORIENTED_EDGE('',*,*,#2735,.T.);
#2735=EDGE_CURVE('',#2730,#2736,#2738,.T.);
#2736=VERTEX_POINT('',#2737);
#2737=CARTESIAN_POINT('',(12.38,0.12,6.5));
#2738=LINE('',#2739,#28);
#2739=CARTESIAN_POINT('',(12.82,0.12,6.5));
#2740=ORIENTED_EDGE('',*,*,#2741,.T.);
#2741=EDGE_CURVE('',#2736,#1975,#2742,.T.);
#2742=LINE('',#2743,#176);
#2743=CARTESIAN_POINT('',(12.46,4.E-02,6.58));
#2744=ORIENTED_EDGE('',*,*,#1974,.F.);
#2745=PLANE('',#2746);
#2746=AXIS2_PLACEMENT_3D('',#2747,#2584,#14);
#2747=CARTESIAN_POINT('',(12.82,0.22,6.4));
#2748=ADVANCED_FACE('',(#2749),#2762,.F.);
#2749=FACE_BOUND('',#2750,.T.);
#2750=EDGE_LOOP('',(#2751,#2757,#2740,#2761));
#2751=ORIENTED_EDGE('',*,*,#2752,.T.);
#2752=EDGE_CURVE('',#1990,#2753,#2755,.T.);
#2753=VERTEX_POINT('',#2754);
#2754=CARTESIAN_POINT('',(12.38,-0.12,6.5));
#2755=LINE('',#2756,#2518);
#2756=CARTESIAN_POINT('',(12.353333333333,-0.146666666667,6.473333333333));
#2757=ORIENTED_EDGE('',*,*,#2758,.T.);
#2758=EDGE_CURVE('',#2753,#2736,#2759,.T.);
#2759=LINE('',#2760,#48);
#2760=CARTESIAN_POINT('',(12.38,-0.32,6.5));
#2761=ORIENTED_EDGE('',*,*,#1995,.F.);
#2762=PLANE('',#2763);
#2763=AXIS2_PLACEMENT_3D('',#2764,#102,#37);
#2764=CARTESIAN_POINT('',(12.28,-0.32,6.4));
#2765=ADVANCED_FACE('',(#2766),#2781,.T.);
#2766=FACE_BOUND('',#2767,.F.);
#2767=EDGE_LOOP('',(#2768,#2776,#2751,#2777));
#2768=ORIENTED_EDGE('',*,*,#2769,.T.);
#2769=EDGE_CURVE('',#2770,#2005,#2772,.T.);
#2770=VERTEX_POINT('',#2771);
#2771=CARTESIAN_POINT('',(12.62,-0.12,6.5));
#2772=LINE('',#2773,#2774);
#2773=CARTESIAN_POINT('',(12.753333333333,-0.253333333333,6.366666666667));
#2774=VECTOR('',#2775,1.);
#2775=DIRECTION('',(0.57735026919,-0.57735026919,-0.57735026919));
#2776=ORIENTED_EDGE('',*,*,#2010,.T.);
#2777=ORIENTED_EDGE('',*,*,#2778,.F.);
#2778=EDGE_CURVE('',#2770,#2753,#2779,.T.);
#2779=LINE('',#2780,#28);
#2780=CARTESIAN_POINT('',(12.82,-0.12,6.5));
#2781=PLANE('',#2782);
#2782=AXIS2_PLACEMENT_3D('',#2783,#2553,#14);
#2783=CARTESIAN_POINT('',(12.82,-0.22,6.4));
#2784=ADVANCED_FACE('',(#2785),#2794,.T.);
#2785=FACE_BOUND('',#2786,.F.);
#2786=EDGE_LOOP('',(#2787,#2788,#2792,#2793));
#2787=ORIENTED_EDGE('',*,*,#2769,.F.);
#2788=ORIENTED_EDGE('',*,*,#2789,.T.);
#2789=EDGE_CURVE('',#2770,#2730,#2790,.T.);
#2790=LINE('',#2791,#48);
#2791=CARTESIAN_POINT('',(12.62,-0.32,6.5));
#2792=ORIENTED_EDGE('',*,*,#2729,.T.);
#2793=ORIENTED_EDGE('',*,*,#2019,.F.);
#2794=PLANE('',#2795);
#2795=AXIS2_PLACEMENT_3D('',#2796,#602,#37);
#2796=CARTESIAN_POINT('',(12.72,-0.32,6.4));
#2797=ADVANCED_FACE('',(#2798),#2817,.T.);
#2798=FACE_BOUND('',#2799,.F.);
#2799=EDGE_LOOP('',(#2800,#2806,#2812,#2816));
#2800=ORIENTED_EDGE('',*,*,#2801,.T.);
#2801=EDGE_CURVE('',#2030,#2802,#2804,.T.);
#2802=VERTEX_POINT('',#2803);
#2803=CARTESIAN_POINT('',(2.62,-0.12,6.5));
#2804=LINE('',#2805,#2543);
#2805=CARTESIAN_POINT('',(2.753333333333,-0.253333333333,6.366666666667));
#2806=ORIENTED_EDGE('',*,*,#2807,.T.);
#2807=EDGE_CURVE('',#2802,#2808,#2810,.T.);
#2808=VERTEX_POINT('',#2809);
#2809=CARTESIAN_POINT('',(2.62,0.12,6.5));
#2810=LINE('',#2811,#48);
#2811=CARTESIAN_POINT('',(2.62,-0.32,6.5));
#2812=ORIENTED_EDGE('',*,*,#2813,.T.);
#2813=EDGE_CURVE('',#2808,#2036,#2814,.T.);
#2814=LINE('',#2815,#116);
#2815=CARTESIAN_POINT('',(2.646666666667,0.146666666667,6.473333333333));
#2816=ORIENTED_EDGE('',*,*,#2035,.F.);
#2817=PLANE('',#2818);
#2818=AXIS2_PLACEMENT_3D('',#2819,#602,#37);
#2819=CARTESIAN_POINT('',(2.72,-0.32,6.4));
#2820=ADVANCED_FACE('',(#2821),#2835,.T.);
#2821=FACE_BOUND('',#2822,.F.);
#2822=EDGE_LOOP('',(#2823,#2824,#2830,#2834));
#2823=ORIENTED_EDGE('',*,*,#2813,.F.);
#2824=ORIENTED_EDGE('',*,*,#2825,.T.);
#2825=EDGE_CURVE('',#2808,#2826,#2828,.T.);
#2826=VERTEX_POINT('',#2827);
#2827=CARTESIAN_POINT('',(2.38,0.12,6.5));
#2828=LINE('',#2829,#28);
#2829=CARTESIAN_POINT('',(2.82,0.12,6.5));
#2830=ORIENTED_EDGE('',*,*,#2831,.T.);
#2831=EDGE_CURVE('',#2826,#2052,#2832,.T.);
#2832=LINE('',#2833,#176);
#2833=CARTESIAN_POINT('',(2.46,4.E-02,6.58));
#2834=ORIENTED_EDGE('',*,*,#2051,.F.);
#2835=PLANE('',#2836);
#2836=AXIS2_PLACEMENT_3D('',#2837,#2584,#14);
#2837=CARTESIAN_POINT('',(2.82,0.22,6.4));
#2838=ADVANCED_FACE('',(#2839),#2852,.F.);
#2839=FACE_BOUND('',#2840,.T.);
#2840=EDGE_LOOP('',(#2841,#2847,#2830,#2851));
#2841=ORIENTED_EDGE('',*,*,#2842,.T.);
#2842=EDGE_CURVE('',#2067,#2843,#2845,.T.);
#2843=VERTEX_POINT('',#2844);
#2844=CARTESIAN_POINT('',(2.38,-0.12,6.5));
#2845=LINE('',#2846,#2518);
#2846=CARTESIAN_POINT('',(2.353333333333,-0.146666666667,6.473333333333));
#2847=ORIENTED_EDGE('',*,*,#2848,.T.);
#2848=EDGE_CURVE('',#2843,#2826,#2849,.T.);
#2849=LINE('',#2850,#48);
#2850=CARTESIAN_POINT('',(2.38,-0.32,6.5));
#2851=ORIENTED_EDGE('',*,*,#2072,.F.);
#2852=PLANE('',#2853);
#2853=AXIS2_PLACEMENT_3D('',#2854,#102,#37);
#2854=CARTESIAN_POINT('',(2.28,-0.32,6.4));
#2855=ADVANCED_FACE('',(#2856),#2864,.T.);
#2856=FACE_BOUND('',#2857,.F.);
#2857=EDGE_LOOP('',(#2858,#2859,#2841,#2860));
#2858=ORIENTED_EDGE('',*,*,#2801,.F.);
#2859=ORIENTED_EDGE('',*,*,#2082,.T.);
#2860=ORIENTED_EDGE('',*,*,#2861,.F.);
#2861=EDGE_CURVE('',#2802,#2843,#2862,.T.);
#2862=LINE('',#2863,#28);
#2863=CARTESIAN_POINT('',(2.82,-0.12,6.5));
#2864=PLANE('',#2865);
#2865=AXIS2_PLACEMENT_3D('',#2866,#2553,#14);
#2866=CARTESIAN_POINT('',(2.82,-0.22,6.4));
#2867=ADVANCED_FACE('',(#2868),#2887,.F.);
#2868=FACE_BOUND('',#2869,.T.);
#2869=EDGE_LOOP('',(#2870,#2876,#2882,#2886));
#2870=ORIENTED_EDGE('',*,*,#2871,.T.);
#2871=EDGE_CURVE('',#2092,#2872,#2874,.T.);
#2872=VERTEX_POINT('',#2873);
#2873=CARTESIAN_POINT('',(-0.12,-0.12,6.5));
#2874=LINE('',#2875,#2518);
#2875=CARTESIAN_POINT('',(-0.146666666667,-0.146666666667,6.473333333333));
#2876=ORIENTED_EDGE('',*,*,#2877,.T.);
#2877=EDGE_CURVE('',#2872,#2878,#2880,.T.);
#2878=VERTEX_POINT('',#2879);
#2879=CARTESIAN_POINT('',(-0.12,0.12,6.5));
#2880=LINE('',#2881,#48);
#2881=CARTESIAN_POINT('',(-0.12,-0.32,6.5));
#2882=ORIENTED_EDGE('',*,*,#2883,.T.);
#2883=EDGE_CURVE('',#2878,#2098,#2884,.T.);
#2884=LINE('',#2885,#176);
#2885=CARTESIAN_POINT('',(-4.E-02,4.E-02,6.58));
#2886=ORIENTED_EDGE('',*,*,#2097,.F.);
#2887=PLANE('',#2888);
#2888=AXIS2_PLACEMENT_3D('',#2889,#102,#37);
#2889=CARTESIAN_POINT('',(-0.22,-0.32,6.4));
#2890=ADVANCED_FACE('',(#2891),#2904,.T.);
#2891=FACE_BOUND('',#2892,.F.);
#2892=EDGE_LOOP('',(#2893,#2899,#2870,#2900));
#2893=ORIENTED_EDGE('',*,*,#2894,.T.);
#2894=EDGE_CURVE('',#2895,#2113,#2897,.T.);
#2895=VERTEX_POINT('',#2896);
#2896=CARTESIAN_POINT('',(0.12,-0.12,6.5));
#2897=LINE('',#2898,#2774);
#2898=CARTESIAN_POINT('',(0.253333333333,-0.253333333333,6.366666666667));
#2899=ORIENTED_EDGE('',*,*,#2118,.T.);
#2900=ORIENTED_EDGE('',*,*,#2901,.F.);
#2901=EDGE_CURVE('',#2895,#2872,#2902,.T.);
#2902=LINE('',#2903,#28);
#2903=CARTESIAN_POINT('',(0.32,-0.12,6.5));
#2904=PLANE('',#2905);
#2905=AXIS2_PLACEMENT_3D('',#2906,#2553,#14);
#2906=CARTESIAN_POINT('',(0.32,-0.22,6.4));
#2907=ADVANCED_FACE('',(#2908),#2922,.T.);
#2908=FACE_BOUND('',#2909,.F.);
#2909=EDGE_LOOP('',(#2910,#2911,#2917,#2921));
#2910=ORIENTED_EDGE('',*,*,#2894,.F.);
#2911=ORIENTED_EDGE('',*,*,#2912,.T.);
#2912=EDGE_CURVE('',#2895,#2913,#2915,.T.);
#2913=VERTEX_POINT('',#2914);
#2914=CARTESIAN_POINT('',(0.12,0.12,6.5));
#2915=LINE('',#2916,#48);
#2916=CARTESIAN_POINT('',(0.12,-0.32,6.5));
#2917=ORIENTED_EDGE('',*,*,#2918,.T.);
#2918=EDGE_CURVE('',#2913,#2128,#2919,.T.);
#2919=LINE('',#2920,#116);
#2920=CARTESIAN_POINT('',(0.146666666667,0.146666666667,6.473333333333));
#2921=ORIENTED_EDGE('',*,*,#2127,.F.);
#2922=PLANE('',#2923);
#2923=AXIS2_PLACEMENT_3D('',#2924,#602,#37);
#2924=CARTESIAN_POINT('',(0.22,-0.32,6.4));
#2925=ADVANCED_FACE('',(#2926),#2934,.T.);
#2926=FACE_BOUND('',#2927,.F.);
#2927=EDGE_LOOP('',(#2928,#2929,#2882,#2933));
#2928=ORIENTED_EDGE('',*,*,#2918,.F.);
#2929=ORIENTED_EDGE('',*,*,#2930,.T.);
#2930=EDGE_CURVE('',#2913,#2878,#2931,.T.);
#2931=LINE('',#2932,#28);
#2932=CARTESIAN_POINT('',(0.32,0.12,6.5));
#2933=ORIENTED_EDGE('',*,*,#2143,.F.);
#2934=PLANE('',#2935);
#2935=AXIS2_PLACEMENT_3D('',#2936,#2584,#14);
#2936=CARTESIAN_POINT('',(0.32,0.22,6.4));
#2937=ADVANCED_FACE('',(#2938),#2975,.F.);
#2938=FACE_BOUND('',#2939,.T.);
#2939=EDGE_LOOP('',(#2940,#2950,#2956,#2964,#2970,#2971));
#2940=ORIENTED_EDGE('',*,*,#2941,.F.);
#2941=EDGE_CURVE('',#2942,#2944,#2946,.T.);
#2942=VERTEX_POINT('',#2943);
#2943=CARTESIAN_POINT('',(-0.12,0.12,-3.4));
#2944=VERTEX_POINT('',#2945);
#2945=CARTESIAN_POINT('',(-0.317552593066,0.351192514695,-3.202447406934));
#2946=LINE('',#2947,#2948);
#2947=CARTESIAN_POINT('',(-0.153849098111,0.159613036666,-3.366150901889));
#2948=VECTOR('',#2949,1.);
#2949=DIRECTION('',(-0.544770019249,0.63753529491,0.544770019249));
#2950=ORIENTED_EDGE('',*,*,#2951,.T.);
#2951=EDGE_CURVE('',#2942,#2952,#2954,.T.);
#2952=VERTEX_POINT('',#2953);
#2953=CARTESIAN_POINT('',(-0.12,-0.12,-3.4));
#2954=LINE('',#2955,#36);
#2955=CARTESIAN_POINT('',(-0.12,0.32,-3.4));
#2956=ORIENTED_EDGE('',*,*,#2957,.T.);
#2957=EDGE_CURVE('',#2952,#2958,#2960,.T.);
#2958=VERTEX_POINT('',#2959);
#2959=CARTESIAN_POINT('',(-0.317552593066,-0.288807485305,-3.202447406934));
#2960=LINE('',#2961,#2962);
#2961=CARTESIAN_POINT('',(-3.848855660758E-02,-5.034896900541E-02,-3.481511443392));
#2962=VECTOR('',#2963,1.);
#2963=DIRECTION('',(-0.605209817607,-0.517148096144,0.605209817607));
#2964=ORIENTED_EDGE('',*,*,#2965,.T.);
#2965=EDGE_CURVE('',#2958,#2154,#2966,.T.);
#2966=LINE('',#2967,#2968);
#2967=CARTESIAN_POINT('',(-8.569083447333E-02,-0.325417236662,-3.434309165527));
#2968=VECTOR('',#2969,1.);
#2969=DIRECTION('',(-0.702740385383,0.110959008218,0.702740385383));
#2970=ORIENTED_EDGE('',*,*,#2151,.F.);
#2971=ORIENTED_EDGE('',*,*,#2972,.F.);
#2972=EDGE_CURVE('',#2944,#2152,#2973,.T.);
#2973=LINE('',#2974,#2968);
#2974=CARTESIAN_POINT('',(-0.541586867305,0.386566347469,-2.978413132695));
#2975=PLANE('',#2976);
#2976=AXIS2_PLACEMENT_3D('',#2977,#602,#49);
#2977=CARTESIAN_POINT('',(-0.22,0.32,-3.3));
#2978=ADVANCED_FACE('',(#2979),#2997,.F.);
#2979=FACE_BOUND('',#2980,.F.);
#2980=EDGE_LOOP('',(#2981,#2982,#2185,#2971,#2985,#2991));
#2981=ORIENTED_EDGE('',*,*,#2232,.F.);
#2982=ORIENTED_EDGE('',*,*,#2983,.T.);
#2983=EDGE_CURVE('',#2228,#2180,#2984,.T.);
#2984=LINE('',#2229,#28);
#2985=ORIENTED_EDGE('',*,*,#2986,.F.);
#2986=EDGE_CURVE('',#2987,#2944,#2989,.T.);
#2987=VERTEX_POINT('',#2988);
#2988=CARTESIAN_POINT('',(0.317552593066,0.351192514695,-3.202447406934));
#2989=LINE('',#2990,#28);
#2990=CARTESIAN_POINT('',(0.32,0.351192514695,-3.202447406934));
#2991=ORIENTED_EDGE('',*,*,#2992,.T.);
#2992=EDGE_CURVE('',#2987,#2205,#2993,.T.);
#2993=LINE('',#2994,#2995);
#2994=CARTESIAN_POINT('',(0.699616963064,0.411518467852,-2.820383036936));
#2995=VECTOR('',#2996,1.);
#2996=DIRECTION('',(0.702740385383,0.110959008218,0.702740385383));
#2997=PLANE('',#2998);
#2998=AXIS2_PLACEMENT_3D('',#2229,#2999,#2189);
#2999=DIRECTION('',(-1.209660753807E-16,-0.987762965329,0.155962573473));
#3000=ADVANCED_FACE('',(#3001),#3006,.F.);
#3001=FACE_BOUND('',#3002,.F.);
#3002=EDGE_LOOP('',(#3003,#2178,#3004,#3005));
#3003=ORIENTED_EDGE('',*,*,#2240,.T.);
#3004=ORIENTED_EDGE('',*,*,#2983,.F.);
#3005=ORIENTED_EDGE('',*,*,#2227,.F.);
#3006=PLANE('',#3007);
#3007=AXIS2_PLACEMENT_3D('',#2225,#3008,#2184);
#3008=DIRECTION('',(-1.095357396528E-16,-0.894427191,-0.4472135955));
#3009=ADVANCED_FACE('',(#3010),#3017,.F.);
#3010=FACE_BOUND('',#3011,.F.);
#3011=EDGE_LOOP('',(#3012,#2166,#3015,#3016));
#3012=ORIENTED_EDGE('',*,*,#3013,.T.);
#3013=EDGE_CURVE('',#2213,#2160,#3014,.T.);
#3014=LINE('',#2214,#28);
#3015=ORIENTED_EDGE('',*,*,#2197,.F.);
#3016=ORIENTED_EDGE('',*,*,#2218,.F.);
#3017=PLANE('',#3018);
#3018=AXIS2_PLACEMENT_3D('',#2214,#3019,#2171);
#3019=DIRECTION('',(1.095357396528E-16,0.894427191,0.4472135955));
#3020=ADVANCED_FACE('',(#3021),#3035,.F.);
#3021=FACE_BOUND('',#3022,.F.);
#3022=EDGE_LOOP('',(#3023,#3024,#3030,#2964,#2158,#3034));
#3023=ORIENTED_EDGE('',*,*,#2212,.F.);
#3024=ORIENTED_EDGE('',*,*,#3025,.F.);
#3025=EDGE_CURVE('',#3026,#2207,#3028,.T.);
#3026=VERTEX_POINT('',#3027);
#3027=CARTESIAN_POINT('',(0.317552593066,-0.288807485305,-3.202447406934));
#3028=LINE('',#3029,#2995);
#3029=CARTESIAN_POINT('',(0.243720930233,-0.300465116279,-3.276279069767));
#3030=ORIENTED_EDGE('',*,*,#3031,.T.);
#3031=EDGE_CURVE('',#3026,#2958,#3032,.T.);
#3032=LINE('',#3033,#28);
#3033=CARTESIAN_POINT('',(0.32,-0.288807485305,-3.202447406934));
#3034=ORIENTED_EDGE('',*,*,#3013,.F.);
#3035=PLANE('',#3036);
#3036=AXIS2_PLACEMENT_3D('',#2216,#3037,#2165);
#3037=DIRECTION('',(1.209660753807E-16,0.987762965329,-0.155962573473));
#3038=ADVANCED_FACE('',(#3039),#3064,.T.);
#3039=FACE_BOUND('',#3040,.F.);
#3040=EDGE_LOOP('',(#3041,#3049,#3050,#3051,#3052,#3060));
#3041=ORIENTED_EDGE('',*,*,#3042,.T.);
#3042=EDGE_CURVE('',#3043,#3026,#3045,.T.);
#3043=VERTEX_POINT('',#3044);
#3044=CARTESIAN_POINT('',(0.12,-0.12,-3.4));
#3045=LINE('',#3046,#3047);
#3046=CARTESIAN_POINT('',(0.155697812072,-0.150503562587,-3.364302187928));
#3047=VECTOR('',#3048,1.);
#3048=DIRECTION('',(0.605209817607,-0.517148096144,0.605209817607));
#3049=ORIENTED_EDGE('',*,*,#3025,.T.);
#3050=ORIENTED_EDGE('',*,*,#2204,.F.);
#3051=ORIENTED_EDGE('',*,*,#2992,.F.);
#3052=ORIENTED_EDGE('',*,*,#3053,.F.);
#3053=EDGE_CURVE('',#3054,#2987,#3056,.T.);
#3054=VERTEX_POINT('',#3055);
#3055=CARTESIAN_POINT('',(0.12,0.12,-3.4));
#3056=LINE('',#3057,#3058);
#3057=CARTESIAN_POINT('',(0.24881689775,0.270752273427,-3.27118310225));
#3058=VECTOR('',#3059,1.);
#3059=DIRECTION('',(0.544770019249,0.63753529491,0.544770019249));
#3060=ORIENTED_EDGE('',*,*,#3061,.T.);
#3061=EDGE_CURVE('',#3054,#3043,#3062,.T.);
#3062=LINE('',#3063,#36);
#3063=CARTESIAN_POINT('',(0.12,0.32,-3.4));
#3064=PLANE('',#3065);
#3065=AXIS2_PLACEMENT_3D('',#3066,#102,#49);
#3066=CARTESIAN_POINT('',(0.22,0.32,-3.3));
#3067=ADVANCED_FACE('',(#3068),#3089,.T.);
#3068=FACE_BOUND('',#3069,.F.);
#3069=EDGE_LOOP('',(#3070,#3076,#3082,#3088));
#3070=ORIENTED_EDGE('',*,*,#3071,.F.);
#3071=EDGE_CURVE('',#3072,#2247,#3074,.T.);
#3072=VERTEX_POINT('',#3073);
#3073=CARTESIAN_POINT('',(2.62,0.12,-3.4));
#3074=LINE('',#3075,#2518);
#3075=CARTESIAN_POINT('',(2.753333333333,0.253333333333,-3.266666666667));
#3076=ORIENTED_EDGE('',*,*,#3077,.T.);
#3077=EDGE_CURVE('',#3072,#3078,#3080,.T.);
#3078=VERTEX_POINT('',#3079);
#3079=CARTESIAN_POINT('',(2.62,-0.12,-3.4));
#3080=LINE('',#3081,#36);
#3081=CARTESIAN_POINT('',(2.62,0.32,-3.4));
#3082=ORIENTED_EDGE('',*,*,#3083,.T.);
#3083=EDGE_CURVE('',#3078,#2249,#3084,.T.);
#3084=LINE('',#3085,#3086);
#3085=CARTESIAN_POINT('',(2.646666666667,-0.146666666667,-3.373333333333));
#3086=VECTOR('',#3087,1.);
#3087=DIRECTION('',(0.57735026919,-0.57735026919,0.57735026919));
#3088=ORIENTED_EDGE('',*,*,#2246,.F.);
#3089=PLANE('',#3090);
#3090=AXIS2_PLACEMENT_3D('',#3091,#102,#49);
#3091=CARTESIAN_POINT('',(2.72,0.32,-3.3));
#3092=ADVANCED_FACE('',(#3093),#3105,.T.);
#3093=FACE_BOUND('',#3094,.T.);
#3094=EDGE_LOOP('',(#3070,#3095,#3101,#2266));
#3095=ORIENTED_EDGE('',*,*,#3096,.T.);
#3096=EDGE_CURVE('',#3072,#3097,#3099,.T.);
#3097=VERTEX_POINT('',#3098);
#3098=CARTESIAN_POINT('',(2.38,0.12,-3.4));
#3099=LINE('',#3100,#28);
#3100=CARTESIAN_POINT('',(2.82,0.12,-3.4));
#3101=ORIENTED_EDGE('',*,*,#3102,.T.);
#3102=EDGE_CURVE('',#3097,#2264,#3103,.T.);
#3103=LINE('',#3104,#2543);
#3104=CARTESIAN_POINT('',(2.353333333333,0.146666666667,-3.373333333333));
#3105=PLANE('',#3106);
#3106=AXIS2_PLACEMENT_3D('',#3107,#3108,#29);
#3107=CARTESIAN_POINT('',(2.82,0.22,-3.3));
#3108=DIRECTION('',(8.48601883969E-17,0.707106781187,-0.707106781187));
#3109=ADVANCED_FACE('',(#3110),#3126,.F.);
#3110=FACE_BOUND('',#3111,.T.);
#3111=EDGE_LOOP('',(#3112,#3113,#3119,#3125));
#3112=ORIENTED_EDGE('',*,*,#3102,.F.);
#3113=ORIENTED_EDGE('',*,*,#3114,.T.);
#3114=EDGE_CURVE('',#3097,#3115,#3117,.T.);
#3115=VERTEX_POINT('',#3116);
#3116=CARTESIAN_POINT('',(2.38,-0.12,-3.4));
#3117=LINE('',#3118,#36);
#3118=CARTESIAN_POINT('',(2.38,0.32,-3.4));
#3119=ORIENTED_EDGE('',*,*,#3120,.T.);
#3120=EDGE_CURVE('',#3115,#2274,#3121,.T.);
#3121=LINE('',#3122,#3123);
#3122=CARTESIAN_POINT('',(2.46,-4.E-02,-3.48));
#3123=VECTOR('',#3124,1.);
#3124=DIRECTION('',(-0.57735026919,-0.57735026919,0.57735026919));
#3125=ORIENTED_EDGE('',*,*,#2273,.F.);
#3126=PLANE('',#3127);
#3127=AXIS2_PLACEMENT_3D('',#3128,#602,#49);
#3128=CARTESIAN_POINT('',(2.28,0.32,-3.3));
#3129=ADVANCED_FACE('',(#3130),#3138,.T.);
#3130=FACE_BOUND('',#3131,.F.);
#3131=EDGE_LOOP('',(#3132,#3133,#3119,#3137));
#3132=ORIENTED_EDGE('',*,*,#3083,.F.);
#3133=ORIENTED_EDGE('',*,*,#3134,.T.);
#3134=EDGE_CURVE('',#3078,#3115,#3135,.T.);
#3135=LINE('',#3136,#28);
#3136=CARTESIAN_POINT('',(2.82,-0.12,-3.4));
#3137=ORIENTED_EDGE('',*,*,#2284,.F.);
#3138=PLANE('',#3139);
#3139=AXIS2_PLACEMENT_3D('',#3140,#184,#14);
#3140=CARTESIAN_POINT('',(2.82,-0.22,-3.3));
#3141=ADVANCED_FACE('',(#3142),#3161,.F.);
#3142=FACE_BOUND('',#3143,.T.);
#3143=EDGE_LOOP('',(#3144,#3150,#3156,#3160));
#3144=ORIENTED_EDGE('',*,*,#3145,.F.);
#3145=EDGE_CURVE('',#3146,#2292,#3148,.T.);
#3146=VERTEX_POINT('',#3147);
#3147=CARTESIAN_POINT('',(4.88,0.12,-3.4));
#3148=LINE('',#3149,#2543);
#3149=CARTESIAN_POINT('',(4.853333333333,0.146666666667,-3.373333333333));
#3150=ORIENTED_EDGE('',*,*,#3151,.T.);
#3151=EDGE_CURVE('',#3146,#3152,#3154,.T.);
#3152=VERTEX_POINT('',#3153);
#3153=CARTESIAN_POINT('',(4.88,-0.12,-3.4));
#3154=LINE('',#3155,#36);
#3155=CARTESIAN_POINT('',(4.88,0.32,-3.4));
#3156=ORIENTED_EDGE('',*,*,#3157,.T.);
#3157=EDGE_CURVE('',#3152,#2294,#3158,.T.);
#3158=LINE('',#3159,#3123);
#3159=CARTESIAN_POINT('',(4.96,-4.E-02,-3.48));
#3160=ORIENTED_EDGE('',*,*,#2291,.F.);
#3161=PLANE('',#3162);
#3162=AXIS2_PLACEMENT_3D('',#3163,#602,#49);
#3163=CARTESIAN_POINT('',(4.78,0.32,-3.3));
#3164=ADVANCED_FACE('',(#3165),#3178,.T.);
#3165=FACE_BOUND('',#3166,.F.);
#3166=EDGE_LOOP('',(#3167,#3173,#3156,#3177));
#3167=ORIENTED_EDGE('',*,*,#3168,.F.);
#3168=EDGE_CURVE('',#3169,#2306,#3171,.T.);
#3169=VERTEX_POINT('',#3170);
#3170=CARTESIAN_POINT('',(5.12,-0.12,-3.4));
#3171=LINE('',#3172,#3086);
#3172=CARTESIAN_POINT('',(5.146666666667,-0.146666666667,-3.373333333333));
#3173=ORIENTED_EDGE('',*,*,#3174,.T.);
#3174=EDGE_CURVE('',#3169,#3152,#3175,.T.);
#3175=LINE('',#3176,#28);
#3176=CARTESIAN_POINT('',(5.32,-0.12,-3.4));
#3177=ORIENTED_EDGE('',*,*,#2309,.F.);
#3178=PLANE('',#3179);
#3179=AXIS2_PLACEMENT_3D('',#3180,#184,#14);
#3180=CARTESIAN_POINT('',(5.32,-0.22,-3.3));
#3181=ADVANCED_FACE('',(#3182),#3196,.T.);
#3182=FACE_BOUND('',#3183,.F.);
#3183=EDGE_LOOP('',(#3184,#3190,#3194,#3195));
#3184=ORIENTED_EDGE('',*,*,#3185,.F.);
#3185=EDGE_CURVE('',#3186,#2317,#3188,.T.);
#3186=VERTEX_POINT('',#3187);
#3187=CARTESIAN_POINT('',(5.12,0.12,-3.4));
#3188=LINE('',#3189,#2518);
#3189=CARTESIAN_POINT('',(5.253333333333,0.253333333333,-3.266666666667));
#3190=ORIENTED_EDGE('',*,*,#3191,.T.);
#3191=EDGE_CURVE('',#3186,#3169,#3192,.T.);
#3192=LINE('',#3193,#36);
#3193=CARTESIAN_POINT('',(5.12,0.32,-3.4));
#3194=ORIENTED_EDGE('',*,*,#3168,.T.);
#3195=ORIENTED_EDGE('',*,*,#2316,.F.);
#3196=PLANE('',#3197);
#3197=AXIS2_PLACEMENT_3D('',#3198,#102,#49);
#3198=CARTESIAN_POINT('',(5.22,0.32,-3.3));
#3199=ADVANCED_FACE('',(#3200),#3207,.T.);
#3200=FACE_BOUND('',#3201,.T.);
#3201=EDGE_LOOP('',(#3184,#3202,#3206,#2329));
#3202=ORIENTED_EDGE('',*,*,#3203,.T.);
#3203=EDGE_CURVE('',#3186,#3146,#3204,.T.);
#3204=LINE('',#3205,#28);
#3205=CARTESIAN_POINT('',(5.32,0.12,-3.4));
#3206=ORIENTED_EDGE('',*,*,#3145,.T.);
#3207=PLANE('',#3208);
#3208=AXIS2_PLACEMENT_3D('',#3209,#3108,#29);
#3209=CARTESIAN_POINT('',(5.32,0.22,-3.3));
#3210=ADVANCED_FACE('',(#3211),#3230,.F.);
#3211=FACE_BOUND('',#3212,.T.);
#3212=EDGE_LOOP('',(#3213,#3219,#3225,#3229));
#3213=ORIENTED_EDGE('',*,*,#3214,.F.);
#3214=EDGE_CURVE('',#3215,#2337,#3217,.T.);
#3215=VERTEX_POINT('',#3216);
#3216=CARTESIAN_POINT('',(7.38,0.12,-3.4));
#3217=LINE('',#3218,#2543);
#3218=CARTESIAN_POINT('',(7.353333333333,0.146666666667,-3.373333333333));
#3219=ORIENTED_EDGE('',*,*,#3220,.T.);
#3220=EDGE_CURVE('',#3215,#3221,#3223,.T.);
#3221=VERTEX_POINT('',#3222);
#3222=CARTESIAN_POINT('',(7.38,-0.12,-3.4));
#3223=LINE('',#3224,#36);
#3224=CARTESIAN_POINT('',(7.38,0.32,-3.4));
#3225=ORIENTED_EDGE('',*,*,#3226,.T.);
#3226=EDGE_CURVE('',#3221,#2339,#3227,.T.);
#3227=LINE('',#3228,#3123);
#3228=CARTESIAN_POINT('',(7.46,-4.E-02,-3.48));
#3229=ORIENTED_EDGE('',*,*,#2336,.F.);
#3230=PLANE('',#3231);
#3231=AXIS2_PLACEMENT_3D('',#3232,#602,#49);
#3232=CARTESIAN_POINT('',(7.28,0.32,-3.3));
#3233=ADVANCED_FACE('',(#3234),#3247,.T.);
#3234=FACE_BOUND('',#3235,.F.);
#3235=EDGE_LOOP('',(#3236,#3242,#3225,#3246));
#3236=ORIENTED_EDGE('',*,*,#3237,.F.);
#3237=EDGE_CURVE('',#3238,#2351,#3240,.T.);
#3238=VERTEX_POINT('',#3239);
#3239=CARTESIAN_POINT('',(7.62,-0.12,-3.4));
#3240=LINE('',#3241,#3086);
#3241=CARTESIAN_POINT('',(7.646666666667,-0.146666666667,-3.373333333333));
#3242=ORIENTED_EDGE('',*,*,#3243,.T.);
#3243=EDGE_CURVE('',#3238,#3221,#3244,.T.);
#3244=LINE('',#3245,#28);
#3245=CARTESIAN_POINT('',(7.82,-0.12,-3.4));
#3246=ORIENTED_EDGE('',*,*,#2354,.F.);
#3247=PLANE('',#3248);
#3248=AXIS2_PLACEMENT_3D('',#3249,#184,#14);
#3249=CARTESIAN_POINT('',(7.82,-0.22,-3.3));
#3250=ADVANCED_FACE('',(#3251),#3265,.T.);
#3251=FACE_BOUND('',#3252,.F.);
#3252=EDGE_LOOP('',(#3253,#3259,#3263,#3264));
#3253=ORIENTED_EDGE('',*,*,#3254,.F.);
#3254=EDGE_CURVE('',#3255,#2362,#3257,.T.);
#3255=VERTEX_POINT('',#3256);
#3256=CARTESIAN_POINT('',(7.62,0.12,-3.4));
#3257=LINE('',#3258,#2518);
#3258=CARTESIAN_POINT('',(7.753333333333,0.253333333333,-3.266666666667));
#3259=ORIENTED_EDGE('',*,*,#3260,.T.);
#3260=EDGE_CURVE('',#3255,#3238,#3261,.T.);
#3261=LINE('',#3262,#36);
#3262=CARTESIAN_POINT('',(7.62,0.32,-3.4));
#3263=ORIENTED_EDGE('',*,*,#3237,.T.);
#3264=ORIENTED_EDGE('',*,*,#2361,.F.);
#3265=PLANE('',#3266);
#3266=AXIS2_PLACEMENT_3D('',#3267,#102,#49);
#3267=CARTESIAN_POINT('',(7.72,0.32,-3.3));
#3268=ADVANCED_FACE('',(#3269),#3276,.T.);
#3269=FACE_BOUND('',#3270,.T.);
#3270=EDGE_LOOP('',(#3253,#3271,#3275,#2374));
#3271=ORIENTED_EDGE('',*,*,#3272,.T.);
#3272=EDGE_CURVE('',#3255,#3215,#3273,.T.);
#3273=LINE('',#3274,#28);
#3274=CARTESIAN_POINT('',(7.82,0.12,-3.4));
#3275=ORIENTED_EDGE('',*,*,#3214,.T.);
#3276=PLANE('',#3277);
#3277=AXIS2_PLACEMENT_3D('',#3278,#3108,#29);
#3278=CARTESIAN_POINT('',(7.82,0.22,-3.3));
#3279=ADVANCED_FACE('',(#3280),#3299,.F.);
#3280=FACE_BOUND('',#3281,.T.);
#3281=EDGE_LOOP('',(#3282,#3288,#3294,#3298));
#3282=ORIENTED_EDGE('',*,*,#3283,.F.);
#3283=EDGE_CURVE('',#3284,#2382,#3286,.T.);
#3284=VERTEX_POINT('',#3285);
#3285=CARTESIAN_POINT('',(9.88,0.12,-3.4));
#3286=LINE('',#3287,#2543);
#3287=CARTESIAN_POINT('',(9.853333333333,0.146666666667,-3.373333333333));
#3288=ORIENTED_EDGE('',*,*,#3289,.T.);
#3289=EDGE_CURVE('',#3284,#3290,#3292,.T.);
#3290=VERTEX_POINT('',#3291);
#3291=CARTESIAN_POINT('',(9.88,-0.12,-3.4));
#3292=LINE('',#3293,#36);
#3293=CARTESIAN_POINT('',(9.88,0.32,-3.4));
#3294=ORIENTED_EDGE('',*,*,#3295,.T.);
#3295=EDGE_CURVE('',#3290,#2384,#3296,.T.);
#3296=LINE('',#3297,#3123);
#3297=CARTESIAN_POINT('',(9.96,-4.E-02,-3.48));
#3298=ORIENTED_EDGE('',*,*,#2381,.F.);
#3299=PLANE('',#3300);
#3300=AXIS2_PLACEMENT_3D('',#3301,#602,#49);
#3301=CARTESIAN_POINT('',(9.78,0.32,-3.3));
#3302=ADVANCED_FACE('',(#3303),#3316,.T.);
#3303=FACE_BOUND('',#3304,.F.);
#3304=EDGE_LOOP('',(#3305,#3311,#3294,#3315));
#3305=ORIENTED_EDGE('',*,*,#3306,.F.);
#3306=EDGE_CURVE('',#3307,#2396,#3309,.T.);
#3307=VERTEX_POINT('',#3308);
#3308=CARTESIAN_POINT('',(10.12,-0.12,-3.4));
#3309=LINE('',#3310,#3086);
#3310=CARTESIAN_POINT('',(10.146666666667,-0.146666666667,-3.373333333333));
#3311=ORIENTED_EDGE('',*,*,#3312,.T.);
#3312=EDGE_CURVE('',#3307,#3290,#3313,.T.);
#3313=LINE('',#3314,#28);
#3314=CARTESIAN_POINT('',(10.32,-0.12,-3.4));
#3315=ORIENTED_EDGE('',*,*,#2399,.F.);
#3316=PLANE('',#3317);
#3317=AXIS2_PLACEMENT_3D('',#3318,#184,#14);
#3318=CARTESIAN_POINT('',(10.32,-0.22,-3.3));
#3319=ADVANCED_FACE('',(#3320),#3334,.T.);
#3320=FACE_BOUND('',#3321,.F.);
#3321=EDGE_LOOP('',(#3322,#3328,#3332,#3333));
#3322=ORIENTED_EDGE('',*,*,#3323,.F.);
#3323=EDGE_CURVE('',#3324,#2407,#3326,.T.);
#3324=VERTEX_POINT('',#3325);
#3325=CARTESIAN_POINT('',(10.12,0.12,-3.4));
#3326=LINE('',#3327,#2518);
#3327=CARTESIAN_POINT('',(10.253333333333,0.253333333333,-3.266666666667));
#3328=ORIENTED_EDGE('',*,*,#3329,.T.);
#3329=EDGE_CURVE('',#3324,#3307,#3330,.T.);
#3330=LINE('',#3331,#36);
#3331=CARTESIAN_POINT('',(10.12,0.32,-3.4));
#3332=ORIENTED_EDGE('',*,*,#3306,.T.);
#3333=ORIENTED_EDGE('',*,*,#2406,.F.);
#3334=PLANE('',#3335);
#3335=AXIS2_PLACEMENT_3D('',#3336,#102,#49);
#3336=CARTESIAN_POINT('',(10.22,0.32,-3.3));
#3337=ADVANCED_FACE('',(#3338),#3345,.T.);
#3338=FACE_BOUND('',#3339,.T.);
#3339=EDGE_LOOP('',(#3322,#3340,#3344,#2419));
#3340=ORIENTED_EDGE('',*,*,#3341,.T.);
#3341=EDGE_CURVE('',#3324,#3284,#3342,.T.);
#3342=LINE('',#3343,#28);
#3343=CARTESIAN_POINT('',(10.32,0.12,-3.4));
#3344=ORIENTED_EDGE('',*,*,#3283,.T.);
#3345=PLANE('',#3346);
#3346=AXIS2_PLACEMENT_3D('',#3347,#3108,#29);
#3347=CARTESIAN_POINT('',(10.32,0.22,-3.3));
#3348=ADVANCED_FACE('',(#3349),#3356,.F.);
#3349=FACE_BOUND('',#3350,.F.);
#3350=EDGE_LOOP('',(#3351,#2460,#3352,#3355));
#3351=ORIENTED_EDGE('',*,*,#2435,.T.);
#3352=ORIENTED_EDGE('',*,*,#3353,.F.);
#3353=EDGE_CURVE('',#2503,#2462,#3354,.T.);
#3354=LINE('',#2504,#28);
#3355=ORIENTED_EDGE('',*,*,#2502,.F.);
#3356=PLANE('',#3357);
#3357=AXIS2_PLACEMENT_3D('',#2428,#3008,#2184);
#3358=ADVANCED_FACE('',(#3359),#3390,.F.);
#3359=FACE_BOUND('',#3360,.T.);
#3360=EDGE_LOOP('',(#3361,#3369,#3375,#3381,#3385,#3386));
#3361=ORIENTED_EDGE('',*,*,#3362,.F.);
#3362=EDGE_CURVE('',#3363,#3365,#3367,.T.);
#3363=VERTEX_POINT('',#3364);
#3364=CARTESIAN_POINT('',(12.38,0.12,-3.4));
#3365=VERTEX_POINT('',#3366);
#3366=CARTESIAN_POINT('',(12.182447406934,0.351192514695,-3.202447406934));
#3367=LINE('',#3368,#2948);
#3368=CARTESIAN_POINT('',(12.346150901889,0.159613036666,-3.366150901889));
#3369=ORIENTED_EDGE('',*,*,#3370,.T.);
#3370=EDGE_CURVE('',#3363,#3371,#3373,.T.);
#3371=VERTEX_POINT('',#3372);
#3372=CARTESIAN_POINT('',(12.38,-0.12,-3.4));
#3373=LINE('',#3374,#36);
#3374=CARTESIAN_POINT('',(12.38,0.32,-3.4));
#3375=ORIENTED_EDGE('',*,*,#3376,.T.);
#3376=EDGE_CURVE('',#3371,#3377,#3379,.T.);
#3377=VERTEX_POINT('',#3378);
#3378=CARTESIAN_POINT('',(12.182447406934,-0.288807485305,-3.202447406934));
#3379=LINE('',#3380,#2962);
#3380=CARTESIAN_POINT('',(12.461511443392,-5.034896900541E-02,-3.481511443392));
#3381=ORIENTED_EDGE('',*,*,#3382,.T.);
#3382=EDGE_CURVE('',#3377,#2444,#3383,.T.);
#3383=LINE('',#3384,#2968);
#3384=CARTESIAN_POINT('',(12.414309165527,-0.325417236662,-3.434309165527));
#3385=ORIENTED_EDGE('',*,*,#2441,.F.);
#3386=ORIENTED_EDGE('',*,*,#3387,.F.);
#3387=EDGE_CURVE('',#3365,#2442,#3388,.T.);
#3388=LINE('',#3389,#2968);
#3389=CARTESIAN_POINT('',(11.958413132695,0.386566347469,-2.978413132695));
#3390=PLANE('',#3391);
#3391=AXIS2_PLACEMENT_3D('',#3392,#602,#49);
#3392=CARTESIAN_POINT('',(12.28,0.32,-3.3));
#3393=ADVANCED_FACE('',(#3394),#3408,.F.);
#3394=FACE_BOUND('',#3395,.F.);
#3395=EDGE_LOOP('',(#3396,#3397,#2465,#3386,#3398,#3404));
#3396=ORIENTED_EDGE('',*,*,#2507,.F.);
#3397=ORIENTED_EDGE('',*,*,#3353,.T.);
#3398=ORIENTED_EDGE('',*,*,#3399,.F.);
#3399=EDGE_CURVE('',#3400,#3365,#3402,.T.);
#3400=VERTEX_POINT('',#3401);
#3401=CARTESIAN_POINT('',(12.817552593066,0.351192514695,-3.202447406934));
#3402=LINE('',#3403,#28);
#3403=CARTESIAN_POINT('',(12.82,0.351192514695,-3.202447406934));
#3404=ORIENTED_EDGE('',*,*,#3405,.T.);
#3405=EDGE_CURVE('',#3400,#2483,#3406,.T.);
#3406=LINE('',#3407,#2995);
#3407=CARTESIAN_POINT('',(13.199616963064,0.411518467852,-2.820383036936));
#3408=PLANE('',#3409);
#3409=AXIS2_PLACEMENT_3D('',#2504,#2999,#2189);
#3410=ADVANCED_FACE('',(#3411),#3418,.F.);
#3411=FACE_BOUND('',#3412,.F.);
#3412=EDGE_LOOP('',(#3413,#2454,#3416,#3417));
#3413=ORIENTED_EDGE('',*,*,#3414,.T.);
#3414=EDGE_CURVE('',#2491,#2450,#3415,.T.);
#3415=LINE('',#2492,#28);
#3416=ORIENTED_EDGE('',*,*,#2475,.F.);
#3417=ORIENTED_EDGE('',*,*,#2496,.F.);
#3418=PLANE('',#3419);
#3419=AXIS2_PLACEMENT_3D('',#2492,#3019,#2171);
#3420=ADVANCED_FACE('',(#3421),#3435,.F.);
#3421=FACE_BOUND('',#3422,.F.);
#3422=EDGE_LOOP('',(#3423,#3424,#3430,#3381,#2448,#3434));
#3423=ORIENTED_EDGE('',*,*,#2490,.F.);
#3424=ORIENTED_EDGE('',*,*,#3425,.F.);
#3425=EDGE_CURVE('',#3426,#2485,#3428,.T.);
#3426=VERTEX_POINT('',#3427);
#3427=CARTESIAN_POINT('',(12.817552593066,-0.288807485305,-3.202447406934));
#3428=LINE('',#3429,#2995);
#3429=CARTESIAN_POINT('',(12.743720930233,-0.300465116279,-3.276279069767));
#3430=ORIENTED_EDGE('',*,*,#3431,.T.);
#3431=EDGE_CURVE('',#3426,#3377,#3432,.T.);
#3432=LINE('',#3433,#28);
#3433=CARTESIAN_POINT('',(12.82,-0.288807485305,-3.202447406934));
#3434=ORIENTED_EDGE('',*,*,#3414,.F.);
#3435=PLANE('',#3436);
#3436=AXIS2_PLACEMENT_3D('',#2494,#3037,#2165);
#3437=ADVANCED_FACE('',(#3438),#3459,.T.);
#3438=FACE_BOUND('',#3439,.F.);
#3439=EDGE_LOOP('',(#3440,#3446,#3447,#3448,#3449,#3455));
#3440=ORIENTED_EDGE('',*,*,#3441,.T.);
#3441=EDGE_CURVE('',#3442,#3426,#3444,.T.);
#3442=VERTEX_POINT('',#3443);
#3443=CARTESIAN_POINT('',(12.62,-0.12,-3.4));
#3444=LINE('',#3445,#3047);
#3445=CARTESIAN_POINT('',(12.655697812072,-0.150503562587,-3.364302187928));
#3446=ORIENTED_EDGE('',*,*,#3425,.T.);
#3447=ORIENTED_EDGE('',*,*,#2482,.F.);
#3448=ORIENTED_EDGE('',*,*,#3405,.F.);
#3449=ORIENTED_EDGE('',*,*,#3450,.F.);
#3450=EDGE_CURVE('',#3451,#3400,#3453,.T.);
#3451=VERTEX_POINT('',#3452);
#3452=CARTESIAN_POINT('',(12.62,0.12,-3.4));
#3453=LINE('',#3454,#3058);
#3454=CARTESIAN_POINT('',(12.74881689775,0.270752273427,-3.27118310225));
#3455=ORIENTED_EDGE('',*,*,#3456,.T.);
#3456=EDGE_CURVE('',#3451,#3442,#3457,.T.);
#3457=LINE('',#3458,#36);
#3458=CARTESIAN_POINT('',(12.62,0.32,-3.4));
#3459=PLANE('',#3460);
#3460=AXIS2_PLACEMENT_3D('',#3461,#102,#49);
#3461=CARTESIAN_POINT('',(12.72,0.32,-3.3));
#3462=ADVANCED_FACE('',(#3463),#3468,.F.);
#3463=FACE_BOUND('',#3464,.F.);
#3464=EDGE_LOOP('',(#3465,#2520,#3466,#3467));
#3465=ORIENTED_EDGE('',*,*,#2547,.T.);
#3466=ORIENTED_EDGE('',*,*,#2577,.F.);
#3467=ORIENTED_EDGE('',*,*,#2559,.F.);
#3468=PLANE('',#3469);
#3469=AXIS2_PLACEMENT_3D('',#3470,#84,#49);
#3470=CARTESIAN_POINT('',(10.32,-0.32,6.5));
#3471=ADVANCED_FACE('',(#3472),#3477,.F.);
#3472=FACE_BOUND('',#3473,.F.);
#3473=EDGE_LOOP('',(#3474,#2594,#3475,#3476));
#3474=ORIENTED_EDGE('',*,*,#2619,.T.);
#3475=ORIENTED_EDGE('',*,*,#2648,.F.);
#3476=ORIENTED_EDGE('',*,*,#2630,.F.);
#3477=PLANE('',#3478);
#3478=AXIS2_PLACEMENT_3D('',#3479,#84,#49);
#3479=CARTESIAN_POINT('',(7.82,-0.32,6.5));
#3480=ADVANCED_FACE('',(#3481),#3486,.F.);
#3481=FACE_BOUND('',#3482,.F.);
#3482=EDGE_LOOP('',(#3483,#2664,#3484,#3485));
#3483=ORIENTED_EDGE('',*,*,#2689,.T.);
#3484=ORIENTED_EDGE('',*,*,#2718,.F.);
#3485=ORIENTED_EDGE('',*,*,#2700,.F.);
#3486=PLANE('',#3487);
#3487=AXIS2_PLACEMENT_3D('',#3488,#84,#49);
#3488=CARTESIAN_POINT('',(5.32,-0.32,6.5));
#3489=ADVANCED_FACE('',(#3490),#3495,.F.);
#3490=FACE_BOUND('',#3491,.F.);
#3491=EDGE_LOOP('',(#3492,#3493,#3494,#2757));
#3492=ORIENTED_EDGE('',*,*,#2735,.F.);
#3493=ORIENTED_EDGE('',*,*,#2789,.F.);
#3494=ORIENTED_EDGE('',*,*,#2778,.T.);
#3495=PLANE('',#3496);
#3496=AXIS2_PLACEMENT_3D('',#3497,#84,#49);
#3497=CARTESIAN_POINT('',(12.82,-0.32,6.5));
#3498=ADVANCED_FACE('',(#3499),#3504,.F.);
#3499=FACE_BOUND('',#3500,.F.);
#3500=EDGE_LOOP('',(#3501,#2847,#3502,#3503));
#3501=ORIENTED_EDGE('',*,*,#2861,.T.);
#3502=ORIENTED_EDGE('',*,*,#2825,.F.);
#3503=ORIENTED_EDGE('',*,*,#2807,.F.);
#3504=PLANE('',#3505);
#3505=AXIS2_PLACEMENT_3D('',#3506,#84,#49);
#3506=CARTESIAN_POINT('',(2.82,-0.32,6.5));
#3507=ADVANCED_FACE('',(#3508),#3513,.F.);
#3508=FACE_BOUND('',#3509,.F.);
#3509=EDGE_LOOP('',(#3510,#3511,#3512,#2876));
#3510=ORIENTED_EDGE('',*,*,#2930,.F.);
#3511=ORIENTED_EDGE('',*,*,#2912,.F.);
#3512=ORIENTED_EDGE('',*,*,#2901,.T.);
#3513=PLANE('',#3514);
#3514=AXIS2_PLACEMENT_3D('',#3515,#84,#49);
#3515=CARTESIAN_POINT('',(0.32,-0.32,6.5));
#3516=ADVANCED_FACE('',(#3517),#3524,.T.);
#3517=FACE_BOUND('',#3518,.T.);
#3518=EDGE_LOOP('',(#3052,#3519,#3523,#2985));
#3519=ORIENTED_EDGE('',*,*,#3520,.T.);
#3520=EDGE_CURVE('',#3054,#2942,#3521,.T.);
#3521=LINE('',#3522,#28);
#3522=CARTESIAN_POINT('',(0.32,0.12,-3.4));
#3523=ORIENTED_EDGE('',*,*,#2941,.T.);
#3524=PLANE('',#3525);
#3525=AXIS2_PLACEMENT_3D('',#3526,#3527,#29);
#3526=CARTESIAN_POINT('',(0.32,0.235596257347,-3.301223703467));
#3527=DIRECTION('',(8.302774088376E-17,0.64962967394,-0.760250805153));
#3528=ADVANCED_FACE('',(#3529),#3536,.F.);
#3529=FACE_BOUND('',#3530,.F.);
#3530=EDGE_LOOP('',(#2950,#3531,#3535,#3519));
#3531=ORIENTED_EDGE('',*,*,#3532,.F.);
#3532=EDGE_CURVE('',#3043,#2952,#3533,.T.);
#3533=LINE('',#3534,#28);
#3534=CARTESIAN_POINT('',(0.32,-0.12,-3.4));
#3535=ORIENTED_EDGE('',*,*,#3061,.F.);
#3536=PLANE('',#3537);
#3537=AXIS2_PLACEMENT_3D('',#3538,#13,#37);
#3538=CARTESIAN_POINT('',(0.32,0.32,-3.4));
#3539=ADVANCED_FACE('',(#3540),#3545,.T.);
#3540=FACE_BOUND('',#3541,.F.);
#3541=EDGE_LOOP('',(#3542,#3543,#2956,#3544));
#3542=ORIENTED_EDGE('',*,*,#3042,.F.);
#3543=ORIENTED_EDGE('',*,*,#3532,.T.);
#3544=ORIENTED_EDGE('',*,*,#3031,.F.);
#3545=PLANE('',#3546);
#3546=AXIS2_PLACEMENT_3D('',#3547,#3548,#14);
#3547=CARTESIAN_POINT('',(0.32,-0.204403742653,-3.301223703467));
#3548=DIRECTION('',(-9.310387150804E-17,-0.760250805153,-0.64962967394));
#3549=ADVANCED_FACE('',(#3550),#3554,.F.);
#3550=FACE_BOUND('',#3551,.F.);
#3551=EDGE_LOOP('',(#3552,#3095,#3113,#3553));
#3552=ORIENTED_EDGE('',*,*,#3077,.F.);
#3553=ORIENTED_EDGE('',*,*,#3134,.F.);
#3554=PLANE('',#3555);
#3555=AXIS2_PLACEMENT_3D('',#3556,#13,#37);
#3556=CARTESIAN_POINT('',(2.82,0.32,-3.4));
#3557=ADVANCED_FACE('',(#3558),#3562,.F.);
#3558=FACE_BOUND('',#3559,.F.);
#3559=EDGE_LOOP('',(#3560,#3202,#3150,#3561));
#3560=ORIENTED_EDGE('',*,*,#3191,.F.);
#3561=ORIENTED_EDGE('',*,*,#3174,.F.);
#3562=PLANE('',#3563);
#3563=AXIS2_PLACEMENT_3D('',#3564,#13,#37);
#3564=CARTESIAN_POINT('',(5.32,0.32,-3.4));
#3565=ADVANCED_FACE('',(#3566),#3570,.F.);
#3566=FACE_BOUND('',#3567,.F.);
#3567=EDGE_LOOP('',(#3568,#3271,#3219,#3569));
#3568=ORIENTED_EDGE('',*,*,#3260,.F.);
#3569=ORIENTED_EDGE('',*,*,#3243,.F.);
#3570=PLANE('',#3571);
#3571=AXIS2_PLACEMENT_3D('',#3572,#13,#37);
#3572=CARTESIAN_POINT('',(7.82,0.32,-3.4));
#3573=ADVANCED_FACE('',(#3574),#3578,.F.);
#3574=FACE_BOUND('',#3575,.F.);
#3575=EDGE_LOOP('',(#3576,#3340,#3288,#3577));
#3576=ORIENTED_EDGE('',*,*,#3329,.F.);
#3577=ORIENTED_EDGE('',*,*,#3312,.F.);
#3578=PLANE('',#3579);
#3579=AXIS2_PLACEMENT_3D('',#3580,#13,#37);
#3580=CARTESIAN_POINT('',(10.32,0.32,-3.4));
#3581=ADVANCED_FACE('',(#3582),#3589,.T.);
#3582=FACE_BOUND('',#3583,.T.);
#3583=EDGE_LOOP('',(#3449,#3584,#3588,#3398));
#3584=ORIENTED_EDGE('',*,*,#3585,.T.);
#3585=EDGE_CURVE('',#3451,#3363,#3586,.T.);
#3586=LINE('',#3587,#28);
#3587=CARTESIAN_POINT('',(12.82,0.12,-3.4));
#3588=ORIENTED_EDGE('',*,*,#3362,.T.);
#3589=PLANE('',#3590);
#3590=AXIS2_PLACEMENT_3D('',#3591,#3527,#29);
#3591=CARTESIAN_POINT('',(12.82,0.235596257347,-3.301223703467));
#3592=ADVANCED_FACE('',(#3593),#3600,.F.);
#3593=FACE_BOUND('',#3594,.F.);
#3594=EDGE_LOOP('',(#3369,#3595,#3599,#3584));
#3595=ORIENTED_EDGE('',*,*,#3596,.F.);
#3596=EDGE_CURVE('',#3442,#3371,#3597,.T.);
#3597=LINE('',#3598,#28);
#3598=CARTESIAN_POINT('',(12.82,-0.12,-3.4));
#3599=ORIENTED_EDGE('',*,*,#3456,.F.);
#3600=PLANE('',#3601);
#3601=AXIS2_PLACEMENT_3D('',#3602,#13,#37);
#3602=CARTESIAN_POINT('',(12.82,0.32,-3.4));
#3603=ADVANCED_FACE('',(#3604),#3609,.T.);
#3604=FACE_BOUND('',#3605,.F.);
#3605=EDGE_LOOP('',(#3606,#3607,#3375,#3608));
#3606=ORIENTED_EDGE('',*,*,#3441,.F.);
#3607=ORIENTED_EDGE('',*,*,#3596,.T.);
#3608=ORIENTED_EDGE('',*,*,#3431,.F.);
#3609=PLANE('',#3610);
#3610=AXIS2_PLACEMENT_3D('',#3611,#3548,#14);
#3611=CARTESIAN_POINT('',(12.82,-0.204403742653,-3.301223703467));
#3612=( GEOMETRIC_REPRESENTATION_CONTEXT(3) GLOBAL_UNCERTAINTY_ASSIGNED_CONTEXT((#3616)) GLOBAL_UNIT_ASSIGNED_CONTEXT((#3613,#3614,#3615)) REPRESENTATION_CONTEXT('Context #1','3D Context with UNIT and UNCERTAINTY') );
#3613=( LENGTH_UNIT() NAMED_UNIT(*) SI_UNIT(.MILLI.,.METRE.) );
#3614=( NAMED_UNIT(*) PLANE_ANGLE_UNIT() SI_UNIT($,.RADIAN.) );
#3615=( NAMED_UNIT(*) SI_UNIT($,.STERADIAN.) SOLID_ANGLE_UNIT() );
#3616=UNCERTAINTY_MEASURE_WITH_UNIT(LENGTH_MEASURE(2.E-05),#3613,'distance_accuracy_value','confusion accuracy');
#3617=MECHANICAL_DESIGN_GEOMETRIC_PRESENTATION_REPRESENTATION('',(#3618,#3626,#3627,#3628,#3629,#3630,#3631,#3632,#3633,#3634,#3635,#3636,#3637,#3638,#3639,#3640,#3641,#3642,#3643,#3644,#3645,#3646,#3647,#3648,#3649,#3650,#3651,#3652,#3653,#3654,#3655,#3656,#3657,#3658,#3659,#3660,#3661,#3662,#3663,#3664,#3665,#3666,#3667,#3668,#3669,#3670,#3671,#3672,#3673,#3674,#3675,#3676,#3677,#3678,#3679,#3680,#3681,#3682,#3683,#3684,#3685,#3686,#3687,#3688,#3689,#3690,#3691,#3692,#3693,#3694,#3695,#3696,#3697,#3698,#3706,#3707,#3708,#3709,#3710,#3711,#3712,#3713,#3714,#3715,#3716,#3717,#3718,#3719,#3720,#3721,#3722,#3723,#3724,#3725,#3726,#3727,#3728,#3729,#3730,#3731,#3732,#3733,#3734,#3735,#3736,#3737,#3738,#3739,#3740,#3741,#3742,#3743,#3744,#3745,#3746,#3747,#3748,#3749,#3750,#3751,#3752,#3753,#3754,#3755,#3756,#3757,#3758,#3759,#3760,#3761,#3762,#3763,#3764,#3765,#3766,#3767,#3768,#3769,#3770,#3771,#3772,#3773,#3774,#3775,#3776,#3777,#3778,#3779,#3780,#3781,#3782,#3783,#3784,#3785,#3786,#3787,#3788,#3789,#3790,#3791,#3792,#3793,#3794,#3795,#3796,#3797,#3798,#3799,#3800,#3801,#3802,#3803,#3804,#3805,#3806,#3807,#3808,#3809,#3810,#3811,#3812,#3813,#3814,#3815,#3816,#3817,#3818,#3819,#3820),#3612);
#3618=STYLED_ITEM('color',(#3619),#17);
#3619=PRESENTATION_STYLE_ASSIGNMENT((#3620));
#3620=SURFACE_STYLE_USAGE(.BOTH.,#3621);
#3621=SURFACE_SIDE_STYLE('',(#3622));
#3622=SURFACE_STYLE_FILL_AREA(#3623);
#3623=FILL_AREA_STYLE('',(#3624));
#3624=FILL_AREA_STYLE_COLOUR('',#3625);
#3625=COLOUR_RGB('',0.89411765337,0.890196084976,0.811764717102);
#3626=STYLED_ITEM('color',(#3619),#72);
#3627=STYLED_ITEM('color',(#3619),#105);
#3628=STYLED_ITEM('color',(#3619),#125);
#3629=STYLED_ITEM('color',(#3619),#165);
#3630=STYLED_ITEM('color',(#3619),#185);
#3631=STYLED_ITEM('color',(#3619),#313);
#3632=STYLED_ITEM('color',(#3619),#331);
#3633=STYLED_ITEM('color',(#3619),#370);
#3634=STYLED_ITEM('color',(#3619),#383);
#3635=STYLED_ITEM('color',(#3619),#416);
#3636=STYLED_ITEM('color',(#3619),#425);
#3637=STYLED_ITEM('color',(#3619),#441);
#3638=STYLED_ITEM('color',(#3619),#450);
#3639=STYLED_ITEM('color',(#3619),#567);
#3640=STYLED_ITEM('color',(#3619),#579);
#3641=STYLED_ITEM('color',(#3619),#785);
#3642=STYLED_ITEM('color',(#3619),#800);
#3643=STYLED_ITEM('color',(#3619),#823);
#3644=STYLED_ITEM('color',(#3619),#838);
#3645=STYLED_ITEM('color',(#3619),#858);
#3646=STYLED_ITEM('color',(#3619),#867);
#3647=STYLED_ITEM('color',(#3619),#886);
#3648=STYLED_ITEM('color',(#3619),#900);
#3649=STYLED_ITEM('color',(#3619),#920);
#3650=STYLED_ITEM('color',(#3619),#929);
#3651=STYLED_ITEM('color',(#3619),#948);
#3652=STYLED_ITEM('color',(#3619),#962);
#3653=STYLED_ITEM('color',(#3619),#982);
#3654=STYLED_ITEM('color',(#3619),#991);
#3655=STYLED_ITEM('color',(#3619),#1010);
#3656=STYLED_ITEM('color',(#3619),#1024);
#3657=STYLED_ITEM('color',(#3619),#1044);
#3658=STYLED_ITEM('color',(#3619),#1053);
#3659=STYLED_ITEM('color',(#3619),#1072);
#3660=STYLED_ITEM('color',(#3619),#1086);
#3661=STYLED_ITEM('color',(#3619),#1106);
#3662=STYLED_ITEM('color',(#3619),#1115);
#3663=STYLED_ITEM('color',(#3619),#1134);
#3664=STYLED_ITEM('color',(#3619),#1148);
#3665=STYLED_ITEM('color',(#3619),#1168);
#3666=STYLED_ITEM('color',(#3619),#1175);
#3667=STYLED_ITEM('color',(#3619),#1195);
#3668=STYLED_ITEM('color',(#3619),#1202);
#3669=STYLED_ITEM('color',(#3619),#1208);
#3670=STYLED_ITEM('color',(#3619),#1213);
#3671=STYLED_ITEM('color',(#3619),#1376);
#3672=STYLED_ITEM('color',(#3619),#1385);
#3673=STYLED_ITEM('color',(#3619),#1395);
#3674=STYLED_ITEM('color',(#3619),#1405);
#3675=STYLED_ITEM('color',(#3619),#1415);
#3676=STYLED_ITEM('color',(#3619),#1424);
#3677=STYLED_ITEM('color',(#3619),#1433);
#3678=STYLED_ITEM('color',(#3619),#1443);
#3679=STYLED_ITEM('color',(#3619),#1450);
#3680=STYLED_ITEM('color',(#3619),#1460);
#3681=STYLED_ITEM('color',(#3619),#1470);
#3682=STYLED_ITEM('color',(#3619),#1479);
#3683=STYLED_ITEM('color',(#3619),#1488);
#3684=STYLED_ITEM('color',(#3619),#1498);
#3685=STYLED_ITEM('color',(#3619),#1508);
#3686=STYLED_ITEM('color',(#3619),#1516);
#3687=STYLED_ITEM('color',(#3619),#1527);
#3688=STYLED_ITEM('color',(#3619),#1537);
#3689=STYLED_ITEM('color',(#3619),#1547);
#3690=STYLED_ITEM('color',(#3619),#1557);
#3691=STYLED_ITEM('color',(#3619),#1567);
#3692=STYLED_ITEM('color',(#3619),#1577);
#3693=STYLED_ITEM('color',(#3619),#1611);
#3694=STYLED_ITEM('color',(#3619),#1645);
#3695=STYLED_ITEM('color',(#3619),#1679);
#3696=STYLED_ITEM('color',(#3619),#1713);
#3697=STYLED_ITEM('color',(#3619),#1747);
#3698=STYLED_ITEM('color',(#3699),#1781);
#3699=PRESENTATION_STYLE_ASSIGNMENT((#3700));
#3700=SURFACE_STYLE_USAGE(.BOTH.,#3701);
#3701=SURFACE_SIDE_STYLE('',(#3702));
#3702=SURFACE_STYLE_FILL_AREA(#3703);
#3703=FILL_AREA_STYLE('',(#3704));
#3704=FILL_AREA_STYLE_COLOUR('',#3705);
#3705=COLOUR_RGB('',0.823529422283,0.819607853889,0.780392169952);
#3706=STYLED_ITEM('color',(#3699),#1803);
#3707=STYLED_ITEM('color',(#3699),#1817);
#3708=STYLED_ITEM('color',(#3699),#1833);
#3709=STYLED_ITEM('color',(#3699),#1842);
#3710=STYLED_ITEM('color',(#3699),#1864);
#3711=STYLED_ITEM('color',(#3699),#1878);
#3712=STYLED_ITEM('color',(#3699),#1894);
#3713=STYLED_ITEM('color',(#3699),#1903);
#3714=STYLED_ITEM('color',(#3699),#1925);
#3715=STYLED_ITEM('color',(#3699),#1939);
#3716=STYLED_ITEM('color',(#3699),#1955);
#3717=STYLED_ITEM('color',(#3699),#1964);
#3718=STYLED_ITEM('color',(#3699),#1984);
#3719=STYLED_ITEM('color',(#3699),#2000);
#3720=STYLED_ITEM('color',(#3699),#2014);
#3721=STYLED_ITEM('color',(#3699),#2025);
#3722=STYLED_ITEM('color',(#3699),#2046);
#3723=STYLED_ITEM('color',(#3699),#2061);
#3724=STYLED_ITEM('color',(#3699),#2077);
#3725=STYLED_ITEM('color',(#3699),#2086);
#3726=STYLED_ITEM('color',(#3699),#2108);
#3727=STYLED_ITEM('color',(#3699),#2122);
#3728=STYLED_ITEM('color',(#3699),#2138);
#3729=STYLED_ITEM('color',(#3699),#2147);
#3730=STYLED_ITEM('color',(#3699),#2190);
#3731=STYLED_ITEM('color',(#3699),#2200);
#3732=STYLED_ITEM('color',(#3699),#2234);
#3733=STYLED_ITEM('color',(#3699),#2242);
#3734=STYLED_ITEM('color',(#3699),#2257);
#3735=STYLED_ITEM('color',(#3699),#2269);
#3736=STYLED_ITEM('color',(#3699),#2279);
#3737=STYLED_ITEM('color',(#3699),#2287);
#3738=STYLED_ITEM('color',(#3699),#2301);
#3739=STYLED_ITEM('color',(#3699),#2312);
#3740=STYLED_ITEM('color',(#3699),#2324);
#3741=STYLED_ITEM('color',(#3699),#2332);
#3742=STYLED_ITEM('color',(#3699),#2346);
#3743=STYLED_ITEM('color',(#3699),#2357);
#3744=STYLED_ITEM('color',(#3699),#2369);
#3745=STYLED_ITEM('color',(#3699),#2377);
#3746=STYLED_ITEM('color',(#3699),#2391);
#3747=STYLED_ITEM('color',(#3699),#2402);
#3748=STYLED_ITEM('color',(#3699),#2414);
#3749=STYLED_ITEM('color',(#3699),#2422);
#3750=STYLED_ITEM('color',(#3699),#2437);
#3751=STYLED_ITEM('color',(#3699),#2468);
#3752=STYLED_ITEM('color',(#3699),#2478);
#3753=STYLED_ITEM('color',(#3699),#2509);
#3754=STYLED_ITEM('color',(#3699),#2534);
#3755=STYLED_ITEM('color',(#3699),#2554);
#3756=STYLED_ITEM('color',(#3699),#2572);
#3757=STYLED_ITEM('color',(#3699),#2585);
#3758=STYLED_ITEM('color',(#3699),#2608);
#3759=STYLED_ITEM('color',(#3699),#2625);
#3760=STYLED_ITEM('color',(#3699),#2643);
#3761=STYLED_ITEM('color',(#3699),#2655);
#3762=STYLED_ITEM('color',(#3699),#2678);
#3763=STYLED_ITEM('color',(#3699),#2695);
#3764=STYLED_ITEM('color',(#3699),#2713);
#3765=STYLED_ITEM('color',(#3699),#2725);
#3766=STYLED_ITEM('color',(#3699),#2748);
#3767=STYLED_ITEM('color',(#3699),#2765);
#3768=STYLED_ITEM('color',(#3699),#2784);
#3769=STYLED_ITEM('color',(#3699),#2797);
#3770=STYLED_ITEM('color',(#3699),#2820);
#3771=STYLED_ITEM('color',(#3699),#2838);
#3772=STYLED_ITEM('color',(#3699),#2855);
#3773=STYLED_ITEM('color',(#3699),#2867);
#3774=STYLED_ITEM('color',(#3699),#2890);
#3775=STYLED_ITEM('color',(#3699),#2907);
#3776=STYLED_ITEM('color',(#3699),#2925);
#3777=STYLED_ITEM('color',(#3699),#2937);
#3778=STYLED_ITEM('color',(#3699),#2978);
#3779=STYLED_ITEM('color',(#3699),#3000);
#3780=STYLED_ITEM('color',(#3699),#3009);
#3781=STYLED_ITEM('color',(#3699),#3020);
#3782=STYLED_ITEM('color',(#3699),#3038);
#3783=STYLED_ITEM('color',(#3699),#3067);
#3784=STYLED_ITEM('color',(#3699),#3092);
#3785=STYLED_ITEM('color',(#3699),#3109);
#3786=STYLED_ITEM('color',(#3699),#3129);
#3787=STYLED_ITEM('color',(#3699),#3141);
#3788=STYLED_ITEM('color',(#3699),#3164);
#3789=STYLED_ITEM('color',(#3699),#3181);
#3790=STYLED_ITEM('color',(#3699),#3199);
#3791=STYLED_ITEM('color',(#3699),#3210);
#3792=STYLED_ITEM('color',(#3699),#3233);
#3793=STYLED_ITEM('color',(#3699),#3250);
#3794=STYLED_ITEM('color',(#3699),#3268);
#3795=STYLED_ITEM('color',(#3699),#3279);
#3796=STYLED_ITEM('color',(#3699),#3302);
#3797=STYLED_ITEM('color',(#3699),#3319);
#3798=STYLED_ITEM('color',(#3699),#3337);
#3799=STYLED_ITEM('color',(#3699),#3348);
#3800=STYLED_ITEM('color',(#3699),#3358);
#3801=STYLED_ITEM('color',(#3699),#3393);
#3802=STYLED_ITEM('color',(#3699),#3410);
#3803=STYLED_ITEM('color',(#3699),#3420);
#3804=STYLED_ITEM('color',(#3699),#3437);
#3805=STYLED_ITEM('color',(#3699),#3462);
#3806=STYLED_ITEM('color',(#3699),#3471);
#3807=STYLED_ITEM('color',(#3699),#3480);
#3808=STYLED_ITEM('color',(#3699),#3489);
#3809=STYLED_ITEM('color',(#3699),#3498);
#3810=STYLED_ITEM('color',(#3699),#3507);
#3811=STYLED_ITEM('color',(#3699),#3516);
#3812=STYLED_ITEM('color',(#3699),#3528);
#3813=STYLED_ITEM('color',(#3699),#3539);
#3814=STYLED_ITEM('color',(#3699),#3549);
#3815=STYLED_ITEM('color',(#3699),#3557);
#3816=STYLED_ITEM('color',(#3699),#3565);
#3817=STYLED_ITEM('color',(#3699),#3573);
#3818=STYLED_ITEM('color',(#3699),#3581);
#3819=STYLED_ITEM('color',(#3699),#3592);
#3820=STYLED_ITEM('color',(#3699),#3603);
ENDSEC;
END-ISO-10303-21;
