ISO-10303-21;
HEADER;
/* LQFP-32_7x7mm_P0.8mm.step 3D STEP model for use in ECAD systems
 * Copyright (C) 2025, KiCAD
 *
 * This work is licensed under the
 * [Creative Commons CC-BY-SA 4.0 License](https://creativecommons.org/licenses/by-sa/4.0/legalcode),
 * with the following exception:
 *
 * To the extent that the creation of electronic designs that use 'Licensed Material' can be
 * considered to be 'Adapted Material', then the copyright holder waives article 3 of the license
 * with respect to these designs and any generated files which use data provided as part of the
 * 'Licensed Material'.
 *
 * You are free to use the library data in your own projects without the obligation to share your
 * project files under this or any other license agreement. However, if you wish to distribute
 * these libraries, or parts thereof (including in modified form) as a collection then the exception
 * above does not apply. Please refer to
 * https://gitlab.com/kicad/libraries/kicad-packages3D/-/blob/master/LICENSE.md for further clarification
 * of the exception.
 *
 * Disclaimer of Warranties and Limitation of Liability.
 * These libraries are provided in the hope that they will be useful, but are provided without warranty of any kind, express or implied.
 * USE 3D CAD DATA AT YOUR OWN RISK
 * DO NOT RELY UPON ANY INFORMATION FOUND HERE WITHOUT INDEPENDENT VERIFICATION.
 */

FILE_DESCRIPTION(
/* description */ ('model of LQFP-32_7x7mm_P0.8mm'),
/* implementation_level */ '2;1');

FILE_NAME(
/* name */ 'LQFP-32_7x7mm_P0.8mm.step',
/* time_stamp */ '1970-01-01T00:00:00',
/* author */ ('KiCAD','kicad'),
/* organization */ ('OCCT'),
/* preprocessor_version */ '',
/* originating_system */ 'KiCAD',
/* authorisation */ '');

FILE_SCHEMA(('AUTOMOTIVE_DESIGN { 1 0 10303 214 1 1 1 1 }'));
ENDSEC;

DATA;
#1=APPLICATION_PROTOCOL_DEFINITION('international standard','automotive_design',2000,#2);
#2=APPLICATION_CONTEXT('core data for automotive mechanical design processes');
#3=SHAPE_DEFINITION_REPRESENTATION(#4,#10);
#4=PRODUCT_DEFINITION_SHAPE('','',#5);
#5=PRODUCT_DEFINITION('design','',#6,#9);
#6=PRODUCT_DEFINITION_FORMATION('','',#7);
#7=PRODUCT('LQFP-32_7x7mm_P0.8mm','LQFP-32_7x7mm_P0.8mm','',(#8));
#8=PRODUCT_CONTEXT('',#2,'mechanical');
#9=PRODUCT_DEFINITION_CONTEXT('part definition',#2,'design');
#10=ADVANCED_BREP_SHAPE_REPRESENTATION('',(#11,#15),#9607);
#11=AXIS2_PLACEMENT_3D('',#12,#13,#14);
#12=CARTESIAN_POINT('',(0.,0.,0.));
#13=DIRECTION('',(0.,0.,1.));
#14=DIRECTION('',(1.,0.,-0.));
#15=MANIFOLD_SOLID_BREP('',#16);
#16=CLOSED_SHELL('',(#17,#106,#159,#172,#193,#214,#232,#253,#271,#292,#310,#331,#349,#370,#388,#409,#427,#448,#466,#487,#504,#517,#594,#671,#684,#697,#770,#785,#800,#841,#907,#923,#976,#992,#1052,#1068,#1121,#1137,#1197,#1213,#1266,#1282,#1342,#1358,#1411,#1427,#1487,#1503,#1556,#1572,#1632,#1648,#1701,#1717,#1777,#1793,#1846,#1862,#1922,#1938,#1991,#2023,#2041,#2062,#2080,#2101,#2119,#2140,#2158,#2179,#2197,#2218,#2236,#2257,#2275,#2296,#2314,#2335,#2345,#2357,#2378,#2396,#2417,#2435,#2456,#2474,#2495,#2513,#2534,#2552,#2573,#2591,#2612,#2630,#2651,#2668,#2683,#2698,#2714,#2735,#2753,#2774,#2792,#2813,#2831,#2852,#2870,#2891,#2909,#2930,#2948,#2969,#2987,#3008,#3021,#3044,#3122,#3136,#3174,#3186,#3196,#3207,#3216,#3226,#3236,#3246,#3256,#3265,#3277,#3287,#3297,#3306,#3316,#3326,#3336,#3346,#3354,#3366,#3376,#3386,#3395,#3405,#3415,#3425,#3435,#3443,#3455,#3465,#3475,#3484,#3494,#3504,#3514,#3524,#3532,#3544,#3554,#3564,#3573,#3583,#3593,#3603,#3613,#3621,#3633,#3643,#3653,#3662,#3672,#3682,#3692,#3702,#3710,#3722,#3732,#3742,#3751,#3761,#3771,#3781,#3791,#3799,#3811,#3821,#3831,#3840,#3850,#3860,#3870,#3880,#3888,#3902,#3980,#4000,#4026,#4092,#4108,#4161,#4172,#4232,#4248,#4301,#4312,#4372,#4388,#4441,#4452,#4512,#4528,#4581,#4592,#4652,#4668,#4721,#4732,#4792,#4808,#4861,#4872,#4932,#4948,#5001,#5009,#5067,#5083,#5131,#5195,#5211,#5259,#5269,#5329,#5345,#5398,#5409,#5469,#5485,#5538,#5549,#5609,#5625,#5678,#5689,#5749,#5765,#5818,#5829,#5889,#5905,#5958,#5969,#6029,#6045,#6098,#6109,#6169,#6185,#6238,#6259,#6325,#6341,#6394,#6410,#6470,#6486,#6539,#6555,#6615,#6631,#6684,#6700,#6760,#6776,#6829,#6845,#6905,#6921,#6974,#6990,#7050,#7066,#7119,#7135,#7195,#7211,#7264,#7280,#7340,#7356,#7407,#7417,#7429,#7441,#7453,#7465,#7477,#7489,#7501,#7529,#7538,#7550,#7562,#7574,#7586,#7598,#7610,#7622,#7631,#7641,#7654,#7684,#7694,#7705,#7714,#7724,#7734,#7744,#7754,#7763,#7773,#7783,#7792,#7802,#7812,#7822,#7832,#7840,#7850,#7860,#7869,#7879,#7889,#7899,#7909,#7917,#7927,#7937,#7946,#7956,#7966,#7976,#7986,#7994,#8004,#8014,#8023,#8033,#8043,#8053,#8063,#8071,#8081,#8091,#8100,#8110,#8120,#8130,#8140,#8148,#8158,#8168,#8177,#8187,#8197,#8207,#8217,#8225,#8235,#8244,#8254,#8264,#8274,#8284,#8292,#8303,#8312,#8322,#8332,#8342,#8352,#8361,#8371,#8381,#8390,#8400,#8410,#8420,#8430,#8438,#8448,#8458,#8467,#8477,#8487,#8497,#8507,#8515,#8525,#8535,#8544,#8554,#8564,#8574,#8584,#8592,#8602,#8612,#8621,#8631,#8641,#8651,#8661,#8669,#8679,#8689,#8698,#8708,#8718,#8728,#8738,#8746,#8756,#8766,#8775,#8785,#8795,#8805,#8815,#8823,#8833,#8843,#8852,#8862,#8872,#8882,#8892,#8900,#8912,#8922,#8933,#8942,#8952,#8962,#8972,#8982,#8991,#9003,#9013,#9023,#9032,#9042,#9052,#9062,#9072,#9080,#9092,#9102,#9112,#9121,#9131,#9141,#9151,#9161,#9169,#9181,#9191,#9201,#9210,#9220,#9230,#9240,#9250,#9258,#9270,#9280,#9290,#9299,#9309,#9319,#9329,#9339,#9347,#9359,#9369,#9379,#9388,#9398,#9408,#9418,#9428,#9436,#9448,#9458,#9468,#9477,#9487,#9497,#9507,#9517,#9525,#9535,#9545,#9554,#9564,#9574,#9584,#9594,#9602));
#17=ADVANCED_FACE('',(#18),#105,.F.);
#18=FACE_BOUND('',#19,.F.);
#19=EDGE_LOOP('',(#20,#28,#33,#39,#43,#47,#51,#55,#59,#63,#67,#71,#75,#79,#83,#87,#91,#95,#99,#102));
#20=ORIENTED_EDGE('',*,*,#21,.T.);
#21=EDGE_CURVE('',#22,#24,#26,.T.);
#22=VERTEX_POINT('',#23);
#23=CARTESIAN_POINT('',(-3.255919117457,3.361838234914,0.1));
#24=VERTEX_POINT('',#25);
#25=CARTESIAN_POINT('',(3.255919117457,3.361838234914,0.1));
#26=LINE('',#23,#27);
#27=VECTOR('',#14,1.);
#28=ORIENTED_EDGE('',*,*,#29,.T.);
#29=EDGE_CURVE('',#24,#30,#32,.T.);
#30=VERTEX_POINT('',#31);
#31=CARTESIAN_POINT('',(3.325,3.5,0.75));
#32=B_SPLINE_CURVE_WITH_KNOTS('',1,(#25,#31),.UNSPECIFIED.,.F.,.F.,(2,2),(0.,1.),.PIECEWISE_BEZIER_KNOTS.);
#33=ORIENTED_EDGE('',*,*,#34,.F.);
#34=EDGE_CURVE('',#35,#30,#37,.T.);
#35=VERTEX_POINT('',#36);
#36=CARTESIAN_POINT('',(2.975,3.5,0.75));
#37=LINE('',#38,#27);
#38=CARTESIAN_POINT('',(-3.325,3.5,0.75));
#39=ORIENTED_EDGE('',*,*,#40,.F.);
#40=EDGE_CURVE('',#41,#35,#37,.T.);
#41=VERTEX_POINT('',#42);
#42=CARTESIAN_POINT('',(2.625,3.5,0.75));
#43=ORIENTED_EDGE('',*,*,#44,.F.);
#44=EDGE_CURVE('',#45,#41,#37,.T.);
#45=VERTEX_POINT('',#46);
#46=CARTESIAN_POINT('',(2.175,3.5,0.75));
#47=ORIENTED_EDGE('',*,*,#48,.F.);
#48=EDGE_CURVE('',#49,#45,#37,.T.);
#49=VERTEX_POINT('',#50);
#50=CARTESIAN_POINT('',(1.825,3.5,0.75));
#51=ORIENTED_EDGE('',*,*,#52,.F.);
#52=EDGE_CURVE('',#53,#49,#37,.T.);
#53=VERTEX_POINT('',#54);
#54=CARTESIAN_POINT('',(1.375,3.5,0.75));
#55=ORIENTED_EDGE('',*,*,#56,.F.);
#56=EDGE_CURVE('',#57,#53,#37,.T.);
#57=VERTEX_POINT('',#58);
#58=CARTESIAN_POINT('',(1.025,3.5,0.75));
#59=ORIENTED_EDGE('',*,*,#60,.F.);
#60=EDGE_CURVE('',#61,#57,#37,.T.);
#61=VERTEX_POINT('',#62);
#62=CARTESIAN_POINT('',(0.575,3.5,0.75));
#63=ORIENTED_EDGE('',*,*,#64,.F.);
#64=EDGE_CURVE('',#65,#61,#37,.T.);
#65=VERTEX_POINT('',#66);
#66=CARTESIAN_POINT('',(0.225,3.5,0.75));
#67=ORIENTED_EDGE('',*,*,#68,.F.);
#68=EDGE_CURVE('',#69,#65,#37,.T.);
#69=VERTEX_POINT('',#70);
#70=CARTESIAN_POINT('',(-0.225,3.5,0.75));
#71=ORIENTED_EDGE('',*,*,#72,.F.);
#72=EDGE_CURVE('',#73,#69,#37,.T.);
#73=VERTEX_POINT('',#74);
#74=CARTESIAN_POINT('',(-0.575,3.5,0.75));
#75=ORIENTED_EDGE('',*,*,#76,.F.);
#76=EDGE_CURVE('',#77,#73,#37,.T.);
#77=VERTEX_POINT('',#78);
#78=CARTESIAN_POINT('',(-1.025,3.5,0.75));
#79=ORIENTED_EDGE('',*,*,#80,.F.);
#80=EDGE_CURVE('',#81,#77,#37,.T.);
#81=VERTEX_POINT('',#82);
#82=CARTESIAN_POINT('',(-1.375,3.5,0.75));
#83=ORIENTED_EDGE('',*,*,#84,.F.);
#84=EDGE_CURVE('',#85,#81,#37,.T.);
#85=VERTEX_POINT('',#86);
#86=CARTESIAN_POINT('',(-1.825,3.5,0.75));
#87=ORIENTED_EDGE('',*,*,#88,.F.);
#88=EDGE_CURVE('',#89,#85,#37,.T.);
#89=VERTEX_POINT('',#90);
#90=CARTESIAN_POINT('',(-2.175,3.5,0.75));
#91=ORIENTED_EDGE('',*,*,#92,.F.);
#92=EDGE_CURVE('',#93,#89,#37,.T.);
#93=VERTEX_POINT('',#94);
#94=CARTESIAN_POINT('',(-2.625,3.5,0.75));
#95=ORIENTED_EDGE('',*,*,#96,.F.);
#96=EDGE_CURVE('',#97,#93,#37,.T.);
#97=VERTEX_POINT('',#98);
#98=CARTESIAN_POINT('',(-2.975,3.5,0.75));
#99=ORIENTED_EDGE('',*,*,#100,.F.);
#100=EDGE_CURVE('',#101,#97,#37,.T.);
#101=VERTEX_POINT('',#38);
#102=ORIENTED_EDGE('',*,*,#103,.F.);
#103=EDGE_CURVE('',#22,#101,#104,.T.);
#104=B_SPLINE_CURVE_WITH_KNOTS('',1,(#23,#38),.UNSPECIFIED.,.F.,.F.,(2,2),(0.,1.),.PIECEWISE_BEZIER_KNOTS.);
#105=B_SPLINE_SURFACE_WITH_KNOTS('',1,1,((#23,#38),(#25,#31)),.UNSPECIFIED.,.F.,.F.,.F.,(2,2),(2,2),(0.,6.65),(0.,1.),.PIECEWISE_BEZIER_KNOTS.);
#106=ADVANCED_FACE('',(#107),#156,.F.);
#107=FACE_BOUND('',#108,.T.);
#108=EDGE_LOOP('',(#20,#109,#116,#123,#130,#137,#144,#151));
#109=ORIENTED_EDGE('',*,*,#110,.T.);
#110=EDGE_CURVE('',#24,#111,#113,.T.);
#111=VERTEX_POINT('',#112);
#112=CARTESIAN_POINT('',(3.361838234914,3.255919117457,0.1));
#113=LINE('',#25,#114);
#114=VECTOR('',#115,1.);
#115=DIRECTION('',(0.707106781187,-0.707106781187,0.));
#116=ORIENTED_EDGE('',*,*,#117,.T.);
#117=EDGE_CURVE('',#111,#118,#120,.T.);
#118=VERTEX_POINT('',#119);
#119=CARTESIAN_POINT('',(3.361838234914,-3.255919117457,0.1));
#120=LINE('',#112,#121);
#121=VECTOR('',#122,1.);
#122=DIRECTION('',(1.110223024625E-16,-1.,0.));
#123=ORIENTED_EDGE('',*,*,#124,.T.);
#124=EDGE_CURVE('',#118,#125,#127,.T.);
#125=VERTEX_POINT('',#126);
#126=CARTESIAN_POINT('',(3.255919117457,-3.361838234914,0.1));
#127=LINE('',#119,#128);
#128=VECTOR('',#129,1.);
#129=DIRECTION('',(-0.707106781187,-0.707106781187,0.));
#130=ORIENTED_EDGE('',*,*,#131,.T.);
#131=EDGE_CURVE('',#125,#132,#134,.T.);
#132=VERTEX_POINT('',#133);
#133=CARTESIAN_POINT('',(-3.255919117457,-3.361838234914,0.1));
#134=LINE('',#126,#135);
#135=VECTOR('',#136,1.);
#136=DIRECTION('',(-1.,-1.110223024625E-16,0.));
#137=ORIENTED_EDGE('',*,*,#138,.T.);
#138=EDGE_CURVE('',#132,#139,#141,.T.);
#139=VERTEX_POINT('',#140);
#140=CARTESIAN_POINT('',(-3.361838234914,-3.255919117457,0.1));
#141=LINE('',#133,#142);
#142=VECTOR('',#143,1.);
#143=DIRECTION('',(-0.707106781187,0.707106781187,0.));
#144=ORIENTED_EDGE('',*,*,#145,.T.);
#145=EDGE_CURVE('',#139,#146,#148,.T.);
#146=VERTEX_POINT('',#147);
#147=CARTESIAN_POINT('',(-3.361838234914,3.255919117457,0.1));
#148=LINE('',#140,#149);
#149=VECTOR('',#150,1.);
#150=DIRECTION('',(-1.110223024625E-16,1.,0.));
#151=ORIENTED_EDGE('',*,*,#152,.T.);
#152=EDGE_CURVE('',#146,#22,#153,.T.);
#153=LINE('',#147,#154);
#154=VECTOR('',#155,1.);
#155=DIRECTION('',(0.707106781187,0.707106781187,0.));
#156=PLANE('',#157);
#157=AXIS2_PLACEMENT_3D('',#23,#13,#158);
#158=DIRECTION('',(0.695700230156,-0.718332227984,0.));
#159=ADVANCED_FACE('',(#160),#171,.F.);
#160=FACE_BOUND('',#161,.F.);
#161=EDGE_LOOP('',(#109,#162,#167,#170));
#162=ORIENTED_EDGE('',*,*,#163,.T.);
#163=EDGE_CURVE('',#111,#164,#166,.T.);
#164=VERTEX_POINT('',#165);
#165=CARTESIAN_POINT('',(3.5,3.325,0.75));
#166=B_SPLINE_CURVE_WITH_KNOTS('',1,(#112,#165),.UNSPECIFIED.,.F.,.F.,(2,2),(0.,1.),.PIECEWISE_BEZIER_KNOTS.);
#167=ORIENTED_EDGE('',*,*,#168,.F.);
#168=EDGE_CURVE('',#30,#164,#169,.T.);
#169=LINE('',#31,#114);
#170=ORIENTED_EDGE('',*,*,#29,.F.);
#171=B_SPLINE_SURFACE_WITH_KNOTS('',1,1,((#25,#31),(#112,#165)),.UNSPECIFIED.,.F.,.F.,.F.,(2,2),(2,2),(0.,0.247487373415),(0.,1.),.PIECEWISE_BEZIER_KNOTS.);
#172=ADVANCED_FACE('',(#173),#191,.F.);
#173=FACE_BOUND('',#174,.F.);
#174=EDGE_LOOP('',(#175,#180,#181,#188));
#175=ORIENTED_EDGE('',*,*,#176,.F.);
#176=EDGE_CURVE('',#101,#177,#179,.T.);
#177=VERTEX_POINT('',#178);
#178=CARTESIAN_POINT('',(-3.325,3.5,0.85));
#179=B_SPLINE_CURVE_WITH_KNOTS('',1,(#38,#178),.UNSPECIFIED.,.F.,.F.,(2,2),(0.,1.),.PIECEWISE_BEZIER_KNOTS.);
#180=ORIENTED_EDGE('',*,*,#100,.T.);
#181=ORIENTED_EDGE('',*,*,#182,.T.);
#182=EDGE_CURVE('',#97,#183,#185,.T.);
#183=VERTEX_POINT('',#184);
#184=CARTESIAN_POINT('',(-2.975,3.5,0.85));
#185=LINE('',#186,#187);
#186=CARTESIAN_POINT('',(-2.975,3.5,0.630119079428));
#187=VECTOR('',#13,1.);
#188=ORIENTED_EDGE('',*,*,#189,.F.);
#189=EDGE_CURVE('',#177,#183,#190,.T.);
#190=LINE('',#178,#27);
#191=PLANE('',#192);
#192=AXIS2_PLACEMENT_3D('',#178,#122,#14);
#193=ADVANCED_FACE('',(#194),#212,.F.);
#194=FACE_BOUND('',#195,.F.);
#195=EDGE_LOOP('',(#196,#202,#203,#209));
#196=ORIENTED_EDGE('',*,*,#197,.F.);
#197=EDGE_CURVE('',#97,#198,#200,.T.);
#198=VERTEX_POINT('',#199);
#199=CARTESIAN_POINT('',(-2.975,3.7,0.75));
#200=LINE('',#201,#149);
#201=CARTESIAN_POINT('',(-2.975,3.35,0.75));
#202=ORIENTED_EDGE('',*,*,#96,.T.);
#203=ORIENTED_EDGE('',*,*,#204,.T.);
#204=EDGE_CURVE('',#93,#205,#207,.T.);
#205=VERTEX_POINT('',#206);
#206=CARTESIAN_POINT('',(-2.625,3.7,0.75));
#207=LINE('',#208,#149);
#208=CARTESIAN_POINT('',(-2.625,3.35,0.75));
#209=ORIENTED_EDGE('',*,*,#210,.F.);
#210=EDGE_CURVE('',#198,#205,#211,.T.);
#211=LINE('',#199,#27);
#212=PLANE('',#213);
#213=AXIS2_PLACEMENT_3D('',#201,#13,#150);
#214=ADVANCED_FACE('',(#215),#191,.F.);
#215=FACE_BOUND('',#216,.F.);
#216=EDGE_LOOP('',(#217,#223,#224,#230));
#217=ORIENTED_EDGE('',*,*,#218,.F.);
#218=EDGE_CURVE('',#93,#219,#221,.T.);
#219=VERTEX_POINT('',#220);
#220=CARTESIAN_POINT('',(-2.625,3.5,0.85));
#221=LINE('',#222,#187);
#222=CARTESIAN_POINT('',(-2.625,3.5,0.630119079428));
#223=ORIENTED_EDGE('',*,*,#92,.T.);
#224=ORIENTED_EDGE('',*,*,#225,.T.);
#225=EDGE_CURVE('',#89,#226,#228,.T.);
#226=VERTEX_POINT('',#227);
#227=CARTESIAN_POINT('',(-2.175,3.5,0.85));
#228=LINE('',#229,#187);
#229=CARTESIAN_POINT('',(-2.175,3.5,0.630119079428));
#230=ORIENTED_EDGE('',*,*,#231,.F.);
#231=EDGE_CURVE('',#219,#226,#190,.T.);
#232=ADVANCED_FACE('',(#233),#251,.F.);
#233=FACE_BOUND('',#234,.F.);
#234=EDGE_LOOP('',(#235,#241,#242,#248));
#235=ORIENTED_EDGE('',*,*,#236,.F.);
#236=EDGE_CURVE('',#89,#237,#239,.T.);
#237=VERTEX_POINT('',#238);
#238=CARTESIAN_POINT('',(-2.175,3.7,0.75));
#239=LINE('',#240,#149);
#240=CARTESIAN_POINT('',(-2.175,3.35,0.75));
#241=ORIENTED_EDGE('',*,*,#88,.T.);
#242=ORIENTED_EDGE('',*,*,#243,.T.);
#243=EDGE_CURVE('',#85,#244,#246,.T.);
#244=VERTEX_POINT('',#245);
#245=CARTESIAN_POINT('',(-1.825,3.7,0.75));
#246=LINE('',#247,#149);
#247=CARTESIAN_POINT('',(-1.825,3.35,0.75));
#248=ORIENTED_EDGE('',*,*,#249,.F.);
#249=EDGE_CURVE('',#237,#244,#250,.T.);
#250=LINE('',#238,#27);
#251=PLANE('',#252);
#252=AXIS2_PLACEMENT_3D('',#240,#13,#150);
#253=ADVANCED_FACE('',(#254),#191,.F.);
#254=FACE_BOUND('',#255,.F.);
#255=EDGE_LOOP('',(#256,#262,#263,#269));
#256=ORIENTED_EDGE('',*,*,#257,.F.);
#257=EDGE_CURVE('',#85,#258,#260,.T.);
#258=VERTEX_POINT('',#259);
#259=CARTESIAN_POINT('',(-1.825,3.5,0.85));
#260=LINE('',#261,#187);
#261=CARTESIAN_POINT('',(-1.825,3.5,0.630119079428));
#262=ORIENTED_EDGE('',*,*,#84,.T.);
#263=ORIENTED_EDGE('',*,*,#264,.T.);
#264=EDGE_CURVE('',#81,#265,#267,.T.);
#265=VERTEX_POINT('',#266);
#266=CARTESIAN_POINT('',(-1.375,3.5,0.85));
#267=LINE('',#268,#187);
#268=CARTESIAN_POINT('',(-1.375,3.5,0.630119079428));
#269=ORIENTED_EDGE('',*,*,#270,.F.);
#270=EDGE_CURVE('',#258,#265,#190,.T.);
#271=ADVANCED_FACE('',(#272),#290,.F.);
#272=FACE_BOUND('',#273,.F.);
#273=EDGE_LOOP('',(#274,#280,#281,#287));
#274=ORIENTED_EDGE('',*,*,#275,.F.);
#275=EDGE_CURVE('',#81,#276,#278,.T.);
#276=VERTEX_POINT('',#277);
#277=CARTESIAN_POINT('',(-1.375,3.7,0.75));
#278=LINE('',#279,#149);
#279=CARTESIAN_POINT('',(-1.375,3.35,0.75));
#280=ORIENTED_EDGE('',*,*,#80,.T.);
#281=ORIENTED_EDGE('',*,*,#282,.T.);
#282=EDGE_CURVE('',#77,#283,#285,.T.);
#283=VERTEX_POINT('',#284);
#284=CARTESIAN_POINT('',(-1.025,3.7,0.75));
#285=LINE('',#286,#149);
#286=CARTESIAN_POINT('',(-1.025,3.35,0.75));
#287=ORIENTED_EDGE('',*,*,#288,.F.);
#288=EDGE_CURVE('',#276,#283,#289,.T.);
#289=LINE('',#277,#27);
#290=PLANE('',#291);
#291=AXIS2_PLACEMENT_3D('',#279,#13,#150);
#292=ADVANCED_FACE('',(#293),#191,.F.);
#293=FACE_BOUND('',#294,.F.);
#294=EDGE_LOOP('',(#295,#301,#302,#308));
#295=ORIENTED_EDGE('',*,*,#296,.F.);
#296=EDGE_CURVE('',#77,#297,#299,.T.);
#297=VERTEX_POINT('',#298);
#298=CARTESIAN_POINT('',(-1.025,3.5,0.85));
#299=LINE('',#300,#187);
#300=CARTESIAN_POINT('',(-1.025,3.5,0.630119079428));
#301=ORIENTED_EDGE('',*,*,#76,.T.);
#302=ORIENTED_EDGE('',*,*,#303,.T.);
#303=EDGE_CURVE('',#73,#304,#306,.T.);
#304=VERTEX_POINT('',#305);
#305=CARTESIAN_POINT('',(-0.575,3.5,0.85));
#306=LINE('',#307,#187);
#307=CARTESIAN_POINT('',(-0.575,3.5,0.630119079428));
#308=ORIENTED_EDGE('',*,*,#309,.F.);
#309=EDGE_CURVE('',#297,#304,#190,.T.);
#310=ADVANCED_FACE('',(#311),#329,.F.);
#311=FACE_BOUND('',#312,.F.);
#312=EDGE_LOOP('',(#313,#319,#320,#326));
#313=ORIENTED_EDGE('',*,*,#314,.F.);
#314=EDGE_CURVE('',#73,#315,#317,.T.);
#315=VERTEX_POINT('',#316);
#316=CARTESIAN_POINT('',(-0.575,3.7,0.75));
#317=LINE('',#318,#149);
#318=CARTESIAN_POINT('',(-0.575,3.35,0.75));
#319=ORIENTED_EDGE('',*,*,#72,.T.);
#320=ORIENTED_EDGE('',*,*,#321,.T.);
#321=EDGE_CURVE('',#69,#322,#324,.T.);
#322=VERTEX_POINT('',#323);
#323=CARTESIAN_POINT('',(-0.225,3.7,0.75));
#324=LINE('',#325,#149);
#325=CARTESIAN_POINT('',(-0.225,3.35,0.75));
#326=ORIENTED_EDGE('',*,*,#327,.F.);
#327=EDGE_CURVE('',#315,#322,#328,.T.);
#328=LINE('',#316,#27);
#329=PLANE('',#330);
#330=AXIS2_PLACEMENT_3D('',#318,#13,#150);
#331=ADVANCED_FACE('',(#332),#191,.F.);
#332=FACE_BOUND('',#333,.F.);
#333=EDGE_LOOP('',(#334,#340,#341,#347));
#334=ORIENTED_EDGE('',*,*,#335,.F.);
#335=EDGE_CURVE('',#69,#336,#338,.T.);
#336=VERTEX_POINT('',#337);
#337=CARTESIAN_POINT('',(-0.225,3.5,0.85));
#338=LINE('',#339,#187);
#339=CARTESIAN_POINT('',(-0.225,3.5,0.630119079428));
#340=ORIENTED_EDGE('',*,*,#68,.T.);
#341=ORIENTED_EDGE('',*,*,#342,.T.);
#342=EDGE_CURVE('',#65,#343,#345,.T.);
#343=VERTEX_POINT('',#344);
#344=CARTESIAN_POINT('',(0.225,3.5,0.85));
#345=LINE('',#346,#187);
#346=CARTESIAN_POINT('',(0.225,3.5,0.630119079428));
#347=ORIENTED_EDGE('',*,*,#348,.F.);
#348=EDGE_CURVE('',#336,#343,#190,.T.);
#349=ADVANCED_FACE('',(#350),#368,.F.);
#350=FACE_BOUND('',#351,.F.);
#351=EDGE_LOOP('',(#352,#358,#359,#365));
#352=ORIENTED_EDGE('',*,*,#353,.F.);
#353=EDGE_CURVE('',#65,#354,#356,.T.);
#354=VERTEX_POINT('',#355);
#355=CARTESIAN_POINT('',(0.225,3.7,0.75));
#356=LINE('',#357,#149);
#357=CARTESIAN_POINT('',(0.225,3.35,0.75));
#358=ORIENTED_EDGE('',*,*,#64,.T.);
#359=ORIENTED_EDGE('',*,*,#360,.T.);
#360=EDGE_CURVE('',#61,#361,#363,.T.);
#361=VERTEX_POINT('',#362);
#362=CARTESIAN_POINT('',(0.575,3.7,0.75));
#363=LINE('',#364,#149);
#364=CARTESIAN_POINT('',(0.575,3.35,0.75));
#365=ORIENTED_EDGE('',*,*,#366,.F.);
#366=EDGE_CURVE('',#354,#361,#367,.T.);
#367=LINE('',#355,#27);
#368=PLANE('',#369);
#369=AXIS2_PLACEMENT_3D('',#357,#13,#150);
#370=ADVANCED_FACE('',(#371),#191,.F.);
#371=FACE_BOUND('',#372,.F.);
#372=EDGE_LOOP('',(#373,#379,#380,#386));
#373=ORIENTED_EDGE('',*,*,#374,.F.);
#374=EDGE_CURVE('',#61,#375,#377,.T.);
#375=VERTEX_POINT('',#376);
#376=CARTESIAN_POINT('',(0.575,3.5,0.85));
#377=LINE('',#378,#187);
#378=CARTESIAN_POINT('',(0.575,3.5,0.630119079428));
#379=ORIENTED_EDGE('',*,*,#60,.T.);
#380=ORIENTED_EDGE('',*,*,#381,.T.);
#381=EDGE_CURVE('',#57,#382,#384,.T.);
#382=VERTEX_POINT('',#383);
#383=CARTESIAN_POINT('',(1.025,3.5,0.85));
#384=LINE('',#385,#187);
#385=CARTESIAN_POINT('',(1.025,3.5,0.630119079428));
#386=ORIENTED_EDGE('',*,*,#387,.F.);
#387=EDGE_CURVE('',#375,#382,#190,.T.);
#388=ADVANCED_FACE('',(#389),#407,.F.);
#389=FACE_BOUND('',#390,.F.);
#390=EDGE_LOOP('',(#391,#397,#398,#404));
#391=ORIENTED_EDGE('',*,*,#392,.F.);
#392=EDGE_CURVE('',#57,#393,#395,.T.);
#393=VERTEX_POINT('',#394);
#394=CARTESIAN_POINT('',(1.025,3.7,0.75));
#395=LINE('',#396,#149);
#396=CARTESIAN_POINT('',(1.025,3.35,0.75));
#397=ORIENTED_EDGE('',*,*,#56,.T.);
#398=ORIENTED_EDGE('',*,*,#399,.T.);
#399=EDGE_CURVE('',#53,#400,#402,.T.);
#400=VERTEX_POINT('',#401);
#401=CARTESIAN_POINT('',(1.375,3.7,0.75));
#402=LINE('',#403,#149);
#403=CARTESIAN_POINT('',(1.375,3.35,0.75));
#404=ORIENTED_EDGE('',*,*,#405,.F.);
#405=EDGE_CURVE('',#393,#400,#406,.T.);
#406=LINE('',#394,#27);
#407=PLANE('',#408);
#408=AXIS2_PLACEMENT_3D('',#396,#13,#150);
#409=ADVANCED_FACE('',(#410),#191,.F.);
#410=FACE_BOUND('',#411,.F.);
#411=EDGE_LOOP('',(#412,#418,#419,#425));
#412=ORIENTED_EDGE('',*,*,#413,.F.);
#413=EDGE_CURVE('',#53,#414,#416,.T.);
#414=VERTEX_POINT('',#415);
#415=CARTESIAN_POINT('',(1.375,3.5,0.85));
#416=LINE('',#417,#187);
#417=CARTESIAN_POINT('',(1.375,3.5,0.630119079428));
#418=ORIENTED_EDGE('',*,*,#52,.T.);
#419=ORIENTED_EDGE('',*,*,#420,.T.);
#420=EDGE_CURVE('',#49,#421,#423,.T.);
#421=VERTEX_POINT('',#422);
#422=CARTESIAN_POINT('',(1.825,3.5,0.85));
#423=LINE('',#424,#187);
#424=CARTESIAN_POINT('',(1.825,3.5,0.630119079428));
#425=ORIENTED_EDGE('',*,*,#426,.F.);
#426=EDGE_CURVE('',#414,#421,#190,.T.);
#427=ADVANCED_FACE('',(#428),#446,.F.);
#428=FACE_BOUND('',#429,.F.);
#429=EDGE_LOOP('',(#430,#436,#437,#443));
#430=ORIENTED_EDGE('',*,*,#431,.F.);
#431=EDGE_CURVE('',#49,#432,#434,.T.);
#432=VERTEX_POINT('',#433);
#433=CARTESIAN_POINT('',(1.825,3.7,0.75));
#434=LINE('',#435,#149);
#435=CARTESIAN_POINT('',(1.825,3.35,0.75));
#436=ORIENTED_EDGE('',*,*,#48,.T.);
#437=ORIENTED_EDGE('',*,*,#438,.T.);
#438=EDGE_CURVE('',#45,#439,#441,.T.);
#439=VERTEX_POINT('',#440);
#440=CARTESIAN_POINT('',(2.175,3.7,0.75));
#441=LINE('',#442,#149);
#442=CARTESIAN_POINT('',(2.175,3.35,0.75));
#443=ORIENTED_EDGE('',*,*,#444,.F.);
#444=EDGE_CURVE('',#432,#439,#445,.T.);
#445=LINE('',#433,#27);
#446=PLANE('',#447);
#447=AXIS2_PLACEMENT_3D('',#435,#13,#150);
#448=ADVANCED_FACE('',(#449),#191,.F.);
#449=FACE_BOUND('',#450,.F.);
#450=EDGE_LOOP('',(#451,#457,#458,#464));
#451=ORIENTED_EDGE('',*,*,#452,.F.);
#452=EDGE_CURVE('',#45,#453,#455,.T.);
#453=VERTEX_POINT('',#454);
#454=CARTESIAN_POINT('',(2.175,3.5,0.85));
#455=LINE('',#456,#187);
#456=CARTESIAN_POINT('',(2.175,3.5,0.630119079428));
#457=ORIENTED_EDGE('',*,*,#44,.T.);
#458=ORIENTED_EDGE('',*,*,#459,.T.);
#459=EDGE_CURVE('',#41,#460,#462,.T.);
#460=VERTEX_POINT('',#461);
#461=CARTESIAN_POINT('',(2.625,3.5,0.85));
#462=LINE('',#463,#187);
#463=CARTESIAN_POINT('',(2.625,3.5,0.630119079428));
#464=ORIENTED_EDGE('',*,*,#465,.F.);
#465=EDGE_CURVE('',#453,#460,#190,.T.);
#466=ADVANCED_FACE('',(#467),#485,.F.);
#467=FACE_BOUND('',#468,.F.);
#468=EDGE_LOOP('',(#469,#475,#476,#482));
#469=ORIENTED_EDGE('',*,*,#470,.F.);
#470=EDGE_CURVE('',#41,#471,#473,.T.);
#471=VERTEX_POINT('',#472);
#472=CARTESIAN_POINT('',(2.625,3.7,0.75));
#473=LINE('',#474,#149);
#474=CARTESIAN_POINT('',(2.625,3.35,0.75));
#475=ORIENTED_EDGE('',*,*,#40,.T.);
#476=ORIENTED_EDGE('',*,*,#477,.T.);
#477=EDGE_CURVE('',#35,#478,#480,.T.);
#478=VERTEX_POINT('',#479);
#479=CARTESIAN_POINT('',(2.975,3.7,0.75));
#480=LINE('',#481,#149);
#481=CARTESIAN_POINT('',(2.975,3.35,0.75));
#482=ORIENTED_EDGE('',*,*,#483,.F.);
#483=EDGE_CURVE('',#471,#478,#484,.T.);
#484=LINE('',#472,#27);
#485=PLANE('',#486);
#486=AXIS2_PLACEMENT_3D('',#474,#13,#150);
#487=ADVANCED_FACE('',(#488),#191,.F.);
#488=FACE_BOUND('',#489,.F.);
#489=EDGE_LOOP('',(#490,#496,#497,#502));
#490=ORIENTED_EDGE('',*,*,#491,.F.);
#491=EDGE_CURVE('',#35,#492,#494,.T.);
#492=VERTEX_POINT('',#493);
#493=CARTESIAN_POINT('',(2.975,3.5,0.85));
#494=LINE('',#495,#187);
#495=CARTESIAN_POINT('',(2.975,3.5,0.630119079428));
#496=ORIENTED_EDGE('',*,*,#34,.T.);
#497=ORIENTED_EDGE('',*,*,#498,.T.);
#498=EDGE_CURVE('',#30,#499,#501,.T.);
#499=VERTEX_POINT('',#500);
#500=CARTESIAN_POINT('',(3.325,3.5,0.85));
#501=B_SPLINE_CURVE_WITH_KNOTS('',1,(#31,#500),.UNSPECIFIED.,.F.,.F.,(2,2),(0.,1.),.PIECEWISE_BEZIER_KNOTS.);
#502=ORIENTED_EDGE('',*,*,#503,.F.);
#503=EDGE_CURVE('',#492,#499,#190,.T.);
#504=ADVANCED_FACE('',(#505),#516,.F.);
#505=FACE_BOUND('',#506,.F.);
#506=EDGE_LOOP('',(#151,#507,#508,#513));
#507=ORIENTED_EDGE('',*,*,#103,.T.);
#508=ORIENTED_EDGE('',*,*,#509,.F.);
#509=EDGE_CURVE('',#510,#101,#512,.T.);
#510=VERTEX_POINT('',#511);
#511=CARTESIAN_POINT('',(-3.5,3.325,0.75));
#512=LINE('',#511,#154);
#513=ORIENTED_EDGE('',*,*,#514,.F.);
#514=EDGE_CURVE('',#146,#510,#515,.T.);
#515=B_SPLINE_CURVE_WITH_KNOTS('',1,(#147,#511),.UNSPECIFIED.,.F.,.F.,(2,2),(0.,1.),.PIECEWISE_BEZIER_KNOTS.);
#516=B_SPLINE_SURFACE_WITH_KNOTS('',1,1,((#147,#511),(#23,#38)),.UNSPECIFIED.,.F.,.F.,.F.,(2,2),(2,2),(0.,0.247487373415),(0.,1.),.PIECEWISE_BEZIER_KNOTS.);
#517=ADVANCED_FACE('',(#518),#593,.F.);
#518=FACE_BOUND('',#519,.F.);
#519=EDGE_LOOP('',(#144,#520,#521,#527,#531,#535,#539,#543,#547,#551,#555,#559,#563,#567,#571,#575,#579,#583,#587,#590));
#520=ORIENTED_EDGE('',*,*,#514,.T.);
#521=ORIENTED_EDGE('',*,*,#522,.F.);
#522=EDGE_CURVE('',#523,#510,#525,.T.);
#523=VERTEX_POINT('',#524);
#524=CARTESIAN_POINT('',(-3.5,2.975,0.75));
#525=LINE('',#526,#149);
#526=CARTESIAN_POINT('',(-3.5,-3.325,0.75));
#527=ORIENTED_EDGE('',*,*,#528,.F.);
#528=EDGE_CURVE('',#529,#523,#525,.T.);
#529=VERTEX_POINT('',#530);
#530=CARTESIAN_POINT('',(-3.5,2.625,0.75));
#531=ORIENTED_EDGE('',*,*,#532,.F.);
#532=EDGE_CURVE('',#533,#529,#525,.T.);
#533=VERTEX_POINT('',#534);
#534=CARTESIAN_POINT('',(-3.5,2.175,0.75));
#535=ORIENTED_EDGE('',*,*,#536,.F.);
#536=EDGE_CURVE('',#537,#533,#525,.T.);
#537=VERTEX_POINT('',#538);
#538=CARTESIAN_POINT('',(-3.5,1.825,0.75));
#539=ORIENTED_EDGE('',*,*,#540,.F.);
#540=EDGE_CURVE('',#541,#537,#525,.T.);
#541=VERTEX_POINT('',#542);
#542=CARTESIAN_POINT('',(-3.5,1.375,0.75));
#543=ORIENTED_EDGE('',*,*,#544,.F.);
#544=EDGE_CURVE('',#545,#541,#525,.T.);
#545=VERTEX_POINT('',#546);
#546=CARTESIAN_POINT('',(-3.5,1.025,0.75));
#547=ORIENTED_EDGE('',*,*,#548,.F.);
#548=EDGE_CURVE('',#549,#545,#525,.T.);
#549=VERTEX_POINT('',#550);
#550=CARTESIAN_POINT('',(-3.5,0.575,0.75));
#551=ORIENTED_EDGE('',*,*,#552,.F.);
#552=EDGE_CURVE('',#553,#549,#525,.T.);
#553=VERTEX_POINT('',#554);
#554=CARTESIAN_POINT('',(-3.5,0.225,0.75));
#555=ORIENTED_EDGE('',*,*,#556,.F.);
#556=EDGE_CURVE('',#557,#553,#525,.T.);
#557=VERTEX_POINT('',#558);
#558=CARTESIAN_POINT('',(-3.5,-0.225,0.75));
#559=ORIENTED_EDGE('',*,*,#560,.F.);
#560=EDGE_CURVE('',#561,#557,#525,.T.);
#561=VERTEX_POINT('',#562);
#562=CARTESIAN_POINT('',(-3.5,-0.575,0.75));
#563=ORIENTED_EDGE('',*,*,#564,.F.);
#564=EDGE_CURVE('',#565,#561,#525,.T.);
#565=VERTEX_POINT('',#566);
#566=CARTESIAN_POINT('',(-3.5,-1.025,0.75));
#567=ORIENTED_EDGE('',*,*,#568,.F.);
#568=EDGE_CURVE('',#569,#565,#525,.T.);
#569=VERTEX_POINT('',#570);
#570=CARTESIAN_POINT('',(-3.5,-1.375,0.75));
#571=ORIENTED_EDGE('',*,*,#572,.F.);
#572=EDGE_CURVE('',#573,#569,#525,.T.);
#573=VERTEX_POINT('',#574);
#574=CARTESIAN_POINT('',(-3.5,-1.825,0.75));
#575=ORIENTED_EDGE('',*,*,#576,.F.);
#576=EDGE_CURVE('',#577,#573,#525,.T.);
#577=VERTEX_POINT('',#578);
#578=CARTESIAN_POINT('',(-3.5,-2.175,0.75));
#579=ORIENTED_EDGE('',*,*,#580,.F.);
#580=EDGE_CURVE('',#581,#577,#525,.T.);
#581=VERTEX_POINT('',#582);
#582=CARTESIAN_POINT('',(-3.5,-2.625,0.75));
#583=ORIENTED_EDGE('',*,*,#584,.F.);
#584=EDGE_CURVE('',#585,#581,#525,.T.);
#585=VERTEX_POINT('',#586);
#586=CARTESIAN_POINT('',(-3.5,-2.975,0.75));
#587=ORIENTED_EDGE('',*,*,#588,.F.);
#588=EDGE_CURVE('',#589,#585,#525,.T.);
#589=VERTEX_POINT('',#526);
#590=ORIENTED_EDGE('',*,*,#591,.F.);
#591=EDGE_CURVE('',#139,#589,#592,.T.);
#592=B_SPLINE_CURVE_WITH_KNOTS('',1,(#140,#526),.UNSPECIFIED.,.F.,.F.,(2,2),(0.,1.),.PIECEWISE_BEZIER_KNOTS.);
#593=B_SPLINE_SURFACE_WITH_KNOTS('',1,1,((#140,#526),(#147,#511)),.UNSPECIFIED.,.F.,.F.,.F.,(2,2),(2,2),(0.,6.65),(0.,1.),.PIECEWISE_BEZIER_KNOTS.);
#594=ADVANCED_FACE('',(#595),#670,.F.);
#595=FACE_BOUND('',#596,.F.);
#596=EDGE_LOOP('',(#116,#597,#602,#607,#611,#615,#619,#623,#627,#631,#635,#639,#643,#647,#651,#655,#659,#663,#667,#669));
#597=ORIENTED_EDGE('',*,*,#598,.T.);
#598=EDGE_CURVE('',#118,#599,#601,.T.);
#599=VERTEX_POINT('',#600);
#600=CARTESIAN_POINT('',(3.5,-3.325,0.75));
#601=B_SPLINE_CURVE_WITH_KNOTS('',1,(#119,#600),.UNSPECIFIED.,.F.,.F.,(2,2),(0.,1.),.PIECEWISE_BEZIER_KNOTS.);
#602=ORIENTED_EDGE('',*,*,#603,.F.);
#603=EDGE_CURVE('',#604,#599,#606,.T.);
#604=VERTEX_POINT('',#605);
#605=CARTESIAN_POINT('',(3.5,-2.975,0.75));
#606=LINE('',#165,#121);
#607=ORIENTED_EDGE('',*,*,#608,.F.);
#608=EDGE_CURVE('',#609,#604,#606,.T.);
#609=VERTEX_POINT('',#610);
#610=CARTESIAN_POINT('',(3.5,-2.625,0.75));
#611=ORIENTED_EDGE('',*,*,#612,.F.);
#612=EDGE_CURVE('',#613,#609,#606,.T.);
#613=VERTEX_POINT('',#614);
#614=CARTESIAN_POINT('',(3.5,-2.175,0.75));
#615=ORIENTED_EDGE('',*,*,#616,.F.);
#616=EDGE_CURVE('',#617,#613,#606,.T.);
#617=VERTEX_POINT('',#618);
#618=CARTESIAN_POINT('',(3.5,-1.825,0.75));
#619=ORIENTED_EDGE('',*,*,#620,.F.);
#620=EDGE_CURVE('',#621,#617,#606,.T.);
#621=VERTEX_POINT('',#622);
#622=CARTESIAN_POINT('',(3.5,-1.375,0.75));
#623=ORIENTED_EDGE('',*,*,#624,.F.);
#624=EDGE_CURVE('',#625,#621,#606,.T.);
#625=VERTEX_POINT('',#626);
#626=CARTESIAN_POINT('',(3.5,-1.025,0.75));
#627=ORIENTED_EDGE('',*,*,#628,.F.);
#628=EDGE_CURVE('',#629,#625,#606,.T.);
#629=VERTEX_POINT('',#630);
#630=CARTESIAN_POINT('',(3.5,-0.575,0.75));
#631=ORIENTED_EDGE('',*,*,#632,.F.);
#632=EDGE_CURVE('',#633,#629,#606,.T.);
#633=VERTEX_POINT('',#634);
#634=CARTESIAN_POINT('',(3.5,-0.225,0.75));
#635=ORIENTED_EDGE('',*,*,#636,.F.);
#636=EDGE_CURVE('',#637,#633,#606,.T.);
#637=VERTEX_POINT('',#638);
#638=CARTESIAN_POINT('',(3.5,0.225,0.75));
#639=ORIENTED_EDGE('',*,*,#640,.F.);
#640=EDGE_CURVE('',#641,#637,#606,.T.);
#641=VERTEX_POINT('',#642);
#642=CARTESIAN_POINT('',(3.5,0.575,0.75));
#643=ORIENTED_EDGE('',*,*,#644,.F.);
#644=EDGE_CURVE('',#645,#641,#606,.T.);
#645=VERTEX_POINT('',#646);
#646=CARTESIAN_POINT('',(3.5,1.025,0.75));
#647=ORIENTED_EDGE('',*,*,#648,.F.);
#648=EDGE_CURVE('',#649,#645,#606,.T.);
#649=VERTEX_POINT('',#650);
#650=CARTESIAN_POINT('',(3.5,1.375,0.75));
#651=ORIENTED_EDGE('',*,*,#652,.F.);
#652=EDGE_CURVE('',#653,#649,#606,.T.);
#653=VERTEX_POINT('',#654);
#654=CARTESIAN_POINT('',(3.5,1.825,0.75));
#655=ORIENTED_EDGE('',*,*,#656,.F.);
#656=EDGE_CURVE('',#657,#653,#606,.T.);
#657=VERTEX_POINT('',#658);
#658=CARTESIAN_POINT('',(3.5,2.175,0.75));
#659=ORIENTED_EDGE('',*,*,#660,.F.);
#660=EDGE_CURVE('',#661,#657,#606,.T.);
#661=VERTEX_POINT('',#662);
#662=CARTESIAN_POINT('',(3.5,2.625,0.75));
#663=ORIENTED_EDGE('',*,*,#664,.F.);
#664=EDGE_CURVE('',#665,#661,#606,.T.);
#665=VERTEX_POINT('',#666);
#666=CARTESIAN_POINT('',(3.5,2.975,0.75));
#667=ORIENTED_EDGE('',*,*,#668,.F.);
#668=EDGE_CURVE('',#164,#665,#606,.T.);
#669=ORIENTED_EDGE('',*,*,#163,.F.);
#670=B_SPLINE_SURFACE_WITH_KNOTS('',1,1,((#112,#165),(#119,#600)),.UNSPECIFIED.,.F.,.F.,.F.,(2,2),(2,2),(0.,6.65),(0.,1.),.PIECEWISE_BEZIER_KNOTS.);
#671=ADVANCED_FACE('',(#672),#683,.F.);
#672=FACE_BOUND('',#673,.F.);
#673=EDGE_LOOP('',(#137,#674,#675,#680));
#674=ORIENTED_EDGE('',*,*,#591,.T.);
#675=ORIENTED_EDGE('',*,*,#676,.F.);
#676=EDGE_CURVE('',#677,#589,#679,.T.);
#677=VERTEX_POINT('',#678);
#678=CARTESIAN_POINT('',(-3.325,-3.5,0.75));
#679=LINE('',#678,#142);
#680=ORIENTED_EDGE('',*,*,#681,.F.);
#681=EDGE_CURVE('',#132,#677,#682,.T.);
#682=B_SPLINE_CURVE_WITH_KNOTS('',1,(#133,#678),.UNSPECIFIED.,.F.,.F.,(2,2),(0.,1.),.PIECEWISE_BEZIER_KNOTS.);
#683=B_SPLINE_SURFACE_WITH_KNOTS('',1,1,((#133,#678),(#140,#526)),.UNSPECIFIED.,.F.,.F.,.F.,(2,2),(2,2),(0.,0.247487373415),(0.,1.),.PIECEWISE_BEZIER_KNOTS.);
#684=ADVANCED_FACE('',(#685),#696,.F.);
#685=FACE_BOUND('',#686,.F.);
#686=EDGE_LOOP('',(#123,#687,#692,#695));
#687=ORIENTED_EDGE('',*,*,#688,.T.);
#688=EDGE_CURVE('',#125,#689,#691,.T.);
#689=VERTEX_POINT('',#690);
#690=CARTESIAN_POINT('',(3.325,-3.5,0.75));
#691=B_SPLINE_CURVE_WITH_KNOTS('',1,(#126,#690),.UNSPECIFIED.,.F.,.F.,(2,2),(0.,1.),.PIECEWISE_BEZIER_KNOTS.);
#692=ORIENTED_EDGE('',*,*,#693,.F.);
#693=EDGE_CURVE('',#599,#689,#694,.T.);
#694=LINE('',#600,#128);
#695=ORIENTED_EDGE('',*,*,#598,.F.);
#696=B_SPLINE_SURFACE_WITH_KNOTS('',1,1,((#119,#600),(#126,#690)),.UNSPECIFIED.,.F.,.F.,.F.,(2,2),(2,2),(0.,0.247487373415),(0.,1.),.PIECEWISE_BEZIER_KNOTS.);
#697=ADVANCED_FACE('',(#698),#769,.F.);
#698=FACE_BOUND('',#699,.F.);
#699=EDGE_LOOP('',(#130,#700,#701,#706,#710,#714,#718,#722,#726,#730,#734,#738,#742,#746,#750,#754,#758,#762,#766,#768));
#700=ORIENTED_EDGE('',*,*,#681,.T.);
#701=ORIENTED_EDGE('',*,*,#702,.F.);
#702=EDGE_CURVE('',#703,#677,#705,.T.);
#703=VERTEX_POINT('',#704);
#704=CARTESIAN_POINT('',(-2.975,-3.5,0.75));
#705=LINE('',#690,#135);
#706=ORIENTED_EDGE('',*,*,#707,.F.);
#707=EDGE_CURVE('',#708,#703,#705,.T.);
#708=VERTEX_POINT('',#709);
#709=CARTESIAN_POINT('',(-2.625,-3.5,0.75));
#710=ORIENTED_EDGE('',*,*,#711,.F.);
#711=EDGE_CURVE('',#712,#708,#705,.T.);
#712=VERTEX_POINT('',#713);
#713=CARTESIAN_POINT('',(-2.175,-3.5,0.75));
#714=ORIENTED_EDGE('',*,*,#715,.F.);
#715=EDGE_CURVE('',#716,#712,#705,.T.);
#716=VERTEX_POINT('',#717);
#717=CARTESIAN_POINT('',(-1.825,-3.5,0.75));
#718=ORIENTED_EDGE('',*,*,#719,.F.);
#719=EDGE_CURVE('',#720,#716,#705,.T.);
#720=VERTEX_POINT('',#721);
#721=CARTESIAN_POINT('',(-1.375,-3.5,0.75));
#722=ORIENTED_EDGE('',*,*,#723,.F.);
#723=EDGE_CURVE('',#724,#720,#705,.T.);
#724=VERTEX_POINT('',#725);
#725=CARTESIAN_POINT('',(-1.025,-3.5,0.75));
#726=ORIENTED_EDGE('',*,*,#727,.F.);
#727=EDGE_CURVE('',#728,#724,#705,.T.);
#728=VERTEX_POINT('',#729);
#729=CARTESIAN_POINT('',(-0.575,-3.5,0.75));
#730=ORIENTED_EDGE('',*,*,#731,.F.);
#731=EDGE_CURVE('',#732,#728,#705,.T.);
#732=VERTEX_POINT('',#733);
#733=CARTESIAN_POINT('',(-0.225,-3.5,0.75));
#734=ORIENTED_EDGE('',*,*,#735,.F.);
#735=EDGE_CURVE('',#736,#732,#705,.T.);
#736=VERTEX_POINT('',#737);
#737=CARTESIAN_POINT('',(0.225,-3.5,0.75));
#738=ORIENTED_EDGE('',*,*,#739,.F.);
#739=EDGE_CURVE('',#740,#736,#705,.T.);
#740=VERTEX_POINT('',#741);
#741=CARTESIAN_POINT('',(0.575,-3.5,0.75));
#742=ORIENTED_EDGE('',*,*,#743,.F.);
#743=EDGE_CURVE('',#744,#740,#705,.T.);
#744=VERTEX_POINT('',#745);
#745=CARTESIAN_POINT('',(1.025,-3.5,0.75));
#746=ORIENTED_EDGE('',*,*,#747,.F.);
#747=EDGE_CURVE('',#748,#744,#705,.T.);
#748=VERTEX_POINT('',#749);
#749=CARTESIAN_POINT('',(1.375,-3.5,0.75));
#750=ORIENTED_EDGE('',*,*,#751,.F.);
#751=EDGE_CURVE('',#752,#748,#705,.T.);
#752=VERTEX_POINT('',#753);
#753=CARTESIAN_POINT('',(1.825,-3.5,0.75));
#754=ORIENTED_EDGE('',*,*,#755,.F.);
#755=EDGE_CURVE('',#756,#752,#705,.T.);
#756=VERTEX_POINT('',#757);
#757=CARTESIAN_POINT('',(2.175,-3.5,0.75));
#758=ORIENTED_EDGE('',*,*,#759,.F.);
#759=EDGE_CURVE('',#760,#756,#705,.T.);
#760=VERTEX_POINT('',#761);
#761=CARTESIAN_POINT('',(2.625,-3.5,0.75));
#762=ORIENTED_EDGE('',*,*,#763,.F.);
#763=EDGE_CURVE('',#764,#760,#705,.T.);
#764=VERTEX_POINT('',#765);
#765=CARTESIAN_POINT('',(2.975,-3.5,0.75));
#766=ORIENTED_EDGE('',*,*,#767,.F.);
#767=EDGE_CURVE('',#689,#764,#705,.T.);
#768=ORIENTED_EDGE('',*,*,#688,.F.);
#769=B_SPLINE_SURFACE_WITH_KNOTS('',1,1,((#126,#690),(#133,#678)),.UNSPECIFIED.,.F.,.F.,.F.,(2,2),(2,2),(0.,6.65),(0.,1.),.PIECEWISE_BEZIER_KNOTS.);
#770=ADVANCED_FACE('',(#771),#783,.F.);
#771=FACE_BOUND('',#772,.F.);
#772=EDGE_LOOP('',(#773,#774,#779,#782));
#773=ORIENTED_EDGE('',*,*,#168,.T.);
#774=ORIENTED_EDGE('',*,*,#775,.T.);
#775=EDGE_CURVE('',#164,#776,#778,.T.);
#776=VERTEX_POINT('',#777);
#777=CARTESIAN_POINT('',(3.5,3.325,0.85));
#778=B_SPLINE_CURVE_WITH_KNOTS('',1,(#165,#777),.UNSPECIFIED.,.F.,.F.,(2,2),(0.,1.),.PIECEWISE_BEZIER_KNOTS.);
#779=ORIENTED_EDGE('',*,*,#780,.F.);
#780=EDGE_CURVE('',#499,#776,#781,.T.);
#781=LINE('',#500,#114);
#782=ORIENTED_EDGE('',*,*,#498,.F.);
#783=PLANE('',#784);
#784=AXIS2_PLACEMENT_3D('',#500,#129,#115);
#785=ADVANCED_FACE('',(#786),#798,.F.);
#786=FACE_BOUND('',#787,.F.);
#787=EDGE_LOOP('',(#788,#789,#790,#795));
#788=ORIENTED_EDGE('',*,*,#509,.T.);
#789=ORIENTED_EDGE('',*,*,#176,.T.);
#790=ORIENTED_EDGE('',*,*,#791,.F.);
#791=EDGE_CURVE('',#792,#177,#794,.T.);
#792=VERTEX_POINT('',#793);
#793=CARTESIAN_POINT('',(-3.5,3.325,0.85));
#794=LINE('',#793,#154);
#795=ORIENTED_EDGE('',*,*,#796,.F.);
#796=EDGE_CURVE('',#510,#792,#797,.T.);
#797=B_SPLINE_CURVE_WITH_KNOTS('',1,(#511,#793),.UNSPECIFIED.,.F.,.F.,(2,2),(0.,1.),.PIECEWISE_BEZIER_KNOTS.);
#798=PLANE('',#799);
#799=AXIS2_PLACEMENT_3D('',#793,#115,#155);
#800=ADVANCED_FACE('',(#801),#837,.F.);
#801=FACE_BOUND('',#802,.F.);
#802=EDGE_LOOP('',(#803,#804,#805,#811,#816,#821,#827,#833));
#803=ORIENTED_EDGE('',*,*,#791,.T.);
#804=ORIENTED_EDGE('',*,*,#189,.T.);
#805=ORIENTED_EDGE('',*,*,#806,.T.);
#806=EDGE_CURVE('',#183,#807,#809,.T.);
#807=VERTEX_POINT('',#808);
#808=CARTESIAN_POINT('',(-2.975,3.425,0.85));
#809=LINE('',#810,#121);
#810=CARTESIAN_POINT('',(-2.975,3.7,0.85));
#811=ORIENTED_EDGE('',*,*,#812,.F.);
#812=EDGE_CURVE('',#813,#807,#815,.T.);
#813=VERTEX_POINT('',#814);
#814=CARTESIAN_POINT('',(-3.2875,3.425,0.85));
#815=LINE('',#814,#27);
#816=ORIENTED_EDGE('',*,*,#817,.F.);
#817=EDGE_CURVE('',#818,#813,#820,.T.);
#818=VERTEX_POINT('',#819);
#819=CARTESIAN_POINT('',(-3.425,3.2875,0.85));
#820=LINE('',#819,#154);
#821=ORIENTED_EDGE('',*,*,#822,.F.);
#822=EDGE_CURVE('',#823,#818,#825,.T.);
#823=VERTEX_POINT('',#824);
#824=CARTESIAN_POINT('',(-3.425,2.975,0.85));
#825=LINE('',#826,#149);
#826=CARTESIAN_POINT('',(-3.425,-3.2875,0.85));
#827=ORIENTED_EDGE('',*,*,#828,.F.);
#828=EDGE_CURVE('',#829,#823,#831,.T.);
#829=VERTEX_POINT('',#830);
#830=CARTESIAN_POINT('',(-3.5,2.975,0.85));
#831=LINE('',#832,#27);
#832=CARTESIAN_POINT('',(-3.7,2.975,0.85));
#833=ORIENTED_EDGE('',*,*,#834,.T.);
#834=EDGE_CURVE('',#829,#792,#835,.T.);
#835=LINE('',#836,#149);
#836=CARTESIAN_POINT('',(-3.5,-3.325,0.85));
#837=PLANE('',#838);
#838=AXIS2_PLACEMENT_3D('',#839,#840,#14);
#839=CARTESIAN_POINT('',(-5.67922660231E-16,3.4625,0.85));
#840=DIRECTION('',(2.385602542375E-32,-5.480736096329E-27,-1.));
#841=ADVANCED_FACE('',(#842),#904,.F.);
#842=FACE_BOUND('',#843,.F.);
#843=EDGE_LOOP('',(#844,#845,#846,#853,#860,#868,#873,#878,#883,#889,#896,#902));
#844=ORIENTED_EDGE('',*,*,#182,.F.);
#845=ORIENTED_EDGE('',*,*,#197,.T.);
#846=ORIENTED_EDGE('',*,*,#847,.T.);
#847=EDGE_CURVE('',#198,#848,#850,.T.);
#848=VERTEX_POINT('',#849);
#849=CARTESIAN_POINT('',(-2.975,3.798480775301,0.667364817767));
#850=CIRCLE('',#851,0.1);
#851=AXIS2_PLACEMENT_3D('',#852,#136,#13);
#852=CARTESIAN_POINT('',(-2.975,3.7,0.65));
#853=ORIENTED_EDGE('',*,*,#854,.T.);
#854=EDGE_CURVE('',#848,#855,#857,.T.);
#855=VERTEX_POINT('',#856);
#856=CARTESIAN_POINT('',(-2.975,3.882385590716,0.165270364467));
#857=LINE('',#849,#858);
#858=VECTOR('',#859,1.);
#859=DIRECTION('',(0.,0.16482406317,-0.986322983713));
#860=ORIENTED_EDGE('',*,*,#861,.T.);
#861=EDGE_CURVE('',#855,#862,#864,.T.);
#862=VERTEX_POINT('',#863);
#863=CARTESIAN_POINT('',(-2.975,4.079347141319,1.387778780781E-16));
#864=CIRCLE('',#865,0.2);
#865=AXIS2_PLACEMENT_3D('',#866,#14,#867);
#866=CARTESIAN_POINT('',(-2.975,4.079347141319,0.2));
#867=DIRECTION('',(0.,-0.984807753012,-0.173648177667));
#868=ORIENTED_EDGE('',*,*,#869,.T.);
#869=EDGE_CURVE('',#862,#870,#872,.T.);
#870=VERTEX_POINT('',#871);
#871=CARTESIAN_POINT('',(-2.975,4.5,1.387778780781E-16));
#872=LINE('',#863,#149);
#873=ORIENTED_EDGE('',*,*,#874,.T.);
#874=EDGE_CURVE('',#870,#875,#877,.T.);
#875=VERTEX_POINT('',#876);
#876=CARTESIAN_POINT('',(-2.975,4.5,0.1));
#877=LINE('',#871,#187);
#878=ORIENTED_EDGE('',*,*,#879,.T.);
#879=EDGE_CURVE('',#875,#880,#882,.T.);
#880=VERTEX_POINT('',#881);
#881=CARTESIAN_POINT('',(-2.975,4.079347141319,0.1));
#882=LINE('',#876,#121);
#883=ORIENTED_EDGE('',*,*,#884,.T.);
#884=EDGE_CURVE('',#880,#885,#887,.T.);
#885=VERTEX_POINT('',#886);
#886=CARTESIAN_POINT('',(-2.975,3.980866366018,0.182635182233));
#887=CIRCLE('',#888,1.E-01);
#888=AXIS2_PLACEMENT_3D('',#866,#136,#840);
#889=ORIENTED_EDGE('',*,*,#890,.T.);
#890=EDGE_CURVE('',#885,#891,#893,.T.);
#891=VERTEX_POINT('',#892);
#892=CARTESIAN_POINT('',(-2.975,3.896961550602,0.684729635533));
#893=LINE('',#886,#894);
#894=VECTOR('',#895,1.);
#895=DIRECTION('',(0.,-0.16482406317,0.986322983713));
#896=ORIENTED_EDGE('',*,*,#897,.T.);
#897=EDGE_CURVE('',#891,#898,#899,.T.);
#898=VERTEX_POINT('',#810);
#899=CIRCLE('',#900,0.2);
#900=AXIS2_PLACEMENT_3D('',#852,#14,#901);
#901=DIRECTION('',(0.,0.984807753012,0.173648177667));
#902=ORIENTED_EDGE('',*,*,#903,.T.);
#903=EDGE_CURVE('',#898,#183,#809,.T.);
#904=PLANE('',#905);
#905=AXIS2_PLACEMENT_3D('',#906,#14,#13);
#906=CARTESIAN_POINT('',(-2.975,3.914276639233,0.410238158856));
#907=ADVANCED_FACE('',(#908),#922,.F.);
#908=FACE_BOUND('',#909,.F.);
#909=EDGE_LOOP('',(#910,#911,#918,#921));
#910=ORIENTED_EDGE('',*,*,#210,.T.);
#911=ORIENTED_EDGE('',*,*,#912,.T.);
#912=EDGE_CURVE('',#205,#913,#915,.T.);
#913=VERTEX_POINT('',#914);
#914=CARTESIAN_POINT('',(-2.625,3.798480775301,0.667364817767));
#915=CIRCLE('',#916,0.1);
#916=AXIS2_PLACEMENT_3D('',#917,#136,#13);
#917=CARTESIAN_POINT('',(-2.625,3.7,0.65));
#918=ORIENTED_EDGE('',*,*,#919,.F.);
#919=EDGE_CURVE('',#848,#913,#920,.T.);
#920=LINE('',#849,#27);
#921=ORIENTED_EDGE('',*,*,#847,.F.);
#922=CYLINDRICAL_SURFACE('',#851,0.1);
#923=ADVANCED_FACE('',(#924),#973,.T.);
#924=FACE_BOUND('',#925,.T.);
#925=EDGE_LOOP('',(#217,#203,#911,#926,#931,#938,#943,#948,#953,#959,#964,#970));
#926=ORIENTED_EDGE('',*,*,#927,.T.);
#927=EDGE_CURVE('',#913,#928,#930,.T.);
#928=VERTEX_POINT('',#929);
#929=CARTESIAN_POINT('',(-2.625,3.882385590716,0.165270364467));
#930=LINE('',#914,#858);
#931=ORIENTED_EDGE('',*,*,#932,.T.);
#932=EDGE_CURVE('',#928,#933,#935,.T.);
#933=VERTEX_POINT('',#934);
#934=CARTESIAN_POINT('',(-2.625,4.079347141319,1.387778780781E-16));
#935=CIRCLE('',#936,0.2);
#936=AXIS2_PLACEMENT_3D('',#937,#14,#867);
#937=CARTESIAN_POINT('',(-2.625,4.079347141319,0.2));
#938=ORIENTED_EDGE('',*,*,#939,.T.);
#939=EDGE_CURVE('',#933,#940,#942,.T.);
#940=VERTEX_POINT('',#941);
#941=CARTESIAN_POINT('',(-2.625,4.5,1.387778780781E-16));
#942=LINE('',#934,#149);
#943=ORIENTED_EDGE('',*,*,#944,.T.);
#944=EDGE_CURVE('',#940,#945,#947,.T.);
#945=VERTEX_POINT('',#946);
#946=CARTESIAN_POINT('',(-2.625,4.5,0.1));
#947=LINE('',#941,#187);
#948=ORIENTED_EDGE('',*,*,#949,.T.);
#949=EDGE_CURVE('',#945,#950,#952,.T.);
#950=VERTEX_POINT('',#951);
#951=CARTESIAN_POINT('',(-2.625,4.079347141319,0.1));
#952=LINE('',#946,#121);
#953=ORIENTED_EDGE('',*,*,#954,.T.);
#954=EDGE_CURVE('',#950,#955,#957,.T.);
#955=VERTEX_POINT('',#956);
#956=CARTESIAN_POINT('',(-2.625,3.980866366018,0.182635182233));
#957=CIRCLE('',#958,1.E-01);
#958=AXIS2_PLACEMENT_3D('',#937,#136,#840);
#959=ORIENTED_EDGE('',*,*,#960,.T.);
#960=EDGE_CURVE('',#955,#961,#963,.T.);
#961=VERTEX_POINT('',#962);
#962=CARTESIAN_POINT('',(-2.625,3.896961550602,0.684729635533));
#963=LINE('',#956,#894);
#964=ORIENTED_EDGE('',*,*,#965,.T.);
#965=EDGE_CURVE('',#961,#966,#968,.T.);
#966=VERTEX_POINT('',#967);
#967=CARTESIAN_POINT('',(-2.625,3.7,0.85));
#968=CIRCLE('',#969,0.2);
#969=AXIS2_PLACEMENT_3D('',#917,#14,#901);
#970=ORIENTED_EDGE('',*,*,#971,.T.);
#971=EDGE_CURVE('',#966,#219,#972,.T.);
#972=LINE('',#967,#121);
#973=PLANE('',#974);
#974=AXIS2_PLACEMENT_3D('',#975,#14,#13);
#975=CARTESIAN_POINT('',(-2.625,3.914276639233,0.410238158856));
#976=ADVANCED_FACE('',(#977),#837,.F.);
#977=FACE_BOUND('',#978,.F.);
#978=EDGE_LOOP('',(#979,#983,#984,#990));
#979=ORIENTED_EDGE('',*,*,#980,.F.);
#980=EDGE_CURVE('',#219,#981,#972,.T.);
#981=VERTEX_POINT('',#982);
#982=CARTESIAN_POINT('',(-2.625,3.425,0.85));
#983=ORIENTED_EDGE('',*,*,#231,.T.);
#984=ORIENTED_EDGE('',*,*,#985,.T.);
#985=EDGE_CURVE('',#226,#986,#988,.T.);
#986=VERTEX_POINT('',#987);
#987=CARTESIAN_POINT('',(-2.175,3.425,0.85));
#988=LINE('',#989,#121);
#989=CARTESIAN_POINT('',(-2.175,3.7,0.85));
#990=ORIENTED_EDGE('',*,*,#991,.F.);
#991=EDGE_CURVE('',#981,#986,#815,.T.);
#992=ADVANCED_FACE('',(#993),#1049,.F.);
#993=FACE_BOUND('',#994,.F.);
#994=EDGE_LOOP('',(#995,#996,#997,#1004,#1009,#1016,#1021,#1026,#1031,#1037,#1042,#1047));
#995=ORIENTED_EDGE('',*,*,#225,.F.);
#996=ORIENTED_EDGE('',*,*,#236,.T.);
#997=ORIENTED_EDGE('',*,*,#998,.T.);
#998=EDGE_CURVE('',#237,#999,#1001,.T.);
#999=VERTEX_POINT('',#1000);
#1000=CARTESIAN_POINT('',(-2.175,3.798480775301,0.667364817767));
#1001=CIRCLE('',#1002,0.1);
#1002=AXIS2_PLACEMENT_3D('',#1003,#136,#13);
#1003=CARTESIAN_POINT('',(-2.175,3.7,0.65));
#1004=ORIENTED_EDGE('',*,*,#1005,.T.);
#1005=EDGE_CURVE('',#999,#1006,#1008,.T.);
#1006=VERTEX_POINT('',#1007);
#1007=CARTESIAN_POINT('',(-2.175,3.882385590716,0.165270364467));
#1008=LINE('',#1000,#858);
#1009=ORIENTED_EDGE('',*,*,#1010,.T.);
#1010=EDGE_CURVE('',#1006,#1011,#1013,.T.);
#1011=VERTEX_POINT('',#1012);
#1012=CARTESIAN_POINT('',(-2.175,4.079347141319,1.387778780781E-16));
#1013=CIRCLE('',#1014,0.2);
#1014=AXIS2_PLACEMENT_3D('',#1015,#14,#867);
#1015=CARTESIAN_POINT('',(-2.175,4.079347141319,0.2));
#1016=ORIENTED_EDGE('',*,*,#1017,.T.);
#1017=EDGE_CURVE('',#1011,#1018,#1020,.T.);
#1018=VERTEX_POINT('',#1019);
#1019=CARTESIAN_POINT('',(-2.175,4.5,1.387778780781E-16));
#1020=LINE('',#1012,#149);
#1021=ORIENTED_EDGE('',*,*,#1022,.T.);
#1022=EDGE_CURVE('',#1018,#1023,#1025,.T.);
#1023=VERTEX_POINT('',#1024);
#1024=CARTESIAN_POINT('',(-2.175,4.5,0.1));
#1025=LINE('',#1019,#187);
#1026=ORIENTED_EDGE('',*,*,#1027,.T.);
#1027=EDGE_CURVE('',#1023,#1028,#1030,.T.);
#1028=VERTEX_POINT('',#1029);
#1029=CARTESIAN_POINT('',(-2.175,4.079347141319,0.1));
#1030=LINE('',#1024,#121);
#1031=ORIENTED_EDGE('',*,*,#1032,.T.);
#1032=EDGE_CURVE('',#1028,#1033,#1035,.T.);
#1033=VERTEX_POINT('',#1034);
#1034=CARTESIAN_POINT('',(-2.175,3.980866366018,0.182635182233));
#1035=CIRCLE('',#1036,1.E-01);
#1036=AXIS2_PLACEMENT_3D('',#1015,#136,#840);
#1037=ORIENTED_EDGE('',*,*,#1038,.T.);
#1038=EDGE_CURVE('',#1033,#1039,#1041,.T.);
#1039=VERTEX_POINT('',#1040);
#1040=CARTESIAN_POINT('',(-2.175,3.896961550602,0.684729635533));
#1041=LINE('',#1034,#894);
#1042=ORIENTED_EDGE('',*,*,#1043,.T.);
#1043=EDGE_CURVE('',#1039,#1044,#1045,.T.);
#1044=VERTEX_POINT('',#989);
#1045=CIRCLE('',#1046,0.2);
#1046=AXIS2_PLACEMENT_3D('',#1003,#14,#901);
#1047=ORIENTED_EDGE('',*,*,#1048,.T.);
#1048=EDGE_CURVE('',#1044,#226,#988,.T.);
#1049=PLANE('',#1050);
#1050=AXIS2_PLACEMENT_3D('',#1051,#14,#13);
#1051=CARTESIAN_POINT('',(-2.175,3.914276639233,0.410238158856));
#1052=ADVANCED_FACE('',(#1053),#1067,.F.);
#1053=FACE_BOUND('',#1054,.F.);
#1054=EDGE_LOOP('',(#1055,#1056,#1063,#1066));
#1055=ORIENTED_EDGE('',*,*,#249,.T.);
#1056=ORIENTED_EDGE('',*,*,#1057,.T.);
#1057=EDGE_CURVE('',#244,#1058,#1060,.T.);
#1058=VERTEX_POINT('',#1059);
#1059=CARTESIAN_POINT('',(-1.825,3.798480775301,0.667364817767));
#1060=CIRCLE('',#1061,0.1);
#1061=AXIS2_PLACEMENT_3D('',#1062,#136,#13);
#1062=CARTESIAN_POINT('',(-1.825,3.7,0.65));
#1063=ORIENTED_EDGE('',*,*,#1064,.F.);
#1064=EDGE_CURVE('',#999,#1058,#1065,.T.);
#1065=LINE('',#1000,#27);
#1066=ORIENTED_EDGE('',*,*,#998,.F.);
#1067=CYLINDRICAL_SURFACE('',#1002,0.1);
#1068=ADVANCED_FACE('',(#1069),#1118,.T.);
#1069=FACE_BOUND('',#1070,.T.);
#1070=EDGE_LOOP('',(#256,#242,#1056,#1071,#1076,#1083,#1088,#1093,#1098,#1104,#1109,#1115));
#1071=ORIENTED_EDGE('',*,*,#1072,.T.);
#1072=EDGE_CURVE('',#1058,#1073,#1075,.T.);
#1073=VERTEX_POINT('',#1074);
#1074=CARTESIAN_POINT('',(-1.825,3.882385590716,0.165270364467));
#1075=LINE('',#1059,#858);
#1076=ORIENTED_EDGE('',*,*,#1077,.T.);
#1077=EDGE_CURVE('',#1073,#1078,#1080,.T.);
#1078=VERTEX_POINT('',#1079);
#1079=CARTESIAN_POINT('',(-1.825,4.079347141319,1.387778780781E-16));
#1080=CIRCLE('',#1081,0.2);
#1081=AXIS2_PLACEMENT_3D('',#1082,#14,#867);
#1082=CARTESIAN_POINT('',(-1.825,4.079347141319,0.2));
#1083=ORIENTED_EDGE('',*,*,#1084,.T.);
#1084=EDGE_CURVE('',#1078,#1085,#1087,.T.);
#1085=VERTEX_POINT('',#1086);
#1086=CARTESIAN_POINT('',(-1.825,4.5,1.387778780781E-16));
#1087=LINE('',#1079,#149);
#1088=ORIENTED_EDGE('',*,*,#1089,.T.);
#1089=EDGE_CURVE('',#1085,#1090,#1092,.T.);
#1090=VERTEX_POINT('',#1091);
#1091=CARTESIAN_POINT('',(-1.825,4.5,0.1));
#1092=LINE('',#1086,#187);
#1093=ORIENTED_EDGE('',*,*,#1094,.T.);
#1094=EDGE_CURVE('',#1090,#1095,#1097,.T.);
#1095=VERTEX_POINT('',#1096);
#1096=CARTESIAN_POINT('',(-1.825,4.079347141319,0.1));
#1097=LINE('',#1091,#121);
#1098=ORIENTED_EDGE('',*,*,#1099,.T.);
#1099=EDGE_CURVE('',#1095,#1100,#1102,.T.);
#1100=VERTEX_POINT('',#1101);
#1101=CARTESIAN_POINT('',(-1.825,3.980866366018,0.182635182233));
#1102=CIRCLE('',#1103,1.E-01);
#1103=AXIS2_PLACEMENT_3D('',#1082,#136,#840);
#1104=ORIENTED_EDGE('',*,*,#1105,.T.);
#1105=EDGE_CURVE('',#1100,#1106,#1108,.T.);
#1106=VERTEX_POINT('',#1107);
#1107=CARTESIAN_POINT('',(-1.825,3.896961550602,0.684729635533));
#1108=LINE('',#1101,#894);
#1109=ORIENTED_EDGE('',*,*,#1110,.T.);
#1110=EDGE_CURVE('',#1106,#1111,#1113,.T.);
#1111=VERTEX_POINT('',#1112);
#1112=CARTESIAN_POINT('',(-1.825,3.7,0.85));
#1113=CIRCLE('',#1114,0.2);
#1114=AXIS2_PLACEMENT_3D('',#1062,#14,#901);
#1115=ORIENTED_EDGE('',*,*,#1116,.T.);
#1116=EDGE_CURVE('',#1111,#258,#1117,.T.);
#1117=LINE('',#1112,#121);
#1118=PLANE('',#1119);
#1119=AXIS2_PLACEMENT_3D('',#1120,#14,#13);
#1120=CARTESIAN_POINT('',(-1.825,3.914276639233,0.410238158856));
#1121=ADVANCED_FACE('',(#1122),#837,.F.);
#1122=FACE_BOUND('',#1123,.F.);
#1123=EDGE_LOOP('',(#1124,#1128,#1129,#1135));
#1124=ORIENTED_EDGE('',*,*,#1125,.F.);
#1125=EDGE_CURVE('',#258,#1126,#1117,.T.);
#1126=VERTEX_POINT('',#1127);
#1127=CARTESIAN_POINT('',(-1.825,3.425,0.85));
#1128=ORIENTED_EDGE('',*,*,#270,.T.);
#1129=ORIENTED_EDGE('',*,*,#1130,.T.);
#1130=EDGE_CURVE('',#265,#1131,#1133,.T.);
#1131=VERTEX_POINT('',#1132);
#1132=CARTESIAN_POINT('',(-1.375,3.425,0.85));
#1133=LINE('',#1134,#121);
#1134=CARTESIAN_POINT('',(-1.375,3.7,0.85));
#1135=ORIENTED_EDGE('',*,*,#1136,.F.);
#1136=EDGE_CURVE('',#1126,#1131,#815,.T.);
#1137=ADVANCED_FACE('',(#1138),#1194,.F.);
#1138=FACE_BOUND('',#1139,.F.);
#1139=EDGE_LOOP('',(#1140,#1141,#1142,#1149,#1154,#1161,#1166,#1171,#1176,#1182,#1187,#1192));
#1140=ORIENTED_EDGE('',*,*,#264,.F.);
#1141=ORIENTED_EDGE('',*,*,#275,.T.);
#1142=ORIENTED_EDGE('',*,*,#1143,.T.);
#1143=EDGE_CURVE('',#276,#1144,#1146,.T.);
#1144=VERTEX_POINT('',#1145);
#1145=CARTESIAN_POINT('',(-1.375,3.798480775301,0.667364817767));
#1146=CIRCLE('',#1147,0.1);
#1147=AXIS2_PLACEMENT_3D('',#1148,#136,#13);
#1148=CARTESIAN_POINT('',(-1.375,3.7,0.65));
#1149=ORIENTED_EDGE('',*,*,#1150,.T.);
#1150=EDGE_CURVE('',#1144,#1151,#1153,.T.);
#1151=VERTEX_POINT('',#1152);
#1152=CARTESIAN_POINT('',(-1.375,3.882385590716,0.165270364467));
#1153=LINE('',#1145,#858);
#1154=ORIENTED_EDGE('',*,*,#1155,.T.);
#1155=EDGE_CURVE('',#1151,#1156,#1158,.T.);
#1156=VERTEX_POINT('',#1157);
#1157=CARTESIAN_POINT('',(-1.375,4.079347141319,1.387778780781E-16));
#1158=CIRCLE('',#1159,0.2);
#1159=AXIS2_PLACEMENT_3D('',#1160,#14,#867);
#1160=CARTESIAN_POINT('',(-1.375,4.079347141319,0.2));
#1161=ORIENTED_EDGE('',*,*,#1162,.T.);
#1162=EDGE_CURVE('',#1156,#1163,#1165,.T.);
#1163=VERTEX_POINT('',#1164);
#1164=CARTESIAN_POINT('',(-1.375,4.5,1.387778780781E-16));
#1165=LINE('',#1157,#149);
#1166=ORIENTED_EDGE('',*,*,#1167,.T.);
#1167=EDGE_CURVE('',#1163,#1168,#1170,.T.);
#1168=VERTEX_POINT('',#1169);
#1169=CARTESIAN_POINT('',(-1.375,4.5,0.1));
#1170=LINE('',#1164,#187);
#1171=ORIENTED_EDGE('',*,*,#1172,.T.);
#1172=EDGE_CURVE('',#1168,#1173,#1175,.T.);
#1173=VERTEX_POINT('',#1174);
#1174=CARTESIAN_POINT('',(-1.375,4.079347141319,0.1));
#1175=LINE('',#1169,#121);
#1176=ORIENTED_EDGE('',*,*,#1177,.T.);
#1177=EDGE_CURVE('',#1173,#1178,#1180,.T.);
#1178=VERTEX_POINT('',#1179);
#1179=CARTESIAN_POINT('',(-1.375,3.980866366018,0.182635182233));
#1180=CIRCLE('',#1181,1.E-01);
#1181=AXIS2_PLACEMENT_3D('',#1160,#136,#840);
#1182=ORIENTED_EDGE('',*,*,#1183,.T.);
#1183=EDGE_CURVE('',#1178,#1184,#1186,.T.);
#1184=VERTEX_POINT('',#1185);
#1185=CARTESIAN_POINT('',(-1.375,3.896961550602,0.684729635533));
#1186=LINE('',#1179,#894);
#1187=ORIENTED_EDGE('',*,*,#1188,.T.);
#1188=EDGE_CURVE('',#1184,#1189,#1190,.T.);
#1189=VERTEX_POINT('',#1134);
#1190=CIRCLE('',#1191,0.2);
#1191=AXIS2_PLACEMENT_3D('',#1148,#14,#901);
#1192=ORIENTED_EDGE('',*,*,#1193,.T.);
#1193=EDGE_CURVE('',#1189,#265,#1133,.T.);
#1194=PLANE('',#1195);
#1195=AXIS2_PLACEMENT_3D('',#1196,#14,#13);
#1196=CARTESIAN_POINT('',(-1.375,3.914276639233,0.410238158856));
#1197=ADVANCED_FACE('',(#1198),#1212,.F.);
#1198=FACE_BOUND('',#1199,.F.);
#1199=EDGE_LOOP('',(#1200,#1201,#1208,#1211));
#1200=ORIENTED_EDGE('',*,*,#288,.T.);
#1201=ORIENTED_EDGE('',*,*,#1202,.T.);
#1202=EDGE_CURVE('',#283,#1203,#1205,.T.);
#1203=VERTEX_POINT('',#1204);
#1204=CARTESIAN_POINT('',(-1.025,3.798480775301,0.667364817767));
#1205=CIRCLE('',#1206,0.1);
#1206=AXIS2_PLACEMENT_3D('',#1207,#136,#13);
#1207=CARTESIAN_POINT('',(-1.025,3.7,0.65));
#1208=ORIENTED_EDGE('',*,*,#1209,.F.);
#1209=EDGE_CURVE('',#1144,#1203,#1210,.T.);
#1210=LINE('',#1145,#27);
#1211=ORIENTED_EDGE('',*,*,#1143,.F.);
#1212=CYLINDRICAL_SURFACE('',#1147,0.1);
#1213=ADVANCED_FACE('',(#1214),#1263,.T.);
#1214=FACE_BOUND('',#1215,.T.);
#1215=EDGE_LOOP('',(#295,#281,#1201,#1216,#1221,#1228,#1233,#1238,#1243,#1249,#1254,#1260));
#1216=ORIENTED_EDGE('',*,*,#1217,.T.);
#1217=EDGE_CURVE('',#1203,#1218,#1220,.T.);
#1218=VERTEX_POINT('',#1219);
#1219=CARTESIAN_POINT('',(-1.025,3.882385590716,0.165270364467));
#1220=LINE('',#1204,#858);
#1221=ORIENTED_EDGE('',*,*,#1222,.T.);
#1222=EDGE_CURVE('',#1218,#1223,#1225,.T.);
#1223=VERTEX_POINT('',#1224);
#1224=CARTESIAN_POINT('',(-1.025,4.079347141319,1.387778780781E-16));
#1225=CIRCLE('',#1226,0.2);
#1226=AXIS2_PLACEMENT_3D('',#1227,#14,#867);
#1227=CARTESIAN_POINT('',(-1.025,4.079347141319,0.2));
#1228=ORIENTED_EDGE('',*,*,#1229,.T.);
#1229=EDGE_CURVE('',#1223,#1230,#1232,.T.);
#1230=VERTEX_POINT('',#1231);
#1231=CARTESIAN_POINT('',(-1.025,4.5,1.387778780781E-16));
#1232=LINE('',#1224,#149);
#1233=ORIENTED_EDGE('',*,*,#1234,.T.);
#1234=EDGE_CURVE('',#1230,#1235,#1237,.T.);
#1235=VERTEX_POINT('',#1236);
#1236=CARTESIAN_POINT('',(-1.025,4.5,0.1));
#1237=LINE('',#1231,#187);
#1238=ORIENTED_EDGE('',*,*,#1239,.T.);
#1239=EDGE_CURVE('',#1235,#1240,#1242,.T.);
#1240=VERTEX_POINT('',#1241);
#1241=CARTESIAN_POINT('',(-1.025,4.079347141319,0.1));
#1242=LINE('',#1236,#121);
#1243=ORIENTED_EDGE('',*,*,#1244,.T.);
#1244=EDGE_CURVE('',#1240,#1245,#1247,.T.);
#1245=VERTEX_POINT('',#1246);
#1246=CARTESIAN_POINT('',(-1.025,3.980866366018,0.182635182233));
#1247=CIRCLE('',#1248,1.E-01);
#1248=AXIS2_PLACEMENT_3D('',#1227,#136,#840);
#1249=ORIENTED_EDGE('',*,*,#1250,.T.);
#1250=EDGE_CURVE('',#1245,#1251,#1253,.T.);
#1251=VERTEX_POINT('',#1252);
#1252=CARTESIAN_POINT('',(-1.025,3.896961550602,0.684729635533));
#1253=LINE('',#1246,#894);
#1254=ORIENTED_EDGE('',*,*,#1255,.T.);
#1255=EDGE_CURVE('',#1251,#1256,#1258,.T.);
#1256=VERTEX_POINT('',#1257);
#1257=CARTESIAN_POINT('',(-1.025,3.7,0.85));
#1258=CIRCLE('',#1259,0.2);
#1259=AXIS2_PLACEMENT_3D('',#1207,#14,#901);
#1260=ORIENTED_EDGE('',*,*,#1261,.T.);
#1261=EDGE_CURVE('',#1256,#297,#1262,.T.);
#1262=LINE('',#1257,#121);
#1263=PLANE('',#1264);
#1264=AXIS2_PLACEMENT_3D('',#1265,#14,#13);
#1265=CARTESIAN_POINT('',(-1.025,3.914276639233,0.410238158856));
#1266=ADVANCED_FACE('',(#1267),#837,.F.);
#1267=FACE_BOUND('',#1268,.F.);
#1268=EDGE_LOOP('',(#1269,#1273,#1274,#1280));
#1269=ORIENTED_EDGE('',*,*,#1270,.F.);
#1270=EDGE_CURVE('',#297,#1271,#1262,.T.);
#1271=VERTEX_POINT('',#1272);
#1272=CARTESIAN_POINT('',(-1.025,3.425,0.85));
#1273=ORIENTED_EDGE('',*,*,#309,.T.);
#1274=ORIENTED_EDGE('',*,*,#1275,.T.);
#1275=EDGE_CURVE('',#304,#1276,#1278,.T.);
#1276=VERTEX_POINT('',#1277);
#1277=CARTESIAN_POINT('',(-0.575,3.425,0.85));
#1278=LINE('',#1279,#121);
#1279=CARTESIAN_POINT('',(-0.575,3.7,0.85));
#1280=ORIENTED_EDGE('',*,*,#1281,.F.);
#1281=EDGE_CURVE('',#1271,#1276,#815,.T.);
#1282=ADVANCED_FACE('',(#1283),#1339,.F.);
#1283=FACE_BOUND('',#1284,.F.);
#1284=EDGE_LOOP('',(#1285,#1286,#1287,#1294,#1299,#1306,#1311,#1316,#1321,#1327,#1332,#1337));
#1285=ORIENTED_EDGE('',*,*,#303,.F.);
#1286=ORIENTED_EDGE('',*,*,#314,.T.);
#1287=ORIENTED_EDGE('',*,*,#1288,.T.);
#1288=EDGE_CURVE('',#315,#1289,#1291,.T.);
#1289=VERTEX_POINT('',#1290);
#1290=CARTESIAN_POINT('',(-0.575,3.798480775301,0.667364817767));
#1291=CIRCLE('',#1292,0.1);
#1292=AXIS2_PLACEMENT_3D('',#1293,#136,#13);
#1293=CARTESIAN_POINT('',(-0.575,3.7,0.65));
#1294=ORIENTED_EDGE('',*,*,#1295,.T.);
#1295=EDGE_CURVE('',#1289,#1296,#1298,.T.);
#1296=VERTEX_POINT('',#1297);
#1297=CARTESIAN_POINT('',(-0.575,3.882385590716,0.165270364467));
#1298=LINE('',#1290,#858);
#1299=ORIENTED_EDGE('',*,*,#1300,.T.);
#1300=EDGE_CURVE('',#1296,#1301,#1303,.T.);
#1301=VERTEX_POINT('',#1302);
#1302=CARTESIAN_POINT('',(-0.575,4.079347141319,1.387778780781E-16));
#1303=CIRCLE('',#1304,0.2);
#1304=AXIS2_PLACEMENT_3D('',#1305,#14,#867);
#1305=CARTESIAN_POINT('',(-0.575,4.079347141319,0.2));
#1306=ORIENTED_EDGE('',*,*,#1307,.T.);
#1307=EDGE_CURVE('',#1301,#1308,#1310,.T.);
#1308=VERTEX_POINT('',#1309);
#1309=CARTESIAN_POINT('',(-0.575,4.5,1.387778780781E-16));
#1310=LINE('',#1302,#149);
#1311=ORIENTED_EDGE('',*,*,#1312,.T.);
#1312=EDGE_CURVE('',#1308,#1313,#1315,.T.);
#1313=VERTEX_POINT('',#1314);
#1314=CARTESIAN_POINT('',(-0.575,4.5,0.1));
#1315=LINE('',#1309,#187);
#1316=ORIENTED_EDGE('',*,*,#1317,.T.);
#1317=EDGE_CURVE('',#1313,#1318,#1320,.T.);
#1318=VERTEX_POINT('',#1319);
#1319=CARTESIAN_POINT('',(-0.575,4.079347141319,0.1));
#1320=LINE('',#1314,#121);
#1321=ORIENTED_EDGE('',*,*,#1322,.T.);
#1322=EDGE_CURVE('',#1318,#1323,#1325,.T.);
#1323=VERTEX_POINT('',#1324);
#1324=CARTESIAN_POINT('',(-0.575,3.980866366018,0.182635182233));
#1325=CIRCLE('',#1326,1.E-01);
#1326=AXIS2_PLACEMENT_3D('',#1305,#136,#840);
#1327=ORIENTED_EDGE('',*,*,#1328,.T.);
#1328=EDGE_CURVE('',#1323,#1329,#1331,.T.);
#1329=VERTEX_POINT('',#1330);
#1330=CARTESIAN_POINT('',(-0.575,3.896961550602,0.684729635533));
#1331=LINE('',#1324,#894);
#1332=ORIENTED_EDGE('',*,*,#1333,.T.);
#1333=EDGE_CURVE('',#1329,#1334,#1335,.T.);
#1334=VERTEX_POINT('',#1279);
#1335=CIRCLE('',#1336,0.2);
#1336=AXIS2_PLACEMENT_3D('',#1293,#14,#901);
#1337=ORIENTED_EDGE('',*,*,#1338,.T.);
#1338=EDGE_CURVE('',#1334,#304,#1278,.T.);
#1339=PLANE('',#1340);
#1340=AXIS2_PLACEMENT_3D('',#1341,#14,#13);
#1341=CARTESIAN_POINT('',(-0.575,3.914276639233,0.410238158856));
#1342=ADVANCED_FACE('',(#1343),#1357,.F.);
#1343=FACE_BOUND('',#1344,.F.);
#1344=EDGE_LOOP('',(#1345,#1346,#1353,#1356));
#1345=ORIENTED_EDGE('',*,*,#327,.T.);
#1346=ORIENTED_EDGE('',*,*,#1347,.T.);
#1347=EDGE_CURVE('',#322,#1348,#1350,.T.);
#1348=VERTEX_POINT('',#1349);
#1349=CARTESIAN_POINT('',(-0.225,3.798480775301,0.667364817767));
#1350=CIRCLE('',#1351,0.1);
#1351=AXIS2_PLACEMENT_3D('',#1352,#136,#13);
#1352=CARTESIAN_POINT('',(-0.225,3.7,0.65));
#1353=ORIENTED_EDGE('',*,*,#1354,.F.);
#1354=EDGE_CURVE('',#1289,#1348,#1355,.T.);
#1355=LINE('',#1290,#27);
#1356=ORIENTED_EDGE('',*,*,#1288,.F.);
#1357=CYLINDRICAL_SURFACE('',#1292,0.1);
#1358=ADVANCED_FACE('',(#1359),#1408,.T.);
#1359=FACE_BOUND('',#1360,.T.);
#1360=EDGE_LOOP('',(#334,#320,#1346,#1361,#1366,#1373,#1378,#1383,#1388,#1394,#1399,#1405));
#1361=ORIENTED_EDGE('',*,*,#1362,.T.);
#1362=EDGE_CURVE('',#1348,#1363,#1365,.T.);
#1363=VERTEX_POINT('',#1364);
#1364=CARTESIAN_POINT('',(-0.225,3.882385590716,0.165270364467));
#1365=LINE('',#1349,#858);
#1366=ORIENTED_EDGE('',*,*,#1367,.T.);
#1367=EDGE_CURVE('',#1363,#1368,#1370,.T.);
#1368=VERTEX_POINT('',#1369);
#1369=CARTESIAN_POINT('',(-0.225,4.079347141319,1.387778780781E-16));
#1370=CIRCLE('',#1371,0.2);
#1371=AXIS2_PLACEMENT_3D('',#1372,#14,#867);
#1372=CARTESIAN_POINT('',(-0.225,4.079347141319,0.2));
#1373=ORIENTED_EDGE('',*,*,#1374,.T.);
#1374=EDGE_CURVE('',#1368,#1375,#1377,.T.);
#1375=VERTEX_POINT('',#1376);
#1376=CARTESIAN_POINT('',(-0.225,4.5,1.387778780781E-16));
#1377=LINE('',#1369,#149);
#1378=ORIENTED_EDGE('',*,*,#1379,.T.);
#1379=EDGE_CURVE('',#1375,#1380,#1382,.T.);
#1380=VERTEX_POINT('',#1381);
#1381=CARTESIAN_POINT('',(-0.225,4.5,0.1));
#1382=LINE('',#1376,#187);
#1383=ORIENTED_EDGE('',*,*,#1384,.T.);
#1384=EDGE_CURVE('',#1380,#1385,#1387,.T.);
#1385=VERTEX_POINT('',#1386);
#1386=CARTESIAN_POINT('',(-0.225,4.079347141319,0.1));
#1387=LINE('',#1381,#121);
#1388=ORIENTED_EDGE('',*,*,#1389,.T.);
#1389=EDGE_CURVE('',#1385,#1390,#1392,.T.);
#1390=VERTEX_POINT('',#1391);
#1391=CARTESIAN_POINT('',(-0.225,3.980866366018,0.182635182233));
#1392=CIRCLE('',#1393,1.E-01);
#1393=AXIS2_PLACEMENT_3D('',#1372,#136,#840);
#1394=ORIENTED_EDGE('',*,*,#1395,.T.);
#1395=EDGE_CURVE('',#1390,#1396,#1398,.T.);
#1396=VERTEX_POINT('',#1397);
#1397=CARTESIAN_POINT('',(-0.225,3.896961550602,0.684729635533));
#1398=LINE('',#1391,#894);
#1399=ORIENTED_EDGE('',*,*,#1400,.T.);
#1400=EDGE_CURVE('',#1396,#1401,#1403,.T.);
#1401=VERTEX_POINT('',#1402);
#1402=CARTESIAN_POINT('',(-0.225,3.7,0.85));
#1403=CIRCLE('',#1404,0.2);
#1404=AXIS2_PLACEMENT_3D('',#1352,#14,#901);
#1405=ORIENTED_EDGE('',*,*,#1406,.T.);
#1406=EDGE_CURVE('',#1401,#336,#1407,.T.);
#1407=LINE('',#1402,#121);
#1408=PLANE('',#1409);
#1409=AXIS2_PLACEMENT_3D('',#1410,#14,#13);
#1410=CARTESIAN_POINT('',(-0.225,3.914276639233,0.410238158856));
#1411=ADVANCED_FACE('',(#1412),#837,.F.);
#1412=FACE_BOUND('',#1413,.F.);
#1413=EDGE_LOOP('',(#1414,#1418,#1419,#1425));
#1414=ORIENTED_EDGE('',*,*,#1415,.F.);
#1415=EDGE_CURVE('',#336,#1416,#1407,.T.);
#1416=VERTEX_POINT('',#1417);
#1417=CARTESIAN_POINT('',(-0.225,3.425,0.85));
#1418=ORIENTED_EDGE('',*,*,#348,.T.);
#1419=ORIENTED_EDGE('',*,*,#1420,.T.);
#1420=EDGE_CURVE('',#343,#1421,#1423,.T.);
#1421=VERTEX_POINT('',#1422);
#1422=CARTESIAN_POINT('',(0.225,3.425,0.85));
#1423=LINE('',#1424,#121);
#1424=CARTESIAN_POINT('',(0.225,3.7,0.85));
#1425=ORIENTED_EDGE('',*,*,#1426,.F.);
#1426=EDGE_CURVE('',#1416,#1421,#815,.T.);
#1427=ADVANCED_FACE('',(#1428),#1484,.F.);
#1428=FACE_BOUND('',#1429,.F.);
#1429=EDGE_LOOP('',(#1430,#1431,#1432,#1439,#1444,#1451,#1456,#1461,#1466,#1472,#1477,#1482));
#1430=ORIENTED_EDGE('',*,*,#342,.F.);
#1431=ORIENTED_EDGE('',*,*,#353,.T.);
#1432=ORIENTED_EDGE('',*,*,#1433,.T.);
#1433=EDGE_CURVE('',#354,#1434,#1436,.T.);
#1434=VERTEX_POINT('',#1435);
#1435=CARTESIAN_POINT('',(0.225,3.798480775301,0.667364817767));
#1436=CIRCLE('',#1437,0.1);
#1437=AXIS2_PLACEMENT_3D('',#1438,#136,#13);
#1438=CARTESIAN_POINT('',(0.225,3.7,0.65));
#1439=ORIENTED_EDGE('',*,*,#1440,.T.);
#1440=EDGE_CURVE('',#1434,#1441,#1443,.T.);
#1441=VERTEX_POINT('',#1442);
#1442=CARTESIAN_POINT('',(0.225,3.882385590716,0.165270364467));
#1443=LINE('',#1435,#858);
#1444=ORIENTED_EDGE('',*,*,#1445,.T.);
#1445=EDGE_CURVE('',#1441,#1446,#1448,.T.);
#1446=VERTEX_POINT('',#1447);
#1447=CARTESIAN_POINT('',(0.225,4.079347141319,1.387778780781E-16));
#1448=CIRCLE('',#1449,0.2);
#1449=AXIS2_PLACEMENT_3D('',#1450,#14,#867);
#1450=CARTESIAN_POINT('',(0.225,4.079347141319,0.2));
#1451=ORIENTED_EDGE('',*,*,#1452,.T.);
#1452=EDGE_CURVE('',#1446,#1453,#1455,.T.);
#1453=VERTEX_POINT('',#1454);
#1454=CARTESIAN_POINT('',(0.225,4.5,1.387778780781E-16));
#1455=LINE('',#1447,#149);
#1456=ORIENTED_EDGE('',*,*,#1457,.T.);
#1457=EDGE_CURVE('',#1453,#1458,#1460,.T.);
#1458=VERTEX_POINT('',#1459);
#1459=CARTESIAN_POINT('',(0.225,4.5,0.1));
#1460=LINE('',#1454,#187);
#1461=ORIENTED_EDGE('',*,*,#1462,.T.);
#1462=EDGE_CURVE('',#1458,#1463,#1465,.T.);
#1463=VERTEX_POINT('',#1464);
#1464=CARTESIAN_POINT('',(0.225,4.079347141319,0.1));
#1465=LINE('',#1459,#121);
#1466=ORIENTED_EDGE('',*,*,#1467,.T.);
#1467=EDGE_CURVE('',#1463,#1468,#1470,.T.);
#1468=VERTEX_POINT('',#1469);
#1469=CARTESIAN_POINT('',(0.225,3.980866366018,0.182635182233));
#1470=CIRCLE('',#1471,1.E-01);
#1471=AXIS2_PLACEMENT_3D('',#1450,#136,#840);
#1472=ORIENTED_EDGE('',*,*,#1473,.T.);
#1473=EDGE_CURVE('',#1468,#1474,#1476,.T.);
#1474=VERTEX_POINT('',#1475);
#1475=CARTESIAN_POINT('',(0.225,3.896961550602,0.684729635533));
#1476=LINE('',#1469,#894);
#1477=ORIENTED_EDGE('',*,*,#1478,.T.);
#1478=EDGE_CURVE('',#1474,#1479,#1480,.T.);
#1479=VERTEX_POINT('',#1424);
#1480=CIRCLE('',#1481,0.2);
#1481=AXIS2_PLACEMENT_3D('',#1438,#14,#901);
#1482=ORIENTED_EDGE('',*,*,#1483,.T.);
#1483=EDGE_CURVE('',#1479,#343,#1423,.T.);
#1484=PLANE('',#1485);
#1485=AXIS2_PLACEMENT_3D('',#1486,#14,#13);
#1486=CARTESIAN_POINT('',(0.225,3.914276639233,0.410238158856));
#1487=ADVANCED_FACE('',(#1488),#1502,.F.);
#1488=FACE_BOUND('',#1489,.F.);
#1489=EDGE_LOOP('',(#1490,#1491,#1498,#1501));
#1490=ORIENTED_EDGE('',*,*,#366,.T.);
#1491=ORIENTED_EDGE('',*,*,#1492,.T.);
#1492=EDGE_CURVE('',#361,#1493,#1495,.T.);
#1493=VERTEX_POINT('',#1494);
#1494=CARTESIAN_POINT('',(0.575,3.798480775301,0.667364817767));
#1495=CIRCLE('',#1496,0.1);
#1496=AXIS2_PLACEMENT_3D('',#1497,#136,#13);
#1497=CARTESIAN_POINT('',(0.575,3.7,0.65));
#1498=ORIENTED_EDGE('',*,*,#1499,.F.);
#1499=EDGE_CURVE('',#1434,#1493,#1500,.T.);
#1500=LINE('',#1435,#27);
#1501=ORIENTED_EDGE('',*,*,#1433,.F.);
#1502=CYLINDRICAL_SURFACE('',#1437,0.1);
#1503=ADVANCED_FACE('',(#1504),#1553,.T.);
#1504=FACE_BOUND('',#1505,.T.);
#1505=EDGE_LOOP('',(#373,#359,#1491,#1506,#1511,#1518,#1523,#1528,#1533,#1539,#1544,#1550));
#1506=ORIENTED_EDGE('',*,*,#1507,.T.);
#1507=EDGE_CURVE('',#1493,#1508,#1510,.T.);
#1508=VERTEX_POINT('',#1509);
#1509=CARTESIAN_POINT('',(0.575,3.882385590716,0.165270364467));
#1510=LINE('',#1494,#858);
#1511=ORIENTED_EDGE('',*,*,#1512,.T.);
#1512=EDGE_CURVE('',#1508,#1513,#1515,.T.);
#1513=VERTEX_POINT('',#1514);
#1514=CARTESIAN_POINT('',(0.575,4.079347141319,1.387778780781E-16));
#1515=CIRCLE('',#1516,0.2);
#1516=AXIS2_PLACEMENT_3D('',#1517,#14,#867);
#1517=CARTESIAN_POINT('',(0.575,4.079347141319,0.2));
#1518=ORIENTED_EDGE('',*,*,#1519,.T.);
#1519=EDGE_CURVE('',#1513,#1520,#1522,.T.);
#1520=VERTEX_POINT('',#1521);
#1521=CARTESIAN_POINT('',(0.575,4.5,1.387778780781E-16));
#1522=LINE('',#1514,#149);
#1523=ORIENTED_EDGE('',*,*,#1524,.T.);
#1524=EDGE_CURVE('',#1520,#1525,#1527,.T.);
#1525=VERTEX_POINT('',#1526);
#1526=CARTESIAN_POINT('',(0.575,4.5,0.1));
#1527=LINE('',#1521,#187);
#1528=ORIENTED_EDGE('',*,*,#1529,.T.);
#1529=EDGE_CURVE('',#1525,#1530,#1532,.T.);
#1530=VERTEX_POINT('',#1531);
#1531=CARTESIAN_POINT('',(0.575,4.079347141319,0.1));
#1532=LINE('',#1526,#121);
#1533=ORIENTED_EDGE('',*,*,#1534,.T.);
#1534=EDGE_CURVE('',#1530,#1535,#1537,.T.);
#1535=VERTEX_POINT('',#1536);
#1536=CARTESIAN_POINT('',(0.575,3.980866366018,0.182635182233));
#1537=CIRCLE('',#1538,1.E-01);
#1538=AXIS2_PLACEMENT_3D('',#1517,#136,#840);
#1539=ORIENTED_EDGE('',*,*,#1540,.T.);
#1540=EDGE_CURVE('',#1535,#1541,#1543,.T.);
#1541=VERTEX_POINT('',#1542);
#1542=CARTESIAN_POINT('',(0.575,3.896961550602,0.684729635533));
#1543=LINE('',#1536,#894);
#1544=ORIENTED_EDGE('',*,*,#1545,.T.);
#1545=EDGE_CURVE('',#1541,#1546,#1548,.T.);
#1546=VERTEX_POINT('',#1547);
#1547=CARTESIAN_POINT('',(0.575,3.7,0.85));
#1548=CIRCLE('',#1549,0.2);
#1549=AXIS2_PLACEMENT_3D('',#1497,#14,#901);
#1550=ORIENTED_EDGE('',*,*,#1551,.T.);
#1551=EDGE_CURVE('',#1546,#375,#1552,.T.);
#1552=LINE('',#1547,#121);
#1553=PLANE('',#1554);
#1554=AXIS2_PLACEMENT_3D('',#1555,#14,#13);
#1555=CARTESIAN_POINT('',(0.575,3.914276639233,0.410238158856));
#1556=ADVANCED_FACE('',(#1557),#837,.F.);
#1557=FACE_BOUND('',#1558,.F.);
#1558=EDGE_LOOP('',(#1559,#1563,#1564,#1570));
#1559=ORIENTED_EDGE('',*,*,#1560,.F.);
#1560=EDGE_CURVE('',#375,#1561,#1552,.T.);
#1561=VERTEX_POINT('',#1562);
#1562=CARTESIAN_POINT('',(0.575,3.425,0.85));
#1563=ORIENTED_EDGE('',*,*,#387,.T.);
#1564=ORIENTED_EDGE('',*,*,#1565,.T.);
#1565=EDGE_CURVE('',#382,#1566,#1568,.T.);
#1566=VERTEX_POINT('',#1567);
#1567=CARTESIAN_POINT('',(1.025,3.425,0.85));
#1568=LINE('',#1569,#121);
#1569=CARTESIAN_POINT('',(1.025,3.7,0.85));
#1570=ORIENTED_EDGE('',*,*,#1571,.F.);
#1571=EDGE_CURVE('',#1561,#1566,#815,.T.);
#1572=ADVANCED_FACE('',(#1573),#1629,.F.);
#1573=FACE_BOUND('',#1574,.F.);
#1574=EDGE_LOOP('',(#1575,#1576,#1577,#1584,#1589,#1596,#1601,#1606,#1611,#1617,#1622,#1627));
#1575=ORIENTED_EDGE('',*,*,#381,.F.);
#1576=ORIENTED_EDGE('',*,*,#392,.T.);
#1577=ORIENTED_EDGE('',*,*,#1578,.T.);
#1578=EDGE_CURVE('',#393,#1579,#1581,.T.);
#1579=VERTEX_POINT('',#1580);
#1580=CARTESIAN_POINT('',(1.025,3.798480775301,0.667364817767));
#1581=CIRCLE('',#1582,0.1);
#1582=AXIS2_PLACEMENT_3D('',#1583,#136,#13);
#1583=CARTESIAN_POINT('',(1.025,3.7,0.65));
#1584=ORIENTED_EDGE('',*,*,#1585,.T.);
#1585=EDGE_CURVE('',#1579,#1586,#1588,.T.);
#1586=VERTEX_POINT('',#1587);
#1587=CARTESIAN_POINT('',(1.025,3.882385590716,0.165270364467));
#1588=LINE('',#1580,#858);
#1589=ORIENTED_EDGE('',*,*,#1590,.T.);
#1590=EDGE_CURVE('',#1586,#1591,#1593,.T.);
#1591=VERTEX_POINT('',#1592);
#1592=CARTESIAN_POINT('',(1.025,4.079347141319,1.387778780781E-16));
#1593=CIRCLE('',#1594,0.2);
#1594=AXIS2_PLACEMENT_3D('',#1595,#14,#867);
#1595=CARTESIAN_POINT('',(1.025,4.079347141319,0.2));
#1596=ORIENTED_EDGE('',*,*,#1597,.T.);
#1597=EDGE_CURVE('',#1591,#1598,#1600,.T.);
#1598=VERTEX_POINT('',#1599);
#1599=CARTESIAN_POINT('',(1.025,4.5,1.387778780781E-16));
#1600=LINE('',#1592,#149);
#1601=ORIENTED_EDGE('',*,*,#1602,.T.);
#1602=EDGE_CURVE('',#1598,#1603,#1605,.T.);
#1603=VERTEX_POINT('',#1604);
#1604=CARTESIAN_POINT('',(1.025,4.5,0.1));
#1605=LINE('',#1599,#187);
#1606=ORIENTED_EDGE('',*,*,#1607,.T.);
#1607=EDGE_CURVE('',#1603,#1608,#1610,.T.);
#1608=VERTEX_POINT('',#1609);
#1609=CARTESIAN_POINT('',(1.025,4.079347141319,0.1));
#1610=LINE('',#1604,#121);
#1611=ORIENTED_EDGE('',*,*,#1612,.T.);
#1612=EDGE_CURVE('',#1608,#1613,#1615,.T.);
#1613=VERTEX_POINT('',#1614);
#1614=CARTESIAN_POINT('',(1.025,3.980866366018,0.182635182233));
#1615=CIRCLE('',#1616,1.E-01);
#1616=AXIS2_PLACEMENT_3D('',#1595,#136,#840);
#1617=ORIENTED_EDGE('',*,*,#1618,.T.);
#1618=EDGE_CURVE('',#1613,#1619,#1621,.T.);
#1619=VERTEX_POINT('',#1620);
#1620=CARTESIAN_POINT('',(1.025,3.896961550602,0.684729635533));
#1621=LINE('',#1614,#894);
#1622=ORIENTED_EDGE('',*,*,#1623,.T.);
#1623=EDGE_CURVE('',#1619,#1624,#1625,.T.);
#1624=VERTEX_POINT('',#1569);
#1625=CIRCLE('',#1626,0.2);
#1626=AXIS2_PLACEMENT_3D('',#1583,#14,#901);
#1627=ORIENTED_EDGE('',*,*,#1628,.T.);
#1628=EDGE_CURVE('',#1624,#382,#1568,.T.);
#1629=PLANE('',#1630);
#1630=AXIS2_PLACEMENT_3D('',#1631,#14,#13);
#1631=CARTESIAN_POINT('',(1.025,3.914276639233,0.410238158856));
#1632=ADVANCED_FACE('',(#1633),#1647,.F.);
#1633=FACE_BOUND('',#1634,.F.);
#1634=EDGE_LOOP('',(#1635,#1636,#1643,#1646));
#1635=ORIENTED_EDGE('',*,*,#405,.T.);
#1636=ORIENTED_EDGE('',*,*,#1637,.T.);
#1637=EDGE_CURVE('',#400,#1638,#1640,.T.);
#1638=VERTEX_POINT('',#1639);
#1639=CARTESIAN_POINT('',(1.375,3.798480775301,0.667364817767));
#1640=CIRCLE('',#1641,0.1);
#1641=AXIS2_PLACEMENT_3D('',#1642,#136,#13);
#1642=CARTESIAN_POINT('',(1.375,3.7,0.65));
#1643=ORIENTED_EDGE('',*,*,#1644,.F.);
#1644=EDGE_CURVE('',#1579,#1638,#1645,.T.);
#1645=LINE('',#1580,#27);
#1646=ORIENTED_EDGE('',*,*,#1578,.F.);
#1647=CYLINDRICAL_SURFACE('',#1582,0.1);
#1648=ADVANCED_FACE('',(#1649),#1698,.T.);
#1649=FACE_BOUND('',#1650,.T.);
#1650=EDGE_LOOP('',(#412,#398,#1636,#1651,#1656,#1663,#1668,#1673,#1678,#1684,#1689,#1695));
#1651=ORIENTED_EDGE('',*,*,#1652,.T.);
#1652=EDGE_CURVE('',#1638,#1653,#1655,.T.);
#1653=VERTEX_POINT('',#1654);
#1654=CARTESIAN_POINT('',(1.375,3.882385590716,0.165270364467));
#1655=LINE('',#1639,#858);
#1656=ORIENTED_EDGE('',*,*,#1657,.T.);
#1657=EDGE_CURVE('',#1653,#1658,#1660,.T.);
#1658=VERTEX_POINT('',#1659);
#1659=CARTESIAN_POINT('',(1.375,4.079347141319,1.387778780781E-16));
#1660=CIRCLE('',#1661,0.2);
#1661=AXIS2_PLACEMENT_3D('',#1662,#14,#867);
#1662=CARTESIAN_POINT('',(1.375,4.079347141319,0.2));
#1663=ORIENTED_EDGE('',*,*,#1664,.T.);
#1664=EDGE_CURVE('',#1658,#1665,#1667,.T.);
#1665=VERTEX_POINT('',#1666);
#1666=CARTESIAN_POINT('',(1.375,4.5,1.387778780781E-16));
#1667=LINE('',#1659,#149);
#1668=ORIENTED_EDGE('',*,*,#1669,.T.);
#1669=EDGE_CURVE('',#1665,#1670,#1672,.T.);
#1670=VERTEX_POINT('',#1671);
#1671=CARTESIAN_POINT('',(1.375,4.5,0.1));
#1672=LINE('',#1666,#187);
#1673=ORIENTED_EDGE('',*,*,#1674,.T.);
#1674=EDGE_CURVE('',#1670,#1675,#1677,.T.);
#1675=VERTEX_POINT('',#1676);
#1676=CARTESIAN_POINT('',(1.375,4.079347141319,0.1));
#1677=LINE('',#1671,#121);
#1678=ORIENTED_EDGE('',*,*,#1679,.T.);
#1679=EDGE_CURVE('',#1675,#1680,#1682,.T.);
#1680=VERTEX_POINT('',#1681);
#1681=CARTESIAN_POINT('',(1.375,3.980866366018,0.182635182233));
#1682=CIRCLE('',#1683,1.E-01);
#1683=AXIS2_PLACEMENT_3D('',#1662,#136,#840);
#1684=ORIENTED_EDGE('',*,*,#1685,.T.);
#1685=EDGE_CURVE('',#1680,#1686,#1688,.T.);
#1686=VERTEX_POINT('',#1687);
#1687=CARTESIAN_POINT('',(1.375,3.896961550602,0.684729635533));
#1688=LINE('',#1681,#894);
#1689=ORIENTED_EDGE('',*,*,#1690,.T.);
#1690=EDGE_CURVE('',#1686,#1691,#1693,.T.);
#1691=VERTEX_POINT('',#1692);
#1692=CARTESIAN_POINT('',(1.375,3.7,0.85));
#1693=CIRCLE('',#1694,0.2);
#1694=AXIS2_PLACEMENT_3D('',#1642,#14,#901);
#1695=ORIENTED_EDGE('',*,*,#1696,.T.);
#1696=EDGE_CURVE('',#1691,#414,#1697,.T.);
#1697=LINE('',#1692,#121);
#1698=PLANE('',#1699);
#1699=AXIS2_PLACEMENT_3D('',#1700,#14,#13);
#1700=CARTESIAN_POINT('',(1.375,3.914276639233,0.410238158856));
#1701=ADVANCED_FACE('',(#1702),#837,.F.);
#1702=FACE_BOUND('',#1703,.F.);
#1703=EDGE_LOOP('',(#1704,#1708,#1709,#1715));
#1704=ORIENTED_EDGE('',*,*,#1705,.F.);
#1705=EDGE_CURVE('',#414,#1706,#1697,.T.);
#1706=VERTEX_POINT('',#1707);
#1707=CARTESIAN_POINT('',(1.375,3.425,0.85));
#1708=ORIENTED_EDGE('',*,*,#426,.T.);
#1709=ORIENTED_EDGE('',*,*,#1710,.T.);
#1710=EDGE_CURVE('',#421,#1711,#1713,.T.);
#1711=VERTEX_POINT('',#1712);
#1712=CARTESIAN_POINT('',(1.825,3.425,0.85));
#1713=LINE('',#1714,#121);
#1714=CARTESIAN_POINT('',(1.825,3.7,0.85));
#1715=ORIENTED_EDGE('',*,*,#1716,.F.);
#1716=EDGE_CURVE('',#1706,#1711,#815,.T.);
#1717=ADVANCED_FACE('',(#1718),#1774,.F.);
#1718=FACE_BOUND('',#1719,.F.);
#1719=EDGE_LOOP('',(#1720,#1721,#1722,#1729,#1734,#1741,#1746,#1751,#1756,#1762,#1767,#1772));
#1720=ORIENTED_EDGE('',*,*,#420,.F.);
#1721=ORIENTED_EDGE('',*,*,#431,.T.);
#1722=ORIENTED_EDGE('',*,*,#1723,.T.);
#1723=EDGE_CURVE('',#432,#1724,#1726,.T.);
#1724=VERTEX_POINT('',#1725);
#1725=CARTESIAN_POINT('',(1.825,3.798480775301,0.667364817767));
#1726=CIRCLE('',#1727,0.1);
#1727=AXIS2_PLACEMENT_3D('',#1728,#136,#13);
#1728=CARTESIAN_POINT('',(1.825,3.7,0.65));
#1729=ORIENTED_EDGE('',*,*,#1730,.T.);
#1730=EDGE_CURVE('',#1724,#1731,#1733,.T.);
#1731=VERTEX_POINT('',#1732);
#1732=CARTESIAN_POINT('',(1.825,3.882385590716,0.165270364467));
#1733=LINE('',#1725,#858);
#1734=ORIENTED_EDGE('',*,*,#1735,.T.);
#1735=EDGE_CURVE('',#1731,#1736,#1738,.T.);
#1736=VERTEX_POINT('',#1737);
#1737=CARTESIAN_POINT('',(1.825,4.079347141319,1.387778780781E-16));
#1738=CIRCLE('',#1739,0.2);
#1739=AXIS2_PLACEMENT_3D('',#1740,#14,#867);
#1740=CARTESIAN_POINT('',(1.825,4.079347141319,0.2));
#1741=ORIENTED_EDGE('',*,*,#1742,.T.);
#1742=EDGE_CURVE('',#1736,#1743,#1745,.T.);
#1743=VERTEX_POINT('',#1744);
#1744=CARTESIAN_POINT('',(1.825,4.5,1.387778780781E-16));
#1745=LINE('',#1737,#149);
#1746=ORIENTED_EDGE('',*,*,#1747,.T.);
#1747=EDGE_CURVE('',#1743,#1748,#1750,.T.);
#1748=VERTEX_POINT('',#1749);
#1749=CARTESIAN_POINT('',(1.825,4.5,0.1));
#1750=LINE('',#1744,#187);
#1751=ORIENTED_EDGE('',*,*,#1752,.T.);
#1752=EDGE_CURVE('',#1748,#1753,#1755,.T.);
#1753=VERTEX_POINT('',#1754);
#1754=CARTESIAN_POINT('',(1.825,4.079347141319,0.1));
#1755=LINE('',#1749,#121);
#1756=ORIENTED_EDGE('',*,*,#1757,.T.);
#1757=EDGE_CURVE('',#1753,#1758,#1760,.T.);
#1758=VERTEX_POINT('',#1759);
#1759=CARTESIAN_POINT('',(1.825,3.980866366018,0.182635182233));
#1760=CIRCLE('',#1761,1.E-01);
#1761=AXIS2_PLACEMENT_3D('',#1740,#136,#840);
#1762=ORIENTED_EDGE('',*,*,#1763,.T.);
#1763=EDGE_CURVE('',#1758,#1764,#1766,.T.);
#1764=VERTEX_POINT('',#1765);
#1765=CARTESIAN_POINT('',(1.825,3.896961550602,0.684729635533));
#1766=LINE('',#1759,#894);
#1767=ORIENTED_EDGE('',*,*,#1768,.T.);
#1768=EDGE_CURVE('',#1764,#1769,#1770,.T.);
#1769=VERTEX_POINT('',#1714);
#1770=CIRCLE('',#1771,0.2);
#1771=AXIS2_PLACEMENT_3D('',#1728,#14,#901);
#1772=ORIENTED_EDGE('',*,*,#1773,.T.);
#1773=EDGE_CURVE('',#1769,#421,#1713,.T.);
#1774=PLANE('',#1775);
#1775=AXIS2_PLACEMENT_3D('',#1776,#14,#13);
#1776=CARTESIAN_POINT('',(1.825,3.914276639233,0.410238158856));
#1777=ADVANCED_FACE('',(#1778),#1792,.F.);
#1778=FACE_BOUND('',#1779,.F.);
#1779=EDGE_LOOP('',(#1780,#1781,#1788,#1791));
#1780=ORIENTED_EDGE('',*,*,#444,.T.);
#1781=ORIENTED_EDGE('',*,*,#1782,.T.);
#1782=EDGE_CURVE('',#439,#1783,#1785,.T.);
#1783=VERTEX_POINT('',#1784);
#1784=CARTESIAN_POINT('',(2.175,3.798480775301,0.667364817767));
#1785=CIRCLE('',#1786,0.1);
#1786=AXIS2_PLACEMENT_3D('',#1787,#136,#13);
#1787=CARTESIAN_POINT('',(2.175,3.7,0.65));
#1788=ORIENTED_EDGE('',*,*,#1789,.F.);
#1789=EDGE_CURVE('',#1724,#1783,#1790,.T.);
#1790=LINE('',#1725,#27);
#1791=ORIENTED_EDGE('',*,*,#1723,.F.);
#1792=CYLINDRICAL_SURFACE('',#1727,0.1);
#1793=ADVANCED_FACE('',(#1794),#1843,.T.);
#1794=FACE_BOUND('',#1795,.T.);
#1795=EDGE_LOOP('',(#451,#437,#1781,#1796,#1801,#1808,#1813,#1818,#1823,#1829,#1834,#1840));
#1796=ORIENTED_EDGE('',*,*,#1797,.T.);
#1797=EDGE_CURVE('',#1783,#1798,#1800,.T.);
#1798=VERTEX_POINT('',#1799);
#1799=CARTESIAN_POINT('',(2.175,3.882385590716,0.165270364467));
#1800=LINE('',#1784,#858);
#1801=ORIENTED_EDGE('',*,*,#1802,.T.);
#1802=EDGE_CURVE('',#1798,#1803,#1805,.T.);
#1803=VERTEX_POINT('',#1804);
#1804=CARTESIAN_POINT('',(2.175,4.079347141319,1.387778780781E-16));
#1805=CIRCLE('',#1806,0.2);
#1806=AXIS2_PLACEMENT_3D('',#1807,#14,#867);
#1807=CARTESIAN_POINT('',(2.175,4.079347141319,0.2));
#1808=ORIENTED_EDGE('',*,*,#1809,.T.);
#1809=EDGE_CURVE('',#1803,#1810,#1812,.T.);
#1810=VERTEX_POINT('',#1811);
#1811=CARTESIAN_POINT('',(2.175,4.5,1.387778780781E-16));
#1812=LINE('',#1804,#149);
#1813=ORIENTED_EDGE('',*,*,#1814,.T.);
#1814=EDGE_CURVE('',#1810,#1815,#1817,.T.);
#1815=VERTEX_POINT('',#1816);
#1816=CARTESIAN_POINT('',(2.175,4.5,0.1));
#1817=LINE('',#1811,#187);
#1818=ORIENTED_EDGE('',*,*,#1819,.T.);
#1819=EDGE_CURVE('',#1815,#1820,#1822,.T.);
#1820=VERTEX_POINT('',#1821);
#1821=CARTESIAN_POINT('',(2.175,4.079347141319,0.1));
#1822=LINE('',#1816,#121);
#1823=ORIENTED_EDGE('',*,*,#1824,.T.);
#1824=EDGE_CURVE('',#1820,#1825,#1827,.T.);
#1825=VERTEX_POINT('',#1826);
#1826=CARTESIAN_POINT('',(2.175,3.980866366018,0.182635182233));
#1827=CIRCLE('',#1828,1.E-01);
#1828=AXIS2_PLACEMENT_3D('',#1807,#136,#840);
#1829=ORIENTED_EDGE('',*,*,#1830,.T.);
#1830=EDGE_CURVE('',#1825,#1831,#1833,.T.);
#1831=VERTEX_POINT('',#1832);
#1832=CARTESIAN_POINT('',(2.175,3.896961550602,0.684729635533));
#1833=LINE('',#1826,#894);
#1834=ORIENTED_EDGE('',*,*,#1835,.T.);
#1835=EDGE_CURVE('',#1831,#1836,#1838,.T.);
#1836=VERTEX_POINT('',#1837);
#1837=CARTESIAN_POINT('',(2.175,3.7,0.85));
#1838=CIRCLE('',#1839,0.2);
#1839=AXIS2_PLACEMENT_3D('',#1787,#14,#901);
#1840=ORIENTED_EDGE('',*,*,#1841,.T.);
#1841=EDGE_CURVE('',#1836,#453,#1842,.T.);
#1842=LINE('',#1837,#121);
#1843=PLANE('',#1844);
#1844=AXIS2_PLACEMENT_3D('',#1845,#14,#13);
#1845=CARTESIAN_POINT('',(2.175,3.914276639233,0.410238158856));
#1846=ADVANCED_FACE('',(#1847),#837,.F.);
#1847=FACE_BOUND('',#1848,.F.);
#1848=EDGE_LOOP('',(#1849,#1853,#1854,#1860));
#1849=ORIENTED_EDGE('',*,*,#1850,.F.);
#1850=EDGE_CURVE('',#453,#1851,#1842,.T.);
#1851=VERTEX_POINT('',#1852);
#1852=CARTESIAN_POINT('',(2.175,3.425,0.85));
#1853=ORIENTED_EDGE('',*,*,#465,.T.);
#1854=ORIENTED_EDGE('',*,*,#1855,.T.);
#1855=EDGE_CURVE('',#460,#1856,#1858,.T.);
#1856=VERTEX_POINT('',#1857);
#1857=CARTESIAN_POINT('',(2.625,3.425,0.85));
#1858=LINE('',#1859,#121);
#1859=CARTESIAN_POINT('',(2.625,3.7,0.85));
#1860=ORIENTED_EDGE('',*,*,#1861,.F.);
#1861=EDGE_CURVE('',#1851,#1856,#815,.T.);
#1862=ADVANCED_FACE('',(#1863),#1919,.F.);
#1863=FACE_BOUND('',#1864,.F.);
#1864=EDGE_LOOP('',(#1865,#1866,#1867,#1874,#1879,#1886,#1891,#1896,#1901,#1907,#1912,#1917));
#1865=ORIENTED_EDGE('',*,*,#459,.F.);
#1866=ORIENTED_EDGE('',*,*,#470,.T.);
#1867=ORIENTED_EDGE('',*,*,#1868,.T.);
#1868=EDGE_CURVE('',#471,#1869,#1871,.T.);
#1869=VERTEX_POINT('',#1870);
#1870=CARTESIAN_POINT('',(2.625,3.798480775301,0.667364817767));
#1871=CIRCLE('',#1872,0.1);
#1872=AXIS2_PLACEMENT_3D('',#1873,#136,#13);
#1873=CARTESIAN_POINT('',(2.625,3.7,0.65));
#1874=ORIENTED_EDGE('',*,*,#1875,.T.);
#1875=EDGE_CURVE('',#1869,#1876,#1878,.T.);
#1876=VERTEX_POINT('',#1877);
#1877=CARTESIAN_POINT('',(2.625,3.882385590716,0.165270364467));
#1878=LINE('',#1870,#858);
#1879=ORIENTED_EDGE('',*,*,#1880,.T.);
#1880=EDGE_CURVE('',#1876,#1881,#1883,.T.);
#1881=VERTEX_POINT('',#1882);
#1882=CARTESIAN_POINT('',(2.625,4.079347141319,1.387778780781E-16));
#1883=CIRCLE('',#1884,0.2);
#1884=AXIS2_PLACEMENT_3D('',#1885,#14,#867);
#1885=CARTESIAN_POINT('',(2.625,4.079347141319,0.2));
#1886=ORIENTED_EDGE('',*,*,#1887,.T.);
#1887=EDGE_CURVE('',#1881,#1888,#1890,.T.);
#1888=VERTEX_POINT('',#1889);
#1889=CARTESIAN_POINT('',(2.625,4.5,1.387778780781E-16));
#1890=LINE('',#1882,#149);
#1891=ORIENTED_EDGE('',*,*,#1892,.T.);
#1892=EDGE_CURVE('',#1888,#1893,#1895,.T.);
#1893=VERTEX_POINT('',#1894);
#1894=CARTESIAN_POINT('',(2.625,4.5,0.1));
#1895=LINE('',#1889,#187);
#1896=ORIENTED_EDGE('',*,*,#1897,.T.);
#1897=EDGE_CURVE('',#1893,#1898,#1900,.T.);
#1898=VERTEX_POINT('',#1899);
#1899=CARTESIAN_POINT('',(2.625,4.079347141319,0.1));
#1900=LINE('',#1894,#121);
#1901=ORIENTED_EDGE('',*,*,#1902,.T.);
#1902=EDGE_CURVE('',#1898,#1903,#1905,.T.);
#1903=VERTEX_POINT('',#1904);
#1904=CARTESIAN_POINT('',(2.625,3.980866366018,0.182635182233));
#1905=CIRCLE('',#1906,1.E-01);
#1906=AXIS2_PLACEMENT_3D('',#1885,#136,#840);
#1907=ORIENTED_EDGE('',*,*,#1908,.T.);
#1908=EDGE_CURVE('',#1903,#1909,#1911,.T.);
#1909=VERTEX_POINT('',#1910);
#1910=CARTESIAN_POINT('',(2.625,3.896961550602,0.684729635533));
#1911=LINE('',#1904,#894);
#1912=ORIENTED_EDGE('',*,*,#1913,.T.);
#1913=EDGE_CURVE('',#1909,#1914,#1915,.T.);
#1914=VERTEX_POINT('',#1859);
#1915=CIRCLE('',#1916,0.2);
#1916=AXIS2_PLACEMENT_3D('',#1873,#14,#901);
#1917=ORIENTED_EDGE('',*,*,#1918,.T.);
#1918=EDGE_CURVE('',#1914,#460,#1858,.T.);
#1919=PLANE('',#1920);
#1920=AXIS2_PLACEMENT_3D('',#1921,#14,#13);
#1921=CARTESIAN_POINT('',(2.625,3.914276639233,0.410238158856));
#1922=ADVANCED_FACE('',(#1923),#1937,.F.);
#1923=FACE_BOUND('',#1924,.F.);
#1924=EDGE_LOOP('',(#1925,#1926,#1933,#1936));
#1925=ORIENTED_EDGE('',*,*,#483,.T.);
#1926=ORIENTED_EDGE('',*,*,#1927,.T.);
#1927=EDGE_CURVE('',#478,#1928,#1930,.T.);
#1928=VERTEX_POINT('',#1929);
#1929=CARTESIAN_POINT('',(2.975,3.798480775301,0.667364817767));
#1930=CIRCLE('',#1931,0.1);
#1931=AXIS2_PLACEMENT_3D('',#1932,#136,#13);
#1932=CARTESIAN_POINT('',(2.975,3.7,0.65));
#1933=ORIENTED_EDGE('',*,*,#1934,.F.);
#1934=EDGE_CURVE('',#1869,#1928,#1935,.T.);
#1935=LINE('',#1870,#27);
#1936=ORIENTED_EDGE('',*,*,#1868,.F.);
#1937=CYLINDRICAL_SURFACE('',#1872,0.1);
#1938=ADVANCED_FACE('',(#1939),#1988,.T.);
#1939=FACE_BOUND('',#1940,.T.);
#1940=EDGE_LOOP('',(#490,#476,#1926,#1941,#1946,#1953,#1958,#1963,#1968,#1974,#1979,#1985));
#1941=ORIENTED_EDGE('',*,*,#1942,.T.);
#1942=EDGE_CURVE('',#1928,#1943,#1945,.T.);
#1943=VERTEX_POINT('',#1944);
#1944=CARTESIAN_POINT('',(2.975,3.882385590716,0.165270364467));
#1945=LINE('',#1929,#858);
#1946=ORIENTED_EDGE('',*,*,#1947,.T.);
#1947=EDGE_CURVE('',#1943,#1948,#1950,.T.);
#1948=VERTEX_POINT('',#1949);
#1949=CARTESIAN_POINT('',(2.975,4.079347141319,1.387778780781E-16));
#1950=CIRCLE('',#1951,0.2);
#1951=AXIS2_PLACEMENT_3D('',#1952,#14,#867);
#1952=CARTESIAN_POINT('',(2.975,4.079347141319,0.2));
#1953=ORIENTED_EDGE('',*,*,#1954,.T.);
#1954=EDGE_CURVE('',#1948,#1955,#1957,.T.);
#1955=VERTEX_POINT('',#1956);
#1956=CARTESIAN_POINT('',(2.975,4.5,1.387778780781E-16));
#1957=LINE('',#1949,#149);
#1958=ORIENTED_EDGE('',*,*,#1959,.T.);
#1959=EDGE_CURVE('',#1955,#1960,#1962,.T.);
#1960=VERTEX_POINT('',#1961);
#1961=CARTESIAN_POINT('',(2.975,4.5,0.1));
#1962=LINE('',#1956,#187);
#1963=ORIENTED_EDGE('',*,*,#1964,.T.);
#1964=EDGE_CURVE('',#1960,#1965,#1967,.T.);
#1965=VERTEX_POINT('',#1966);
#1966=CARTESIAN_POINT('',(2.975,4.079347141319,0.1));
#1967=LINE('',#1961,#121);
#1968=ORIENTED_EDGE('',*,*,#1969,.T.);
#1969=EDGE_CURVE('',#1965,#1970,#1972,.T.);
#1970=VERTEX_POINT('',#1971);
#1971=CARTESIAN_POINT('',(2.975,3.980866366018,0.182635182233));
#1972=CIRCLE('',#1973,1.E-01);
#1973=AXIS2_PLACEMENT_3D('',#1952,#136,#840);
#1974=ORIENTED_EDGE('',*,*,#1975,.T.);
#1975=EDGE_CURVE('',#1970,#1976,#1978,.T.);
#1976=VERTEX_POINT('',#1977);
#1977=CARTESIAN_POINT('',(2.975,3.896961550602,0.684729635533));
#1978=LINE('',#1971,#894);
#1979=ORIENTED_EDGE('',*,*,#1980,.T.);
#1980=EDGE_CURVE('',#1976,#1981,#1983,.T.);
#1981=VERTEX_POINT('',#1982);
#1982=CARTESIAN_POINT('',(2.975,3.7,0.85));
#1983=CIRCLE('',#1984,0.2);
#1984=AXIS2_PLACEMENT_3D('',#1932,#14,#901);
#1985=ORIENTED_EDGE('',*,*,#1986,.T.);
#1986=EDGE_CURVE('',#1981,#492,#1987,.T.);
#1987=LINE('',#1982,#121);
#1988=PLANE('',#1989);
#1989=AXIS2_PLACEMENT_3D('',#1990,#14,#13);
#1990=CARTESIAN_POINT('',(2.975,3.914276639233,0.410238158856));
#1991=ADVANCED_FACE('',(#1992),#837,.F.);
#1992=FACE_BOUND('',#1993,.F.);
#1993=EDGE_LOOP('',(#1994,#1998,#1999,#2000,#2005,#2011,#2016,#2021));
#1994=ORIENTED_EDGE('',*,*,#1995,.F.);
#1995=EDGE_CURVE('',#492,#1996,#1987,.T.);
#1996=VERTEX_POINT('',#1997);
#1997=CARTESIAN_POINT('',(2.975,3.425,0.85));
#1998=ORIENTED_EDGE('',*,*,#503,.T.);
#1999=ORIENTED_EDGE('',*,*,#780,.T.);
#2000=ORIENTED_EDGE('',*,*,#2001,.T.);
#2001=EDGE_CURVE('',#776,#2002,#2004,.T.);
#2002=VERTEX_POINT('',#2003);
#2003=CARTESIAN_POINT('',(3.5,2.975,0.85));
#2004=LINE('',#777,#121);
#2005=ORIENTED_EDGE('',*,*,#2006,.T.);
#2006=EDGE_CURVE('',#2002,#2007,#2009,.T.);
#2007=VERTEX_POINT('',#2008);
#2008=CARTESIAN_POINT('',(3.425,2.975,0.85));
#2009=LINE('',#2010,#135);
#2010=CARTESIAN_POINT('',(3.7,2.975,0.85));
#2011=ORIENTED_EDGE('',*,*,#2012,.F.);
#2012=EDGE_CURVE('',#2013,#2007,#2015,.T.);
#2013=VERTEX_POINT('',#2014);
#2014=CARTESIAN_POINT('',(3.425,3.2875,0.85));
#2015=LINE('',#2014,#121);
#2016=ORIENTED_EDGE('',*,*,#2017,.F.);
#2017=EDGE_CURVE('',#2018,#2013,#2020,.T.);
#2018=VERTEX_POINT('',#2019);
#2019=CARTESIAN_POINT('',(3.2875,3.425,0.85));
#2020=LINE('',#2019,#114);
#2021=ORIENTED_EDGE('',*,*,#2022,.F.);
#2022=EDGE_CURVE('',#1996,#2018,#815,.T.);
#2023=ADVANCED_FACE('',(#2024),#2039,.F.);
#2024=FACE_BOUND('',#2025,.F.);
#2025=EDGE_LOOP('',(#2026,#2030,#2031,#2037));
#2026=ORIENTED_EDGE('',*,*,#2027,.F.);
#2027=EDGE_CURVE('',#589,#2028,#2029,.T.);
#2028=VERTEX_POINT('',#836);
#2029=B_SPLINE_CURVE_WITH_KNOTS('',1,(#526,#836),.UNSPECIFIED.,.F.,.F.,(2,2),(0.,1.),.PIECEWISE_BEZIER_KNOTS.);
#2030=ORIENTED_EDGE('',*,*,#588,.T.);
#2031=ORIENTED_EDGE('',*,*,#2032,.T.);
#2032=EDGE_CURVE('',#585,#2033,#2035,.T.);
#2033=VERTEX_POINT('',#2034);
#2034=CARTESIAN_POINT('',(-3.5,-2.975,0.85));
#2035=LINE('',#2036,#187);
#2036=CARTESIAN_POINT('',(-3.5,-2.975,0.630119079428));
#2037=ORIENTED_EDGE('',*,*,#2038,.F.);
#2038=EDGE_CURVE('',#2028,#2033,#835,.T.);
#2039=PLANE('',#2040);
#2040=AXIS2_PLACEMENT_3D('',#836,#14,#150);
#2041=ADVANCED_FACE('',(#2042),#2060,.F.);
#2042=FACE_BOUND('',#2043,.F.);
#2043=EDGE_LOOP('',(#2044,#2050,#2051,#2057));
#2044=ORIENTED_EDGE('',*,*,#2045,.F.);
#2045=EDGE_CURVE('',#585,#2046,#2048,.T.);
#2046=VERTEX_POINT('',#2047);
#2047=CARTESIAN_POINT('',(-3.7,-2.975,0.75));
#2048=LINE('',#2049,#135);
#2049=CARTESIAN_POINT('',(-3.35,-2.975,0.75));
#2050=ORIENTED_EDGE('',*,*,#584,.T.);
#2051=ORIENTED_EDGE('',*,*,#2052,.T.);
#2052=EDGE_CURVE('',#581,#2053,#2055,.T.);
#2053=VERTEX_POINT('',#2054);
#2054=CARTESIAN_POINT('',(-3.7,-2.625,0.75));
#2055=LINE('',#2056,#135);
#2056=CARTESIAN_POINT('',(-3.35,-2.625,0.75));
#2057=ORIENTED_EDGE('',*,*,#2058,.F.);
#2058=EDGE_CURVE('',#2046,#2053,#2059,.T.);
#2059=LINE('',#2047,#149);
#2060=PLANE('',#2061);
#2061=AXIS2_PLACEMENT_3D('',#2049,#13,#136);
#2062=ADVANCED_FACE('',(#2063),#2039,.F.);
#2063=FACE_BOUND('',#2064,.F.);
#2064=EDGE_LOOP('',(#2065,#2071,#2072,#2078));
#2065=ORIENTED_EDGE('',*,*,#2066,.F.);
#2066=EDGE_CURVE('',#581,#2067,#2069,.T.);
#2067=VERTEX_POINT('',#2068);
#2068=CARTESIAN_POINT('',(-3.5,-2.625,0.85));
#2069=LINE('',#2070,#187);
#2070=CARTESIAN_POINT('',(-3.5,-2.625,0.630119079428));
#2071=ORIENTED_EDGE('',*,*,#580,.T.);
#2072=ORIENTED_EDGE('',*,*,#2073,.T.);
#2073=EDGE_CURVE('',#577,#2074,#2076,.T.);
#2074=VERTEX_POINT('',#2075);
#2075=CARTESIAN_POINT('',(-3.5,-2.175,0.85));
#2076=LINE('',#2077,#187);
#2077=CARTESIAN_POINT('',(-3.5,-2.175,0.630119079428));
#2078=ORIENTED_EDGE('',*,*,#2079,.F.);
#2079=EDGE_CURVE('',#2067,#2074,#835,.T.);
#2080=ADVANCED_FACE('',(#2081),#2099,.F.);
#2081=FACE_BOUND('',#2082,.F.);
#2082=EDGE_LOOP('',(#2083,#2089,#2090,#2096));
#2083=ORIENTED_EDGE('',*,*,#2084,.F.);
#2084=EDGE_CURVE('',#577,#2085,#2087,.T.);
#2085=VERTEX_POINT('',#2086);
#2086=CARTESIAN_POINT('',(-3.7,-2.175,0.75));
#2087=LINE('',#2088,#135);
#2088=CARTESIAN_POINT('',(-3.35,-2.175,0.75));
#2089=ORIENTED_EDGE('',*,*,#576,.T.);
#2090=ORIENTED_EDGE('',*,*,#2091,.T.);
#2091=EDGE_CURVE('',#573,#2092,#2094,.T.);
#2092=VERTEX_POINT('',#2093);
#2093=CARTESIAN_POINT('',(-3.7,-1.825,0.75));
#2094=LINE('',#2095,#135);
#2095=CARTESIAN_POINT('',(-3.35,-1.825,0.75));
#2096=ORIENTED_EDGE('',*,*,#2097,.F.);
#2097=EDGE_CURVE('',#2085,#2092,#2098,.T.);
#2098=LINE('',#2086,#149);
#2099=PLANE('',#2100);
#2100=AXIS2_PLACEMENT_3D('',#2088,#13,#136);
#2101=ADVANCED_FACE('',(#2102),#2039,.F.);
#2102=FACE_BOUND('',#2103,.F.);
#2103=EDGE_LOOP('',(#2104,#2110,#2111,#2117));
#2104=ORIENTED_EDGE('',*,*,#2105,.F.);
#2105=EDGE_CURVE('',#573,#2106,#2108,.T.);
#2106=VERTEX_POINT('',#2107);
#2107=CARTESIAN_POINT('',(-3.5,-1.825,0.85));
#2108=LINE('',#2109,#187);
#2109=CARTESIAN_POINT('',(-3.5,-1.825,0.630119079428));
#2110=ORIENTED_EDGE('',*,*,#572,.T.);
#2111=ORIENTED_EDGE('',*,*,#2112,.T.);
#2112=EDGE_CURVE('',#569,#2113,#2115,.T.);
#2113=VERTEX_POINT('',#2114);
#2114=CARTESIAN_POINT('',(-3.5,-1.375,0.85));
#2115=LINE('',#2116,#187);
#2116=CARTESIAN_POINT('',(-3.5,-1.375,0.630119079428));
#2117=ORIENTED_EDGE('',*,*,#2118,.F.);
#2118=EDGE_CURVE('',#2106,#2113,#835,.T.);
#2119=ADVANCED_FACE('',(#2120),#2138,.F.);
#2120=FACE_BOUND('',#2121,.F.);
#2121=EDGE_LOOP('',(#2122,#2128,#2129,#2135));
#2122=ORIENTED_EDGE('',*,*,#2123,.F.);
#2123=EDGE_CURVE('',#569,#2124,#2126,.T.);
#2124=VERTEX_POINT('',#2125);
#2125=CARTESIAN_POINT('',(-3.7,-1.375,0.75));
#2126=LINE('',#2127,#135);
#2127=CARTESIAN_POINT('',(-3.35,-1.375,0.75));
#2128=ORIENTED_EDGE('',*,*,#568,.T.);
#2129=ORIENTED_EDGE('',*,*,#2130,.T.);
#2130=EDGE_CURVE('',#565,#2131,#2133,.T.);
#2131=VERTEX_POINT('',#2132);
#2132=CARTESIAN_POINT('',(-3.7,-1.025,0.75));
#2133=LINE('',#2134,#135);
#2134=CARTESIAN_POINT('',(-3.35,-1.025,0.75));
#2135=ORIENTED_EDGE('',*,*,#2136,.F.);
#2136=EDGE_CURVE('',#2124,#2131,#2137,.T.);
#2137=LINE('',#2125,#149);
#2138=PLANE('',#2139);
#2139=AXIS2_PLACEMENT_3D('',#2127,#13,#136);
#2140=ADVANCED_FACE('',(#2141),#2039,.F.);
#2141=FACE_BOUND('',#2142,.F.);
#2142=EDGE_LOOP('',(#2143,#2149,#2150,#2156));
#2143=ORIENTED_EDGE('',*,*,#2144,.F.);
#2144=EDGE_CURVE('',#565,#2145,#2147,.T.);
#2145=VERTEX_POINT('',#2146);
#2146=CARTESIAN_POINT('',(-3.5,-1.025,0.85));
#2147=LINE('',#2148,#187);
#2148=CARTESIAN_POINT('',(-3.5,-1.025,0.630119079428));
#2149=ORIENTED_EDGE('',*,*,#564,.T.);
#2150=ORIENTED_EDGE('',*,*,#2151,.T.);
#2151=EDGE_CURVE('',#561,#2152,#2154,.T.);
#2152=VERTEX_POINT('',#2153);
#2153=CARTESIAN_POINT('',(-3.5,-0.575,0.85));
#2154=LINE('',#2155,#187);
#2155=CARTESIAN_POINT('',(-3.5,-0.575,0.630119079428));
#2156=ORIENTED_EDGE('',*,*,#2157,.F.);
#2157=EDGE_CURVE('',#2145,#2152,#835,.T.);
#2158=ADVANCED_FACE('',(#2159),#2177,.F.);
#2159=FACE_BOUND('',#2160,.F.);
#2160=EDGE_LOOP('',(#2161,#2167,#2168,#2174));
#2161=ORIENTED_EDGE('',*,*,#2162,.F.);
#2162=EDGE_CURVE('',#561,#2163,#2165,.T.);
#2163=VERTEX_POINT('',#2164);
#2164=CARTESIAN_POINT('',(-3.7,-0.575,0.75));
#2165=LINE('',#2166,#135);
#2166=CARTESIAN_POINT('',(-3.35,-0.575,0.75));
#2167=ORIENTED_EDGE('',*,*,#560,.T.);
#2168=ORIENTED_EDGE('',*,*,#2169,.T.);
#2169=EDGE_CURVE('',#557,#2170,#2172,.T.);
#2170=VERTEX_POINT('',#2171);
#2171=CARTESIAN_POINT('',(-3.7,-0.225,0.75));
#2172=LINE('',#2173,#135);
#2173=CARTESIAN_POINT('',(-3.35,-0.225,0.75));
#2174=ORIENTED_EDGE('',*,*,#2175,.F.);
#2175=EDGE_CURVE('',#2163,#2170,#2176,.T.);
#2176=LINE('',#2164,#149);
#2177=PLANE('',#2178);
#2178=AXIS2_PLACEMENT_3D('',#2166,#13,#136);
#2179=ADVANCED_FACE('',(#2180),#2039,.F.);
#2180=FACE_BOUND('',#2181,.F.);
#2181=EDGE_LOOP('',(#2182,#2188,#2189,#2195));
#2182=ORIENTED_EDGE('',*,*,#2183,.F.);
#2183=EDGE_CURVE('',#557,#2184,#2186,.T.);
#2184=VERTEX_POINT('',#2185);
#2185=CARTESIAN_POINT('',(-3.5,-0.225,0.85));
#2186=LINE('',#2187,#187);
#2187=CARTESIAN_POINT('',(-3.5,-0.225,0.630119079428));
#2188=ORIENTED_EDGE('',*,*,#556,.T.);
#2189=ORIENTED_EDGE('',*,*,#2190,.T.);
#2190=EDGE_CURVE('',#553,#2191,#2193,.T.);
#2191=VERTEX_POINT('',#2192);
#2192=CARTESIAN_POINT('',(-3.5,0.225,0.85));
#2193=LINE('',#2194,#187);
#2194=CARTESIAN_POINT('',(-3.5,0.225,0.630119079428));
#2195=ORIENTED_EDGE('',*,*,#2196,.F.);
#2196=EDGE_CURVE('',#2184,#2191,#835,.T.);
#2197=ADVANCED_FACE('',(#2198),#2216,.F.);
#2198=FACE_BOUND('',#2199,.F.);
#2199=EDGE_LOOP('',(#2200,#2206,#2207,#2213));
#2200=ORIENTED_EDGE('',*,*,#2201,.F.);
#2201=EDGE_CURVE('',#553,#2202,#2204,.T.);
#2202=VERTEX_POINT('',#2203);
#2203=CARTESIAN_POINT('',(-3.7,0.225,0.75));
#2204=LINE('',#2205,#135);
#2205=CARTESIAN_POINT('',(-3.35,0.225,0.75));
#2206=ORIENTED_EDGE('',*,*,#552,.T.);
#2207=ORIENTED_EDGE('',*,*,#2208,.T.);
#2208=EDGE_CURVE('',#549,#2209,#2211,.T.);
#2209=VERTEX_POINT('',#2210);
#2210=CARTESIAN_POINT('',(-3.7,0.575,0.75));
#2211=LINE('',#2212,#135);
#2212=CARTESIAN_POINT('',(-3.35,0.575,0.75));
#2213=ORIENTED_EDGE('',*,*,#2214,.F.);
#2214=EDGE_CURVE('',#2202,#2209,#2215,.T.);
#2215=LINE('',#2203,#149);
#2216=PLANE('',#2217);
#2217=AXIS2_PLACEMENT_3D('',#2205,#13,#136);
#2218=ADVANCED_FACE('',(#2219),#2039,.F.);
#2219=FACE_BOUND('',#2220,.F.);
#2220=EDGE_LOOP('',(#2221,#2227,#2228,#2234));
#2221=ORIENTED_EDGE('',*,*,#2222,.F.);
#2222=EDGE_CURVE('',#549,#2223,#2225,.T.);
#2223=VERTEX_POINT('',#2224);
#2224=CARTESIAN_POINT('',(-3.5,0.575,0.85));
#2225=LINE('',#2226,#187);
#2226=CARTESIAN_POINT('',(-3.5,0.575,0.630119079428));
#2227=ORIENTED_EDGE('',*,*,#548,.T.);
#2228=ORIENTED_EDGE('',*,*,#2229,.T.);
#2229=EDGE_CURVE('',#545,#2230,#2232,.T.);
#2230=VERTEX_POINT('',#2231);
#2231=CARTESIAN_POINT('',(-3.5,1.025,0.85));
#2232=LINE('',#2233,#187);
#2233=CARTESIAN_POINT('',(-3.5,1.025,0.630119079428));
#2234=ORIENTED_EDGE('',*,*,#2235,.F.);
#2235=EDGE_CURVE('',#2223,#2230,#835,.T.);
#2236=ADVANCED_FACE('',(#2237),#2255,.F.);
#2237=FACE_BOUND('',#2238,.F.);
#2238=EDGE_LOOP('',(#2239,#2245,#2246,#2252));
#2239=ORIENTED_EDGE('',*,*,#2240,.F.);
#2240=EDGE_CURVE('',#545,#2241,#2243,.T.);
#2241=VERTEX_POINT('',#2242);
#2242=CARTESIAN_POINT('',(-3.7,1.025,0.75));
#2243=LINE('',#2244,#135);
#2244=CARTESIAN_POINT('',(-3.35,1.025,0.75));
#2245=ORIENTED_EDGE('',*,*,#544,.T.);
#2246=ORIENTED_EDGE('',*,*,#2247,.T.);
#2247=EDGE_CURVE('',#541,#2248,#2250,.T.);
#2248=VERTEX_POINT('',#2249);
#2249=CARTESIAN_POINT('',(-3.7,1.375,0.75));
#2250=LINE('',#2251,#135);
#2251=CARTESIAN_POINT('',(-3.35,1.375,0.75));
#2252=ORIENTED_EDGE('',*,*,#2253,.F.);
#2253=EDGE_CURVE('',#2241,#2248,#2254,.T.);
#2254=LINE('',#2242,#149);
#2255=PLANE('',#2256);
#2256=AXIS2_PLACEMENT_3D('',#2244,#13,#136);
#2257=ADVANCED_FACE('',(#2258),#2039,.F.);
#2258=FACE_BOUND('',#2259,.F.);
#2259=EDGE_LOOP('',(#2260,#2266,#2267,#2273));
#2260=ORIENTED_EDGE('',*,*,#2261,.F.);
#2261=EDGE_CURVE('',#541,#2262,#2264,.T.);
#2262=VERTEX_POINT('',#2263);
#2263=CARTESIAN_POINT('',(-3.5,1.375,0.85));
#2264=LINE('',#2265,#187);
#2265=CARTESIAN_POINT('',(-3.5,1.375,0.630119079428));
#2266=ORIENTED_EDGE('',*,*,#540,.T.);
#2267=ORIENTED_EDGE('',*,*,#2268,.T.);
#2268=EDGE_CURVE('',#537,#2269,#2271,.T.);
#2269=VERTEX_POINT('',#2270);
#2270=CARTESIAN_POINT('',(-3.5,1.825,0.85));
#2271=LINE('',#2272,#187);
#2272=CARTESIAN_POINT('',(-3.5,1.825,0.630119079428));
#2273=ORIENTED_EDGE('',*,*,#2274,.F.);
#2274=EDGE_CURVE('',#2262,#2269,#835,.T.);
#2275=ADVANCED_FACE('',(#2276),#2294,.F.);
#2276=FACE_BOUND('',#2277,.F.);
#2277=EDGE_LOOP('',(#2278,#2284,#2285,#2291));
#2278=ORIENTED_EDGE('',*,*,#2279,.F.);
#2279=EDGE_CURVE('',#537,#2280,#2282,.T.);
#2280=VERTEX_POINT('',#2281);
#2281=CARTESIAN_POINT('',(-3.7,1.825,0.75));
#2282=LINE('',#2283,#135);
#2283=CARTESIAN_POINT('',(-3.35,1.825,0.75));
#2284=ORIENTED_EDGE('',*,*,#536,.T.);
#2285=ORIENTED_EDGE('',*,*,#2286,.T.);
#2286=EDGE_CURVE('',#533,#2287,#2289,.T.);
#2287=VERTEX_POINT('',#2288);
#2288=CARTESIAN_POINT('',(-3.7,2.175,0.75));
#2289=LINE('',#2290,#135);
#2290=CARTESIAN_POINT('',(-3.35,2.175,0.75));
#2291=ORIENTED_EDGE('',*,*,#2292,.F.);
#2292=EDGE_CURVE('',#2280,#2287,#2293,.T.);
#2293=LINE('',#2281,#149);
#2294=PLANE('',#2295);
#2295=AXIS2_PLACEMENT_3D('',#2283,#13,#136);
#2296=ADVANCED_FACE('',(#2297),#2039,.F.);
#2297=FACE_BOUND('',#2298,.F.);
#2298=EDGE_LOOP('',(#2299,#2305,#2306,#2312));
#2299=ORIENTED_EDGE('',*,*,#2300,.F.);
#2300=EDGE_CURVE('',#533,#2301,#2303,.T.);
#2301=VERTEX_POINT('',#2302);
#2302=CARTESIAN_POINT('',(-3.5,2.175,0.85));
#2303=LINE('',#2304,#187);
#2304=CARTESIAN_POINT('',(-3.5,2.175,0.630119079428));
#2305=ORIENTED_EDGE('',*,*,#532,.T.);
#2306=ORIENTED_EDGE('',*,*,#2307,.T.);
#2307=EDGE_CURVE('',#529,#2308,#2310,.T.);
#2308=VERTEX_POINT('',#2309);
#2309=CARTESIAN_POINT('',(-3.5,2.625,0.85));
#2310=LINE('',#2311,#187);
#2311=CARTESIAN_POINT('',(-3.5,2.625,0.630119079428));
#2312=ORIENTED_EDGE('',*,*,#2313,.F.);
#2313=EDGE_CURVE('',#2301,#2308,#835,.T.);
#2314=ADVANCED_FACE('',(#2315),#2333,.F.);
#2315=FACE_BOUND('',#2316,.F.);
#2316=EDGE_LOOP('',(#2317,#2323,#2324,#2330));
#2317=ORIENTED_EDGE('',*,*,#2318,.F.);
#2318=EDGE_CURVE('',#529,#2319,#2321,.T.);
#2319=VERTEX_POINT('',#2320);
#2320=CARTESIAN_POINT('',(-3.7,2.625,0.75));
#2321=LINE('',#2322,#135);
#2322=CARTESIAN_POINT('',(-3.35,2.625,0.75));
#2323=ORIENTED_EDGE('',*,*,#528,.T.);
#2324=ORIENTED_EDGE('',*,*,#2325,.T.);
#2325=EDGE_CURVE('',#523,#2326,#2328,.T.);
#2326=VERTEX_POINT('',#2327);
#2327=CARTESIAN_POINT('',(-3.7,2.975,0.75));
#2328=LINE('',#2329,#135);
#2329=CARTESIAN_POINT('',(-3.35,2.975,0.75));
#2330=ORIENTED_EDGE('',*,*,#2331,.F.);
#2331=EDGE_CURVE('',#2319,#2326,#2332,.T.);
#2332=LINE('',#2320,#149);
#2333=PLANE('',#2334);
#2334=AXIS2_PLACEMENT_3D('',#2322,#13,#136);
#2335=ADVANCED_FACE('',(#2336),#2039,.F.);
#2336=FACE_BOUND('',#2337,.F.);
#2337=EDGE_LOOP('',(#2338,#2342,#2343,#2344));
#2338=ORIENTED_EDGE('',*,*,#2339,.F.);
#2339=EDGE_CURVE('',#523,#829,#2340,.T.);
#2340=LINE('',#2341,#187);
#2341=CARTESIAN_POINT('',(-3.5,2.975,0.630119079428));
#2342=ORIENTED_EDGE('',*,*,#522,.T.);
#2343=ORIENTED_EDGE('',*,*,#796,.T.);
#2344=ORIENTED_EDGE('',*,*,#834,.F.);
#2345=ADVANCED_FACE('',(#2346),#2355,.F.);
#2346=FACE_BOUND('',#2347,.F.);
#2347=EDGE_LOOP('',(#2348,#2349,#2350,#2354));
#2348=ORIENTED_EDGE('',*,*,#775,.F.);
#2349=ORIENTED_EDGE('',*,*,#668,.T.);
#2350=ORIENTED_EDGE('',*,*,#2351,.T.);
#2351=EDGE_CURVE('',#665,#2002,#2352,.T.);
#2352=LINE('',#2353,#187);
#2353=CARTESIAN_POINT('',(3.5,2.975,0.630119079428));
#2354=ORIENTED_EDGE('',*,*,#2001,.F.);
#2355=PLANE('',#2356);
#2356=AXIS2_PLACEMENT_3D('',#777,#136,#122);
#2357=ADVANCED_FACE('',(#2358),#2376,.F.);
#2358=FACE_BOUND('',#2359,.F.);
#2359=EDGE_LOOP('',(#2360,#2366,#2367,#2373));
#2360=ORIENTED_EDGE('',*,*,#2361,.F.);
#2361=EDGE_CURVE('',#665,#2362,#2364,.T.);
#2362=VERTEX_POINT('',#2363);
#2363=CARTESIAN_POINT('',(3.7,2.975,0.75));
#2364=LINE('',#2365,#27);
#2365=CARTESIAN_POINT('',(3.35,2.975,0.75));
#2366=ORIENTED_EDGE('',*,*,#664,.T.);
#2367=ORIENTED_EDGE('',*,*,#2368,.T.);
#2368=EDGE_CURVE('',#661,#2369,#2371,.T.);
#2369=VERTEX_POINT('',#2370);
#2370=CARTESIAN_POINT('',(3.7,2.625,0.75));
#2371=LINE('',#2372,#27);
#2372=CARTESIAN_POINT('',(3.35,2.625,0.75));
#2373=ORIENTED_EDGE('',*,*,#2374,.F.);
#2374=EDGE_CURVE('',#2362,#2369,#2375,.T.);
#2375=LINE('',#2363,#121);
#2376=PLANE('',#2377);
#2377=AXIS2_PLACEMENT_3D('',#2365,#13,#14);
#2378=ADVANCED_FACE('',(#2379),#2355,.F.);
#2379=FACE_BOUND('',#2380,.F.);
#2380=EDGE_LOOP('',(#2381,#2387,#2388,#2394));
#2381=ORIENTED_EDGE('',*,*,#2382,.F.);
#2382=EDGE_CURVE('',#661,#2383,#2385,.T.);
#2383=VERTEX_POINT('',#2384);
#2384=CARTESIAN_POINT('',(3.5,2.625,0.85));
#2385=LINE('',#2386,#187);
#2386=CARTESIAN_POINT('',(3.5,2.625,0.630119079428));
#2387=ORIENTED_EDGE('',*,*,#660,.T.);
#2388=ORIENTED_EDGE('',*,*,#2389,.T.);
#2389=EDGE_CURVE('',#657,#2390,#2392,.T.);
#2390=VERTEX_POINT('',#2391);
#2391=CARTESIAN_POINT('',(3.5,2.175,0.85));
#2392=LINE('',#2393,#187);
#2393=CARTESIAN_POINT('',(3.5,2.175,0.630119079428));
#2394=ORIENTED_EDGE('',*,*,#2395,.F.);
#2395=EDGE_CURVE('',#2383,#2390,#2004,.T.);
#2396=ADVANCED_FACE('',(#2397),#2415,.F.);
#2397=FACE_BOUND('',#2398,.F.);
#2398=EDGE_LOOP('',(#2399,#2405,#2406,#2412));
#2399=ORIENTED_EDGE('',*,*,#2400,.F.);
#2400=EDGE_CURVE('',#657,#2401,#2403,.T.);
#2401=VERTEX_POINT('',#2402);
#2402=CARTESIAN_POINT('',(3.7,2.175,0.75));
#2403=LINE('',#2404,#27);
#2404=CARTESIAN_POINT('',(3.35,2.175,0.75));
#2405=ORIENTED_EDGE('',*,*,#656,.T.);
#2406=ORIENTED_EDGE('',*,*,#2407,.T.);
#2407=EDGE_CURVE('',#653,#2408,#2410,.T.);
#2408=VERTEX_POINT('',#2409);
#2409=CARTESIAN_POINT('',(3.7,1.825,0.75));
#2410=LINE('',#2411,#27);
#2411=CARTESIAN_POINT('',(3.35,1.825,0.75));
#2412=ORIENTED_EDGE('',*,*,#2413,.F.);
#2413=EDGE_CURVE('',#2401,#2408,#2414,.T.);
#2414=LINE('',#2402,#121);
#2415=PLANE('',#2416);
#2416=AXIS2_PLACEMENT_3D('',#2404,#13,#14);
#2417=ADVANCED_FACE('',(#2418),#2355,.F.);
#2418=FACE_BOUND('',#2419,.F.);
#2419=EDGE_LOOP('',(#2420,#2426,#2427,#2433));
#2420=ORIENTED_EDGE('',*,*,#2421,.F.);
#2421=EDGE_CURVE('',#653,#2422,#2424,.T.);
#2422=VERTEX_POINT('',#2423);
#2423=CARTESIAN_POINT('',(3.5,1.825,0.85));
#2424=LINE('',#2425,#187);
#2425=CARTESIAN_POINT('',(3.5,1.825,0.630119079428));
#2426=ORIENTED_EDGE('',*,*,#652,.T.);
#2427=ORIENTED_EDGE('',*,*,#2428,.T.);
#2428=EDGE_CURVE('',#649,#2429,#2431,.T.);
#2429=VERTEX_POINT('',#2430);
#2430=CARTESIAN_POINT('',(3.5,1.375,0.85));
#2431=LINE('',#2432,#187);
#2432=CARTESIAN_POINT('',(3.5,1.375,0.630119079428));
#2433=ORIENTED_EDGE('',*,*,#2434,.F.);
#2434=EDGE_CURVE('',#2422,#2429,#2004,.T.);
#2435=ADVANCED_FACE('',(#2436),#2454,.F.);
#2436=FACE_BOUND('',#2437,.F.);
#2437=EDGE_LOOP('',(#2438,#2444,#2445,#2451));
#2438=ORIENTED_EDGE('',*,*,#2439,.F.);
#2439=EDGE_CURVE('',#649,#2440,#2442,.T.);
#2440=VERTEX_POINT('',#2441);
#2441=CARTESIAN_POINT('',(3.7,1.375,0.75));
#2442=LINE('',#2443,#27);
#2443=CARTESIAN_POINT('',(3.35,1.375,0.75));
#2444=ORIENTED_EDGE('',*,*,#648,.T.);
#2445=ORIENTED_EDGE('',*,*,#2446,.T.);
#2446=EDGE_CURVE('',#645,#2447,#2449,.T.);
#2447=VERTEX_POINT('',#2448);
#2448=CARTESIAN_POINT('',(3.7,1.025,0.75));
#2449=LINE('',#2450,#27);
#2450=CARTESIAN_POINT('',(3.35,1.025,0.75));
#2451=ORIENTED_EDGE('',*,*,#2452,.F.);
#2452=EDGE_CURVE('',#2440,#2447,#2453,.T.);
#2453=LINE('',#2441,#121);
#2454=PLANE('',#2455);
#2455=AXIS2_PLACEMENT_3D('',#2443,#13,#14);
#2456=ADVANCED_FACE('',(#2457),#2355,.F.);
#2457=FACE_BOUND('',#2458,.F.);
#2458=EDGE_LOOP('',(#2459,#2465,#2466,#2472));
#2459=ORIENTED_EDGE('',*,*,#2460,.F.);
#2460=EDGE_CURVE('',#645,#2461,#2463,.T.);
#2461=VERTEX_POINT('',#2462);
#2462=CARTESIAN_POINT('',(3.5,1.025,0.85));
#2463=LINE('',#2464,#187);
#2464=CARTESIAN_POINT('',(3.5,1.025,0.630119079428));
#2465=ORIENTED_EDGE('',*,*,#644,.T.);
#2466=ORIENTED_EDGE('',*,*,#2467,.T.);
#2467=EDGE_CURVE('',#641,#2468,#2470,.T.);
#2468=VERTEX_POINT('',#2469);
#2469=CARTESIAN_POINT('',(3.5,0.575,0.85));
#2470=LINE('',#2471,#187);
#2471=CARTESIAN_POINT('',(3.5,0.575,0.630119079428));
#2472=ORIENTED_EDGE('',*,*,#2473,.F.);
#2473=EDGE_CURVE('',#2461,#2468,#2004,.T.);
#2474=ADVANCED_FACE('',(#2475),#2493,.F.);
#2475=FACE_BOUND('',#2476,.F.);
#2476=EDGE_LOOP('',(#2477,#2483,#2484,#2490));
#2477=ORIENTED_EDGE('',*,*,#2478,.F.);
#2478=EDGE_CURVE('',#641,#2479,#2481,.T.);
#2479=VERTEX_POINT('',#2480);
#2480=CARTESIAN_POINT('',(3.7,0.575,0.75));
#2481=LINE('',#2482,#27);
#2482=CARTESIAN_POINT('',(3.35,0.575,0.75));
#2483=ORIENTED_EDGE('',*,*,#640,.T.);
#2484=ORIENTED_EDGE('',*,*,#2485,.T.);
#2485=EDGE_CURVE('',#637,#2486,#2488,.T.);
#2486=VERTEX_POINT('',#2487);
#2487=CARTESIAN_POINT('',(3.7,0.225,0.75));
#2488=LINE('',#2489,#27);
#2489=CARTESIAN_POINT('',(3.35,0.225,0.75));
#2490=ORIENTED_EDGE('',*,*,#2491,.F.);
#2491=EDGE_CURVE('',#2479,#2486,#2492,.T.);
#2492=LINE('',#2480,#121);
#2493=PLANE('',#2494);
#2494=AXIS2_PLACEMENT_3D('',#2482,#13,#14);
#2495=ADVANCED_FACE('',(#2496),#2355,.F.);
#2496=FACE_BOUND('',#2497,.F.);
#2497=EDGE_LOOP('',(#2498,#2504,#2505,#2511));
#2498=ORIENTED_EDGE('',*,*,#2499,.F.);
#2499=EDGE_CURVE('',#637,#2500,#2502,.T.);
#2500=VERTEX_POINT('',#2501);
#2501=CARTESIAN_POINT('',(3.5,0.225,0.85));
#2502=LINE('',#2503,#187);
#2503=CARTESIAN_POINT('',(3.5,0.225,0.630119079428));
#2504=ORIENTED_EDGE('',*,*,#636,.T.);
#2505=ORIENTED_EDGE('',*,*,#2506,.T.);
#2506=EDGE_CURVE('',#633,#2507,#2509,.T.);
#2507=VERTEX_POINT('',#2508);
#2508=CARTESIAN_POINT('',(3.5,-0.225,0.85));
#2509=LINE('',#2510,#187);
#2510=CARTESIAN_POINT('',(3.5,-0.225,0.630119079428));
#2511=ORIENTED_EDGE('',*,*,#2512,.F.);
#2512=EDGE_CURVE('',#2500,#2507,#2004,.T.);
#2513=ADVANCED_FACE('',(#2514),#2532,.F.);
#2514=FACE_BOUND('',#2515,.F.);
#2515=EDGE_LOOP('',(#2516,#2522,#2523,#2529));
#2516=ORIENTED_EDGE('',*,*,#2517,.F.);
#2517=EDGE_CURVE('',#633,#2518,#2520,.T.);
#2518=VERTEX_POINT('',#2519);
#2519=CARTESIAN_POINT('',(3.7,-0.225,0.75));
#2520=LINE('',#2521,#27);
#2521=CARTESIAN_POINT('',(3.35,-0.225,0.75));
#2522=ORIENTED_EDGE('',*,*,#632,.T.);
#2523=ORIENTED_EDGE('',*,*,#2524,.T.);
#2524=EDGE_CURVE('',#629,#2525,#2527,.T.);
#2525=VERTEX_POINT('',#2526);
#2526=CARTESIAN_POINT('',(3.7,-0.575,0.75));
#2527=LINE('',#2528,#27);
#2528=CARTESIAN_POINT('',(3.35,-0.575,0.75));
#2529=ORIENTED_EDGE('',*,*,#2530,.F.);
#2530=EDGE_CURVE('',#2518,#2525,#2531,.T.);
#2531=LINE('',#2519,#121);
#2532=PLANE('',#2533);
#2533=AXIS2_PLACEMENT_3D('',#2521,#13,#14);
#2534=ADVANCED_FACE('',(#2535),#2355,.F.);
#2535=FACE_BOUND('',#2536,.F.);
#2536=EDGE_LOOP('',(#2537,#2543,#2544,#2550));
#2537=ORIENTED_EDGE('',*,*,#2538,.F.);
#2538=EDGE_CURVE('',#629,#2539,#2541,.T.);
#2539=VERTEX_POINT('',#2540);
#2540=CARTESIAN_POINT('',(3.5,-0.575,0.85));
#2541=LINE('',#2542,#187);
#2542=CARTESIAN_POINT('',(3.5,-0.575,0.630119079428));
#2543=ORIENTED_EDGE('',*,*,#628,.T.);
#2544=ORIENTED_EDGE('',*,*,#2545,.T.);
#2545=EDGE_CURVE('',#625,#2546,#2548,.T.);
#2546=VERTEX_POINT('',#2547);
#2547=CARTESIAN_POINT('',(3.5,-1.025,0.85));
#2548=LINE('',#2549,#187);
#2549=CARTESIAN_POINT('',(3.5,-1.025,0.630119079428));
#2550=ORIENTED_EDGE('',*,*,#2551,.F.);
#2551=EDGE_CURVE('',#2539,#2546,#2004,.T.);
#2552=ADVANCED_FACE('',(#2553),#2571,.F.);
#2553=FACE_BOUND('',#2554,.F.);
#2554=EDGE_LOOP('',(#2555,#2561,#2562,#2568));
#2555=ORIENTED_EDGE('',*,*,#2556,.F.);
#2556=EDGE_CURVE('',#625,#2557,#2559,.T.);
#2557=VERTEX_POINT('',#2558);
#2558=CARTESIAN_POINT('',(3.7,-1.025,0.75));
#2559=LINE('',#2560,#27);
#2560=CARTESIAN_POINT('',(3.35,-1.025,0.75));
#2561=ORIENTED_EDGE('',*,*,#624,.T.);
#2562=ORIENTED_EDGE('',*,*,#2563,.T.);
#2563=EDGE_CURVE('',#621,#2564,#2566,.T.);
#2564=VERTEX_POINT('',#2565);
#2565=CARTESIAN_POINT('',(3.7,-1.375,0.75));
#2566=LINE('',#2567,#27);
#2567=CARTESIAN_POINT('',(3.35,-1.375,0.75));
#2568=ORIENTED_EDGE('',*,*,#2569,.F.);
#2569=EDGE_CURVE('',#2557,#2564,#2570,.T.);
#2570=LINE('',#2558,#121);
#2571=PLANE('',#2572);
#2572=AXIS2_PLACEMENT_3D('',#2560,#13,#14);
#2573=ADVANCED_FACE('',(#2574),#2355,.F.);
#2574=FACE_BOUND('',#2575,.F.);
#2575=EDGE_LOOP('',(#2576,#2582,#2583,#2589));
#2576=ORIENTED_EDGE('',*,*,#2577,.F.);
#2577=EDGE_CURVE('',#621,#2578,#2580,.T.);
#2578=VERTEX_POINT('',#2579);
#2579=CARTESIAN_POINT('',(3.5,-1.375,0.85));
#2580=LINE('',#2581,#187);
#2581=CARTESIAN_POINT('',(3.5,-1.375,0.630119079428));
#2582=ORIENTED_EDGE('',*,*,#620,.T.);
#2583=ORIENTED_EDGE('',*,*,#2584,.T.);
#2584=EDGE_CURVE('',#617,#2585,#2587,.T.);
#2585=VERTEX_POINT('',#2586);
#2586=CARTESIAN_POINT('',(3.5,-1.825,0.85));
#2587=LINE('',#2588,#187);
#2588=CARTESIAN_POINT('',(3.5,-1.825,0.630119079428));
#2589=ORIENTED_EDGE('',*,*,#2590,.F.);
#2590=EDGE_CURVE('',#2578,#2585,#2004,.T.);
#2591=ADVANCED_FACE('',(#2592),#2610,.F.);
#2592=FACE_BOUND('',#2593,.F.);
#2593=EDGE_LOOP('',(#2594,#2600,#2601,#2607));
#2594=ORIENTED_EDGE('',*,*,#2595,.F.);
#2595=EDGE_CURVE('',#617,#2596,#2598,.T.);
#2596=VERTEX_POINT('',#2597);
#2597=CARTESIAN_POINT('',(3.7,-1.825,0.75));
#2598=LINE('',#2599,#27);
#2599=CARTESIAN_POINT('',(3.35,-1.825,0.75));
#2600=ORIENTED_EDGE('',*,*,#616,.T.);
#2601=ORIENTED_EDGE('',*,*,#2602,.T.);
#2602=EDGE_CURVE('',#613,#2603,#2605,.T.);
#2603=VERTEX_POINT('',#2604);
#2604=CARTESIAN_POINT('',(3.7,-2.175,0.75));
#2605=LINE('',#2606,#27);
#2606=CARTESIAN_POINT('',(3.35,-2.175,0.75));
#2607=ORIENTED_EDGE('',*,*,#2608,.F.);
#2608=EDGE_CURVE('',#2596,#2603,#2609,.T.);
#2609=LINE('',#2597,#121);
#2610=PLANE('',#2611);
#2611=AXIS2_PLACEMENT_3D('',#2599,#13,#14);
#2612=ADVANCED_FACE('',(#2613),#2355,.F.);
#2613=FACE_BOUND('',#2614,.F.);
#2614=EDGE_LOOP('',(#2615,#2621,#2622,#2628));
#2615=ORIENTED_EDGE('',*,*,#2616,.F.);
#2616=EDGE_CURVE('',#613,#2617,#2619,.T.);
#2617=VERTEX_POINT('',#2618);
#2618=CARTESIAN_POINT('',(3.5,-2.175,0.85));
#2619=LINE('',#2620,#187);
#2620=CARTESIAN_POINT('',(3.5,-2.175,0.630119079428));
#2621=ORIENTED_EDGE('',*,*,#612,.T.);
#2622=ORIENTED_EDGE('',*,*,#2623,.T.);
#2623=EDGE_CURVE('',#609,#2624,#2626,.T.);
#2624=VERTEX_POINT('',#2625);
#2625=CARTESIAN_POINT('',(3.5,-2.625,0.85));
#2626=LINE('',#2627,#187);
#2627=CARTESIAN_POINT('',(3.5,-2.625,0.630119079428));
#2628=ORIENTED_EDGE('',*,*,#2629,.F.);
#2629=EDGE_CURVE('',#2617,#2624,#2004,.T.);
#2630=ADVANCED_FACE('',(#2631),#2649,.F.);
#2631=FACE_BOUND('',#2632,.F.);
#2632=EDGE_LOOP('',(#2633,#2639,#2640,#2646));
#2633=ORIENTED_EDGE('',*,*,#2634,.F.);
#2634=EDGE_CURVE('',#609,#2635,#2637,.T.);
#2635=VERTEX_POINT('',#2636);
#2636=CARTESIAN_POINT('',(3.7,-2.625,0.75));
#2637=LINE('',#2638,#27);
#2638=CARTESIAN_POINT('',(3.35,-2.625,0.75));
#2639=ORIENTED_EDGE('',*,*,#608,.T.);
#2640=ORIENTED_EDGE('',*,*,#2641,.T.);
#2641=EDGE_CURVE('',#604,#2642,#2644,.T.);
#2642=VERTEX_POINT('',#2643);
#2643=CARTESIAN_POINT('',(3.7,-2.975,0.75));
#2644=LINE('',#2645,#27);
#2645=CARTESIAN_POINT('',(3.35,-2.975,0.75));
#2646=ORIENTED_EDGE('',*,*,#2647,.F.);
#2647=EDGE_CURVE('',#2635,#2642,#2648,.T.);
#2648=LINE('',#2636,#121);
#2649=PLANE('',#2650);
#2650=AXIS2_PLACEMENT_3D('',#2638,#13,#14);
#2651=ADVANCED_FACE('',(#2652),#2355,.F.);
#2652=FACE_BOUND('',#2653,.F.);
#2653=EDGE_LOOP('',(#2654,#2660,#2661,#2666));
#2654=ORIENTED_EDGE('',*,*,#2655,.F.);
#2655=EDGE_CURVE('',#604,#2656,#2658,.T.);
#2656=VERTEX_POINT('',#2657);
#2657=CARTESIAN_POINT('',(3.5,-2.975,0.85));
#2658=LINE('',#2659,#187);
#2659=CARTESIAN_POINT('',(3.5,-2.975,0.630119079428));
#2660=ORIENTED_EDGE('',*,*,#603,.T.);
#2661=ORIENTED_EDGE('',*,*,#2662,.T.);
#2662=EDGE_CURVE('',#599,#2663,#2665,.T.);
#2663=VERTEX_POINT('',#2664);
#2664=CARTESIAN_POINT('',(3.5,-3.325,0.85));
#2665=B_SPLINE_CURVE_WITH_KNOTS('',1,(#600,#2664),.UNSPECIFIED.,.F.,.F.,(2,2),(0.,1.),.PIECEWISE_BEZIER_KNOTS.);
#2666=ORIENTED_EDGE('',*,*,#2667,.F.);
#2667=EDGE_CURVE('',#2656,#2663,#2004,.T.);
#2668=ADVANCED_FACE('',(#2669),#2681,.F.);
#2669=FACE_BOUND('',#2670,.F.);
#2670=EDGE_LOOP('',(#2671,#2672,#2673,#2678));
#2671=ORIENTED_EDGE('',*,*,#676,.T.);
#2672=ORIENTED_EDGE('',*,*,#2027,.T.);
#2673=ORIENTED_EDGE('',*,*,#2674,.F.);
#2674=EDGE_CURVE('',#2675,#2028,#2677,.T.);
#2675=VERTEX_POINT('',#2676);
#2676=CARTESIAN_POINT('',(-3.325,-3.5,0.85));
#2677=LINE('',#2676,#142);
#2678=ORIENTED_EDGE('',*,*,#2679,.F.);
#2679=EDGE_CURVE('',#677,#2675,#2680,.T.);
#2680=B_SPLINE_CURVE_WITH_KNOTS('',1,(#678,#2676),.UNSPECIFIED.,.F.,.F.,(2,2),(0.,1.),.PIECEWISE_BEZIER_KNOTS.);
#2681=PLANE('',#2682);
#2682=AXIS2_PLACEMENT_3D('',#2676,#155,#143);
#2683=ADVANCED_FACE('',(#2684),#2696,.F.);
#2684=FACE_BOUND('',#2685,.F.);
#2685=EDGE_LOOP('',(#2686,#2687,#2692,#2695));
#2686=ORIENTED_EDGE('',*,*,#693,.T.);
#2687=ORIENTED_EDGE('',*,*,#2688,.T.);
#2688=EDGE_CURVE('',#689,#2689,#2691,.T.);
#2689=VERTEX_POINT('',#2690);
#2690=CARTESIAN_POINT('',(3.325,-3.5,0.85));
#2691=B_SPLINE_CURVE_WITH_KNOTS('',1,(#690,#2690),.UNSPECIFIED.,.F.,.F.,(2,2),(0.,1.),.PIECEWISE_BEZIER_KNOTS.);
#2692=ORIENTED_EDGE('',*,*,#2693,.F.);
#2693=EDGE_CURVE('',#2663,#2689,#2694,.T.);
#2694=LINE('',#2664,#128);
#2695=ORIENTED_EDGE('',*,*,#2662,.F.);
#2696=PLANE('',#2697);
#2697=AXIS2_PLACEMENT_3D('',#2664,#143,#129);
#2698=ADVANCED_FACE('',(#2699),#2712,.F.);
#2699=FACE_BOUND('',#2700,.F.);
#2700=EDGE_LOOP('',(#2701,#2702,#2703,#2709));
#2701=ORIENTED_EDGE('',*,*,#2688,.F.);
#2702=ORIENTED_EDGE('',*,*,#767,.T.);
#2703=ORIENTED_EDGE('',*,*,#2704,.T.);
#2704=EDGE_CURVE('',#764,#2705,#2707,.T.);
#2705=VERTEX_POINT('',#2706);
#2706=CARTESIAN_POINT('',(2.975,-3.5,0.85));
#2707=LINE('',#2708,#187);
#2708=CARTESIAN_POINT('',(2.975,-3.5,0.630119079428));
#2709=ORIENTED_EDGE('',*,*,#2710,.F.);
#2710=EDGE_CURVE('',#2689,#2705,#2711,.T.);
#2711=LINE('',#2690,#135);
#2712=PLANE('',#2713);
#2713=AXIS2_PLACEMENT_3D('',#2690,#150,#136);
#2714=ADVANCED_FACE('',(#2715),#2733,.F.);
#2715=FACE_BOUND('',#2716,.F.);
#2716=EDGE_LOOP('',(#2717,#2723,#2724,#2730));
#2717=ORIENTED_EDGE('',*,*,#2718,.F.);
#2718=EDGE_CURVE('',#764,#2719,#2721,.T.);
#2719=VERTEX_POINT('',#2720);
#2720=CARTESIAN_POINT('',(2.975,-3.7,0.75));
#2721=LINE('',#2722,#121);
#2722=CARTESIAN_POINT('',(2.975,-3.35,0.75));
#2723=ORIENTED_EDGE('',*,*,#763,.T.);
#2724=ORIENTED_EDGE('',*,*,#2725,.T.);
#2725=EDGE_CURVE('',#760,#2726,#2728,.T.);
#2726=VERTEX_POINT('',#2727);
#2727=CARTESIAN_POINT('',(2.625,-3.7,0.75));
#2728=LINE('',#2729,#121);
#2729=CARTESIAN_POINT('',(2.625,-3.35,0.75));
#2730=ORIENTED_EDGE('',*,*,#2731,.F.);
#2731=EDGE_CURVE('',#2719,#2726,#2732,.T.);
#2732=LINE('',#2720,#135);
#2733=PLANE('',#2734);
#2734=AXIS2_PLACEMENT_3D('',#2722,#13,#122);
#2735=ADVANCED_FACE('',(#2736),#2712,.F.);
#2736=FACE_BOUND('',#2737,.F.);
#2737=EDGE_LOOP('',(#2738,#2744,#2745,#2751));
#2738=ORIENTED_EDGE('',*,*,#2739,.F.);
#2739=EDGE_CURVE('',#760,#2740,#2742,.T.);
#2740=VERTEX_POINT('',#2741);
#2741=CARTESIAN_POINT('',(2.625,-3.5,0.85));
#2742=LINE('',#2743,#187);
#2743=CARTESIAN_POINT('',(2.625,-3.5,0.630119079428));
#2744=ORIENTED_EDGE('',*,*,#759,.T.);
#2745=ORIENTED_EDGE('',*,*,#2746,.T.);
#2746=EDGE_CURVE('',#756,#2747,#2749,.T.);
#2747=VERTEX_POINT('',#2748);
#2748=CARTESIAN_POINT('',(2.175,-3.5,0.85));
#2749=LINE('',#2750,#187);
#2750=CARTESIAN_POINT('',(2.175,-3.5,0.630119079428));
#2751=ORIENTED_EDGE('',*,*,#2752,.F.);
#2752=EDGE_CURVE('',#2740,#2747,#2711,.T.);
#2753=ADVANCED_FACE('',(#2754),#2772,.F.);
#2754=FACE_BOUND('',#2755,.F.);
#2755=EDGE_LOOP('',(#2756,#2762,#2763,#2769));
#2756=ORIENTED_EDGE('',*,*,#2757,.F.);
#2757=EDGE_CURVE('',#756,#2758,#2760,.T.);
#2758=VERTEX_POINT('',#2759);
#2759=CARTESIAN_POINT('',(2.175,-3.7,0.75));
#2760=LINE('',#2761,#121);
#2761=CARTESIAN_POINT('',(2.175,-3.35,0.75));
#2762=ORIENTED_EDGE('',*,*,#755,.T.);
#2763=ORIENTED_EDGE('',*,*,#2764,.T.);
#2764=EDGE_CURVE('',#752,#2765,#2767,.T.);
#2765=VERTEX_POINT('',#2766);
#2766=CARTESIAN_POINT('',(1.825,-3.7,0.75));
#2767=LINE('',#2768,#121);
#2768=CARTESIAN_POINT('',(1.825,-3.35,0.75));
#2769=ORIENTED_EDGE('',*,*,#2770,.F.);
#2770=EDGE_CURVE('',#2758,#2765,#2771,.T.);
#2771=LINE('',#2759,#135);
#2772=PLANE('',#2773);
#2773=AXIS2_PLACEMENT_3D('',#2761,#13,#122);
#2774=ADVANCED_FACE('',(#2775),#2712,.F.);
#2775=FACE_BOUND('',#2776,.F.);
#2776=EDGE_LOOP('',(#2777,#2783,#2784,#2790));
#2777=ORIENTED_EDGE('',*,*,#2778,.F.);
#2778=EDGE_CURVE('',#752,#2779,#2781,.T.);
#2779=VERTEX_POINT('',#2780);
#2780=CARTESIAN_POINT('',(1.825,-3.5,0.85));
#2781=LINE('',#2782,#187);
#2782=CARTESIAN_POINT('',(1.825,-3.5,0.630119079428));
#2783=ORIENTED_EDGE('',*,*,#751,.T.);
#2784=ORIENTED_EDGE('',*,*,#2785,.T.);
#2785=EDGE_CURVE('',#748,#2786,#2788,.T.);
#2786=VERTEX_POINT('',#2787);
#2787=CARTESIAN_POINT('',(1.375,-3.5,0.85));
#2788=LINE('',#2789,#187);
#2789=CARTESIAN_POINT('',(1.375,-3.5,0.630119079428));
#2790=ORIENTED_EDGE('',*,*,#2791,.F.);
#2791=EDGE_CURVE('',#2779,#2786,#2711,.T.);
#2792=ADVANCED_FACE('',(#2793),#2811,.F.);
#2793=FACE_BOUND('',#2794,.F.);
#2794=EDGE_LOOP('',(#2795,#2801,#2802,#2808));
#2795=ORIENTED_EDGE('',*,*,#2796,.F.);
#2796=EDGE_CURVE('',#748,#2797,#2799,.T.);
#2797=VERTEX_POINT('',#2798);
#2798=CARTESIAN_POINT('',(1.375,-3.7,0.75));
#2799=LINE('',#2800,#121);
#2800=CARTESIAN_POINT('',(1.375,-3.35,0.75));
#2801=ORIENTED_EDGE('',*,*,#747,.T.);
#2802=ORIENTED_EDGE('',*,*,#2803,.T.);
#2803=EDGE_CURVE('',#744,#2804,#2806,.T.);
#2804=VERTEX_POINT('',#2805);
#2805=CARTESIAN_POINT('',(1.025,-3.7,0.75));
#2806=LINE('',#2807,#121);
#2807=CARTESIAN_POINT('',(1.025,-3.35,0.75));
#2808=ORIENTED_EDGE('',*,*,#2809,.F.);
#2809=EDGE_CURVE('',#2797,#2804,#2810,.T.);
#2810=LINE('',#2798,#135);
#2811=PLANE('',#2812);
#2812=AXIS2_PLACEMENT_3D('',#2800,#13,#122);
#2813=ADVANCED_FACE('',(#2814),#2712,.F.);
#2814=FACE_BOUND('',#2815,.F.);
#2815=EDGE_LOOP('',(#2816,#2822,#2823,#2829));
#2816=ORIENTED_EDGE('',*,*,#2817,.F.);
#2817=EDGE_CURVE('',#744,#2818,#2820,.T.);
#2818=VERTEX_POINT('',#2819);
#2819=CARTESIAN_POINT('',(1.025,-3.5,0.85));
#2820=LINE('',#2821,#187);
#2821=CARTESIAN_POINT('',(1.025,-3.5,0.630119079428));
#2822=ORIENTED_EDGE('',*,*,#743,.T.);
#2823=ORIENTED_EDGE('',*,*,#2824,.T.);
#2824=EDGE_CURVE('',#740,#2825,#2827,.T.);
#2825=VERTEX_POINT('',#2826);
#2826=CARTESIAN_POINT('',(0.575,-3.5,0.85));
#2827=LINE('',#2828,#187);
#2828=CARTESIAN_POINT('',(0.575,-3.5,0.630119079428));
#2829=ORIENTED_EDGE('',*,*,#2830,.F.);
#2830=EDGE_CURVE('',#2818,#2825,#2711,.T.);
#2831=ADVANCED_FACE('',(#2832),#2850,.F.);
#2832=FACE_BOUND('',#2833,.F.);
#2833=EDGE_LOOP('',(#2834,#2840,#2841,#2847));
#2834=ORIENTED_EDGE('',*,*,#2835,.F.);
#2835=EDGE_CURVE('',#740,#2836,#2838,.T.);
#2836=VERTEX_POINT('',#2837);
#2837=CARTESIAN_POINT('',(0.575,-3.7,0.75));
#2838=LINE('',#2839,#121);
#2839=CARTESIAN_POINT('',(0.575,-3.35,0.75));
#2840=ORIENTED_EDGE('',*,*,#739,.T.);
#2841=ORIENTED_EDGE('',*,*,#2842,.T.);
#2842=EDGE_CURVE('',#736,#2843,#2845,.T.);
#2843=VERTEX_POINT('',#2844);
#2844=CARTESIAN_POINT('',(0.225,-3.7,0.75));
#2845=LINE('',#2846,#121);
#2846=CARTESIAN_POINT('',(0.225,-3.35,0.75));
#2847=ORIENTED_EDGE('',*,*,#2848,.F.);
#2848=EDGE_CURVE('',#2836,#2843,#2849,.T.);
#2849=LINE('',#2837,#135);
#2850=PLANE('',#2851);
#2851=AXIS2_PLACEMENT_3D('',#2839,#13,#122);
#2852=ADVANCED_FACE('',(#2853),#2712,.F.);
#2853=FACE_BOUND('',#2854,.F.);
#2854=EDGE_LOOP('',(#2855,#2861,#2862,#2868));
#2855=ORIENTED_EDGE('',*,*,#2856,.F.);
#2856=EDGE_CURVE('',#736,#2857,#2859,.T.);
#2857=VERTEX_POINT('',#2858);
#2858=CARTESIAN_POINT('',(0.225,-3.5,0.85));
#2859=LINE('',#2860,#187);
#2860=CARTESIAN_POINT('',(0.225,-3.5,0.630119079428));
#2861=ORIENTED_EDGE('',*,*,#735,.T.);
#2862=ORIENTED_EDGE('',*,*,#2863,.T.);
#2863=EDGE_CURVE('',#732,#2864,#2866,.T.);
#2864=VERTEX_POINT('',#2865);
#2865=CARTESIAN_POINT('',(-0.225,-3.5,0.85));
#2866=LINE('',#2867,#187);
#2867=CARTESIAN_POINT('',(-0.225,-3.5,0.630119079428));
#2868=ORIENTED_EDGE('',*,*,#2869,.F.);
#2869=EDGE_CURVE('',#2857,#2864,#2711,.T.);
#2870=ADVANCED_FACE('',(#2871),#2889,.F.);
#2871=FACE_BOUND('',#2872,.F.);
#2872=EDGE_LOOP('',(#2873,#2879,#2880,#2886));
#2873=ORIENTED_EDGE('',*,*,#2874,.F.);
#2874=EDGE_CURVE('',#732,#2875,#2877,.T.);
#2875=VERTEX_POINT('',#2876);
#2876=CARTESIAN_POINT('',(-0.225,-3.7,0.75));
#2877=LINE('',#2878,#121);
#2878=CARTESIAN_POINT('',(-0.225,-3.35,0.75));
#2879=ORIENTED_EDGE('',*,*,#731,.T.);
#2880=ORIENTED_EDGE('',*,*,#2881,.T.);
#2881=EDGE_CURVE('',#728,#2882,#2884,.T.);
#2882=VERTEX_POINT('',#2883);
#2883=CARTESIAN_POINT('',(-0.575,-3.7,0.75));
#2884=LINE('',#2885,#121);
#2885=CARTESIAN_POINT('',(-0.575,-3.35,0.75));
#2886=ORIENTED_EDGE('',*,*,#2887,.F.);
#2887=EDGE_CURVE('',#2875,#2882,#2888,.T.);
#2888=LINE('',#2876,#135);
#2889=PLANE('',#2890);
#2890=AXIS2_PLACEMENT_3D('',#2878,#13,#122);
#2891=ADVANCED_FACE('',(#2892),#2712,.F.);
#2892=FACE_BOUND('',#2893,.F.);
#2893=EDGE_LOOP('',(#2894,#2900,#2901,#2907));
#2894=ORIENTED_EDGE('',*,*,#2895,.F.);
#2895=EDGE_CURVE('',#728,#2896,#2898,.T.);
#2896=VERTEX_POINT('',#2897);
#2897=CARTESIAN_POINT('',(-0.575,-3.5,0.85));
#2898=LINE('',#2899,#187);
#2899=CARTESIAN_POINT('',(-0.575,-3.5,0.630119079428));
#2900=ORIENTED_EDGE('',*,*,#727,.T.);
#2901=ORIENTED_EDGE('',*,*,#2902,.T.);
#2902=EDGE_CURVE('',#724,#2903,#2905,.T.);
#2903=VERTEX_POINT('',#2904);
#2904=CARTESIAN_POINT('',(-1.025,-3.5,0.85));
#2905=LINE('',#2906,#187);
#2906=CARTESIAN_POINT('',(-1.025,-3.5,0.630119079428));
#2907=ORIENTED_EDGE('',*,*,#2908,.F.);
#2908=EDGE_CURVE('',#2896,#2903,#2711,.T.);
#2909=ADVANCED_FACE('',(#2910),#2928,.F.);
#2910=FACE_BOUND('',#2911,.F.);
#2911=EDGE_LOOP('',(#2912,#2918,#2919,#2925));
#2912=ORIENTED_EDGE('',*,*,#2913,.F.);
#2913=EDGE_CURVE('',#724,#2914,#2916,.T.);
#2914=VERTEX_POINT('',#2915);
#2915=CARTESIAN_POINT('',(-1.025,-3.7,0.75));
#2916=LINE('',#2917,#121);
#2917=CARTESIAN_POINT('',(-1.025,-3.35,0.75));
#2918=ORIENTED_EDGE('',*,*,#723,.T.);
#2919=ORIENTED_EDGE('',*,*,#2920,.T.);
#2920=EDGE_CURVE('',#720,#2921,#2923,.T.);
#2921=VERTEX_POINT('',#2922);
#2922=CARTESIAN_POINT('',(-1.375,-3.7,0.75));
#2923=LINE('',#2924,#121);
#2924=CARTESIAN_POINT('',(-1.375,-3.35,0.75));
#2925=ORIENTED_EDGE('',*,*,#2926,.F.);
#2926=EDGE_CURVE('',#2914,#2921,#2927,.T.);
#2927=LINE('',#2915,#135);
#2928=PLANE('',#2929);
#2929=AXIS2_PLACEMENT_3D('',#2917,#13,#122);
#2930=ADVANCED_FACE('',(#2931),#2712,.F.);
#2931=FACE_BOUND('',#2932,.F.);
#2932=EDGE_LOOP('',(#2933,#2939,#2940,#2946));
#2933=ORIENTED_EDGE('',*,*,#2934,.F.);
#2934=EDGE_CURVE('',#720,#2935,#2937,.T.);
#2935=VERTEX_POINT('',#2936);
#2936=CARTESIAN_POINT('',(-1.375,-3.5,0.85));
#2937=LINE('',#2938,#187);
#2938=CARTESIAN_POINT('',(-1.375,-3.5,0.630119079428));
#2939=ORIENTED_EDGE('',*,*,#719,.T.);
#2940=ORIENTED_EDGE('',*,*,#2941,.T.);
#2941=EDGE_CURVE('',#716,#2942,#2944,.T.);
#2942=VERTEX_POINT('',#2943);
#2943=CARTESIAN_POINT('',(-1.825,-3.5,0.85));
#2944=LINE('',#2945,#187);
#2945=CARTESIAN_POINT('',(-1.825,-3.5,0.630119079428));
#2946=ORIENTED_EDGE('',*,*,#2947,.F.);
#2947=EDGE_CURVE('',#2935,#2942,#2711,.T.);
#2948=ADVANCED_FACE('',(#2949),#2967,.F.);
#2949=FACE_BOUND('',#2950,.F.);
#2950=EDGE_LOOP('',(#2951,#2957,#2958,#2964));
#2951=ORIENTED_EDGE('',*,*,#2952,.F.);
#2952=EDGE_CURVE('',#716,#2953,#2955,.T.);
#2953=VERTEX_POINT('',#2954);
#2954=CARTESIAN_POINT('',(-1.825,-3.7,0.75));
#2955=LINE('',#2956,#121);
#2956=CARTESIAN_POINT('',(-1.825,-3.35,0.75));
#2957=ORIENTED_EDGE('',*,*,#715,.T.);
#2958=ORIENTED_EDGE('',*,*,#2959,.T.);
#2959=EDGE_CURVE('',#712,#2960,#2962,.T.);
#2960=VERTEX_POINT('',#2961);
#2961=CARTESIAN_POINT('',(-2.175,-3.7,0.75));
#2962=LINE('',#2963,#121);
#2963=CARTESIAN_POINT('',(-2.175,-3.35,0.75));
#2964=ORIENTED_EDGE('',*,*,#2965,.F.);
#2965=EDGE_CURVE('',#2953,#2960,#2966,.T.);
#2966=LINE('',#2954,#135);
#2967=PLANE('',#2968);
#2968=AXIS2_PLACEMENT_3D('',#2956,#13,#122);
#2969=ADVANCED_FACE('',(#2970),#2712,.F.);
#2970=FACE_BOUND('',#2971,.F.);
#2971=EDGE_LOOP('',(#2972,#2978,#2979,#2985));
#2972=ORIENTED_EDGE('',*,*,#2973,.F.);
#2973=EDGE_CURVE('',#712,#2974,#2976,.T.);
#2974=VERTEX_POINT('',#2975);
#2975=CARTESIAN_POINT('',(-2.175,-3.5,0.85));
#2976=LINE('',#2977,#187);
#2977=CARTESIAN_POINT('',(-2.175,-3.5,0.630119079428));
#2978=ORIENTED_EDGE('',*,*,#711,.T.);
#2979=ORIENTED_EDGE('',*,*,#2980,.T.);
#2980=EDGE_CURVE('',#708,#2981,#2983,.T.);
#2981=VERTEX_POINT('',#2982);
#2982=CARTESIAN_POINT('',(-2.625,-3.5,0.85));
#2983=LINE('',#2984,#187);
#2984=CARTESIAN_POINT('',(-2.625,-3.5,0.630119079428));
#2985=ORIENTED_EDGE('',*,*,#2986,.F.);
#2986=EDGE_CURVE('',#2974,#2981,#2711,.T.);
#2987=ADVANCED_FACE('',(#2988),#3006,.F.);
#2988=FACE_BOUND('',#2989,.F.);
#2989=EDGE_LOOP('',(#2990,#2996,#2997,#3003));
#2990=ORIENTED_EDGE('',*,*,#2991,.F.);
#2991=EDGE_CURVE('',#708,#2992,#2994,.T.);
#2992=VERTEX_POINT('',#2993);
#2993=CARTESIAN_POINT('',(-2.625,-3.7,0.75));
#2994=LINE('',#2995,#121);
#2995=CARTESIAN_POINT('',(-2.625,-3.35,0.75));
#2996=ORIENTED_EDGE('',*,*,#707,.T.);
#2997=ORIENTED_EDGE('',*,*,#2998,.T.);
#2998=EDGE_CURVE('',#703,#2999,#3001,.T.);
#2999=VERTEX_POINT('',#3000);
#3000=CARTESIAN_POINT('',(-2.975,-3.7,0.75));
#3001=LINE('',#3002,#121);
#3002=CARTESIAN_POINT('',(-2.975,-3.35,0.75));
#3003=ORIENTED_EDGE('',*,*,#3004,.F.);
#3004=EDGE_CURVE('',#2992,#2999,#3005,.T.);
#3005=LINE('',#2993,#135);
#3006=PLANE('',#3007);
#3007=AXIS2_PLACEMENT_3D('',#2995,#13,#122);
#3008=ADVANCED_FACE('',(#3009),#2712,.F.);
#3009=FACE_BOUND('',#3010,.F.);
#3010=EDGE_LOOP('',(#3011,#3017,#3018,#3019));
#3011=ORIENTED_EDGE('',*,*,#3012,.F.);
#3012=EDGE_CURVE('',#703,#3013,#3015,.T.);
#3013=VERTEX_POINT('',#3014);
#3014=CARTESIAN_POINT('',(-2.975,-3.5,0.85));
#3015=LINE('',#3016,#187);
#3016=CARTESIAN_POINT('',(-2.975,-3.5,0.630119079428));
#3017=ORIENTED_EDGE('',*,*,#702,.T.);
#3018=ORIENTED_EDGE('',*,*,#2679,.T.);
#3019=ORIENTED_EDGE('',*,*,#3020,.F.);
#3020=EDGE_CURVE('',#3013,#2675,#2711,.T.);
#3021=ADVANCED_FACE('',(#3022),#3042,.F.);
#3022=FACE_BOUND('',#3023,.F.);
#3023=EDGE_LOOP('',(#3024,#3029,#3033,#3035,#3036,#3040));
#3024=ORIENTED_EDGE('',*,*,#3025,.F.);
#3025=EDGE_CURVE('',#3026,#2308,#3028,.T.);
#3026=VERTEX_POINT('',#3027);
#3027=CARTESIAN_POINT('',(-3.7,2.625,0.85));
#3028=LINE('',#3027,#27);
#3029=ORIENTED_EDGE('',*,*,#3030,.T.);
#3030=EDGE_CURVE('',#3026,#3031,#3032,.T.);
#3031=VERTEX_POINT('',#832);
#3032=LINE('',#3027,#149);
#3033=ORIENTED_EDGE('',*,*,#3034,.T.);
#3034=EDGE_CURVE('',#3031,#829,#831,.T.);
#3035=ORIENTED_EDGE('',*,*,#828,.T.);
#3036=ORIENTED_EDGE('',*,*,#3037,.F.);
#3037=EDGE_CURVE('',#3038,#823,#825,.T.);
#3038=VERTEX_POINT('',#3039);
#3039=CARTESIAN_POINT('',(-3.425,2.625,0.85));
#3040=ORIENTED_EDGE('',*,*,#3041,.F.);
#3041=EDGE_CURVE('',#2308,#3038,#3028,.T.);
#3042=PLANE('',#3043);
#3043=AXIS2_PLACEMENT_3D('',#3027,#840,#14);
#3044=ADVANCED_FACE('',(#3045),#3121,.F.);
#3045=FACE_BOUND('',#3046,.F.);
#3046=EDGE_LOOP('',(#3047,#3052,#3056,#3060,#3064,#3068,#3072,#3076,#3080,#3084,#3088,#3092,#3096,#3100,#3104,#3106,#3107,#3108,#3113,#3118));
#3047=ORIENTED_EDGE('',*,*,#3048,.T.);
#3048=EDGE_CURVE('',#3049,#3050,#825,.T.);
#3049=VERTEX_POINT('',#826);
#3050=VERTEX_POINT('',#3051);
#3051=CARTESIAN_POINT('',(-3.425,-2.975,0.85));
#3052=ORIENTED_EDGE('',*,*,#3053,.T.);
#3053=EDGE_CURVE('',#3050,#3054,#825,.T.);
#3054=VERTEX_POINT('',#3055);
#3055=CARTESIAN_POINT('',(-3.425,-2.625,0.85));
#3056=ORIENTED_EDGE('',*,*,#3057,.T.);
#3057=EDGE_CURVE('',#3054,#3058,#825,.T.);
#3058=VERTEX_POINT('',#3059);
#3059=CARTESIAN_POINT('',(-3.425,-2.175,0.85));
#3060=ORIENTED_EDGE('',*,*,#3061,.T.);
#3061=EDGE_CURVE('',#3058,#3062,#825,.T.);
#3062=VERTEX_POINT('',#3063);
#3063=CARTESIAN_POINT('',(-3.425,-1.825,0.85));
#3064=ORIENTED_EDGE('',*,*,#3065,.T.);
#3065=EDGE_CURVE('',#3062,#3066,#825,.T.);
#3066=VERTEX_POINT('',#3067);
#3067=CARTESIAN_POINT('',(-3.425,-1.375,0.85));
#3068=ORIENTED_EDGE('',*,*,#3069,.T.);
#3069=EDGE_CURVE('',#3066,#3070,#825,.T.);
#3070=VERTEX_POINT('',#3071);
#3071=CARTESIAN_POINT('',(-3.425,-1.025,0.85));
#3072=ORIENTED_EDGE('',*,*,#3073,.T.);
#3073=EDGE_CURVE('',#3070,#3074,#825,.T.);
#3074=VERTEX_POINT('',#3075);
#3075=CARTESIAN_POINT('',(-3.425,-0.575,0.85));
#3076=ORIENTED_EDGE('',*,*,#3077,.T.);
#3077=EDGE_CURVE('',#3074,#3078,#825,.T.);
#3078=VERTEX_POINT('',#3079);
#3079=CARTESIAN_POINT('',(-3.425,-0.225,0.85));
#3080=ORIENTED_EDGE('',*,*,#3081,.T.);
#3081=EDGE_CURVE('',#3078,#3082,#825,.T.);
#3082=VERTEX_POINT('',#3083);
#3083=CARTESIAN_POINT('',(-3.425,0.225,0.85));
#3084=ORIENTED_EDGE('',*,*,#3085,.T.);
#3085=EDGE_CURVE('',#3082,#3086,#825,.T.);
#3086=VERTEX_POINT('',#3087);
#3087=CARTESIAN_POINT('',(-3.425,0.575,0.85));
#3088=ORIENTED_EDGE('',*,*,#3089,.T.);
#3089=EDGE_CURVE('',#3086,#3090,#825,.T.);
#3090=VERTEX_POINT('',#3091);
#3091=CARTESIAN_POINT('',(-3.425,1.025,0.85));
#3092=ORIENTED_EDGE('',*,*,#3093,.T.);
#3093=EDGE_CURVE('',#3090,#3094,#825,.T.);
#3094=VERTEX_POINT('',#3095);
#3095=CARTESIAN_POINT('',(-3.425,1.375,0.85));
#3096=ORIENTED_EDGE('',*,*,#3097,.T.);
#3097=EDGE_CURVE('',#3094,#3098,#825,.T.);
#3098=VERTEX_POINT('',#3099);
#3099=CARTESIAN_POINT('',(-3.425,1.825,0.85));
#3100=ORIENTED_EDGE('',*,*,#3101,.T.);
#3101=EDGE_CURVE('',#3098,#3102,#825,.T.);
#3102=VERTEX_POINT('',#3103);
#3103=CARTESIAN_POINT('',(-3.425,2.175,0.85));
#3104=ORIENTED_EDGE('',*,*,#3105,.T.);
#3105=EDGE_CURVE('',#3102,#3038,#825,.T.);
#3106=ORIENTED_EDGE('',*,*,#3037,.T.);
#3107=ORIENTED_EDGE('',*,*,#822,.T.);
#3108=ORIENTED_EDGE('',*,*,#3109,.T.);
#3109=EDGE_CURVE('',#818,#3110,#3112,.T.);
#3110=VERTEX_POINT('',#3111);
#3111=CARTESIAN_POINT('',(-3.286838234914,3.218419117457,1.5));
#3112=B_SPLINE_CURVE_WITH_KNOTS('',1,(#819,#3111),.UNSPECIFIED.,.F.,.F.,(2,2),(0.,1.),.PIECEWISE_BEZIER_KNOTS.);
#3113=ORIENTED_EDGE('',*,*,#3114,.F.);
#3114=EDGE_CURVE('',#3115,#3110,#3117,.T.);
#3115=VERTEX_POINT('',#3116);
#3116=CARTESIAN_POINT('',(-3.286838234914,-3.218419117457,1.5));
#3117=LINE('',#3116,#149);
#3118=ORIENTED_EDGE('',*,*,#3119,.F.);
#3119=EDGE_CURVE('',#3049,#3115,#3120,.T.);
#3120=B_SPLINE_CURVE_WITH_KNOTS('',1,(#826,#3116),.UNSPECIFIED.,.F.,.F.,(2,2),(0.,1.),.PIECEWISE_BEZIER_KNOTS.);
#3121=B_SPLINE_SURFACE_WITH_KNOTS('',1,1,((#826,#3116),(#819,#3111)),.UNSPECIFIED.,.F.,.F.,.F.,(2,2),(2,2),(0.,6.575),(0.,1.),.PIECEWISE_BEZIER_KNOTS.);
#3122=ADVANCED_FACE('',(#3123),#3135,.F.);
#3123=FACE_BOUND('',#3124,.F.);
#3124=EDGE_LOOP('',(#3125,#3126,#3131,#3134));
#3125=ORIENTED_EDGE('',*,*,#817,.T.);
#3126=ORIENTED_EDGE('',*,*,#3127,.T.);
#3127=EDGE_CURVE('',#813,#3128,#3130,.T.);
#3128=VERTEX_POINT('',#3129);
#3129=CARTESIAN_POINT('',(-3.218419117457,3.286838234914,1.5));
#3130=B_SPLINE_CURVE_WITH_KNOTS('',1,(#814,#3129),.UNSPECIFIED.,.F.,.F.,(2,2),(0.,1.),.PIECEWISE_BEZIER_KNOTS.);
#3131=ORIENTED_EDGE('',*,*,#3132,.F.);
#3132=EDGE_CURVE('',#3110,#3128,#3133,.T.);
#3133=LINE('',#3111,#154);
#3134=ORIENTED_EDGE('',*,*,#3109,.F.);
#3135=B_SPLINE_SURFACE_WITH_KNOTS('',1,1,((#819,#3111),(#814,#3129)),.UNSPECIFIED.,.F.,.F.,.F.,(2,2),(2,2),(0.,0.194454364826),(0.,1.),.PIECEWISE_BEZIER_KNOTS.);
#3136=ADVANCED_FACE('',(#3137),#3173,.F.);
#3137=FACE_BOUND('',#3138,.F.);
#3138=EDGE_LOOP('',(#3139,#3140,#3142,#3143,#3145,#3146,#3148,#3149,#3151,#3152,#3154,#3155,#3157,#3158,#3160,#3161,#3163,#3164,#3169,#3172));
#3139=ORIENTED_EDGE('',*,*,#812,.T.);
#3140=ORIENTED_EDGE('',*,*,#3141,.T.);
#3141=EDGE_CURVE('',#807,#981,#815,.T.);
#3142=ORIENTED_EDGE('',*,*,#991,.T.);
#3143=ORIENTED_EDGE('',*,*,#3144,.T.);
#3144=EDGE_CURVE('',#986,#1126,#815,.T.);
#3145=ORIENTED_EDGE('',*,*,#1136,.T.);
#3146=ORIENTED_EDGE('',*,*,#3147,.T.);
#3147=EDGE_CURVE('',#1131,#1271,#815,.T.);
#3148=ORIENTED_EDGE('',*,*,#1281,.T.);
#3149=ORIENTED_EDGE('',*,*,#3150,.T.);
#3150=EDGE_CURVE('',#1276,#1416,#815,.T.);
#3151=ORIENTED_EDGE('',*,*,#1426,.T.);
#3152=ORIENTED_EDGE('',*,*,#3153,.T.);
#3153=EDGE_CURVE('',#1421,#1561,#815,.T.);
#3154=ORIENTED_EDGE('',*,*,#1571,.T.);
#3155=ORIENTED_EDGE('',*,*,#3156,.T.);
#3156=EDGE_CURVE('',#1566,#1706,#815,.T.);
#3157=ORIENTED_EDGE('',*,*,#1716,.T.);
#3158=ORIENTED_EDGE('',*,*,#3159,.T.);
#3159=EDGE_CURVE('',#1711,#1851,#815,.T.);
#3160=ORIENTED_EDGE('',*,*,#1861,.T.);
#3161=ORIENTED_EDGE('',*,*,#3162,.T.);
#3162=EDGE_CURVE('',#1856,#1996,#815,.T.);
#3163=ORIENTED_EDGE('',*,*,#2022,.T.);
#3164=ORIENTED_EDGE('',*,*,#3165,.T.);
#3165=EDGE_CURVE('',#2018,#3166,#3168,.T.);
#3166=VERTEX_POINT('',#3167);
#3167=CARTESIAN_POINT('',(3.218419117457,3.286838234914,1.5));
#3168=B_SPLINE_CURVE_WITH_KNOTS('',1,(#2019,#3167),.UNSPECIFIED.,.F.,.F.,(2,2),(0.,1.),.PIECEWISE_BEZIER_KNOTS.);
#3169=ORIENTED_EDGE('',*,*,#3170,.F.);
#3170=EDGE_CURVE('',#3128,#3166,#3171,.T.);
#3171=LINE('',#3129,#27);
#3172=ORIENTED_EDGE('',*,*,#3127,.F.);
#3173=B_SPLINE_SURFACE_WITH_KNOTS('',1,1,((#814,#3129),(#2019,#3167)),.UNSPECIFIED.,.F.,.F.,.F.,(2,2),(2,2),(0.,6.575),(0.,1.),.PIECEWISE_BEZIER_KNOTS.);
#3174=ADVANCED_FACE('',(#3175),#3184,.F.);
#3175=FACE_BOUND('',#3176,.F.);
#3176=EDGE_LOOP('',(#3177,#3178,#970,#3181,#3182,#3183));
#3177=ORIENTED_EDGE('',*,*,#903,.F.);
#3178=ORIENTED_EDGE('',*,*,#3179,.T.);
#3179=EDGE_CURVE('',#898,#966,#3180,.T.);
#3180=LINE('',#810,#27);
#3181=ORIENTED_EDGE('',*,*,#980,.T.);
#3182=ORIENTED_EDGE('',*,*,#3141,.F.);
#3183=ORIENTED_EDGE('',*,*,#806,.F.);
#3184=PLANE('',#3185);
#3185=AXIS2_PLACEMENT_3D('',#810,#840,#122);
#3186=ADVANCED_FACE('',(#3187),#3194,.T.);
#3187=FACE_BOUND('',#3188,.F.);
#3188=EDGE_LOOP('',(#3189,#964,#3192,#3193));
#3189=ORIENTED_EDGE('',*,*,#3190,.T.);
#3190=EDGE_CURVE('',#891,#961,#3191,.T.);
#3191=LINE('',#892,#27);
#3192=ORIENTED_EDGE('',*,*,#3179,.F.);
#3193=ORIENTED_EDGE('',*,*,#897,.F.);
#3194=CYLINDRICAL_SURFACE('',#3195,0.2);
#3195=AXIS2_PLACEMENT_3D('',#852,#136,#901);
#3196=ADVANCED_FACE('',(#3197),#3204,.F.);
#3197=FACE_BOUND('',#3198,.F.);
#3198=EDGE_LOOP('',(#3199,#959,#3202,#3203));
#3199=ORIENTED_EDGE('',*,*,#3200,.T.);
#3200=EDGE_CURVE('',#885,#955,#3201,.T.);
#3201=LINE('',#886,#27);
#3202=ORIENTED_EDGE('',*,*,#3190,.F.);
#3203=ORIENTED_EDGE('',*,*,#890,.F.);
#3204=PLANE('',#3205);
#3205=AXIS2_PLACEMENT_3D('',#886,#3206,#895);
#3206=DIRECTION('',(0.,-0.986322983713,-0.16482406317));
#3207=ADVANCED_FACE('',(#3208),#3215,.F.);
#3208=FACE_BOUND('',#3209,.F.);
#3209=EDGE_LOOP('',(#3210,#953,#3213,#3214));
#3210=ORIENTED_EDGE('',*,*,#3211,.T.);
#3211=EDGE_CURVE('',#880,#950,#3212,.T.);
#3212=LINE('',#881,#27);
#3213=ORIENTED_EDGE('',*,*,#3200,.F.);
#3214=ORIENTED_EDGE('',*,*,#884,.F.);
#3215=CYLINDRICAL_SURFACE('',#888,1.E-01);
#3216=ADVANCED_FACE('',(#3217),#3224,.F.);
#3217=FACE_BOUND('',#3218,.F.);
#3218=EDGE_LOOP('',(#3219,#948,#3222,#3223));
#3219=ORIENTED_EDGE('',*,*,#3220,.T.);
#3220=EDGE_CURVE('',#875,#945,#3221,.T.);
#3221=LINE('',#876,#27);
#3222=ORIENTED_EDGE('',*,*,#3211,.F.);
#3223=ORIENTED_EDGE('',*,*,#879,.F.);
#3224=PLANE('',#3225);
#3225=AXIS2_PLACEMENT_3D('',#876,#840,#122);
#3226=ADVANCED_FACE('',(#3227),#3234,.F.);
#3227=FACE_BOUND('',#3228,.F.);
#3228=EDGE_LOOP('',(#3229,#943,#3232,#3233));
#3229=ORIENTED_EDGE('',*,*,#3230,.T.);
#3230=EDGE_CURVE('',#870,#940,#3231,.T.);
#3231=LINE('',#871,#27);
#3232=ORIENTED_EDGE('',*,*,#3220,.F.);
#3233=ORIENTED_EDGE('',*,*,#874,.F.);
#3234=PLANE('',#3235);
#3235=AXIS2_PLACEMENT_3D('',#871,#122,#13);
#3236=ADVANCED_FACE('',(#3237),#3244,.F.);
#3237=FACE_BOUND('',#3238,.F.);
#3238=EDGE_LOOP('',(#3239,#938,#3242,#3243));
#3239=ORIENTED_EDGE('',*,*,#3240,.T.);
#3240=EDGE_CURVE('',#862,#933,#3241,.T.);
#3241=LINE('',#863,#27);
#3242=ORIENTED_EDGE('',*,*,#3230,.F.);
#3243=ORIENTED_EDGE('',*,*,#869,.F.);
#3244=PLANE('',#3245);
#3245=AXIS2_PLACEMENT_3D('',#863,#13,#150);
#3246=ADVANCED_FACE('',(#3247),#3254,.T.);
#3247=FACE_BOUND('',#3248,.F.);
#3248=EDGE_LOOP('',(#3249,#931,#3252,#3253));
#3249=ORIENTED_EDGE('',*,*,#3250,.T.);
#3250=EDGE_CURVE('',#855,#928,#3251,.T.);
#3251=LINE('',#856,#27);
#3252=ORIENTED_EDGE('',*,*,#3240,.F.);
#3253=ORIENTED_EDGE('',*,*,#861,.F.);
#3254=CYLINDRICAL_SURFACE('',#3255,0.2);
#3255=AXIS2_PLACEMENT_3D('',#866,#136,#867);
#3256=ADVANCED_FACE('',(#3257),#3262,.F.);
#3257=FACE_BOUND('',#3258,.F.);
#3258=EDGE_LOOP('',(#3259,#926,#3260,#3261));
#3259=ORIENTED_EDGE('',*,*,#919,.T.);
#3260=ORIENTED_EDGE('',*,*,#3250,.F.);
#3261=ORIENTED_EDGE('',*,*,#854,.F.);
#3262=PLANE('',#3263);
#3263=AXIS2_PLACEMENT_3D('',#849,#3264,#859);
#3264=DIRECTION('',(0.,0.986322983713,0.16482406317));
#3265=ADVANCED_FACE('',(#3266),#3275,.F.);
#3266=FACE_BOUND('',#3267,.F.);
#3267=EDGE_LOOP('',(#3268,#3269,#1115,#3272,#3273,#3274));
#3268=ORIENTED_EDGE('',*,*,#1048,.F.);
#3269=ORIENTED_EDGE('',*,*,#3270,.T.);
#3270=EDGE_CURVE('',#1044,#1111,#3271,.T.);
#3271=LINE('',#989,#27);
#3272=ORIENTED_EDGE('',*,*,#1125,.T.);
#3273=ORIENTED_EDGE('',*,*,#3144,.F.);
#3274=ORIENTED_EDGE('',*,*,#985,.F.);
#3275=PLANE('',#3276);
#3276=AXIS2_PLACEMENT_3D('',#989,#840,#122);
#3277=ADVANCED_FACE('',(#3278),#3285,.T.);
#3278=FACE_BOUND('',#3279,.F.);
#3279=EDGE_LOOP('',(#3280,#1109,#3283,#3284));
#3280=ORIENTED_EDGE('',*,*,#3281,.T.);
#3281=EDGE_CURVE('',#1039,#1106,#3282,.T.);
#3282=LINE('',#1040,#27);
#3283=ORIENTED_EDGE('',*,*,#3270,.F.);
#3284=ORIENTED_EDGE('',*,*,#1043,.F.);
#3285=CYLINDRICAL_SURFACE('',#3286,0.2);
#3286=AXIS2_PLACEMENT_3D('',#1003,#136,#901);
#3287=ADVANCED_FACE('',(#3288),#3295,.F.);
#3288=FACE_BOUND('',#3289,.F.);
#3289=EDGE_LOOP('',(#3290,#1104,#3293,#3294));
#3290=ORIENTED_EDGE('',*,*,#3291,.T.);
#3291=EDGE_CURVE('',#1033,#1100,#3292,.T.);
#3292=LINE('',#1034,#27);
#3293=ORIENTED_EDGE('',*,*,#3281,.F.);
#3294=ORIENTED_EDGE('',*,*,#1038,.F.);
#3295=PLANE('',#3296);
#3296=AXIS2_PLACEMENT_3D('',#1034,#3206,#895);
#3297=ADVANCED_FACE('',(#3298),#3305,.F.);
#3298=FACE_BOUND('',#3299,.F.);
#3299=EDGE_LOOP('',(#3300,#1098,#3303,#3304));
#3300=ORIENTED_EDGE('',*,*,#3301,.T.);
#3301=EDGE_CURVE('',#1028,#1095,#3302,.T.);
#3302=LINE('',#1029,#27);
#3303=ORIENTED_EDGE('',*,*,#3291,.F.);
#3304=ORIENTED_EDGE('',*,*,#1032,.F.);
#3305=CYLINDRICAL_SURFACE('',#1036,1.E-01);
#3306=ADVANCED_FACE('',(#3307),#3314,.F.);
#3307=FACE_BOUND('',#3308,.F.);
#3308=EDGE_LOOP('',(#3309,#1093,#3312,#3313));
#3309=ORIENTED_EDGE('',*,*,#3310,.T.);
#3310=EDGE_CURVE('',#1023,#1090,#3311,.T.);
#3311=LINE('',#1024,#27);
#3312=ORIENTED_EDGE('',*,*,#3301,.F.);
#3313=ORIENTED_EDGE('',*,*,#1027,.F.);
#3314=PLANE('',#3315);
#3315=AXIS2_PLACEMENT_3D('',#1024,#840,#122);
#3316=ADVANCED_FACE('',(#3317),#3324,.F.);
#3317=FACE_BOUND('',#3318,.F.);
#3318=EDGE_LOOP('',(#3319,#1088,#3322,#3323));
#3319=ORIENTED_EDGE('',*,*,#3320,.T.);
#3320=EDGE_CURVE('',#1018,#1085,#3321,.T.);
#3321=LINE('',#1019,#27);
#3322=ORIENTED_EDGE('',*,*,#3310,.F.);
#3323=ORIENTED_EDGE('',*,*,#1022,.F.);
#3324=PLANE('',#3325);
#3325=AXIS2_PLACEMENT_3D('',#1019,#122,#13);
#3326=ADVANCED_FACE('',(#3327),#3334,.F.);
#3327=FACE_BOUND('',#3328,.F.);
#3328=EDGE_LOOP('',(#3329,#1083,#3332,#3333));
#3329=ORIENTED_EDGE('',*,*,#3330,.T.);
#3330=EDGE_CURVE('',#1011,#1078,#3331,.T.);
#3331=LINE('',#1012,#27);
#3332=ORIENTED_EDGE('',*,*,#3320,.F.);
#3333=ORIENTED_EDGE('',*,*,#1017,.F.);
#3334=PLANE('',#3335);
#3335=AXIS2_PLACEMENT_3D('',#1012,#13,#150);
#3336=ADVANCED_FACE('',(#3337),#3344,.T.);
#3337=FACE_BOUND('',#3338,.F.);
#3338=EDGE_LOOP('',(#3339,#1076,#3342,#3343));
#3339=ORIENTED_EDGE('',*,*,#3340,.T.);
#3340=EDGE_CURVE('',#1006,#1073,#3341,.T.);
#3341=LINE('',#1007,#27);
#3342=ORIENTED_EDGE('',*,*,#3330,.F.);
#3343=ORIENTED_EDGE('',*,*,#1010,.F.);
#3344=CYLINDRICAL_SURFACE('',#3345,0.2);
#3345=AXIS2_PLACEMENT_3D('',#1015,#136,#867);
#3346=ADVANCED_FACE('',(#3347),#3352,.F.);
#3347=FACE_BOUND('',#3348,.F.);
#3348=EDGE_LOOP('',(#3349,#1071,#3350,#3351));
#3349=ORIENTED_EDGE('',*,*,#1064,.T.);
#3350=ORIENTED_EDGE('',*,*,#3340,.F.);
#3351=ORIENTED_EDGE('',*,*,#1005,.F.);
#3352=PLANE('',#3353);
#3353=AXIS2_PLACEMENT_3D('',#1000,#3264,#859);
#3354=ADVANCED_FACE('',(#3355),#3364,.F.);
#3355=FACE_BOUND('',#3356,.F.);
#3356=EDGE_LOOP('',(#3357,#3358,#1260,#3361,#3362,#3363));
#3357=ORIENTED_EDGE('',*,*,#1193,.F.);
#3358=ORIENTED_EDGE('',*,*,#3359,.T.);
#3359=EDGE_CURVE('',#1189,#1256,#3360,.T.);
#3360=LINE('',#1134,#27);
#3361=ORIENTED_EDGE('',*,*,#1270,.T.);
#3362=ORIENTED_EDGE('',*,*,#3147,.F.);
#3363=ORIENTED_EDGE('',*,*,#1130,.F.);
#3364=PLANE('',#3365);
#3365=AXIS2_PLACEMENT_3D('',#1134,#840,#122);
#3366=ADVANCED_FACE('',(#3367),#3374,.T.);
#3367=FACE_BOUND('',#3368,.F.);
#3368=EDGE_LOOP('',(#3369,#1254,#3372,#3373));
#3369=ORIENTED_EDGE('',*,*,#3370,.T.);
#3370=EDGE_CURVE('',#1184,#1251,#3371,.T.);
#3371=LINE('',#1185,#27);
#3372=ORIENTED_EDGE('',*,*,#3359,.F.);
#3373=ORIENTED_EDGE('',*,*,#1188,.F.);
#3374=CYLINDRICAL_SURFACE('',#3375,0.2);
#3375=AXIS2_PLACEMENT_3D('',#1148,#136,#901);
#3376=ADVANCED_FACE('',(#3377),#3384,.F.);
#3377=FACE_BOUND('',#3378,.F.);
#3378=EDGE_LOOP('',(#3379,#1249,#3382,#3383));
#3379=ORIENTED_EDGE('',*,*,#3380,.T.);
#3380=EDGE_CURVE('',#1178,#1245,#3381,.T.);
#3381=LINE('',#1179,#27);
#3382=ORIENTED_EDGE('',*,*,#3370,.F.);
#3383=ORIENTED_EDGE('',*,*,#1183,.F.);
#3384=PLANE('',#3385);
#3385=AXIS2_PLACEMENT_3D('',#1179,#3206,#895);
#3386=ADVANCED_FACE('',(#3387),#3394,.F.);
#3387=FACE_BOUND('',#3388,.F.);
#3388=EDGE_LOOP('',(#3389,#1243,#3392,#3393));
#3389=ORIENTED_EDGE('',*,*,#3390,.T.);
#3390=EDGE_CURVE('',#1173,#1240,#3391,.T.);
#3391=LINE('',#1174,#27);
#3392=ORIENTED_EDGE('',*,*,#3380,.F.);
#3393=ORIENTED_EDGE('',*,*,#1177,.F.);
#3394=CYLINDRICAL_SURFACE('',#1181,1.E-01);
#3395=ADVANCED_FACE('',(#3396),#3403,.F.);
#3396=FACE_BOUND('',#3397,.F.);
#3397=EDGE_LOOP('',(#3398,#1238,#3401,#3402));
#3398=ORIENTED_EDGE('',*,*,#3399,.T.);
#3399=EDGE_CURVE('',#1168,#1235,#3400,.T.);
#3400=LINE('',#1169,#27);
#3401=ORIENTED_EDGE('',*,*,#3390,.F.);
#3402=ORIENTED_EDGE('',*,*,#1172,.F.);
#3403=PLANE('',#3404);
#3404=AXIS2_PLACEMENT_3D('',#1169,#840,#122);
#3405=ADVANCED_FACE('',(#3406),#3413,.F.);
#3406=FACE_BOUND('',#3407,.F.);
#3407=EDGE_LOOP('',(#3408,#1233,#3411,#3412));
#3408=ORIENTED_EDGE('',*,*,#3409,.T.);
#3409=EDGE_CURVE('',#1163,#1230,#3410,.T.);
#3410=LINE('',#1164,#27);
#3411=ORIENTED_EDGE('',*,*,#3399,.F.);
#3412=ORIENTED_EDGE('',*,*,#1167,.F.);
#3413=PLANE('',#3414);
#3414=AXIS2_PLACEMENT_3D('',#1164,#122,#13);
#3415=ADVANCED_FACE('',(#3416),#3423,.F.);
#3416=FACE_BOUND('',#3417,.F.);
#3417=EDGE_LOOP('',(#3418,#1228,#3421,#3422));
#3418=ORIENTED_EDGE('',*,*,#3419,.T.);
#3419=EDGE_CURVE('',#1156,#1223,#3420,.T.);
#3420=LINE('',#1157,#27);
#3421=ORIENTED_EDGE('',*,*,#3409,.F.);
#3422=ORIENTED_EDGE('',*,*,#1162,.F.);
#3423=PLANE('',#3424);
#3424=AXIS2_PLACEMENT_3D('',#1157,#13,#150);
#3425=ADVANCED_FACE('',(#3426),#3433,.T.);
#3426=FACE_BOUND('',#3427,.F.);
#3427=EDGE_LOOP('',(#3428,#1221,#3431,#3432));
#3428=ORIENTED_EDGE('',*,*,#3429,.T.);
#3429=EDGE_CURVE('',#1151,#1218,#3430,.T.);
#3430=LINE('',#1152,#27);
#3431=ORIENTED_EDGE('',*,*,#3419,.F.);
#3432=ORIENTED_EDGE('',*,*,#1155,.F.);
#3433=CYLINDRICAL_SURFACE('',#3434,0.2);
#3434=AXIS2_PLACEMENT_3D('',#1160,#136,#867);
#3435=ADVANCED_FACE('',(#3436),#3441,.F.);
#3436=FACE_BOUND('',#3437,.F.);
#3437=EDGE_LOOP('',(#3438,#1216,#3439,#3440));
#3438=ORIENTED_EDGE('',*,*,#1209,.T.);
#3439=ORIENTED_EDGE('',*,*,#3429,.F.);
#3440=ORIENTED_EDGE('',*,*,#1150,.F.);
#3441=PLANE('',#3442);
#3442=AXIS2_PLACEMENT_3D('',#1145,#3264,#859);
#3443=ADVANCED_FACE('',(#3444),#3453,.F.);
#3444=FACE_BOUND('',#3445,.F.);
#3445=EDGE_LOOP('',(#3446,#3447,#1405,#3450,#3451,#3452));
#3446=ORIENTED_EDGE('',*,*,#1338,.F.);
#3447=ORIENTED_EDGE('',*,*,#3448,.T.);
#3448=EDGE_CURVE('',#1334,#1401,#3449,.T.);
#3449=LINE('',#1279,#27);
#3450=ORIENTED_EDGE('',*,*,#1415,.T.);
#3451=ORIENTED_EDGE('',*,*,#3150,.F.);
#3452=ORIENTED_EDGE('',*,*,#1275,.F.);
#3453=PLANE('',#3454);
#3454=AXIS2_PLACEMENT_3D('',#1279,#840,#122);
#3455=ADVANCED_FACE('',(#3456),#3463,.T.);
#3456=FACE_BOUND('',#3457,.F.);
#3457=EDGE_LOOP('',(#3458,#1399,#3461,#3462));
#3458=ORIENTED_EDGE('',*,*,#3459,.T.);
#3459=EDGE_CURVE('',#1329,#1396,#3460,.T.);
#3460=LINE('',#1330,#27);
#3461=ORIENTED_EDGE('',*,*,#3448,.F.);
#3462=ORIENTED_EDGE('',*,*,#1333,.F.);
#3463=CYLINDRICAL_SURFACE('',#3464,0.2);
#3464=AXIS2_PLACEMENT_3D('',#1293,#136,#901);
#3465=ADVANCED_FACE('',(#3466),#3473,.F.);
#3466=FACE_BOUND('',#3467,.F.);
#3467=EDGE_LOOP('',(#3468,#1394,#3471,#3472));
#3468=ORIENTED_EDGE('',*,*,#3469,.T.);
#3469=EDGE_CURVE('',#1323,#1390,#3470,.T.);
#3470=LINE('',#1324,#27);
#3471=ORIENTED_EDGE('',*,*,#3459,.F.);
#3472=ORIENTED_EDGE('',*,*,#1328,.F.);
#3473=PLANE('',#3474);
#3474=AXIS2_PLACEMENT_3D('',#1324,#3206,#895);
#3475=ADVANCED_FACE('',(#3476),#3483,.F.);
#3476=FACE_BOUND('',#3477,.F.);
#3477=EDGE_LOOP('',(#3478,#1388,#3481,#3482));
#3478=ORIENTED_EDGE('',*,*,#3479,.T.);
#3479=EDGE_CURVE('',#1318,#1385,#3480,.T.);
#3480=LINE('',#1319,#27);
#3481=ORIENTED_EDGE('',*,*,#3469,.F.);
#3482=ORIENTED_EDGE('',*,*,#1322,.F.);
#3483=CYLINDRICAL_SURFACE('',#1326,1.E-01);
#3484=ADVANCED_FACE('',(#3485),#3492,.F.);
#3485=FACE_BOUND('',#3486,.F.);
#3486=EDGE_LOOP('',(#3487,#1383,#3490,#3491));
#3487=ORIENTED_EDGE('',*,*,#3488,.T.);
#3488=EDGE_CURVE('',#1313,#1380,#3489,.T.);
#3489=LINE('',#1314,#27);
#3490=ORIENTED_EDGE('',*,*,#3479,.F.);
#3491=ORIENTED_EDGE('',*,*,#1317,.F.);
#3492=PLANE('',#3493);
#3493=AXIS2_PLACEMENT_3D('',#1314,#840,#122);
#3494=ADVANCED_FACE('',(#3495),#3502,.F.);
#3495=FACE_BOUND('',#3496,.F.);
#3496=EDGE_LOOP('',(#3497,#1378,#3500,#3501));
#3497=ORIENTED_EDGE('',*,*,#3498,.T.);
#3498=EDGE_CURVE('',#1308,#1375,#3499,.T.);
#3499=LINE('',#1309,#27);
#3500=ORIENTED_EDGE('',*,*,#3488,.F.);
#3501=ORIENTED_EDGE('',*,*,#1312,.F.);
#3502=PLANE('',#3503);
#3503=AXIS2_PLACEMENT_3D('',#1309,#122,#13);
#3504=ADVANCED_FACE('',(#3505),#3512,.F.);
#3505=FACE_BOUND('',#3506,.F.);
#3506=EDGE_LOOP('',(#3507,#1373,#3510,#3511));
#3507=ORIENTED_EDGE('',*,*,#3508,.T.);
#3508=EDGE_CURVE('',#1301,#1368,#3509,.T.);
#3509=LINE('',#1302,#27);
#3510=ORIENTED_EDGE('',*,*,#3498,.F.);
#3511=ORIENTED_EDGE('',*,*,#1307,.F.);
#3512=PLANE('',#3513);
#3513=AXIS2_PLACEMENT_3D('',#1302,#13,#150);
#3514=ADVANCED_FACE('',(#3515),#3522,.T.);
#3515=FACE_BOUND('',#3516,.F.);
#3516=EDGE_LOOP('',(#3517,#1366,#3520,#3521));
#3517=ORIENTED_EDGE('',*,*,#3518,.T.);
#3518=EDGE_CURVE('',#1296,#1363,#3519,.T.);
#3519=LINE('',#1297,#27);
#3520=ORIENTED_EDGE('',*,*,#3508,.F.);
#3521=ORIENTED_EDGE('',*,*,#1300,.F.);
#3522=CYLINDRICAL_SURFACE('',#3523,0.2);
#3523=AXIS2_PLACEMENT_3D('',#1305,#136,#867);
#3524=ADVANCED_FACE('',(#3525),#3530,.F.);
#3525=FACE_BOUND('',#3526,.F.);
#3526=EDGE_LOOP('',(#3527,#1361,#3528,#3529));
#3527=ORIENTED_EDGE('',*,*,#1354,.T.);
#3528=ORIENTED_EDGE('',*,*,#3518,.F.);
#3529=ORIENTED_EDGE('',*,*,#1295,.F.);
#3530=PLANE('',#3531);
#3531=AXIS2_PLACEMENT_3D('',#1290,#3264,#859);
#3532=ADVANCED_FACE('',(#3533),#3542,.F.);
#3533=FACE_BOUND('',#3534,.F.);
#3534=EDGE_LOOP('',(#3535,#3536,#1550,#3539,#3540,#3541));
#3535=ORIENTED_EDGE('',*,*,#1483,.F.);
#3536=ORIENTED_EDGE('',*,*,#3537,.T.);
#3537=EDGE_CURVE('',#1479,#1546,#3538,.T.);
#3538=LINE('',#1424,#27);
#3539=ORIENTED_EDGE('',*,*,#1560,.T.);
#3540=ORIENTED_EDGE('',*,*,#3153,.F.);
#3541=ORIENTED_EDGE('',*,*,#1420,.F.);
#3542=PLANE('',#3543);
#3543=AXIS2_PLACEMENT_3D('',#1424,#840,#122);
#3544=ADVANCED_FACE('',(#3545),#3552,.T.);
#3545=FACE_BOUND('',#3546,.F.);
#3546=EDGE_LOOP('',(#3547,#1544,#3550,#3551));
#3547=ORIENTED_EDGE('',*,*,#3548,.T.);
#3548=EDGE_CURVE('',#1474,#1541,#3549,.T.);
#3549=LINE('',#1475,#27);
#3550=ORIENTED_EDGE('',*,*,#3537,.F.);
#3551=ORIENTED_EDGE('',*,*,#1478,.F.);
#3552=CYLINDRICAL_SURFACE('',#3553,0.2);
#3553=AXIS2_PLACEMENT_3D('',#1438,#136,#901);
#3554=ADVANCED_FACE('',(#3555),#3562,.F.);
#3555=FACE_BOUND('',#3556,.F.);
#3556=EDGE_LOOP('',(#3557,#1539,#3560,#3561));
#3557=ORIENTED_EDGE('',*,*,#3558,.T.);
#3558=EDGE_CURVE('',#1468,#1535,#3559,.T.);
#3559=LINE('',#1469,#27);
#3560=ORIENTED_EDGE('',*,*,#3548,.F.);
#3561=ORIENTED_EDGE('',*,*,#1473,.F.);
#3562=PLANE('',#3563);
#3563=AXIS2_PLACEMENT_3D('',#1469,#3206,#895);
#3564=ADVANCED_FACE('',(#3565),#3572,.F.);
#3565=FACE_BOUND('',#3566,.F.);
#3566=EDGE_LOOP('',(#3567,#1533,#3570,#3571));
#3567=ORIENTED_EDGE('',*,*,#3568,.T.);
#3568=EDGE_CURVE('',#1463,#1530,#3569,.T.);
#3569=LINE('',#1464,#27);
#3570=ORIENTED_EDGE('',*,*,#3558,.F.);
#3571=ORIENTED_EDGE('',*,*,#1467,.F.);
#3572=CYLINDRICAL_SURFACE('',#1471,1.E-01);
#3573=ADVANCED_FACE('',(#3574),#3581,.F.);
#3574=FACE_BOUND('',#3575,.F.);
#3575=EDGE_LOOP('',(#3576,#1528,#3579,#3580));
#3576=ORIENTED_EDGE('',*,*,#3577,.T.);
#3577=EDGE_CURVE('',#1458,#1525,#3578,.T.);
#3578=LINE('',#1459,#27);
#3579=ORIENTED_EDGE('',*,*,#3568,.F.);
#3580=ORIENTED_EDGE('',*,*,#1462,.F.);
#3581=PLANE('',#3582);
#3582=AXIS2_PLACEMENT_3D('',#1459,#840,#122);
#3583=ADVANCED_FACE('',(#3584),#3591,.F.);
#3584=FACE_BOUND('',#3585,.F.);
#3585=EDGE_LOOP('',(#3586,#1523,#3589,#3590));
#3586=ORIENTED_EDGE('',*,*,#3587,.T.);
#3587=EDGE_CURVE('',#1453,#1520,#3588,.T.);
#3588=LINE('',#1454,#27);
#3589=ORIENTED_EDGE('',*,*,#3577,.F.);
#3590=ORIENTED_EDGE('',*,*,#1457,.F.);
#3591=PLANE('',#3592);
#3592=AXIS2_PLACEMENT_3D('',#1454,#122,#13);
#3593=ADVANCED_FACE('',(#3594),#3601,.F.);
#3594=FACE_BOUND('',#3595,.F.);
#3595=EDGE_LOOP('',(#3596,#1518,#3599,#3600));
#3596=ORIENTED_EDGE('',*,*,#3597,.T.);
#3597=EDGE_CURVE('',#1446,#1513,#3598,.T.);
#3598=LINE('',#1447,#27);
#3599=ORIENTED_EDGE('',*,*,#3587,.F.);
#3600=ORIENTED_EDGE('',*,*,#1452,.F.);
#3601=PLANE('',#3602);
#3602=AXIS2_PLACEMENT_3D('',#1447,#13,#150);
#3603=ADVANCED_FACE('',(#3604),#3611,.T.);
#3604=FACE_BOUND('',#3605,.F.);
#3605=EDGE_LOOP('',(#3606,#1511,#3609,#3610));
#3606=ORIENTED_EDGE('',*,*,#3607,.T.);
#3607=EDGE_CURVE('',#1441,#1508,#3608,.T.);
#3608=LINE('',#1442,#27);
#3609=ORIENTED_EDGE('',*,*,#3597,.F.);
#3610=ORIENTED_EDGE('',*,*,#1445,.F.);
#3611=CYLINDRICAL_SURFACE('',#3612,0.2);
#3612=AXIS2_PLACEMENT_3D('',#1450,#136,#867);
#3613=ADVANCED_FACE('',(#3614),#3619,.F.);
#3614=FACE_BOUND('',#3615,.F.);
#3615=EDGE_LOOP('',(#3616,#1506,#3617,#3618));
#3616=ORIENTED_EDGE('',*,*,#1499,.T.);
#3617=ORIENTED_EDGE('',*,*,#3607,.F.);
#3618=ORIENTED_EDGE('',*,*,#1440,.F.);
#3619=PLANE('',#3620);
#3620=AXIS2_PLACEMENT_3D('',#1435,#3264,#859);
#3621=ADVANCED_FACE('',(#3622),#3631,.F.);
#3622=FACE_BOUND('',#3623,.F.);
#3623=EDGE_LOOP('',(#3624,#3625,#1695,#3628,#3629,#3630));
#3624=ORIENTED_EDGE('',*,*,#1628,.F.);
#3625=ORIENTED_EDGE('',*,*,#3626,.T.);
#3626=EDGE_CURVE('',#1624,#1691,#3627,.T.);
#3627=LINE('',#1569,#27);
#3628=ORIENTED_EDGE('',*,*,#1705,.T.);
#3629=ORIENTED_EDGE('',*,*,#3156,.F.);
#3630=ORIENTED_EDGE('',*,*,#1565,.F.);
#3631=PLANE('',#3632);
#3632=AXIS2_PLACEMENT_3D('',#1569,#840,#122);
#3633=ADVANCED_FACE('',(#3634),#3641,.T.);
#3634=FACE_BOUND('',#3635,.F.);
#3635=EDGE_LOOP('',(#3636,#1689,#3639,#3640));
#3636=ORIENTED_EDGE('',*,*,#3637,.T.);
#3637=EDGE_CURVE('',#1619,#1686,#3638,.T.);
#3638=LINE('',#1620,#27);
#3639=ORIENTED_EDGE('',*,*,#3626,.F.);
#3640=ORIENTED_EDGE('',*,*,#1623,.F.);
#3641=CYLINDRICAL_SURFACE('',#3642,0.2);
#3642=AXIS2_PLACEMENT_3D('',#1583,#136,#901);
#3643=ADVANCED_FACE('',(#3644),#3651,.F.);
#3644=FACE_BOUND('',#3645,.F.);
#3645=EDGE_LOOP('',(#3646,#1684,#3649,#3650));
#3646=ORIENTED_EDGE('',*,*,#3647,.T.);
#3647=EDGE_CURVE('',#1613,#1680,#3648,.T.);
#3648=LINE('',#1614,#27);
#3649=ORIENTED_EDGE('',*,*,#3637,.F.);
#3650=ORIENTED_EDGE('',*,*,#1618,.F.);
#3651=PLANE('',#3652);
#3652=AXIS2_PLACEMENT_3D('',#1614,#3206,#895);
#3653=ADVANCED_FACE('',(#3654),#3661,.F.);
#3654=FACE_BOUND('',#3655,.F.);
#3655=EDGE_LOOP('',(#3656,#1678,#3659,#3660));
#3656=ORIENTED_EDGE('',*,*,#3657,.T.);
#3657=EDGE_CURVE('',#1608,#1675,#3658,.T.);
#3658=LINE('',#1609,#27);
#3659=ORIENTED_EDGE('',*,*,#3647,.F.);
#3660=ORIENTED_EDGE('',*,*,#1612,.F.);
#3661=CYLINDRICAL_SURFACE('',#1616,1.E-01);
#3662=ADVANCED_FACE('',(#3663),#3670,.F.);
#3663=FACE_BOUND('',#3664,.F.);
#3664=EDGE_LOOP('',(#3665,#1673,#3668,#3669));
#3665=ORIENTED_EDGE('',*,*,#3666,.T.);
#3666=EDGE_CURVE('',#1603,#1670,#3667,.T.);
#3667=LINE('',#1604,#27);
#3668=ORIENTED_EDGE('',*,*,#3657,.F.);
#3669=ORIENTED_EDGE('',*,*,#1607,.F.);
#3670=PLANE('',#3671);
#3671=AXIS2_PLACEMENT_3D('',#1604,#840,#122);
#3672=ADVANCED_FACE('',(#3673),#3680,.F.);
#3673=FACE_BOUND('',#3674,.F.);
#3674=EDGE_LOOP('',(#3675,#1668,#3678,#3679));
#3675=ORIENTED_EDGE('',*,*,#3676,.T.);
#3676=EDGE_CURVE('',#1598,#1665,#3677,.T.);
#3677=LINE('',#1599,#27);
#3678=ORIENTED_EDGE('',*,*,#3666,.F.);
#3679=ORIENTED_EDGE('',*,*,#1602,.F.);
#3680=PLANE('',#3681);
#3681=AXIS2_PLACEMENT_3D('',#1599,#122,#13);
#3682=ADVANCED_FACE('',(#3683),#3690,.F.);
#3683=FACE_BOUND('',#3684,.F.);
#3684=EDGE_LOOP('',(#3685,#1663,#3688,#3689));
#3685=ORIENTED_EDGE('',*,*,#3686,.T.);
#3686=EDGE_CURVE('',#1591,#1658,#3687,.T.);
#3687=LINE('',#1592,#27);
#3688=ORIENTED_EDGE('',*,*,#3676,.F.);
#3689=ORIENTED_EDGE('',*,*,#1597,.F.);
#3690=PLANE('',#3691);
#3691=AXIS2_PLACEMENT_3D('',#1592,#13,#150);
#3692=ADVANCED_FACE('',(#3693),#3700,.T.);
#3693=FACE_BOUND('',#3694,.F.);
#3694=EDGE_LOOP('',(#3695,#1656,#3698,#3699));
#3695=ORIENTED_EDGE('',*,*,#3696,.T.);
#3696=EDGE_CURVE('',#1586,#1653,#3697,.T.);
#3697=LINE('',#1587,#27);
#3698=ORIENTED_EDGE('',*,*,#3686,.F.);
#3699=ORIENTED_EDGE('',*,*,#1590,.F.);
#3700=CYLINDRICAL_SURFACE('',#3701,0.2);
#3701=AXIS2_PLACEMENT_3D('',#1595,#136,#867);
#3702=ADVANCED_FACE('',(#3703),#3708,.F.);
#3703=FACE_BOUND('',#3704,.F.);
#3704=EDGE_LOOP('',(#3705,#1651,#3706,#3707));
#3705=ORIENTED_EDGE('',*,*,#1644,.T.);
#3706=ORIENTED_EDGE('',*,*,#3696,.F.);
#3707=ORIENTED_EDGE('',*,*,#1585,.F.);
#3708=PLANE('',#3709);
#3709=AXIS2_PLACEMENT_3D('',#1580,#3264,#859);
#3710=ADVANCED_FACE('',(#3711),#3720,.F.);
#3711=FACE_BOUND('',#3712,.F.);
#3712=EDGE_LOOP('',(#3713,#3714,#1840,#3717,#3718,#3719));
#3713=ORIENTED_EDGE('',*,*,#1773,.F.);
#3714=ORIENTED_EDGE('',*,*,#3715,.T.);
#3715=EDGE_CURVE('',#1769,#1836,#3716,.T.);
#3716=LINE('',#1714,#27);
#3717=ORIENTED_EDGE('',*,*,#1850,.T.);
#3718=ORIENTED_EDGE('',*,*,#3159,.F.);
#3719=ORIENTED_EDGE('',*,*,#1710,.F.);
#3720=PLANE('',#3721);
#3721=AXIS2_PLACEMENT_3D('',#1714,#840,#122);
#3722=ADVANCED_FACE('',(#3723),#3730,.T.);
#3723=FACE_BOUND('',#3724,.F.);
#3724=EDGE_LOOP('',(#3725,#1834,#3728,#3729));
#3725=ORIENTED_EDGE('',*,*,#3726,.T.);
#3726=EDGE_CURVE('',#1764,#1831,#3727,.T.);
#3727=LINE('',#1765,#27);
#3728=ORIENTED_EDGE('',*,*,#3715,.F.);
#3729=ORIENTED_EDGE('',*,*,#1768,.F.);
#3730=CYLINDRICAL_SURFACE('',#3731,0.2);
#3731=AXIS2_PLACEMENT_3D('',#1728,#136,#901);
#3732=ADVANCED_FACE('',(#3733),#3740,.F.);
#3733=FACE_BOUND('',#3734,.F.);
#3734=EDGE_LOOP('',(#3735,#1829,#3738,#3739));
#3735=ORIENTED_EDGE('',*,*,#3736,.T.);
#3736=EDGE_CURVE('',#1758,#1825,#3737,.T.);
#3737=LINE('',#1759,#27);
#3738=ORIENTED_EDGE('',*,*,#3726,.F.);
#3739=ORIENTED_EDGE('',*,*,#1763,.F.);
#3740=PLANE('',#3741);
#3741=AXIS2_PLACEMENT_3D('',#1759,#3206,#895);
#3742=ADVANCED_FACE('',(#3743),#3750,.F.);
#3743=FACE_BOUND('',#3744,.F.);
#3744=EDGE_LOOP('',(#3745,#1823,#3748,#3749));
#3745=ORIENTED_EDGE('',*,*,#3746,.T.);
#3746=EDGE_CURVE('',#1753,#1820,#3747,.T.);
#3747=LINE('',#1754,#27);
#3748=ORIENTED_EDGE('',*,*,#3736,.F.);
#3749=ORIENTED_EDGE('',*,*,#1757,.F.);
#3750=CYLINDRICAL_SURFACE('',#1761,1.E-01);
#3751=ADVANCED_FACE('',(#3752),#3759,.F.);
#3752=FACE_BOUND('',#3753,.F.);
#3753=EDGE_LOOP('',(#3754,#1818,#3757,#3758));
#3754=ORIENTED_EDGE('',*,*,#3755,.T.);
#3755=EDGE_CURVE('',#1748,#1815,#3756,.T.);
#3756=LINE('',#1749,#27);
#3757=ORIENTED_EDGE('',*,*,#3746,.F.);
#3758=ORIENTED_EDGE('',*,*,#1752,.F.);
#3759=PLANE('',#3760);
#3760=AXIS2_PLACEMENT_3D('',#1749,#840,#122);
#3761=ADVANCED_FACE('',(#3762),#3769,.F.);
#3762=FACE_BOUND('',#3763,.F.);
#3763=EDGE_LOOP('',(#3764,#1813,#3767,#3768));
#3764=ORIENTED_EDGE('',*,*,#3765,.T.);
#3765=EDGE_CURVE('',#1743,#1810,#3766,.T.);
#3766=LINE('',#1744,#27);
#3767=ORIENTED_EDGE('',*,*,#3755,.F.);
#3768=ORIENTED_EDGE('',*,*,#1747,.F.);
#3769=PLANE('',#3770);
#3770=AXIS2_PLACEMENT_3D('',#1744,#122,#13);
#3771=ADVANCED_FACE('',(#3772),#3779,.F.);
#3772=FACE_BOUND('',#3773,.F.);
#3773=EDGE_LOOP('',(#3774,#1808,#3777,#3778));
#3774=ORIENTED_EDGE('',*,*,#3775,.T.);
#3775=EDGE_CURVE('',#1736,#1803,#3776,.T.);
#3776=LINE('',#1737,#27);
#3777=ORIENTED_EDGE('',*,*,#3765,.F.);
#3778=ORIENTED_EDGE('',*,*,#1742,.F.);
#3779=PLANE('',#3780);
#3780=AXIS2_PLACEMENT_3D('',#1737,#13,#150);
#3781=ADVANCED_FACE('',(#3782),#3789,.T.);
#3782=FACE_BOUND('',#3783,.F.);
#3783=EDGE_LOOP('',(#3784,#1801,#3787,#3788));
#3784=ORIENTED_EDGE('',*,*,#3785,.T.);
#3785=EDGE_CURVE('',#1731,#1798,#3786,.T.);
#3786=LINE('',#1732,#27);
#3787=ORIENTED_EDGE('',*,*,#3775,.F.);
#3788=ORIENTED_EDGE('',*,*,#1735,.F.);
#3789=CYLINDRICAL_SURFACE('',#3790,0.2);
#3790=AXIS2_PLACEMENT_3D('',#1740,#136,#867);
#3791=ADVANCED_FACE('',(#3792),#3797,.F.);
#3792=FACE_BOUND('',#3793,.F.);
#3793=EDGE_LOOP('',(#3794,#1796,#3795,#3796));
#3794=ORIENTED_EDGE('',*,*,#1789,.T.);
#3795=ORIENTED_EDGE('',*,*,#3785,.F.);
#3796=ORIENTED_EDGE('',*,*,#1730,.F.);
#3797=PLANE('',#3798);
#3798=AXIS2_PLACEMENT_3D('',#1725,#3264,#859);
#3799=ADVANCED_FACE('',(#3800),#3809,.F.);
#3800=FACE_BOUND('',#3801,.F.);
#3801=EDGE_LOOP('',(#3802,#3803,#1985,#3806,#3807,#3808));
#3802=ORIENTED_EDGE('',*,*,#1918,.F.);
#3803=ORIENTED_EDGE('',*,*,#3804,.T.);
#3804=EDGE_CURVE('',#1914,#1981,#3805,.T.);
#3805=LINE('',#1859,#27);
#3806=ORIENTED_EDGE('',*,*,#1995,.T.);
#3807=ORIENTED_EDGE('',*,*,#3162,.F.);
#3808=ORIENTED_EDGE('',*,*,#1855,.F.);
#3809=PLANE('',#3810);
#3810=AXIS2_PLACEMENT_3D('',#1859,#840,#122);
#3811=ADVANCED_FACE('',(#3812),#3819,.T.);
#3812=FACE_BOUND('',#3813,.F.);
#3813=EDGE_LOOP('',(#3814,#1979,#3817,#3818));
#3814=ORIENTED_EDGE('',*,*,#3815,.T.);
#3815=EDGE_CURVE('',#1909,#1976,#3816,.T.);
#3816=LINE('',#1910,#27);
#3817=ORIENTED_EDGE('',*,*,#3804,.F.);
#3818=ORIENTED_EDGE('',*,*,#1913,.F.);
#3819=CYLINDRICAL_SURFACE('',#3820,0.2);
#3820=AXIS2_PLACEMENT_3D('',#1873,#136,#901);
#3821=ADVANCED_FACE('',(#3822),#3829,.F.);
#3822=FACE_BOUND('',#3823,.F.);
#3823=EDGE_LOOP('',(#3824,#1974,#3827,#3828));
#3824=ORIENTED_EDGE('',*,*,#3825,.T.);
#3825=EDGE_CURVE('',#1903,#1970,#3826,.T.);
#3826=LINE('',#1904,#27);
#3827=ORIENTED_EDGE('',*,*,#3815,.F.);
#3828=ORIENTED_EDGE('',*,*,#1908,.F.);
#3829=PLANE('',#3830);
#3830=AXIS2_PLACEMENT_3D('',#1904,#3206,#895);
#3831=ADVANCED_FACE('',(#3832),#3839,.F.);
#3832=FACE_BOUND('',#3833,.F.);
#3833=EDGE_LOOP('',(#3834,#1968,#3837,#3838));
#3834=ORIENTED_EDGE('',*,*,#3835,.T.);
#3835=EDGE_CURVE('',#1898,#1965,#3836,.T.);
#3836=LINE('',#1899,#27);
#3837=ORIENTED_EDGE('',*,*,#3825,.F.);
#3838=ORIENTED_EDGE('',*,*,#1902,.F.);
#3839=CYLINDRICAL_SURFACE('',#1906,1.E-01);
#3840=ADVANCED_FACE('',(#3841),#3848,.F.);
#3841=FACE_BOUND('',#3842,.F.);
#3842=EDGE_LOOP('',(#3843,#1963,#3846,#3847));
#3843=ORIENTED_EDGE('',*,*,#3844,.T.);
#3844=EDGE_CURVE('',#1893,#1960,#3845,.T.);
#3845=LINE('',#1894,#27);
#3846=ORIENTED_EDGE('',*,*,#3835,.F.);
#3847=ORIENTED_EDGE('',*,*,#1897,.F.);
#3848=PLANE('',#3849);
#3849=AXIS2_PLACEMENT_3D('',#1894,#840,#122);
#3850=ADVANCED_FACE('',(#3851),#3858,.F.);
#3851=FACE_BOUND('',#3852,.F.);
#3852=EDGE_LOOP('',(#3853,#1958,#3856,#3857));
#3853=ORIENTED_EDGE('',*,*,#3854,.T.);
#3854=EDGE_CURVE('',#1888,#1955,#3855,.T.);
#3855=LINE('',#1889,#27);
#3856=ORIENTED_EDGE('',*,*,#3844,.F.);
#3857=ORIENTED_EDGE('',*,*,#1892,.F.);
#3858=PLANE('',#3859);
#3859=AXIS2_PLACEMENT_3D('',#1889,#122,#13);
#3860=ADVANCED_FACE('',(#3861),#3868,.F.);
#3861=FACE_BOUND('',#3862,.F.);
#3862=EDGE_LOOP('',(#3863,#1953,#3866,#3867));
#3863=ORIENTED_EDGE('',*,*,#3864,.T.);
#3864=EDGE_CURVE('',#1881,#1948,#3865,.T.);
#3865=LINE('',#1882,#27);
#3866=ORIENTED_EDGE('',*,*,#3854,.F.);
#3867=ORIENTED_EDGE('',*,*,#1887,.F.);
#3868=PLANE('',#3869);
#3869=AXIS2_PLACEMENT_3D('',#1882,#13,#150);
#3870=ADVANCED_FACE('',(#3871),#3878,.T.);
#3871=FACE_BOUND('',#3872,.F.);
#3872=EDGE_LOOP('',(#3873,#1946,#3876,#3877));
#3873=ORIENTED_EDGE('',*,*,#3874,.T.);
#3874=EDGE_CURVE('',#1876,#1943,#3875,.T.);
#3875=LINE('',#1877,#27);
#3876=ORIENTED_EDGE('',*,*,#3864,.F.);
#3877=ORIENTED_EDGE('',*,*,#1880,.F.);
#3878=CYLINDRICAL_SURFACE('',#3879,0.2);
#3879=AXIS2_PLACEMENT_3D('',#1885,#136,#867);
#3880=ADVANCED_FACE('',(#3881),#3886,.F.);
#3881=FACE_BOUND('',#3882,.F.);
#3882=EDGE_LOOP('',(#3883,#1941,#3884,#3885));
#3883=ORIENTED_EDGE('',*,*,#1934,.T.);
#3884=ORIENTED_EDGE('',*,*,#3874,.F.);
#3885=ORIENTED_EDGE('',*,*,#1875,.F.);
#3886=PLANE('',#3887);
#3887=AXIS2_PLACEMENT_3D('',#1870,#3264,#859);
#3888=ADVANCED_FACE('',(#3889),#3901,.F.);
#3889=FACE_BOUND('',#3890,.F.);
#3890=EDGE_LOOP('',(#3891,#3892,#3897,#3900));
#3891=ORIENTED_EDGE('',*,*,#2017,.T.);
#3892=ORIENTED_EDGE('',*,*,#3893,.T.);
#3893=EDGE_CURVE('',#2013,#3894,#3896,.T.);
#3894=VERTEX_POINT('',#3895);
#3895=CARTESIAN_POINT('',(3.286838234914,3.218419117457,1.5));
#3896=B_SPLINE_CURVE_WITH_KNOTS('',1,(#2014,#3895),.UNSPECIFIED.,.F.,.F.,(2,2),(0.,1.),.PIECEWISE_BEZIER_KNOTS.);
#3897=ORIENTED_EDGE('',*,*,#3898,.F.);
#3898=EDGE_CURVE('',#3166,#3894,#3899,.T.);
#3899=LINE('',#3167,#114);
#3900=ORIENTED_EDGE('',*,*,#3165,.F.);
#3901=B_SPLINE_SURFACE_WITH_KNOTS('',1,1,((#2019,#3167),(#2014,#3895)),.UNSPECIFIED.,.F.,.F.,.F.,(2,2),(2,2),(0.,0.194454364826),(0.,1.),.PIECEWISE_BEZIER_KNOTS.);
#3902=ADVANCED_FACE('',(#3903),#3979,.F.);
#3903=FACE_BOUND('',#3904,.F.);
#3904=EDGE_LOOP('',(#3905,#3906,#3910,#3914,#3918,#3922,#3926,#3930,#3934,#3938,#3942,#3946,#3950,#3954,#3958,#3962,#3966,#3970,#3975,#3978));
#3905=ORIENTED_EDGE('',*,*,#2012,.T.);
#3906=ORIENTED_EDGE('',*,*,#3907,.T.);
#3907=EDGE_CURVE('',#2007,#3908,#2015,.T.);
#3908=VERTEX_POINT('',#3909);
#3909=CARTESIAN_POINT('',(3.425,2.625,0.85));
#3910=ORIENTED_EDGE('',*,*,#3911,.T.);
#3911=EDGE_CURVE('',#3908,#3912,#2015,.T.);
#3912=VERTEX_POINT('',#3913);
#3913=CARTESIAN_POINT('',(3.425,2.175,0.85));
#3914=ORIENTED_EDGE('',*,*,#3915,.T.);
#3915=EDGE_CURVE('',#3912,#3916,#2015,.T.);
#3916=VERTEX_POINT('',#3917);
#3917=CARTESIAN_POINT('',(3.425,1.825,0.85));
#3918=ORIENTED_EDGE('',*,*,#3919,.T.);
#3919=EDGE_CURVE('',#3916,#3920,#2015,.T.);
#3920=VERTEX_POINT('',#3921);
#3921=CARTESIAN_POINT('',(3.425,1.375,0.85));
#3922=ORIENTED_EDGE('',*,*,#3923,.T.);
#3923=EDGE_CURVE('',#3920,#3924,#2015,.T.);
#3924=VERTEX_POINT('',#3925);
#3925=CARTESIAN_POINT('',(3.425,1.025,0.85));
#3926=ORIENTED_EDGE('',*,*,#3927,.T.);
#3927=EDGE_CURVE('',#3924,#3928,#2015,.T.);
#3928=VERTEX_POINT('',#3929);
#3929=CARTESIAN_POINT('',(3.425,0.575,0.85));
#3930=ORIENTED_EDGE('',*,*,#3931,.T.);
#3931=EDGE_CURVE('',#3928,#3932,#2015,.T.);
#3932=VERTEX_POINT('',#3933);
#3933=CARTESIAN_POINT('',(3.425,0.225,0.85));
#3934=ORIENTED_EDGE('',*,*,#3935,.T.);
#3935=EDGE_CURVE('',#3932,#3936,#2015,.T.);
#3936=VERTEX_POINT('',#3937);
#3937=CARTESIAN_POINT('',(3.425,-0.225,0.85));
#3938=ORIENTED_EDGE('',*,*,#3939,.T.);
#3939=EDGE_CURVE('',#3936,#3940,#2015,.T.);
#3940=VERTEX_POINT('',#3941);
#3941=CARTESIAN_POINT('',(3.425,-0.575,0.85));
#3942=ORIENTED_EDGE('',*,*,#3943,.T.);
#3943=EDGE_CURVE('',#3940,#3944,#2015,.T.);
#3944=VERTEX_POINT('',#3945);
#3945=CARTESIAN_POINT('',(3.425,-1.025,0.85));
#3946=ORIENTED_EDGE('',*,*,#3947,.T.);
#3947=EDGE_CURVE('',#3944,#3948,#2015,.T.);
#3948=VERTEX_POINT('',#3949);
#3949=CARTESIAN_POINT('',(3.425,-1.375,0.85));
#3950=ORIENTED_EDGE('',*,*,#3951,.T.);
#3951=EDGE_CURVE('',#3948,#3952,#2015,.T.);
#3952=VERTEX_POINT('',#3953);
#3953=CARTESIAN_POINT('',(3.425,-1.825,0.85));
#3954=ORIENTED_EDGE('',*,*,#3955,.T.);
#3955=EDGE_CURVE('',#3952,#3956,#2015,.T.);
#3956=VERTEX_POINT('',#3957);
#3957=CARTESIAN_POINT('',(3.425,-2.175,0.85));
#3958=ORIENTED_EDGE('',*,*,#3959,.T.);
#3959=EDGE_CURVE('',#3956,#3960,#2015,.T.);
#3960=VERTEX_POINT('',#3961);
#3961=CARTESIAN_POINT('',(3.425,-2.625,0.85));
#3962=ORIENTED_EDGE('',*,*,#3963,.T.);
#3963=EDGE_CURVE('',#3960,#3964,#2015,.T.);
#3964=VERTEX_POINT('',#3965);
#3965=CARTESIAN_POINT('',(3.425,-2.975,0.85));
#3966=ORIENTED_EDGE('',*,*,#3967,.T.);
#3967=EDGE_CURVE('',#3964,#3968,#2015,.T.);
#3968=VERTEX_POINT('',#3969);
#3969=CARTESIAN_POINT('',(3.425,-3.2875,0.85));
#3970=ORIENTED_EDGE('',*,*,#3971,.T.);
#3971=EDGE_CURVE('',#3968,#3972,#3974,.T.);
#3972=VERTEX_POINT('',#3973);
#3973=CARTESIAN_POINT('',(3.286838234914,-3.218419117457,1.5));
#3974=B_SPLINE_CURVE_WITH_KNOTS('',1,(#3969,#3973),.UNSPECIFIED.,.F.,.F.,(2,2),(0.,1.),.PIECEWISE_BEZIER_KNOTS.);
#3975=ORIENTED_EDGE('',*,*,#3976,.F.);
#3976=EDGE_CURVE('',#3894,#3972,#3977,.T.);
#3977=LINE('',#3895,#121);
#3978=ORIENTED_EDGE('',*,*,#3893,.F.);
#3979=B_SPLINE_SURFACE_WITH_KNOTS('',1,1,((#2014,#3895),(#3969,#3973)),.UNSPECIFIED.,.F.,.F.,.F.,(2,2),(2,2),(0.,6.575),(0.,1.),.PIECEWISE_BEZIER_KNOTS.);
#3980=ADVANCED_FACE('',(#3981),#3998,.F.);
#3981=FACE_BOUND('',#3982,.F.);
#3982=EDGE_LOOP('',(#3983,#3986,#3991,#3994,#3996,#3997));
#3983=ORIENTED_EDGE('',*,*,#3984,.F.);
#3984=EDGE_CURVE('',#3985,#2002,#2009,.T.);
#3985=VERTEX_POINT('',#2010);
#3986=ORIENTED_EDGE('',*,*,#3987,.T.);
#3987=EDGE_CURVE('',#3985,#3988,#3990,.T.);
#3988=VERTEX_POINT('',#3989);
#3989=CARTESIAN_POINT('',(3.7,2.625,0.85));
#3990=LINE('',#2010,#121);
#3991=ORIENTED_EDGE('',*,*,#3992,.T.);
#3992=EDGE_CURVE('',#3988,#2383,#3993,.T.);
#3993=LINE('',#3989,#135);
#3994=ORIENTED_EDGE('',*,*,#3995,.T.);
#3995=EDGE_CURVE('',#2383,#3908,#3993,.T.);
#3996=ORIENTED_EDGE('',*,*,#3907,.F.);
#3997=ORIENTED_EDGE('',*,*,#2006,.F.);
#3998=PLANE('',#3999);
#3999=AXIS2_PLACEMENT_3D('',#2010,#840,#136);
#4000=ADVANCED_FACE('',(#4001),#837,.F.);
#4001=FACE_BOUND('',#4002,.F.);
#4002=EDGE_LOOP('',(#4003,#4004,#4008,#4009,#4014,#4020,#4024,#4025));
#4003=ORIENTED_EDGE('',*,*,#2038,.T.);
#4004=ORIENTED_EDGE('',*,*,#4005,.T.);
#4005=EDGE_CURVE('',#2033,#3050,#4006,.T.);
#4006=LINE('',#4007,#27);
#4007=CARTESIAN_POINT('',(-3.7,-2.975,0.85));
#4008=ORIENTED_EDGE('',*,*,#3048,.F.);
#4009=ORIENTED_EDGE('',*,*,#4010,.F.);
#4010=EDGE_CURVE('',#4011,#3049,#4013,.T.);
#4011=VERTEX_POINT('',#4012);
#4012=CARTESIAN_POINT('',(-3.2875,-3.425,0.85));
#4013=LINE('',#4012,#142);
#4014=ORIENTED_EDGE('',*,*,#4015,.F.);
#4015=EDGE_CURVE('',#4016,#4011,#4018,.T.);
#4016=VERTEX_POINT('',#4017);
#4017=CARTESIAN_POINT('',(-2.975,-3.425,0.85));
#4018=LINE('',#4019,#135);
#4019=CARTESIAN_POINT('',(3.2875,-3.425,0.85));
#4020=ORIENTED_EDGE('',*,*,#4021,.F.);
#4021=EDGE_CURVE('',#3013,#4016,#4022,.T.);
#4022=LINE('',#4023,#149);
#4023=CARTESIAN_POINT('',(-2.975,-3.7,0.85));
#4024=ORIENTED_EDGE('',*,*,#3020,.T.);
#4025=ORIENTED_EDGE('',*,*,#2674,.T.);
#4026=ADVANCED_FACE('',(#4027),#4089,.F.);
#4027=FACE_BOUND('',#4028,.F.);
#4028=EDGE_LOOP('',(#4029,#4030,#4031,#4038,#4045,#4053,#4058,#4063,#4068,#4074,#4081,#4087));
#4029=ORIENTED_EDGE('',*,*,#2032,.F.);
#4030=ORIENTED_EDGE('',*,*,#2045,.T.);
#4031=ORIENTED_EDGE('',*,*,#4032,.T.);
#4032=EDGE_CURVE('',#2046,#4033,#4035,.T.);
#4033=VERTEX_POINT('',#4034);
#4034=CARTESIAN_POINT('',(-3.798480775301,-2.975,0.667364817767));
#4035=CIRCLE('',#4036,0.1);
#4036=AXIS2_PLACEMENT_3D('',#4037,#122,#13);
#4037=CARTESIAN_POINT('',(-3.7,-2.975,0.65));
#4038=ORIENTED_EDGE('',*,*,#4039,.T.);
#4039=EDGE_CURVE('',#4033,#4040,#4042,.T.);
#4040=VERTEX_POINT('',#4041);
#4041=CARTESIAN_POINT('',(-3.882385590716,-2.975,0.165270364467));
#4042=LINE('',#4034,#4043);
#4043=VECTOR('',#4044,1.);
#4044=DIRECTION('',(-0.16482406317,1.885979144002E-18,-0.986322983713));
#4045=ORIENTED_EDGE('',*,*,#4046,.T.);
#4046=EDGE_CURVE('',#4040,#4047,#4049,.T.);
#4047=VERTEX_POINT('',#4048);
#4048=CARTESIAN_POINT('',(-4.079347141319,-2.975,1.387778780781E-16));
#4049=CIRCLE('',#4050,0.2);
#4050=AXIS2_PLACEMENT_3D('',#4051,#150,#4052);
#4051=CARTESIAN_POINT('',(-4.079347141319,-2.975,0.2));
#4052=DIRECTION('',(0.984807753012,-1.126854202784E-17,-0.173648177667));
#4053=ORIENTED_EDGE('',*,*,#4054,.T.);
#4054=EDGE_CURVE('',#4047,#4055,#4057,.T.);
#4055=VERTEX_POINT('',#4056);
#4056=CARTESIAN_POINT('',(-4.5,-2.975,1.387778780781E-16));
#4057=LINE('',#4048,#135);
#4058=ORIENTED_EDGE('',*,*,#4059,.T.);
#4059=EDGE_CURVE('',#4055,#4060,#4062,.T.);
#4060=VERTEX_POINT('',#4061);
#4061=CARTESIAN_POINT('',(-4.5,-2.975,0.1));
#4062=LINE('',#4056,#187);
#4063=ORIENTED_EDGE('',*,*,#4064,.T.);
#4064=EDGE_CURVE('',#4060,#4065,#4067,.T.);
#4065=VERTEX_POINT('',#4066);
#4066=CARTESIAN_POINT('',(-4.079347141319,-2.975,0.1));
#4067=LINE('',#4061,#27);
#4068=ORIENTED_EDGE('',*,*,#4069,.T.);
#4069=EDGE_CURVE('',#4065,#4070,#4072,.T.);
#4070=VERTEX_POINT('',#4071);
#4071=CARTESIAN_POINT('',(-3.980866366018,-2.975,0.182635182233));
#4072=CIRCLE('',#4073,1.E-01);
#4073=AXIS2_PLACEMENT_3D('',#4051,#122,#840);
#4074=ORIENTED_EDGE('',*,*,#4075,.T.);
#4075=EDGE_CURVE('',#4070,#4076,#4078,.T.);
#4076=VERTEX_POINT('',#4077);
#4077=CARTESIAN_POINT('',(-3.896961550602,-2.975,0.684729635533));
#4078=LINE('',#4071,#4079);
#4079=VECTOR('',#4080,1.);
#4080=DIRECTION('',(0.16482406317,-1.885979144002E-18,0.986322983713));
#4081=ORIENTED_EDGE('',*,*,#4082,.T.);
#4082=EDGE_CURVE('',#4076,#4083,#4084,.T.);
#4083=VERTEX_POINT('',#4007);
#4084=CIRCLE('',#4085,0.2);
#4085=AXIS2_PLACEMENT_3D('',#4037,#150,#4086);
#4086=DIRECTION('',(-0.984807753012,1.126854202784E-17,0.173648177667));
#4087=ORIENTED_EDGE('',*,*,#4088,.T.);
#4088=EDGE_CURVE('',#4083,#2033,#4006,.T.);
#4089=PLANE('',#4090);
#4090=AXIS2_PLACEMENT_3D('',#4091,#150,#13);
#4091=CARTESIAN_POINT('',(-3.914276639233,-2.975,0.410238158856));
#4092=ADVANCED_FACE('',(#4093),#4107,.F.);
#4093=FACE_BOUND('',#4094,.F.);
#4094=EDGE_LOOP('',(#4095,#4096,#4103,#4106));
#4095=ORIENTED_EDGE('',*,*,#2058,.T.);
#4096=ORIENTED_EDGE('',*,*,#4097,.T.);
#4097=EDGE_CURVE('',#2053,#4098,#4100,.T.);
#4098=VERTEX_POINT('',#4099);
#4099=CARTESIAN_POINT('',(-3.798480775301,-2.625,0.667364817767));
#4100=CIRCLE('',#4101,0.1);
#4101=AXIS2_PLACEMENT_3D('',#4102,#122,#13);
#4102=CARTESIAN_POINT('',(-3.7,-2.625,0.65));
#4103=ORIENTED_EDGE('',*,*,#4104,.F.);
#4104=EDGE_CURVE('',#4033,#4098,#4105,.T.);
#4105=LINE('',#4034,#149);
#4106=ORIENTED_EDGE('',*,*,#4032,.F.);
#4107=CYLINDRICAL_SURFACE('',#4036,0.1);
#4108=ADVANCED_FACE('',(#4109),#4158,.T.);
#4109=FACE_BOUND('',#4110,.T.);
#4110=EDGE_LOOP('',(#2065,#2051,#4096,#4111,#4116,#4123,#4128,#4133,#4138,#4144,#4149,#4155));
#4111=ORIENTED_EDGE('',*,*,#4112,.T.);
#4112=EDGE_CURVE('',#4098,#4113,#4115,.T.);
#4113=VERTEX_POINT('',#4114);
#4114=CARTESIAN_POINT('',(-3.882385590716,-2.625,0.165270364467));
#4115=LINE('',#4099,#4043);
#4116=ORIENTED_EDGE('',*,*,#4117,.T.);
#4117=EDGE_CURVE('',#4113,#4118,#4120,.T.);
#4118=VERTEX_POINT('',#4119);
#4119=CARTESIAN_POINT('',(-4.079347141319,-2.625,1.387778780781E-16));
#4120=CIRCLE('',#4121,0.2);
#4121=AXIS2_PLACEMENT_3D('',#4122,#150,#4052);
#4122=CARTESIAN_POINT('',(-4.079347141319,-2.625,0.2));
#4123=ORIENTED_EDGE('',*,*,#4124,.T.);
#4124=EDGE_CURVE('',#4118,#4125,#4127,.T.);
#4125=VERTEX_POINT('',#4126);
#4126=CARTESIAN_POINT('',(-4.5,-2.625,1.387778780781E-16));
#4127=LINE('',#4119,#135);
#4128=ORIENTED_EDGE('',*,*,#4129,.T.);
#4129=EDGE_CURVE('',#4125,#4130,#4132,.T.);
#4130=VERTEX_POINT('',#4131);
#4131=CARTESIAN_POINT('',(-4.5,-2.625,0.1));
#4132=LINE('',#4126,#187);
#4133=ORIENTED_EDGE('',*,*,#4134,.T.);
#4134=EDGE_CURVE('',#4130,#4135,#4137,.T.);
#4135=VERTEX_POINT('',#4136);
#4136=CARTESIAN_POINT('',(-4.079347141319,-2.625,0.1));
#4137=LINE('',#4131,#27);
#4138=ORIENTED_EDGE('',*,*,#4139,.T.);
#4139=EDGE_CURVE('',#4135,#4140,#4142,.T.);
#4140=VERTEX_POINT('',#4141);
#4141=CARTESIAN_POINT('',(-3.980866366018,-2.625,0.182635182233));
#4142=CIRCLE('',#4143,1.E-01);
#4143=AXIS2_PLACEMENT_3D('',#4122,#122,#840);
#4144=ORIENTED_EDGE('',*,*,#4145,.T.);
#4145=EDGE_CURVE('',#4140,#4146,#4148,.T.);
#4146=VERTEX_POINT('',#4147);
#4147=CARTESIAN_POINT('',(-3.896961550602,-2.625,0.684729635533));
#4148=LINE('',#4141,#4079);
#4149=ORIENTED_EDGE('',*,*,#4150,.T.);
#4150=EDGE_CURVE('',#4146,#4151,#4153,.T.);
#4151=VERTEX_POINT('',#4152);
#4152=CARTESIAN_POINT('',(-3.7,-2.625,0.85));
#4153=CIRCLE('',#4154,0.2);
#4154=AXIS2_PLACEMENT_3D('',#4102,#150,#4086);
#4155=ORIENTED_EDGE('',*,*,#4156,.T.);
#4156=EDGE_CURVE('',#4151,#2067,#4157,.T.);
#4157=LINE('',#4152,#27);
#4158=PLANE('',#4159);
#4159=AXIS2_PLACEMENT_3D('',#4160,#150,#13);
#4160=CARTESIAN_POINT('',(-3.914276639233,-2.625,0.410238158856));
#4161=ADVANCED_FACE('',(#4162),#837,.F.);
#4162=FACE_BOUND('',#4163,.F.);
#4163=EDGE_LOOP('',(#4164,#4165,#4169,#4170));
#4164=ORIENTED_EDGE('',*,*,#2079,.T.);
#4165=ORIENTED_EDGE('',*,*,#4166,.T.);
#4166=EDGE_CURVE('',#2074,#3058,#4167,.T.);
#4167=LINE('',#4168,#27);
#4168=CARTESIAN_POINT('',(-3.7,-2.175,0.85));
#4169=ORIENTED_EDGE('',*,*,#3057,.F.);
#4170=ORIENTED_EDGE('',*,*,#4171,.F.);
#4171=EDGE_CURVE('',#2067,#3054,#4157,.T.);
#4172=ADVANCED_FACE('',(#4173),#4229,.F.);
#4173=FACE_BOUND('',#4174,.F.);
#4174=EDGE_LOOP('',(#4175,#4176,#4177,#4184,#4189,#4196,#4201,#4206,#4211,#4217,#4222,#4227));
#4175=ORIENTED_EDGE('',*,*,#2073,.F.);
#4176=ORIENTED_EDGE('',*,*,#2084,.T.);
#4177=ORIENTED_EDGE('',*,*,#4178,.T.);
#4178=EDGE_CURVE('',#2085,#4179,#4181,.T.);
#4179=VERTEX_POINT('',#4180);
#4180=CARTESIAN_POINT('',(-3.798480775301,-2.175,0.667364817767));
#4181=CIRCLE('',#4182,0.1);
#4182=AXIS2_PLACEMENT_3D('',#4183,#122,#13);
#4183=CARTESIAN_POINT('',(-3.7,-2.175,0.65));
#4184=ORIENTED_EDGE('',*,*,#4185,.T.);
#4185=EDGE_CURVE('',#4179,#4186,#4188,.T.);
#4186=VERTEX_POINT('',#4187);
#4187=CARTESIAN_POINT('',(-3.882385590716,-2.175,0.165270364467));
#4188=LINE('',#4180,#4043);
#4189=ORIENTED_EDGE('',*,*,#4190,.T.);
#4190=EDGE_CURVE('',#4186,#4191,#4193,.T.);
#4191=VERTEX_POINT('',#4192);
#4192=CARTESIAN_POINT('',(-4.079347141319,-2.175,1.387778780781E-16));
#4193=CIRCLE('',#4194,0.2);
#4194=AXIS2_PLACEMENT_3D('',#4195,#150,#4052);
#4195=CARTESIAN_POINT('',(-4.079347141319,-2.175,0.2));
#4196=ORIENTED_EDGE('',*,*,#4197,.T.);
#4197=EDGE_CURVE('',#4191,#4198,#4200,.T.);
#4198=VERTEX_POINT('',#4199);
#4199=CARTESIAN_POINT('',(-4.5,-2.175,1.387778780781E-16));
#4200=LINE('',#4192,#135);
#4201=ORIENTED_EDGE('',*,*,#4202,.T.);
#4202=EDGE_CURVE('',#4198,#4203,#4205,.T.);
#4203=VERTEX_POINT('',#4204);
#4204=CARTESIAN_POINT('',(-4.5,-2.175,0.1));
#4205=LINE('',#4199,#187);
#4206=ORIENTED_EDGE('',*,*,#4207,.T.);
#4207=EDGE_CURVE('',#4203,#4208,#4210,.T.);
#4208=VERTEX_POINT('',#4209);
#4209=CARTESIAN_POINT('',(-4.079347141319,-2.175,0.1));
#4210=LINE('',#4204,#27);
#4211=ORIENTED_EDGE('',*,*,#4212,.T.);
#4212=EDGE_CURVE('',#4208,#4213,#4215,.T.);
#4213=VERTEX_POINT('',#4214);
#4214=CARTESIAN_POINT('',(-3.980866366018,-2.175,0.182635182233));
#4215=CIRCLE('',#4216,1.E-01);
#4216=AXIS2_PLACEMENT_3D('',#4195,#122,#840);
#4217=ORIENTED_EDGE('',*,*,#4218,.T.);
#4218=EDGE_CURVE('',#4213,#4219,#4221,.T.);
#4219=VERTEX_POINT('',#4220);
#4220=CARTESIAN_POINT('',(-3.896961550602,-2.175,0.684729635533));
#4221=LINE('',#4214,#4079);
#4222=ORIENTED_EDGE('',*,*,#4223,.T.);
#4223=EDGE_CURVE('',#4219,#4224,#4225,.T.);
#4224=VERTEX_POINT('',#4168);
#4225=CIRCLE('',#4226,0.2);
#4226=AXIS2_PLACEMENT_3D('',#4183,#150,#4086);
#4227=ORIENTED_EDGE('',*,*,#4228,.T.);
#4228=EDGE_CURVE('',#4224,#2074,#4167,.T.);
#4229=PLANE('',#4230);
#4230=AXIS2_PLACEMENT_3D('',#4231,#150,#13);
#4231=CARTESIAN_POINT('',(-3.914276639233,-2.175,0.410238158856));
#4232=ADVANCED_FACE('',(#4233),#4247,.F.);
#4233=FACE_BOUND('',#4234,.F.);
#4234=EDGE_LOOP('',(#4235,#4236,#4243,#4246));
#4235=ORIENTED_EDGE('',*,*,#2097,.T.);
#4236=ORIENTED_EDGE('',*,*,#4237,.T.);
#4237=EDGE_CURVE('',#2092,#4238,#4240,.T.);
#4238=VERTEX_POINT('',#4239);
#4239=CARTESIAN_POINT('',(-3.798480775301,-1.825,0.667364817767));
#4240=CIRCLE('',#4241,0.1);
#4241=AXIS2_PLACEMENT_3D('',#4242,#122,#13);
#4242=CARTESIAN_POINT('',(-3.7,-1.825,0.65));
#4243=ORIENTED_EDGE('',*,*,#4244,.F.);
#4244=EDGE_CURVE('',#4179,#4238,#4245,.T.);
#4245=LINE('',#4180,#149);
#4246=ORIENTED_EDGE('',*,*,#4178,.F.);
#4247=CYLINDRICAL_SURFACE('',#4182,0.1);
#4248=ADVANCED_FACE('',(#4249),#4298,.T.);
#4249=FACE_BOUND('',#4250,.T.);
#4250=EDGE_LOOP('',(#2104,#2090,#4236,#4251,#4256,#4263,#4268,#4273,#4278,#4284,#4289,#4295));
#4251=ORIENTED_EDGE('',*,*,#4252,.T.);
#4252=EDGE_CURVE('',#4238,#4253,#4255,.T.);
#4253=VERTEX_POINT('',#4254);
#4254=CARTESIAN_POINT('',(-3.882385590716,-1.825,0.165270364467));
#4255=LINE('',#4239,#4043);
#4256=ORIENTED_EDGE('',*,*,#4257,.T.);
#4257=EDGE_CURVE('',#4253,#4258,#4260,.T.);
#4258=VERTEX_POINT('',#4259);
#4259=CARTESIAN_POINT('',(-4.079347141319,-1.825,1.387778780781E-16));
#4260=CIRCLE('',#4261,0.2);
#4261=AXIS2_PLACEMENT_3D('',#4262,#150,#4052);
#4262=CARTESIAN_POINT('',(-4.079347141319,-1.825,0.2));
#4263=ORIENTED_EDGE('',*,*,#4264,.T.);
#4264=EDGE_CURVE('',#4258,#4265,#4267,.T.);
#4265=VERTEX_POINT('',#4266);
#4266=CARTESIAN_POINT('',(-4.5,-1.825,1.387778780781E-16));
#4267=LINE('',#4259,#135);
#4268=ORIENTED_EDGE('',*,*,#4269,.T.);
#4269=EDGE_CURVE('',#4265,#4270,#4272,.T.);
#4270=VERTEX_POINT('',#4271);
#4271=CARTESIAN_POINT('',(-4.5,-1.825,0.1));
#4272=LINE('',#4266,#187);
#4273=ORIENTED_EDGE('',*,*,#4274,.T.);
#4274=EDGE_CURVE('',#4270,#4275,#4277,.T.);
#4275=VERTEX_POINT('',#4276);
#4276=CARTESIAN_POINT('',(-4.079347141319,-1.825,0.1));
#4277=LINE('',#4271,#27);
#4278=ORIENTED_EDGE('',*,*,#4279,.T.);
#4279=EDGE_CURVE('',#4275,#4280,#4282,.T.);
#4280=VERTEX_POINT('',#4281);
#4281=CARTESIAN_POINT('',(-3.980866366018,-1.825,0.182635182233));
#4282=CIRCLE('',#4283,1.E-01);
#4283=AXIS2_PLACEMENT_3D('',#4262,#122,#840);
#4284=ORIENTED_EDGE('',*,*,#4285,.T.);
#4285=EDGE_CURVE('',#4280,#4286,#4288,.T.);
#4286=VERTEX_POINT('',#4287);
#4287=CARTESIAN_POINT('',(-3.896961550602,-1.825,0.684729635533));
#4288=LINE('',#4281,#4079);
#4289=ORIENTED_EDGE('',*,*,#4290,.T.);
#4290=EDGE_CURVE('',#4286,#4291,#4293,.T.);
#4291=VERTEX_POINT('',#4292);
#4292=CARTESIAN_POINT('',(-3.7,-1.825,0.85));
#4293=CIRCLE('',#4294,0.2);
#4294=AXIS2_PLACEMENT_3D('',#4242,#150,#4086);
#4295=ORIENTED_EDGE('',*,*,#4296,.T.);
#4296=EDGE_CURVE('',#4291,#2106,#4297,.T.);
#4297=LINE('',#4292,#27);
#4298=PLANE('',#4299);
#4299=AXIS2_PLACEMENT_3D('',#4300,#150,#13);
#4300=CARTESIAN_POINT('',(-3.914276639233,-1.825,0.410238158856));
#4301=ADVANCED_FACE('',(#4302),#837,.F.);
#4302=FACE_BOUND('',#4303,.F.);
#4303=EDGE_LOOP('',(#4304,#4305,#4309,#4310));
#4304=ORIENTED_EDGE('',*,*,#2118,.T.);
#4305=ORIENTED_EDGE('',*,*,#4306,.T.);
#4306=EDGE_CURVE('',#2113,#3066,#4307,.T.);
#4307=LINE('',#4308,#27);
#4308=CARTESIAN_POINT('',(-3.7,-1.375,0.85));
#4309=ORIENTED_EDGE('',*,*,#3065,.F.);
#4310=ORIENTED_EDGE('',*,*,#4311,.F.);
#4311=EDGE_CURVE('',#2106,#3062,#4297,.T.);
#4312=ADVANCED_FACE('',(#4313),#4369,.F.);
#4313=FACE_BOUND('',#4314,.F.);
#4314=EDGE_LOOP('',(#4315,#4316,#4317,#4324,#4329,#4336,#4341,#4346,#4351,#4357,#4362,#4367));
#4315=ORIENTED_EDGE('',*,*,#2112,.F.);
#4316=ORIENTED_EDGE('',*,*,#2123,.T.);
#4317=ORIENTED_EDGE('',*,*,#4318,.T.);
#4318=EDGE_CURVE('',#2124,#4319,#4321,.T.);
#4319=VERTEX_POINT('',#4320);
#4320=CARTESIAN_POINT('',(-3.798480775301,-1.375,0.667364817767));
#4321=CIRCLE('',#4322,0.1);
#4322=AXIS2_PLACEMENT_3D('',#4323,#122,#13);
#4323=CARTESIAN_POINT('',(-3.7,-1.375,0.65));
#4324=ORIENTED_EDGE('',*,*,#4325,.T.);
#4325=EDGE_CURVE('',#4319,#4326,#4328,.T.);
#4326=VERTEX_POINT('',#4327);
#4327=CARTESIAN_POINT('',(-3.882385590716,-1.375,0.165270364467));
#4328=LINE('',#4320,#4043);
#4329=ORIENTED_EDGE('',*,*,#4330,.T.);
#4330=EDGE_CURVE('',#4326,#4331,#4333,.T.);
#4331=VERTEX_POINT('',#4332);
#4332=CARTESIAN_POINT('',(-4.079347141319,-1.375,1.387778780781E-16));
#4333=CIRCLE('',#4334,0.2);
#4334=AXIS2_PLACEMENT_3D('',#4335,#150,#4052);
#4335=CARTESIAN_POINT('',(-4.079347141319,-1.375,0.2));
#4336=ORIENTED_EDGE('',*,*,#4337,.T.);
#4337=EDGE_CURVE('',#4331,#4338,#4340,.T.);
#4338=VERTEX_POINT('',#4339);
#4339=CARTESIAN_POINT('',(-4.5,-1.375,1.387778780781E-16));
#4340=LINE('',#4332,#135);
#4341=ORIENTED_EDGE('',*,*,#4342,.T.);
#4342=EDGE_CURVE('',#4338,#4343,#4345,.T.);
#4343=VERTEX_POINT('',#4344);
#4344=CARTESIAN_POINT('',(-4.5,-1.375,0.1));
#4345=LINE('',#4339,#187);
#4346=ORIENTED_EDGE('',*,*,#4347,.T.);
#4347=EDGE_CURVE('',#4343,#4348,#4350,.T.);
#4348=VERTEX_POINT('',#4349);
#4349=CARTESIAN_POINT('',(-4.079347141319,-1.375,0.1));
#4350=LINE('',#4344,#27);
#4351=ORIENTED_EDGE('',*,*,#4352,.T.);
#4352=EDGE_CURVE('',#4348,#4353,#4355,.T.);
#4353=VERTEX_POINT('',#4354);
#4354=CARTESIAN_POINT('',(-3.980866366018,-1.375,0.182635182233));
#4355=CIRCLE('',#4356,1.E-01);
#4356=AXIS2_PLACEMENT_3D('',#4335,#122,#840);
#4357=ORIENTED_EDGE('',*,*,#4358,.T.);
#4358=EDGE_CURVE('',#4353,#4359,#4361,.T.);
#4359=VERTEX_POINT('',#4360);
#4360=CARTESIAN_POINT('',(-3.896961550602,-1.375,0.684729635533));
#4361=LINE('',#4354,#4079);
#4362=ORIENTED_EDGE('',*,*,#4363,.T.);
#4363=EDGE_CURVE('',#4359,#4364,#4365,.T.);
#4364=VERTEX_POINT('',#4308);
#4365=CIRCLE('',#4366,0.2);
#4366=AXIS2_PLACEMENT_3D('',#4323,#150,#4086);
#4367=ORIENTED_EDGE('',*,*,#4368,.T.);
#4368=EDGE_CURVE('',#4364,#2113,#4307,.T.);
#4369=PLANE('',#4370);
#4370=AXIS2_PLACEMENT_3D('',#4371,#150,#13);
#4371=CARTESIAN_POINT('',(-3.914276639233,-1.375,0.410238158856));
#4372=ADVANCED_FACE('',(#4373),#4387,.F.);
#4373=FACE_BOUND('',#4374,.F.);
#4374=EDGE_LOOP('',(#4375,#4376,#4383,#4386));
#4375=ORIENTED_EDGE('',*,*,#2136,.T.);
#4376=ORIENTED_EDGE('',*,*,#4377,.T.);
#4377=EDGE_CURVE('',#2131,#4378,#4380,.T.);
#4378=VERTEX_POINT('',#4379);
#4379=CARTESIAN_POINT('',(-3.798480775301,-1.025,0.667364817767));
#4380=CIRCLE('',#4381,0.1);
#4381=AXIS2_PLACEMENT_3D('',#4382,#122,#13);
#4382=CARTESIAN_POINT('',(-3.7,-1.025,0.65));
#4383=ORIENTED_EDGE('',*,*,#4384,.F.);
#4384=EDGE_CURVE('',#4319,#4378,#4385,.T.);
#4385=LINE('',#4320,#149);
#4386=ORIENTED_EDGE('',*,*,#4318,.F.);
#4387=CYLINDRICAL_SURFACE('',#4322,0.1);
#4388=ADVANCED_FACE('',(#4389),#4438,.T.);
#4389=FACE_BOUND('',#4390,.T.);
#4390=EDGE_LOOP('',(#2143,#2129,#4376,#4391,#4396,#4403,#4408,#4413,#4418,#4424,#4429,#4435));
#4391=ORIENTED_EDGE('',*,*,#4392,.T.);
#4392=EDGE_CURVE('',#4378,#4393,#4395,.T.);
#4393=VERTEX_POINT('',#4394);
#4394=CARTESIAN_POINT('',(-3.882385590716,-1.025,0.165270364467));
#4395=LINE('',#4379,#4043);
#4396=ORIENTED_EDGE('',*,*,#4397,.T.);
#4397=EDGE_CURVE('',#4393,#4398,#4400,.T.);
#4398=VERTEX_POINT('',#4399);
#4399=CARTESIAN_POINT('',(-4.079347141319,-1.025,1.387778780781E-16));
#4400=CIRCLE('',#4401,0.2);
#4401=AXIS2_PLACEMENT_3D('',#4402,#150,#4052);
#4402=CARTESIAN_POINT('',(-4.079347141319,-1.025,0.2));
#4403=ORIENTED_EDGE('',*,*,#4404,.T.);
#4404=EDGE_CURVE('',#4398,#4405,#4407,.T.);
#4405=VERTEX_POINT('',#4406);
#4406=CARTESIAN_POINT('',(-4.5,-1.025,1.387778780781E-16));
#4407=LINE('',#4399,#135);
#4408=ORIENTED_EDGE('',*,*,#4409,.T.);
#4409=EDGE_CURVE('',#4405,#4410,#4412,.T.);
#4410=VERTEX_POINT('',#4411);
#4411=CARTESIAN_POINT('',(-4.5,-1.025,0.1));
#4412=LINE('',#4406,#187);
#4413=ORIENTED_EDGE('',*,*,#4414,.T.);
#4414=EDGE_CURVE('',#4410,#4415,#4417,.T.);
#4415=VERTEX_POINT('',#4416);
#4416=CARTESIAN_POINT('',(-4.079347141319,-1.025,0.1));
#4417=LINE('',#4411,#27);
#4418=ORIENTED_EDGE('',*,*,#4419,.T.);
#4419=EDGE_CURVE('',#4415,#4420,#4422,.T.);
#4420=VERTEX_POINT('',#4421);
#4421=CARTESIAN_POINT('',(-3.980866366018,-1.025,0.182635182233));
#4422=CIRCLE('',#4423,1.E-01);
#4423=AXIS2_PLACEMENT_3D('',#4402,#122,#840);
#4424=ORIENTED_EDGE('',*,*,#4425,.T.);
#4425=EDGE_CURVE('',#4420,#4426,#4428,.T.);
#4426=VERTEX_POINT('',#4427);
#4427=CARTESIAN_POINT('',(-3.896961550602,-1.025,0.684729635533));
#4428=LINE('',#4421,#4079);
#4429=ORIENTED_EDGE('',*,*,#4430,.T.);
#4430=EDGE_CURVE('',#4426,#4431,#4433,.T.);
#4431=VERTEX_POINT('',#4432);
#4432=CARTESIAN_POINT('',(-3.7,-1.025,0.85));
#4433=CIRCLE('',#4434,0.2);
#4434=AXIS2_PLACEMENT_3D('',#4382,#150,#4086);
#4435=ORIENTED_EDGE('',*,*,#4436,.T.);
#4436=EDGE_CURVE('',#4431,#2145,#4437,.T.);
#4437=LINE('',#4432,#27);
#4438=PLANE('',#4439);
#4439=AXIS2_PLACEMENT_3D('',#4440,#150,#13);
#4440=CARTESIAN_POINT('',(-3.914276639233,-1.025,0.410238158856));
#4441=ADVANCED_FACE('',(#4442),#837,.F.);
#4442=FACE_BOUND('',#4443,.F.);
#4443=EDGE_LOOP('',(#4444,#4445,#4449,#4450));
#4444=ORIENTED_EDGE('',*,*,#2157,.T.);
#4445=ORIENTED_EDGE('',*,*,#4446,.T.);
#4446=EDGE_CURVE('',#2152,#3074,#4447,.T.);
#4447=LINE('',#4448,#27);
#4448=CARTESIAN_POINT('',(-3.7,-0.575,0.85));
#4449=ORIENTED_EDGE('',*,*,#3073,.F.);
#4450=ORIENTED_EDGE('',*,*,#4451,.F.);
#4451=EDGE_CURVE('',#2145,#3070,#4437,.T.);
#4452=ADVANCED_FACE('',(#4453),#4509,.F.);
#4453=FACE_BOUND('',#4454,.F.);
#4454=EDGE_LOOP('',(#4455,#4456,#4457,#4464,#4469,#4476,#4481,#4486,#4491,#4497,#4502,#4507));
#4455=ORIENTED_EDGE('',*,*,#2151,.F.);
#4456=ORIENTED_EDGE('',*,*,#2162,.T.);
#4457=ORIENTED_EDGE('',*,*,#4458,.T.);
#4458=EDGE_CURVE('',#2163,#4459,#4461,.T.);
#4459=VERTEX_POINT('',#4460);
#4460=CARTESIAN_POINT('',(-3.798480775301,-0.575,0.667364817767));
#4461=CIRCLE('',#4462,0.1);
#4462=AXIS2_PLACEMENT_3D('',#4463,#122,#13);
#4463=CARTESIAN_POINT('',(-3.7,-0.575,0.65));
#4464=ORIENTED_EDGE('',*,*,#4465,.T.);
#4465=EDGE_CURVE('',#4459,#4466,#4468,.T.);
#4466=VERTEX_POINT('',#4467);
#4467=CARTESIAN_POINT('',(-3.882385590716,-0.575,0.165270364467));
#4468=LINE('',#4460,#4043);
#4469=ORIENTED_EDGE('',*,*,#4470,.T.);
#4470=EDGE_CURVE('',#4466,#4471,#4473,.T.);
#4471=VERTEX_POINT('',#4472);
#4472=CARTESIAN_POINT('',(-4.079347141319,-0.575,1.387778780781E-16));
#4473=CIRCLE('',#4474,0.2);
#4474=AXIS2_PLACEMENT_3D('',#4475,#150,#4052);
#4475=CARTESIAN_POINT('',(-4.079347141319,-0.575,0.2));
#4476=ORIENTED_EDGE('',*,*,#4477,.T.);
#4477=EDGE_CURVE('',#4471,#4478,#4480,.T.);
#4478=VERTEX_POINT('',#4479);
#4479=CARTESIAN_POINT('',(-4.5,-0.575,1.387778780781E-16));
#4480=LINE('',#4472,#135);
#4481=ORIENTED_EDGE('',*,*,#4482,.T.);
#4482=EDGE_CURVE('',#4478,#4483,#4485,.T.);
#4483=VERTEX_POINT('',#4484);
#4484=CARTESIAN_POINT('',(-4.5,-0.575,0.1));
#4485=LINE('',#4479,#187);
#4486=ORIENTED_EDGE('',*,*,#4487,.T.);
#4487=EDGE_CURVE('',#4483,#4488,#4490,.T.);
#4488=VERTEX_POINT('',#4489);
#4489=CARTESIAN_POINT('',(-4.079347141319,-0.575,0.1));
#4490=LINE('',#4484,#27);
#4491=ORIENTED_EDGE('',*,*,#4492,.T.);
#4492=EDGE_CURVE('',#4488,#4493,#4495,.T.);
#4493=VERTEX_POINT('',#4494);
#4494=CARTESIAN_POINT('',(-3.980866366018,-0.575,0.182635182233));
#4495=CIRCLE('',#4496,1.E-01);
#4496=AXIS2_PLACEMENT_3D('',#4475,#122,#840);
#4497=ORIENTED_EDGE('',*,*,#4498,.T.);
#4498=EDGE_CURVE('',#4493,#4499,#4501,.T.);
#4499=VERTEX_POINT('',#4500);
#4500=CARTESIAN_POINT('',(-3.896961550602,-0.575,0.684729635533));
#4501=LINE('',#4494,#4079);
#4502=ORIENTED_EDGE('',*,*,#4503,.T.);
#4503=EDGE_CURVE('',#4499,#4504,#4505,.T.);
#4504=VERTEX_POINT('',#4448);
#4505=CIRCLE('',#4506,0.2);
#4506=AXIS2_PLACEMENT_3D('',#4463,#150,#4086);
#4507=ORIENTED_EDGE('',*,*,#4508,.T.);
#4508=EDGE_CURVE('',#4504,#2152,#4447,.T.);
#4509=PLANE('',#4510);
#4510=AXIS2_PLACEMENT_3D('',#4511,#150,#13);
#4511=CARTESIAN_POINT('',(-3.914276639233,-0.575,0.410238158856));
#4512=ADVANCED_FACE('',(#4513),#4527,.F.);
#4513=FACE_BOUND('',#4514,.F.);
#4514=EDGE_LOOP('',(#4515,#4516,#4523,#4526));
#4515=ORIENTED_EDGE('',*,*,#2175,.T.);
#4516=ORIENTED_EDGE('',*,*,#4517,.T.);
#4517=EDGE_CURVE('',#2170,#4518,#4520,.T.);
#4518=VERTEX_POINT('',#4519);
#4519=CARTESIAN_POINT('',(-3.798480775301,-0.225,0.667364817767));
#4520=CIRCLE('',#4521,0.1);
#4521=AXIS2_PLACEMENT_3D('',#4522,#122,#13);
#4522=CARTESIAN_POINT('',(-3.7,-0.225,0.65));
#4523=ORIENTED_EDGE('',*,*,#4524,.F.);
#4524=EDGE_CURVE('',#4459,#4518,#4525,.T.);
#4525=LINE('',#4460,#149);
#4526=ORIENTED_EDGE('',*,*,#4458,.F.);
#4527=CYLINDRICAL_SURFACE('',#4462,0.1);
#4528=ADVANCED_FACE('',(#4529),#4578,.T.);
#4529=FACE_BOUND('',#4530,.T.);
#4530=EDGE_LOOP('',(#2182,#2168,#4516,#4531,#4536,#4543,#4548,#4553,#4558,#4564,#4569,#4575));
#4531=ORIENTED_EDGE('',*,*,#4532,.T.);
#4532=EDGE_CURVE('',#4518,#4533,#4535,.T.);
#4533=VERTEX_POINT('',#4534);
#4534=CARTESIAN_POINT('',(-3.882385590716,-0.225,0.165270364467));
#4535=LINE('',#4519,#4043);
#4536=ORIENTED_EDGE('',*,*,#4537,.T.);
#4537=EDGE_CURVE('',#4533,#4538,#4540,.T.);
#4538=VERTEX_POINT('',#4539);
#4539=CARTESIAN_POINT('',(-4.079347141319,-0.225,1.387778780781E-16));
#4540=CIRCLE('',#4541,0.2);
#4541=AXIS2_PLACEMENT_3D('',#4542,#150,#4052);
#4542=CARTESIAN_POINT('',(-4.079347141319,-0.225,0.2));
#4543=ORIENTED_EDGE('',*,*,#4544,.T.);
#4544=EDGE_CURVE('',#4538,#4545,#4547,.T.);
#4545=VERTEX_POINT('',#4546);
#4546=CARTESIAN_POINT('',(-4.5,-0.225,1.387778780781E-16));
#4547=LINE('',#4539,#135);
#4548=ORIENTED_EDGE('',*,*,#4549,.T.);
#4549=EDGE_CURVE('',#4545,#4550,#4552,.T.);
#4550=VERTEX_POINT('',#4551);
#4551=CARTESIAN_POINT('',(-4.5,-0.225,0.1));
#4552=LINE('',#4546,#187);
#4553=ORIENTED_EDGE('',*,*,#4554,.T.);
#4554=EDGE_CURVE('',#4550,#4555,#4557,.T.);
#4555=VERTEX_POINT('',#4556);
#4556=CARTESIAN_POINT('',(-4.079347141319,-0.225,0.1));
#4557=LINE('',#4551,#27);
#4558=ORIENTED_EDGE('',*,*,#4559,.T.);
#4559=EDGE_CURVE('',#4555,#4560,#4562,.T.);
#4560=VERTEX_POINT('',#4561);
#4561=CARTESIAN_POINT('',(-3.980866366018,-0.225,0.182635182233));
#4562=CIRCLE('',#4563,1.E-01);
#4563=AXIS2_PLACEMENT_3D('',#4542,#122,#840);
#4564=ORIENTED_EDGE('',*,*,#4565,.T.);
#4565=EDGE_CURVE('',#4560,#4566,#4568,.T.);
#4566=VERTEX_POINT('',#4567);
#4567=CARTESIAN_POINT('',(-3.896961550602,-0.225,0.684729635533));
#4568=LINE('',#4561,#4079);
#4569=ORIENTED_EDGE('',*,*,#4570,.T.);
#4570=EDGE_CURVE('',#4566,#4571,#4573,.T.);
#4571=VERTEX_POINT('',#4572);
#4572=CARTESIAN_POINT('',(-3.7,-0.225,0.85));
#4573=CIRCLE('',#4574,0.2);
#4574=AXIS2_PLACEMENT_3D('',#4522,#150,#4086);
#4575=ORIENTED_EDGE('',*,*,#4576,.T.);
#4576=EDGE_CURVE('',#4571,#2184,#4577,.T.);
#4577=LINE('',#4572,#27);
#4578=PLANE('',#4579);
#4579=AXIS2_PLACEMENT_3D('',#4580,#150,#13);
#4580=CARTESIAN_POINT('',(-3.914276639233,-0.225,0.410238158856));
#4581=ADVANCED_FACE('',(#4582),#837,.F.);
#4582=FACE_BOUND('',#4583,.F.);
#4583=EDGE_LOOP('',(#4584,#4585,#4589,#4590));
#4584=ORIENTED_EDGE('',*,*,#2196,.T.);
#4585=ORIENTED_EDGE('',*,*,#4586,.T.);
#4586=EDGE_CURVE('',#2191,#3082,#4587,.T.);
#4587=LINE('',#4588,#27);
#4588=CARTESIAN_POINT('',(-3.7,0.225,0.85));
#4589=ORIENTED_EDGE('',*,*,#3081,.F.);
#4590=ORIENTED_EDGE('',*,*,#4591,.F.);
#4591=EDGE_CURVE('',#2184,#3078,#4577,.T.);
#4592=ADVANCED_FACE('',(#4593),#4649,.F.);
#4593=FACE_BOUND('',#4594,.F.);
#4594=EDGE_LOOP('',(#4595,#4596,#4597,#4604,#4609,#4616,#4621,#4626,#4631,#4637,#4642,#4647));
#4595=ORIENTED_EDGE('',*,*,#2190,.F.);
#4596=ORIENTED_EDGE('',*,*,#2201,.T.);
#4597=ORIENTED_EDGE('',*,*,#4598,.T.);
#4598=EDGE_CURVE('',#2202,#4599,#4601,.T.);
#4599=VERTEX_POINT('',#4600);
#4600=CARTESIAN_POINT('',(-3.798480775301,0.225,0.667364817767));
#4601=CIRCLE('',#4602,0.1);
#4602=AXIS2_PLACEMENT_3D('',#4603,#122,#13);
#4603=CARTESIAN_POINT('',(-3.7,0.225,0.65));
#4604=ORIENTED_EDGE('',*,*,#4605,.T.);
#4605=EDGE_CURVE('',#4599,#4606,#4608,.T.);
#4606=VERTEX_POINT('',#4607);
#4607=CARTESIAN_POINT('',(-3.882385590716,0.225,0.165270364467));
#4608=LINE('',#4600,#4043);
#4609=ORIENTED_EDGE('',*,*,#4610,.T.);
#4610=EDGE_CURVE('',#4606,#4611,#4613,.T.);
#4611=VERTEX_POINT('',#4612);
#4612=CARTESIAN_POINT('',(-4.079347141319,0.225,1.387778780781E-16));
#4613=CIRCLE('',#4614,0.2);
#4614=AXIS2_PLACEMENT_3D('',#4615,#150,#4052);
#4615=CARTESIAN_POINT('',(-4.079347141319,0.225,0.2));
#4616=ORIENTED_EDGE('',*,*,#4617,.T.);
#4617=EDGE_CURVE('',#4611,#4618,#4620,.T.);
#4618=VERTEX_POINT('',#4619);
#4619=CARTESIAN_POINT('',(-4.5,0.225,1.387778780781E-16));
#4620=LINE('',#4612,#135);
#4621=ORIENTED_EDGE('',*,*,#4622,.T.);
#4622=EDGE_CURVE('',#4618,#4623,#4625,.T.);
#4623=VERTEX_POINT('',#4624);
#4624=CARTESIAN_POINT('',(-4.5,0.225,0.1));
#4625=LINE('',#4619,#187);
#4626=ORIENTED_EDGE('',*,*,#4627,.T.);
#4627=EDGE_CURVE('',#4623,#4628,#4630,.T.);
#4628=VERTEX_POINT('',#4629);
#4629=CARTESIAN_POINT('',(-4.079347141319,0.225,0.1));
#4630=LINE('',#4624,#27);
#4631=ORIENTED_EDGE('',*,*,#4632,.T.);
#4632=EDGE_CURVE('',#4628,#4633,#4635,.T.);
#4633=VERTEX_POINT('',#4634);
#4634=CARTESIAN_POINT('',(-3.980866366018,0.225,0.182635182233));
#4635=CIRCLE('',#4636,1.E-01);
#4636=AXIS2_PLACEMENT_3D('',#4615,#122,#840);
#4637=ORIENTED_EDGE('',*,*,#4638,.T.);
#4638=EDGE_CURVE('',#4633,#4639,#4641,.T.);
#4639=VERTEX_POINT('',#4640);
#4640=CARTESIAN_POINT('',(-3.896961550602,0.225,0.684729635533));
#4641=LINE('',#4634,#4079);
#4642=ORIENTED_EDGE('',*,*,#4643,.T.);
#4643=EDGE_CURVE('',#4639,#4644,#4645,.T.);
#4644=VERTEX_POINT('',#4588);
#4645=CIRCLE('',#4646,0.2);
#4646=AXIS2_PLACEMENT_3D('',#4603,#150,#4086);
#4647=ORIENTED_EDGE('',*,*,#4648,.T.);
#4648=EDGE_CURVE('',#4644,#2191,#4587,.T.);
#4649=PLANE('',#4650);
#4650=AXIS2_PLACEMENT_3D('',#4651,#150,#13);
#4651=CARTESIAN_POINT('',(-3.914276639233,0.225,0.410238158856));
#4652=ADVANCED_FACE('',(#4653),#4667,.F.);
#4653=FACE_BOUND('',#4654,.F.);
#4654=EDGE_LOOP('',(#4655,#4656,#4663,#4666));
#4655=ORIENTED_EDGE('',*,*,#2214,.T.);
#4656=ORIENTED_EDGE('',*,*,#4657,.T.);
#4657=EDGE_CURVE('',#2209,#4658,#4660,.T.);
#4658=VERTEX_POINT('',#4659);
#4659=CARTESIAN_POINT('',(-3.798480775301,0.575,0.667364817767));
#4660=CIRCLE('',#4661,0.1);
#4661=AXIS2_PLACEMENT_3D('',#4662,#122,#13);
#4662=CARTESIAN_POINT('',(-3.7,0.575,0.65));
#4663=ORIENTED_EDGE('',*,*,#4664,.F.);
#4664=EDGE_CURVE('',#4599,#4658,#4665,.T.);
#4665=LINE('',#4600,#149);
#4666=ORIENTED_EDGE('',*,*,#4598,.F.);
#4667=CYLINDRICAL_SURFACE('',#4602,0.1);
#4668=ADVANCED_FACE('',(#4669),#4718,.T.);
#4669=FACE_BOUND('',#4670,.T.);
#4670=EDGE_LOOP('',(#2221,#2207,#4656,#4671,#4676,#4683,#4688,#4693,#4698,#4704,#4709,#4715));
#4671=ORIENTED_EDGE('',*,*,#4672,.T.);
#4672=EDGE_CURVE('',#4658,#4673,#4675,.T.);
#4673=VERTEX_POINT('',#4674);
#4674=CARTESIAN_POINT('',(-3.882385590716,0.575,0.165270364467));
#4675=LINE('',#4659,#4043);
#4676=ORIENTED_EDGE('',*,*,#4677,.T.);
#4677=EDGE_CURVE('',#4673,#4678,#4680,.T.);
#4678=VERTEX_POINT('',#4679);
#4679=CARTESIAN_POINT('',(-4.079347141319,0.575,1.387778780781E-16));
#4680=CIRCLE('',#4681,0.2);
#4681=AXIS2_PLACEMENT_3D('',#4682,#150,#4052);
#4682=CARTESIAN_POINT('',(-4.079347141319,0.575,0.2));
#4683=ORIENTED_EDGE('',*,*,#4684,.T.);
#4684=EDGE_CURVE('',#4678,#4685,#4687,.T.);
#4685=VERTEX_POINT('',#4686);
#4686=CARTESIAN_POINT('',(-4.5,0.575,1.387778780781E-16));
#4687=LINE('',#4679,#135);
#4688=ORIENTED_EDGE('',*,*,#4689,.T.);
#4689=EDGE_CURVE('',#4685,#4690,#4692,.T.);
#4690=VERTEX_POINT('',#4691);
#4691=CARTESIAN_POINT('',(-4.5,0.575,0.1));
#4692=LINE('',#4686,#187);
#4693=ORIENTED_EDGE('',*,*,#4694,.T.);
#4694=EDGE_CURVE('',#4690,#4695,#4697,.T.);
#4695=VERTEX_POINT('',#4696);
#4696=CARTESIAN_POINT('',(-4.079347141319,0.575,0.1));
#4697=LINE('',#4691,#27);
#4698=ORIENTED_EDGE('',*,*,#4699,.T.);
#4699=EDGE_CURVE('',#4695,#4700,#4702,.T.);
#4700=VERTEX_POINT('',#4701);
#4701=CARTESIAN_POINT('',(-3.980866366018,0.575,0.182635182233));
#4702=CIRCLE('',#4703,1.E-01);
#4703=AXIS2_PLACEMENT_3D('',#4682,#122,#840);
#4704=ORIENTED_EDGE('',*,*,#4705,.T.);
#4705=EDGE_CURVE('',#4700,#4706,#4708,.T.);
#4706=VERTEX_POINT('',#4707);
#4707=CARTESIAN_POINT('',(-3.896961550602,0.575,0.684729635533));
#4708=LINE('',#4701,#4079);
#4709=ORIENTED_EDGE('',*,*,#4710,.T.);
#4710=EDGE_CURVE('',#4706,#4711,#4713,.T.);
#4711=VERTEX_POINT('',#4712);
#4712=CARTESIAN_POINT('',(-3.7,0.575,0.85));
#4713=CIRCLE('',#4714,0.2);
#4714=AXIS2_PLACEMENT_3D('',#4662,#150,#4086);
#4715=ORIENTED_EDGE('',*,*,#4716,.T.);
#4716=EDGE_CURVE('',#4711,#2223,#4717,.T.);
#4717=LINE('',#4712,#27);
#4718=PLANE('',#4719);
#4719=AXIS2_PLACEMENT_3D('',#4720,#150,#13);
#4720=CARTESIAN_POINT('',(-3.914276639233,0.575,0.410238158856));
#4721=ADVANCED_FACE('',(#4722),#837,.F.);
#4722=FACE_BOUND('',#4723,.F.);
#4723=EDGE_LOOP('',(#4724,#4725,#4729,#4730));
#4724=ORIENTED_EDGE('',*,*,#2235,.T.);
#4725=ORIENTED_EDGE('',*,*,#4726,.T.);
#4726=EDGE_CURVE('',#2230,#3090,#4727,.T.);
#4727=LINE('',#4728,#27);
#4728=CARTESIAN_POINT('',(-3.7,1.025,0.85));
#4729=ORIENTED_EDGE('',*,*,#3089,.F.);
#4730=ORIENTED_EDGE('',*,*,#4731,.F.);
#4731=EDGE_CURVE('',#2223,#3086,#4717,.T.);
#4732=ADVANCED_FACE('',(#4733),#4789,.F.);
#4733=FACE_BOUND('',#4734,.F.);
#4734=EDGE_LOOP('',(#4735,#4736,#4737,#4744,#4749,#4756,#4761,#4766,#4771,#4777,#4782,#4787));
#4735=ORIENTED_EDGE('',*,*,#2229,.F.);
#4736=ORIENTED_EDGE('',*,*,#2240,.T.);
#4737=ORIENTED_EDGE('',*,*,#4738,.T.);
#4738=EDGE_CURVE('',#2241,#4739,#4741,.T.);
#4739=VERTEX_POINT('',#4740);
#4740=CARTESIAN_POINT('',(-3.798480775301,1.025,0.667364817767));
#4741=CIRCLE('',#4742,0.1);
#4742=AXIS2_PLACEMENT_3D('',#4743,#122,#13);
#4743=CARTESIAN_POINT('',(-3.7,1.025,0.65));
#4744=ORIENTED_EDGE('',*,*,#4745,.T.);
#4745=EDGE_CURVE('',#4739,#4746,#4748,.T.);
#4746=VERTEX_POINT('',#4747);
#4747=CARTESIAN_POINT('',(-3.882385590716,1.025,0.165270364467));
#4748=LINE('',#4740,#4043);
#4749=ORIENTED_EDGE('',*,*,#4750,.T.);
#4750=EDGE_CURVE('',#4746,#4751,#4753,.T.);
#4751=VERTEX_POINT('',#4752);
#4752=CARTESIAN_POINT('',(-4.079347141319,1.025,1.387778780781E-16));
#4753=CIRCLE('',#4754,0.2);
#4754=AXIS2_PLACEMENT_3D('',#4755,#150,#4052);
#4755=CARTESIAN_POINT('',(-4.079347141319,1.025,0.2));
#4756=ORIENTED_EDGE('',*,*,#4757,.T.);
#4757=EDGE_CURVE('',#4751,#4758,#4760,.T.);
#4758=VERTEX_POINT('',#4759);
#4759=CARTESIAN_POINT('',(-4.5,1.025,1.387778780781E-16));
#4760=LINE('',#4752,#135);
#4761=ORIENTED_EDGE('',*,*,#4762,.T.);
#4762=EDGE_CURVE('',#4758,#4763,#4765,.T.);
#4763=VERTEX_POINT('',#4764);
#4764=CARTESIAN_POINT('',(-4.5,1.025,0.1));
#4765=LINE('',#4759,#187);
#4766=ORIENTED_EDGE('',*,*,#4767,.T.);
#4767=EDGE_CURVE('',#4763,#4768,#4770,.T.);
#4768=VERTEX_POINT('',#4769);
#4769=CARTESIAN_POINT('',(-4.079347141319,1.025,0.1));
#4770=LINE('',#4764,#27);
#4771=ORIENTED_EDGE('',*,*,#4772,.T.);
#4772=EDGE_CURVE('',#4768,#4773,#4775,.T.);
#4773=VERTEX_POINT('',#4774);
#4774=CARTESIAN_POINT('',(-3.980866366018,1.025,0.182635182233));
#4775=CIRCLE('',#4776,1.E-01);
#4776=AXIS2_PLACEMENT_3D('',#4755,#122,#840);
#4777=ORIENTED_EDGE('',*,*,#4778,.T.);
#4778=EDGE_CURVE('',#4773,#4779,#4781,.T.);
#4779=VERTEX_POINT('',#4780);
#4780=CARTESIAN_POINT('',(-3.896961550602,1.025,0.684729635533));
#4781=LINE('',#4774,#4079);
#4782=ORIENTED_EDGE('',*,*,#4783,.T.);
#4783=EDGE_CURVE('',#4779,#4784,#4785,.T.);
#4784=VERTEX_POINT('',#4728);
#4785=CIRCLE('',#4786,0.2);
#4786=AXIS2_PLACEMENT_3D('',#4743,#150,#4086);
#4787=ORIENTED_EDGE('',*,*,#4788,.T.);
#4788=EDGE_CURVE('',#4784,#2230,#4727,.T.);
#4789=PLANE('',#4790);
#4790=AXIS2_PLACEMENT_3D('',#4791,#150,#13);
#4791=CARTESIAN_POINT('',(-3.914276639233,1.025,0.410238158856));
#4792=ADVANCED_FACE('',(#4793),#4807,.F.);
#4793=FACE_BOUND('',#4794,.F.);
#4794=EDGE_LOOP('',(#4795,#4796,#4803,#4806));
#4795=ORIENTED_EDGE('',*,*,#2253,.T.);
#4796=ORIENTED_EDGE('',*,*,#4797,.T.);
#4797=EDGE_CURVE('',#2248,#4798,#4800,.T.);
#4798=VERTEX_POINT('',#4799);
#4799=CARTESIAN_POINT('',(-3.798480775301,1.375,0.667364817767));
#4800=CIRCLE('',#4801,0.1);
#4801=AXIS2_PLACEMENT_3D('',#4802,#122,#13);
#4802=CARTESIAN_POINT('',(-3.7,1.375,0.65));
#4803=ORIENTED_EDGE('',*,*,#4804,.F.);
#4804=EDGE_CURVE('',#4739,#4798,#4805,.T.);
#4805=LINE('',#4740,#149);
#4806=ORIENTED_EDGE('',*,*,#4738,.F.);
#4807=CYLINDRICAL_SURFACE('',#4742,0.1);
#4808=ADVANCED_FACE('',(#4809),#4858,.T.);
#4809=FACE_BOUND('',#4810,.T.);
#4810=EDGE_LOOP('',(#2260,#2246,#4796,#4811,#4816,#4823,#4828,#4833,#4838,#4844,#4849,#4855));
#4811=ORIENTED_EDGE('',*,*,#4812,.T.);
#4812=EDGE_CURVE('',#4798,#4813,#4815,.T.);
#4813=VERTEX_POINT('',#4814);
#4814=CARTESIAN_POINT('',(-3.882385590716,1.375,0.165270364467));
#4815=LINE('',#4799,#4043);
#4816=ORIENTED_EDGE('',*,*,#4817,.T.);
#4817=EDGE_CURVE('',#4813,#4818,#4820,.T.);
#4818=VERTEX_POINT('',#4819);
#4819=CARTESIAN_POINT('',(-4.079347141319,1.375,1.387778780781E-16));
#4820=CIRCLE('',#4821,0.2);
#4821=AXIS2_PLACEMENT_3D('',#4822,#150,#4052);
#4822=CARTESIAN_POINT('',(-4.079347141319,1.375,0.2));
#4823=ORIENTED_EDGE('',*,*,#4824,.T.);
#4824=EDGE_CURVE('',#4818,#4825,#4827,.T.);
#4825=VERTEX_POINT('',#4826);
#4826=CARTESIAN_POINT('',(-4.5,1.375,1.387778780781E-16));
#4827=LINE('',#4819,#135);
#4828=ORIENTED_EDGE('',*,*,#4829,.T.);
#4829=EDGE_CURVE('',#4825,#4830,#4832,.T.);
#4830=VERTEX_POINT('',#4831);
#4831=CARTESIAN_POINT('',(-4.5,1.375,0.1));
#4832=LINE('',#4826,#187);
#4833=ORIENTED_EDGE('',*,*,#4834,.T.);
#4834=EDGE_CURVE('',#4830,#4835,#4837,.T.);
#4835=VERTEX_POINT('',#4836);
#4836=CARTESIAN_POINT('',(-4.079347141319,1.375,0.1));
#4837=LINE('',#4831,#27);
#4838=ORIENTED_EDGE('',*,*,#4839,.T.);
#4839=EDGE_CURVE('',#4835,#4840,#4842,.T.);
#4840=VERTEX_POINT('',#4841);
#4841=CARTESIAN_POINT('',(-3.980866366018,1.375,0.182635182233));
#4842=CIRCLE('',#4843,1.E-01);
#4843=AXIS2_PLACEMENT_3D('',#4822,#122,#840);
#4844=ORIENTED_EDGE('',*,*,#4845,.T.);
#4845=EDGE_CURVE('',#4840,#4846,#4848,.T.);
#4846=VERTEX_POINT('',#4847);
#4847=CARTESIAN_POINT('',(-3.896961550602,1.375,0.684729635533));
#4848=LINE('',#4841,#4079);
#4849=ORIENTED_EDGE('',*,*,#4850,.T.);
#4850=EDGE_CURVE('',#4846,#4851,#4853,.T.);
#4851=VERTEX_POINT('',#4852);
#4852=CARTESIAN_POINT('',(-3.7,1.375,0.85));
#4853=CIRCLE('',#4854,0.2);
#4854=AXIS2_PLACEMENT_3D('',#4802,#150,#4086);
#4855=ORIENTED_EDGE('',*,*,#4856,.T.);
#4856=EDGE_CURVE('',#4851,#2262,#4857,.T.);
#4857=LINE('',#4852,#27);
#4858=PLANE('',#4859);
#4859=AXIS2_PLACEMENT_3D('',#4860,#150,#13);
#4860=CARTESIAN_POINT('',(-3.914276639233,1.375,0.410238158856));
#4861=ADVANCED_FACE('',(#4862),#837,.F.);
#4862=FACE_BOUND('',#4863,.F.);
#4863=EDGE_LOOP('',(#4864,#4865,#4869,#4870));
#4864=ORIENTED_EDGE('',*,*,#2274,.T.);
#4865=ORIENTED_EDGE('',*,*,#4866,.T.);
#4866=EDGE_CURVE('',#2269,#3098,#4867,.T.);
#4867=LINE('',#4868,#27);
#4868=CARTESIAN_POINT('',(-3.7,1.825,0.85));
#4869=ORIENTED_EDGE('',*,*,#3097,.F.);
#4870=ORIENTED_EDGE('',*,*,#4871,.F.);
#4871=EDGE_CURVE('',#2262,#3094,#4857,.T.);
#4872=ADVANCED_FACE('',(#4873),#4929,.F.);
#4873=FACE_BOUND('',#4874,.F.);
#4874=EDGE_LOOP('',(#4875,#4876,#4877,#4884,#4889,#4896,#4901,#4906,#4911,#4917,#4922,#4927));
#4875=ORIENTED_EDGE('',*,*,#2268,.F.);
#4876=ORIENTED_EDGE('',*,*,#2279,.T.);
#4877=ORIENTED_EDGE('',*,*,#4878,.T.);
#4878=EDGE_CURVE('',#2280,#4879,#4881,.T.);
#4879=VERTEX_POINT('',#4880);
#4880=CARTESIAN_POINT('',(-3.798480775301,1.825,0.667364817767));
#4881=CIRCLE('',#4882,0.1);
#4882=AXIS2_PLACEMENT_3D('',#4883,#122,#13);
#4883=CARTESIAN_POINT('',(-3.7,1.825,0.65));
#4884=ORIENTED_EDGE('',*,*,#4885,.T.);
#4885=EDGE_CURVE('',#4879,#4886,#4888,.T.);
#4886=VERTEX_POINT('',#4887);
#4887=CARTESIAN_POINT('',(-3.882385590716,1.825,0.165270364467));
#4888=LINE('',#4880,#4043);
#4889=ORIENTED_EDGE('',*,*,#4890,.T.);
#4890=EDGE_CURVE('',#4886,#4891,#4893,.T.);
#4891=VERTEX_POINT('',#4892);
#4892=CARTESIAN_POINT('',(-4.079347141319,1.825,1.387778780781E-16));
#4893=CIRCLE('',#4894,0.2);
#4894=AXIS2_PLACEMENT_3D('',#4895,#150,#4052);
#4895=CARTESIAN_POINT('',(-4.079347141319,1.825,0.2));
#4896=ORIENTED_EDGE('',*,*,#4897,.T.);
#4897=EDGE_CURVE('',#4891,#4898,#4900,.T.);
#4898=VERTEX_POINT('',#4899);
#4899=CARTESIAN_POINT('',(-4.5,1.825,1.387778780781E-16));
#4900=LINE('',#4892,#135);
#4901=ORIENTED_EDGE('',*,*,#4902,.T.);
#4902=EDGE_CURVE('',#4898,#4903,#4905,.T.);
#4903=VERTEX_POINT('',#4904);
#4904=CARTESIAN_POINT('',(-4.5,1.825,0.1));
#4905=LINE('',#4899,#187);
#4906=ORIENTED_EDGE('',*,*,#4907,.T.);
#4907=EDGE_CURVE('',#4903,#4908,#4910,.T.);
#4908=VERTEX_POINT('',#4909);
#4909=CARTESIAN_POINT('',(-4.079347141319,1.825,0.1));
#4910=LINE('',#4904,#27);
#4911=ORIENTED_EDGE('',*,*,#4912,.T.);
#4912=EDGE_CURVE('',#4908,#4913,#4915,.T.);
#4913=VERTEX_POINT('',#4914);
#4914=CARTESIAN_POINT('',(-3.980866366018,1.825,0.182635182233));
#4915=CIRCLE('',#4916,1.E-01);
#4916=AXIS2_PLACEMENT_3D('',#4895,#122,#840);
#4917=ORIENTED_EDGE('',*,*,#4918,.T.);
#4918=EDGE_CURVE('',#4913,#4919,#4921,.T.);
#4919=VERTEX_POINT('',#4920);
#4920=CARTESIAN_POINT('',(-3.896961550602,1.825,0.684729635533));
#4921=LINE('',#4914,#4079);
#4922=ORIENTED_EDGE('',*,*,#4923,.T.);
#4923=EDGE_CURVE('',#4919,#4924,#4925,.T.);
#4924=VERTEX_POINT('',#4868);
#4925=CIRCLE('',#4926,0.2);
#4926=AXIS2_PLACEMENT_3D('',#4883,#150,#4086);
#4927=ORIENTED_EDGE('',*,*,#4928,.T.);
#4928=EDGE_CURVE('',#4924,#2269,#4867,.T.);
#4929=PLANE('',#4930);
#4930=AXIS2_PLACEMENT_3D('',#4931,#150,#13);
#4931=CARTESIAN_POINT('',(-3.914276639233,1.825,0.410238158856));
#4932=ADVANCED_FACE('',(#4933),#4947,.F.);
#4933=FACE_BOUND('',#4934,.F.);
#4934=EDGE_LOOP('',(#4935,#4936,#4943,#4946));
#4935=ORIENTED_EDGE('',*,*,#2292,.T.);
#4936=ORIENTED_EDGE('',*,*,#4937,.T.);
#4937=EDGE_CURVE('',#2287,#4938,#4940,.T.);
#4938=VERTEX_POINT('',#4939);
#4939=CARTESIAN_POINT('',(-3.798480775301,2.175,0.667364817767));
#4940=CIRCLE('',#4941,0.1);
#4941=AXIS2_PLACEMENT_3D('',#4942,#122,#13);
#4942=CARTESIAN_POINT('',(-3.7,2.175,0.65));
#4943=ORIENTED_EDGE('',*,*,#4944,.F.);
#4944=EDGE_CURVE('',#4879,#4938,#4945,.T.);
#4945=LINE('',#4880,#149);
#4946=ORIENTED_EDGE('',*,*,#4878,.F.);
#4947=CYLINDRICAL_SURFACE('',#4882,0.1);
#4948=ADVANCED_FACE('',(#4949),#4998,.T.);
#4949=FACE_BOUND('',#4950,.T.);
#4950=EDGE_LOOP('',(#2299,#2285,#4936,#4951,#4956,#4963,#4968,#4973,#4978,#4984,#4989,#4995));
#4951=ORIENTED_EDGE('',*,*,#4952,.T.);
#4952=EDGE_CURVE('',#4938,#4953,#4955,.T.);
#4953=VERTEX_POINT('',#4954);
#4954=CARTESIAN_POINT('',(-3.882385590716,2.175,0.165270364467));
#4955=LINE('',#4939,#4043);
#4956=ORIENTED_EDGE('',*,*,#4957,.T.);
#4957=EDGE_CURVE('',#4953,#4958,#4960,.T.);
#4958=VERTEX_POINT('',#4959);
#4959=CARTESIAN_POINT('',(-4.079347141319,2.175,1.387778780781E-16));
#4960=CIRCLE('',#4961,0.2);
#4961=AXIS2_PLACEMENT_3D('',#4962,#150,#4052);
#4962=CARTESIAN_POINT('',(-4.079347141319,2.175,0.2));
#4963=ORIENTED_EDGE('',*,*,#4964,.T.);
#4964=EDGE_CURVE('',#4958,#4965,#4967,.T.);
#4965=VERTEX_POINT('',#4966);
#4966=CARTESIAN_POINT('',(-4.5,2.175,1.387778780781E-16));
#4967=LINE('',#4959,#135);
#4968=ORIENTED_EDGE('',*,*,#4969,.T.);
#4969=EDGE_CURVE('',#4965,#4970,#4972,.T.);
#4970=VERTEX_POINT('',#4971);
#4971=CARTESIAN_POINT('',(-4.5,2.175,0.1));
#4972=LINE('',#4966,#187);
#4973=ORIENTED_EDGE('',*,*,#4974,.T.);
#4974=EDGE_CURVE('',#4970,#4975,#4977,.T.);
#4975=VERTEX_POINT('',#4976);
#4976=CARTESIAN_POINT('',(-4.079347141319,2.175,0.1));
#4977=LINE('',#4971,#27);
#4978=ORIENTED_EDGE('',*,*,#4979,.T.);
#4979=EDGE_CURVE('',#4975,#4980,#4982,.T.);
#4980=VERTEX_POINT('',#4981);
#4981=CARTESIAN_POINT('',(-3.980866366018,2.175,0.182635182233));
#4982=CIRCLE('',#4983,1.E-01);
#4983=AXIS2_PLACEMENT_3D('',#4962,#122,#840);
#4984=ORIENTED_EDGE('',*,*,#4985,.T.);
#4985=EDGE_CURVE('',#4980,#4986,#4988,.T.);
#4986=VERTEX_POINT('',#4987);
#4987=CARTESIAN_POINT('',(-3.896961550602,2.175,0.684729635533));
#4988=LINE('',#4981,#4079);
#4989=ORIENTED_EDGE('',*,*,#4990,.T.);
#4990=EDGE_CURVE('',#4986,#4991,#4993,.T.);
#4991=VERTEX_POINT('',#4992);
#4992=CARTESIAN_POINT('',(-3.7,2.175,0.85));
#4993=CIRCLE('',#4994,0.2);
#4994=AXIS2_PLACEMENT_3D('',#4942,#150,#4086);
#4995=ORIENTED_EDGE('',*,*,#4996,.T.);
#4996=EDGE_CURVE('',#4991,#2301,#4997,.T.);
#4997=LINE('',#4992,#27);
#4998=PLANE('',#4999);
#4999=AXIS2_PLACEMENT_3D('',#5000,#150,#13);
#5000=CARTESIAN_POINT('',(-3.914276639233,2.175,0.410238158856));
#5001=ADVANCED_FACE('',(#5002),#837,.F.);
#5002=FACE_BOUND('',#5003,.F.);
#5003=EDGE_LOOP('',(#5004,#5005,#5006,#5007));
#5004=ORIENTED_EDGE('',*,*,#2313,.T.);
#5005=ORIENTED_EDGE('',*,*,#3041,.T.);
#5006=ORIENTED_EDGE('',*,*,#3105,.F.);
#5007=ORIENTED_EDGE('',*,*,#5008,.F.);
#5008=EDGE_CURVE('',#2301,#3102,#4997,.T.);
#5009=ADVANCED_FACE('',(#5010),#5064,.F.);
#5010=FACE_BOUND('',#5011,.F.);
#5011=EDGE_LOOP('',(#5012,#5013,#5014,#5021,#5026,#5033,#5038,#5043,#5048,#5054,#5059,#5063));
#5012=ORIENTED_EDGE('',*,*,#2307,.F.);
#5013=ORIENTED_EDGE('',*,*,#2318,.T.);
#5014=ORIENTED_EDGE('',*,*,#5015,.T.);
#5015=EDGE_CURVE('',#2319,#5016,#5018,.T.);
#5016=VERTEX_POINT('',#5017);
#5017=CARTESIAN_POINT('',(-3.798480775301,2.625,0.667364817767));
#5018=CIRCLE('',#5019,0.1);
#5019=AXIS2_PLACEMENT_3D('',#5020,#122,#13);
#5020=CARTESIAN_POINT('',(-3.7,2.625,0.65));
#5021=ORIENTED_EDGE('',*,*,#5022,.T.);
#5022=EDGE_CURVE('',#5016,#5023,#5025,.T.);
#5023=VERTEX_POINT('',#5024);
#5024=CARTESIAN_POINT('',(-3.882385590716,2.625,0.165270364467));
#5025=LINE('',#5017,#4043);
#5026=ORIENTED_EDGE('',*,*,#5027,.T.);
#5027=EDGE_CURVE('',#5023,#5028,#5030,.T.);
#5028=VERTEX_POINT('',#5029);
#5029=CARTESIAN_POINT('',(-4.079347141319,2.625,1.387778780781E-16));
#5030=CIRCLE('',#5031,0.2);
#5031=AXIS2_PLACEMENT_3D('',#5032,#150,#4052);
#5032=CARTESIAN_POINT('',(-4.079347141319,2.625,0.2));
#5033=ORIENTED_EDGE('',*,*,#5034,.T.);
#5034=EDGE_CURVE('',#5028,#5035,#5037,.T.);
#5035=VERTEX_POINT('',#5036);
#5036=CARTESIAN_POINT('',(-4.5,2.625,1.387778780781E-16));
#5037=LINE('',#5029,#135);
#5038=ORIENTED_EDGE('',*,*,#5039,.T.);
#5039=EDGE_CURVE('',#5035,#5040,#5042,.T.);
#5040=VERTEX_POINT('',#5041);
#5041=CARTESIAN_POINT('',(-4.5,2.625,0.1));
#5042=LINE('',#5036,#187);
#5043=ORIENTED_EDGE('',*,*,#5044,.T.);
#5044=EDGE_CURVE('',#5040,#5045,#5047,.T.);
#5045=VERTEX_POINT('',#5046);
#5046=CARTESIAN_POINT('',(-4.079347141319,2.625,0.1));
#5047=LINE('',#5041,#27);
#5048=ORIENTED_EDGE('',*,*,#5049,.T.);
#5049=EDGE_CURVE('',#5045,#5050,#5052,.T.);
#5050=VERTEX_POINT('',#5051);
#5051=CARTESIAN_POINT('',(-3.980866366018,2.625,0.182635182233));
#5052=CIRCLE('',#5053,1.E-01);
#5053=AXIS2_PLACEMENT_3D('',#5032,#122,#840);
#5054=ORIENTED_EDGE('',*,*,#5055,.T.);
#5055=EDGE_CURVE('',#5050,#5056,#5058,.T.);
#5056=VERTEX_POINT('',#5057);
#5057=CARTESIAN_POINT('',(-3.896961550602,2.625,0.684729635533));
#5058=LINE('',#5051,#4079);
#5059=ORIENTED_EDGE('',*,*,#5060,.T.);
#5060=EDGE_CURVE('',#5056,#3026,#5061,.T.);
#5061=CIRCLE('',#5062,0.2);
#5062=AXIS2_PLACEMENT_3D('',#5020,#150,#4086);
#5063=ORIENTED_EDGE('',*,*,#3025,.T.);
#5064=PLANE('',#5065);
#5065=AXIS2_PLACEMENT_3D('',#5066,#150,#13);
#5066=CARTESIAN_POINT('',(-3.914276639233,2.625,0.410238158856));
#5067=ADVANCED_FACE('',(#5068),#5082,.F.);
#5068=FACE_BOUND('',#5069,.F.);
#5069=EDGE_LOOP('',(#5070,#5071,#5078,#5081));
#5070=ORIENTED_EDGE('',*,*,#2331,.T.);
#5071=ORIENTED_EDGE('',*,*,#5072,.T.);
#5072=EDGE_CURVE('',#2326,#5073,#5075,.T.);
#5073=VERTEX_POINT('',#5074);
#5074=CARTESIAN_POINT('',(-3.798480775301,2.975,0.667364817767));
#5075=CIRCLE('',#5076,0.1);
#5076=AXIS2_PLACEMENT_3D('',#5077,#122,#13);
#5077=CARTESIAN_POINT('',(-3.7,2.975,0.65));
#5078=ORIENTED_EDGE('',*,*,#5079,.F.);
#5079=EDGE_CURVE('',#5016,#5073,#5080,.T.);
#5080=LINE('',#5017,#149);
#5081=ORIENTED_EDGE('',*,*,#5015,.F.);
#5082=CYLINDRICAL_SURFACE('',#5019,0.1);
#5083=ADVANCED_FACE('',(#5084),#5128,.T.);
#5084=FACE_BOUND('',#5085,.T.);
#5085=EDGE_LOOP('',(#2338,#2324,#5071,#5086,#5091,#5098,#5103,#5108,#5113,#5119,#5124,#3033));
#5086=ORIENTED_EDGE('',*,*,#5087,.T.);
#5087=EDGE_CURVE('',#5073,#5088,#5090,.T.);
#5088=VERTEX_POINT('',#5089);
#5089=CARTESIAN_POINT('',(-3.882385590716,2.975,0.165270364467));
#5090=LINE('',#5074,#4043);
#5091=ORIENTED_EDGE('',*,*,#5092,.T.);
#5092=EDGE_CURVE('',#5088,#5093,#5095,.T.);
#5093=VERTEX_POINT('',#5094);
#5094=CARTESIAN_POINT('',(-4.079347141319,2.975,1.387778780781E-16));
#5095=CIRCLE('',#5096,0.2);
#5096=AXIS2_PLACEMENT_3D('',#5097,#150,#4052);
#5097=CARTESIAN_POINT('',(-4.079347141319,2.975,0.2));
#5098=ORIENTED_EDGE('',*,*,#5099,.T.);
#5099=EDGE_CURVE('',#5093,#5100,#5102,.T.);
#5100=VERTEX_POINT('',#5101);
#5101=CARTESIAN_POINT('',(-4.5,2.975,1.387778780781E-16));
#5102=LINE('',#5094,#135);
#5103=ORIENTED_EDGE('',*,*,#5104,.T.);
#5104=EDGE_CURVE('',#5100,#5105,#5107,.T.);
#5105=VERTEX_POINT('',#5106);
#5106=CARTESIAN_POINT('',(-4.5,2.975,0.1));
#5107=LINE('',#5101,#187);
#5108=ORIENTED_EDGE('',*,*,#5109,.T.);
#5109=EDGE_CURVE('',#5105,#5110,#5112,.T.);
#5110=VERTEX_POINT('',#5111);
#5111=CARTESIAN_POINT('',(-4.079347141319,2.975,0.1));
#5112=LINE('',#5106,#27);
#5113=ORIENTED_EDGE('',*,*,#5114,.T.);
#5114=EDGE_CURVE('',#5110,#5115,#5117,.T.);
#5115=VERTEX_POINT('',#5116);
#5116=CARTESIAN_POINT('',(-3.980866366018,2.975,0.182635182233));
#5117=CIRCLE('',#5118,1.E-01);
#5118=AXIS2_PLACEMENT_3D('',#5097,#122,#840);
#5119=ORIENTED_EDGE('',*,*,#5120,.T.);
#5120=EDGE_CURVE('',#5115,#5121,#5123,.T.);
#5121=VERTEX_POINT('',#5122);
#5122=CARTESIAN_POINT('',(-3.896961550602,2.975,0.684729635533));
#5123=LINE('',#5116,#4079);
#5124=ORIENTED_EDGE('',*,*,#5125,.T.);
#5125=EDGE_CURVE('',#5121,#3031,#5126,.T.);
#5126=CIRCLE('',#5127,0.2);
#5127=AXIS2_PLACEMENT_3D('',#5077,#150,#4086);
#5128=PLANE('',#5129);
#5129=AXIS2_PLACEMENT_3D('',#5130,#150,#13);
#5130=CARTESIAN_POINT('',(-3.914276639233,2.975,0.410238158856));
#5131=ADVANCED_FACE('',(#5132),#5192,.F.);
#5132=FACE_BOUND('',#5133,.F.);
#5133=EDGE_LOOP('',(#5134,#5135,#5136,#5143,#5150,#5158,#5163,#5168,#5173,#5179,#5186,#5191));
#5134=ORIENTED_EDGE('',*,*,#2351,.F.);
#5135=ORIENTED_EDGE('',*,*,#2361,.T.);
#5136=ORIENTED_EDGE('',*,*,#5137,.T.);
#5137=EDGE_CURVE('',#2362,#5138,#5140,.T.);
#5138=VERTEX_POINT('',#5139);
#5139=CARTESIAN_POINT('',(3.798480775301,2.975,0.667364817767));
#5140=CIRCLE('',#5141,0.1);
#5141=AXIS2_PLACEMENT_3D('',#5142,#150,#13);
#5142=CARTESIAN_POINT('',(3.7,2.975,0.65));
#5143=ORIENTED_EDGE('',*,*,#5144,.T.);
#5144=EDGE_CURVE('',#5138,#5145,#5147,.T.);
#5145=VERTEX_POINT('',#5146);
#5146=CARTESIAN_POINT('',(3.882385590716,2.975,0.165270364467));
#5147=LINE('',#5139,#5148);
#5148=VECTOR('',#5149,1.);
#5149=DIRECTION('',(0.16482406317,1.829914699438E-17,-0.986322983713));
#5150=ORIENTED_EDGE('',*,*,#5151,.T.);
#5151=EDGE_CURVE('',#5145,#5152,#5154,.T.);
#5152=VERTEX_POINT('',#5153);
#5153=CARTESIAN_POINT('',(4.079347141319,2.975,1.387778780781E-16));
#5154=CIRCLE('',#5155,0.2);
#5155=AXIS2_PLACEMENT_3D('',#5156,#122,#5157);
#5156=CARTESIAN_POINT('',(4.079347141319,2.975,0.2));
#5157=DIRECTION('',(-0.984807753012,-1.093356242224E-16,-0.173648177667));
#5158=ORIENTED_EDGE('',*,*,#5159,.T.);
#5159=EDGE_CURVE('',#5152,#5160,#5162,.T.);
#5160=VERTEX_POINT('',#5161);
#5161=CARTESIAN_POINT('',(4.5,2.975,1.387778780781E-16));
#5162=LINE('',#5153,#27);
#5163=ORIENTED_EDGE('',*,*,#5164,.T.);
#5164=EDGE_CURVE('',#5160,#5165,#5167,.T.);
#5165=VERTEX_POINT('',#5166);
#5166=CARTESIAN_POINT('',(4.5,2.975,0.1));
#5167=LINE('',#5161,#187);
#5168=ORIENTED_EDGE('',*,*,#5169,.T.);
#5169=EDGE_CURVE('',#5165,#5170,#5172,.T.);
#5170=VERTEX_POINT('',#5171);
#5171=CARTESIAN_POINT('',(4.079347141319,2.975,0.1));
#5172=LINE('',#5166,#135);
#5173=ORIENTED_EDGE('',*,*,#5174,.T.);
#5174=EDGE_CURVE('',#5170,#5175,#5177,.T.);
#5175=VERTEX_POINT('',#5176);
#5176=CARTESIAN_POINT('',(3.980866366018,2.975,0.182635182233));
#5177=CIRCLE('',#5178,1.E-01);
#5178=AXIS2_PLACEMENT_3D('',#5156,#150,#840);
#5179=ORIENTED_EDGE('',*,*,#5180,.T.);
#5180=EDGE_CURVE('',#5175,#5181,#5183,.T.);
#5181=VERTEX_POINT('',#5182);
#5182=CARTESIAN_POINT('',(3.896961550602,2.975,0.684729635533));
#5183=LINE('',#5176,#5184);
#5184=VECTOR('',#5185,1.);
#5185=DIRECTION('',(-0.16482406317,-1.829914699438E-17,0.986322983713));
#5186=ORIENTED_EDGE('',*,*,#5187,.T.);
#5187=EDGE_CURVE('',#5181,#3985,#5188,.T.);
#5188=CIRCLE('',#5189,0.2);
#5189=AXIS2_PLACEMENT_3D('',#5142,#122,#5190);
#5190=DIRECTION('',(0.984807753012,1.093356242224E-16,0.173648177667));
#5191=ORIENTED_EDGE('',*,*,#3984,.T.);
#5192=PLANE('',#5193);
#5193=AXIS2_PLACEMENT_3D('',#5194,#122,#13);
#5194=CARTESIAN_POINT('',(3.914276639233,2.975,0.410238158856));
#5195=ADVANCED_FACE('',(#5196),#5210,.F.);
#5196=FACE_BOUND('',#5197,.F.);
#5197=EDGE_LOOP('',(#5198,#5199,#5206,#5209));
#5198=ORIENTED_EDGE('',*,*,#2374,.T.);
#5199=ORIENTED_EDGE('',*,*,#5200,.T.);
#5200=EDGE_CURVE('',#2369,#5201,#5203,.T.);
#5201=VERTEX_POINT('',#5202);
#5202=CARTESIAN_POINT('',(3.798480775301,2.625,0.667364817767));
#5203=CIRCLE('',#5204,0.1);
#5204=AXIS2_PLACEMENT_3D('',#5205,#150,#13);
#5205=CARTESIAN_POINT('',(3.7,2.625,0.65));
#5206=ORIENTED_EDGE('',*,*,#5207,.F.);
#5207=EDGE_CURVE('',#5138,#5201,#5208,.T.);
#5208=LINE('',#5139,#121);
#5209=ORIENTED_EDGE('',*,*,#5137,.F.);
#5210=CYLINDRICAL_SURFACE('',#5141,0.1);
#5211=ADVANCED_FACE('',(#5212),#5256,.T.);
#5212=FACE_BOUND('',#5213,.T.);
#5213=EDGE_LOOP('',(#2381,#2367,#5199,#5214,#5219,#5226,#5231,#5236,#5241,#5247,#5252,#3991));
#5214=ORIENTED_EDGE('',*,*,#5215,.T.);
#5215=EDGE_CURVE('',#5201,#5216,#5218,.T.);
#5216=VERTEX_POINT('',#5217);
#5217=CARTESIAN_POINT('',(3.882385590716,2.625,0.165270364467));
#5218=LINE('',#5202,#5148);
#5219=ORIENTED_EDGE('',*,*,#5220,.T.);
#5220=EDGE_CURVE('',#5216,#5221,#5223,.T.);
#5221=VERTEX_POINT('',#5222);
#5222=CARTESIAN_POINT('',(4.079347141319,2.625,1.387778780781E-16));
#5223=CIRCLE('',#5224,0.2);
#5224=AXIS2_PLACEMENT_3D('',#5225,#122,#5157);
#5225=CARTESIAN_POINT('',(4.079347141319,2.625,0.2));
#5226=ORIENTED_EDGE('',*,*,#5227,.T.);
#5227=EDGE_CURVE('',#5221,#5228,#5230,.T.);
#5228=VERTEX_POINT('',#5229);
#5229=CARTESIAN_POINT('',(4.5,2.625,1.387778780781E-16));
#5230=LINE('',#5222,#27);
#5231=ORIENTED_EDGE('',*,*,#5232,.T.);
#5232=EDGE_CURVE('',#5228,#5233,#5235,.T.);
#5233=VERTEX_POINT('',#5234);
#5234=CARTESIAN_POINT('',(4.5,2.625,0.1));
#5235=LINE('',#5229,#187);
#5236=ORIENTED_EDGE('',*,*,#5237,.T.);
#5237=EDGE_CURVE('',#5233,#5238,#5240,.T.);
#5238=VERTEX_POINT('',#5239);
#5239=CARTESIAN_POINT('',(4.079347141319,2.625,0.1));
#5240=LINE('',#5234,#135);
#5241=ORIENTED_EDGE('',*,*,#5242,.T.);
#5242=EDGE_CURVE('',#5238,#5243,#5245,.T.);
#5243=VERTEX_POINT('',#5244);
#5244=CARTESIAN_POINT('',(3.980866366018,2.625,0.182635182233));
#5245=CIRCLE('',#5246,1.E-01);
#5246=AXIS2_PLACEMENT_3D('',#5225,#150,#840);
#5247=ORIENTED_EDGE('',*,*,#5248,.T.);
#5248=EDGE_CURVE('',#5243,#5249,#5251,.T.);
#5249=VERTEX_POINT('',#5250);
#5250=CARTESIAN_POINT('',(3.896961550602,2.625,0.684729635533));
#5251=LINE('',#5244,#5184);
#5252=ORIENTED_EDGE('',*,*,#5253,.T.);
#5253=EDGE_CURVE('',#5249,#3988,#5254,.T.);
#5254=CIRCLE('',#5255,0.2);
#5255=AXIS2_PLACEMENT_3D('',#5205,#122,#5190);
#5256=PLANE('',#5257);
#5257=AXIS2_PLACEMENT_3D('',#5258,#122,#13);
#5258=CARTESIAN_POINT('',(3.914276639233,2.625,0.410238158856));
#5259=ADVANCED_FACE('',(#5260),#837,.F.);
#5260=FACE_BOUND('',#5261,.F.);
#5261=EDGE_LOOP('',(#5262,#5263,#5264,#5268));
#5262=ORIENTED_EDGE('',*,*,#3995,.F.);
#5263=ORIENTED_EDGE('',*,*,#2395,.T.);
#5264=ORIENTED_EDGE('',*,*,#5265,.T.);
#5265=EDGE_CURVE('',#2390,#3912,#5266,.T.);
#5266=LINE('',#5267,#135);
#5267=CARTESIAN_POINT('',(3.7,2.175,0.85));
#5268=ORIENTED_EDGE('',*,*,#3911,.F.);
#5269=ADVANCED_FACE('',(#5270),#5326,.F.);
#5270=FACE_BOUND('',#5271,.F.);
#5271=EDGE_LOOP('',(#5272,#5273,#5274,#5281,#5286,#5293,#5298,#5303,#5308,#5314,#5319,#5324));
#5272=ORIENTED_EDGE('',*,*,#2389,.F.);
#5273=ORIENTED_EDGE('',*,*,#2400,.T.);
#5274=ORIENTED_EDGE('',*,*,#5275,.T.);
#5275=EDGE_CURVE('',#2401,#5276,#5278,.T.);
#5276=VERTEX_POINT('',#5277);
#5277=CARTESIAN_POINT('',(3.798480775301,2.175,0.667364817767));
#5278=CIRCLE('',#5279,0.1);
#5279=AXIS2_PLACEMENT_3D('',#5280,#150,#13);
#5280=CARTESIAN_POINT('',(3.7,2.175,0.65));
#5281=ORIENTED_EDGE('',*,*,#5282,.T.);
#5282=EDGE_CURVE('',#5276,#5283,#5285,.T.);
#5283=VERTEX_POINT('',#5284);
#5284=CARTESIAN_POINT('',(3.882385590716,2.175,0.165270364467));
#5285=LINE('',#5277,#5148);
#5286=ORIENTED_EDGE('',*,*,#5287,.T.);
#5287=EDGE_CURVE('',#5283,#5288,#5290,.T.);
#5288=VERTEX_POINT('',#5289);
#5289=CARTESIAN_POINT('',(4.079347141319,2.175,1.387778780781E-16));
#5290=CIRCLE('',#5291,0.2);
#5291=AXIS2_PLACEMENT_3D('',#5292,#122,#5157);
#5292=CARTESIAN_POINT('',(4.079347141319,2.175,0.2));
#5293=ORIENTED_EDGE('',*,*,#5294,.T.);
#5294=EDGE_CURVE('',#5288,#5295,#5297,.T.);
#5295=VERTEX_POINT('',#5296);
#5296=CARTESIAN_POINT('',(4.5,2.175,1.387778780781E-16));
#5297=LINE('',#5289,#27);
#5298=ORIENTED_EDGE('',*,*,#5299,.T.);
#5299=EDGE_CURVE('',#5295,#5300,#5302,.T.);
#5300=VERTEX_POINT('',#5301);
#5301=CARTESIAN_POINT('',(4.5,2.175,0.1));
#5302=LINE('',#5296,#187);
#5303=ORIENTED_EDGE('',*,*,#5304,.T.);
#5304=EDGE_CURVE('',#5300,#5305,#5307,.T.);
#5305=VERTEX_POINT('',#5306);
#5306=CARTESIAN_POINT('',(4.079347141319,2.175,0.1));
#5307=LINE('',#5301,#135);
#5308=ORIENTED_EDGE('',*,*,#5309,.T.);
#5309=EDGE_CURVE('',#5305,#5310,#5312,.T.);
#5310=VERTEX_POINT('',#5311);
#5311=CARTESIAN_POINT('',(3.980866366018,2.175,0.182635182233));
#5312=CIRCLE('',#5313,1.E-01);
#5313=AXIS2_PLACEMENT_3D('',#5292,#150,#840);
#5314=ORIENTED_EDGE('',*,*,#5315,.T.);
#5315=EDGE_CURVE('',#5310,#5316,#5318,.T.);
#5316=VERTEX_POINT('',#5317);
#5317=CARTESIAN_POINT('',(3.896961550602,2.175,0.684729635533));
#5318=LINE('',#5311,#5184);
#5319=ORIENTED_EDGE('',*,*,#5320,.T.);
#5320=EDGE_CURVE('',#5316,#5321,#5322,.T.);
#5321=VERTEX_POINT('',#5267);
#5322=CIRCLE('',#5323,0.2);
#5323=AXIS2_PLACEMENT_3D('',#5280,#122,#5190);
#5324=ORIENTED_EDGE('',*,*,#5325,.T.);
#5325=EDGE_CURVE('',#5321,#2390,#5266,.T.);
#5326=PLANE('',#5327);
#5327=AXIS2_PLACEMENT_3D('',#5328,#122,#13);
#5328=CARTESIAN_POINT('',(3.914276639233,2.175,0.410238158856));
#5329=ADVANCED_FACE('',(#5330),#5344,.F.);
#5330=FACE_BOUND('',#5331,.F.);
#5331=EDGE_LOOP('',(#5332,#5333,#5340,#5343));
#5332=ORIENTED_EDGE('',*,*,#2413,.T.);
#5333=ORIENTED_EDGE('',*,*,#5334,.T.);
#5334=EDGE_CURVE('',#2408,#5335,#5337,.T.);
#5335=VERTEX_POINT('',#5336);
#5336=CARTESIAN_POINT('',(3.798480775301,1.825,0.667364817767));
#5337=CIRCLE('',#5338,0.1);
#5338=AXIS2_PLACEMENT_3D('',#5339,#150,#13);
#5339=CARTESIAN_POINT('',(3.7,1.825,0.65));
#5340=ORIENTED_EDGE('',*,*,#5341,.F.);
#5341=EDGE_CURVE('',#5276,#5335,#5342,.T.);
#5342=LINE('',#5277,#121);
#5343=ORIENTED_EDGE('',*,*,#5275,.F.);
#5344=CYLINDRICAL_SURFACE('',#5279,0.1);
#5345=ADVANCED_FACE('',(#5346),#5395,.T.);
#5346=FACE_BOUND('',#5347,.T.);
#5347=EDGE_LOOP('',(#2420,#2406,#5333,#5348,#5353,#5360,#5365,#5370,#5375,#5381,#5386,#5392));
#5348=ORIENTED_EDGE('',*,*,#5349,.T.);
#5349=EDGE_CURVE('',#5335,#5350,#5352,.T.);
#5350=VERTEX_POINT('',#5351);
#5351=CARTESIAN_POINT('',(3.882385590716,1.825,0.165270364467));
#5352=LINE('',#5336,#5148);
#5353=ORIENTED_EDGE('',*,*,#5354,.T.);
#5354=EDGE_CURVE('',#5350,#5355,#5357,.T.);
#5355=VERTEX_POINT('',#5356);
#5356=CARTESIAN_POINT('',(4.079347141319,1.825,1.387778780781E-16));
#5357=CIRCLE('',#5358,0.2);
#5358=AXIS2_PLACEMENT_3D('',#5359,#122,#5157);
#5359=CARTESIAN_POINT('',(4.079347141319,1.825,0.2));
#5360=ORIENTED_EDGE('',*,*,#5361,.T.);
#5361=EDGE_CURVE('',#5355,#5362,#5364,.T.);
#5362=VERTEX_POINT('',#5363);
#5363=CARTESIAN_POINT('',(4.5,1.825,1.387778780781E-16));
#5364=LINE('',#5356,#27);
#5365=ORIENTED_EDGE('',*,*,#5366,.T.);
#5366=EDGE_CURVE('',#5362,#5367,#5369,.T.);
#5367=VERTEX_POINT('',#5368);
#5368=CARTESIAN_POINT('',(4.5,1.825,0.1));
#5369=LINE('',#5363,#187);
#5370=ORIENTED_EDGE('',*,*,#5371,.T.);
#5371=EDGE_CURVE('',#5367,#5372,#5374,.T.);
#5372=VERTEX_POINT('',#5373);
#5373=CARTESIAN_POINT('',(4.079347141319,1.825,0.1));
#5374=LINE('',#5368,#135);
#5375=ORIENTED_EDGE('',*,*,#5376,.T.);
#5376=EDGE_CURVE('',#5372,#5377,#5379,.T.);
#5377=VERTEX_POINT('',#5378);
#5378=CARTESIAN_POINT('',(3.980866366018,1.825,0.182635182233));
#5379=CIRCLE('',#5380,1.E-01);
#5380=AXIS2_PLACEMENT_3D('',#5359,#150,#840);
#5381=ORIENTED_EDGE('',*,*,#5382,.T.);
#5382=EDGE_CURVE('',#5377,#5383,#5385,.T.);
#5383=VERTEX_POINT('',#5384);
#5384=CARTESIAN_POINT('',(3.896961550602,1.825,0.684729635533));
#5385=LINE('',#5378,#5184);
#5386=ORIENTED_EDGE('',*,*,#5387,.T.);
#5387=EDGE_CURVE('',#5383,#5388,#5390,.T.);
#5388=VERTEX_POINT('',#5389);
#5389=CARTESIAN_POINT('',(3.7,1.825,0.85));
#5390=CIRCLE('',#5391,0.2);
#5391=AXIS2_PLACEMENT_3D('',#5339,#122,#5190);
#5392=ORIENTED_EDGE('',*,*,#5393,.T.);
#5393=EDGE_CURVE('',#5388,#2422,#5394,.T.);
#5394=LINE('',#5389,#135);
#5395=PLANE('',#5396);
#5396=AXIS2_PLACEMENT_3D('',#5397,#122,#13);
#5397=CARTESIAN_POINT('',(3.914276639233,1.825,0.410238158856));
#5398=ADVANCED_FACE('',(#5399),#837,.F.);
#5399=FACE_BOUND('',#5400,.F.);
#5400=EDGE_LOOP('',(#5401,#5403,#5404,#5408));
#5401=ORIENTED_EDGE('',*,*,#5402,.F.);
#5402=EDGE_CURVE('',#2422,#3916,#5394,.T.);
#5403=ORIENTED_EDGE('',*,*,#2434,.T.);
#5404=ORIENTED_EDGE('',*,*,#5405,.T.);
#5405=EDGE_CURVE('',#2429,#3920,#5406,.T.);
#5406=LINE('',#5407,#135);
#5407=CARTESIAN_POINT('',(3.7,1.375,0.85));
#5408=ORIENTED_EDGE('',*,*,#3919,.F.);
#5409=ADVANCED_FACE('',(#5410),#5466,.F.);
#5410=FACE_BOUND('',#5411,.F.);
#5411=EDGE_LOOP('',(#5412,#5413,#5414,#5421,#5426,#5433,#5438,#5443,#5448,#5454,#5459,#5464));
#5412=ORIENTED_EDGE('',*,*,#2428,.F.);
#5413=ORIENTED_EDGE('',*,*,#2439,.T.);
#5414=ORIENTED_EDGE('',*,*,#5415,.T.);
#5415=EDGE_CURVE('',#2440,#5416,#5418,.T.);
#5416=VERTEX_POINT('',#5417);
#5417=CARTESIAN_POINT('',(3.798480775301,1.375,0.667364817767));
#5418=CIRCLE('',#5419,0.1);
#5419=AXIS2_PLACEMENT_3D('',#5420,#150,#13);
#5420=CARTESIAN_POINT('',(3.7,1.375,0.65));
#5421=ORIENTED_EDGE('',*,*,#5422,.T.);
#5422=EDGE_CURVE('',#5416,#5423,#5425,.T.);
#5423=VERTEX_POINT('',#5424);
#5424=CARTESIAN_POINT('',(3.882385590716,1.375,0.165270364467));
#5425=LINE('',#5417,#5148);
#5426=ORIENTED_EDGE('',*,*,#5427,.T.);
#5427=EDGE_CURVE('',#5423,#5428,#5430,.T.);
#5428=VERTEX_POINT('',#5429);
#5429=CARTESIAN_POINT('',(4.079347141319,1.375,1.387778780781E-16));
#5430=CIRCLE('',#5431,0.2);
#5431=AXIS2_PLACEMENT_3D('',#5432,#122,#5157);
#5432=CARTESIAN_POINT('',(4.079347141319,1.375,0.2));
#5433=ORIENTED_EDGE('',*,*,#5434,.T.);
#5434=EDGE_CURVE('',#5428,#5435,#5437,.T.);
#5435=VERTEX_POINT('',#5436);
#5436=CARTESIAN_POINT('',(4.5,1.375,1.387778780781E-16));
#5437=LINE('',#5429,#27);
#5438=ORIENTED_EDGE('',*,*,#5439,.T.);
#5439=EDGE_CURVE('',#5435,#5440,#5442,.T.);
#5440=VERTEX_POINT('',#5441);
#5441=CARTESIAN_POINT('',(4.5,1.375,0.1));
#5442=LINE('',#5436,#187);
#5443=ORIENTED_EDGE('',*,*,#5444,.T.);
#5444=EDGE_CURVE('',#5440,#5445,#5447,.T.);
#5445=VERTEX_POINT('',#5446);
#5446=CARTESIAN_POINT('',(4.079347141319,1.375,0.1));
#5447=LINE('',#5441,#135);
#5448=ORIENTED_EDGE('',*,*,#5449,.T.);
#5449=EDGE_CURVE('',#5445,#5450,#5452,.T.);
#5450=VERTEX_POINT('',#5451);
#5451=CARTESIAN_POINT('',(3.980866366018,1.375,0.182635182233));
#5452=CIRCLE('',#5453,1.E-01);
#5453=AXIS2_PLACEMENT_3D('',#5432,#150,#840);
#5454=ORIENTED_EDGE('',*,*,#5455,.T.);
#5455=EDGE_CURVE('',#5450,#5456,#5458,.T.);
#5456=VERTEX_POINT('',#5457);
#5457=CARTESIAN_POINT('',(3.896961550602,1.375,0.684729635533));
#5458=LINE('',#5451,#5184);
#5459=ORIENTED_EDGE('',*,*,#5460,.T.);
#5460=EDGE_CURVE('',#5456,#5461,#5462,.T.);
#5461=VERTEX_POINT('',#5407);
#5462=CIRCLE('',#5463,0.2);
#5463=AXIS2_PLACEMENT_3D('',#5420,#122,#5190);
#5464=ORIENTED_EDGE('',*,*,#5465,.T.);
#5465=EDGE_CURVE('',#5461,#2429,#5406,.T.);
#5466=PLANE('',#5467);
#5467=AXIS2_PLACEMENT_3D('',#5468,#122,#13);
#5468=CARTESIAN_POINT('',(3.914276639233,1.375,0.410238158856));
#5469=ADVANCED_FACE('',(#5470),#5484,.F.);
#5470=FACE_BOUND('',#5471,.F.);
#5471=EDGE_LOOP('',(#5472,#5473,#5480,#5483));
#5472=ORIENTED_EDGE('',*,*,#2452,.T.);
#5473=ORIENTED_EDGE('',*,*,#5474,.T.);
#5474=EDGE_CURVE('',#2447,#5475,#5477,.T.);
#5475=VERTEX_POINT('',#5476);
#5476=CARTESIAN_POINT('',(3.798480775301,1.025,0.667364817767));
#5477=CIRCLE('',#5478,0.1);
#5478=AXIS2_PLACEMENT_3D('',#5479,#150,#13);
#5479=CARTESIAN_POINT('',(3.7,1.025,0.65));
#5480=ORIENTED_EDGE('',*,*,#5481,.F.);
#5481=EDGE_CURVE('',#5416,#5475,#5482,.T.);
#5482=LINE('',#5417,#121);
#5483=ORIENTED_EDGE('',*,*,#5415,.F.);
#5484=CYLINDRICAL_SURFACE('',#5419,0.1);
#5485=ADVANCED_FACE('',(#5486),#5535,.T.);
#5486=FACE_BOUND('',#5487,.T.);
#5487=EDGE_LOOP('',(#2459,#2445,#5473,#5488,#5493,#5500,#5505,#5510,#5515,#5521,#5526,#5532));
#5488=ORIENTED_EDGE('',*,*,#5489,.T.);
#5489=EDGE_CURVE('',#5475,#5490,#5492,.T.);
#5490=VERTEX_POINT('',#5491);
#5491=CARTESIAN_POINT('',(3.882385590716,1.025,0.165270364467));
#5492=LINE('',#5476,#5148);
#5493=ORIENTED_EDGE('',*,*,#5494,.T.);
#5494=EDGE_CURVE('',#5490,#5495,#5497,.T.);
#5495=VERTEX_POINT('',#5496);
#5496=CARTESIAN_POINT('',(4.079347141319,1.025,1.387778780781E-16));
#5497=CIRCLE('',#5498,0.2);
#5498=AXIS2_PLACEMENT_3D('',#5499,#122,#5157);
#5499=CARTESIAN_POINT('',(4.079347141319,1.025,0.2));
#5500=ORIENTED_EDGE('',*,*,#5501,.T.);
#5501=EDGE_CURVE('',#5495,#5502,#5504,.T.);
#5502=VERTEX_POINT('',#5503);
#5503=CARTESIAN_POINT('',(4.5,1.025,1.387778780781E-16));
#5504=LINE('',#5496,#27);
#5505=ORIENTED_EDGE('',*,*,#5506,.T.);
#5506=EDGE_CURVE('',#5502,#5507,#5509,.T.);
#5507=VERTEX_POINT('',#5508);
#5508=CARTESIAN_POINT('',(4.5,1.025,0.1));
#5509=LINE('',#5503,#187);
#5510=ORIENTED_EDGE('',*,*,#5511,.T.);
#5511=EDGE_CURVE('',#5507,#5512,#5514,.T.);
#5512=VERTEX_POINT('',#5513);
#5513=CARTESIAN_POINT('',(4.079347141319,1.025,0.1));
#5514=LINE('',#5508,#135);
#5515=ORIENTED_EDGE('',*,*,#5516,.T.);
#5516=EDGE_CURVE('',#5512,#5517,#5519,.T.);
#5517=VERTEX_POINT('',#5518);
#5518=CARTESIAN_POINT('',(3.980866366018,1.025,0.182635182233));
#5519=CIRCLE('',#5520,1.E-01);
#5520=AXIS2_PLACEMENT_3D('',#5499,#150,#840);
#5521=ORIENTED_EDGE('',*,*,#5522,.T.);
#5522=EDGE_CURVE('',#5517,#5523,#5525,.T.);
#5523=VERTEX_POINT('',#5524);
#5524=CARTESIAN_POINT('',(3.896961550602,1.025,0.684729635533));
#5525=LINE('',#5518,#5184);
#5526=ORIENTED_EDGE('',*,*,#5527,.T.);
#5527=EDGE_CURVE('',#5523,#5528,#5530,.T.);
#5528=VERTEX_POINT('',#5529);
#5529=CARTESIAN_POINT('',(3.7,1.025,0.85));
#5530=CIRCLE('',#5531,0.2);
#5531=AXIS2_PLACEMENT_3D('',#5479,#122,#5190);
#5532=ORIENTED_EDGE('',*,*,#5533,.T.);
#5533=EDGE_CURVE('',#5528,#2461,#5534,.T.);
#5534=LINE('',#5529,#135);
#5535=PLANE('',#5536);
#5536=AXIS2_PLACEMENT_3D('',#5537,#122,#13);
#5537=CARTESIAN_POINT('',(3.914276639233,1.025,0.410238158856));
#5538=ADVANCED_FACE('',(#5539),#837,.F.);
#5539=FACE_BOUND('',#5540,.F.);
#5540=EDGE_LOOP('',(#5541,#5543,#5544,#5548));
#5541=ORIENTED_EDGE('',*,*,#5542,.F.);
#5542=EDGE_CURVE('',#2461,#3924,#5534,.T.);
#5543=ORIENTED_EDGE('',*,*,#2473,.T.);
#5544=ORIENTED_EDGE('',*,*,#5545,.T.);
#5545=EDGE_CURVE('',#2468,#3928,#5546,.T.);
#5546=LINE('',#5547,#135);
#5547=CARTESIAN_POINT('',(3.7,0.575,0.85));
#5548=ORIENTED_EDGE('',*,*,#3927,.F.);
#5549=ADVANCED_FACE('',(#5550),#5606,.F.);
#5550=FACE_BOUND('',#5551,.F.);
#5551=EDGE_LOOP('',(#5552,#5553,#5554,#5561,#5566,#5573,#5578,#5583,#5588,#5594,#5599,#5604));
#5552=ORIENTED_EDGE('',*,*,#2467,.F.);
#5553=ORIENTED_EDGE('',*,*,#2478,.T.);
#5554=ORIENTED_EDGE('',*,*,#5555,.T.);
#5555=EDGE_CURVE('',#2479,#5556,#5558,.T.);
#5556=VERTEX_POINT('',#5557);
#5557=CARTESIAN_POINT('',(3.798480775301,0.575,0.667364817767));
#5558=CIRCLE('',#5559,0.1);
#5559=AXIS2_PLACEMENT_3D('',#5560,#150,#13);
#5560=CARTESIAN_POINT('',(3.7,0.575,0.65));
#5561=ORIENTED_EDGE('',*,*,#5562,.T.);
#5562=EDGE_CURVE('',#5556,#5563,#5565,.T.);
#5563=VERTEX_POINT('',#5564);
#5564=CARTESIAN_POINT('',(3.882385590716,0.575,0.165270364467));
#5565=LINE('',#5557,#5148);
#5566=ORIENTED_EDGE('',*,*,#5567,.T.);
#5567=EDGE_CURVE('',#5563,#5568,#5570,.T.);
#5568=VERTEX_POINT('',#5569);
#5569=CARTESIAN_POINT('',(4.079347141319,0.575,1.387778780781E-16));
#5570=CIRCLE('',#5571,0.2);
#5571=AXIS2_PLACEMENT_3D('',#5572,#122,#5157);
#5572=CARTESIAN_POINT('',(4.079347141319,0.575,0.2));
#5573=ORIENTED_EDGE('',*,*,#5574,.T.);
#5574=EDGE_CURVE('',#5568,#5575,#5577,.T.);
#5575=VERTEX_POINT('',#5576);
#5576=CARTESIAN_POINT('',(4.5,0.575,1.387778780781E-16));
#5577=LINE('',#5569,#27);
#5578=ORIENTED_EDGE('',*,*,#5579,.T.);
#5579=EDGE_CURVE('',#5575,#5580,#5582,.T.);
#5580=VERTEX_POINT('',#5581);
#5581=CARTESIAN_POINT('',(4.5,0.575,0.1));
#5582=LINE('',#5576,#187);
#5583=ORIENTED_EDGE('',*,*,#5584,.T.);
#5584=EDGE_CURVE('',#5580,#5585,#5587,.T.);
#5585=VERTEX_POINT('',#5586);
#5586=CARTESIAN_POINT('',(4.079347141319,0.575,0.1));
#5587=LINE('',#5581,#135);
#5588=ORIENTED_EDGE('',*,*,#5589,.T.);
#5589=EDGE_CURVE('',#5585,#5590,#5592,.T.);
#5590=VERTEX_POINT('',#5591);
#5591=CARTESIAN_POINT('',(3.980866366018,0.575,0.182635182233));
#5592=CIRCLE('',#5593,1.E-01);
#5593=AXIS2_PLACEMENT_3D('',#5572,#150,#840);
#5594=ORIENTED_EDGE('',*,*,#5595,.T.);
#5595=EDGE_CURVE('',#5590,#5596,#5598,.T.);
#5596=VERTEX_POINT('',#5597);
#5597=CARTESIAN_POINT('',(3.896961550602,0.575,0.684729635533));
#5598=LINE('',#5591,#5184);
#5599=ORIENTED_EDGE('',*,*,#5600,.T.);
#5600=EDGE_CURVE('',#5596,#5601,#5602,.T.);
#5601=VERTEX_POINT('',#5547);
#5602=CIRCLE('',#5603,0.2);
#5603=AXIS2_PLACEMENT_3D('',#5560,#122,#5190);
#5604=ORIENTED_EDGE('',*,*,#5605,.T.);
#5605=EDGE_CURVE('',#5601,#2468,#5546,.T.);
#5606=PLANE('',#5607);
#5607=AXIS2_PLACEMENT_3D('',#5608,#122,#13);
#5608=CARTESIAN_POINT('',(3.914276639233,0.575,0.410238158856));
#5609=ADVANCED_FACE('',(#5610),#5624,.F.);
#5610=FACE_BOUND('',#5611,.F.);
#5611=EDGE_LOOP('',(#5612,#5613,#5620,#5623));
#5612=ORIENTED_EDGE('',*,*,#2491,.T.);
#5613=ORIENTED_EDGE('',*,*,#5614,.T.);
#5614=EDGE_CURVE('',#2486,#5615,#5617,.T.);
#5615=VERTEX_POINT('',#5616);
#5616=CARTESIAN_POINT('',(3.798480775301,0.225,0.667364817767));
#5617=CIRCLE('',#5618,0.1);
#5618=AXIS2_PLACEMENT_3D('',#5619,#150,#13);
#5619=CARTESIAN_POINT('',(3.7,0.225,0.65));
#5620=ORIENTED_EDGE('',*,*,#5621,.F.);
#5621=EDGE_CURVE('',#5556,#5615,#5622,.T.);
#5622=LINE('',#5557,#121);
#5623=ORIENTED_EDGE('',*,*,#5555,.F.);
#5624=CYLINDRICAL_SURFACE('',#5559,0.1);
#5625=ADVANCED_FACE('',(#5626),#5675,.T.);
#5626=FACE_BOUND('',#5627,.T.);
#5627=EDGE_LOOP('',(#2498,#2484,#5613,#5628,#5633,#5640,#5645,#5650,#5655,#5661,#5666,#5672));
#5628=ORIENTED_EDGE('',*,*,#5629,.T.);
#5629=EDGE_CURVE('',#5615,#5630,#5632,.T.);
#5630=VERTEX_POINT('',#5631);
#5631=CARTESIAN_POINT('',(3.882385590716,0.225,0.165270364467));
#5632=LINE('',#5616,#5148);
#5633=ORIENTED_EDGE('',*,*,#5634,.T.);
#5634=EDGE_CURVE('',#5630,#5635,#5637,.T.);
#5635=VERTEX_POINT('',#5636);
#5636=CARTESIAN_POINT('',(4.079347141319,0.225,1.387778780781E-16));
#5637=CIRCLE('',#5638,0.2);
#5638=AXIS2_PLACEMENT_3D('',#5639,#122,#5157);
#5639=CARTESIAN_POINT('',(4.079347141319,0.225,0.2));
#5640=ORIENTED_EDGE('',*,*,#5641,.T.);
#5641=EDGE_CURVE('',#5635,#5642,#5644,.T.);
#5642=VERTEX_POINT('',#5643);
#5643=CARTESIAN_POINT('',(4.5,0.225,1.387778780781E-16));
#5644=LINE('',#5636,#27);
#5645=ORIENTED_EDGE('',*,*,#5646,.T.);
#5646=EDGE_CURVE('',#5642,#5647,#5649,.T.);
#5647=VERTEX_POINT('',#5648);
#5648=CARTESIAN_POINT('',(4.5,0.225,0.1));
#5649=LINE('',#5643,#187);
#5650=ORIENTED_EDGE('',*,*,#5651,.T.);
#5651=EDGE_CURVE('',#5647,#5652,#5654,.T.);
#5652=VERTEX_POINT('',#5653);
#5653=CARTESIAN_POINT('',(4.079347141319,0.225,0.1));
#5654=LINE('',#5648,#135);
#5655=ORIENTED_EDGE('',*,*,#5656,.T.);
#5656=EDGE_CURVE('',#5652,#5657,#5659,.T.);
#5657=VERTEX_POINT('',#5658);
#5658=CARTESIAN_POINT('',(3.980866366018,0.225,0.182635182233));
#5659=CIRCLE('',#5660,1.E-01);
#5660=AXIS2_PLACEMENT_3D('',#5639,#150,#840);
#5661=ORIENTED_EDGE('',*,*,#5662,.T.);
#5662=EDGE_CURVE('',#5657,#5663,#5665,.T.);
#5663=VERTEX_POINT('',#5664);
#5664=CARTESIAN_POINT('',(3.896961550602,0.225,0.684729635533));
#5665=LINE('',#5658,#5184);
#5666=ORIENTED_EDGE('',*,*,#5667,.T.);
#5667=EDGE_CURVE('',#5663,#5668,#5670,.T.);
#5668=VERTEX_POINT('',#5669);
#5669=CARTESIAN_POINT('',(3.7,0.225,0.85));
#5670=CIRCLE('',#5671,0.2);
#5671=AXIS2_PLACEMENT_3D('',#5619,#122,#5190);
#5672=ORIENTED_EDGE('',*,*,#5673,.T.);
#5673=EDGE_CURVE('',#5668,#2500,#5674,.T.);
#5674=LINE('',#5669,#135);
#5675=PLANE('',#5676);
#5676=AXIS2_PLACEMENT_3D('',#5677,#122,#13);
#5677=CARTESIAN_POINT('',(3.914276639233,0.225,0.410238158856));
#5678=ADVANCED_FACE('',(#5679),#837,.F.);
#5679=FACE_BOUND('',#5680,.F.);
#5680=EDGE_LOOP('',(#5681,#5683,#5684,#5688));
#5681=ORIENTED_EDGE('',*,*,#5682,.F.);
#5682=EDGE_CURVE('',#2500,#3932,#5674,.T.);
#5683=ORIENTED_EDGE('',*,*,#2512,.T.);
#5684=ORIENTED_EDGE('',*,*,#5685,.T.);
#5685=EDGE_CURVE('',#2507,#3936,#5686,.T.);
#5686=LINE('',#5687,#135);
#5687=CARTESIAN_POINT('',(3.7,-0.225,0.85));
#5688=ORIENTED_EDGE('',*,*,#3935,.F.);
#5689=ADVANCED_FACE('',(#5690),#5746,.F.);
#5690=FACE_BOUND('',#5691,.F.);
#5691=EDGE_LOOP('',(#5692,#5693,#5694,#5701,#5706,#5713,#5718,#5723,#5728,#5734,#5739,#5744));
#5692=ORIENTED_EDGE('',*,*,#2506,.F.);
#5693=ORIENTED_EDGE('',*,*,#2517,.T.);
#5694=ORIENTED_EDGE('',*,*,#5695,.T.);
#5695=EDGE_CURVE('',#2518,#5696,#5698,.T.);
#5696=VERTEX_POINT('',#5697);
#5697=CARTESIAN_POINT('',(3.798480775301,-0.225,0.667364817767));
#5698=CIRCLE('',#5699,0.1);
#5699=AXIS2_PLACEMENT_3D('',#5700,#150,#13);
#5700=CARTESIAN_POINT('',(3.7,-0.225,0.65));
#5701=ORIENTED_EDGE('',*,*,#5702,.T.);
#5702=EDGE_CURVE('',#5696,#5703,#5705,.T.);
#5703=VERTEX_POINT('',#5704);
#5704=CARTESIAN_POINT('',(3.882385590716,-0.225,0.165270364467));
#5705=LINE('',#5697,#5148);
#5706=ORIENTED_EDGE('',*,*,#5707,.T.);
#5707=EDGE_CURVE('',#5703,#5708,#5710,.T.);
#5708=VERTEX_POINT('',#5709);
#5709=CARTESIAN_POINT('',(4.079347141319,-0.225,1.387778780781E-16));
#5710=CIRCLE('',#5711,0.2);
#5711=AXIS2_PLACEMENT_3D('',#5712,#122,#5157);
#5712=CARTESIAN_POINT('',(4.079347141319,-0.225,0.2));
#5713=ORIENTED_EDGE('',*,*,#5714,.T.);
#5714=EDGE_CURVE('',#5708,#5715,#5717,.T.);
#5715=VERTEX_POINT('',#5716);
#5716=CARTESIAN_POINT('',(4.5,-0.225,1.387778780781E-16));
#5717=LINE('',#5709,#27);
#5718=ORIENTED_EDGE('',*,*,#5719,.T.);
#5719=EDGE_CURVE('',#5715,#5720,#5722,.T.);
#5720=VERTEX_POINT('',#5721);
#5721=CARTESIAN_POINT('',(4.5,-0.225,0.1));
#5722=LINE('',#5716,#187);
#5723=ORIENTED_EDGE('',*,*,#5724,.T.);
#5724=EDGE_CURVE('',#5720,#5725,#5727,.T.);
#5725=VERTEX_POINT('',#5726);
#5726=CARTESIAN_POINT('',(4.079347141319,-0.225,0.1));
#5727=LINE('',#5721,#135);
#5728=ORIENTED_EDGE('',*,*,#5729,.T.);
#5729=EDGE_CURVE('',#5725,#5730,#5732,.T.);
#5730=VERTEX_POINT('',#5731);
#5731=CARTESIAN_POINT('',(3.980866366018,-0.225,0.182635182233));
#5732=CIRCLE('',#5733,1.E-01);
#5733=AXIS2_PLACEMENT_3D('',#5712,#150,#840);
#5734=ORIENTED_EDGE('',*,*,#5735,.T.);
#5735=EDGE_CURVE('',#5730,#5736,#5738,.T.);
#5736=VERTEX_POINT('',#5737);
#5737=CARTESIAN_POINT('',(3.896961550602,-0.225,0.684729635533));
#5738=LINE('',#5731,#5184);
#5739=ORIENTED_EDGE('',*,*,#5740,.T.);
#5740=EDGE_CURVE('',#5736,#5741,#5742,.T.);
#5741=VERTEX_POINT('',#5687);
#5742=CIRCLE('',#5743,0.2);
#5743=AXIS2_PLACEMENT_3D('',#5700,#122,#5190);
#5744=ORIENTED_EDGE('',*,*,#5745,.T.);
#5745=EDGE_CURVE('',#5741,#2507,#5686,.T.);
#5746=PLANE('',#5747);
#5747=AXIS2_PLACEMENT_3D('',#5748,#122,#13);
#5748=CARTESIAN_POINT('',(3.914276639233,-0.225,0.410238158856));
#5749=ADVANCED_FACE('',(#5750),#5764,.F.);
#5750=FACE_BOUND('',#5751,.F.);
#5751=EDGE_LOOP('',(#5752,#5753,#5760,#5763));
#5752=ORIENTED_EDGE('',*,*,#2530,.T.);
#5753=ORIENTED_EDGE('',*,*,#5754,.T.);
#5754=EDGE_CURVE('',#2525,#5755,#5757,.T.);
#5755=VERTEX_POINT('',#5756);
#5756=CARTESIAN_POINT('',(3.798480775301,-0.575,0.667364817767));
#5757=CIRCLE('',#5758,0.1);
#5758=AXIS2_PLACEMENT_3D('',#5759,#150,#13);
#5759=CARTESIAN_POINT('',(3.7,-0.575,0.65));
#5760=ORIENTED_EDGE('',*,*,#5761,.F.);
#5761=EDGE_CURVE('',#5696,#5755,#5762,.T.);
#5762=LINE('',#5697,#121);
#5763=ORIENTED_EDGE('',*,*,#5695,.F.);
#5764=CYLINDRICAL_SURFACE('',#5699,0.1);
#5765=ADVANCED_FACE('',(#5766),#5815,.T.);
#5766=FACE_BOUND('',#5767,.T.);
#5767=EDGE_LOOP('',(#2537,#2523,#5753,#5768,#5773,#5780,#5785,#5790,#5795,#5801,#5806,#5812));
#5768=ORIENTED_EDGE('',*,*,#5769,.T.);
#5769=EDGE_CURVE('',#5755,#5770,#5772,.T.);
#5770=VERTEX_POINT('',#5771);
#5771=CARTESIAN_POINT('',(3.882385590716,-0.575,0.165270364467));
#5772=LINE('',#5756,#5148);
#5773=ORIENTED_EDGE('',*,*,#5774,.T.);
#5774=EDGE_CURVE('',#5770,#5775,#5777,.T.);
#5775=VERTEX_POINT('',#5776);
#5776=CARTESIAN_POINT('',(4.079347141319,-0.575,1.387778780781E-16));
#5777=CIRCLE('',#5778,0.2);
#5778=AXIS2_PLACEMENT_3D('',#5779,#122,#5157);
#5779=CARTESIAN_POINT('',(4.079347141319,-0.575,0.2));
#5780=ORIENTED_EDGE('',*,*,#5781,.T.);
#5781=EDGE_CURVE('',#5775,#5782,#5784,.T.);
#5782=VERTEX_POINT('',#5783);
#5783=CARTESIAN_POINT('',(4.5,-0.575,1.387778780781E-16));
#5784=LINE('',#5776,#27);
#5785=ORIENTED_EDGE('',*,*,#5786,.T.);
#5786=EDGE_CURVE('',#5782,#5787,#5789,.T.);
#5787=VERTEX_POINT('',#5788);
#5788=CARTESIAN_POINT('',(4.5,-0.575,0.1));
#5789=LINE('',#5783,#187);
#5790=ORIENTED_EDGE('',*,*,#5791,.T.);
#5791=EDGE_CURVE('',#5787,#5792,#5794,.T.);
#5792=VERTEX_POINT('',#5793);
#5793=CARTESIAN_POINT('',(4.079347141319,-0.575,0.1));
#5794=LINE('',#5788,#135);
#5795=ORIENTED_EDGE('',*,*,#5796,.T.);
#5796=EDGE_CURVE('',#5792,#5797,#5799,.T.);
#5797=VERTEX_POINT('',#5798);
#5798=CARTESIAN_POINT('',(3.980866366018,-0.575,0.182635182233));
#5799=CIRCLE('',#5800,1.E-01);
#5800=AXIS2_PLACEMENT_3D('',#5779,#150,#840);
#5801=ORIENTED_EDGE('',*,*,#5802,.T.);
#5802=EDGE_CURVE('',#5797,#5803,#5805,.T.);
#5803=VERTEX_POINT('',#5804);
#5804=CARTESIAN_POINT('',(3.896961550602,-0.575,0.684729635533));
#5805=LINE('',#5798,#5184);
#5806=ORIENTED_EDGE('',*,*,#5807,.T.);
#5807=EDGE_CURVE('',#5803,#5808,#5810,.T.);
#5808=VERTEX_POINT('',#5809);
#5809=CARTESIAN_POINT('',(3.7,-0.575,0.85));
#5810=CIRCLE('',#5811,0.2);
#5811=AXIS2_PLACEMENT_3D('',#5759,#122,#5190);
#5812=ORIENTED_EDGE('',*,*,#5813,.T.);
#5813=EDGE_CURVE('',#5808,#2539,#5814,.T.);
#5814=LINE('',#5809,#135);
#5815=PLANE('',#5816);
#5816=AXIS2_PLACEMENT_3D('',#5817,#122,#13);
#5817=CARTESIAN_POINT('',(3.914276639233,-0.575,0.410238158856));
#5818=ADVANCED_FACE('',(#5819),#837,.F.);
#5819=FACE_BOUND('',#5820,.F.);
#5820=EDGE_LOOP('',(#5821,#5823,#5824,#5828));
#5821=ORIENTED_EDGE('',*,*,#5822,.F.);
#5822=EDGE_CURVE('',#2539,#3940,#5814,.T.);
#5823=ORIENTED_EDGE('',*,*,#2551,.T.);
#5824=ORIENTED_EDGE('',*,*,#5825,.T.);
#5825=EDGE_CURVE('',#2546,#3944,#5826,.T.);
#5826=LINE('',#5827,#135);
#5827=CARTESIAN_POINT('',(3.7,-1.025,0.85));
#5828=ORIENTED_EDGE('',*,*,#3943,.F.);
#5829=ADVANCED_FACE('',(#5830),#5886,.F.);
#5830=FACE_BOUND('',#5831,.F.);
#5831=EDGE_LOOP('',(#5832,#5833,#5834,#5841,#5846,#5853,#5858,#5863,#5868,#5874,#5879,#5884));
#5832=ORIENTED_EDGE('',*,*,#2545,.F.);
#5833=ORIENTED_EDGE('',*,*,#2556,.T.);
#5834=ORIENTED_EDGE('',*,*,#5835,.T.);
#5835=EDGE_CURVE('',#2557,#5836,#5838,.T.);
#5836=VERTEX_POINT('',#5837);
#5837=CARTESIAN_POINT('',(3.798480775301,-1.025,0.667364817767));
#5838=CIRCLE('',#5839,0.1);
#5839=AXIS2_PLACEMENT_3D('',#5840,#150,#13);
#5840=CARTESIAN_POINT('',(3.7,-1.025,0.65));
#5841=ORIENTED_EDGE('',*,*,#5842,.T.);
#5842=EDGE_CURVE('',#5836,#5843,#5845,.T.);
#5843=VERTEX_POINT('',#5844);
#5844=CARTESIAN_POINT('',(3.882385590716,-1.025,0.165270364467));
#5845=LINE('',#5837,#5148);
#5846=ORIENTED_EDGE('',*,*,#5847,.T.);
#5847=EDGE_CURVE('',#5843,#5848,#5850,.T.);
#5848=VERTEX_POINT('',#5849);
#5849=CARTESIAN_POINT('',(4.079347141319,-1.025,1.387778780781E-16));
#5850=CIRCLE('',#5851,0.2);
#5851=AXIS2_PLACEMENT_3D('',#5852,#122,#5157);
#5852=CARTESIAN_POINT('',(4.079347141319,-1.025,0.2));
#5853=ORIENTED_EDGE('',*,*,#5854,.T.);
#5854=EDGE_CURVE('',#5848,#5855,#5857,.T.);
#5855=VERTEX_POINT('',#5856);
#5856=CARTESIAN_POINT('',(4.5,-1.025,1.387778780781E-16));
#5857=LINE('',#5849,#27);
#5858=ORIENTED_EDGE('',*,*,#5859,.T.);
#5859=EDGE_CURVE('',#5855,#5860,#5862,.T.);
#5860=VERTEX_POINT('',#5861);
#5861=CARTESIAN_POINT('',(4.5,-1.025,0.1));
#5862=LINE('',#5856,#187);
#5863=ORIENTED_EDGE('',*,*,#5864,.T.);
#5864=EDGE_CURVE('',#5860,#5865,#5867,.T.);
#5865=VERTEX_POINT('',#5866);
#5866=CARTESIAN_POINT('',(4.079347141319,-1.025,0.1));
#5867=LINE('',#5861,#135);
#5868=ORIENTED_EDGE('',*,*,#5869,.T.);
#5869=EDGE_CURVE('',#5865,#5870,#5872,.T.);
#5870=VERTEX_POINT('',#5871);
#5871=CARTESIAN_POINT('',(3.980866366018,-1.025,0.182635182233));
#5872=CIRCLE('',#5873,1.E-01);
#5873=AXIS2_PLACEMENT_3D('',#5852,#150,#840);
#5874=ORIENTED_EDGE('',*,*,#5875,.T.);
#5875=EDGE_CURVE('',#5870,#5876,#5878,.T.);
#5876=VERTEX_POINT('',#5877);
#5877=CARTESIAN_POINT('',(3.896961550602,-1.025,0.684729635533));
#5878=LINE('',#5871,#5184);
#5879=ORIENTED_EDGE('',*,*,#5880,.T.);
#5880=EDGE_CURVE('',#5876,#5881,#5882,.T.);
#5881=VERTEX_POINT('',#5827);
#5882=CIRCLE('',#5883,0.2);
#5883=AXIS2_PLACEMENT_3D('',#5840,#122,#5190);
#5884=ORIENTED_EDGE('',*,*,#5885,.T.);
#5885=EDGE_CURVE('',#5881,#2546,#5826,.T.);
#5886=PLANE('',#5887);
#5887=AXIS2_PLACEMENT_3D('',#5888,#122,#13);
#5888=CARTESIAN_POINT('',(3.914276639233,-1.025,0.410238158856));
#5889=ADVANCED_FACE('',(#5890),#5904,.F.);
#5890=FACE_BOUND('',#5891,.F.);
#5891=EDGE_LOOP('',(#5892,#5893,#5900,#5903));
#5892=ORIENTED_EDGE('',*,*,#2569,.T.);
#5893=ORIENTED_EDGE('',*,*,#5894,.T.);
#5894=EDGE_CURVE('',#2564,#5895,#5897,.T.);
#5895=VERTEX_POINT('',#5896);
#5896=CARTESIAN_POINT('',(3.798480775301,-1.375,0.667364817767));
#5897=CIRCLE('',#5898,0.1);
#5898=AXIS2_PLACEMENT_3D('',#5899,#150,#13);
#5899=CARTESIAN_POINT('',(3.7,-1.375,0.65));
#5900=ORIENTED_EDGE('',*,*,#5901,.F.);
#5901=EDGE_CURVE('',#5836,#5895,#5902,.T.);
#5902=LINE('',#5837,#121);
#5903=ORIENTED_EDGE('',*,*,#5835,.F.);
#5904=CYLINDRICAL_SURFACE('',#5839,0.1);
#5905=ADVANCED_FACE('',(#5906),#5955,.T.);
#5906=FACE_BOUND('',#5907,.T.);
#5907=EDGE_LOOP('',(#2576,#2562,#5893,#5908,#5913,#5920,#5925,#5930,#5935,#5941,#5946,#5952));
#5908=ORIENTED_EDGE('',*,*,#5909,.T.);
#5909=EDGE_CURVE('',#5895,#5910,#5912,.T.);
#5910=VERTEX_POINT('',#5911);
#5911=CARTESIAN_POINT('',(3.882385590716,-1.375,0.165270364467));
#5912=LINE('',#5896,#5148);
#5913=ORIENTED_EDGE('',*,*,#5914,.T.);
#5914=EDGE_CURVE('',#5910,#5915,#5917,.T.);
#5915=VERTEX_POINT('',#5916);
#5916=CARTESIAN_POINT('',(4.079347141319,-1.375,1.387778780781E-16));
#5917=CIRCLE('',#5918,0.2);
#5918=AXIS2_PLACEMENT_3D('',#5919,#122,#5157);
#5919=CARTESIAN_POINT('',(4.079347141319,-1.375,0.2));
#5920=ORIENTED_EDGE('',*,*,#5921,.T.);
#5921=EDGE_CURVE('',#5915,#5922,#5924,.T.);
#5922=VERTEX_POINT('',#5923);
#5923=CARTESIAN_POINT('',(4.5,-1.375,1.387778780781E-16));
#5924=LINE('',#5916,#27);
#5925=ORIENTED_EDGE('',*,*,#5926,.T.);
#5926=EDGE_CURVE('',#5922,#5927,#5929,.T.);
#5927=VERTEX_POINT('',#5928);
#5928=CARTESIAN_POINT('',(4.5,-1.375,0.1));
#5929=LINE('',#5923,#187);
#5930=ORIENTED_EDGE('',*,*,#5931,.T.);
#5931=EDGE_CURVE('',#5927,#5932,#5934,.T.);
#5932=VERTEX_POINT('',#5933);
#5933=CARTESIAN_POINT('',(4.079347141319,-1.375,0.1));
#5934=LINE('',#5928,#135);
#5935=ORIENTED_EDGE('',*,*,#5936,.T.);
#5936=EDGE_CURVE('',#5932,#5937,#5939,.T.);
#5937=VERTEX_POINT('',#5938);
#5938=CARTESIAN_POINT('',(3.980866366018,-1.375,0.182635182233));
#5939=CIRCLE('',#5940,1.E-01);
#5940=AXIS2_PLACEMENT_3D('',#5919,#150,#840);
#5941=ORIENTED_EDGE('',*,*,#5942,.T.);
#5942=EDGE_CURVE('',#5937,#5943,#5945,.T.);
#5943=VERTEX_POINT('',#5944);
#5944=CARTESIAN_POINT('',(3.896961550602,-1.375,0.684729635533));
#5945=LINE('',#5938,#5184);
#5946=ORIENTED_EDGE('',*,*,#5947,.T.);
#5947=EDGE_CURVE('',#5943,#5948,#5950,.T.);
#5948=VERTEX_POINT('',#5949);
#5949=CARTESIAN_POINT('',(3.7,-1.375,0.85));
#5950=CIRCLE('',#5951,0.2);
#5951=AXIS2_PLACEMENT_3D('',#5899,#122,#5190);
#5952=ORIENTED_EDGE('',*,*,#5953,.T.);
#5953=EDGE_CURVE('',#5948,#2578,#5954,.T.);
#5954=LINE('',#5949,#135);
#5955=PLANE('',#5956);
#5956=AXIS2_PLACEMENT_3D('',#5957,#122,#13);
#5957=CARTESIAN_POINT('',(3.914276639233,-1.375,0.410238158856));
#5958=ADVANCED_FACE('',(#5959),#837,.F.);
#5959=FACE_BOUND('',#5960,.F.);
#5960=EDGE_LOOP('',(#5961,#5963,#5964,#5968));
#5961=ORIENTED_EDGE('',*,*,#5962,.F.);
#5962=EDGE_CURVE('',#2578,#3948,#5954,.T.);
#5963=ORIENTED_EDGE('',*,*,#2590,.T.);
#5964=ORIENTED_EDGE('',*,*,#5965,.T.);
#5965=EDGE_CURVE('',#2585,#3952,#5966,.T.);
#5966=LINE('',#5967,#135);
#5967=CARTESIAN_POINT('',(3.7,-1.825,0.85));
#5968=ORIENTED_EDGE('',*,*,#3951,.F.);
#5969=ADVANCED_FACE('',(#5970),#6026,.F.);
#5970=FACE_BOUND('',#5971,.F.);
#5971=EDGE_LOOP('',(#5972,#5973,#5974,#5981,#5986,#5993,#5998,#6003,#6008,#6014,#6019,#6024));
#5972=ORIENTED_EDGE('',*,*,#2584,.F.);
#5973=ORIENTED_EDGE('',*,*,#2595,.T.);
#5974=ORIENTED_EDGE('',*,*,#5975,.T.);
#5975=EDGE_CURVE('',#2596,#5976,#5978,.T.);
#5976=VERTEX_POINT('',#5977);
#5977=CARTESIAN_POINT('',(3.798480775301,-1.825,0.667364817767));
#5978=CIRCLE('',#5979,0.1);
#5979=AXIS2_PLACEMENT_3D('',#5980,#150,#13);
#5980=CARTESIAN_POINT('',(3.7,-1.825,0.65));
#5981=ORIENTED_EDGE('',*,*,#5982,.T.);
#5982=EDGE_CURVE('',#5976,#5983,#5985,.T.);
#5983=VERTEX_POINT('',#5984);
#5984=CARTESIAN_POINT('',(3.882385590716,-1.825,0.165270364467));
#5985=LINE('',#5977,#5148);
#5986=ORIENTED_EDGE('',*,*,#5987,.T.);
#5987=EDGE_CURVE('',#5983,#5988,#5990,.T.);
#5988=VERTEX_POINT('',#5989);
#5989=CARTESIAN_POINT('',(4.079347141319,-1.825,1.387778780781E-16));
#5990=CIRCLE('',#5991,0.2);
#5991=AXIS2_PLACEMENT_3D('',#5992,#122,#5157);
#5992=CARTESIAN_POINT('',(4.079347141319,-1.825,0.2));
#5993=ORIENTED_EDGE('',*,*,#5994,.T.);
#5994=EDGE_CURVE('',#5988,#5995,#5997,.T.);
#5995=VERTEX_POINT('',#5996);
#5996=CARTESIAN_POINT('',(4.5,-1.825,1.387778780781E-16));
#5997=LINE('',#5989,#27);
#5998=ORIENTED_EDGE('',*,*,#5999,.T.);
#5999=EDGE_CURVE('',#5995,#6000,#6002,.T.);
#6000=VERTEX_POINT('',#6001);
#6001=CARTESIAN_POINT('',(4.5,-1.825,0.1));
#6002=LINE('',#5996,#187);
#6003=ORIENTED_EDGE('',*,*,#6004,.T.);
#6004=EDGE_CURVE('',#6000,#6005,#6007,.T.);
#6005=VERTEX_POINT('',#6006);
#6006=CARTESIAN_POINT('',(4.079347141319,-1.825,0.1));
#6007=LINE('',#6001,#135);
#6008=ORIENTED_EDGE('',*,*,#6009,.T.);
#6009=EDGE_CURVE('',#6005,#6010,#6012,.T.);
#6010=VERTEX_POINT('',#6011);
#6011=CARTESIAN_POINT('',(3.980866366018,-1.825,0.182635182233));
#6012=CIRCLE('',#6013,1.E-01);
#6013=AXIS2_PLACEMENT_3D('',#5992,#150,#840);
#6014=ORIENTED_EDGE('',*,*,#6015,.T.);
#6015=EDGE_CURVE('',#6010,#6016,#6018,.T.);
#6016=VERTEX_POINT('',#6017);
#6017=CARTESIAN_POINT('',(3.896961550602,-1.825,0.684729635533));
#6018=LINE('',#6011,#5184);
#6019=ORIENTED_EDGE('',*,*,#6020,.T.);
#6020=EDGE_CURVE('',#6016,#6021,#6022,.T.);
#6021=VERTEX_POINT('',#5967);
#6022=CIRCLE('',#6023,0.2);
#6023=AXIS2_PLACEMENT_3D('',#5980,#122,#5190);
#6024=ORIENTED_EDGE('',*,*,#6025,.T.);
#6025=EDGE_CURVE('',#6021,#2585,#5966,.T.);
#6026=PLANE('',#6027);
#6027=AXIS2_PLACEMENT_3D('',#6028,#122,#13);
#6028=CARTESIAN_POINT('',(3.914276639233,-1.825,0.410238158856));
#6029=ADVANCED_FACE('',(#6030),#6044,.F.);
#6030=FACE_BOUND('',#6031,.F.);
#6031=EDGE_LOOP('',(#6032,#6033,#6040,#6043));
#6032=ORIENTED_EDGE('',*,*,#2608,.T.);
#6033=ORIENTED_EDGE('',*,*,#6034,.T.);
#6034=EDGE_CURVE('',#2603,#6035,#6037,.T.);
#6035=VERTEX_POINT('',#6036);
#6036=CARTESIAN_POINT('',(3.798480775301,-2.175,0.667364817767));
#6037=CIRCLE('',#6038,0.1);
#6038=AXIS2_PLACEMENT_3D('',#6039,#150,#13);
#6039=CARTESIAN_POINT('',(3.7,-2.175,0.65));
#6040=ORIENTED_EDGE('',*,*,#6041,.F.);
#6041=EDGE_CURVE('',#5976,#6035,#6042,.T.);
#6042=LINE('',#5977,#121);
#6043=ORIENTED_EDGE('',*,*,#5975,.F.);
#6044=CYLINDRICAL_SURFACE('',#5979,0.1);
#6045=ADVANCED_FACE('',(#6046),#6095,.T.);
#6046=FACE_BOUND('',#6047,.T.);
#6047=EDGE_LOOP('',(#2615,#2601,#6033,#6048,#6053,#6060,#6065,#6070,#6075,#6081,#6086,#6092));
#6048=ORIENTED_EDGE('',*,*,#6049,.T.);
#6049=EDGE_CURVE('',#6035,#6050,#6052,.T.);
#6050=VERTEX_POINT('',#6051);
#6051=CARTESIAN_POINT('',(3.882385590716,-2.175,0.165270364467));
#6052=LINE('',#6036,#5148);
#6053=ORIENTED_EDGE('',*,*,#6054,.T.);
#6054=EDGE_CURVE('',#6050,#6055,#6057,.T.);
#6055=VERTEX_POINT('',#6056);
#6056=CARTESIAN_POINT('',(4.079347141319,-2.175,1.387778780781E-16));
#6057=CIRCLE('',#6058,0.2);
#6058=AXIS2_PLACEMENT_3D('',#6059,#122,#5157);
#6059=CARTESIAN_POINT('',(4.079347141319,-2.175,0.2));
#6060=ORIENTED_EDGE('',*,*,#6061,.T.);
#6061=EDGE_CURVE('',#6055,#6062,#6064,.T.);
#6062=VERTEX_POINT('',#6063);
#6063=CARTESIAN_POINT('',(4.5,-2.175,1.387778780781E-16));
#6064=LINE('',#6056,#27);
#6065=ORIENTED_EDGE('',*,*,#6066,.T.);
#6066=EDGE_CURVE('',#6062,#6067,#6069,.T.);
#6067=VERTEX_POINT('',#6068);
#6068=CARTESIAN_POINT('',(4.5,-2.175,0.1));
#6069=LINE('',#6063,#187);
#6070=ORIENTED_EDGE('',*,*,#6071,.T.);
#6071=EDGE_CURVE('',#6067,#6072,#6074,.T.);
#6072=VERTEX_POINT('',#6073);
#6073=CARTESIAN_POINT('',(4.079347141319,-2.175,0.1));
#6074=LINE('',#6068,#135);
#6075=ORIENTED_EDGE('',*,*,#6076,.T.);
#6076=EDGE_CURVE('',#6072,#6077,#6079,.T.);
#6077=VERTEX_POINT('',#6078);
#6078=CARTESIAN_POINT('',(3.980866366018,-2.175,0.182635182233));
#6079=CIRCLE('',#6080,1.E-01);
#6080=AXIS2_PLACEMENT_3D('',#6059,#150,#840);
#6081=ORIENTED_EDGE('',*,*,#6082,.T.);
#6082=EDGE_CURVE('',#6077,#6083,#6085,.T.);
#6083=VERTEX_POINT('',#6084);
#6084=CARTESIAN_POINT('',(3.896961550602,-2.175,0.684729635533));
#6085=LINE('',#6078,#5184);
#6086=ORIENTED_EDGE('',*,*,#6087,.T.);
#6087=EDGE_CURVE('',#6083,#6088,#6090,.T.);
#6088=VERTEX_POINT('',#6089);
#6089=CARTESIAN_POINT('',(3.7,-2.175,0.85));
#6090=CIRCLE('',#6091,0.2);
#6091=AXIS2_PLACEMENT_3D('',#6039,#122,#5190);
#6092=ORIENTED_EDGE('',*,*,#6093,.T.);
#6093=EDGE_CURVE('',#6088,#2617,#6094,.T.);
#6094=LINE('',#6089,#135);
#6095=PLANE('',#6096);
#6096=AXIS2_PLACEMENT_3D('',#6097,#122,#13);
#6097=CARTESIAN_POINT('',(3.914276639233,-2.175,0.410238158856));
#6098=ADVANCED_FACE('',(#6099),#837,.F.);
#6099=FACE_BOUND('',#6100,.F.);
#6100=EDGE_LOOP('',(#6101,#6103,#6104,#6108));
#6101=ORIENTED_EDGE('',*,*,#6102,.F.);
#6102=EDGE_CURVE('',#2617,#3956,#6094,.T.);
#6103=ORIENTED_EDGE('',*,*,#2629,.T.);
#6104=ORIENTED_EDGE('',*,*,#6105,.T.);
#6105=EDGE_CURVE('',#2624,#3960,#6106,.T.);
#6106=LINE('',#6107,#135);
#6107=CARTESIAN_POINT('',(3.7,-2.625,0.85));
#6108=ORIENTED_EDGE('',*,*,#3959,.F.);
#6109=ADVANCED_FACE('',(#6110),#6166,.F.);
#6110=FACE_BOUND('',#6111,.F.);
#6111=EDGE_LOOP('',(#6112,#6113,#6114,#6121,#6126,#6133,#6138,#6143,#6148,#6154,#6159,#6164));
#6112=ORIENTED_EDGE('',*,*,#2623,.F.);
#6113=ORIENTED_EDGE('',*,*,#2634,.T.);
#6114=ORIENTED_EDGE('',*,*,#6115,.T.);
#6115=EDGE_CURVE('',#2635,#6116,#6118,.T.);
#6116=VERTEX_POINT('',#6117);
#6117=CARTESIAN_POINT('',(3.798480775301,-2.625,0.667364817767));
#6118=CIRCLE('',#6119,0.1);
#6119=AXIS2_PLACEMENT_3D('',#6120,#150,#13);
#6120=CARTESIAN_POINT('',(3.7,-2.625,0.65));
#6121=ORIENTED_EDGE('',*,*,#6122,.T.);
#6122=EDGE_CURVE('',#6116,#6123,#6125,.T.);
#6123=VERTEX_POINT('',#6124);
#6124=CARTESIAN_POINT('',(3.882385590716,-2.625,0.165270364467));
#6125=LINE('',#6117,#5148);
#6126=ORIENTED_EDGE('',*,*,#6127,.T.);
#6127=EDGE_CURVE('',#6123,#6128,#6130,.T.);
#6128=VERTEX_POINT('',#6129);
#6129=CARTESIAN_POINT('',(4.079347141319,-2.625,1.387778780781E-16));
#6130=CIRCLE('',#6131,0.2);
#6131=AXIS2_PLACEMENT_3D('',#6132,#122,#5157);
#6132=CARTESIAN_POINT('',(4.079347141319,-2.625,0.2));
#6133=ORIENTED_EDGE('',*,*,#6134,.T.);
#6134=EDGE_CURVE('',#6128,#6135,#6137,.T.);
#6135=VERTEX_POINT('',#6136);
#6136=CARTESIAN_POINT('',(4.5,-2.625,1.387778780781E-16));
#6137=LINE('',#6129,#27);
#6138=ORIENTED_EDGE('',*,*,#6139,.T.);
#6139=EDGE_CURVE('',#6135,#6140,#6142,.T.);
#6140=VERTEX_POINT('',#6141);
#6141=CARTESIAN_POINT('',(4.5,-2.625,0.1));
#6142=LINE('',#6136,#187);
#6143=ORIENTED_EDGE('',*,*,#6144,.T.);
#6144=EDGE_CURVE('',#6140,#6145,#6147,.T.);
#6145=VERTEX_POINT('',#6146);
#6146=CARTESIAN_POINT('',(4.079347141319,-2.625,0.1));
#6147=LINE('',#6141,#135);
#6148=ORIENTED_EDGE('',*,*,#6149,.T.);
#6149=EDGE_CURVE('',#6145,#6150,#6152,.T.);
#6150=VERTEX_POINT('',#6151);
#6151=CARTESIAN_POINT('',(3.980866366018,-2.625,0.182635182233));
#6152=CIRCLE('',#6153,1.E-01);
#6153=AXIS2_PLACEMENT_3D('',#6132,#150,#840);
#6154=ORIENTED_EDGE('',*,*,#6155,.T.);
#6155=EDGE_CURVE('',#6150,#6156,#6158,.T.);
#6156=VERTEX_POINT('',#6157);
#6157=CARTESIAN_POINT('',(3.896961550602,-2.625,0.684729635533));
#6158=LINE('',#6151,#5184);
#6159=ORIENTED_EDGE('',*,*,#6160,.T.);
#6160=EDGE_CURVE('',#6156,#6161,#6162,.T.);
#6161=VERTEX_POINT('',#6107);
#6162=CIRCLE('',#6163,0.2);
#6163=AXIS2_PLACEMENT_3D('',#6120,#122,#5190);
#6164=ORIENTED_EDGE('',*,*,#6165,.T.);
#6165=EDGE_CURVE('',#6161,#2624,#6106,.T.);
#6166=PLANE('',#6167);
#6167=AXIS2_PLACEMENT_3D('',#6168,#122,#13);
#6168=CARTESIAN_POINT('',(3.914276639233,-2.625,0.410238158856));
#6169=ADVANCED_FACE('',(#6170),#6184,.F.);
#6170=FACE_BOUND('',#6171,.F.);
#6171=EDGE_LOOP('',(#6172,#6173,#6180,#6183));
#6172=ORIENTED_EDGE('',*,*,#2647,.T.);
#6173=ORIENTED_EDGE('',*,*,#6174,.T.);
#6174=EDGE_CURVE('',#2642,#6175,#6177,.T.);
#6175=VERTEX_POINT('',#6176);
#6176=CARTESIAN_POINT('',(3.798480775301,-2.975,0.667364817767));
#6177=CIRCLE('',#6178,0.1);
#6178=AXIS2_PLACEMENT_3D('',#6179,#150,#13);
#6179=CARTESIAN_POINT('',(3.7,-2.975,0.65));
#6180=ORIENTED_EDGE('',*,*,#6181,.F.);
#6181=EDGE_CURVE('',#6116,#6175,#6182,.T.);
#6182=LINE('',#6117,#121);
#6183=ORIENTED_EDGE('',*,*,#6115,.F.);
#6184=CYLINDRICAL_SURFACE('',#6119,0.1);
#6185=ADVANCED_FACE('',(#6186),#6235,.T.);
#6186=FACE_BOUND('',#6187,.T.);
#6187=EDGE_LOOP('',(#2654,#2640,#6173,#6188,#6193,#6200,#6205,#6210,#6215,#6221,#6226,#6232));
#6188=ORIENTED_EDGE('',*,*,#6189,.T.);
#6189=EDGE_CURVE('',#6175,#6190,#6192,.T.);
#6190=VERTEX_POINT('',#6191);
#6191=CARTESIAN_POINT('',(3.882385590716,-2.975,0.165270364467));
#6192=LINE('',#6176,#5148);
#6193=ORIENTED_EDGE('',*,*,#6194,.T.);
#6194=EDGE_CURVE('',#6190,#6195,#6197,.T.);
#6195=VERTEX_POINT('',#6196);
#6196=CARTESIAN_POINT('',(4.079347141319,-2.975,1.387778780781E-16));
#6197=CIRCLE('',#6198,0.2);
#6198=AXIS2_PLACEMENT_3D('',#6199,#122,#5157);
#6199=CARTESIAN_POINT('',(4.079347141319,-2.975,0.2));
#6200=ORIENTED_EDGE('',*,*,#6201,.T.);
#6201=EDGE_CURVE('',#6195,#6202,#6204,.T.);
#6202=VERTEX_POINT('',#6203);
#6203=CARTESIAN_POINT('',(4.5,-2.975,1.387778780781E-16));
#6204=LINE('',#6196,#27);
#6205=ORIENTED_EDGE('',*,*,#6206,.T.);
#6206=EDGE_CURVE('',#6202,#6207,#6209,.T.);
#6207=VERTEX_POINT('',#6208);
#6208=CARTESIAN_POINT('',(4.5,-2.975,0.1));
#6209=LINE('',#6203,#187);
#6210=ORIENTED_EDGE('',*,*,#6211,.T.);
#6211=EDGE_CURVE('',#6207,#6212,#6214,.T.);
#6212=VERTEX_POINT('',#6213);
#6213=CARTESIAN_POINT('',(4.079347141319,-2.975,0.1));
#6214=LINE('',#6208,#135);
#6215=ORIENTED_EDGE('',*,*,#6216,.T.);
#6216=EDGE_CURVE('',#6212,#6217,#6219,.T.);
#6217=VERTEX_POINT('',#6218);
#6218=CARTESIAN_POINT('',(3.980866366018,-2.975,0.182635182233));
#6219=CIRCLE('',#6220,1.E-01);
#6220=AXIS2_PLACEMENT_3D('',#6199,#150,#840);
#6221=ORIENTED_EDGE('',*,*,#6222,.T.);
#6222=EDGE_CURVE('',#6217,#6223,#6225,.T.);
#6223=VERTEX_POINT('',#6224);
#6224=CARTESIAN_POINT('',(3.896961550602,-2.975,0.684729635533));
#6225=LINE('',#6218,#5184);
#6226=ORIENTED_EDGE('',*,*,#6227,.T.);
#6227=EDGE_CURVE('',#6223,#6228,#6230,.T.);
#6228=VERTEX_POINT('',#6229);
#6229=CARTESIAN_POINT('',(3.7,-2.975,0.85));
#6230=CIRCLE('',#6231,0.2);
#6231=AXIS2_PLACEMENT_3D('',#6179,#122,#5190);
#6232=ORIENTED_EDGE('',*,*,#6233,.T.);
#6233=EDGE_CURVE('',#6228,#2656,#6234,.T.);
#6234=LINE('',#6229,#135);
#6235=PLANE('',#6236);
#6236=AXIS2_PLACEMENT_3D('',#6237,#122,#13);
#6237=CARTESIAN_POINT('',(3.914276639233,-2.975,0.410238158856));
#6238=ADVANCED_FACE('',(#6239),#837,.F.);
#6239=FACE_BOUND('',#6240,.F.);
#6240=EDGE_LOOP('',(#6241,#6243,#6244,#6245,#6246,#6252,#6255,#6258));
#6241=ORIENTED_EDGE('',*,*,#6242,.F.);
#6242=EDGE_CURVE('',#2656,#3964,#6234,.T.);
#6243=ORIENTED_EDGE('',*,*,#2667,.T.);
#6244=ORIENTED_EDGE('',*,*,#2693,.T.);
#6245=ORIENTED_EDGE('',*,*,#2710,.T.);
#6246=ORIENTED_EDGE('',*,*,#6247,.T.);
#6247=EDGE_CURVE('',#2705,#6248,#6250,.T.);
#6248=VERTEX_POINT('',#6249);
#6249=CARTESIAN_POINT('',(2.975,-3.425,0.85));
#6250=LINE('',#6251,#149);
#6251=CARTESIAN_POINT('',(2.975,-3.7,0.85));
#6252=ORIENTED_EDGE('',*,*,#6253,.F.);
#6253=EDGE_CURVE('',#6254,#6248,#4018,.T.);
#6254=VERTEX_POINT('',#4019);
#6255=ORIENTED_EDGE('',*,*,#6256,.F.);
#6256=EDGE_CURVE('',#3968,#6254,#6257,.T.);
#6257=LINE('',#3969,#128);
#6258=ORIENTED_EDGE('',*,*,#3967,.F.);
#6259=ADVANCED_FACE('',(#6260),#6322,.F.);
#6260=FACE_BOUND('',#6261,.F.);
#6261=EDGE_LOOP('',(#6262,#6263,#6264,#6271,#6278,#6286,#6291,#6296,#6301,#6307,#6314,#6320));
#6262=ORIENTED_EDGE('',*,*,#2704,.F.);
#6263=ORIENTED_EDGE('',*,*,#2718,.T.);
#6264=ORIENTED_EDGE('',*,*,#6265,.T.);
#6265=EDGE_CURVE('',#2719,#6266,#6268,.T.);
#6266=VERTEX_POINT('',#6267);
#6267=CARTESIAN_POINT('',(2.975,-3.798480775301,0.667364817767));
#6268=CIRCLE('',#6269,0.1);
#6269=AXIS2_PLACEMENT_3D('',#6270,#14,#13);
#6270=CARTESIAN_POINT('',(2.975,-3.7,0.65));
#6271=ORIENTED_EDGE('',*,*,#6272,.T.);
#6272=EDGE_CURVE('',#6266,#6273,#6275,.T.);
#6273=VERTEX_POINT('',#6274);
#6274=CARTESIAN_POINT('',(2.975,-3.882385590716,0.165270364467));
#6275=LINE('',#6267,#6276);
#6276=VECTOR('',#6277,1.);
#6277=DIRECTION('',(-1.829914699438E-17,-0.16482406317,-0.986322983713));
#6278=ORIENTED_EDGE('',*,*,#6279,.T.);
#6279=EDGE_CURVE('',#6273,#6280,#6282,.T.);
#6280=VERTEX_POINT('',#6281);
#6281=CARTESIAN_POINT('',(2.975,-4.079347141319,1.387778780781E-16));
#6282=CIRCLE('',#6283,0.2);
#6283=AXIS2_PLACEMENT_3D('',#6284,#136,#6285);
#6284=CARTESIAN_POINT('',(2.975,-4.079347141319,0.2));
#6285=DIRECTION('',(1.093356242224E-16,0.984807753012,-0.173648177667));
#6286=ORIENTED_EDGE('',*,*,#6287,.T.);
#6287=EDGE_CURVE('',#6280,#6288,#6290,.T.);
#6288=VERTEX_POINT('',#6289);
#6289=CARTESIAN_POINT('',(2.975,-4.5,1.387778780781E-16));
#6290=LINE('',#6281,#121);
#6291=ORIENTED_EDGE('',*,*,#6292,.T.);
#6292=EDGE_CURVE('',#6288,#6293,#6295,.T.);
#6293=VERTEX_POINT('',#6294);
#6294=CARTESIAN_POINT('',(2.975,-4.5,0.1));
#6295=LINE('',#6289,#187);
#6296=ORIENTED_EDGE('',*,*,#6297,.T.);
#6297=EDGE_CURVE('',#6293,#6298,#6300,.T.);
#6298=VERTEX_POINT('',#6299);
#6299=CARTESIAN_POINT('',(2.975,-4.079347141319,0.1));
#6300=LINE('',#6294,#149);
#6301=ORIENTED_EDGE('',*,*,#6302,.T.);
#6302=EDGE_CURVE('',#6298,#6303,#6305,.T.);
#6303=VERTEX_POINT('',#6304);
#6304=CARTESIAN_POINT('',(2.975,-3.980866366018,0.182635182233));
#6305=CIRCLE('',#6306,1.E-01);
#6306=AXIS2_PLACEMENT_3D('',#6284,#14,#840);
#6307=ORIENTED_EDGE('',*,*,#6308,.T.);
#6308=EDGE_CURVE('',#6303,#6309,#6311,.T.);
#6309=VERTEX_POINT('',#6310);
#6310=CARTESIAN_POINT('',(2.975,-3.896961550602,0.684729635533));
#6311=LINE('',#6304,#6312);
#6312=VECTOR('',#6313,1.);
#6313=DIRECTION('',(1.829914699438E-17,0.16482406317,0.986322983713));
#6314=ORIENTED_EDGE('',*,*,#6315,.T.);
#6315=EDGE_CURVE('',#6309,#6316,#6317,.T.);
#6316=VERTEX_POINT('',#6251);
#6317=CIRCLE('',#6318,0.2);
#6318=AXIS2_PLACEMENT_3D('',#6270,#136,#6319);
#6319=DIRECTION('',(-1.093356242224E-16,-0.984807753012,0.173648177667));
#6320=ORIENTED_EDGE('',*,*,#6321,.T.);
#6321=EDGE_CURVE('',#6316,#2705,#6250,.T.);
#6322=PLANE('',#6323);
#6323=AXIS2_PLACEMENT_3D('',#6324,#136,#13);
#6324=CARTESIAN_POINT('',(2.975,-3.914276639233,0.410238158856));
#6325=ADVANCED_FACE('',(#6326),#6340,.F.);
#6326=FACE_BOUND('',#6327,.F.);
#6327=EDGE_LOOP('',(#6328,#6329,#6336,#6339));
#6328=ORIENTED_EDGE('',*,*,#2731,.T.);
#6329=ORIENTED_EDGE('',*,*,#6330,.T.);
#6330=EDGE_CURVE('',#2726,#6331,#6333,.T.);
#6331=VERTEX_POINT('',#6332);
#6332=CARTESIAN_POINT('',(2.625,-3.798480775301,0.667364817767));
#6333=CIRCLE('',#6334,0.1);
#6334=AXIS2_PLACEMENT_3D('',#6335,#14,#13);
#6335=CARTESIAN_POINT('',(2.625,-3.7,0.65));
#6336=ORIENTED_EDGE('',*,*,#6337,.F.);
#6337=EDGE_CURVE('',#6266,#6331,#6338,.T.);
#6338=LINE('',#6267,#135);
#6339=ORIENTED_EDGE('',*,*,#6265,.F.);
#6340=CYLINDRICAL_SURFACE('',#6269,0.1);
#6341=ADVANCED_FACE('',(#6342),#6391,.T.);
#6342=FACE_BOUND('',#6343,.T.);
#6343=EDGE_LOOP('',(#2738,#2724,#6329,#6344,#6349,#6356,#6361,#6366,#6371,#6377,#6382,#6388));
#6344=ORIENTED_EDGE('',*,*,#6345,.T.);
#6345=EDGE_CURVE('',#6331,#6346,#6348,.T.);
#6346=VERTEX_POINT('',#6347);
#6347=CARTESIAN_POINT('',(2.625,-3.882385590716,0.165270364467));
#6348=LINE('',#6332,#6276);
#6349=ORIENTED_EDGE('',*,*,#6350,.T.);
#6350=EDGE_CURVE('',#6346,#6351,#6353,.T.);
#6351=VERTEX_POINT('',#6352);
#6352=CARTESIAN_POINT('',(2.625,-4.079347141319,1.387778780781E-16));
#6353=CIRCLE('',#6354,0.2);
#6354=AXIS2_PLACEMENT_3D('',#6355,#136,#6285);
#6355=CARTESIAN_POINT('',(2.625,-4.079347141319,0.2));
#6356=ORIENTED_EDGE('',*,*,#6357,.T.);
#6357=EDGE_CURVE('',#6351,#6358,#6360,.T.);
#6358=VERTEX_POINT('',#6359);
#6359=CARTESIAN_POINT('',(2.625,-4.5,1.387778780781E-16));
#6360=LINE('',#6352,#121);
#6361=ORIENTED_EDGE('',*,*,#6362,.T.);
#6362=EDGE_CURVE('',#6358,#6363,#6365,.T.);
#6363=VERTEX_POINT('',#6364);
#6364=CARTESIAN_POINT('',(2.625,-4.5,0.1));
#6365=LINE('',#6359,#187);
#6366=ORIENTED_EDGE('',*,*,#6367,.T.);
#6367=EDGE_CURVE('',#6363,#6368,#6370,.T.);
#6368=VERTEX_POINT('',#6369);
#6369=CARTESIAN_POINT('',(2.625,-4.079347141319,0.1));
#6370=LINE('',#6364,#149);
#6371=ORIENTED_EDGE('',*,*,#6372,.T.);
#6372=EDGE_CURVE('',#6368,#6373,#6375,.T.);
#6373=VERTEX_POINT('',#6374);
#6374=CARTESIAN_POINT('',(2.625,-3.980866366018,0.182635182233));
#6375=CIRCLE('',#6376,1.E-01);
#6376=AXIS2_PLACEMENT_3D('',#6355,#14,#840);
#6377=ORIENTED_EDGE('',*,*,#6378,.T.);
#6378=EDGE_CURVE('',#6373,#6379,#6381,.T.);
#6379=VERTEX_POINT('',#6380);
#6380=CARTESIAN_POINT('',(2.625,-3.896961550602,0.684729635533));
#6381=LINE('',#6374,#6312);
#6382=ORIENTED_EDGE('',*,*,#6383,.T.);
#6383=EDGE_CURVE('',#6379,#6384,#6386,.T.);
#6384=VERTEX_POINT('',#6385);
#6385=CARTESIAN_POINT('',(2.625,-3.7,0.85));
#6386=CIRCLE('',#6387,0.2);
#6387=AXIS2_PLACEMENT_3D('',#6335,#136,#6319);
#6388=ORIENTED_EDGE('',*,*,#6389,.T.);
#6389=EDGE_CURVE('',#6384,#2740,#6390,.T.);
#6390=LINE('',#6385,#149);
#6391=PLANE('',#6392);
#6392=AXIS2_PLACEMENT_3D('',#6393,#136,#13);
#6393=CARTESIAN_POINT('',(2.625,-3.914276639233,0.410238158856));
#6394=ADVANCED_FACE('',(#6395),#837,.F.);
#6395=FACE_BOUND('',#6396,.F.);
#6396=EDGE_LOOP('',(#6397,#6398,#6404,#6408));
#6397=ORIENTED_EDGE('',*,*,#2752,.T.);
#6398=ORIENTED_EDGE('',*,*,#6399,.T.);
#6399=EDGE_CURVE('',#2747,#6400,#6402,.T.);
#6400=VERTEX_POINT('',#6401);
#6401=CARTESIAN_POINT('',(2.175,-3.425,0.85));
#6402=LINE('',#6403,#149);
#6403=CARTESIAN_POINT('',(2.175,-3.7,0.85));
#6404=ORIENTED_EDGE('',*,*,#6405,.F.);
#6405=EDGE_CURVE('',#6406,#6400,#4018,.T.);
#6406=VERTEX_POINT('',#6407);
#6407=CARTESIAN_POINT('',(2.625,-3.425,0.85));
#6408=ORIENTED_EDGE('',*,*,#6409,.F.);
#6409=EDGE_CURVE('',#2740,#6406,#6390,.T.);
#6410=ADVANCED_FACE('',(#6411),#6467,.F.);
#6411=FACE_BOUND('',#6412,.F.);
#6412=EDGE_LOOP('',(#6413,#6414,#6415,#6422,#6427,#6434,#6439,#6444,#6449,#6455,#6460,#6465));
#6413=ORIENTED_EDGE('',*,*,#2746,.F.);
#6414=ORIENTED_EDGE('',*,*,#2757,.T.);
#6415=ORIENTED_EDGE('',*,*,#6416,.T.);
#6416=EDGE_CURVE('',#2758,#6417,#6419,.T.);
#6417=VERTEX_POINT('',#6418);
#6418=CARTESIAN_POINT('',(2.175,-3.798480775301,0.667364817767));
#6419=CIRCLE('',#6420,0.1);
#6420=AXIS2_PLACEMENT_3D('',#6421,#14,#13);
#6421=CARTESIAN_POINT('',(2.175,-3.7,0.65));
#6422=ORIENTED_EDGE('',*,*,#6423,.T.);
#6423=EDGE_CURVE('',#6417,#6424,#6426,.T.);
#6424=VERTEX_POINT('',#6425);
#6425=CARTESIAN_POINT('',(2.175,-3.882385590716,0.165270364467));
#6426=LINE('',#6418,#6276);
#6427=ORIENTED_EDGE('',*,*,#6428,.T.);
#6428=EDGE_CURVE('',#6424,#6429,#6431,.T.);
#6429=VERTEX_POINT('',#6430);
#6430=CARTESIAN_POINT('',(2.175,-4.079347141319,1.387778780781E-16));
#6431=CIRCLE('',#6432,0.2);
#6432=AXIS2_PLACEMENT_3D('',#6433,#136,#6285);
#6433=CARTESIAN_POINT('',(2.175,-4.079347141319,0.2));
#6434=ORIENTED_EDGE('',*,*,#6435,.T.);
#6435=EDGE_CURVE('',#6429,#6436,#6438,.T.);
#6436=VERTEX_POINT('',#6437);
#6437=CARTESIAN_POINT('',(2.175,-4.5,1.387778780781E-16));
#6438=LINE('',#6430,#121);
#6439=ORIENTED_EDGE('',*,*,#6440,.T.);
#6440=EDGE_CURVE('',#6436,#6441,#6443,.T.);
#6441=VERTEX_POINT('',#6442);
#6442=CARTESIAN_POINT('',(2.175,-4.5,0.1));
#6443=LINE('',#6437,#187);
#6444=ORIENTED_EDGE('',*,*,#6445,.T.);
#6445=EDGE_CURVE('',#6441,#6446,#6448,.T.);
#6446=VERTEX_POINT('',#6447);
#6447=CARTESIAN_POINT('',(2.175,-4.079347141319,0.1));
#6448=LINE('',#6442,#149);
#6449=ORIENTED_EDGE('',*,*,#6450,.T.);
#6450=EDGE_CURVE('',#6446,#6451,#6453,.T.);
#6451=VERTEX_POINT('',#6452);
#6452=CARTESIAN_POINT('',(2.175,-3.980866366018,0.182635182233));
#6453=CIRCLE('',#6454,1.E-01);
#6454=AXIS2_PLACEMENT_3D('',#6433,#14,#840);
#6455=ORIENTED_EDGE('',*,*,#6456,.T.);
#6456=EDGE_CURVE('',#6451,#6457,#6459,.T.);
#6457=VERTEX_POINT('',#6458);
#6458=CARTESIAN_POINT('',(2.175,-3.896961550602,0.684729635533));
#6459=LINE('',#6452,#6312);
#6460=ORIENTED_EDGE('',*,*,#6461,.T.);
#6461=EDGE_CURVE('',#6457,#6462,#6463,.T.);
#6462=VERTEX_POINT('',#6403);
#6463=CIRCLE('',#6464,0.2);
#6464=AXIS2_PLACEMENT_3D('',#6421,#136,#6319);
#6465=ORIENTED_EDGE('',*,*,#6466,.T.);
#6466=EDGE_CURVE('',#6462,#2747,#6402,.T.);
#6467=PLANE('',#6468);
#6468=AXIS2_PLACEMENT_3D('',#6469,#136,#13);
#6469=CARTESIAN_POINT('',(2.175,-3.914276639233,0.410238158856));
#6470=ADVANCED_FACE('',(#6471),#6485,.F.);
#6471=FACE_BOUND('',#6472,.F.);
#6472=EDGE_LOOP('',(#6473,#6474,#6481,#6484));
#6473=ORIENTED_EDGE('',*,*,#2770,.T.);
#6474=ORIENTED_EDGE('',*,*,#6475,.T.);
#6475=EDGE_CURVE('',#2765,#6476,#6478,.T.);
#6476=VERTEX_POINT('',#6477);
#6477=CARTESIAN_POINT('',(1.825,-3.798480775301,0.667364817767));
#6478=CIRCLE('',#6479,0.1);
#6479=AXIS2_PLACEMENT_3D('',#6480,#14,#13);
#6480=CARTESIAN_POINT('',(1.825,-3.7,0.65));
#6481=ORIENTED_EDGE('',*,*,#6482,.F.);
#6482=EDGE_CURVE('',#6417,#6476,#6483,.T.);
#6483=LINE('',#6418,#135);
#6484=ORIENTED_EDGE('',*,*,#6416,.F.);
#6485=CYLINDRICAL_SURFACE('',#6420,0.1);
#6486=ADVANCED_FACE('',(#6487),#6536,.T.);
#6487=FACE_BOUND('',#6488,.T.);
#6488=EDGE_LOOP('',(#2777,#2763,#6474,#6489,#6494,#6501,#6506,#6511,#6516,#6522,#6527,#6533));
#6489=ORIENTED_EDGE('',*,*,#6490,.T.);
#6490=EDGE_CURVE('',#6476,#6491,#6493,.T.);
#6491=VERTEX_POINT('',#6492);
#6492=CARTESIAN_POINT('',(1.825,-3.882385590716,0.165270364467));
#6493=LINE('',#6477,#6276);
#6494=ORIENTED_EDGE('',*,*,#6495,.T.);
#6495=EDGE_CURVE('',#6491,#6496,#6498,.T.);
#6496=VERTEX_POINT('',#6497);
#6497=CARTESIAN_POINT('',(1.825,-4.079347141319,1.387778780781E-16));
#6498=CIRCLE('',#6499,0.2);
#6499=AXIS2_PLACEMENT_3D('',#6500,#136,#6285);
#6500=CARTESIAN_POINT('',(1.825,-4.079347141319,0.2));
#6501=ORIENTED_EDGE('',*,*,#6502,.T.);
#6502=EDGE_CURVE('',#6496,#6503,#6505,.T.);
#6503=VERTEX_POINT('',#6504);
#6504=CARTESIAN_POINT('',(1.825,-4.5,1.387778780781E-16));
#6505=LINE('',#6497,#121);
#6506=ORIENTED_EDGE('',*,*,#6507,.T.);
#6507=EDGE_CURVE('',#6503,#6508,#6510,.T.);
#6508=VERTEX_POINT('',#6509);
#6509=CARTESIAN_POINT('',(1.825,-4.5,0.1));
#6510=LINE('',#6504,#187);
#6511=ORIENTED_EDGE('',*,*,#6512,.T.);
#6512=EDGE_CURVE('',#6508,#6513,#6515,.T.);
#6513=VERTEX_POINT('',#6514);
#6514=CARTESIAN_POINT('',(1.825,-4.079347141319,0.1));
#6515=LINE('',#6509,#149);
#6516=ORIENTED_EDGE('',*,*,#6517,.T.);
#6517=EDGE_CURVE('',#6513,#6518,#6520,.T.);
#6518=VERTEX_POINT('',#6519);
#6519=CARTESIAN_POINT('',(1.825,-3.980866366018,0.182635182233));
#6520=CIRCLE('',#6521,1.E-01);
#6521=AXIS2_PLACEMENT_3D('',#6500,#14,#840);
#6522=ORIENTED_EDGE('',*,*,#6523,.T.);
#6523=EDGE_CURVE('',#6518,#6524,#6526,.T.);
#6524=VERTEX_POINT('',#6525);
#6525=CARTESIAN_POINT('',(1.825,-3.896961550602,0.684729635533));
#6526=LINE('',#6519,#6312);
#6527=ORIENTED_EDGE('',*,*,#6528,.T.);
#6528=EDGE_CURVE('',#6524,#6529,#6531,.T.);
#6529=VERTEX_POINT('',#6530);
#6530=CARTESIAN_POINT('',(1.825,-3.7,0.85));
#6531=CIRCLE('',#6532,0.2);
#6532=AXIS2_PLACEMENT_3D('',#6480,#136,#6319);
#6533=ORIENTED_EDGE('',*,*,#6534,.T.);
#6534=EDGE_CURVE('',#6529,#2779,#6535,.T.);
#6535=LINE('',#6530,#149);
#6536=PLANE('',#6537);
#6537=AXIS2_PLACEMENT_3D('',#6538,#136,#13);
#6538=CARTESIAN_POINT('',(1.825,-3.914276639233,0.410238158856));
#6539=ADVANCED_FACE('',(#6540),#837,.F.);
#6540=FACE_BOUND('',#6541,.F.);
#6541=EDGE_LOOP('',(#6542,#6543,#6549,#6553));
#6542=ORIENTED_EDGE('',*,*,#2791,.T.);
#6543=ORIENTED_EDGE('',*,*,#6544,.T.);
#6544=EDGE_CURVE('',#2786,#6545,#6547,.T.);
#6545=VERTEX_POINT('',#6546);
#6546=CARTESIAN_POINT('',(1.375,-3.425,0.85));
#6547=LINE('',#6548,#149);
#6548=CARTESIAN_POINT('',(1.375,-3.7,0.85));
#6549=ORIENTED_EDGE('',*,*,#6550,.F.);
#6550=EDGE_CURVE('',#6551,#6545,#4018,.T.);
#6551=VERTEX_POINT('',#6552);
#6552=CARTESIAN_POINT('',(1.825,-3.425,0.85));
#6553=ORIENTED_EDGE('',*,*,#6554,.F.);
#6554=EDGE_CURVE('',#2779,#6551,#6535,.T.);
#6555=ADVANCED_FACE('',(#6556),#6612,.F.);
#6556=FACE_BOUND('',#6557,.F.);
#6557=EDGE_LOOP('',(#6558,#6559,#6560,#6567,#6572,#6579,#6584,#6589,#6594,#6600,#6605,#6610));
#6558=ORIENTED_EDGE('',*,*,#2785,.F.);
#6559=ORIENTED_EDGE('',*,*,#2796,.T.);
#6560=ORIENTED_EDGE('',*,*,#6561,.T.);
#6561=EDGE_CURVE('',#2797,#6562,#6564,.T.);
#6562=VERTEX_POINT('',#6563);
#6563=CARTESIAN_POINT('',(1.375,-3.798480775301,0.667364817767));
#6564=CIRCLE('',#6565,0.1);
#6565=AXIS2_PLACEMENT_3D('',#6566,#14,#13);
#6566=CARTESIAN_POINT('',(1.375,-3.7,0.65));
#6567=ORIENTED_EDGE('',*,*,#6568,.T.);
#6568=EDGE_CURVE('',#6562,#6569,#6571,.T.);
#6569=VERTEX_POINT('',#6570);
#6570=CARTESIAN_POINT('',(1.375,-3.882385590716,0.165270364467));
#6571=LINE('',#6563,#6276);
#6572=ORIENTED_EDGE('',*,*,#6573,.T.);
#6573=EDGE_CURVE('',#6569,#6574,#6576,.T.);
#6574=VERTEX_POINT('',#6575);
#6575=CARTESIAN_POINT('',(1.375,-4.079347141319,1.387778780781E-16));
#6576=CIRCLE('',#6577,0.2);
#6577=AXIS2_PLACEMENT_3D('',#6578,#136,#6285);
#6578=CARTESIAN_POINT('',(1.375,-4.079347141319,0.2));
#6579=ORIENTED_EDGE('',*,*,#6580,.T.);
#6580=EDGE_CURVE('',#6574,#6581,#6583,.T.);
#6581=VERTEX_POINT('',#6582);
#6582=CARTESIAN_POINT('',(1.375,-4.5,1.387778780781E-16));
#6583=LINE('',#6575,#121);
#6584=ORIENTED_EDGE('',*,*,#6585,.T.);
#6585=EDGE_CURVE('',#6581,#6586,#6588,.T.);
#6586=VERTEX_POINT('',#6587);
#6587=CARTESIAN_POINT('',(1.375,-4.5,0.1));
#6588=LINE('',#6582,#187);
#6589=ORIENTED_EDGE('',*,*,#6590,.T.);
#6590=EDGE_CURVE('',#6586,#6591,#6593,.T.);
#6591=VERTEX_POINT('',#6592);
#6592=CARTESIAN_POINT('',(1.375,-4.079347141319,0.1));
#6593=LINE('',#6587,#149);
#6594=ORIENTED_EDGE('',*,*,#6595,.T.);
#6595=EDGE_CURVE('',#6591,#6596,#6598,.T.);
#6596=VERTEX_POINT('',#6597);
#6597=CARTESIAN_POINT('',(1.375,-3.980866366018,0.182635182233));
#6598=CIRCLE('',#6599,1.E-01);
#6599=AXIS2_PLACEMENT_3D('',#6578,#14,#840);
#6600=ORIENTED_EDGE('',*,*,#6601,.T.);
#6601=EDGE_CURVE('',#6596,#6602,#6604,.T.);
#6602=VERTEX_POINT('',#6603);
#6603=CARTESIAN_POINT('',(1.375,-3.896961550602,0.684729635533));
#6604=LINE('',#6597,#6312);
#6605=ORIENTED_EDGE('',*,*,#6606,.T.);
#6606=EDGE_CURVE('',#6602,#6607,#6608,.T.);
#6607=VERTEX_POINT('',#6548);
#6608=CIRCLE('',#6609,0.2);
#6609=AXIS2_PLACEMENT_3D('',#6566,#136,#6319);
#6610=ORIENTED_EDGE('',*,*,#6611,.T.);
#6611=EDGE_CURVE('',#6607,#2786,#6547,.T.);
#6612=PLANE('',#6613);
#6613=AXIS2_PLACEMENT_3D('',#6614,#136,#13);
#6614=CARTESIAN_POINT('',(1.375,-3.914276639233,0.410238158856));
#6615=ADVANCED_FACE('',(#6616),#6630,.F.);
#6616=FACE_BOUND('',#6617,.F.);
#6617=EDGE_LOOP('',(#6618,#6619,#6626,#6629));
#6618=ORIENTED_EDGE('',*,*,#2809,.T.);
#6619=ORIENTED_EDGE('',*,*,#6620,.T.);
#6620=EDGE_CURVE('',#2804,#6621,#6623,.T.);
#6621=VERTEX_POINT('',#6622);
#6622=CARTESIAN_POINT('',(1.025,-3.798480775301,0.667364817767));
#6623=CIRCLE('',#6624,0.1);
#6624=AXIS2_PLACEMENT_3D('',#6625,#14,#13);
#6625=CARTESIAN_POINT('',(1.025,-3.7,0.65));
#6626=ORIENTED_EDGE('',*,*,#6627,.F.);
#6627=EDGE_CURVE('',#6562,#6621,#6628,.T.);
#6628=LINE('',#6563,#135);
#6629=ORIENTED_EDGE('',*,*,#6561,.F.);
#6630=CYLINDRICAL_SURFACE('',#6565,0.1);
#6631=ADVANCED_FACE('',(#6632),#6681,.T.);
#6632=FACE_BOUND('',#6633,.T.);
#6633=EDGE_LOOP('',(#2816,#2802,#6619,#6634,#6639,#6646,#6651,#6656,#6661,#6667,#6672,#6678));
#6634=ORIENTED_EDGE('',*,*,#6635,.T.);
#6635=EDGE_CURVE('',#6621,#6636,#6638,.T.);
#6636=VERTEX_POINT('',#6637);
#6637=CARTESIAN_POINT('',(1.025,-3.882385590716,0.165270364467));
#6638=LINE('',#6622,#6276);
#6639=ORIENTED_EDGE('',*,*,#6640,.T.);
#6640=EDGE_CURVE('',#6636,#6641,#6643,.T.);
#6641=VERTEX_POINT('',#6642);
#6642=CARTESIAN_POINT('',(1.025,-4.079347141319,1.387778780781E-16));
#6643=CIRCLE('',#6644,0.2);
#6644=AXIS2_PLACEMENT_3D('',#6645,#136,#6285);
#6645=CARTESIAN_POINT('',(1.025,-4.079347141319,0.2));
#6646=ORIENTED_EDGE('',*,*,#6647,.T.);
#6647=EDGE_CURVE('',#6641,#6648,#6650,.T.);
#6648=VERTEX_POINT('',#6649);
#6649=CARTESIAN_POINT('',(1.025,-4.5,1.387778780781E-16));
#6650=LINE('',#6642,#121);
#6651=ORIENTED_EDGE('',*,*,#6652,.T.);
#6652=EDGE_CURVE('',#6648,#6653,#6655,.T.);
#6653=VERTEX_POINT('',#6654);
#6654=CARTESIAN_POINT('',(1.025,-4.5,0.1));
#6655=LINE('',#6649,#187);
#6656=ORIENTED_EDGE('',*,*,#6657,.T.);
#6657=EDGE_CURVE('',#6653,#6658,#6660,.T.);
#6658=VERTEX_POINT('',#6659);
#6659=CARTESIAN_POINT('',(1.025,-4.079347141319,0.1));
#6660=LINE('',#6654,#149);
#6661=ORIENTED_EDGE('',*,*,#6662,.T.);
#6662=EDGE_CURVE('',#6658,#6663,#6665,.T.);
#6663=VERTEX_POINT('',#6664);
#6664=CARTESIAN_POINT('',(1.025,-3.980866366018,0.182635182233));
#6665=CIRCLE('',#6666,1.E-01);
#6666=AXIS2_PLACEMENT_3D('',#6645,#14,#840);
#6667=ORIENTED_EDGE('',*,*,#6668,.T.);
#6668=EDGE_CURVE('',#6663,#6669,#6671,.T.);
#6669=VERTEX_POINT('',#6670);
#6670=CARTESIAN_POINT('',(1.025,-3.896961550602,0.684729635533));
#6671=LINE('',#6664,#6312);
#6672=ORIENTED_EDGE('',*,*,#6673,.T.);
#6673=EDGE_CURVE('',#6669,#6674,#6676,.T.);
#6674=VERTEX_POINT('',#6675);
#6675=CARTESIAN_POINT('',(1.025,-3.7,0.85));
#6676=CIRCLE('',#6677,0.2);
#6677=AXIS2_PLACEMENT_3D('',#6625,#136,#6319);
#6678=ORIENTED_EDGE('',*,*,#6679,.T.);
#6679=EDGE_CURVE('',#6674,#2818,#6680,.T.);
#6680=LINE('',#6675,#149);
#6681=PLANE('',#6682);
#6682=AXIS2_PLACEMENT_3D('',#6683,#136,#13);
#6683=CARTESIAN_POINT('',(1.025,-3.914276639233,0.410238158856));
#6684=ADVANCED_FACE('',(#6685),#837,.F.);
#6685=FACE_BOUND('',#6686,.F.);
#6686=EDGE_LOOP('',(#6687,#6688,#6694,#6698));
#6687=ORIENTED_EDGE('',*,*,#2830,.T.);
#6688=ORIENTED_EDGE('',*,*,#6689,.T.);
#6689=EDGE_CURVE('',#2825,#6690,#6692,.T.);
#6690=VERTEX_POINT('',#6691);
#6691=CARTESIAN_POINT('',(0.575,-3.425,0.85));
#6692=LINE('',#6693,#149);
#6693=CARTESIAN_POINT('',(0.575,-3.7,0.85));
#6694=ORIENTED_EDGE('',*,*,#6695,.F.);
#6695=EDGE_CURVE('',#6696,#6690,#4018,.T.);
#6696=VERTEX_POINT('',#6697);
#6697=CARTESIAN_POINT('',(1.025,-3.425,0.85));
#6698=ORIENTED_EDGE('',*,*,#6699,.F.);
#6699=EDGE_CURVE('',#2818,#6696,#6680,.T.);
#6700=ADVANCED_FACE('',(#6701),#6757,.F.);
#6701=FACE_BOUND('',#6702,.F.);
#6702=EDGE_LOOP('',(#6703,#6704,#6705,#6712,#6717,#6724,#6729,#6734,#6739,#6745,#6750,#6755));
#6703=ORIENTED_EDGE('',*,*,#2824,.F.);
#6704=ORIENTED_EDGE('',*,*,#2835,.T.);
#6705=ORIENTED_EDGE('',*,*,#6706,.T.);
#6706=EDGE_CURVE('',#2836,#6707,#6709,.T.);
#6707=VERTEX_POINT('',#6708);
#6708=CARTESIAN_POINT('',(0.575,-3.798480775301,0.667364817767));
#6709=CIRCLE('',#6710,0.1);
#6710=AXIS2_PLACEMENT_3D('',#6711,#14,#13);
#6711=CARTESIAN_POINT('',(0.575,-3.7,0.65));
#6712=ORIENTED_EDGE('',*,*,#6713,.T.);
#6713=EDGE_CURVE('',#6707,#6714,#6716,.T.);
#6714=VERTEX_POINT('',#6715);
#6715=CARTESIAN_POINT('',(0.575,-3.882385590716,0.165270364467));
#6716=LINE('',#6708,#6276);
#6717=ORIENTED_EDGE('',*,*,#6718,.T.);
#6718=EDGE_CURVE('',#6714,#6719,#6721,.T.);
#6719=VERTEX_POINT('',#6720);
#6720=CARTESIAN_POINT('',(0.575,-4.079347141319,1.387778780781E-16));
#6721=CIRCLE('',#6722,0.2);
#6722=AXIS2_PLACEMENT_3D('',#6723,#136,#6285);
#6723=CARTESIAN_POINT('',(0.575,-4.079347141319,0.2));
#6724=ORIENTED_EDGE('',*,*,#6725,.T.);
#6725=EDGE_CURVE('',#6719,#6726,#6728,.T.);
#6726=VERTEX_POINT('',#6727);
#6727=CARTESIAN_POINT('',(0.575,-4.5,1.387778780781E-16));
#6728=LINE('',#6720,#121);
#6729=ORIENTED_EDGE('',*,*,#6730,.T.);
#6730=EDGE_CURVE('',#6726,#6731,#6733,.T.);
#6731=VERTEX_POINT('',#6732);
#6732=CARTESIAN_POINT('',(0.575,-4.5,0.1));
#6733=LINE('',#6727,#187);
#6734=ORIENTED_EDGE('',*,*,#6735,.T.);
#6735=EDGE_CURVE('',#6731,#6736,#6738,.T.);
#6736=VERTEX_POINT('',#6737);
#6737=CARTESIAN_POINT('',(0.575,-4.079347141319,0.1));
#6738=LINE('',#6732,#149);
#6739=ORIENTED_EDGE('',*,*,#6740,.T.);
#6740=EDGE_CURVE('',#6736,#6741,#6743,.T.);
#6741=VERTEX_POINT('',#6742);
#6742=CARTESIAN_POINT('',(0.575,-3.980866366018,0.182635182233));
#6743=CIRCLE('',#6744,1.E-01);
#6744=AXIS2_PLACEMENT_3D('',#6723,#14,#840);
#6745=ORIENTED_EDGE('',*,*,#6746,.T.);
#6746=EDGE_CURVE('',#6741,#6747,#6749,.T.);
#6747=VERTEX_POINT('',#6748);
#6748=CARTESIAN_POINT('',(0.575,-3.896961550602,0.684729635533));
#6749=LINE('',#6742,#6312);
#6750=ORIENTED_EDGE('',*,*,#6751,.T.);
#6751=EDGE_CURVE('',#6747,#6752,#6753,.T.);
#6752=VERTEX_POINT('',#6693);
#6753=CIRCLE('',#6754,0.2);
#6754=AXIS2_PLACEMENT_3D('',#6711,#136,#6319);
#6755=ORIENTED_EDGE('',*,*,#6756,.T.);
#6756=EDGE_CURVE('',#6752,#2825,#6692,.T.);
#6757=PLANE('',#6758);
#6758=AXIS2_PLACEMENT_3D('',#6759,#136,#13);
#6759=CARTESIAN_POINT('',(0.575,-3.914276639233,0.410238158856));
#6760=ADVANCED_FACE('',(#6761),#6775,.F.);
#6761=FACE_BOUND('',#6762,.F.);
#6762=EDGE_LOOP('',(#6763,#6764,#6771,#6774));
#6763=ORIENTED_EDGE('',*,*,#2848,.T.);
#6764=ORIENTED_EDGE('',*,*,#6765,.T.);
#6765=EDGE_CURVE('',#2843,#6766,#6768,.T.);
#6766=VERTEX_POINT('',#6767);
#6767=CARTESIAN_POINT('',(0.225,-3.798480775301,0.667364817767));
#6768=CIRCLE('',#6769,0.1);
#6769=AXIS2_PLACEMENT_3D('',#6770,#14,#13);
#6770=CARTESIAN_POINT('',(0.225,-3.7,0.65));
#6771=ORIENTED_EDGE('',*,*,#6772,.F.);
#6772=EDGE_CURVE('',#6707,#6766,#6773,.T.);
#6773=LINE('',#6708,#135);
#6774=ORIENTED_EDGE('',*,*,#6706,.F.);
#6775=CYLINDRICAL_SURFACE('',#6710,0.1);
#6776=ADVANCED_FACE('',(#6777),#6826,.T.);
#6777=FACE_BOUND('',#6778,.T.);
#6778=EDGE_LOOP('',(#2855,#2841,#6764,#6779,#6784,#6791,#6796,#6801,#6806,#6812,#6817,#6823));
#6779=ORIENTED_EDGE('',*,*,#6780,.T.);
#6780=EDGE_CURVE('',#6766,#6781,#6783,.T.);
#6781=VERTEX_POINT('',#6782);
#6782=CARTESIAN_POINT('',(0.225,-3.882385590716,0.165270364467));
#6783=LINE('',#6767,#6276);
#6784=ORIENTED_EDGE('',*,*,#6785,.T.);
#6785=EDGE_CURVE('',#6781,#6786,#6788,.T.);
#6786=VERTEX_POINT('',#6787);
#6787=CARTESIAN_POINT('',(0.225,-4.079347141319,1.387778780781E-16));
#6788=CIRCLE('',#6789,0.2);
#6789=AXIS2_PLACEMENT_3D('',#6790,#136,#6285);
#6790=CARTESIAN_POINT('',(0.225,-4.079347141319,0.2));
#6791=ORIENTED_EDGE('',*,*,#6792,.T.);
#6792=EDGE_CURVE('',#6786,#6793,#6795,.T.);
#6793=VERTEX_POINT('',#6794);
#6794=CARTESIAN_POINT('',(0.225,-4.5,1.387778780781E-16));
#6795=LINE('',#6787,#121);
#6796=ORIENTED_EDGE('',*,*,#6797,.T.);
#6797=EDGE_CURVE('',#6793,#6798,#6800,.T.);
#6798=VERTEX_POINT('',#6799);
#6799=CARTESIAN_POINT('',(0.225,-4.5,0.1));
#6800=LINE('',#6794,#187);
#6801=ORIENTED_EDGE('',*,*,#6802,.T.);
#6802=EDGE_CURVE('',#6798,#6803,#6805,.T.);
#6803=VERTEX_POINT('',#6804);
#6804=CARTESIAN_POINT('',(0.225,-4.079347141319,0.1));
#6805=LINE('',#6799,#149);
#6806=ORIENTED_EDGE('',*,*,#6807,.T.);
#6807=EDGE_CURVE('',#6803,#6808,#6810,.T.);
#6808=VERTEX_POINT('',#6809);
#6809=CARTESIAN_POINT('',(0.225,-3.980866366018,0.182635182233));
#6810=CIRCLE('',#6811,1.E-01);
#6811=AXIS2_PLACEMENT_3D('',#6790,#14,#840);
#6812=ORIENTED_EDGE('',*,*,#6813,.T.);
#6813=EDGE_CURVE('',#6808,#6814,#6816,.T.);
#6814=VERTEX_POINT('',#6815);
#6815=CARTESIAN_POINT('',(0.225,-3.896961550602,0.684729635533));
#6816=LINE('',#6809,#6312);
#6817=ORIENTED_EDGE('',*,*,#6818,.T.);
#6818=EDGE_CURVE('',#6814,#6819,#6821,.T.);
#6819=VERTEX_POINT('',#6820);
#6820=CARTESIAN_POINT('',(0.225,-3.7,0.85));
#6821=CIRCLE('',#6822,0.2);
#6822=AXIS2_PLACEMENT_3D('',#6770,#136,#6319);
#6823=ORIENTED_EDGE('',*,*,#6824,.T.);
#6824=EDGE_CURVE('',#6819,#2857,#6825,.T.);
#6825=LINE('',#6820,#149);
#6826=PLANE('',#6827);
#6827=AXIS2_PLACEMENT_3D('',#6828,#136,#13);
#6828=CARTESIAN_POINT('',(0.225,-3.914276639233,0.410238158856));
#6829=ADVANCED_FACE('',(#6830),#837,.F.);
#6830=FACE_BOUND('',#6831,.F.);
#6831=EDGE_LOOP('',(#6832,#6833,#6839,#6843));
#6832=ORIENTED_EDGE('',*,*,#2869,.T.);
#6833=ORIENTED_EDGE('',*,*,#6834,.T.);
#6834=EDGE_CURVE('',#2864,#6835,#6837,.T.);
#6835=VERTEX_POINT('',#6836);
#6836=CARTESIAN_POINT('',(-0.225,-3.425,0.85));
#6837=LINE('',#6838,#149);
#6838=CARTESIAN_POINT('',(-0.225,-3.7,0.85));
#6839=ORIENTED_EDGE('',*,*,#6840,.F.);
#6840=EDGE_CURVE('',#6841,#6835,#4018,.T.);
#6841=VERTEX_POINT('',#6842);
#6842=CARTESIAN_POINT('',(0.225,-3.425,0.85));
#6843=ORIENTED_EDGE('',*,*,#6844,.F.);
#6844=EDGE_CURVE('',#2857,#6841,#6825,.T.);
#6845=ADVANCED_FACE('',(#6846),#6902,.F.);
#6846=FACE_BOUND('',#6847,.F.);
#6847=EDGE_LOOP('',(#6848,#6849,#6850,#6857,#6862,#6869,#6874,#6879,#6884,#6890,#6895,#6900));
#6848=ORIENTED_EDGE('',*,*,#2863,.F.);
#6849=ORIENTED_EDGE('',*,*,#2874,.T.);
#6850=ORIENTED_EDGE('',*,*,#6851,.T.);
#6851=EDGE_CURVE('',#2875,#6852,#6854,.T.);
#6852=VERTEX_POINT('',#6853);
#6853=CARTESIAN_POINT('',(-0.225,-3.798480775301,0.667364817767));
#6854=CIRCLE('',#6855,0.1);
#6855=AXIS2_PLACEMENT_3D('',#6856,#14,#13);
#6856=CARTESIAN_POINT('',(-0.225,-3.7,0.65));
#6857=ORIENTED_EDGE('',*,*,#6858,.T.);
#6858=EDGE_CURVE('',#6852,#6859,#6861,.T.);
#6859=VERTEX_POINT('',#6860);
#6860=CARTESIAN_POINT('',(-0.225,-3.882385590716,0.165270364467));
#6861=LINE('',#6853,#6276);
#6862=ORIENTED_EDGE('',*,*,#6863,.T.);
#6863=EDGE_CURVE('',#6859,#6864,#6866,.T.);
#6864=VERTEX_POINT('',#6865);
#6865=CARTESIAN_POINT('',(-0.225,-4.079347141319,1.387778780781E-16));
#6866=CIRCLE('',#6867,0.2);
#6867=AXIS2_PLACEMENT_3D('',#6868,#136,#6285);
#6868=CARTESIAN_POINT('',(-0.225,-4.079347141319,0.2));
#6869=ORIENTED_EDGE('',*,*,#6870,.T.);
#6870=EDGE_CURVE('',#6864,#6871,#6873,.T.);
#6871=VERTEX_POINT('',#6872);
#6872=CARTESIAN_POINT('',(-0.225,-4.5,1.387778780781E-16));
#6873=LINE('',#6865,#121);
#6874=ORIENTED_EDGE('',*,*,#6875,.T.);
#6875=EDGE_CURVE('',#6871,#6876,#6878,.T.);
#6876=VERTEX_POINT('',#6877);
#6877=CARTESIAN_POINT('',(-0.225,-4.5,0.1));
#6878=LINE('',#6872,#187);
#6879=ORIENTED_EDGE('',*,*,#6880,.T.);
#6880=EDGE_CURVE('',#6876,#6881,#6883,.T.);
#6881=VERTEX_POINT('',#6882);
#6882=CARTESIAN_POINT('',(-0.225,-4.079347141319,0.1));
#6883=LINE('',#6877,#149);
#6884=ORIENTED_EDGE('',*,*,#6885,.T.);
#6885=EDGE_CURVE('',#6881,#6886,#6888,.T.);
#6886=VERTEX_POINT('',#6887);
#6887=CARTESIAN_POINT('',(-0.225,-3.980866366018,0.182635182233));
#6888=CIRCLE('',#6889,1.E-01);
#6889=AXIS2_PLACEMENT_3D('',#6868,#14,#840);
#6890=ORIENTED_EDGE('',*,*,#6891,.T.);
#6891=EDGE_CURVE('',#6886,#6892,#6894,.T.);
#6892=VERTEX_POINT('',#6893);
#6893=CARTESIAN_POINT('',(-0.225,-3.896961550602,0.684729635533));
#6894=LINE('',#6887,#6312);
#6895=ORIENTED_EDGE('',*,*,#6896,.T.);
#6896=EDGE_CURVE('',#6892,#6897,#6898,.T.);
#6897=VERTEX_POINT('',#6838);
#6898=CIRCLE('',#6899,0.2);
#6899=AXIS2_PLACEMENT_3D('',#6856,#136,#6319);
#6900=ORIENTED_EDGE('',*,*,#6901,.T.);
#6901=EDGE_CURVE('',#6897,#2864,#6837,.T.);
#6902=PLANE('',#6903);
#6903=AXIS2_PLACEMENT_3D('',#6904,#136,#13);
#6904=CARTESIAN_POINT('',(-0.225,-3.914276639233,0.410238158856));
#6905=ADVANCED_FACE('',(#6906),#6920,.F.);
#6906=FACE_BOUND('',#6907,.F.);
#6907=EDGE_LOOP('',(#6908,#6909,#6916,#6919));
#6908=ORIENTED_EDGE('',*,*,#2887,.T.);
#6909=ORIENTED_EDGE('',*,*,#6910,.T.);
#6910=EDGE_CURVE('',#2882,#6911,#6913,.T.);
#6911=VERTEX_POINT('',#6912);
#6912=CARTESIAN_POINT('',(-0.575,-3.798480775301,0.667364817767));
#6913=CIRCLE('',#6914,0.1);
#6914=AXIS2_PLACEMENT_3D('',#6915,#14,#13);
#6915=CARTESIAN_POINT('',(-0.575,-3.7,0.65));
#6916=ORIENTED_EDGE('',*,*,#6917,.F.);
#6917=EDGE_CURVE('',#6852,#6911,#6918,.T.);
#6918=LINE('',#6853,#135);
#6919=ORIENTED_EDGE('',*,*,#6851,.F.);
#6920=CYLINDRICAL_SURFACE('',#6855,0.1);
#6921=ADVANCED_FACE('',(#6922),#6971,.T.);
#6922=FACE_BOUND('',#6923,.T.);
#6923=EDGE_LOOP('',(#2894,#2880,#6909,#6924,#6929,#6936,#6941,#6946,#6951,#6957,#6962,#6968));
#6924=ORIENTED_EDGE('',*,*,#6925,.T.);
#6925=EDGE_CURVE('',#6911,#6926,#6928,.T.);
#6926=VERTEX_POINT('',#6927);
#6927=CARTESIAN_POINT('',(-0.575,-3.882385590716,0.165270364467));
#6928=LINE('',#6912,#6276);
#6929=ORIENTED_EDGE('',*,*,#6930,.T.);
#6930=EDGE_CURVE('',#6926,#6931,#6933,.T.);
#6931=VERTEX_POINT('',#6932);
#6932=CARTESIAN_POINT('',(-0.575,-4.079347141319,1.387778780781E-16));
#6933=CIRCLE('',#6934,0.2);
#6934=AXIS2_PLACEMENT_3D('',#6935,#136,#6285);
#6935=CARTESIAN_POINT('',(-0.575,-4.079347141319,0.2));
#6936=ORIENTED_EDGE('',*,*,#6937,.T.);
#6937=EDGE_CURVE('',#6931,#6938,#6940,.T.);
#6938=VERTEX_POINT('',#6939);
#6939=CARTESIAN_POINT('',(-0.575,-4.5,1.387778780781E-16));
#6940=LINE('',#6932,#121);
#6941=ORIENTED_EDGE('',*,*,#6942,.T.);
#6942=EDGE_CURVE('',#6938,#6943,#6945,.T.);
#6943=VERTEX_POINT('',#6944);
#6944=CARTESIAN_POINT('',(-0.575,-4.5,0.1));
#6945=LINE('',#6939,#187);
#6946=ORIENTED_EDGE('',*,*,#6947,.T.);
#6947=EDGE_CURVE('',#6943,#6948,#6950,.T.);
#6948=VERTEX_POINT('',#6949);
#6949=CARTESIAN_POINT('',(-0.575,-4.079347141319,0.1));
#6950=LINE('',#6944,#149);
#6951=ORIENTED_EDGE('',*,*,#6952,.T.);
#6952=EDGE_CURVE('',#6948,#6953,#6955,.T.);
#6953=VERTEX_POINT('',#6954);
#6954=CARTESIAN_POINT('',(-0.575,-3.980866366018,0.182635182233));
#6955=CIRCLE('',#6956,1.E-01);
#6956=AXIS2_PLACEMENT_3D('',#6935,#14,#840);
#6957=ORIENTED_EDGE('',*,*,#6958,.T.);
#6958=EDGE_CURVE('',#6953,#6959,#6961,.T.);
#6959=VERTEX_POINT('',#6960);
#6960=CARTESIAN_POINT('',(-0.575,-3.896961550602,0.684729635533));
#6961=LINE('',#6954,#6312);
#6962=ORIENTED_EDGE('',*,*,#6963,.T.);
#6963=EDGE_CURVE('',#6959,#6964,#6966,.T.);
#6964=VERTEX_POINT('',#6965);
#6965=CARTESIAN_POINT('',(-0.575,-3.7,0.85));
#6966=CIRCLE('',#6967,0.2);
#6967=AXIS2_PLACEMENT_3D('',#6915,#136,#6319);
#6968=ORIENTED_EDGE('',*,*,#6969,.T.);
#6969=EDGE_CURVE('',#6964,#2896,#6970,.T.);
#6970=LINE('',#6965,#149);
#6971=PLANE('',#6972);
#6972=AXIS2_PLACEMENT_3D('',#6973,#136,#13);
#6973=CARTESIAN_POINT('',(-0.575,-3.914276639233,0.410238158856));
#6974=ADVANCED_FACE('',(#6975),#837,.F.);
#6975=FACE_BOUND('',#6976,.F.);
#6976=EDGE_LOOP('',(#6977,#6978,#6984,#6988));
#6977=ORIENTED_EDGE('',*,*,#2908,.T.);
#6978=ORIENTED_EDGE('',*,*,#6979,.T.);
#6979=EDGE_CURVE('',#2903,#6980,#6982,.T.);
#6980=VERTEX_POINT('',#6981);
#6981=CARTESIAN_POINT('',(-1.025,-3.425,0.85));
#6982=LINE('',#6983,#149);
#6983=CARTESIAN_POINT('',(-1.025,-3.7,0.85));
#6984=ORIENTED_EDGE('',*,*,#6985,.F.);
#6985=EDGE_CURVE('',#6986,#6980,#4018,.T.);
#6986=VERTEX_POINT('',#6987);
#6987=CARTESIAN_POINT('',(-0.575,-3.425,0.85));
#6988=ORIENTED_EDGE('',*,*,#6989,.F.);
#6989=EDGE_CURVE('',#2896,#6986,#6970,.T.);
#6990=ADVANCED_FACE('',(#6991),#7047,.F.);
#6991=FACE_BOUND('',#6992,.F.);
#6992=EDGE_LOOP('',(#6993,#6994,#6995,#7002,#7007,#7014,#7019,#7024,#7029,#7035,#7040,#7045));
#6993=ORIENTED_EDGE('',*,*,#2902,.F.);
#6994=ORIENTED_EDGE('',*,*,#2913,.T.);
#6995=ORIENTED_EDGE('',*,*,#6996,.T.);
#6996=EDGE_CURVE('',#2914,#6997,#6999,.T.);
#6997=VERTEX_POINT('',#6998);
#6998=CARTESIAN_POINT('',(-1.025,-3.798480775301,0.667364817767));
#6999=CIRCLE('',#7000,0.1);
#7000=AXIS2_PLACEMENT_3D('',#7001,#14,#13);
#7001=CARTESIAN_POINT('',(-1.025,-3.7,0.65));
#7002=ORIENTED_EDGE('',*,*,#7003,.T.);
#7003=EDGE_CURVE('',#6997,#7004,#7006,.T.);
#7004=VERTEX_POINT('',#7005);
#7005=CARTESIAN_POINT('',(-1.025,-3.882385590716,0.165270364467));
#7006=LINE('',#6998,#6276);
#7007=ORIENTED_EDGE('',*,*,#7008,.T.);
#7008=EDGE_CURVE('',#7004,#7009,#7011,.T.);
#7009=VERTEX_POINT('',#7010);
#7010=CARTESIAN_POINT('',(-1.025,-4.079347141319,1.387778780781E-16));
#7011=CIRCLE('',#7012,0.2);
#7012=AXIS2_PLACEMENT_3D('',#7013,#136,#6285);
#7013=CARTESIAN_POINT('',(-1.025,-4.079347141319,0.2));
#7014=ORIENTED_EDGE('',*,*,#7015,.T.);
#7015=EDGE_CURVE('',#7009,#7016,#7018,.T.);
#7016=VERTEX_POINT('',#7017);
#7017=CARTESIAN_POINT('',(-1.025,-4.5,1.387778780781E-16));
#7018=LINE('',#7010,#121);
#7019=ORIENTED_EDGE('',*,*,#7020,.T.);
#7020=EDGE_CURVE('',#7016,#7021,#7023,.T.);
#7021=VERTEX_POINT('',#7022);
#7022=CARTESIAN_POINT('',(-1.025,-4.5,0.1));
#7023=LINE('',#7017,#187);
#7024=ORIENTED_EDGE('',*,*,#7025,.T.);
#7025=EDGE_CURVE('',#7021,#7026,#7028,.T.);
#7026=VERTEX_POINT('',#7027);
#7027=CARTESIAN_POINT('',(-1.025,-4.079347141319,0.1));
#7028=LINE('',#7022,#149);
#7029=ORIENTED_EDGE('',*,*,#7030,.T.);
#7030=EDGE_CURVE('',#7026,#7031,#7033,.T.);
#7031=VERTEX_POINT('',#7032);
#7032=CARTESIAN_POINT('',(-1.025,-3.980866366018,0.182635182233));
#7033=CIRCLE('',#7034,1.E-01);
#7034=AXIS2_PLACEMENT_3D('',#7013,#14,#840);
#7035=ORIENTED_EDGE('',*,*,#7036,.T.);
#7036=EDGE_CURVE('',#7031,#7037,#7039,.T.);
#7037=VERTEX_POINT('',#7038);
#7038=CARTESIAN_POINT('',(-1.025,-3.896961550602,0.684729635533));
#7039=LINE('',#7032,#6312);
#7040=ORIENTED_EDGE('',*,*,#7041,.T.);
#7041=EDGE_CURVE('',#7037,#7042,#7043,.T.);
#7042=VERTEX_POINT('',#6983);
#7043=CIRCLE('',#7044,0.2);
#7044=AXIS2_PLACEMENT_3D('',#7001,#136,#6319);
#7045=ORIENTED_EDGE('',*,*,#7046,.T.);
#7046=EDGE_CURVE('',#7042,#2903,#6982,.T.);
#7047=PLANE('',#7048);
#7048=AXIS2_PLACEMENT_3D('',#7049,#136,#13);
#7049=CARTESIAN_POINT('',(-1.025,-3.914276639233,0.410238158856));
#7050=ADVANCED_FACE('',(#7051),#7065,.F.);
#7051=FACE_BOUND('',#7052,.F.);
#7052=EDGE_LOOP('',(#7053,#7054,#7061,#7064));
#7053=ORIENTED_EDGE('',*,*,#2926,.T.);
#7054=ORIENTED_EDGE('',*,*,#7055,.T.);
#7055=EDGE_CURVE('',#2921,#7056,#7058,.T.);
#7056=VERTEX_POINT('',#7057);
#7057=CARTESIAN_POINT('',(-1.375,-3.798480775301,0.667364817767));
#7058=CIRCLE('',#7059,0.1);
#7059=AXIS2_PLACEMENT_3D('',#7060,#14,#13);
#7060=CARTESIAN_POINT('',(-1.375,-3.7,0.65));
#7061=ORIENTED_EDGE('',*,*,#7062,.F.);
#7062=EDGE_CURVE('',#6997,#7056,#7063,.T.);
#7063=LINE('',#6998,#135);
#7064=ORIENTED_EDGE('',*,*,#6996,.F.);
#7065=CYLINDRICAL_SURFACE('',#7000,0.1);
#7066=ADVANCED_FACE('',(#7067),#7116,.T.);
#7067=FACE_BOUND('',#7068,.T.);
#7068=EDGE_LOOP('',(#2933,#2919,#7054,#7069,#7074,#7081,#7086,#7091,#7096,#7102,#7107,#7113));
#7069=ORIENTED_EDGE('',*,*,#7070,.T.);
#7070=EDGE_CURVE('',#7056,#7071,#7073,.T.);
#7071=VERTEX_POINT('',#7072);
#7072=CARTESIAN_POINT('',(-1.375,-3.882385590716,0.165270364467));
#7073=LINE('',#7057,#6276);
#7074=ORIENTED_EDGE('',*,*,#7075,.T.);
#7075=EDGE_CURVE('',#7071,#7076,#7078,.T.);
#7076=VERTEX_POINT('',#7077);
#7077=CARTESIAN_POINT('',(-1.375,-4.079347141319,1.387778780781E-16));
#7078=CIRCLE('',#7079,0.2);
#7079=AXIS2_PLACEMENT_3D('',#7080,#136,#6285);
#7080=CARTESIAN_POINT('',(-1.375,-4.079347141319,0.2));
#7081=ORIENTED_EDGE('',*,*,#7082,.T.);
#7082=EDGE_CURVE('',#7076,#7083,#7085,.T.);
#7083=VERTEX_POINT('',#7084);
#7084=CARTESIAN_POINT('',(-1.375,-4.5,1.387778780781E-16));
#7085=LINE('',#7077,#121);
#7086=ORIENTED_EDGE('',*,*,#7087,.T.);
#7087=EDGE_CURVE('',#7083,#7088,#7090,.T.);
#7088=VERTEX_POINT('',#7089);
#7089=CARTESIAN_POINT('',(-1.375,-4.5,0.1));
#7090=LINE('',#7084,#187);
#7091=ORIENTED_EDGE('',*,*,#7092,.T.);
#7092=EDGE_CURVE('',#7088,#7093,#7095,.T.);
#7093=VERTEX_POINT('',#7094);
#7094=CARTESIAN_POINT('',(-1.375,-4.079347141319,0.1));
#7095=LINE('',#7089,#149);
#7096=ORIENTED_EDGE('',*,*,#7097,.T.);
#7097=EDGE_CURVE('',#7093,#7098,#7100,.T.);
#7098=VERTEX_POINT('',#7099);
#7099=CARTESIAN_POINT('',(-1.375,-3.980866366018,0.182635182233));
#7100=CIRCLE('',#7101,1.E-01);
#7101=AXIS2_PLACEMENT_3D('',#7080,#14,#840);
#7102=ORIENTED_EDGE('',*,*,#7103,.T.);
#7103=EDGE_CURVE('',#7098,#7104,#7106,.T.);
#7104=VERTEX_POINT('',#7105);
#7105=CARTESIAN_POINT('',(-1.375,-3.896961550602,0.684729635533));
#7106=LINE('',#7099,#6312);
#7107=ORIENTED_EDGE('',*,*,#7108,.T.);
#7108=EDGE_CURVE('',#7104,#7109,#7111,.T.);
#7109=VERTEX_POINT('',#7110);
#7110=CARTESIAN_POINT('',(-1.375,-3.7,0.85));
#7111=CIRCLE('',#7112,0.2);
#7112=AXIS2_PLACEMENT_3D('',#7060,#136,#6319);
#7113=ORIENTED_EDGE('',*,*,#7114,.T.);
#7114=EDGE_CURVE('',#7109,#2935,#7115,.T.);
#7115=LINE('',#7110,#149);
#7116=PLANE('',#7117);
#7117=AXIS2_PLACEMENT_3D('',#7118,#136,#13);
#7118=CARTESIAN_POINT('',(-1.375,-3.914276639233,0.410238158856));
#7119=ADVANCED_FACE('',(#7120),#837,.F.);
#7120=FACE_BOUND('',#7121,.F.);
#7121=EDGE_LOOP('',(#7122,#7123,#7129,#7133));
#7122=ORIENTED_EDGE('',*,*,#2947,.T.);
#7123=ORIENTED_EDGE('',*,*,#7124,.T.);
#7124=EDGE_CURVE('',#2942,#7125,#7127,.T.);
#7125=VERTEX_POINT('',#7126);
#7126=CARTESIAN_POINT('',(-1.825,-3.425,0.85));
#7127=LINE('',#7128,#149);
#7128=CARTESIAN_POINT('',(-1.825,-3.7,0.85));
#7129=ORIENTED_EDGE('',*,*,#7130,.F.);
#7130=EDGE_CURVE('',#7131,#7125,#4018,.T.);
#7131=VERTEX_POINT('',#7132);
#7132=CARTESIAN_POINT('',(-1.375,-3.425,0.85));
#7133=ORIENTED_EDGE('',*,*,#7134,.F.);
#7134=EDGE_CURVE('',#2935,#7131,#7115,.T.);
#7135=ADVANCED_FACE('',(#7136),#7192,.F.);
#7136=FACE_BOUND('',#7137,.F.);
#7137=EDGE_LOOP('',(#7138,#7139,#7140,#7147,#7152,#7159,#7164,#7169,#7174,#7180,#7185,#7190));
#7138=ORIENTED_EDGE('',*,*,#2941,.F.);
#7139=ORIENTED_EDGE('',*,*,#2952,.T.);
#7140=ORIENTED_EDGE('',*,*,#7141,.T.);
#7141=EDGE_CURVE('',#2953,#7142,#7144,.T.);
#7142=VERTEX_POINT('',#7143);
#7143=CARTESIAN_POINT('',(-1.825,-3.798480775301,0.667364817767));
#7144=CIRCLE('',#7145,0.1);
#7145=AXIS2_PLACEMENT_3D('',#7146,#14,#13);
#7146=CARTESIAN_POINT('',(-1.825,-3.7,0.65));
#7147=ORIENTED_EDGE('',*,*,#7148,.T.);
#7148=EDGE_CURVE('',#7142,#7149,#7151,.T.);
#7149=VERTEX_POINT('',#7150);
#7150=CARTESIAN_POINT('',(-1.825,-3.882385590716,0.165270364467));
#7151=LINE('',#7143,#6276);
#7152=ORIENTED_EDGE('',*,*,#7153,.T.);
#7153=EDGE_CURVE('',#7149,#7154,#7156,.T.);
#7154=VERTEX_POINT('',#7155);
#7155=CARTESIAN_POINT('',(-1.825,-4.079347141319,1.387778780781E-16));
#7156=CIRCLE('',#7157,0.2);
#7157=AXIS2_PLACEMENT_3D('',#7158,#136,#6285);
#7158=CARTESIAN_POINT('',(-1.825,-4.079347141319,0.2));
#7159=ORIENTED_EDGE('',*,*,#7160,.T.);
#7160=EDGE_CURVE('',#7154,#7161,#7163,.T.);
#7161=VERTEX_POINT('',#7162);
#7162=CARTESIAN_POINT('',(-1.825,-4.5,1.387778780781E-16));
#7163=LINE('',#7155,#121);
#7164=ORIENTED_EDGE('',*,*,#7165,.T.);
#7165=EDGE_CURVE('',#7161,#7166,#7168,.T.);
#7166=VERTEX_POINT('',#7167);
#7167=CARTESIAN_POINT('',(-1.825,-4.5,0.1));
#7168=LINE('',#7162,#187);
#7169=ORIENTED_EDGE('',*,*,#7170,.T.);
#7170=EDGE_CURVE('',#7166,#7171,#7173,.T.);
#7171=VERTEX_POINT('',#7172);
#7172=CARTESIAN_POINT('',(-1.825,-4.079347141319,0.1));
#7173=LINE('',#7167,#149);
#7174=ORIENTED_EDGE('',*,*,#7175,.T.);
#7175=EDGE_CURVE('',#7171,#7176,#7178,.T.);
#7176=VERTEX_POINT('',#7177);
#7177=CARTESIAN_POINT('',(-1.825,-3.980866366018,0.182635182233));
#7178=CIRCLE('',#7179,1.E-01);
#7179=AXIS2_PLACEMENT_3D('',#7158,#14,#840);
#7180=ORIENTED_EDGE('',*,*,#7181,.T.);
#7181=EDGE_CURVE('',#7176,#7182,#7184,.T.);
#7182=VERTEX_POINT('',#7183);
#7183=CARTESIAN_POINT('',(-1.825,-3.896961550602,0.684729635533));
#7184=LINE('',#7177,#6312);
#7185=ORIENTED_EDGE('',*,*,#7186,.T.);
#7186=EDGE_CURVE('',#7182,#7187,#7188,.T.);
#7187=VERTEX_POINT('',#7128);
#7188=CIRCLE('',#7189,0.2);
#7189=AXIS2_PLACEMENT_3D('',#7146,#136,#6319);
#7190=ORIENTED_EDGE('',*,*,#7191,.T.);
#7191=EDGE_CURVE('',#7187,#2942,#7127,.T.);
#7192=PLANE('',#7193);
#7193=AXIS2_PLACEMENT_3D('',#7194,#136,#13);
#7194=CARTESIAN_POINT('',(-1.825,-3.914276639233,0.410238158856));
#7195=ADVANCED_FACE('',(#7196),#7210,.F.);
#7196=FACE_BOUND('',#7197,.F.);
#7197=EDGE_LOOP('',(#7198,#7199,#7206,#7209));
#7198=ORIENTED_EDGE('',*,*,#2965,.T.);
#7199=ORIENTED_EDGE('',*,*,#7200,.T.);
#7200=EDGE_CURVE('',#2960,#7201,#7203,.T.);
#7201=VERTEX_POINT('',#7202);
#7202=CARTESIAN_POINT('',(-2.175,-3.798480775301,0.667364817767));
#7203=CIRCLE('',#7204,0.1);
#7204=AXIS2_PLACEMENT_3D('',#7205,#14,#13);
#7205=CARTESIAN_POINT('',(-2.175,-3.7,0.65));
#7206=ORIENTED_EDGE('',*,*,#7207,.F.);
#7207=EDGE_CURVE('',#7142,#7201,#7208,.T.);
#7208=LINE('',#7143,#135);
#7209=ORIENTED_EDGE('',*,*,#7141,.F.);
#7210=CYLINDRICAL_SURFACE('',#7145,0.1);
#7211=ADVANCED_FACE('',(#7212),#7261,.T.);
#7212=FACE_BOUND('',#7213,.T.);
#7213=EDGE_LOOP('',(#2972,#2958,#7199,#7214,#7219,#7226,#7231,#7236,#7241,#7247,#7252,#7258));
#7214=ORIENTED_EDGE('',*,*,#7215,.T.);
#7215=EDGE_CURVE('',#7201,#7216,#7218,.T.);
#7216=VERTEX_POINT('',#7217);
#7217=CARTESIAN_POINT('',(-2.175,-3.882385590716,0.165270364467));
#7218=LINE('',#7202,#6276);
#7219=ORIENTED_EDGE('',*,*,#7220,.T.);
#7220=EDGE_CURVE('',#7216,#7221,#7223,.T.);
#7221=VERTEX_POINT('',#7222);
#7222=CARTESIAN_POINT('',(-2.175,-4.079347141319,1.387778780781E-16));
#7223=CIRCLE('',#7224,0.2);
#7224=AXIS2_PLACEMENT_3D('',#7225,#136,#6285);
#7225=CARTESIAN_POINT('',(-2.175,-4.079347141319,0.2));
#7226=ORIENTED_EDGE('',*,*,#7227,.T.);
#7227=EDGE_CURVE('',#7221,#7228,#7230,.T.);
#7228=VERTEX_POINT('',#7229);
#7229=CARTESIAN_POINT('',(-2.175,-4.5,1.387778780781E-16));
#7230=LINE('',#7222,#121);
#7231=ORIENTED_EDGE('',*,*,#7232,.T.);
#7232=EDGE_CURVE('',#7228,#7233,#7235,.T.);
#7233=VERTEX_POINT('',#7234);
#7234=CARTESIAN_POINT('',(-2.175,-4.5,0.1));
#7235=LINE('',#7229,#187);
#7236=ORIENTED_EDGE('',*,*,#7237,.T.);
#7237=EDGE_CURVE('',#7233,#7238,#7240,.T.);
#7238=VERTEX_POINT('',#7239);
#7239=CARTESIAN_POINT('',(-2.175,-4.079347141319,0.1));
#7240=LINE('',#7234,#149);
#7241=ORIENTED_EDGE('',*,*,#7242,.T.);
#7242=EDGE_CURVE('',#7238,#7243,#7245,.T.);
#7243=VERTEX_POINT('',#7244);
#7244=CARTESIAN_POINT('',(-2.175,-3.980866366018,0.182635182233));
#7245=CIRCLE('',#7246,1.E-01);
#7246=AXIS2_PLACEMENT_3D('',#7225,#14,#840);
#7247=ORIENTED_EDGE('',*,*,#7248,.T.);
#7248=EDGE_CURVE('',#7243,#7249,#7251,.T.);
#7249=VERTEX_POINT('',#7250);
#7250=CARTESIAN_POINT('',(-2.175,-3.896961550602,0.684729635533));
#7251=LINE('',#7244,#6312);
#7252=ORIENTED_EDGE('',*,*,#7253,.T.);
#7253=EDGE_CURVE('',#7249,#7254,#7256,.T.);
#7254=VERTEX_POINT('',#7255);
#7255=CARTESIAN_POINT('',(-2.175,-3.7,0.85));
#7256=CIRCLE('',#7257,0.2);
#7257=AXIS2_PLACEMENT_3D('',#7205,#136,#6319);
#7258=ORIENTED_EDGE('',*,*,#7259,.T.);
#7259=EDGE_CURVE('',#7254,#2974,#7260,.T.);
#7260=LINE('',#7255,#149);
#7261=PLANE('',#7262);
#7262=AXIS2_PLACEMENT_3D('',#7263,#136,#13);
#7263=CARTESIAN_POINT('',(-2.175,-3.914276639233,0.410238158856));
#7264=ADVANCED_FACE('',(#7265),#837,.F.);
#7265=FACE_BOUND('',#7266,.F.);
#7266=EDGE_LOOP('',(#7267,#7268,#7274,#7278));
#7267=ORIENTED_EDGE('',*,*,#2986,.T.);
#7268=ORIENTED_EDGE('',*,*,#7269,.T.);
#7269=EDGE_CURVE('',#2981,#7270,#7272,.T.);
#7270=VERTEX_POINT('',#7271);
#7271=CARTESIAN_POINT('',(-2.625,-3.425,0.85));
#7272=LINE('',#7273,#149);
#7273=CARTESIAN_POINT('',(-2.625,-3.7,0.85));
#7274=ORIENTED_EDGE('',*,*,#7275,.F.);
#7275=EDGE_CURVE('',#7276,#7270,#4018,.T.);
#7276=VERTEX_POINT('',#7277);
#7277=CARTESIAN_POINT('',(-2.175,-3.425,0.85));
#7278=ORIENTED_EDGE('',*,*,#7279,.F.);
#7279=EDGE_CURVE('',#2974,#7276,#7260,.T.);
#7280=ADVANCED_FACE('',(#7281),#7337,.F.);
#7281=FACE_BOUND('',#7282,.F.);
#7282=EDGE_LOOP('',(#7283,#7284,#7285,#7292,#7297,#7304,#7309,#7314,#7319,#7325,#7330,#7335));
#7283=ORIENTED_EDGE('',*,*,#2980,.F.);
#7284=ORIENTED_EDGE('',*,*,#2991,.T.);
#7285=ORIENTED_EDGE('',*,*,#7286,.T.);
#7286=EDGE_CURVE('',#2992,#7287,#7289,.T.);
#7287=VERTEX_POINT('',#7288);
#7288=CARTESIAN_POINT('',(-2.625,-3.798480775301,0.667364817767));
#7289=CIRCLE('',#7290,0.1);
#7290=AXIS2_PLACEMENT_3D('',#7291,#14,#13);
#7291=CARTESIAN_POINT('',(-2.625,-3.7,0.65));
#7292=ORIENTED_EDGE('',*,*,#7293,.T.);
#7293=EDGE_CURVE('',#7287,#7294,#7296,.T.);
#7294=VERTEX_POINT('',#7295);
#7295=CARTESIAN_POINT('',(-2.625,-3.882385590716,0.165270364467));
#7296=LINE('',#7288,#6276);
#7297=ORIENTED_EDGE('',*,*,#7298,.T.);
#7298=EDGE_CURVE('',#7294,#7299,#7301,.T.);
#7299=VERTEX_POINT('',#7300);
#7300=CARTESIAN_POINT('',(-2.625,-4.079347141319,1.387778780781E-16));
#7301=CIRCLE('',#7302,0.2);
#7302=AXIS2_PLACEMENT_3D('',#7303,#136,#6285);
#7303=CARTESIAN_POINT('',(-2.625,-4.079347141319,0.2));
#7304=ORIENTED_EDGE('',*,*,#7305,.T.);
#7305=EDGE_CURVE('',#7299,#7306,#7308,.T.);
#7306=VERTEX_POINT('',#7307);
#7307=CARTESIAN_POINT('',(-2.625,-4.5,1.387778780781E-16));
#7308=LINE('',#7300,#121);
#7309=ORIENTED_EDGE('',*,*,#7310,.T.);
#7310=EDGE_CURVE('',#7306,#7311,#7313,.T.);
#7311=VERTEX_POINT('',#7312);
#7312=CARTESIAN_POINT('',(-2.625,-4.5,0.1));
#7313=LINE('',#7307,#187);
#7314=ORIENTED_EDGE('',*,*,#7315,.T.);
#7315=EDGE_CURVE('',#7311,#7316,#7318,.T.);
#7316=VERTEX_POINT('',#7317);
#7317=CARTESIAN_POINT('',(-2.625,-4.079347141319,0.1));
#7318=LINE('',#7312,#149);
#7319=ORIENTED_EDGE('',*,*,#7320,.T.);
#7320=EDGE_CURVE('',#7316,#7321,#7323,.T.);
#7321=VERTEX_POINT('',#7322);
#7322=CARTESIAN_POINT('',(-2.625,-3.980866366018,0.182635182233));
#7323=CIRCLE('',#7324,1.E-01);
#7324=AXIS2_PLACEMENT_3D('',#7303,#14,#840);
#7325=ORIENTED_EDGE('',*,*,#7326,.T.);
#7326=EDGE_CURVE('',#7321,#7327,#7329,.T.);
#7327=VERTEX_POINT('',#7328);
#7328=CARTESIAN_POINT('',(-2.625,-3.896961550602,0.684729635533));
#7329=LINE('',#7322,#6312);
#7330=ORIENTED_EDGE('',*,*,#7331,.T.);
#7331=EDGE_CURVE('',#7327,#7332,#7333,.T.);
#7332=VERTEX_POINT('',#7273);
#7333=CIRCLE('',#7334,0.2);
#7334=AXIS2_PLACEMENT_3D('',#7291,#136,#6319);
#7335=ORIENTED_EDGE('',*,*,#7336,.T.);
#7336=EDGE_CURVE('',#7332,#2981,#7272,.T.);
#7337=PLANE('',#7338);
#7338=AXIS2_PLACEMENT_3D('',#7339,#136,#13);
#7339=CARTESIAN_POINT('',(-2.625,-3.914276639233,0.410238158856));
#7340=ADVANCED_FACE('',(#7341),#7355,.F.);
#7341=FACE_BOUND('',#7342,.F.);
#7342=EDGE_LOOP('',(#7343,#7344,#7351,#7354));
#7343=ORIENTED_EDGE('',*,*,#3004,.T.);
#7344=ORIENTED_EDGE('',*,*,#7345,.T.);
#7345=EDGE_CURVE('',#2999,#7346,#7348,.T.);
#7346=VERTEX_POINT('',#7347);
#7347=CARTESIAN_POINT('',(-2.975,-3.798480775301,0.667364817767));
#7348=CIRCLE('',#7349,0.1);
#7349=AXIS2_PLACEMENT_3D('',#7350,#14,#13);
#7350=CARTESIAN_POINT('',(-2.975,-3.7,0.65));
#7351=ORIENTED_EDGE('',*,*,#7352,.F.);
#7352=EDGE_CURVE('',#7287,#7346,#7353,.T.);
#7353=LINE('',#7288,#135);
#7354=ORIENTED_EDGE('',*,*,#7286,.F.);
#7355=CYLINDRICAL_SURFACE('',#7290,0.1);
#7356=ADVANCED_FACE('',(#7357),#7404,.T.);
#7357=FACE_BOUND('',#7358,.T.);
#7358=EDGE_LOOP('',(#3011,#2997,#7344,#7359,#7364,#7371,#7376,#7381,#7386,#7392,#7397,#7402));
#7359=ORIENTED_EDGE('',*,*,#7360,.T.);
#7360=EDGE_CURVE('',#7346,#7361,#7363,.T.);
#7361=VERTEX_POINT('',#7362);
#7362=CARTESIAN_POINT('',(-2.975,-3.882385590716,0.165270364467));
#7363=LINE('',#7347,#6276);
#7364=ORIENTED_EDGE('',*,*,#7365,.T.);
#7365=EDGE_CURVE('',#7361,#7366,#7368,.T.);
#7366=VERTEX_POINT('',#7367);
#7367=CARTESIAN_POINT('',(-2.975,-4.079347141319,1.387778780781E-16));
#7368=CIRCLE('',#7369,0.2);
#7369=AXIS2_PLACEMENT_3D('',#7370,#136,#6285);
#7370=CARTESIAN_POINT('',(-2.975,-4.079347141319,0.2));
#7371=ORIENTED_EDGE('',*,*,#7372,.T.);
#7372=EDGE_CURVE('',#7366,#7373,#7375,.T.);
#7373=VERTEX_POINT('',#7374);
#7374=CARTESIAN_POINT('',(-2.975,-4.5,1.387778780781E-16));
#7375=LINE('',#7367,#121);
#7376=ORIENTED_EDGE('',*,*,#7377,.T.);
#7377=EDGE_CURVE('',#7373,#7378,#7380,.T.);
#7378=VERTEX_POINT('',#7379);
#7379=CARTESIAN_POINT('',(-2.975,-4.5,0.1));
#7380=LINE('',#7374,#187);
#7381=ORIENTED_EDGE('',*,*,#7382,.T.);
#7382=EDGE_CURVE('',#7378,#7383,#7385,.T.);
#7383=VERTEX_POINT('',#7384);
#7384=CARTESIAN_POINT('',(-2.975,-4.079347141319,0.1));
#7385=LINE('',#7379,#149);
#7386=ORIENTED_EDGE('',*,*,#7387,.T.);
#7387=EDGE_CURVE('',#7383,#7388,#7390,.T.);
#7388=VERTEX_POINT('',#7389);
#7389=CARTESIAN_POINT('',(-2.975,-3.980866366018,0.182635182233));
#7390=CIRCLE('',#7391,1.E-01);
#7391=AXIS2_PLACEMENT_3D('',#7370,#14,#840);
#7392=ORIENTED_EDGE('',*,*,#7393,.T.);
#7393=EDGE_CURVE('',#7388,#7394,#7396,.T.);
#7394=VERTEX_POINT('',#7395);
#7395=CARTESIAN_POINT('',(-2.975,-3.896961550602,0.684729635533));
#7396=LINE('',#7389,#6312);
#7397=ORIENTED_EDGE('',*,*,#7398,.T.);
#7398=EDGE_CURVE('',#7394,#7399,#7400,.T.);
#7399=VERTEX_POINT('',#4023);
#7400=CIRCLE('',#7401,0.2);
#7401=AXIS2_PLACEMENT_3D('',#7350,#136,#6319);
#7402=ORIENTED_EDGE('',*,*,#7403,.T.);
#7403=EDGE_CURVE('',#7399,#3013,#4022,.T.);
#7404=PLANE('',#7405);
#7405=AXIS2_PLACEMENT_3D('',#7406,#136,#13);
#7406=CARTESIAN_POINT('',(-2.975,-3.914276639233,0.410238158856));
#7407=ADVANCED_FACE('',(#7408),#7415,.T.);
#7408=FACE_BOUND('',#7409,.F.);
#7409=EDGE_LOOP('',(#7410,#5124,#7413,#7414));
#7410=ORIENTED_EDGE('',*,*,#7411,.T.);
#7411=EDGE_CURVE('',#5056,#5121,#7412,.T.);
#7412=LINE('',#5057,#149);
#7413=ORIENTED_EDGE('',*,*,#3030,.F.);
#7414=ORIENTED_EDGE('',*,*,#5060,.F.);
#7415=CYLINDRICAL_SURFACE('',#7416,0.2);
#7416=AXIS2_PLACEMENT_3D('',#5020,#122,#4086);
#7417=ADVANCED_FACE('',(#7418),#7427,.F.);
#7418=FACE_BOUND('',#7419,.F.);
#7419=EDGE_LOOP('',(#7420,#7421,#4155,#7424,#7425,#7426));
#7420=ORIENTED_EDGE('',*,*,#4088,.F.);
#7421=ORIENTED_EDGE('',*,*,#7422,.T.);
#7422=EDGE_CURVE('',#4083,#4151,#7423,.T.);
#7423=LINE('',#4007,#149);
#7424=ORIENTED_EDGE('',*,*,#4171,.T.);
#7425=ORIENTED_EDGE('',*,*,#3053,.F.);
#7426=ORIENTED_EDGE('',*,*,#4005,.F.);
#7427=PLANE('',#7428);
#7428=AXIS2_PLACEMENT_3D('',#4007,#840,#14);
#7429=ADVANCED_FACE('',(#7430),#7439,.F.);
#7430=FACE_BOUND('',#7431,.F.);
#7431=EDGE_LOOP('',(#7432,#7433,#4295,#7436,#7437,#7438));
#7432=ORIENTED_EDGE('',*,*,#4228,.F.);
#7433=ORIENTED_EDGE('',*,*,#7434,.T.);
#7434=EDGE_CURVE('',#4224,#4291,#7435,.T.);
#7435=LINE('',#4168,#149);
#7436=ORIENTED_EDGE('',*,*,#4311,.T.);
#7437=ORIENTED_EDGE('',*,*,#3061,.F.);
#7438=ORIENTED_EDGE('',*,*,#4166,.F.);
#7439=PLANE('',#7440);
#7440=AXIS2_PLACEMENT_3D('',#4168,#840,#14);
#7441=ADVANCED_FACE('',(#7442),#7451,.F.);
#7442=FACE_BOUND('',#7443,.F.);
#7443=EDGE_LOOP('',(#7444,#7445,#4435,#7448,#7449,#7450));
#7444=ORIENTED_EDGE('',*,*,#4368,.F.);
#7445=ORIENTED_EDGE('',*,*,#7446,.T.);
#7446=EDGE_CURVE('',#4364,#4431,#7447,.T.);
#7447=LINE('',#4308,#149);
#7448=ORIENTED_EDGE('',*,*,#4451,.T.);
#7449=ORIENTED_EDGE('',*,*,#3069,.F.);
#7450=ORIENTED_EDGE('',*,*,#4306,.F.);
#7451=PLANE('',#7452);
#7452=AXIS2_PLACEMENT_3D('',#4308,#840,#14);
#7453=ADVANCED_FACE('',(#7454),#7463,.F.);
#7454=FACE_BOUND('',#7455,.F.);
#7455=EDGE_LOOP('',(#7456,#7457,#4575,#7460,#7461,#7462));
#7456=ORIENTED_EDGE('',*,*,#4508,.F.);
#7457=ORIENTED_EDGE('',*,*,#7458,.T.);
#7458=EDGE_CURVE('',#4504,#4571,#7459,.T.);
#7459=LINE('',#4448,#149);
#7460=ORIENTED_EDGE('',*,*,#4591,.T.);
#7461=ORIENTED_EDGE('',*,*,#3077,.F.);
#7462=ORIENTED_EDGE('',*,*,#4446,.F.);
#7463=PLANE('',#7464);
#7464=AXIS2_PLACEMENT_3D('',#4448,#840,#14);
#7465=ADVANCED_FACE('',(#7466),#7475,.F.);
#7466=FACE_BOUND('',#7467,.F.);
#7467=EDGE_LOOP('',(#7468,#7469,#4715,#7472,#7473,#7474));
#7468=ORIENTED_EDGE('',*,*,#4648,.F.);
#7469=ORIENTED_EDGE('',*,*,#7470,.T.);
#7470=EDGE_CURVE('',#4644,#4711,#7471,.T.);
#7471=LINE('',#4588,#149);
#7472=ORIENTED_EDGE('',*,*,#4731,.T.);
#7473=ORIENTED_EDGE('',*,*,#3085,.F.);
#7474=ORIENTED_EDGE('',*,*,#4586,.F.);
#7475=PLANE('',#7476);
#7476=AXIS2_PLACEMENT_3D('',#4588,#840,#14);
#7477=ADVANCED_FACE('',(#7478),#7487,.F.);
#7478=FACE_BOUND('',#7479,.F.);
#7479=EDGE_LOOP('',(#7480,#7481,#4855,#7484,#7485,#7486));
#7480=ORIENTED_EDGE('',*,*,#4788,.F.);
#7481=ORIENTED_EDGE('',*,*,#7482,.T.);
#7482=EDGE_CURVE('',#4784,#4851,#7483,.T.);
#7483=LINE('',#4728,#149);
#7484=ORIENTED_EDGE('',*,*,#4871,.T.);
#7485=ORIENTED_EDGE('',*,*,#3093,.F.);
#7486=ORIENTED_EDGE('',*,*,#4726,.F.);
#7487=PLANE('',#7488);
#7488=AXIS2_PLACEMENT_3D('',#4728,#840,#14);
#7489=ADVANCED_FACE('',(#7490),#7499,.F.);
#7490=FACE_BOUND('',#7491,.F.);
#7491=EDGE_LOOP('',(#7492,#7493,#4995,#7496,#7497,#7498));
#7492=ORIENTED_EDGE('',*,*,#4928,.F.);
#7493=ORIENTED_EDGE('',*,*,#7494,.T.);
#7494=EDGE_CURVE('',#4924,#4991,#7495,.T.);
#7495=LINE('',#4868,#149);
#7496=ORIENTED_EDGE('',*,*,#5008,.T.);
#7497=ORIENTED_EDGE('',*,*,#3101,.F.);
#7498=ORIENTED_EDGE('',*,*,#4866,.F.);
#7499=PLANE('',#7500);
#7500=AXIS2_PLACEMENT_3D('',#4868,#840,#14);
#7501=ADVANCED_FACE('',(#7502,#7517),#7526,.T.);
#7502=FACE_BOUND('',#7503,.T.);
#7503=EDGE_LOOP('',(#3169,#3131,#3113,#7504,#7509,#7514,#3975,#3897));
#7504=ORIENTED_EDGE('',*,*,#7505,.F.);
#7505=EDGE_CURVE('',#7506,#3115,#7508,.T.);
#7506=VERTEX_POINT('',#7507);
#7507=CARTESIAN_POINT('',(-3.218419117457,-3.286838234914,1.5));
#7508=LINE('',#7507,#142);
#7509=ORIENTED_EDGE('',*,*,#7510,.F.);
#7510=EDGE_CURVE('',#7511,#7506,#7513,.T.);
#7511=VERTEX_POINT('',#7512);
#7512=CARTESIAN_POINT('',(3.218419117457,-3.286838234914,1.5));
#7513=LINE('',#7512,#135);
#7514=ORIENTED_EDGE('',*,*,#7515,.F.);
#7515=EDGE_CURVE('',#3972,#7511,#7516,.T.);
#7516=LINE('',#3973,#128);
#7517=FACE_BOUND('',#7518,.T.);
#7518=EDGE_LOOP('',(#7519));
#7519=ORIENTED_EDGE('',*,*,#7520,.T.);
#7520=EDGE_CURVE('',#7521,#7521,#7523,.T.);
#7521=VERTEX_POINT('',#7522);
#7522=CARTESIAN_POINT('',(-2.586838234914,2.336838234914,1.5));
#7523=CIRCLE('',#7524,0.25);
#7524=AXIS2_PLACEMENT_3D('',#7525,#840,#122);
#7525=CARTESIAN_POINT('',(-2.586838234914,2.586838234914,1.5));
#7526=PLANE('',#7527);
#7527=AXIS2_PLACEMENT_3D('',#3129,#13,#7528);
#7528=DIRECTION('',(0.699631082812,-0.714504267281,0.));
#7529=ADVANCED_FACE('',(#7530),#7537,.F.);
#7530=FACE_BOUND('',#7531,.F.);
#7531=EDGE_LOOP('',(#7532,#7533,#7504,#7534));
#7532=ORIENTED_EDGE('',*,*,#4010,.T.);
#7533=ORIENTED_EDGE('',*,*,#3119,.T.);
#7534=ORIENTED_EDGE('',*,*,#7535,.F.);
#7535=EDGE_CURVE('',#4011,#7506,#7536,.T.);
#7536=B_SPLINE_CURVE_WITH_KNOTS('',1,(#4012,#7507),.UNSPECIFIED.,.F.,.F.,(2,2),(0.,1.),.PIECEWISE_BEZIER_KNOTS.);
#7537=B_SPLINE_SURFACE_WITH_KNOTS('',1,1,((#4012,#7507),(#826,#3116)),.UNSPECIFIED.,.F.,.F.,.F.,(2,2),(2,2),(0.,0.194454364826),(0.,1.),.PIECEWISE_BEZIER_KNOTS.);
#7538=ADVANCED_FACE('',(#7539),#7548,.F.);
#7539=FACE_BOUND('',#7540,.F.);
#7540=EDGE_LOOP('',(#7541,#7542,#5392,#7545,#7546,#7547));
#7541=ORIENTED_EDGE('',*,*,#5325,.F.);
#7542=ORIENTED_EDGE('',*,*,#7543,.T.);
#7543=EDGE_CURVE('',#5321,#5388,#7544,.T.);
#7544=LINE('',#5267,#121);
#7545=ORIENTED_EDGE('',*,*,#5402,.T.);
#7546=ORIENTED_EDGE('',*,*,#3915,.F.);
#7547=ORIENTED_EDGE('',*,*,#5265,.F.);
#7548=PLANE('',#7549);
#7549=AXIS2_PLACEMENT_3D('',#5267,#840,#136);
#7550=ADVANCED_FACE('',(#7551),#7560,.F.);
#7551=FACE_BOUND('',#7552,.F.);
#7552=EDGE_LOOP('',(#7553,#7554,#5532,#7557,#7558,#7559));
#7553=ORIENTED_EDGE('',*,*,#5465,.F.);
#7554=ORIENTED_EDGE('',*,*,#7555,.T.);
#7555=EDGE_CURVE('',#5461,#5528,#7556,.T.);
#7556=LINE('',#5407,#121);
#7557=ORIENTED_EDGE('',*,*,#5542,.T.);
#7558=ORIENTED_EDGE('',*,*,#3923,.F.);
#7559=ORIENTED_EDGE('',*,*,#5405,.F.);
#7560=PLANE('',#7561);
#7561=AXIS2_PLACEMENT_3D('',#5407,#840,#136);
#7562=ADVANCED_FACE('',(#7563),#7572,.F.);
#7563=FACE_BOUND('',#7564,.F.);
#7564=EDGE_LOOP('',(#7565,#7566,#5672,#7569,#7570,#7571));
#7565=ORIENTED_EDGE('',*,*,#5605,.F.);
#7566=ORIENTED_EDGE('',*,*,#7567,.T.);
#7567=EDGE_CURVE('',#5601,#5668,#7568,.T.);
#7568=LINE('',#5547,#121);
#7569=ORIENTED_EDGE('',*,*,#5682,.T.);
#7570=ORIENTED_EDGE('',*,*,#3931,.F.);
#7571=ORIENTED_EDGE('',*,*,#5545,.F.);
#7572=PLANE('',#7573);
#7573=AXIS2_PLACEMENT_3D('',#5547,#840,#136);
#7574=ADVANCED_FACE('',(#7575),#7584,.F.);
#7575=FACE_BOUND('',#7576,.F.);
#7576=EDGE_LOOP('',(#7577,#7578,#5812,#7581,#7582,#7583));
#7577=ORIENTED_EDGE('',*,*,#5745,.F.);
#7578=ORIENTED_EDGE('',*,*,#7579,.T.);
#7579=EDGE_CURVE('',#5741,#5808,#7580,.T.);
#7580=LINE('',#5687,#121);
#7581=ORIENTED_EDGE('',*,*,#5822,.T.);
#7582=ORIENTED_EDGE('',*,*,#3939,.F.);
#7583=ORIENTED_EDGE('',*,*,#5685,.F.);
#7584=PLANE('',#7585);
#7585=AXIS2_PLACEMENT_3D('',#5687,#840,#136);
#7586=ADVANCED_FACE('',(#7587),#7596,.F.);
#7587=FACE_BOUND('',#7588,.F.);
#7588=EDGE_LOOP('',(#7589,#7590,#5952,#7593,#7594,#7595));
#7589=ORIENTED_EDGE('',*,*,#5885,.F.);
#7590=ORIENTED_EDGE('',*,*,#7591,.T.);
#7591=EDGE_CURVE('',#5881,#5948,#7592,.T.);
#7592=LINE('',#5827,#121);
#7593=ORIENTED_EDGE('',*,*,#5962,.T.);
#7594=ORIENTED_EDGE('',*,*,#3947,.F.);
#7595=ORIENTED_EDGE('',*,*,#5825,.F.);
#7596=PLANE('',#7597);
#7597=AXIS2_PLACEMENT_3D('',#5827,#840,#136);
#7598=ADVANCED_FACE('',(#7599),#7608,.F.);
#7599=FACE_BOUND('',#7600,.F.);
#7600=EDGE_LOOP('',(#7601,#7602,#6092,#7605,#7606,#7607));
#7601=ORIENTED_EDGE('',*,*,#6025,.F.);
#7602=ORIENTED_EDGE('',*,*,#7603,.T.);
#7603=EDGE_CURVE('',#6021,#6088,#7604,.T.);
#7604=LINE('',#5967,#121);
#7605=ORIENTED_EDGE('',*,*,#6102,.T.);
#7606=ORIENTED_EDGE('',*,*,#3955,.F.);
#7607=ORIENTED_EDGE('',*,*,#5965,.F.);
#7608=PLANE('',#7609);
#7609=AXIS2_PLACEMENT_3D('',#5967,#840,#136);
#7610=ADVANCED_FACE('',(#7611),#7620,.F.);
#7611=FACE_BOUND('',#7612,.F.);
#7612=EDGE_LOOP('',(#7613,#7614,#6232,#7617,#7618,#7619));
#7613=ORIENTED_EDGE('',*,*,#6165,.F.);
#7614=ORIENTED_EDGE('',*,*,#7615,.T.);
#7615=EDGE_CURVE('',#6161,#6228,#7616,.T.);
#7616=LINE('',#6107,#121);
#7617=ORIENTED_EDGE('',*,*,#6242,.T.);
#7618=ORIENTED_EDGE('',*,*,#3963,.F.);
#7619=ORIENTED_EDGE('',*,*,#6105,.F.);
#7620=PLANE('',#7621);
#7621=AXIS2_PLACEMENT_3D('',#6107,#840,#136);
#7622=ADVANCED_FACE('',(#7623),#7630,.F.);
#7623=FACE_BOUND('',#7624,.F.);
#7624=EDGE_LOOP('',(#7625,#7626,#7514,#7629));
#7625=ORIENTED_EDGE('',*,*,#6256,.T.);
#7626=ORIENTED_EDGE('',*,*,#7627,.T.);
#7627=EDGE_CURVE('',#6254,#7511,#7628,.T.);
#7628=B_SPLINE_CURVE_WITH_KNOTS('',1,(#4019,#7512),.UNSPECIFIED.,.F.,.F.,(2,2),(0.,1.),.PIECEWISE_BEZIER_KNOTS.);
#7629=ORIENTED_EDGE('',*,*,#3971,.F.);
#7630=B_SPLINE_SURFACE_WITH_KNOTS('',1,1,((#3969,#3973),(#4019,#7512)),.UNSPECIFIED.,.F.,.F.,.F.,(2,2),(2,2),(0.,0.194454364826),(0.,1.),.PIECEWISE_BEZIER_KNOTS.);
#7631=ADVANCED_FACE('',(#7632),#7639,.T.);
#7632=FACE_BOUND('',#7633,.F.);
#7633=EDGE_LOOP('',(#7634,#5252,#7637,#7638));
#7634=ORIENTED_EDGE('',*,*,#7635,.T.);
#7635=EDGE_CURVE('',#5181,#5249,#7636,.T.);
#7636=LINE('',#5182,#121);
#7637=ORIENTED_EDGE('',*,*,#3987,.F.);
#7638=ORIENTED_EDGE('',*,*,#5187,.F.);
#7639=CYLINDRICAL_SURFACE('',#7640,0.2);
#7640=AXIS2_PLACEMENT_3D('',#5142,#150,#5190);
#7641=ADVANCED_FACE('',(#7642),#7652,.F.);
#7642=FACE_BOUND('',#7643,.F.);
#7643=EDGE_LOOP('',(#7644,#7645,#7402,#7648,#7649,#7651));
#7644=ORIENTED_EDGE('',*,*,#7336,.F.);
#7645=ORIENTED_EDGE('',*,*,#7646,.T.);
#7646=EDGE_CURVE('',#7332,#7399,#7647,.T.);
#7647=LINE('',#7273,#135);
#7648=ORIENTED_EDGE('',*,*,#4021,.T.);
#7649=ORIENTED_EDGE('',*,*,#7650,.F.);
#7650=EDGE_CURVE('',#7270,#4016,#4018,.T.);
#7651=ORIENTED_EDGE('',*,*,#7269,.F.);
#7652=PLANE('',#7653);
#7653=AXIS2_PLACEMENT_3D('',#7273,#840,#150);
#7654=ADVANCED_FACE('',(#7655),#7683,.F.);
#7655=FACE_BOUND('',#7656,.F.);
#7656=EDGE_LOOP('',(#7657,#7658,#7660,#7661,#7663,#7664,#7666,#7667,#7669,#7670,#7672,#7673,#7675,#7676,#7678,#7679,#7680,#7681,#7509,#7682));
#7657=ORIENTED_EDGE('',*,*,#6253,.T.);
#7658=ORIENTED_EDGE('',*,*,#7659,.T.);
#7659=EDGE_CURVE('',#6248,#6406,#4018,.T.);
#7660=ORIENTED_EDGE('',*,*,#6405,.T.);
#7661=ORIENTED_EDGE('',*,*,#7662,.T.);
#7662=EDGE_CURVE('',#6400,#6551,#4018,.T.);
#7663=ORIENTED_EDGE('',*,*,#6550,.T.);
#7664=ORIENTED_EDGE('',*,*,#7665,.T.);
#7665=EDGE_CURVE('',#6545,#6696,#4018,.T.);
#7666=ORIENTED_EDGE('',*,*,#6695,.T.);
#7667=ORIENTED_EDGE('',*,*,#7668,.T.);
#7668=EDGE_CURVE('',#6690,#6841,#4018,.T.);
#7669=ORIENTED_EDGE('',*,*,#6840,.T.);
#7670=ORIENTED_EDGE('',*,*,#7671,.T.);
#7671=EDGE_CURVE('',#6835,#6986,#4018,.T.);
#7672=ORIENTED_EDGE('',*,*,#6985,.T.);
#7673=ORIENTED_EDGE('',*,*,#7674,.T.);
#7674=EDGE_CURVE('',#6980,#7131,#4018,.T.);
#7675=ORIENTED_EDGE('',*,*,#7130,.T.);
#7676=ORIENTED_EDGE('',*,*,#7677,.T.);
#7677=EDGE_CURVE('',#7125,#7276,#4018,.T.);
#7678=ORIENTED_EDGE('',*,*,#7275,.T.);
#7679=ORIENTED_EDGE('',*,*,#7650,.T.);
#7680=ORIENTED_EDGE('',*,*,#4015,.T.);
#7681=ORIENTED_EDGE('',*,*,#7535,.T.);
#7682=ORIENTED_EDGE('',*,*,#7627,.F.);
#7683=B_SPLINE_SURFACE_WITH_KNOTS('',1,1,((#4019,#7512),(#4012,#7507)),.UNSPECIFIED.,.F.,.F.,.F.,(2,2),(2,2),(0.,6.575),(0.,1.),.PIECEWISE_BEZIER_KNOTS.);
#7684=ADVANCED_FACE('',(#7685),#7692,.T.);
#7685=FACE_BOUND('',#7686,.F.);
#7686=EDGE_LOOP('',(#7687,#4149,#7690,#7691));
#7687=ORIENTED_EDGE('',*,*,#7688,.T.);
#7688=EDGE_CURVE('',#4076,#4146,#7689,.T.);
#7689=LINE('',#4077,#149);
#7690=ORIENTED_EDGE('',*,*,#7422,.F.);
#7691=ORIENTED_EDGE('',*,*,#4082,.F.);
#7692=CYLINDRICAL_SURFACE('',#7693,0.2);
#7693=AXIS2_PLACEMENT_3D('',#4037,#122,#4086);
#7694=ADVANCED_FACE('',(#7695),#7702,.F.);
#7695=FACE_BOUND('',#7696,.F.);
#7696=EDGE_LOOP('',(#7697,#4144,#7700,#7701));
#7697=ORIENTED_EDGE('',*,*,#7698,.T.);
#7698=EDGE_CURVE('',#4070,#4140,#7699,.T.);
#7699=LINE('',#4071,#149);
#7700=ORIENTED_EDGE('',*,*,#7688,.F.);
#7701=ORIENTED_EDGE('',*,*,#4075,.F.);
#7702=PLANE('',#7703);
#7703=AXIS2_PLACEMENT_3D('',#4071,#7704,#4080);
#7704=DIRECTION('',(0.986322983713,-1.128587986944E-17,-0.16482406317));
#7705=ADVANCED_FACE('',(#7706),#7713,.F.);
#7706=FACE_BOUND('',#7707,.F.);
#7707=EDGE_LOOP('',(#7708,#4138,#7711,#7712));
#7708=ORIENTED_EDGE('',*,*,#7709,.T.);
#7709=EDGE_CURVE('',#4065,#4135,#7710,.T.);
#7710=LINE('',#4066,#149);
#7711=ORIENTED_EDGE('',*,*,#7698,.F.);
#7712=ORIENTED_EDGE('',*,*,#4069,.F.);
#7713=CYLINDRICAL_SURFACE('',#4073,1.E-01);
#7714=ADVANCED_FACE('',(#7715),#7722,.F.);
#7715=FACE_BOUND('',#7716,.F.);
#7716=EDGE_LOOP('',(#7717,#4133,#7720,#7721));
#7717=ORIENTED_EDGE('',*,*,#7718,.T.);
#7718=EDGE_CURVE('',#4060,#4130,#7719,.T.);
#7719=LINE('',#4061,#149);
#7720=ORIENTED_EDGE('',*,*,#7709,.F.);
#7721=ORIENTED_EDGE('',*,*,#4064,.F.);
#7722=PLANE('',#7723);
#7723=AXIS2_PLACEMENT_3D('',#4061,#840,#14);
#7724=ADVANCED_FACE('',(#7725),#7732,.F.);
#7725=FACE_BOUND('',#7726,.F.);
#7726=EDGE_LOOP('',(#7727,#4128,#7730,#7731));
#7727=ORIENTED_EDGE('',*,*,#7728,.T.);
#7728=EDGE_CURVE('',#4055,#4125,#7729,.T.);
#7729=LINE('',#4056,#149);
#7730=ORIENTED_EDGE('',*,*,#7718,.F.);
#7731=ORIENTED_EDGE('',*,*,#4059,.F.);
#7732=PLANE('',#7733);
#7733=AXIS2_PLACEMENT_3D('',#4056,#14,#13);
#7734=ADVANCED_FACE('',(#7735),#7742,.F.);
#7735=FACE_BOUND('',#7736,.F.);
#7736=EDGE_LOOP('',(#7737,#4123,#7740,#7741));
#7737=ORIENTED_EDGE('',*,*,#7738,.T.);
#7738=EDGE_CURVE('',#4047,#4118,#7739,.T.);
#7739=LINE('',#4048,#149);
#7740=ORIENTED_EDGE('',*,*,#7728,.F.);
#7741=ORIENTED_EDGE('',*,*,#4054,.F.);
#7742=PLANE('',#7743);
#7743=AXIS2_PLACEMENT_3D('',#4048,#13,#136);
#7744=ADVANCED_FACE('',(#7745),#7752,.T.);
#7745=FACE_BOUND('',#7746,.F.);
#7746=EDGE_LOOP('',(#7747,#4116,#7750,#7751));
#7747=ORIENTED_EDGE('',*,*,#7748,.T.);
#7748=EDGE_CURVE('',#4040,#4113,#7749,.T.);
#7749=LINE('',#4041,#149);
#7750=ORIENTED_EDGE('',*,*,#7738,.F.);
#7751=ORIENTED_EDGE('',*,*,#4046,.F.);
#7752=CYLINDRICAL_SURFACE('',#7753,0.2);
#7753=AXIS2_PLACEMENT_3D('',#4051,#122,#4052);
#7754=ADVANCED_FACE('',(#7755),#7760,.F.);
#7755=FACE_BOUND('',#7756,.F.);
#7756=EDGE_LOOP('',(#7757,#4111,#7758,#7759));
#7757=ORIENTED_EDGE('',*,*,#4104,.T.);
#7758=ORIENTED_EDGE('',*,*,#7748,.F.);
#7759=ORIENTED_EDGE('',*,*,#4039,.F.);
#7760=PLANE('',#7761);
#7761=AXIS2_PLACEMENT_3D('',#4034,#7762,#4044);
#7762=DIRECTION('',(-0.986322983713,1.128587986944E-17,0.16482406317));
#7763=ADVANCED_FACE('',(#7764),#7771,.T.);
#7764=FACE_BOUND('',#7765,.F.);
#7765=EDGE_LOOP('',(#7766,#4289,#7769,#7770));
#7766=ORIENTED_EDGE('',*,*,#7767,.T.);
#7767=EDGE_CURVE('',#4219,#4286,#7768,.T.);
#7768=LINE('',#4220,#149);
#7769=ORIENTED_EDGE('',*,*,#7434,.F.);
#7770=ORIENTED_EDGE('',*,*,#4223,.F.);
#7771=CYLINDRICAL_SURFACE('',#7772,0.2);
#7772=AXIS2_PLACEMENT_3D('',#4183,#122,#4086);
#7773=ADVANCED_FACE('',(#7774),#7781,.F.);
#7774=FACE_BOUND('',#7775,.F.);
#7775=EDGE_LOOP('',(#7776,#4284,#7779,#7780));
#7776=ORIENTED_EDGE('',*,*,#7777,.T.);
#7777=EDGE_CURVE('',#4213,#4280,#7778,.T.);
#7778=LINE('',#4214,#149);
#7779=ORIENTED_EDGE('',*,*,#7767,.F.);
#7780=ORIENTED_EDGE('',*,*,#4218,.F.);
#7781=PLANE('',#7782);
#7782=AXIS2_PLACEMENT_3D('',#4214,#7704,#4080);
#7783=ADVANCED_FACE('',(#7784),#7791,.F.);
#7784=FACE_BOUND('',#7785,.F.);
#7785=EDGE_LOOP('',(#7786,#4278,#7789,#7790));
#7786=ORIENTED_EDGE('',*,*,#7787,.T.);
#7787=EDGE_CURVE('',#4208,#4275,#7788,.T.);
#7788=LINE('',#4209,#149);
#7789=ORIENTED_EDGE('',*,*,#7777,.F.);
#7790=ORIENTED_EDGE('',*,*,#4212,.F.);
#7791=CYLINDRICAL_SURFACE('',#4216,1.E-01);
#7792=ADVANCED_FACE('',(#7793),#7800,.F.);
#7793=FACE_BOUND('',#7794,.F.);
#7794=EDGE_LOOP('',(#7795,#4273,#7798,#7799));
#7795=ORIENTED_EDGE('',*,*,#7796,.T.);
#7796=EDGE_CURVE('',#4203,#4270,#7797,.T.);
#7797=LINE('',#4204,#149);
#7798=ORIENTED_EDGE('',*,*,#7787,.F.);
#7799=ORIENTED_EDGE('',*,*,#4207,.F.);
#7800=PLANE('',#7801);
#7801=AXIS2_PLACEMENT_3D('',#4204,#840,#14);
#7802=ADVANCED_FACE('',(#7803),#7810,.F.);
#7803=FACE_BOUND('',#7804,.F.);
#7804=EDGE_LOOP('',(#7805,#4268,#7808,#7809));
#7805=ORIENTED_EDGE('',*,*,#7806,.T.);
#7806=EDGE_CURVE('',#4198,#4265,#7807,.T.);
#7807=LINE('',#4199,#149);
#7808=ORIENTED_EDGE('',*,*,#7796,.F.);
#7809=ORIENTED_EDGE('',*,*,#4202,.F.);
#7810=PLANE('',#7811);
#7811=AXIS2_PLACEMENT_3D('',#4199,#14,#13);
#7812=ADVANCED_FACE('',(#7813),#7820,.F.);
#7813=FACE_BOUND('',#7814,.F.);
#7814=EDGE_LOOP('',(#7815,#4263,#7818,#7819));
#7815=ORIENTED_EDGE('',*,*,#7816,.T.);
#7816=EDGE_CURVE('',#4191,#4258,#7817,.T.);
#7817=LINE('',#4192,#149);
#7818=ORIENTED_EDGE('',*,*,#7806,.F.);
#7819=ORIENTED_EDGE('',*,*,#4197,.F.);
#7820=PLANE('',#7821);
#7821=AXIS2_PLACEMENT_3D('',#4192,#13,#136);
#7822=ADVANCED_FACE('',(#7823),#7830,.T.);
#7823=FACE_BOUND('',#7824,.F.);
#7824=EDGE_LOOP('',(#7825,#4256,#7828,#7829));
#7825=ORIENTED_EDGE('',*,*,#7826,.T.);
#7826=EDGE_CURVE('',#4186,#4253,#7827,.T.);
#7827=LINE('',#4187,#149);
#7828=ORIENTED_EDGE('',*,*,#7816,.F.);
#7829=ORIENTED_EDGE('',*,*,#4190,.F.);
#7830=CYLINDRICAL_SURFACE('',#7831,0.2);
#7831=AXIS2_PLACEMENT_3D('',#4195,#122,#4052);
#7832=ADVANCED_FACE('',(#7833),#7838,.F.);
#7833=FACE_BOUND('',#7834,.F.);
#7834=EDGE_LOOP('',(#7835,#4251,#7836,#7837));
#7835=ORIENTED_EDGE('',*,*,#4244,.T.);
#7836=ORIENTED_EDGE('',*,*,#7826,.F.);
#7837=ORIENTED_EDGE('',*,*,#4185,.F.);
#7838=PLANE('',#7839);
#7839=AXIS2_PLACEMENT_3D('',#4180,#7762,#4044);
#7840=ADVANCED_FACE('',(#7841),#7848,.T.);
#7841=FACE_BOUND('',#7842,.F.);
#7842=EDGE_LOOP('',(#7843,#4429,#7846,#7847));
#7843=ORIENTED_EDGE('',*,*,#7844,.T.);
#7844=EDGE_CURVE('',#4359,#4426,#7845,.T.);
#7845=LINE('',#4360,#149);
#7846=ORIENTED_EDGE('',*,*,#7446,.F.);
#7847=ORIENTED_EDGE('',*,*,#4363,.F.);
#7848=CYLINDRICAL_SURFACE('',#7849,0.2);
#7849=AXIS2_PLACEMENT_3D('',#4323,#122,#4086);
#7850=ADVANCED_FACE('',(#7851),#7858,.F.);
#7851=FACE_BOUND('',#7852,.F.);
#7852=EDGE_LOOP('',(#7853,#4424,#7856,#7857));
#7853=ORIENTED_EDGE('',*,*,#7854,.T.);
#7854=EDGE_CURVE('',#4353,#4420,#7855,.T.);
#7855=LINE('',#4354,#149);
#7856=ORIENTED_EDGE('',*,*,#7844,.F.);
#7857=ORIENTED_EDGE('',*,*,#4358,.F.);
#7858=PLANE('',#7859);
#7859=AXIS2_PLACEMENT_3D('',#4354,#7704,#4080);
#7860=ADVANCED_FACE('',(#7861),#7868,.F.);
#7861=FACE_BOUND('',#7862,.F.);
#7862=EDGE_LOOP('',(#7863,#4418,#7866,#7867));
#7863=ORIENTED_EDGE('',*,*,#7864,.T.);
#7864=EDGE_CURVE('',#4348,#4415,#7865,.T.);
#7865=LINE('',#4349,#149);
#7866=ORIENTED_EDGE('',*,*,#7854,.F.);
#7867=ORIENTED_EDGE('',*,*,#4352,.F.);
#7868=CYLINDRICAL_SURFACE('',#4356,1.E-01);
#7869=ADVANCED_FACE('',(#7870),#7877,.F.);
#7870=FACE_BOUND('',#7871,.F.);
#7871=EDGE_LOOP('',(#7872,#4413,#7875,#7876));
#7872=ORIENTED_EDGE('',*,*,#7873,.T.);
#7873=EDGE_CURVE('',#4343,#4410,#7874,.T.);
#7874=LINE('',#4344,#149);
#7875=ORIENTED_EDGE('',*,*,#7864,.F.);
#7876=ORIENTED_EDGE('',*,*,#4347,.F.);
#7877=PLANE('',#7878);
#7878=AXIS2_PLACEMENT_3D('',#4344,#840,#14);
#7879=ADVANCED_FACE('',(#7880),#7887,.F.);
#7880=FACE_BOUND('',#7881,.F.);
#7881=EDGE_LOOP('',(#7882,#4408,#7885,#7886));
#7882=ORIENTED_EDGE('',*,*,#7883,.T.);
#7883=EDGE_CURVE('',#4338,#4405,#7884,.T.);
#7884=LINE('',#4339,#149);
#7885=ORIENTED_EDGE('',*,*,#7873,.F.);
#7886=ORIENTED_EDGE('',*,*,#4342,.F.);
#7887=PLANE('',#7888);
#7888=AXIS2_PLACEMENT_3D('',#4339,#14,#13);
#7889=ADVANCED_FACE('',(#7890),#7897,.F.);
#7890=FACE_BOUND('',#7891,.F.);
#7891=EDGE_LOOP('',(#7892,#4403,#7895,#7896));
#7892=ORIENTED_EDGE('',*,*,#7893,.T.);
#7893=EDGE_CURVE('',#4331,#4398,#7894,.T.);
#7894=LINE('',#4332,#149);
#7895=ORIENTED_EDGE('',*,*,#7883,.F.);
#7896=ORIENTED_EDGE('',*,*,#4337,.F.);
#7897=PLANE('',#7898);
#7898=AXIS2_PLACEMENT_3D('',#4332,#13,#136);
#7899=ADVANCED_FACE('',(#7900),#7907,.T.);
#7900=FACE_BOUND('',#7901,.F.);
#7901=EDGE_LOOP('',(#7902,#4396,#7905,#7906));
#7902=ORIENTED_EDGE('',*,*,#7903,.T.);
#7903=EDGE_CURVE('',#4326,#4393,#7904,.T.);
#7904=LINE('',#4327,#149);
#7905=ORIENTED_EDGE('',*,*,#7893,.F.);
#7906=ORIENTED_EDGE('',*,*,#4330,.F.);
#7907=CYLINDRICAL_SURFACE('',#7908,0.2);
#7908=AXIS2_PLACEMENT_3D('',#4335,#122,#4052);
#7909=ADVANCED_FACE('',(#7910),#7915,.F.);
#7910=FACE_BOUND('',#7911,.F.);
#7911=EDGE_LOOP('',(#7912,#4391,#7913,#7914));
#7912=ORIENTED_EDGE('',*,*,#4384,.T.);
#7913=ORIENTED_EDGE('',*,*,#7903,.F.);
#7914=ORIENTED_EDGE('',*,*,#4325,.F.);
#7915=PLANE('',#7916);
#7916=AXIS2_PLACEMENT_3D('',#4320,#7762,#4044);
#7917=ADVANCED_FACE('',(#7918),#7925,.T.);
#7918=FACE_BOUND('',#7919,.F.);
#7919=EDGE_LOOP('',(#7920,#4569,#7923,#7924));
#7920=ORIENTED_EDGE('',*,*,#7921,.T.);
#7921=EDGE_CURVE('',#4499,#4566,#7922,.T.);
#7922=LINE('',#4500,#149);
#7923=ORIENTED_EDGE('',*,*,#7458,.F.);
#7924=ORIENTED_EDGE('',*,*,#4503,.F.);
#7925=CYLINDRICAL_SURFACE('',#7926,0.2);
#7926=AXIS2_PLACEMENT_3D('',#4463,#122,#4086);
#7927=ADVANCED_FACE('',(#7928),#7935,.F.);
#7928=FACE_BOUND('',#7929,.F.);
#7929=EDGE_LOOP('',(#7930,#4564,#7933,#7934));
#7930=ORIENTED_EDGE('',*,*,#7931,.T.);
#7931=EDGE_CURVE('',#4493,#4560,#7932,.T.);
#7932=LINE('',#4494,#149);
#7933=ORIENTED_EDGE('',*,*,#7921,.F.);
#7934=ORIENTED_EDGE('',*,*,#4498,.F.);
#7935=PLANE('',#7936);
#7936=AXIS2_PLACEMENT_3D('',#4494,#7704,#4080);
#7937=ADVANCED_FACE('',(#7938),#7945,.F.);
#7938=FACE_BOUND('',#7939,.F.);
#7939=EDGE_LOOP('',(#7940,#4558,#7943,#7944));
#7940=ORIENTED_EDGE('',*,*,#7941,.T.);
#7941=EDGE_CURVE('',#4488,#4555,#7942,.T.);
#7942=LINE('',#4489,#149);
#7943=ORIENTED_EDGE('',*,*,#7931,.F.);
#7944=ORIENTED_EDGE('',*,*,#4492,.F.);
#7945=CYLINDRICAL_SURFACE('',#4496,1.E-01);
#7946=ADVANCED_FACE('',(#7947),#7954,.F.);
#7947=FACE_BOUND('',#7948,.F.);
#7948=EDGE_LOOP('',(#7949,#4553,#7952,#7953));
#7949=ORIENTED_EDGE('',*,*,#7950,.T.);
#7950=EDGE_CURVE('',#4483,#4550,#7951,.T.);
#7951=LINE('',#4484,#149);
#7952=ORIENTED_EDGE('',*,*,#7941,.F.);
#7953=ORIENTED_EDGE('',*,*,#4487,.F.);
#7954=PLANE('',#7955);
#7955=AXIS2_PLACEMENT_3D('',#4484,#840,#14);
#7956=ADVANCED_FACE('',(#7957),#7964,.F.);
#7957=FACE_BOUND('',#7958,.F.);
#7958=EDGE_LOOP('',(#7959,#4548,#7962,#7963));
#7959=ORIENTED_EDGE('',*,*,#7960,.T.);
#7960=EDGE_CURVE('',#4478,#4545,#7961,.T.);
#7961=LINE('',#4479,#149);
#7962=ORIENTED_EDGE('',*,*,#7950,.F.);
#7963=ORIENTED_EDGE('',*,*,#4482,.F.);
#7964=PLANE('',#7965);
#7965=AXIS2_PLACEMENT_3D('',#4479,#14,#13);
#7966=ADVANCED_FACE('',(#7967),#7974,.F.);
#7967=FACE_BOUND('',#7968,.F.);
#7968=EDGE_LOOP('',(#7969,#4543,#7972,#7973));
#7969=ORIENTED_EDGE('',*,*,#7970,.T.);
#7970=EDGE_CURVE('',#4471,#4538,#7971,.T.);
#7971=LINE('',#4472,#149);
#7972=ORIENTED_EDGE('',*,*,#7960,.F.);
#7973=ORIENTED_EDGE('',*,*,#4477,.F.);
#7974=PLANE('',#7975);
#7975=AXIS2_PLACEMENT_3D('',#4472,#13,#136);
#7976=ADVANCED_FACE('',(#7977),#7984,.T.);
#7977=FACE_BOUND('',#7978,.F.);
#7978=EDGE_LOOP('',(#7979,#4536,#7982,#7983));
#7979=ORIENTED_EDGE('',*,*,#7980,.T.);
#7980=EDGE_CURVE('',#4466,#4533,#7981,.T.);
#7981=LINE('',#4467,#149);
#7982=ORIENTED_EDGE('',*,*,#7970,.F.);
#7983=ORIENTED_EDGE('',*,*,#4470,.F.);
#7984=CYLINDRICAL_SURFACE('',#7985,0.2);
#7985=AXIS2_PLACEMENT_3D('',#4475,#122,#4052);
#7986=ADVANCED_FACE('',(#7987),#7992,.F.);
#7987=FACE_BOUND('',#7988,.F.);
#7988=EDGE_LOOP('',(#7989,#4531,#7990,#7991));
#7989=ORIENTED_EDGE('',*,*,#4524,.T.);
#7990=ORIENTED_EDGE('',*,*,#7980,.F.);
#7991=ORIENTED_EDGE('',*,*,#4465,.F.);
#7992=PLANE('',#7993);
#7993=AXIS2_PLACEMENT_3D('',#4460,#7762,#4044);
#7994=ADVANCED_FACE('',(#7995),#8002,.T.);
#7995=FACE_BOUND('',#7996,.F.);
#7996=EDGE_LOOP('',(#7997,#4709,#8000,#8001));
#7997=ORIENTED_EDGE('',*,*,#7998,.T.);
#7998=EDGE_CURVE('',#4639,#4706,#7999,.T.);
#7999=LINE('',#4640,#149);
#8000=ORIENTED_EDGE('',*,*,#7470,.F.);
#8001=ORIENTED_EDGE('',*,*,#4643,.F.);
#8002=CYLINDRICAL_SURFACE('',#8003,0.2);
#8003=AXIS2_PLACEMENT_3D('',#4603,#122,#4086);
#8004=ADVANCED_FACE('',(#8005),#8012,.F.);
#8005=FACE_BOUND('',#8006,.F.);
#8006=EDGE_LOOP('',(#8007,#4704,#8010,#8011));
#8007=ORIENTED_EDGE('',*,*,#8008,.T.);
#8008=EDGE_CURVE('',#4633,#4700,#8009,.T.);
#8009=LINE('',#4634,#149);
#8010=ORIENTED_EDGE('',*,*,#7998,.F.);
#8011=ORIENTED_EDGE('',*,*,#4638,.F.);
#8012=PLANE('',#8013);
#8013=AXIS2_PLACEMENT_3D('',#4634,#7704,#4080);
#8014=ADVANCED_FACE('',(#8015),#8022,.F.);
#8015=FACE_BOUND('',#8016,.F.);
#8016=EDGE_LOOP('',(#8017,#4698,#8020,#8021));
#8017=ORIENTED_EDGE('',*,*,#8018,.T.);
#8018=EDGE_CURVE('',#4628,#4695,#8019,.T.);
#8019=LINE('',#4629,#149);
#8020=ORIENTED_EDGE('',*,*,#8008,.F.);
#8021=ORIENTED_EDGE('',*,*,#4632,.F.);
#8022=CYLINDRICAL_SURFACE('',#4636,1.E-01);
#8023=ADVANCED_FACE('',(#8024),#8031,.F.);
#8024=FACE_BOUND('',#8025,.F.);
#8025=EDGE_LOOP('',(#8026,#4693,#8029,#8030));
#8026=ORIENTED_EDGE('',*,*,#8027,.T.);
#8027=EDGE_CURVE('',#4623,#4690,#8028,.T.);
#8028=LINE('',#4624,#149);
#8029=ORIENTED_EDGE('',*,*,#8018,.F.);
#8030=ORIENTED_EDGE('',*,*,#4627,.F.);
#8031=PLANE('',#8032);
#8032=AXIS2_PLACEMENT_3D('',#4624,#840,#14);
#8033=ADVANCED_FACE('',(#8034),#8041,.F.);
#8034=FACE_BOUND('',#8035,.F.);
#8035=EDGE_LOOP('',(#8036,#4688,#8039,#8040));
#8036=ORIENTED_EDGE('',*,*,#8037,.T.);
#8037=EDGE_CURVE('',#4618,#4685,#8038,.T.);
#8038=LINE('',#4619,#149);
#8039=ORIENTED_EDGE('',*,*,#8027,.F.);
#8040=ORIENTED_EDGE('',*,*,#4622,.F.);
#8041=PLANE('',#8042);
#8042=AXIS2_PLACEMENT_3D('',#4619,#14,#13);
#8043=ADVANCED_FACE('',(#8044),#8051,.F.);
#8044=FACE_BOUND('',#8045,.F.);
#8045=EDGE_LOOP('',(#8046,#4683,#8049,#8050));
#8046=ORIENTED_EDGE('',*,*,#8047,.T.);
#8047=EDGE_CURVE('',#4611,#4678,#8048,.T.);
#8048=LINE('',#4612,#149);
#8049=ORIENTED_EDGE('',*,*,#8037,.F.);
#8050=ORIENTED_EDGE('',*,*,#4617,.F.);
#8051=PLANE('',#8052);
#8052=AXIS2_PLACEMENT_3D('',#4612,#13,#136);
#8053=ADVANCED_FACE('',(#8054),#8061,.T.);
#8054=FACE_BOUND('',#8055,.F.);
#8055=EDGE_LOOP('',(#8056,#4676,#8059,#8060));
#8056=ORIENTED_EDGE('',*,*,#8057,.T.);
#8057=EDGE_CURVE('',#4606,#4673,#8058,.T.);
#8058=LINE('',#4607,#149);
#8059=ORIENTED_EDGE('',*,*,#8047,.F.);
#8060=ORIENTED_EDGE('',*,*,#4610,.F.);
#8061=CYLINDRICAL_SURFACE('',#8062,0.2);
#8062=AXIS2_PLACEMENT_3D('',#4615,#122,#4052);
#8063=ADVANCED_FACE('',(#8064),#8069,.F.);
#8064=FACE_BOUND('',#8065,.F.);
#8065=EDGE_LOOP('',(#8066,#4671,#8067,#8068));
#8066=ORIENTED_EDGE('',*,*,#4664,.T.);
#8067=ORIENTED_EDGE('',*,*,#8057,.F.);
#8068=ORIENTED_EDGE('',*,*,#4605,.F.);
#8069=PLANE('',#8070);
#8070=AXIS2_PLACEMENT_3D('',#4600,#7762,#4044);
#8071=ADVANCED_FACE('',(#8072),#8079,.T.);
#8072=FACE_BOUND('',#8073,.F.);
#8073=EDGE_LOOP('',(#8074,#4849,#8077,#8078));
#8074=ORIENTED_EDGE('',*,*,#8075,.T.);
#8075=EDGE_CURVE('',#4779,#4846,#8076,.T.);
#8076=LINE('',#4780,#149);
#8077=ORIENTED_EDGE('',*,*,#7482,.F.);
#8078=ORIENTED_EDGE('',*,*,#4783,.F.);
#8079=CYLINDRICAL_SURFACE('',#8080,0.2);
#8080=AXIS2_PLACEMENT_3D('',#4743,#122,#4086);
#8081=ADVANCED_FACE('',(#8082),#8089,.F.);
#8082=FACE_BOUND('',#8083,.F.);
#8083=EDGE_LOOP('',(#8084,#4844,#8087,#8088));
#8084=ORIENTED_EDGE('',*,*,#8085,.T.);
#8085=EDGE_CURVE('',#4773,#4840,#8086,.T.);
#8086=LINE('',#4774,#149);
#8087=ORIENTED_EDGE('',*,*,#8075,.F.);
#8088=ORIENTED_EDGE('',*,*,#4778,.F.);
#8089=PLANE('',#8090);
#8090=AXIS2_PLACEMENT_3D('',#4774,#7704,#4080);
#8091=ADVANCED_FACE('',(#8092),#8099,.F.);
#8092=FACE_BOUND('',#8093,.F.);
#8093=EDGE_LOOP('',(#8094,#4838,#8097,#8098));
#8094=ORIENTED_EDGE('',*,*,#8095,.T.);
#8095=EDGE_CURVE('',#4768,#4835,#8096,.T.);
#8096=LINE('',#4769,#149);
#8097=ORIENTED_EDGE('',*,*,#8085,.F.);
#8098=ORIENTED_EDGE('',*,*,#4772,.F.);
#8099=CYLINDRICAL_SURFACE('',#4776,1.E-01);
#8100=ADVANCED_FACE('',(#8101),#8108,.F.);
#8101=FACE_BOUND('',#8102,.F.);
#8102=EDGE_LOOP('',(#8103,#4833,#8106,#8107));
#8103=ORIENTED_EDGE('',*,*,#8104,.T.);
#8104=EDGE_CURVE('',#4763,#4830,#8105,.T.);
#8105=LINE('',#4764,#149);
#8106=ORIENTED_EDGE('',*,*,#8095,.F.);
#8107=ORIENTED_EDGE('',*,*,#4767,.F.);
#8108=PLANE('',#8109);
#8109=AXIS2_PLACEMENT_3D('',#4764,#840,#14);
#8110=ADVANCED_FACE('',(#8111),#8118,.F.);
#8111=FACE_BOUND('',#8112,.F.);
#8112=EDGE_LOOP('',(#8113,#4828,#8116,#8117));
#8113=ORIENTED_EDGE('',*,*,#8114,.T.);
#8114=EDGE_CURVE('',#4758,#4825,#8115,.T.);
#8115=LINE('',#4759,#149);
#8116=ORIENTED_EDGE('',*,*,#8104,.F.);
#8117=ORIENTED_EDGE('',*,*,#4762,.F.);
#8118=PLANE('',#8119);
#8119=AXIS2_PLACEMENT_3D('',#4759,#14,#13);
#8120=ADVANCED_FACE('',(#8121),#8128,.F.);
#8121=FACE_BOUND('',#8122,.F.);
#8122=EDGE_LOOP('',(#8123,#4823,#8126,#8127));
#8123=ORIENTED_EDGE('',*,*,#8124,.T.);
#8124=EDGE_CURVE('',#4751,#4818,#8125,.T.);
#8125=LINE('',#4752,#149);
#8126=ORIENTED_EDGE('',*,*,#8114,.F.);
#8127=ORIENTED_EDGE('',*,*,#4757,.F.);
#8128=PLANE('',#8129);
#8129=AXIS2_PLACEMENT_3D('',#4752,#13,#136);
#8130=ADVANCED_FACE('',(#8131),#8138,.T.);
#8131=FACE_BOUND('',#8132,.F.);
#8132=EDGE_LOOP('',(#8133,#4816,#8136,#8137));
#8133=ORIENTED_EDGE('',*,*,#8134,.T.);
#8134=EDGE_CURVE('',#4746,#4813,#8135,.T.);
#8135=LINE('',#4747,#149);
#8136=ORIENTED_EDGE('',*,*,#8124,.F.);
#8137=ORIENTED_EDGE('',*,*,#4750,.F.);
#8138=CYLINDRICAL_SURFACE('',#8139,0.2);
#8139=AXIS2_PLACEMENT_3D('',#4755,#122,#4052);
#8140=ADVANCED_FACE('',(#8141),#8146,.F.);
#8141=FACE_BOUND('',#8142,.F.);
#8142=EDGE_LOOP('',(#8143,#4811,#8144,#8145));
#8143=ORIENTED_EDGE('',*,*,#4804,.T.);
#8144=ORIENTED_EDGE('',*,*,#8134,.F.);
#8145=ORIENTED_EDGE('',*,*,#4745,.F.);
#8146=PLANE('',#8147);
#8147=AXIS2_PLACEMENT_3D('',#4740,#7762,#4044);
#8148=ADVANCED_FACE('',(#8149),#8156,.T.);
#8149=FACE_BOUND('',#8150,.F.);
#8150=EDGE_LOOP('',(#8151,#4989,#8154,#8155));
#8151=ORIENTED_EDGE('',*,*,#8152,.T.);
#8152=EDGE_CURVE('',#4919,#4986,#8153,.T.);
#8153=LINE('',#4920,#149);
#8154=ORIENTED_EDGE('',*,*,#7494,.F.);
#8155=ORIENTED_EDGE('',*,*,#4923,.F.);
#8156=CYLINDRICAL_SURFACE('',#8157,0.2);
#8157=AXIS2_PLACEMENT_3D('',#4883,#122,#4086);
#8158=ADVANCED_FACE('',(#8159),#8166,.F.);
#8159=FACE_BOUND('',#8160,.F.);
#8160=EDGE_LOOP('',(#8161,#4984,#8164,#8165));
#8161=ORIENTED_EDGE('',*,*,#8162,.T.);
#8162=EDGE_CURVE('',#4913,#4980,#8163,.T.);
#8163=LINE('',#4914,#149);
#8164=ORIENTED_EDGE('',*,*,#8152,.F.);
#8165=ORIENTED_EDGE('',*,*,#4918,.F.);
#8166=PLANE('',#8167);
#8167=AXIS2_PLACEMENT_3D('',#4914,#7704,#4080);
#8168=ADVANCED_FACE('',(#8169),#8176,.F.);
#8169=FACE_BOUND('',#8170,.F.);
#8170=EDGE_LOOP('',(#8171,#4978,#8174,#8175));
#8171=ORIENTED_EDGE('',*,*,#8172,.T.);
#8172=EDGE_CURVE('',#4908,#4975,#8173,.T.);
#8173=LINE('',#4909,#149);
#8174=ORIENTED_EDGE('',*,*,#8162,.F.);
#8175=ORIENTED_EDGE('',*,*,#4912,.F.);
#8176=CYLINDRICAL_SURFACE('',#4916,1.E-01);
#8177=ADVANCED_FACE('',(#8178),#8185,.F.);
#8178=FACE_BOUND('',#8179,.F.);
#8179=EDGE_LOOP('',(#8180,#4973,#8183,#8184));
#8180=ORIENTED_EDGE('',*,*,#8181,.T.);
#8181=EDGE_CURVE('',#4903,#4970,#8182,.T.);
#8182=LINE('',#4904,#149);
#8183=ORIENTED_EDGE('',*,*,#8172,.F.);
#8184=ORIENTED_EDGE('',*,*,#4907,.F.);
#8185=PLANE('',#8186);
#8186=AXIS2_PLACEMENT_3D('',#4904,#840,#14);
#8187=ADVANCED_FACE('',(#8188),#8195,.F.);
#8188=FACE_BOUND('',#8189,.F.);
#8189=EDGE_LOOP('',(#8190,#4968,#8193,#8194));
#8190=ORIENTED_EDGE('',*,*,#8191,.T.);
#8191=EDGE_CURVE('',#4898,#4965,#8192,.T.);
#8192=LINE('',#4899,#149);
#8193=ORIENTED_EDGE('',*,*,#8181,.F.);
#8194=ORIENTED_EDGE('',*,*,#4902,.F.);
#8195=PLANE('',#8196);
#8196=AXIS2_PLACEMENT_3D('',#4899,#14,#13);
#8197=ADVANCED_FACE('',(#8198),#8205,.F.);
#8198=FACE_BOUND('',#8199,.F.);
#8199=EDGE_LOOP('',(#8200,#4963,#8203,#8204));
#8200=ORIENTED_EDGE('',*,*,#8201,.T.);
#8201=EDGE_CURVE('',#4891,#4958,#8202,.T.);
#8202=LINE('',#4892,#149);
#8203=ORIENTED_EDGE('',*,*,#8191,.F.);
#8204=ORIENTED_EDGE('',*,*,#4897,.F.);
#8205=PLANE('',#8206);
#8206=AXIS2_PLACEMENT_3D('',#4892,#13,#136);
#8207=ADVANCED_FACE('',(#8208),#8215,.T.);
#8208=FACE_BOUND('',#8209,.F.);
#8209=EDGE_LOOP('',(#8210,#4956,#8213,#8214));
#8210=ORIENTED_EDGE('',*,*,#8211,.T.);
#8211=EDGE_CURVE('',#4886,#4953,#8212,.T.);
#8212=LINE('',#4887,#149);
#8213=ORIENTED_EDGE('',*,*,#8201,.F.);
#8214=ORIENTED_EDGE('',*,*,#4890,.F.);
#8215=CYLINDRICAL_SURFACE('',#8216,0.2);
#8216=AXIS2_PLACEMENT_3D('',#4895,#122,#4052);
#8217=ADVANCED_FACE('',(#8218),#8223,.F.);
#8218=FACE_BOUND('',#8219,.F.);
#8219=EDGE_LOOP('',(#8220,#4951,#8221,#8222));
#8220=ORIENTED_EDGE('',*,*,#4944,.T.);
#8221=ORIENTED_EDGE('',*,*,#8211,.F.);
#8222=ORIENTED_EDGE('',*,*,#4885,.F.);
#8223=PLANE('',#8224);
#8224=AXIS2_PLACEMENT_3D('',#4880,#7762,#4044);
#8225=ADVANCED_FACE('',(#8226),#8233,.F.);
#8226=FACE_BOUND('',#8227,.F.);
#8227=EDGE_LOOP('',(#8228,#5119,#8231,#8232));
#8228=ORIENTED_EDGE('',*,*,#8229,.T.);
#8229=EDGE_CURVE('',#5050,#5115,#8230,.T.);
#8230=LINE('',#5051,#149);
#8231=ORIENTED_EDGE('',*,*,#7411,.F.);
#8232=ORIENTED_EDGE('',*,*,#5055,.F.);
#8233=PLANE('',#8234);
#8234=AXIS2_PLACEMENT_3D('',#5051,#7704,#4080);
#8235=ADVANCED_FACE('',(#8236),#8243,.F.);
#8236=FACE_BOUND('',#8237,.F.);
#8237=EDGE_LOOP('',(#8238,#5113,#8241,#8242));
#8238=ORIENTED_EDGE('',*,*,#8239,.T.);
#8239=EDGE_CURVE('',#5045,#5110,#8240,.T.);
#8240=LINE('',#5046,#149);
#8241=ORIENTED_EDGE('',*,*,#8229,.F.);
#8242=ORIENTED_EDGE('',*,*,#5049,.F.);
#8243=CYLINDRICAL_SURFACE('',#5053,1.E-01);
#8244=ADVANCED_FACE('',(#8245),#8252,.F.);
#8245=FACE_BOUND('',#8246,.F.);
#8246=EDGE_LOOP('',(#8247,#5108,#8250,#8251));
#8247=ORIENTED_EDGE('',*,*,#8248,.T.);
#8248=EDGE_CURVE('',#5040,#5105,#8249,.T.);
#8249=LINE('',#5041,#149);
#8250=ORIENTED_EDGE('',*,*,#8239,.F.);
#8251=ORIENTED_EDGE('',*,*,#5044,.F.);
#8252=PLANE('',#8253);
#8253=AXIS2_PLACEMENT_3D('',#5041,#840,#14);
#8254=ADVANCED_FACE('',(#8255),#8262,.F.);
#8255=FACE_BOUND('',#8256,.F.);
#8256=EDGE_LOOP('',(#8257,#5103,#8260,#8261));
#8257=ORIENTED_EDGE('',*,*,#8258,.T.);
#8258=EDGE_CURVE('',#5035,#5100,#8259,.T.);
#8259=LINE('',#5036,#149);
#8260=ORIENTED_EDGE('',*,*,#8248,.F.);
#8261=ORIENTED_EDGE('',*,*,#5039,.F.);
#8262=PLANE('',#8263);
#8263=AXIS2_PLACEMENT_3D('',#5036,#14,#13);
#8264=ADVANCED_FACE('',(#8265),#8272,.F.);
#8265=FACE_BOUND('',#8266,.F.);
#8266=EDGE_LOOP('',(#8267,#5098,#8270,#8271));
#8267=ORIENTED_EDGE('',*,*,#8268,.T.);
#8268=EDGE_CURVE('',#5028,#5093,#8269,.T.);
#8269=LINE('',#5029,#149);
#8270=ORIENTED_EDGE('',*,*,#8258,.F.);
#8271=ORIENTED_EDGE('',*,*,#5034,.F.);
#8272=PLANE('',#8273);
#8273=AXIS2_PLACEMENT_3D('',#5029,#13,#136);
#8274=ADVANCED_FACE('',(#8275),#8282,.T.);
#8275=FACE_BOUND('',#8276,.F.);
#8276=EDGE_LOOP('',(#8277,#5091,#8280,#8281));
#8277=ORIENTED_EDGE('',*,*,#8278,.T.);
#8278=EDGE_CURVE('',#5023,#5088,#8279,.T.);
#8279=LINE('',#5024,#149);
#8280=ORIENTED_EDGE('',*,*,#8268,.F.);
#8281=ORIENTED_EDGE('',*,*,#5027,.F.);
#8282=CYLINDRICAL_SURFACE('',#8283,0.2);
#8283=AXIS2_PLACEMENT_3D('',#5032,#122,#4052);
#8284=ADVANCED_FACE('',(#8285),#8290,.F.);
#8285=FACE_BOUND('',#8286,.F.);
#8286=EDGE_LOOP('',(#8287,#5086,#8288,#8289));
#8287=ORIENTED_EDGE('',*,*,#5079,.T.);
#8288=ORIENTED_EDGE('',*,*,#8278,.F.);
#8289=ORIENTED_EDGE('',*,*,#5022,.F.);
#8290=PLANE('',#8291);
#8291=AXIS2_PLACEMENT_3D('',#5017,#7762,#4044);
#8292=ADVANCED_FACE('',(#8293),#8300,.F.);
#8293=FACE_BOUND('',#8294,.F.);
#8294=EDGE_LOOP('',(#8295,#5247,#8298,#8299));
#8295=ORIENTED_EDGE('',*,*,#8296,.T.);
#8296=EDGE_CURVE('',#5175,#5243,#8297,.T.);
#8297=LINE('',#5176,#121);
#8298=ORIENTED_EDGE('',*,*,#7635,.F.);
#8299=ORIENTED_EDGE('',*,*,#5180,.F.);
#8300=PLANE('',#8301);
#8301=AXIS2_PLACEMENT_3D('',#5176,#8302,#5185);
#8302=DIRECTION('',(-0.986322983713,-1.095038486235E-16,-0.16482406317));
#8303=ADVANCED_FACE('',(#8304),#8311,.F.);
#8304=FACE_BOUND('',#8305,.F.);
#8305=EDGE_LOOP('',(#8306,#5241,#8309,#8310));
#8306=ORIENTED_EDGE('',*,*,#8307,.T.);
#8307=EDGE_CURVE('',#5170,#5238,#8308,.T.);
#8308=LINE('',#5171,#121);
#8309=ORIENTED_EDGE('',*,*,#8296,.F.);
#8310=ORIENTED_EDGE('',*,*,#5174,.F.);
#8311=CYLINDRICAL_SURFACE('',#5178,1.E-01);
#8312=ADVANCED_FACE('',(#8313),#8320,.F.);
#8313=FACE_BOUND('',#8314,.F.);
#8314=EDGE_LOOP('',(#8315,#5236,#8318,#8319));
#8315=ORIENTED_EDGE('',*,*,#8316,.T.);
#8316=EDGE_CURVE('',#5165,#5233,#8317,.T.);
#8317=LINE('',#5166,#121);
#8318=ORIENTED_EDGE('',*,*,#8307,.F.);
#8319=ORIENTED_EDGE('',*,*,#5169,.F.);
#8320=PLANE('',#8321);
#8321=AXIS2_PLACEMENT_3D('',#5166,#840,#136);
#8322=ADVANCED_FACE('',(#8323),#8330,.F.);
#8323=FACE_BOUND('',#8324,.F.);
#8324=EDGE_LOOP('',(#8325,#5231,#8328,#8329));
#8325=ORIENTED_EDGE('',*,*,#8326,.T.);
#8326=EDGE_CURVE('',#5160,#5228,#8327,.T.);
#8327=LINE('',#5161,#121);
#8328=ORIENTED_EDGE('',*,*,#8316,.F.);
#8329=ORIENTED_EDGE('',*,*,#5164,.F.);
#8330=PLANE('',#8331);
#8331=AXIS2_PLACEMENT_3D('',#5161,#136,#13);
#8332=ADVANCED_FACE('',(#8333),#8340,.F.);
#8333=FACE_BOUND('',#8334,.F.);
#8334=EDGE_LOOP('',(#8335,#5226,#8338,#8339));
#8335=ORIENTED_EDGE('',*,*,#8336,.T.);
#8336=EDGE_CURVE('',#5152,#5221,#8337,.T.);
#8337=LINE('',#5153,#121);
#8338=ORIENTED_EDGE('',*,*,#8326,.F.);
#8339=ORIENTED_EDGE('',*,*,#5159,.F.);
#8340=PLANE('',#8341);
#8341=AXIS2_PLACEMENT_3D('',#5153,#13,#14);
#8342=ADVANCED_FACE('',(#8343),#8350,.T.);
#8343=FACE_BOUND('',#8344,.F.);
#8344=EDGE_LOOP('',(#8345,#5219,#8348,#8349));
#8345=ORIENTED_EDGE('',*,*,#8346,.T.);
#8346=EDGE_CURVE('',#5145,#5216,#8347,.T.);
#8347=LINE('',#5146,#121);
#8348=ORIENTED_EDGE('',*,*,#8336,.F.);
#8349=ORIENTED_EDGE('',*,*,#5151,.F.);
#8350=CYLINDRICAL_SURFACE('',#8351,0.2);
#8351=AXIS2_PLACEMENT_3D('',#5156,#150,#5157);
#8352=ADVANCED_FACE('',(#8353),#8358,.F.);
#8353=FACE_BOUND('',#8354,.F.);
#8354=EDGE_LOOP('',(#8355,#5214,#8356,#8357));
#8355=ORIENTED_EDGE('',*,*,#5207,.T.);
#8356=ORIENTED_EDGE('',*,*,#8346,.F.);
#8357=ORIENTED_EDGE('',*,*,#5144,.F.);
#8358=PLANE('',#8359);
#8359=AXIS2_PLACEMENT_3D('',#5139,#8360,#5149);
#8360=DIRECTION('',(0.986322983713,1.095038486235E-16,0.16482406317));
#8361=ADVANCED_FACE('',(#8362),#8369,.T.);
#8362=FACE_BOUND('',#8363,.F.);
#8363=EDGE_LOOP('',(#8364,#5386,#8367,#8368));
#8364=ORIENTED_EDGE('',*,*,#8365,.T.);
#8365=EDGE_CURVE('',#5316,#5383,#8366,.T.);
#8366=LINE('',#5317,#121);
#8367=ORIENTED_EDGE('',*,*,#7543,.F.);
#8368=ORIENTED_EDGE('',*,*,#5320,.F.);
#8369=CYLINDRICAL_SURFACE('',#8370,0.2);
#8370=AXIS2_PLACEMENT_3D('',#5280,#150,#5190);
#8371=ADVANCED_FACE('',(#8372),#8379,.F.);
#8372=FACE_BOUND('',#8373,.F.);
#8373=EDGE_LOOP('',(#8374,#5381,#8377,#8378));
#8374=ORIENTED_EDGE('',*,*,#8375,.T.);
#8375=EDGE_CURVE('',#5310,#5377,#8376,.T.);
#8376=LINE('',#5311,#121);
#8377=ORIENTED_EDGE('',*,*,#8365,.F.);
#8378=ORIENTED_EDGE('',*,*,#5315,.F.);
#8379=PLANE('',#8380);
#8380=AXIS2_PLACEMENT_3D('',#5311,#8302,#5185);
#8381=ADVANCED_FACE('',(#8382),#8389,.F.);
#8382=FACE_BOUND('',#8383,.F.);
#8383=EDGE_LOOP('',(#8384,#5375,#8387,#8388));
#8384=ORIENTED_EDGE('',*,*,#8385,.T.);
#8385=EDGE_CURVE('',#5305,#5372,#8386,.T.);
#8386=LINE('',#5306,#121);
#8387=ORIENTED_EDGE('',*,*,#8375,.F.);
#8388=ORIENTED_EDGE('',*,*,#5309,.F.);
#8389=CYLINDRICAL_SURFACE('',#5313,1.E-01);
#8390=ADVANCED_FACE('',(#8391),#8398,.F.);
#8391=FACE_BOUND('',#8392,.F.);
#8392=EDGE_LOOP('',(#8393,#5370,#8396,#8397));
#8393=ORIENTED_EDGE('',*,*,#8394,.T.);
#8394=EDGE_CURVE('',#5300,#5367,#8395,.T.);
#8395=LINE('',#5301,#121);
#8396=ORIENTED_EDGE('',*,*,#8385,.F.);
#8397=ORIENTED_EDGE('',*,*,#5304,.F.);
#8398=PLANE('',#8399);
#8399=AXIS2_PLACEMENT_3D('',#5301,#840,#136);
#8400=ADVANCED_FACE('',(#8401),#8408,.F.);
#8401=FACE_BOUND('',#8402,.F.);
#8402=EDGE_LOOP('',(#8403,#5365,#8406,#8407));
#8403=ORIENTED_EDGE('',*,*,#8404,.T.);
#8404=EDGE_CURVE('',#5295,#5362,#8405,.T.);
#8405=LINE('',#5296,#121);
#8406=ORIENTED_EDGE('',*,*,#8394,.F.);
#8407=ORIENTED_EDGE('',*,*,#5299,.F.);
#8408=PLANE('',#8409);
#8409=AXIS2_PLACEMENT_3D('',#5296,#136,#13);
#8410=ADVANCED_FACE('',(#8411),#8418,.F.);
#8411=FACE_BOUND('',#8412,.F.);
#8412=EDGE_LOOP('',(#8413,#5360,#8416,#8417));
#8413=ORIENTED_EDGE('',*,*,#8414,.T.);
#8414=EDGE_CURVE('',#5288,#5355,#8415,.T.);
#8415=LINE('',#5289,#121);
#8416=ORIENTED_EDGE('',*,*,#8404,.F.);
#8417=ORIENTED_EDGE('',*,*,#5294,.F.);
#8418=PLANE('',#8419);
#8419=AXIS2_PLACEMENT_3D('',#5289,#13,#14);
#8420=ADVANCED_FACE('',(#8421),#8428,.T.);
#8421=FACE_BOUND('',#8422,.F.);
#8422=EDGE_LOOP('',(#8423,#5353,#8426,#8427));
#8423=ORIENTED_EDGE('',*,*,#8424,.T.);
#8424=EDGE_CURVE('',#5283,#5350,#8425,.T.);
#8425=LINE('',#5284,#121);
#8426=ORIENTED_EDGE('',*,*,#8414,.F.);
#8427=ORIENTED_EDGE('',*,*,#5287,.F.);
#8428=CYLINDRICAL_SURFACE('',#8429,0.2);
#8429=AXIS2_PLACEMENT_3D('',#5292,#150,#5157);
#8430=ADVANCED_FACE('',(#8431),#8436,.F.);
#8431=FACE_BOUND('',#8432,.F.);
#8432=EDGE_LOOP('',(#8433,#5348,#8434,#8435));
#8433=ORIENTED_EDGE('',*,*,#5341,.T.);
#8434=ORIENTED_EDGE('',*,*,#8424,.F.);
#8435=ORIENTED_EDGE('',*,*,#5282,.F.);
#8436=PLANE('',#8437);
#8437=AXIS2_PLACEMENT_3D('',#5277,#8360,#5149);
#8438=ADVANCED_FACE('',(#8439),#8446,.T.);
#8439=FACE_BOUND('',#8440,.F.);
#8440=EDGE_LOOP('',(#8441,#5526,#8444,#8445));
#8441=ORIENTED_EDGE('',*,*,#8442,.T.);
#8442=EDGE_CURVE('',#5456,#5523,#8443,.T.);
#8443=LINE('',#5457,#121);
#8444=ORIENTED_EDGE('',*,*,#7555,.F.);
#8445=ORIENTED_EDGE('',*,*,#5460,.F.);
#8446=CYLINDRICAL_SURFACE('',#8447,0.2);
#8447=AXIS2_PLACEMENT_3D('',#5420,#150,#5190);
#8448=ADVANCED_FACE('',(#8449),#8456,.F.);
#8449=FACE_BOUND('',#8450,.F.);
#8450=EDGE_LOOP('',(#8451,#5521,#8454,#8455));
#8451=ORIENTED_EDGE('',*,*,#8452,.T.);
#8452=EDGE_CURVE('',#5450,#5517,#8453,.T.);
#8453=LINE('',#5451,#121);
#8454=ORIENTED_EDGE('',*,*,#8442,.F.);
#8455=ORIENTED_EDGE('',*,*,#5455,.F.);
#8456=PLANE('',#8457);
#8457=AXIS2_PLACEMENT_3D('',#5451,#8302,#5185);
#8458=ADVANCED_FACE('',(#8459),#8466,.F.);
#8459=FACE_BOUND('',#8460,.F.);
#8460=EDGE_LOOP('',(#8461,#5515,#8464,#8465));
#8461=ORIENTED_EDGE('',*,*,#8462,.T.);
#8462=EDGE_CURVE('',#5445,#5512,#8463,.T.);
#8463=LINE('',#5446,#121);
#8464=ORIENTED_EDGE('',*,*,#8452,.F.);
#8465=ORIENTED_EDGE('',*,*,#5449,.F.);
#8466=CYLINDRICAL_SURFACE('',#5453,1.E-01);
#8467=ADVANCED_FACE('',(#8468),#8475,.F.);
#8468=FACE_BOUND('',#8469,.F.);
#8469=EDGE_LOOP('',(#8470,#5510,#8473,#8474));
#8470=ORIENTED_EDGE('',*,*,#8471,.T.);
#8471=EDGE_CURVE('',#5440,#5507,#8472,.T.);
#8472=LINE('',#5441,#121);
#8473=ORIENTED_EDGE('',*,*,#8462,.F.);
#8474=ORIENTED_EDGE('',*,*,#5444,.F.);
#8475=PLANE('',#8476);
#8476=AXIS2_PLACEMENT_3D('',#5441,#840,#136);
#8477=ADVANCED_FACE('',(#8478),#8485,.F.);
#8478=FACE_BOUND('',#8479,.F.);
#8479=EDGE_LOOP('',(#8480,#5505,#8483,#8484));
#8480=ORIENTED_EDGE('',*,*,#8481,.T.);
#8481=EDGE_CURVE('',#5435,#5502,#8482,.T.);
#8482=LINE('',#5436,#121);
#8483=ORIENTED_EDGE('',*,*,#8471,.F.);
#8484=ORIENTED_EDGE('',*,*,#5439,.F.);
#8485=PLANE('',#8486);
#8486=AXIS2_PLACEMENT_3D('',#5436,#136,#13);
#8487=ADVANCED_FACE('',(#8488),#8495,.F.);
#8488=FACE_BOUND('',#8489,.F.);
#8489=EDGE_LOOP('',(#8490,#5500,#8493,#8494));
#8490=ORIENTED_EDGE('',*,*,#8491,.T.);
#8491=EDGE_CURVE('',#5428,#5495,#8492,.T.);
#8492=LINE('',#5429,#121);
#8493=ORIENTED_EDGE('',*,*,#8481,.F.);
#8494=ORIENTED_EDGE('',*,*,#5434,.F.);
#8495=PLANE('',#8496);
#8496=AXIS2_PLACEMENT_3D('',#5429,#13,#14);
#8497=ADVANCED_FACE('',(#8498),#8505,.T.);
#8498=FACE_BOUND('',#8499,.F.);
#8499=EDGE_LOOP('',(#8500,#5493,#8503,#8504));
#8500=ORIENTED_EDGE('',*,*,#8501,.T.);
#8501=EDGE_CURVE('',#5423,#5490,#8502,.T.);
#8502=LINE('',#5424,#121);
#8503=ORIENTED_EDGE('',*,*,#8491,.F.);
#8504=ORIENTED_EDGE('',*,*,#5427,.F.);
#8505=CYLINDRICAL_SURFACE('',#8506,0.2);
#8506=AXIS2_PLACEMENT_3D('',#5432,#150,#5157);
#8507=ADVANCED_FACE('',(#8508),#8513,.F.);
#8508=FACE_BOUND('',#8509,.F.);
#8509=EDGE_LOOP('',(#8510,#5488,#8511,#8512));
#8510=ORIENTED_EDGE('',*,*,#5481,.T.);
#8511=ORIENTED_EDGE('',*,*,#8501,.F.);
#8512=ORIENTED_EDGE('',*,*,#5422,.F.);
#8513=PLANE('',#8514);
#8514=AXIS2_PLACEMENT_3D('',#5417,#8360,#5149);
#8515=ADVANCED_FACE('',(#8516),#8523,.T.);
#8516=FACE_BOUND('',#8517,.F.);
#8517=EDGE_LOOP('',(#8518,#5666,#8521,#8522));
#8518=ORIENTED_EDGE('',*,*,#8519,.T.);
#8519=EDGE_CURVE('',#5596,#5663,#8520,.T.);
#8520=LINE('',#5597,#121);
#8521=ORIENTED_EDGE('',*,*,#7567,.F.);
#8522=ORIENTED_EDGE('',*,*,#5600,.F.);
#8523=CYLINDRICAL_SURFACE('',#8524,0.2);
#8524=AXIS2_PLACEMENT_3D('',#5560,#150,#5190);
#8525=ADVANCED_FACE('',(#8526),#8533,.F.);
#8526=FACE_BOUND('',#8527,.F.);
#8527=EDGE_LOOP('',(#8528,#5661,#8531,#8532));
#8528=ORIENTED_EDGE('',*,*,#8529,.T.);
#8529=EDGE_CURVE('',#5590,#5657,#8530,.T.);
#8530=LINE('',#5591,#121);
#8531=ORIENTED_EDGE('',*,*,#8519,.F.);
#8532=ORIENTED_EDGE('',*,*,#5595,.F.);
#8533=PLANE('',#8534);
#8534=AXIS2_PLACEMENT_3D('',#5591,#8302,#5185);
#8535=ADVANCED_FACE('',(#8536),#8543,.F.);
#8536=FACE_BOUND('',#8537,.F.);
#8537=EDGE_LOOP('',(#8538,#5655,#8541,#8542));
#8538=ORIENTED_EDGE('',*,*,#8539,.T.);
#8539=EDGE_CURVE('',#5585,#5652,#8540,.T.);
#8540=LINE('',#5586,#121);
#8541=ORIENTED_EDGE('',*,*,#8529,.F.);
#8542=ORIENTED_EDGE('',*,*,#5589,.F.);
#8543=CYLINDRICAL_SURFACE('',#5593,1.E-01);
#8544=ADVANCED_FACE('',(#8545),#8552,.F.);
#8545=FACE_BOUND('',#8546,.F.);
#8546=EDGE_LOOP('',(#8547,#5650,#8550,#8551));
#8547=ORIENTED_EDGE('',*,*,#8548,.T.);
#8548=EDGE_CURVE('',#5580,#5647,#8549,.T.);
#8549=LINE('',#5581,#121);
#8550=ORIENTED_EDGE('',*,*,#8539,.F.);
#8551=ORIENTED_EDGE('',*,*,#5584,.F.);
#8552=PLANE('',#8553);
#8553=AXIS2_PLACEMENT_3D('',#5581,#840,#136);
#8554=ADVANCED_FACE('',(#8555),#8562,.F.);
#8555=FACE_BOUND('',#8556,.F.);
#8556=EDGE_LOOP('',(#8557,#5645,#8560,#8561));
#8557=ORIENTED_EDGE('',*,*,#8558,.T.);
#8558=EDGE_CURVE('',#5575,#5642,#8559,.T.);
#8559=LINE('',#5576,#121);
#8560=ORIENTED_EDGE('',*,*,#8548,.F.);
#8561=ORIENTED_EDGE('',*,*,#5579,.F.);
#8562=PLANE('',#8563);
#8563=AXIS2_PLACEMENT_3D('',#5576,#136,#13);
#8564=ADVANCED_FACE('',(#8565),#8572,.F.);
#8565=FACE_BOUND('',#8566,.F.);
#8566=EDGE_LOOP('',(#8567,#5640,#8570,#8571));
#8567=ORIENTED_EDGE('',*,*,#8568,.T.);
#8568=EDGE_CURVE('',#5568,#5635,#8569,.T.);
#8569=LINE('',#5569,#121);
#8570=ORIENTED_EDGE('',*,*,#8558,.F.);
#8571=ORIENTED_EDGE('',*,*,#5574,.F.);
#8572=PLANE('',#8573);
#8573=AXIS2_PLACEMENT_3D('',#5569,#13,#14);
#8574=ADVANCED_FACE('',(#8575),#8582,.T.);
#8575=FACE_BOUND('',#8576,.F.);
#8576=EDGE_LOOP('',(#8577,#5633,#8580,#8581));
#8577=ORIENTED_EDGE('',*,*,#8578,.T.);
#8578=EDGE_CURVE('',#5563,#5630,#8579,.T.);
#8579=LINE('',#5564,#121);
#8580=ORIENTED_EDGE('',*,*,#8568,.F.);
#8581=ORIENTED_EDGE('',*,*,#5567,.F.);
#8582=CYLINDRICAL_SURFACE('',#8583,0.2);
#8583=AXIS2_PLACEMENT_3D('',#5572,#150,#5157);
#8584=ADVANCED_FACE('',(#8585),#8590,.F.);
#8585=FACE_BOUND('',#8586,.F.);
#8586=EDGE_LOOP('',(#8587,#5628,#8588,#8589));
#8587=ORIENTED_EDGE('',*,*,#5621,.T.);
#8588=ORIENTED_EDGE('',*,*,#8578,.F.);
#8589=ORIENTED_EDGE('',*,*,#5562,.F.);
#8590=PLANE('',#8591);
#8591=AXIS2_PLACEMENT_3D('',#5557,#8360,#5149);
#8592=ADVANCED_FACE('',(#8593),#8600,.T.);
#8593=FACE_BOUND('',#8594,.F.);
#8594=EDGE_LOOP('',(#8595,#5806,#8598,#8599));
#8595=ORIENTED_EDGE('',*,*,#8596,.T.);
#8596=EDGE_CURVE('',#5736,#5803,#8597,.T.);
#8597=LINE('',#5737,#121);
#8598=ORIENTED_EDGE('',*,*,#7579,.F.);
#8599=ORIENTED_EDGE('',*,*,#5740,.F.);
#8600=CYLINDRICAL_SURFACE('',#8601,0.2);
#8601=AXIS2_PLACEMENT_3D('',#5700,#150,#5190);
#8602=ADVANCED_FACE('',(#8603),#8610,.F.);
#8603=FACE_BOUND('',#8604,.F.);
#8604=EDGE_LOOP('',(#8605,#5801,#8608,#8609));
#8605=ORIENTED_EDGE('',*,*,#8606,.T.);
#8606=EDGE_CURVE('',#5730,#5797,#8607,.T.);
#8607=LINE('',#5731,#121);
#8608=ORIENTED_EDGE('',*,*,#8596,.F.);
#8609=ORIENTED_EDGE('',*,*,#5735,.F.);
#8610=PLANE('',#8611);
#8611=AXIS2_PLACEMENT_3D('',#5731,#8302,#5185);
#8612=ADVANCED_FACE('',(#8613),#8620,.F.);
#8613=FACE_BOUND('',#8614,.F.);
#8614=EDGE_LOOP('',(#8615,#5795,#8618,#8619));
#8615=ORIENTED_EDGE('',*,*,#8616,.T.);
#8616=EDGE_CURVE('',#5725,#5792,#8617,.T.);
#8617=LINE('',#5726,#121);
#8618=ORIENTED_EDGE('',*,*,#8606,.F.);
#8619=ORIENTED_EDGE('',*,*,#5729,.F.);
#8620=CYLINDRICAL_SURFACE('',#5733,1.E-01);
#8621=ADVANCED_FACE('',(#8622),#8629,.F.);
#8622=FACE_BOUND('',#8623,.F.);
#8623=EDGE_LOOP('',(#8624,#5790,#8627,#8628));
#8624=ORIENTED_EDGE('',*,*,#8625,.T.);
#8625=EDGE_CURVE('',#5720,#5787,#8626,.T.);
#8626=LINE('',#5721,#121);
#8627=ORIENTED_EDGE('',*,*,#8616,.F.);
#8628=ORIENTED_EDGE('',*,*,#5724,.F.);
#8629=PLANE('',#8630);
#8630=AXIS2_PLACEMENT_3D('',#5721,#840,#136);
#8631=ADVANCED_FACE('',(#8632),#8639,.F.);
#8632=FACE_BOUND('',#8633,.F.);
#8633=EDGE_LOOP('',(#8634,#5785,#8637,#8638));
#8634=ORIENTED_EDGE('',*,*,#8635,.T.);
#8635=EDGE_CURVE('',#5715,#5782,#8636,.T.);
#8636=LINE('',#5716,#121);
#8637=ORIENTED_EDGE('',*,*,#8625,.F.);
#8638=ORIENTED_EDGE('',*,*,#5719,.F.);
#8639=PLANE('',#8640);
#8640=AXIS2_PLACEMENT_3D('',#5716,#136,#13);
#8641=ADVANCED_FACE('',(#8642),#8649,.F.);
#8642=FACE_BOUND('',#8643,.F.);
#8643=EDGE_LOOP('',(#8644,#5780,#8647,#8648));
#8644=ORIENTED_EDGE('',*,*,#8645,.T.);
#8645=EDGE_CURVE('',#5708,#5775,#8646,.T.);
#8646=LINE('',#5709,#121);
#8647=ORIENTED_EDGE('',*,*,#8635,.F.);
#8648=ORIENTED_EDGE('',*,*,#5714,.F.);
#8649=PLANE('',#8650);
#8650=AXIS2_PLACEMENT_3D('',#5709,#13,#14);
#8651=ADVANCED_FACE('',(#8652),#8659,.T.);
#8652=FACE_BOUND('',#8653,.F.);
#8653=EDGE_LOOP('',(#8654,#5773,#8657,#8658));
#8654=ORIENTED_EDGE('',*,*,#8655,.T.);
#8655=EDGE_CURVE('',#5703,#5770,#8656,.T.);
#8656=LINE('',#5704,#121);
#8657=ORIENTED_EDGE('',*,*,#8645,.F.);
#8658=ORIENTED_EDGE('',*,*,#5707,.F.);
#8659=CYLINDRICAL_SURFACE('',#8660,0.2);
#8660=AXIS2_PLACEMENT_3D('',#5712,#150,#5157);
#8661=ADVANCED_FACE('',(#8662),#8667,.F.);
#8662=FACE_BOUND('',#8663,.F.);
#8663=EDGE_LOOP('',(#8664,#5768,#8665,#8666));
#8664=ORIENTED_EDGE('',*,*,#5761,.T.);
#8665=ORIENTED_EDGE('',*,*,#8655,.F.);
#8666=ORIENTED_EDGE('',*,*,#5702,.F.);
#8667=PLANE('',#8668);
#8668=AXIS2_PLACEMENT_3D('',#5697,#8360,#5149);
#8669=ADVANCED_FACE('',(#8670),#8677,.T.);
#8670=FACE_BOUND('',#8671,.F.);
#8671=EDGE_LOOP('',(#8672,#5946,#8675,#8676));
#8672=ORIENTED_EDGE('',*,*,#8673,.T.);
#8673=EDGE_CURVE('',#5876,#5943,#8674,.T.);
#8674=LINE('',#5877,#121);
#8675=ORIENTED_EDGE('',*,*,#7591,.F.);
#8676=ORIENTED_EDGE('',*,*,#5880,.F.);
#8677=CYLINDRICAL_SURFACE('',#8678,0.2);
#8678=AXIS2_PLACEMENT_3D('',#5840,#150,#5190);
#8679=ADVANCED_FACE('',(#8680),#8687,.F.);
#8680=FACE_BOUND('',#8681,.F.);
#8681=EDGE_LOOP('',(#8682,#5941,#8685,#8686));
#8682=ORIENTED_EDGE('',*,*,#8683,.T.);
#8683=EDGE_CURVE('',#5870,#5937,#8684,.T.);
#8684=LINE('',#5871,#121);
#8685=ORIENTED_EDGE('',*,*,#8673,.F.);
#8686=ORIENTED_EDGE('',*,*,#5875,.F.);
#8687=PLANE('',#8688);
#8688=AXIS2_PLACEMENT_3D('',#5871,#8302,#5185);
#8689=ADVANCED_FACE('',(#8690),#8697,.F.);
#8690=FACE_BOUND('',#8691,.F.);
#8691=EDGE_LOOP('',(#8692,#5935,#8695,#8696));
#8692=ORIENTED_EDGE('',*,*,#8693,.T.);
#8693=EDGE_CURVE('',#5865,#5932,#8694,.T.);
#8694=LINE('',#5866,#121);
#8695=ORIENTED_EDGE('',*,*,#8683,.F.);
#8696=ORIENTED_EDGE('',*,*,#5869,.F.);
#8697=CYLINDRICAL_SURFACE('',#5873,1.E-01);
#8698=ADVANCED_FACE('',(#8699),#8706,.F.);
#8699=FACE_BOUND('',#8700,.F.);
#8700=EDGE_LOOP('',(#8701,#5930,#8704,#8705));
#8701=ORIENTED_EDGE('',*,*,#8702,.T.);
#8702=EDGE_CURVE('',#5860,#5927,#8703,.T.);
#8703=LINE('',#5861,#121);
#8704=ORIENTED_EDGE('',*,*,#8693,.F.);
#8705=ORIENTED_EDGE('',*,*,#5864,.F.);
#8706=PLANE('',#8707);
#8707=AXIS2_PLACEMENT_3D('',#5861,#840,#136);
#8708=ADVANCED_FACE('',(#8709),#8716,.F.);
#8709=FACE_BOUND('',#8710,.F.);
#8710=EDGE_LOOP('',(#8711,#5925,#8714,#8715));
#8711=ORIENTED_EDGE('',*,*,#8712,.T.);
#8712=EDGE_CURVE('',#5855,#5922,#8713,.T.);
#8713=LINE('',#5856,#121);
#8714=ORIENTED_EDGE('',*,*,#8702,.F.);
#8715=ORIENTED_EDGE('',*,*,#5859,.F.);
#8716=PLANE('',#8717);
#8717=AXIS2_PLACEMENT_3D('',#5856,#136,#13);
#8718=ADVANCED_FACE('',(#8719),#8726,.F.);
#8719=FACE_BOUND('',#8720,.F.);
#8720=EDGE_LOOP('',(#8721,#5920,#8724,#8725));
#8721=ORIENTED_EDGE('',*,*,#8722,.T.);
#8722=EDGE_CURVE('',#5848,#5915,#8723,.T.);
#8723=LINE('',#5849,#121);
#8724=ORIENTED_EDGE('',*,*,#8712,.F.);
#8725=ORIENTED_EDGE('',*,*,#5854,.F.);
#8726=PLANE('',#8727);
#8727=AXIS2_PLACEMENT_3D('',#5849,#13,#14);
#8728=ADVANCED_FACE('',(#8729),#8736,.T.);
#8729=FACE_BOUND('',#8730,.F.);
#8730=EDGE_LOOP('',(#8731,#5913,#8734,#8735));
#8731=ORIENTED_EDGE('',*,*,#8732,.T.);
#8732=EDGE_CURVE('',#5843,#5910,#8733,.T.);
#8733=LINE('',#5844,#121);
#8734=ORIENTED_EDGE('',*,*,#8722,.F.);
#8735=ORIENTED_EDGE('',*,*,#5847,.F.);
#8736=CYLINDRICAL_SURFACE('',#8737,0.2);
#8737=AXIS2_PLACEMENT_3D('',#5852,#150,#5157);
#8738=ADVANCED_FACE('',(#8739),#8744,.F.);
#8739=FACE_BOUND('',#8740,.F.);
#8740=EDGE_LOOP('',(#8741,#5908,#8742,#8743));
#8741=ORIENTED_EDGE('',*,*,#5901,.T.);
#8742=ORIENTED_EDGE('',*,*,#8732,.F.);
#8743=ORIENTED_EDGE('',*,*,#5842,.F.);
#8744=PLANE('',#8745);
#8745=AXIS2_PLACEMENT_3D('',#5837,#8360,#5149);
#8746=ADVANCED_FACE('',(#8747),#8754,.T.);
#8747=FACE_BOUND('',#8748,.F.);
#8748=EDGE_LOOP('',(#8749,#6086,#8752,#8753));
#8749=ORIENTED_EDGE('',*,*,#8750,.T.);
#8750=EDGE_CURVE('',#6016,#6083,#8751,.T.);
#8751=LINE('',#6017,#121);
#8752=ORIENTED_EDGE('',*,*,#7603,.F.);
#8753=ORIENTED_EDGE('',*,*,#6020,.F.);
#8754=CYLINDRICAL_SURFACE('',#8755,0.2);
#8755=AXIS2_PLACEMENT_3D('',#5980,#150,#5190);
#8756=ADVANCED_FACE('',(#8757),#8764,.F.);
#8757=FACE_BOUND('',#8758,.F.);
#8758=EDGE_LOOP('',(#8759,#6081,#8762,#8763));
#8759=ORIENTED_EDGE('',*,*,#8760,.T.);
#8760=EDGE_CURVE('',#6010,#6077,#8761,.T.);
#8761=LINE('',#6011,#121);
#8762=ORIENTED_EDGE('',*,*,#8750,.F.);
#8763=ORIENTED_EDGE('',*,*,#6015,.F.);
#8764=PLANE('',#8765);
#8765=AXIS2_PLACEMENT_3D('',#6011,#8302,#5185);
#8766=ADVANCED_FACE('',(#8767),#8774,.F.);
#8767=FACE_BOUND('',#8768,.F.);
#8768=EDGE_LOOP('',(#8769,#6075,#8772,#8773));
#8769=ORIENTED_EDGE('',*,*,#8770,.T.);
#8770=EDGE_CURVE('',#6005,#6072,#8771,.T.);
#8771=LINE('',#6006,#121);
#8772=ORIENTED_EDGE('',*,*,#8760,.F.);
#8773=ORIENTED_EDGE('',*,*,#6009,.F.);
#8774=CYLINDRICAL_SURFACE('',#6013,1.E-01);
#8775=ADVANCED_FACE('',(#8776),#8783,.F.);
#8776=FACE_BOUND('',#8777,.F.);
#8777=EDGE_LOOP('',(#8778,#6070,#8781,#8782));
#8778=ORIENTED_EDGE('',*,*,#8779,.T.);
#8779=EDGE_CURVE('',#6000,#6067,#8780,.T.);
#8780=LINE('',#6001,#121);
#8781=ORIENTED_EDGE('',*,*,#8770,.F.);
#8782=ORIENTED_EDGE('',*,*,#6004,.F.);
#8783=PLANE('',#8784);
#8784=AXIS2_PLACEMENT_3D('',#6001,#840,#136);
#8785=ADVANCED_FACE('',(#8786),#8793,.F.);
#8786=FACE_BOUND('',#8787,.F.);
#8787=EDGE_LOOP('',(#8788,#6065,#8791,#8792));
#8788=ORIENTED_EDGE('',*,*,#8789,.T.);
#8789=EDGE_CURVE('',#5995,#6062,#8790,.T.);
#8790=LINE('',#5996,#121);
#8791=ORIENTED_EDGE('',*,*,#8779,.F.);
#8792=ORIENTED_EDGE('',*,*,#5999,.F.);
#8793=PLANE('',#8794);
#8794=AXIS2_PLACEMENT_3D('',#5996,#136,#13);
#8795=ADVANCED_FACE('',(#8796),#8803,.F.);
#8796=FACE_BOUND('',#8797,.F.);
#8797=EDGE_LOOP('',(#8798,#6060,#8801,#8802));
#8798=ORIENTED_EDGE('',*,*,#8799,.T.);
#8799=EDGE_CURVE('',#5988,#6055,#8800,.T.);
#8800=LINE('',#5989,#121);
#8801=ORIENTED_EDGE('',*,*,#8789,.F.);
#8802=ORIENTED_EDGE('',*,*,#5994,.F.);
#8803=PLANE('',#8804);
#8804=AXIS2_PLACEMENT_3D('',#5989,#13,#14);
#8805=ADVANCED_FACE('',(#8806),#8813,.T.);
#8806=FACE_BOUND('',#8807,.F.);
#8807=EDGE_LOOP('',(#8808,#6053,#8811,#8812));
#8808=ORIENTED_EDGE('',*,*,#8809,.T.);
#8809=EDGE_CURVE('',#5983,#6050,#8810,.T.);
#8810=LINE('',#5984,#121);
#8811=ORIENTED_EDGE('',*,*,#8799,.F.);
#8812=ORIENTED_EDGE('',*,*,#5987,.F.);
#8813=CYLINDRICAL_SURFACE('',#8814,0.2);
#8814=AXIS2_PLACEMENT_3D('',#5992,#150,#5157);
#8815=ADVANCED_FACE('',(#8816),#8821,.F.);
#8816=FACE_BOUND('',#8817,.F.);
#8817=EDGE_LOOP('',(#8818,#6048,#8819,#8820));
#8818=ORIENTED_EDGE('',*,*,#6041,.T.);
#8819=ORIENTED_EDGE('',*,*,#8809,.F.);
#8820=ORIENTED_EDGE('',*,*,#5982,.F.);
#8821=PLANE('',#8822);
#8822=AXIS2_PLACEMENT_3D('',#5977,#8360,#5149);
#8823=ADVANCED_FACE('',(#8824),#8831,.T.);
#8824=FACE_BOUND('',#8825,.F.);
#8825=EDGE_LOOP('',(#8826,#6226,#8829,#8830));
#8826=ORIENTED_EDGE('',*,*,#8827,.T.);
#8827=EDGE_CURVE('',#6156,#6223,#8828,.T.);
#8828=LINE('',#6157,#121);
#8829=ORIENTED_EDGE('',*,*,#7615,.F.);
#8830=ORIENTED_EDGE('',*,*,#6160,.F.);
#8831=CYLINDRICAL_SURFACE('',#8832,0.2);
#8832=AXIS2_PLACEMENT_3D('',#6120,#150,#5190);
#8833=ADVANCED_FACE('',(#8834),#8841,.F.);
#8834=FACE_BOUND('',#8835,.F.);
#8835=EDGE_LOOP('',(#8836,#6221,#8839,#8840));
#8836=ORIENTED_EDGE('',*,*,#8837,.T.);
#8837=EDGE_CURVE('',#6150,#6217,#8838,.T.);
#8838=LINE('',#6151,#121);
#8839=ORIENTED_EDGE('',*,*,#8827,.F.);
#8840=ORIENTED_EDGE('',*,*,#6155,.F.);
#8841=PLANE('',#8842);
#8842=AXIS2_PLACEMENT_3D('',#6151,#8302,#5185);
#8843=ADVANCED_FACE('',(#8844),#8851,.F.);
#8844=FACE_BOUND('',#8845,.F.);
#8845=EDGE_LOOP('',(#8846,#6215,#8849,#8850));
#8846=ORIENTED_EDGE('',*,*,#8847,.T.);
#8847=EDGE_CURVE('',#6145,#6212,#8848,.T.);
#8848=LINE('',#6146,#121);
#8849=ORIENTED_EDGE('',*,*,#8837,.F.);
#8850=ORIENTED_EDGE('',*,*,#6149,.F.);
#8851=CYLINDRICAL_SURFACE('',#6153,1.E-01);
#8852=ADVANCED_FACE('',(#8853),#8860,.F.);
#8853=FACE_BOUND('',#8854,.F.);
#8854=EDGE_LOOP('',(#8855,#6210,#8858,#8859));
#8855=ORIENTED_EDGE('',*,*,#8856,.T.);
#8856=EDGE_CURVE('',#6140,#6207,#8857,.T.);
#8857=LINE('',#6141,#121);
#8858=ORIENTED_EDGE('',*,*,#8847,.F.);
#8859=ORIENTED_EDGE('',*,*,#6144,.F.);
#8860=PLANE('',#8861);
#8861=AXIS2_PLACEMENT_3D('',#6141,#840,#136);
#8862=ADVANCED_FACE('',(#8863),#8870,.F.);
#8863=FACE_BOUND('',#8864,.F.);
#8864=EDGE_LOOP('',(#8865,#6205,#8868,#8869));
#8865=ORIENTED_EDGE('',*,*,#8866,.T.);
#8866=EDGE_CURVE('',#6135,#6202,#8867,.T.);
#8867=LINE('',#6136,#121);
#8868=ORIENTED_EDGE('',*,*,#8856,.F.);
#8869=ORIENTED_EDGE('',*,*,#6139,.F.);
#8870=PLANE('',#8871);
#8871=AXIS2_PLACEMENT_3D('',#6136,#136,#13);
#8872=ADVANCED_FACE('',(#8873),#8880,.F.);
#8873=FACE_BOUND('',#8874,.F.);
#8874=EDGE_LOOP('',(#8875,#6200,#8878,#8879));
#8875=ORIENTED_EDGE('',*,*,#8876,.T.);
#8876=EDGE_CURVE('',#6128,#6195,#8877,.T.);
#8877=LINE('',#6129,#121);
#8878=ORIENTED_EDGE('',*,*,#8866,.F.);
#8879=ORIENTED_EDGE('',*,*,#6134,.F.);
#8880=PLANE('',#8881);
#8881=AXIS2_PLACEMENT_3D('',#6129,#13,#14);
#8882=ADVANCED_FACE('',(#8883),#8890,.T.);
#8883=FACE_BOUND('',#8884,.F.);
#8884=EDGE_LOOP('',(#8885,#6193,#8888,#8889));
#8885=ORIENTED_EDGE('',*,*,#8886,.T.);
#8886=EDGE_CURVE('',#6123,#6190,#8887,.T.);
#8887=LINE('',#6124,#121);
#8888=ORIENTED_EDGE('',*,*,#8876,.F.);
#8889=ORIENTED_EDGE('',*,*,#6127,.F.);
#8890=CYLINDRICAL_SURFACE('',#8891,0.2);
#8891=AXIS2_PLACEMENT_3D('',#6132,#150,#5157);
#8892=ADVANCED_FACE('',(#8893),#8898,.F.);
#8893=FACE_BOUND('',#8894,.F.);
#8894=EDGE_LOOP('',(#8895,#6188,#8896,#8897));
#8895=ORIENTED_EDGE('',*,*,#6181,.T.);
#8896=ORIENTED_EDGE('',*,*,#8886,.F.);
#8897=ORIENTED_EDGE('',*,*,#6122,.F.);
#8898=PLANE('',#8899);
#8899=AXIS2_PLACEMENT_3D('',#6117,#8360,#5149);
#8900=ADVANCED_FACE('',(#8901),#8910,.F.);
#8901=FACE_BOUND('',#8902,.F.);
#8902=EDGE_LOOP('',(#8903,#8904,#6388,#8907,#8908,#8909));
#8903=ORIENTED_EDGE('',*,*,#6321,.F.);
#8904=ORIENTED_EDGE('',*,*,#8905,.T.);
#8905=EDGE_CURVE('',#6316,#6384,#8906,.T.);
#8906=LINE('',#6251,#135);
#8907=ORIENTED_EDGE('',*,*,#6409,.T.);
#8908=ORIENTED_EDGE('',*,*,#7659,.F.);
#8909=ORIENTED_EDGE('',*,*,#6247,.F.);
#8910=PLANE('',#8911);
#8911=AXIS2_PLACEMENT_3D('',#6251,#840,#150);
#8912=ADVANCED_FACE('',(#8913),#8920,.T.);
#8913=FACE_BOUND('',#8914,.F.);
#8914=EDGE_LOOP('',(#8915,#6382,#8918,#8919));
#8915=ORIENTED_EDGE('',*,*,#8916,.T.);
#8916=EDGE_CURVE('',#6309,#6379,#8917,.T.);
#8917=LINE('',#6310,#135);
#8918=ORIENTED_EDGE('',*,*,#8905,.F.);
#8919=ORIENTED_EDGE('',*,*,#6315,.F.);
#8920=CYLINDRICAL_SURFACE('',#8921,0.2);
#8921=AXIS2_PLACEMENT_3D('',#6270,#14,#6319);
#8922=ADVANCED_FACE('',(#8923),#8930,.F.);
#8923=FACE_BOUND('',#8924,.F.);
#8924=EDGE_LOOP('',(#8925,#6377,#8928,#8929));
#8925=ORIENTED_EDGE('',*,*,#8926,.T.);
#8926=EDGE_CURVE('',#6303,#6373,#8927,.T.);
#8927=LINE('',#6304,#135);
#8928=ORIENTED_EDGE('',*,*,#8916,.F.);
#8929=ORIENTED_EDGE('',*,*,#6308,.F.);
#8930=PLANE('',#8931);
#8931=AXIS2_PLACEMENT_3D('',#6304,#8932,#6313);
#8932=DIRECTION('',(1.095038486235E-16,0.986322983713,-0.16482406317));
#8933=ADVANCED_FACE('',(#8934),#8941,.F.);
#8934=FACE_BOUND('',#8935,.F.);
#8935=EDGE_LOOP('',(#8936,#6371,#8939,#8940));
#8936=ORIENTED_EDGE('',*,*,#8937,.T.);
#8937=EDGE_CURVE('',#6298,#6368,#8938,.T.);
#8938=LINE('',#6299,#135);
#8939=ORIENTED_EDGE('',*,*,#8926,.F.);
#8940=ORIENTED_EDGE('',*,*,#6302,.F.);
#8941=CYLINDRICAL_SURFACE('',#6306,1.E-01);
#8942=ADVANCED_FACE('',(#8943),#8950,.F.);
#8943=FACE_BOUND('',#8944,.F.);
#8944=EDGE_LOOP('',(#8945,#6366,#8948,#8949));
#8945=ORIENTED_EDGE('',*,*,#8946,.T.);
#8946=EDGE_CURVE('',#6293,#6363,#8947,.T.);
#8947=LINE('',#6294,#135);
#8948=ORIENTED_EDGE('',*,*,#8937,.F.);
#8949=ORIENTED_EDGE('',*,*,#6297,.F.);
#8950=PLANE('',#8951);
#8951=AXIS2_PLACEMENT_3D('',#6294,#840,#150);
#8952=ADVANCED_FACE('',(#8953),#8960,.F.);
#8953=FACE_BOUND('',#8954,.F.);
#8954=EDGE_LOOP('',(#8955,#6361,#8958,#8959));
#8955=ORIENTED_EDGE('',*,*,#8956,.T.);
#8956=EDGE_CURVE('',#6288,#6358,#8957,.T.);
#8957=LINE('',#6289,#135);
#8958=ORIENTED_EDGE('',*,*,#8946,.F.);
#8959=ORIENTED_EDGE('',*,*,#6292,.F.);
#8960=PLANE('',#8961);
#8961=AXIS2_PLACEMENT_3D('',#6289,#150,#13);
#8962=ADVANCED_FACE('',(#8963),#8970,.F.);
#8963=FACE_BOUND('',#8964,.F.);
#8964=EDGE_LOOP('',(#8965,#6356,#8968,#8969));
#8965=ORIENTED_EDGE('',*,*,#8966,.T.);
#8966=EDGE_CURVE('',#6280,#6351,#8967,.T.);
#8967=LINE('',#6281,#135);
#8968=ORIENTED_EDGE('',*,*,#8956,.F.);
#8969=ORIENTED_EDGE('',*,*,#6287,.F.);
#8970=PLANE('',#8971);
#8971=AXIS2_PLACEMENT_3D('',#6281,#13,#122);
#8972=ADVANCED_FACE('',(#8973),#8980,.T.);
#8973=FACE_BOUND('',#8974,.F.);
#8974=EDGE_LOOP('',(#8975,#6349,#8978,#8979));
#8975=ORIENTED_EDGE('',*,*,#8976,.T.);
#8976=EDGE_CURVE('',#6273,#6346,#8977,.T.);
#8977=LINE('',#6274,#135);
#8978=ORIENTED_EDGE('',*,*,#8966,.F.);
#8979=ORIENTED_EDGE('',*,*,#6279,.F.);
#8980=CYLINDRICAL_SURFACE('',#8981,0.2);
#8981=AXIS2_PLACEMENT_3D('',#6284,#14,#6285);
#8982=ADVANCED_FACE('',(#8983),#8988,.F.);
#8983=FACE_BOUND('',#8984,.F.);
#8984=EDGE_LOOP('',(#8985,#6344,#8986,#8987));
#8985=ORIENTED_EDGE('',*,*,#6337,.T.);
#8986=ORIENTED_EDGE('',*,*,#8976,.F.);
#8987=ORIENTED_EDGE('',*,*,#6272,.F.);
#8988=PLANE('',#8989);
#8989=AXIS2_PLACEMENT_3D('',#6267,#8990,#6277);
#8990=DIRECTION('',(-1.095038486235E-16,-0.986322983713,0.16482406317));
#8991=ADVANCED_FACE('',(#8992),#9001,.F.);
#8992=FACE_BOUND('',#8993,.F.);
#8993=EDGE_LOOP('',(#8994,#8995,#6533,#8998,#8999,#9000));
#8994=ORIENTED_EDGE('',*,*,#6466,.F.);
#8995=ORIENTED_EDGE('',*,*,#8996,.T.);
#8996=EDGE_CURVE('',#6462,#6529,#8997,.T.);
#8997=LINE('',#6403,#135);
#8998=ORIENTED_EDGE('',*,*,#6554,.T.);
#8999=ORIENTED_EDGE('',*,*,#7662,.F.);
#9000=ORIENTED_EDGE('',*,*,#6399,.F.);
#9001=PLANE('',#9002);
#9002=AXIS2_PLACEMENT_3D('',#6403,#840,#150);
#9003=ADVANCED_FACE('',(#9004),#9011,.T.);
#9004=FACE_BOUND('',#9005,.F.);
#9005=EDGE_LOOP('',(#9006,#6527,#9009,#9010));
#9006=ORIENTED_EDGE('',*,*,#9007,.T.);
#9007=EDGE_CURVE('',#6457,#6524,#9008,.T.);
#9008=LINE('',#6458,#135);
#9009=ORIENTED_EDGE('',*,*,#8996,.F.);
#9010=ORIENTED_EDGE('',*,*,#6461,.F.);
#9011=CYLINDRICAL_SURFACE('',#9012,0.2);
#9012=AXIS2_PLACEMENT_3D('',#6421,#14,#6319);
#9013=ADVANCED_FACE('',(#9014),#9021,.F.);
#9014=FACE_BOUND('',#9015,.F.);
#9015=EDGE_LOOP('',(#9016,#6522,#9019,#9020));
#9016=ORIENTED_EDGE('',*,*,#9017,.T.);
#9017=EDGE_CURVE('',#6451,#6518,#9018,.T.);
#9018=LINE('',#6452,#135);
#9019=ORIENTED_EDGE('',*,*,#9007,.F.);
#9020=ORIENTED_EDGE('',*,*,#6456,.F.);
#9021=PLANE('',#9022);
#9022=AXIS2_PLACEMENT_3D('',#6452,#8932,#6313);
#9023=ADVANCED_FACE('',(#9024),#9031,.F.);
#9024=FACE_BOUND('',#9025,.F.);
#9025=EDGE_LOOP('',(#9026,#6516,#9029,#9030));
#9026=ORIENTED_EDGE('',*,*,#9027,.T.);
#9027=EDGE_CURVE('',#6446,#6513,#9028,.T.);
#9028=LINE('',#6447,#135);
#9029=ORIENTED_EDGE('',*,*,#9017,.F.);
#9030=ORIENTED_EDGE('',*,*,#6450,.F.);
#9031=CYLINDRICAL_SURFACE('',#6454,1.E-01);
#9032=ADVANCED_FACE('',(#9033),#9040,.F.);
#9033=FACE_BOUND('',#9034,.F.);
#9034=EDGE_LOOP('',(#9035,#6511,#9038,#9039));
#9035=ORIENTED_EDGE('',*,*,#9036,.T.);
#9036=EDGE_CURVE('',#6441,#6508,#9037,.T.);
#9037=LINE('',#6442,#135);
#9038=ORIENTED_EDGE('',*,*,#9027,.F.);
#9039=ORIENTED_EDGE('',*,*,#6445,.F.);
#9040=PLANE('',#9041);
#9041=AXIS2_PLACEMENT_3D('',#6442,#840,#150);
#9042=ADVANCED_FACE('',(#9043),#9050,.F.);
#9043=FACE_BOUND('',#9044,.F.);
#9044=EDGE_LOOP('',(#9045,#6506,#9048,#9049));
#9045=ORIENTED_EDGE('',*,*,#9046,.T.);
#9046=EDGE_CURVE('',#6436,#6503,#9047,.T.);
#9047=LINE('',#6437,#135);
#9048=ORIENTED_EDGE('',*,*,#9036,.F.);
#9049=ORIENTED_EDGE('',*,*,#6440,.F.);
#9050=PLANE('',#9051);
#9051=AXIS2_PLACEMENT_3D('',#6437,#150,#13);
#9052=ADVANCED_FACE('',(#9053),#9060,.F.);
#9053=FACE_BOUND('',#9054,.F.);
#9054=EDGE_LOOP('',(#9055,#6501,#9058,#9059));
#9055=ORIENTED_EDGE('',*,*,#9056,.T.);
#9056=EDGE_CURVE('',#6429,#6496,#9057,.T.);
#9057=LINE('',#6430,#135);
#9058=ORIENTED_EDGE('',*,*,#9046,.F.);
#9059=ORIENTED_EDGE('',*,*,#6435,.F.);
#9060=PLANE('',#9061);
#9061=AXIS2_PLACEMENT_3D('',#6430,#13,#122);
#9062=ADVANCED_FACE('',(#9063),#9070,.T.);
#9063=FACE_BOUND('',#9064,.F.);
#9064=EDGE_LOOP('',(#9065,#6494,#9068,#9069));
#9065=ORIENTED_EDGE('',*,*,#9066,.T.);
#9066=EDGE_CURVE('',#6424,#6491,#9067,.T.);
#9067=LINE('',#6425,#135);
#9068=ORIENTED_EDGE('',*,*,#9056,.F.);
#9069=ORIENTED_EDGE('',*,*,#6428,.F.);
#9070=CYLINDRICAL_SURFACE('',#9071,0.2);
#9071=AXIS2_PLACEMENT_3D('',#6433,#14,#6285);
#9072=ADVANCED_FACE('',(#9073),#9078,.F.);
#9073=FACE_BOUND('',#9074,.F.);
#9074=EDGE_LOOP('',(#9075,#6489,#9076,#9077));
#9075=ORIENTED_EDGE('',*,*,#6482,.T.);
#9076=ORIENTED_EDGE('',*,*,#9066,.F.);
#9077=ORIENTED_EDGE('',*,*,#6423,.F.);
#9078=PLANE('',#9079);
#9079=AXIS2_PLACEMENT_3D('',#6418,#8990,#6277);
#9080=ADVANCED_FACE('',(#9081),#9090,.F.);
#9081=FACE_BOUND('',#9082,.F.);
#9082=EDGE_LOOP('',(#9083,#9084,#6678,#9087,#9088,#9089));
#9083=ORIENTED_EDGE('',*,*,#6611,.F.);
#9084=ORIENTED_EDGE('',*,*,#9085,.T.);
#9085=EDGE_CURVE('',#6607,#6674,#9086,.T.);
#9086=LINE('',#6548,#135);
#9087=ORIENTED_EDGE('',*,*,#6699,.T.);
#9088=ORIENTED_EDGE('',*,*,#7665,.F.);
#9089=ORIENTED_EDGE('',*,*,#6544,.F.);
#9090=PLANE('',#9091);
#9091=AXIS2_PLACEMENT_3D('',#6548,#840,#150);
#9092=ADVANCED_FACE('',(#9093),#9100,.T.);
#9093=FACE_BOUND('',#9094,.F.);
#9094=EDGE_LOOP('',(#9095,#6672,#9098,#9099));
#9095=ORIENTED_EDGE('',*,*,#9096,.T.);
#9096=EDGE_CURVE('',#6602,#6669,#9097,.T.);
#9097=LINE('',#6603,#135);
#9098=ORIENTED_EDGE('',*,*,#9085,.F.);
#9099=ORIENTED_EDGE('',*,*,#6606,.F.);
#9100=CYLINDRICAL_SURFACE('',#9101,0.2);
#9101=AXIS2_PLACEMENT_3D('',#6566,#14,#6319);
#9102=ADVANCED_FACE('',(#9103),#9110,.F.);
#9103=FACE_BOUND('',#9104,.F.);
#9104=EDGE_LOOP('',(#9105,#6667,#9108,#9109));
#9105=ORIENTED_EDGE('',*,*,#9106,.T.);
#9106=EDGE_CURVE('',#6596,#6663,#9107,.T.);
#9107=LINE('',#6597,#135);
#9108=ORIENTED_EDGE('',*,*,#9096,.F.);
#9109=ORIENTED_EDGE('',*,*,#6601,.F.);
#9110=PLANE('',#9111);
#9111=AXIS2_PLACEMENT_3D('',#6597,#8932,#6313);
#9112=ADVANCED_FACE('',(#9113),#9120,.F.);
#9113=FACE_BOUND('',#9114,.F.);
#9114=EDGE_LOOP('',(#9115,#6661,#9118,#9119));
#9115=ORIENTED_EDGE('',*,*,#9116,.T.);
#9116=EDGE_CURVE('',#6591,#6658,#9117,.T.);
#9117=LINE('',#6592,#135);
#9118=ORIENTED_EDGE('',*,*,#9106,.F.);
#9119=ORIENTED_EDGE('',*,*,#6595,.F.);
#9120=CYLINDRICAL_SURFACE('',#6599,1.E-01);
#9121=ADVANCED_FACE('',(#9122),#9129,.F.);
#9122=FACE_BOUND('',#9123,.F.);
#9123=EDGE_LOOP('',(#9124,#6656,#9127,#9128));
#9124=ORIENTED_EDGE('',*,*,#9125,.T.);
#9125=EDGE_CURVE('',#6586,#6653,#9126,.T.);
#9126=LINE('',#6587,#135);
#9127=ORIENTED_EDGE('',*,*,#9116,.F.);
#9128=ORIENTED_EDGE('',*,*,#6590,.F.);
#9129=PLANE('',#9130);
#9130=AXIS2_PLACEMENT_3D('',#6587,#840,#150);
#9131=ADVANCED_FACE('',(#9132),#9139,.F.);
#9132=FACE_BOUND('',#9133,.F.);
#9133=EDGE_LOOP('',(#9134,#6651,#9137,#9138));
#9134=ORIENTED_EDGE('',*,*,#9135,.T.);
#9135=EDGE_CURVE('',#6581,#6648,#9136,.T.);
#9136=LINE('',#6582,#135);
#9137=ORIENTED_EDGE('',*,*,#9125,.F.);
#9138=ORIENTED_EDGE('',*,*,#6585,.F.);
#9139=PLANE('',#9140);
#9140=AXIS2_PLACEMENT_3D('',#6582,#150,#13);
#9141=ADVANCED_FACE('',(#9142),#9149,.F.);
#9142=FACE_BOUND('',#9143,.F.);
#9143=EDGE_LOOP('',(#9144,#6646,#9147,#9148));
#9144=ORIENTED_EDGE('',*,*,#9145,.T.);
#9145=EDGE_CURVE('',#6574,#6641,#9146,.T.);
#9146=LINE('',#6575,#135);
#9147=ORIENTED_EDGE('',*,*,#9135,.F.);
#9148=ORIENTED_EDGE('',*,*,#6580,.F.);
#9149=PLANE('',#9150);
#9150=AXIS2_PLACEMENT_3D('',#6575,#13,#122);
#9151=ADVANCED_FACE('',(#9152),#9159,.T.);
#9152=FACE_BOUND('',#9153,.F.);
#9153=EDGE_LOOP('',(#9154,#6639,#9157,#9158));
#9154=ORIENTED_EDGE('',*,*,#9155,.T.);
#9155=EDGE_CURVE('',#6569,#6636,#9156,.T.);
#9156=LINE('',#6570,#135);
#9157=ORIENTED_EDGE('',*,*,#9145,.F.);
#9158=ORIENTED_EDGE('',*,*,#6573,.F.);
#9159=CYLINDRICAL_SURFACE('',#9160,0.2);
#9160=AXIS2_PLACEMENT_3D('',#6578,#14,#6285);
#9161=ADVANCED_FACE('',(#9162),#9167,.F.);
#9162=FACE_BOUND('',#9163,.F.);
#9163=EDGE_LOOP('',(#9164,#6634,#9165,#9166));
#9164=ORIENTED_EDGE('',*,*,#6627,.T.);
#9165=ORIENTED_EDGE('',*,*,#9155,.F.);
#9166=ORIENTED_EDGE('',*,*,#6568,.F.);
#9167=PLANE('',#9168);
#9168=AXIS2_PLACEMENT_3D('',#6563,#8990,#6277);
#9169=ADVANCED_FACE('',(#9170),#9179,.F.);
#9170=FACE_BOUND('',#9171,.F.);
#9171=EDGE_LOOP('',(#9172,#9173,#6823,#9176,#9177,#9178));
#9172=ORIENTED_EDGE('',*,*,#6756,.F.);
#9173=ORIENTED_EDGE('',*,*,#9174,.T.);
#9174=EDGE_CURVE('',#6752,#6819,#9175,.T.);
#9175=LINE('',#6693,#135);
#9176=ORIENTED_EDGE('',*,*,#6844,.T.);
#9177=ORIENTED_EDGE('',*,*,#7668,.F.);
#9178=ORIENTED_EDGE('',*,*,#6689,.F.);
#9179=PLANE('',#9180);
#9180=AXIS2_PLACEMENT_3D('',#6693,#840,#150);
#9181=ADVANCED_FACE('',(#9182),#9189,.T.);
#9182=FACE_BOUND('',#9183,.F.);
#9183=EDGE_LOOP('',(#9184,#6817,#9187,#9188));
#9184=ORIENTED_EDGE('',*,*,#9185,.T.);
#9185=EDGE_CURVE('',#6747,#6814,#9186,.T.);
#9186=LINE('',#6748,#135);
#9187=ORIENTED_EDGE('',*,*,#9174,.F.);
#9188=ORIENTED_EDGE('',*,*,#6751,.F.);
#9189=CYLINDRICAL_SURFACE('',#9190,0.2);
#9190=AXIS2_PLACEMENT_3D('',#6711,#14,#6319);
#9191=ADVANCED_FACE('',(#9192),#9199,.F.);
#9192=FACE_BOUND('',#9193,.F.);
#9193=EDGE_LOOP('',(#9194,#6812,#9197,#9198));
#9194=ORIENTED_EDGE('',*,*,#9195,.T.);
#9195=EDGE_CURVE('',#6741,#6808,#9196,.T.);
#9196=LINE('',#6742,#135);
#9197=ORIENTED_EDGE('',*,*,#9185,.F.);
#9198=ORIENTED_EDGE('',*,*,#6746,.F.);
#9199=PLANE('',#9200);
#9200=AXIS2_PLACEMENT_3D('',#6742,#8932,#6313);
#9201=ADVANCED_FACE('',(#9202),#9209,.F.);
#9202=FACE_BOUND('',#9203,.F.);
#9203=EDGE_LOOP('',(#9204,#6806,#9207,#9208));
#9204=ORIENTED_EDGE('',*,*,#9205,.T.);
#9205=EDGE_CURVE('',#6736,#6803,#9206,.T.);
#9206=LINE('',#6737,#135);
#9207=ORIENTED_EDGE('',*,*,#9195,.F.);
#9208=ORIENTED_EDGE('',*,*,#6740,.F.);
#9209=CYLINDRICAL_SURFACE('',#6744,1.E-01);
#9210=ADVANCED_FACE('',(#9211),#9218,.F.);
#9211=FACE_BOUND('',#9212,.F.);
#9212=EDGE_LOOP('',(#9213,#6801,#9216,#9217));
#9213=ORIENTED_EDGE('',*,*,#9214,.T.);
#9214=EDGE_CURVE('',#6731,#6798,#9215,.T.);
#9215=LINE('',#6732,#135);
#9216=ORIENTED_EDGE('',*,*,#9205,.F.);
#9217=ORIENTED_EDGE('',*,*,#6735,.F.);
#9218=PLANE('',#9219);
#9219=AXIS2_PLACEMENT_3D('',#6732,#840,#150);
#9220=ADVANCED_FACE('',(#9221),#9228,.F.);
#9221=FACE_BOUND('',#9222,.F.);
#9222=EDGE_LOOP('',(#9223,#6796,#9226,#9227));
#9223=ORIENTED_EDGE('',*,*,#9224,.T.);
#9224=EDGE_CURVE('',#6726,#6793,#9225,.T.);
#9225=LINE('',#6727,#135);
#9226=ORIENTED_EDGE('',*,*,#9214,.F.);
#9227=ORIENTED_EDGE('',*,*,#6730,.F.);
#9228=PLANE('',#9229);
#9229=AXIS2_PLACEMENT_3D('',#6727,#150,#13);
#9230=ADVANCED_FACE('',(#9231),#9238,.F.);
#9231=FACE_BOUND('',#9232,.F.);
#9232=EDGE_LOOP('',(#9233,#6791,#9236,#9237));
#9233=ORIENTED_EDGE('',*,*,#9234,.T.);
#9234=EDGE_CURVE('',#6719,#6786,#9235,.T.);
#9235=LINE('',#6720,#135);
#9236=ORIENTED_EDGE('',*,*,#9224,.F.);
#9237=ORIENTED_EDGE('',*,*,#6725,.F.);
#9238=PLANE('',#9239);
#9239=AXIS2_PLACEMENT_3D('',#6720,#13,#122);
#9240=ADVANCED_FACE('',(#9241),#9248,.T.);
#9241=FACE_BOUND('',#9242,.F.);
#9242=EDGE_LOOP('',(#9243,#6784,#9246,#9247));
#9243=ORIENTED_EDGE('',*,*,#9244,.T.);
#9244=EDGE_CURVE('',#6714,#6781,#9245,.T.);
#9245=LINE('',#6715,#135);
#9246=ORIENTED_EDGE('',*,*,#9234,.F.);
#9247=ORIENTED_EDGE('',*,*,#6718,.F.);
#9248=CYLINDRICAL_SURFACE('',#9249,0.2);
#9249=AXIS2_PLACEMENT_3D('',#6723,#14,#6285);
#9250=ADVANCED_FACE('',(#9251),#9256,.F.);
#9251=FACE_BOUND('',#9252,.F.);
#9252=EDGE_LOOP('',(#9253,#6779,#9254,#9255));
#9253=ORIENTED_EDGE('',*,*,#6772,.T.);
#9254=ORIENTED_EDGE('',*,*,#9244,.F.);
#9255=ORIENTED_EDGE('',*,*,#6713,.F.);
#9256=PLANE('',#9257);
#9257=AXIS2_PLACEMENT_3D('',#6708,#8990,#6277);
#9258=ADVANCED_FACE('',(#9259),#9268,.F.);
#9259=FACE_BOUND('',#9260,.F.);
#9260=EDGE_LOOP('',(#9261,#9262,#6968,#9265,#9266,#9267));
#9261=ORIENTED_EDGE('',*,*,#6901,.F.);
#9262=ORIENTED_EDGE('',*,*,#9263,.T.);
#9263=EDGE_CURVE('',#6897,#6964,#9264,.T.);
#9264=LINE('',#6838,#135);
#9265=ORIENTED_EDGE('',*,*,#6989,.T.);
#9266=ORIENTED_EDGE('',*,*,#7671,.F.);
#9267=ORIENTED_EDGE('',*,*,#6834,.F.);
#9268=PLANE('',#9269);
#9269=AXIS2_PLACEMENT_3D('',#6838,#840,#150);
#9270=ADVANCED_FACE('',(#9271),#9278,.T.);
#9271=FACE_BOUND('',#9272,.F.);
#9272=EDGE_LOOP('',(#9273,#6962,#9276,#9277));
#9273=ORIENTED_EDGE('',*,*,#9274,.T.);
#9274=EDGE_CURVE('',#6892,#6959,#9275,.T.);
#9275=LINE('',#6893,#135);
#9276=ORIENTED_EDGE('',*,*,#9263,.F.);
#9277=ORIENTED_EDGE('',*,*,#6896,.F.);
#9278=CYLINDRICAL_SURFACE('',#9279,0.2);
#9279=AXIS2_PLACEMENT_3D('',#6856,#14,#6319);
#9280=ADVANCED_FACE('',(#9281),#9288,.F.);
#9281=FACE_BOUND('',#9282,.F.);
#9282=EDGE_LOOP('',(#9283,#6957,#9286,#9287));
#9283=ORIENTED_EDGE('',*,*,#9284,.T.);
#9284=EDGE_CURVE('',#6886,#6953,#9285,.T.);
#9285=LINE('',#6887,#135);
#9286=ORIENTED_EDGE('',*,*,#9274,.F.);
#9287=ORIENTED_EDGE('',*,*,#6891,.F.);
#9288=PLANE('',#9289);
#9289=AXIS2_PLACEMENT_3D('',#6887,#8932,#6313);
#9290=ADVANCED_FACE('',(#9291),#9298,.F.);
#9291=FACE_BOUND('',#9292,.F.);
#9292=EDGE_LOOP('',(#9293,#6951,#9296,#9297));
#9293=ORIENTED_EDGE('',*,*,#9294,.T.);
#9294=EDGE_CURVE('',#6881,#6948,#9295,.T.);
#9295=LINE('',#6882,#135);
#9296=ORIENTED_EDGE('',*,*,#9284,.F.);
#9297=ORIENTED_EDGE('',*,*,#6885,.F.);
#9298=CYLINDRICAL_SURFACE('',#6889,1.E-01);
#9299=ADVANCED_FACE('',(#9300),#9307,.F.);
#9300=FACE_BOUND('',#9301,.F.);
#9301=EDGE_LOOP('',(#9302,#6946,#9305,#9306));
#9302=ORIENTED_EDGE('',*,*,#9303,.T.);
#9303=EDGE_CURVE('',#6876,#6943,#9304,.T.);
#9304=LINE('',#6877,#135);
#9305=ORIENTED_EDGE('',*,*,#9294,.F.);
#9306=ORIENTED_EDGE('',*,*,#6880,.F.);
#9307=PLANE('',#9308);
#9308=AXIS2_PLACEMENT_3D('',#6877,#840,#150);
#9309=ADVANCED_FACE('',(#9310),#9317,.F.);
#9310=FACE_BOUND('',#9311,.F.);
#9311=EDGE_LOOP('',(#9312,#6941,#9315,#9316));
#9312=ORIENTED_EDGE('',*,*,#9313,.T.);
#9313=EDGE_CURVE('',#6871,#6938,#9314,.T.);
#9314=LINE('',#6872,#135);
#9315=ORIENTED_EDGE('',*,*,#9303,.F.);
#9316=ORIENTED_EDGE('',*,*,#6875,.F.);
#9317=PLANE('',#9318);
#9318=AXIS2_PLACEMENT_3D('',#6872,#150,#13);
#9319=ADVANCED_FACE('',(#9320),#9327,.F.);
#9320=FACE_BOUND('',#9321,.F.);
#9321=EDGE_LOOP('',(#9322,#6936,#9325,#9326));
#9322=ORIENTED_EDGE('',*,*,#9323,.T.);
#9323=EDGE_CURVE('',#6864,#6931,#9324,.T.);
#9324=LINE('',#6865,#135);
#9325=ORIENTED_EDGE('',*,*,#9313,.F.);
#9326=ORIENTED_EDGE('',*,*,#6870,.F.);
#9327=PLANE('',#9328);
#9328=AXIS2_PLACEMENT_3D('',#6865,#13,#122);
#9329=ADVANCED_FACE('',(#9330),#9337,.T.);
#9330=FACE_BOUND('',#9331,.F.);
#9331=EDGE_LOOP('',(#9332,#6929,#9335,#9336));
#9332=ORIENTED_EDGE('',*,*,#9333,.T.);
#9333=EDGE_CURVE('',#6859,#6926,#9334,.T.);
#9334=LINE('',#6860,#135);
#9335=ORIENTED_EDGE('',*,*,#9323,.F.);
#9336=ORIENTED_EDGE('',*,*,#6863,.F.);
#9337=CYLINDRICAL_SURFACE('',#9338,0.2);
#9338=AXIS2_PLACEMENT_3D('',#6868,#14,#6285);
#9339=ADVANCED_FACE('',(#9340),#9345,.F.);
#9340=FACE_BOUND('',#9341,.F.);
#9341=EDGE_LOOP('',(#9342,#6924,#9343,#9344));
#9342=ORIENTED_EDGE('',*,*,#6917,.T.);
#9343=ORIENTED_EDGE('',*,*,#9333,.F.);
#9344=ORIENTED_EDGE('',*,*,#6858,.F.);
#9345=PLANE('',#9346);
#9346=AXIS2_PLACEMENT_3D('',#6853,#8990,#6277);
#9347=ADVANCED_FACE('',(#9348),#9357,.F.);
#9348=FACE_BOUND('',#9349,.F.);
#9349=EDGE_LOOP('',(#9350,#9351,#7113,#9354,#9355,#9356));
#9350=ORIENTED_EDGE('',*,*,#7046,.F.);
#9351=ORIENTED_EDGE('',*,*,#9352,.T.);
#9352=EDGE_CURVE('',#7042,#7109,#9353,.T.);
#9353=LINE('',#6983,#135);
#9354=ORIENTED_EDGE('',*,*,#7134,.T.);
#9355=ORIENTED_EDGE('',*,*,#7674,.F.);
#9356=ORIENTED_EDGE('',*,*,#6979,.F.);
#9357=PLANE('',#9358);
#9358=AXIS2_PLACEMENT_3D('',#6983,#840,#150);
#9359=ADVANCED_FACE('',(#9360),#9367,.T.);
#9360=FACE_BOUND('',#9361,.F.);
#9361=EDGE_LOOP('',(#9362,#7107,#9365,#9366));
#9362=ORIENTED_EDGE('',*,*,#9363,.T.);
#9363=EDGE_CURVE('',#7037,#7104,#9364,.T.);
#9364=LINE('',#7038,#135);
#9365=ORIENTED_EDGE('',*,*,#9352,.F.);
#9366=ORIENTED_EDGE('',*,*,#7041,.F.);
#9367=CYLINDRICAL_SURFACE('',#9368,0.2);
#9368=AXIS2_PLACEMENT_3D('',#7001,#14,#6319);
#9369=ADVANCED_FACE('',(#9370),#9377,.F.);
#9370=FACE_BOUND('',#9371,.F.);
#9371=EDGE_LOOP('',(#9372,#7102,#9375,#9376));
#9372=ORIENTED_EDGE('',*,*,#9373,.T.);
#9373=EDGE_CURVE('',#7031,#7098,#9374,.T.);
#9374=LINE('',#7032,#135);
#9375=ORIENTED_EDGE('',*,*,#9363,.F.);
#9376=ORIENTED_EDGE('',*,*,#7036,.F.);
#9377=PLANE('',#9378);
#9378=AXIS2_PLACEMENT_3D('',#7032,#8932,#6313);
#9379=ADVANCED_FACE('',(#9380),#9387,.F.);
#9380=FACE_BOUND('',#9381,.F.);
#9381=EDGE_LOOP('',(#9382,#7096,#9385,#9386));
#9382=ORIENTED_EDGE('',*,*,#9383,.T.);
#9383=EDGE_CURVE('',#7026,#7093,#9384,.T.);
#9384=LINE('',#7027,#135);
#9385=ORIENTED_EDGE('',*,*,#9373,.F.);
#9386=ORIENTED_EDGE('',*,*,#7030,.F.);
#9387=CYLINDRICAL_SURFACE('',#7034,1.E-01);
#9388=ADVANCED_FACE('',(#9389),#9396,.F.);
#9389=FACE_BOUND('',#9390,.F.);
#9390=EDGE_LOOP('',(#9391,#7091,#9394,#9395));
#9391=ORIENTED_EDGE('',*,*,#9392,.T.);
#9392=EDGE_CURVE('',#7021,#7088,#9393,.T.);
#9393=LINE('',#7022,#135);
#9394=ORIENTED_EDGE('',*,*,#9383,.F.);
#9395=ORIENTED_EDGE('',*,*,#7025,.F.);
#9396=PLANE('',#9397);
#9397=AXIS2_PLACEMENT_3D('',#7022,#840,#150);
#9398=ADVANCED_FACE('',(#9399),#9406,.F.);
#9399=FACE_BOUND('',#9400,.F.);
#9400=EDGE_LOOP('',(#9401,#7086,#9404,#9405));
#9401=ORIENTED_EDGE('',*,*,#9402,.T.);
#9402=EDGE_CURVE('',#7016,#7083,#9403,.T.);
#9403=LINE('',#7017,#135);
#9404=ORIENTED_EDGE('',*,*,#9392,.F.);
#9405=ORIENTED_EDGE('',*,*,#7020,.F.);
#9406=PLANE('',#9407);
#9407=AXIS2_PLACEMENT_3D('',#7017,#150,#13);
#9408=ADVANCED_FACE('',(#9409),#9416,.F.);
#9409=FACE_BOUND('',#9410,.F.);
#9410=EDGE_LOOP('',(#9411,#7081,#9414,#9415));
#9411=ORIENTED_EDGE('',*,*,#9412,.T.);
#9412=EDGE_CURVE('',#7009,#7076,#9413,.T.);
#9413=LINE('',#7010,#135);
#9414=ORIENTED_EDGE('',*,*,#9402,.F.);
#9415=ORIENTED_EDGE('',*,*,#7015,.F.);
#9416=PLANE('',#9417);
#9417=AXIS2_PLACEMENT_3D('',#7010,#13,#122);
#9418=ADVANCED_FACE('',(#9419),#9426,.T.);
#9419=FACE_BOUND('',#9420,.F.);
#9420=EDGE_LOOP('',(#9421,#7074,#9424,#9425));
#9421=ORIENTED_EDGE('',*,*,#9422,.T.);
#9422=EDGE_CURVE('',#7004,#7071,#9423,.T.);
#9423=LINE('',#7005,#135);
#9424=ORIENTED_EDGE('',*,*,#9412,.F.);
#9425=ORIENTED_EDGE('',*,*,#7008,.F.);
#9426=CYLINDRICAL_SURFACE('',#9427,0.2);
#9427=AXIS2_PLACEMENT_3D('',#7013,#14,#6285);
#9428=ADVANCED_FACE('',(#9429),#9434,.F.);
#9429=FACE_BOUND('',#9430,.F.);
#9430=EDGE_LOOP('',(#9431,#7069,#9432,#9433));
#9431=ORIENTED_EDGE('',*,*,#7062,.T.);
#9432=ORIENTED_EDGE('',*,*,#9422,.F.);
#9433=ORIENTED_EDGE('',*,*,#7003,.F.);
#9434=PLANE('',#9435);
#9435=AXIS2_PLACEMENT_3D('',#6998,#8990,#6277);
#9436=ADVANCED_FACE('',(#9437),#9446,.F.);
#9437=FACE_BOUND('',#9438,.F.);
#9438=EDGE_LOOP('',(#9439,#9440,#7258,#9443,#9444,#9445));
#9439=ORIENTED_EDGE('',*,*,#7191,.F.);
#9440=ORIENTED_EDGE('',*,*,#9441,.T.);
#9441=EDGE_CURVE('',#7187,#7254,#9442,.T.);
#9442=LINE('',#7128,#135);
#9443=ORIENTED_EDGE('',*,*,#7279,.T.);
#9444=ORIENTED_EDGE('',*,*,#7677,.F.);
#9445=ORIENTED_EDGE('',*,*,#7124,.F.);
#9446=PLANE('',#9447);
#9447=AXIS2_PLACEMENT_3D('',#7128,#840,#150);
#9448=ADVANCED_FACE('',(#9449),#9456,.T.);
#9449=FACE_BOUND('',#9450,.F.);
#9450=EDGE_LOOP('',(#9451,#7252,#9454,#9455));
#9451=ORIENTED_EDGE('',*,*,#9452,.T.);
#9452=EDGE_CURVE('',#7182,#7249,#9453,.T.);
#9453=LINE('',#7183,#135);
#9454=ORIENTED_EDGE('',*,*,#9441,.F.);
#9455=ORIENTED_EDGE('',*,*,#7186,.F.);
#9456=CYLINDRICAL_SURFACE('',#9457,0.2);
#9457=AXIS2_PLACEMENT_3D('',#7146,#14,#6319);
#9458=ADVANCED_FACE('',(#9459),#9466,.F.);
#9459=FACE_BOUND('',#9460,.F.);
#9460=EDGE_LOOP('',(#9461,#7247,#9464,#9465));
#9461=ORIENTED_EDGE('',*,*,#9462,.T.);
#9462=EDGE_CURVE('',#7176,#7243,#9463,.T.);
#9463=LINE('',#7177,#135);
#9464=ORIENTED_EDGE('',*,*,#9452,.F.);
#9465=ORIENTED_EDGE('',*,*,#7181,.F.);
#9466=PLANE('',#9467);
#9467=AXIS2_PLACEMENT_3D('',#7177,#8932,#6313);
#9468=ADVANCED_FACE('',(#9469),#9476,.F.);
#9469=FACE_BOUND('',#9470,.F.);
#9470=EDGE_LOOP('',(#9471,#7241,#9474,#9475));
#9471=ORIENTED_EDGE('',*,*,#9472,.T.);
#9472=EDGE_CURVE('',#7171,#7238,#9473,.T.);
#9473=LINE('',#7172,#135);
#9474=ORIENTED_EDGE('',*,*,#9462,.F.);
#9475=ORIENTED_EDGE('',*,*,#7175,.F.);
#9476=CYLINDRICAL_SURFACE('',#7179,1.E-01);
#9477=ADVANCED_FACE('',(#9478),#9485,.F.);
#9478=FACE_BOUND('',#9479,.F.);
#9479=EDGE_LOOP('',(#9480,#7236,#9483,#9484));
#9480=ORIENTED_EDGE('',*,*,#9481,.T.);
#9481=EDGE_CURVE('',#7166,#7233,#9482,.T.);
#9482=LINE('',#7167,#135);
#9483=ORIENTED_EDGE('',*,*,#9472,.F.);
#9484=ORIENTED_EDGE('',*,*,#7170,.F.);
#9485=PLANE('',#9486);
#9486=AXIS2_PLACEMENT_3D('',#7167,#840,#150);
#9487=ADVANCED_FACE('',(#9488),#9495,.F.);
#9488=FACE_BOUND('',#9489,.F.);
#9489=EDGE_LOOP('',(#9490,#7231,#9493,#9494));
#9490=ORIENTED_EDGE('',*,*,#9491,.T.);
#9491=EDGE_CURVE('',#7161,#7228,#9492,.T.);
#9492=LINE('',#7162,#135);
#9493=ORIENTED_EDGE('',*,*,#9481,.F.);
#9494=ORIENTED_EDGE('',*,*,#7165,.F.);
#9495=PLANE('',#9496);
#9496=AXIS2_PLACEMENT_3D('',#7162,#150,#13);
#9497=ADVANCED_FACE('',(#9498),#9505,.F.);
#9498=FACE_BOUND('',#9499,.F.);
#9499=EDGE_LOOP('',(#9500,#7226,#9503,#9504));
#9500=ORIENTED_EDGE('',*,*,#9501,.T.);
#9501=EDGE_CURVE('',#7154,#7221,#9502,.T.);
#9502=LINE('',#7155,#135);
#9503=ORIENTED_EDGE('',*,*,#9491,.F.);
#9504=ORIENTED_EDGE('',*,*,#7160,.F.);
#9505=PLANE('',#9506);
#9506=AXIS2_PLACEMENT_3D('',#7155,#13,#122);
#9507=ADVANCED_FACE('',(#9508),#9515,.T.);
#9508=FACE_BOUND('',#9509,.F.);
#9509=EDGE_LOOP('',(#9510,#7219,#9513,#9514));
#9510=ORIENTED_EDGE('',*,*,#9511,.T.);
#9511=EDGE_CURVE('',#7149,#7216,#9512,.T.);
#9512=LINE('',#7150,#135);
#9513=ORIENTED_EDGE('',*,*,#9501,.F.);
#9514=ORIENTED_EDGE('',*,*,#7153,.F.);
#9515=CYLINDRICAL_SURFACE('',#9516,0.2);
#9516=AXIS2_PLACEMENT_3D('',#7158,#14,#6285);
#9517=ADVANCED_FACE('',(#9518),#9523,.F.);
#9518=FACE_BOUND('',#9519,.F.);
#9519=EDGE_LOOP('',(#9520,#7214,#9521,#9522));
#9520=ORIENTED_EDGE('',*,*,#7207,.T.);
#9521=ORIENTED_EDGE('',*,*,#9511,.F.);
#9522=ORIENTED_EDGE('',*,*,#7148,.F.);
#9523=PLANE('',#9524);
#9524=AXIS2_PLACEMENT_3D('',#7143,#8990,#6277);
#9525=ADVANCED_FACE('',(#9526),#9533,.T.);
#9526=FACE_BOUND('',#9527,.F.);
#9527=EDGE_LOOP('',(#9528,#7397,#9531,#9532));
#9528=ORIENTED_EDGE('',*,*,#9529,.T.);
#9529=EDGE_CURVE('',#7327,#7394,#9530,.T.);
#9530=LINE('',#7328,#135);
#9531=ORIENTED_EDGE('',*,*,#7646,.F.);
#9532=ORIENTED_EDGE('',*,*,#7331,.F.);
#9533=CYLINDRICAL_SURFACE('',#9534,0.2);
#9534=AXIS2_PLACEMENT_3D('',#7291,#14,#6319);
#9535=ADVANCED_FACE('',(#9536),#9543,.F.);
#9536=FACE_BOUND('',#9537,.F.);
#9537=EDGE_LOOP('',(#9538,#7392,#9541,#9542));
#9538=ORIENTED_EDGE('',*,*,#9539,.T.);
#9539=EDGE_CURVE('',#7321,#7388,#9540,.T.);
#9540=LINE('',#7322,#135);
#9541=ORIENTED_EDGE('',*,*,#9529,.F.);
#9542=ORIENTED_EDGE('',*,*,#7326,.F.);
#9543=PLANE('',#9544);
#9544=AXIS2_PLACEMENT_3D('',#7322,#8932,#6313);
#9545=ADVANCED_FACE('',(#9546),#9553,.F.);
#9546=FACE_BOUND('',#9547,.F.);
#9547=EDGE_LOOP('',(#9548,#7386,#9551,#9552));
#9548=ORIENTED_EDGE('',*,*,#9549,.T.);
#9549=EDGE_CURVE('',#7316,#7383,#9550,.T.);
#9550=LINE('',#7317,#135);
#9551=ORIENTED_EDGE('',*,*,#9539,.F.);
#9552=ORIENTED_EDGE('',*,*,#7320,.F.);
#9553=CYLINDRICAL_SURFACE('',#7324,1.E-01);
#9554=ADVANCED_FACE('',(#9555),#9562,.F.);
#9555=FACE_BOUND('',#9556,.F.);
#9556=EDGE_LOOP('',(#9557,#7381,#9560,#9561));
#9557=ORIENTED_EDGE('',*,*,#9558,.T.);
#9558=EDGE_CURVE('',#7311,#7378,#9559,.T.);
#9559=LINE('',#7312,#135);
#9560=ORIENTED_EDGE('',*,*,#9549,.F.);
#9561=ORIENTED_EDGE('',*,*,#7315,.F.);
#9562=PLANE('',#9563);
#9563=AXIS2_PLACEMENT_3D('',#7312,#840,#150);
#9564=ADVANCED_FACE('',(#9565),#9572,.F.);
#9565=FACE_BOUND('',#9566,.F.);
#9566=EDGE_LOOP('',(#9567,#7376,#9570,#9571));
#9567=ORIENTED_EDGE('',*,*,#9568,.T.);
#9568=EDGE_CURVE('',#7306,#7373,#9569,.T.);
#9569=LINE('',#7307,#135);
#9570=ORIENTED_EDGE('',*,*,#9558,.F.);
#9571=ORIENTED_EDGE('',*,*,#7310,.F.);
#9572=PLANE('',#9573);
#9573=AXIS2_PLACEMENT_3D('',#7307,#150,#13);
#9574=ADVANCED_FACE('',(#9575),#9582,.F.);
#9575=FACE_BOUND('',#9576,.F.);
#9576=EDGE_LOOP('',(#9577,#7371,#9580,#9581));
#9577=ORIENTED_EDGE('',*,*,#9578,.T.);
#9578=EDGE_CURVE('',#7299,#7366,#9579,.T.);
#9579=LINE('',#7300,#135);
#9580=ORIENTED_EDGE('',*,*,#9568,.F.);
#9581=ORIENTED_EDGE('',*,*,#7305,.F.);
#9582=PLANE('',#9583);
#9583=AXIS2_PLACEMENT_3D('',#7300,#13,#122);
#9584=ADVANCED_FACE('',(#9585),#9592,.T.);
#9585=FACE_BOUND('',#9586,.F.);
#9586=EDGE_LOOP('',(#9587,#7364,#9590,#9591));
#9587=ORIENTED_EDGE('',*,*,#9588,.T.);
#9588=EDGE_CURVE('',#7294,#7361,#9589,.T.);
#9589=LINE('',#7295,#135);
#9590=ORIENTED_EDGE('',*,*,#9578,.F.);
#9591=ORIENTED_EDGE('',*,*,#7298,.F.);
#9592=CYLINDRICAL_SURFACE('',#9593,0.2);
#9593=AXIS2_PLACEMENT_3D('',#7303,#14,#6285);
#9594=ADVANCED_FACE('',(#9595),#9600,.F.);
#9595=FACE_BOUND('',#9596,.F.);
#9596=EDGE_LOOP('',(#9597,#7359,#9598,#9599));
#9597=ORIENTED_EDGE('',*,*,#7352,.T.);
#9598=ORIENTED_EDGE('',*,*,#9588,.F.);
#9599=ORIENTED_EDGE('',*,*,#7293,.F.);
#9600=PLANE('',#9601);
#9601=AXIS2_PLACEMENT_3D('',#7288,#8990,#6277);
#9602=ADVANCED_FACE('',(#9603),#9606,.F.);
#9603=FACE_BOUND('',#9604,.T.);
#9604=EDGE_LOOP('',(#9605));
#9605=ORIENTED_EDGE('',*,*,#7520,.F.);
#9606=PLANE('',#7524);
#9607=( GEOMETRIC_REPRESENTATION_CONTEXT(3) GLOBAL_UNCERTAINTY_ASSIGNED_CONTEXT((#9611)) GLOBAL_UNIT_ASSIGNED_CONTEXT((#9608,#9609,#9610)) REPRESENTATION_CONTEXT('Context #1','3D Context with UNIT and UNCERTAINTY') );
#9608=( LENGTH_UNIT() NAMED_UNIT(*) SI_UNIT(.MILLI.,.METRE.) );
#9609=( NAMED_UNIT(*) PLANE_ANGLE_UNIT() SI_UNIT($,.RADIAN.) );
#9610=( NAMED_UNIT(*) SI_UNIT($,.STERADIAN.) SOLID_ANGLE_UNIT() );
#9611=UNCERTAINTY_MEASURE_WITH_UNIT(LENGTH_MEASURE(1.E-07),#9608,'distance_accuracy_value','confusion accuracy');
#9612=MECHANICAL_DESIGN_GEOMETRIC_PRESENTATION_REPRESENTATION('',(#9613,#9623,#9624,#9625,#9626,#9635,#9636,#9637,#9638,#9639,#9640,#9641,#9642,#9643,#9644,#9645,#9646,#9647,#9648,#9649,#9650,#9651,#9652,#9653,#9654,#9655,#9656,#9657,#9658,#9659,#9660,#9661,#9662,#9663,#9664,#9665,#9666,#9667,#9668,#9669,#9670,#9671,#9672,#9673,#9674,#9675,#9676,#9677,#9678,#9679,#9680,#9681,#9682,#9683,#9684,#9685,#9686,#9687,#9688,#9689,#9690,#9691,#9692,#9693,#9694,#9695,#9696,#9697,#9698,#9699,#9700,#9701,#9702,#9703,#9704,#9705,#9706,#9707,#9708,#9709,#9710,#9711,#9712,#9713,#9714,#9715,#9716,#9717,#9718,#9719,#9720,#9721,#9722,#9723,#9724,#9725,#9726,#9727,#9728,#9729,#9730,#9731,#9732,#9733,#9734,#9735,#9736,#9737,#9738,#9739,#9740,#9741,#9742,#9743,#9744,#9745,#9746,#9747,#9748,#9749,#9750,#9751,#9752,#9753,#9754,#9755,#9756,#9757,#9758,#9759,#9760,#9761,#9762,#9763,#9764,#9765,#9766,#9767,#9768,#9769,#9770,#9771,#9772,#9773,#9774,#9775,#9776,#9777,#9778,#9779,#9780,#9781,#9782,#9783,#9784,#9785,#9786,#9787,#9788,#9789,#9790,#9791,#9792,#9793,#9794,#9795,#9796,#9797,#9798,#9799,#9800,#9801,#9802,#9803,#9804,#9805,#9806,#9807,#9808,#9809,#9810,#9811,#9812,#9813,#9814,#9815,#9816,#9817,#9818,#9819,#9820,#9821,#9822,#9823,#9824,#9825,#9826,#9827,#9828,#9829,#9830,#9831,#9832,#9833,#9834,#9835,#9836,#9837,#9838,#9839,#9840,#9841,#9842,#9843,#9844,#9845,#9846,#9847,#9848,#9849,#9850,#9851,#9852,#9853,#9854,#9855,#9856,#9857,#9858,#9859,#9860,#9861,#9862,#9863,#9864,#9865,#9866,#9867,#9868,#9869,#9870,#9871,#9872,#9873,#9874,#9875,#9876,#9877,#9878,#9879,#9880,#9881,#9882,#9883,#9884,#9885,#9886,#9887,#9888,#9889,#9890,#9891,#9892,#9893,#9894,#9895,#9896,#9897,#9898,#9899,#9900,#9901,#9902,#9903,#9904,#9905,#9906,#9907,#9908,#9909,#9910,#9911,#9912,#9913,#9914,#9915,#9916,#9917,#9918,#9919,#9920,#9921,#9922,#9923,#9924,#9925,#9926,#9927,#9928,#9929,#9930,#9931,#9932,#9933,#9934,#9935,#9936,#9937,#9938,#9939,#9940,#9941,#9942,#9943,#9944,#9945,#9946,#9947,#9948,#9949,#9950,#9951,#9952,#9953,#9954,#9955,#9956,#9957,#9958,#9959,#9960,#9961,#9962,#9963,#9964,#9965,#9966,#9967,#9968,#9969,#9970,#9971,#9972,#9973,#9974,#9975,#9976,#9977,#9978,#9979,#9980,#9981,#9982,#9983,#9984,#9985,#9986,#9987,#9988,#9989,#9990,#9991,#9992,#9993,#9994,#9995,#9996,#9997,#9998,#9999,#10000,#10001,#10002,#10003,#10004,#10005,#10006,#10007,#10008,#10009,#10010,#10011,#10012,#10013,#10014,#10015,#10016,#10017,#10018,#10019,#10020,#10021,#10022,#10023,#10024,#10025,#10026,#10027,#10028,#10029,#10030,#10031,#10032,#10033,#10034,#10035,#10036,#10037,#10038,#10039,#10040,#10041,#10042,#10043,#10044,#10045,#10046,#10047,#10048,#10049,#10050,#10051,#10052,#10053,#10054,#10055,#10056,#10057,#10058,#10059,#10060,#10061,#10062,#10063,#10064,#10065,#10066,#10067,#10068,#10069,#10070,#10071,#10072,#10073,#10074,#10075,#10076,#10077,#10078,#10079,#10080,#10081,#10082,#10083,#10084,#10085,#10086,#10087,#10088,#10089,#10090,#10091,#10092,#10093,#10094,#10095,#10096,#10097,#10098,#10099,#10100,#10101,#10102,#10103,#10104,#10105,#10106,#10107,#10108,#10109,#10110,#10111,#10112,#10113,#10114,#10115,#10116,#10117,#10118,#10119,#10120,#10121,#10122,#10123,#10124,#10125,#10126,#10127,#10128,#10129,#10130,#10131,#10132,#10133,#10134,#10135,#10136),#9607);
#9613=STYLED_ITEM('color',(#9614),#17);
#9614=PRESENTATION_STYLE_ASSIGNMENT((#9615,#9621));
#9615=SURFACE_STYLE_USAGE(.BOTH.,#9616);
#9616=SURFACE_SIDE_STYLE('',(#9617));
#9617=SURFACE_STYLE_FILL_AREA(#9618);
#9618=FILL_AREA_STYLE('',(#9619));
#9619=FILL_AREA_STYLE_COLOUR('',#9620);
#9620=COLOUR_RGB('',0.147999998088,0.145000001626,0.145000001626);
#9621=CURVE_STYLE('',#9622,POSITIVE_LENGTH_MEASURE(0.1),#9620);
#9622=DRAUGHTING_PRE_DEFINED_CURVE_FONT('continuous');
#9623=STYLED_ITEM('color',(#9614),#106);
#9624=STYLED_ITEM('color',(#9614),#159);
#9625=STYLED_ITEM('color',(#9614),#172);
#9626=STYLED_ITEM('color',(#9627),#193);
#9627=PRESENTATION_STYLE_ASSIGNMENT((#9628,#9634));
#9628=SURFACE_STYLE_USAGE(.BOTH.,#9629);
#9629=SURFACE_SIDE_STYLE('',(#9630));
#9630=SURFACE_STYLE_FILL_AREA(#9631);
#9631=FILL_AREA_STYLE('',(#9632));
#9632=FILL_AREA_STYLE_COLOUR('',#9633);
#9633=COLOUR_RGB('',0.823999987314,0.819999987296,0.781000009244);
#9634=CURVE_STYLE('',#9622,POSITIVE_LENGTH_MEASURE(0.1),#9633);
#9635=STYLED_ITEM('color',(#9614),#214);
#9636=STYLED_ITEM('color',(#9627),#232);
#9637=STYLED_ITEM('color',(#9614),#253);
#9638=STYLED_ITEM('color',(#9627),#271);
#9639=STYLED_ITEM('color',(#9614),#292);
#9640=STYLED_ITEM('color',(#9627),#310);
#9641=STYLED_ITEM('color',(#9614),#331);
#9642=STYLED_ITEM('color',(#9627),#349);
#9643=STYLED_ITEM('color',(#9614),#370);
#9644=STYLED_ITEM('color',(#9627),#388);
#9645=STYLED_ITEM('color',(#9614),#409);
#9646=STYLED_ITEM('color',(#9627),#427);
#9647=STYLED_ITEM('color',(#9614),#448);
#9648=STYLED_ITEM('color',(#9627),#466);
#9649=STYLED_ITEM('color',(#9614),#487);
#9650=STYLED_ITEM('color',(#9614),#504);
#9651=STYLED_ITEM('color',(#9614),#517);
#9652=STYLED_ITEM('color',(#9614),#594);
#9653=STYLED_ITEM('color',(#9614),#671);
#9654=STYLED_ITEM('color',(#9614),#684);
#9655=STYLED_ITEM('color',(#9614),#697);
#9656=STYLED_ITEM('color',(#9614),#770);
#9657=STYLED_ITEM('color',(#9614),#785);
#9658=STYLED_ITEM('color',(#9614),#800);
#9659=STYLED_ITEM('color',(#9627),#841);
#9660=STYLED_ITEM('color',(#9627),#907);
#9661=STYLED_ITEM('color',(#9627),#923);
#9662=STYLED_ITEM('color',(#9614),#976);
#9663=STYLED_ITEM('color',(#9627),#992);
#9664=STYLED_ITEM('color',(#9627),#1052);
#9665=STYLED_ITEM('color',(#9627),#1068);
#9666=STYLED_ITEM('color',(#9614),#1121);
#9667=STYLED_ITEM('color',(#9627),#1137);
#9668=STYLED_ITEM('color',(#9627),#1197);
#9669=STYLED_ITEM('color',(#9627),#1213);
#9670=STYLED_ITEM('color',(#9614),#1266);
#9671=STYLED_ITEM('color',(#9627),#1282);
#9672=STYLED_ITEM('color',(#9627),#1342);
#9673=STYLED_ITEM('color',(#9627),#1358);
#9674=STYLED_ITEM('color',(#9614),#1411);
#9675=STYLED_ITEM('color',(#9627),#1427);
#9676=STYLED_ITEM('color',(#9627),#1487);
#9677=STYLED_ITEM('color',(#9627),#1503);
#9678=STYLED_ITEM('color',(#9614),#1556);
#9679=STYLED_ITEM('color',(#9627),#1572);
#9680=STYLED_ITEM('color',(#9627),#1632);
#9681=STYLED_ITEM('color',(#9627),#1648);
#9682=STYLED_ITEM('color',(#9614),#1701);
#9683=STYLED_ITEM('color',(#9627),#1717);
#9684=STYLED_ITEM('color',(#9627),#1777);
#9685=STYLED_ITEM('color',(#9627),#1793);
#9686=STYLED_ITEM('color',(#9614),#1846);
#9687=STYLED_ITEM('color',(#9627),#1862);
#9688=STYLED_ITEM('color',(#9627),#1922);
#9689=STYLED_ITEM('color',(#9627),#1938);
#9690=STYLED_ITEM('color',(#9614),#1991);
#9691=STYLED_ITEM('color',(#9614),#2023);
#9692=STYLED_ITEM('color',(#9627),#2041);
#9693=STYLED_ITEM('color',(#9614),#2062);
#9694=STYLED_ITEM('color',(#9627),#2080);
#9695=STYLED_ITEM('color',(#9614),#2101);
#9696=STYLED_ITEM('color',(#9627),#2119);
#9697=STYLED_ITEM('color',(#9614),#2140);
#9698=STYLED_ITEM('color',(#9627),#2158);
#9699=STYLED_ITEM('color',(#9614),#2179);
#9700=STYLED_ITEM('color',(#9627),#2197);
#9701=STYLED_ITEM('color',(#9614),#2218);
#9702=STYLED_ITEM('color',(#9627),#2236);
#9703=STYLED_ITEM('color',(#9614),#2257);
#9704=STYLED_ITEM('color',(#9627),#2275);
#9705=STYLED_ITEM('color',(#9614),#2296);
#9706=STYLED_ITEM('color',(#9627),#2314);
#9707=STYLED_ITEM('color',(#9614),#2335);
#9708=STYLED_ITEM('color',(#9614),#2345);
#9709=STYLED_ITEM('color',(#9627),#2357);
#9710=STYLED_ITEM('color',(#9614),#2378);
#9711=STYLED_ITEM('color',(#9627),#2396);
#9712=STYLED_ITEM('color',(#9614),#2417);
#9713=STYLED_ITEM('color',(#9627),#2435);
#9714=STYLED_ITEM('color',(#9614),#2456);
#9715=STYLED_ITEM('color',(#9627),#2474);
#9716=STYLED_ITEM('color',(#9614),#2495);
#9717=STYLED_ITEM('color',(#9627),#2513);
#9718=STYLED_ITEM('color',(#9614),#2534);
#9719=STYLED_ITEM('color',(#9627),#2552);
#9720=STYLED_ITEM('color',(#9614),#2573);
#9721=STYLED_ITEM('color',(#9627),#2591);
#9722=STYLED_ITEM('color',(#9614),#2612);
#9723=STYLED_ITEM('color',(#9627),#2630);
#9724=STYLED_ITEM('color',(#9614),#2651);
#9725=STYLED_ITEM('color',(#9614),#2668);
#9726=STYLED_ITEM('color',(#9614),#2683);
#9727=STYLED_ITEM('color',(#9614),#2698);
#9728=STYLED_ITEM('color',(#9627),#2714);
#9729=STYLED_ITEM('color',(#9614),#2735);
#9730=STYLED_ITEM('color',(#9627),#2753);
#9731=STYLED_ITEM('color',(#9614),#2774);
#9732=STYLED_ITEM('color',(#9627),#2792);
#9733=STYLED_ITEM('color',(#9614),#2813);
#9734=STYLED_ITEM('color',(#9627),#2831);
#9735=STYLED_ITEM('color',(#9614),#2852);
#9736=STYLED_ITEM('color',(#9627),#2870);
#9737=STYLED_ITEM('color',(#9614),#2891);
#9738=STYLED_ITEM('color',(#9627),#2909);
#9739=STYLED_ITEM('color',(#9614),#2930);
#9740=STYLED_ITEM('color',(#9627),#2948);
#9741=STYLED_ITEM('color',(#9614),#2969);
#9742=STYLED_ITEM('color',(#9627),#2987);
#9743=STYLED_ITEM('color',(#9614),#3008);
#9744=STYLED_ITEM('color',(#9627),#3021);
#9745=STYLED_ITEM('color',(#9614),#3044);
#9746=STYLED_ITEM('color',(#9614),#3122);
#9747=STYLED_ITEM('color',(#9614),#3136);
#9748=STYLED_ITEM('color',(#9627),#3174);
#9749=STYLED_ITEM('color',(#9627),#3186);
#9750=STYLED_ITEM('color',(#9627),#3196);
#9751=STYLED_ITEM('color',(#9627),#3207);
#9752=STYLED_ITEM('color',(#9627),#3216);
#9753=STYLED_ITEM('color',(#9627),#3226);
#9754=STYLED_ITEM('color',(#9627),#3236);
#9755=STYLED_ITEM('color',(#9627),#3246);
#9756=STYLED_ITEM('color',(#9627),#3256);
#9757=STYLED_ITEM('color',(#9627),#3265);
#9758=STYLED_ITEM('color',(#9627),#3277);
#9759=STYLED_ITEM('color',(#9627),#3287);
#9760=STYLED_ITEM('color',(#9627),#3297);
#9761=STYLED_ITEM('color',(#9627),#3306);
#9762=STYLED_ITEM('color',(#9627),#3316);
#9763=STYLED_ITEM('color',(#9627),#3326);
#9764=STYLED_ITEM('color',(#9627),#3336);
#9765=STYLED_ITEM('color',(#9627),#3346);
#9766=STYLED_ITEM('color',(#9627),#3354);
#9767=STYLED_ITEM('color',(#9627),#3366);
#9768=STYLED_ITEM('color',(#9627),#3376);
#9769=STYLED_ITEM('color',(#9627),#3386);
#9770=STYLED_ITEM('color',(#9627),#3395);
#9771=STYLED_ITEM('color',(#9627),#3405);
#9772=STYLED_ITEM('color',(#9627),#3415);
#9773=STYLED_ITEM('color',(#9627),#3425);
#9774=STYLED_ITEM('color',(#9627),#3435);
#9775=STYLED_ITEM('color',(#9627),#3443);
#9776=STYLED_ITEM('color',(#9627),#3455);
#9777=STYLED_ITEM('color',(#9627),#3465);
#9778=STYLED_ITEM('color',(#9627),#3475);
#9779=STYLED_ITEM('color',(#9627),#3484);
#9780=STYLED_ITEM('color',(#9627),#3494);
#9781=STYLED_ITEM('color',(#9627),#3504);
#9782=STYLED_ITEM('color',(#9627),#3514);
#9783=STYLED_ITEM('color',(#9627),#3524);
#9784=STYLED_ITEM('color',(#9627),#3532);
#9785=STYLED_ITEM('color',(#9627),#3544);
#9786=STYLED_ITEM('color',(#9627),#3554);
#9787=STYLED_ITEM('color',(#9627),#3564);
#9788=STYLED_ITEM('color',(#9627),#3573);
#9789=STYLED_ITEM('color',(#9627),#3583);
#9790=STYLED_ITEM('color',(#9627),#3593);
#9791=STYLED_ITEM('color',(#9627),#3603);
#9792=STYLED_ITEM('color',(#9627),#3613);
#9793=STYLED_ITEM('color',(#9627),#3621);
#9794=STYLED_ITEM('color',(#9627),#3633);
#9795=STYLED_ITEM('color',(#9627),#3643);
#9796=STYLED_ITEM('color',(#9627),#3653);
#9797=STYLED_ITEM('color',(#9627),#3662);
#9798=STYLED_ITEM('color',(#9627),#3672);
#9799=STYLED_ITEM('color',(#9627),#3682);
#9800=STYLED_ITEM('color',(#9627),#3692);
#9801=STYLED_ITEM('color',(#9627),#3702);
#9802=STYLED_ITEM('color',(#9627),#3710);
#9803=STYLED_ITEM('color',(#9627),#3722);
#9804=STYLED_ITEM('color',(#9627),#3732);
#9805=STYLED_ITEM('color',(#9627),#3742);
#9806=STYLED_ITEM('color',(#9627),#3751);
#9807=STYLED_ITEM('color',(#9627),#3761);
#9808=STYLED_ITEM('color',(#9627),#3771);
#9809=STYLED_ITEM('color',(#9627),#3781);
#9810=STYLED_ITEM('color',(#9627),#3791);
#9811=STYLED_ITEM('color',(#9627),#3799);
#9812=STYLED_ITEM('color',(#9627),#3811);
#9813=STYLED_ITEM('color',(#9627),#3821);
#9814=STYLED_ITEM('color',(#9627),#3831);
#9815=STYLED_ITEM('color',(#9627),#3840);
#9816=STYLED_ITEM('color',(#9627),#3850);
#9817=STYLED_ITEM('color',(#9627),#3860);
#9818=STYLED_ITEM('color',(#9627),#3870);
#9819=STYLED_ITEM('color',(#9627),#3880);
#9820=STYLED_ITEM('color',(#9614),#3888);
#9821=STYLED_ITEM('color',(#9614),#3902);
#9822=STYLED_ITEM('color',(#9627),#3980);
#9823=STYLED_ITEM('color',(#9614),#4000);
#9824=STYLED_ITEM('color',(#9627),#4026);
#9825=STYLED_ITEM('color',(#9627),#4092);
#9826=STYLED_ITEM('color',(#9627),#4108);
#9827=STYLED_ITEM('color',(#9614),#4161);
#9828=STYLED_ITEM('color',(#9627),#4172);
#9829=STYLED_ITEM('color',(#9627),#4232);
#9830=STYLED_ITEM('color',(#9627),#4248);
#9831=STYLED_ITEM('color',(#9614),#4301);
#9832=STYLED_ITEM('color',(#9627),#4312);
#9833=STYLED_ITEM('color',(#9627),#4372);
#9834=STYLED_ITEM('color',(#9627),#4388);
#9835=STYLED_ITEM('color',(#9614),#4441);
#9836=STYLED_ITEM('color',(#9627),#4452);
#9837=STYLED_ITEM('color',(#9627),#4512);
#9838=STYLED_ITEM('color',(#9627),#4528);
#9839=STYLED_ITEM('color',(#9614),#4581);
#9840=STYLED_ITEM('color',(#9627),#4592);
#9841=STYLED_ITEM('color',(#9627),#4652);
#9842=STYLED_ITEM('color',(#9627),#4668);
#9843=STYLED_ITEM('color',(#9614),#4721);
#9844=STYLED_ITEM('color',(#9627),#4732);
#9845=STYLED_ITEM('color',(#9627),#4792);
#9846=STYLED_ITEM('color',(#9627),#4808);
#9847=STYLED_ITEM('color',(#9614),#4861);
#9848=STYLED_ITEM('color',(#9627),#4872);
#9849=STYLED_ITEM('color',(#9627),#4932);
#9850=STYLED_ITEM('color',(#9627),#4948);
#9851=STYLED_ITEM('color',(#9614),#5001);
#9852=STYLED_ITEM('color',(#9627),#5009);
#9853=STYLED_ITEM('color',(#9627),#5067);
#9854=STYLED_ITEM('color',(#9627),#5083);
#9855=STYLED_ITEM('color',(#9627),#5131);
#9856=STYLED_ITEM('color',(#9627),#5195);
#9857=STYLED_ITEM('color',(#9627),#5211);
#9858=STYLED_ITEM('color',(#9614),#5259);
#9859=STYLED_ITEM('color',(#9627),#5269);
#9860=STYLED_ITEM('color',(#9627),#5329);
#9861=STYLED_ITEM('color',(#9627),#5345);
#9862=STYLED_ITEM('color',(#9614),#5398);
#9863=STYLED_ITEM('color',(#9627),#5409);
#9864=STYLED_ITEM('color',(#9627),#5469);
#9865=STYLED_ITEM('color',(#9627),#5485);
#9866=STYLED_ITEM('color',(#9614),#5538);
#9867=STYLED_ITEM('color',(#9627),#5549);
#9868=STYLED_ITEM('color',(#9627),#5609);
#9869=STYLED_ITEM('color',(#9627),#5625);
#9870=STYLED_ITEM('color',(#9614),#5678);
#9871=STYLED_ITEM('color',(#9627),#5689);
#9872=STYLED_ITEM('color',(#9627),#5749);
#9873=STYLED_ITEM('color',(#9627),#5765);
#9874=STYLED_ITEM('color',(#9614),#5818);
#9875=STYLED_ITEM('color',(#9627),#5829);
#9876=STYLED_ITEM('color',(#9627),#5889);
#9877=STYLED_ITEM('color',(#9627),#5905);
#9878=STYLED_ITEM('color',(#9614),#5958);
#9879=STYLED_ITEM('color',(#9627),#5969);
#9880=STYLED_ITEM('color',(#9627),#6029);
#9881=STYLED_ITEM('color',(#9627),#6045);
#9882=STYLED_ITEM('color',(#9614),#6098);
#9883=STYLED_ITEM('color',(#9627),#6109);
#9884=STYLED_ITEM('color',(#9627),#6169);
#9885=STYLED_ITEM('color',(#9627),#6185);
#9886=STYLED_ITEM('color',(#9614),#6238);
#9887=STYLED_ITEM('color',(#9627),#6259);
#9888=STYLED_ITEM('color',(#9627),#6325);
#9889=STYLED_ITEM('color',(#9627),#6341);
#9890=STYLED_ITEM('color',(#9614),#6394);
#9891=STYLED_ITEM('color',(#9627),#6410);
#9892=STYLED_ITEM('color',(#9627),#6470);
#9893=STYLED_ITEM('color',(#9627),#6486);
#9894=STYLED_ITEM('color',(#9614),#6539);
#9895=STYLED_ITEM('color',(#9627),#6555);
#9896=STYLED_ITEM('color',(#9627),#6615);
#9897=STYLED_ITEM('color',(#9627),#6631);
#9898=STYLED_ITEM('color',(#9614),#6684);
#9899=STYLED_ITEM('color',(#9627),#6700);
#9900=STYLED_ITEM('color',(#9627),#6760);
#9901=STYLED_ITEM('color',(#9627),#6776);
#9902=STYLED_ITEM('color',(#9614),#6829);
#9903=STYLED_ITEM('color',(#9627),#6845);
#9904=STYLED_ITEM('color',(#9627),#6905);
#9905=STYLED_ITEM('color',(#9627),#6921);
#9906=STYLED_ITEM('color',(#9614),#6974);
#9907=STYLED_ITEM('color',(#9627),#6990);
#9908=STYLED_ITEM('color',(#9627),#7050);
#9909=STYLED_ITEM('color',(#9627),#7066);
#9910=STYLED_ITEM('color',(#9614),#7119);
#9911=STYLED_ITEM('color',(#9627),#7135);
#9912=STYLED_ITEM('color',(#9627),#7195);
#9913=STYLED_ITEM('color',(#9627),#7211);
#9914=STYLED_ITEM('color',(#9614),#7264);
#9915=STYLED_ITEM('color',(#9627),#7280);
#9916=STYLED_ITEM('color',(#9627),#7340);
#9917=STYLED_ITEM('color',(#9627),#7356);
#9918=STYLED_ITEM('color',(#9627),#7407);
#9919=STYLED_ITEM('color',(#9627),#7417);
#9920=STYLED_ITEM('color',(#9627),#7429);
#9921=STYLED_ITEM('color',(#9627),#7441);
#9922=STYLED_ITEM('color',(#9627),#7453);
#9923=STYLED_ITEM('color',(#9627),#7465);
#9924=STYLED_ITEM('color',(#9627),#7477);
#9925=STYLED_ITEM('color',(#9627),#7489);
#9926=STYLED_ITEM('color',(#9614),#7501);
#9927=STYLED_ITEM('color',(#9614),#7529);
#9928=STYLED_ITEM('color',(#9627),#7538);
#9929=STYLED_ITEM('color',(#9627),#7550);
#9930=STYLED_ITEM('color',(#9627),#7562);
#9931=STYLED_ITEM('color',(#9627),#7574);
#9932=STYLED_ITEM('color',(#9627),#7586);
#9933=STYLED_ITEM('color',(#9627),#7598);
#9934=STYLED_ITEM('color',(#9627),#7610);
#9935=STYLED_ITEM('color',(#9614),#7622);
#9936=STYLED_ITEM('color',(#9627),#7631);
#9937=STYLED_ITEM('color',(#9627),#7641);
#9938=STYLED_ITEM('color',(#9614),#7654);
#9939=STYLED_ITEM('color',(#9627),#7684);
#9940=STYLED_ITEM('color',(#9627),#7694);
#9941=STYLED_ITEM('color',(#9627),#7705);
#9942=STYLED_ITEM('color',(#9627),#7714);
#9943=STYLED_ITEM('color',(#9627),#7724);
#9944=STYLED_ITEM('color',(#9627),#7734);
#9945=STYLED_ITEM('color',(#9627),#7744);
#9946=STYLED_ITEM('color',(#9627),#7754);
#9947=STYLED_ITEM('color',(#9627),#7763);
#9948=STYLED_ITEM('color',(#9627),#7773);
#9949=STYLED_ITEM('color',(#9627),#7783);
#9950=STYLED_ITEM('color',(#9627),#7792);
#9951=STYLED_ITEM('color',(#9627),#7802);
#9952=STYLED_ITEM('color',(#9627),#7812);
#9953=STYLED_ITEM('color',(#9627),#7822);
#9954=STYLED_ITEM('color',(#9627),#7832);
#9955=STYLED_ITEM('color',(#9627),#7840);
#9956=STYLED_ITEM('color',(#9627),#7850);
#9957=STYLED_ITEM('color',(#9627),#7860);
#9958=STYLED_ITEM('color',(#9627),#7869);
#9959=STYLED_ITEM('color',(#9627),#7879);
#9960=STYLED_ITEM('color',(#9627),#7889);
#9961=STYLED_ITEM('color',(#9627),#7899);
#9962=STYLED_ITEM('color',(#9627),#7909);
#9963=STYLED_ITEM('color',(#9627),#7917);
#9964=STYLED_ITEM('color',(#9627),#7927);
#9965=STYLED_ITEM('color',(#9627),#7937);
#9966=STYLED_ITEM('color',(#9627),#7946);
#9967=STYLED_ITEM('color',(#9627),#7956);
#9968=STYLED_ITEM('color',(#9627),#7966);
#9969=STYLED_ITEM('color',(#9627),#7976);
#9970=STYLED_ITEM('color',(#9627),#7986);
#9971=STYLED_ITEM('color',(#9627),#7994);
#9972=STYLED_ITEM('color',(#9627),#8004);
#9973=STYLED_ITEM('color',(#9627),#8014);
#9974=STYLED_ITEM('color',(#9627),#8023);
#9975=STYLED_ITEM('color',(#9627),#8033);
#9976=STYLED_ITEM('color',(#9627),#8043);
#9977=STYLED_ITEM('color',(#9627),#8053);
#9978=STYLED_ITEM('color',(#9627),#8063);
#9979=STYLED_ITEM('color',(#9627),#8071);
#9980=STYLED_ITEM('color',(#9627),#8081);
#9981=STYLED_ITEM('color',(#9627),#8091);
#9982=STYLED_ITEM('color',(#9627),#8100);
#9983=STYLED_ITEM('color',(#9627),#8110);
#9984=STYLED_ITEM('color',(#9627),#8120);
#9985=STYLED_ITEM('color',(#9627),#8130);
#9986=STYLED_ITEM('color',(#9627),#8140);
#9987=STYLED_ITEM('color',(#9627),#8148);
#9988=STYLED_ITEM('color',(#9627),#8158);
#9989=STYLED_ITEM('color',(#9627),#8168);
#9990=STYLED_ITEM('color',(#9627),#8177);
#9991=STYLED_ITEM('color',(#9627),#8187);
#9992=STYLED_ITEM('color',(#9627),#8197);
#9993=STYLED_ITEM('color',(#9627),#8207);
#9994=STYLED_ITEM('color',(#9627),#8217);
#9995=STYLED_ITEM('color',(#9627),#8225);
#9996=STYLED_ITEM('color',(#9627),#8235);
#9997=STYLED_ITEM('color',(#9627),#8244);
#9998=STYLED_ITEM('color',(#9627),#8254);
#9999=STYLED_ITEM('color',(#9627),#8264);
#10000=STYLED_ITEM('color',(#9627),#8274);
#10001=STYLED_ITEM('color',(#9627),#8284);
#10002=STYLED_ITEM('color',(#9627),#8292);
#10003=STYLED_ITEM('color',(#9627),#8303);
#10004=STYLED_ITEM('color',(#9627),#8312);
#10005=STYLED_ITEM('color',(#9627),#8322);
#10006=STYLED_ITEM('color',(#9627),#8332);
#10007=STYLED_ITEM('color',(#9627),#8342);
#10008=STYLED_ITEM('color',(#9627),#8352);
#10009=STYLED_ITEM('color',(#9627),#8361);
#10010=STYLED_ITEM('color',(#9627),#8371);
#10011=STYLED_ITEM('color',(#9627),#8381);
#10012=STYLED_ITEM('color',(#9627),#8390);
#10013=STYLED_ITEM('color',(#9627),#8400);
#10014=STYLED_ITEM('color',(#9627),#8410);
#10015=STYLED_ITEM('color',(#9627),#8420);
#10016=STYLED_ITEM('color',(#9627),#8430);
#10017=STYLED_ITEM('color',(#9627),#8438);
#10018=STYLED_ITEM('color',(#9627),#8448);
#10019=STYLED_ITEM('color',(#9627),#8458);
#10020=STYLED_ITEM('color',(#9627),#8467);
#10021=STYLED_ITEM('color',(#9627),#8477);
#10022=STYLED_ITEM('color',(#9627),#8487);
#10023=STYLED_ITEM('color',(#9627),#8497);
#10024=STYLED_ITEM('color',(#9627),#8507);
#10025=STYLED_ITEM('color',(#9627),#8515);
#10026=STYLED_ITEM('color',(#9627),#8525);
#10027=STYLED_ITEM('color',(#9627),#8535);
#10028=STYLED_ITEM('color',(#9627),#8544);
#10029=STYLED_ITEM('color',(#9627),#8554);
#10030=STYLED_ITEM('color',(#9627),#8564);
#10031=STYLED_ITEM('color',(#9627),#8574);
#10032=STYLED_ITEM('color',(#9627),#8584);
#10033=STYLED_ITEM('color',(#9627),#8592);
#10034=STYLED_ITEM('color',(#9627),#8602);
#10035=STYLED_ITEM('color',(#9627),#8612);
#10036=STYLED_ITEM('color',(#9627),#8621);
#10037=STYLED_ITEM('color',(#9627),#8631);
#10038=STYLED_ITEM('color',(#9627),#8641);
#10039=STYLED_ITEM('color',(#9627),#8651);
#10040=STYLED_ITEM('color',(#9627),#8661);
#10041=STYLED_ITEM('color',(#9627),#8669);
#10042=STYLED_ITEM('color',(#9627),#8679);
#10043=STYLED_ITEM('color',(#9627),#8689);
#10044=STYLED_ITEM('color',(#9627),#8698);
#10045=STYLED_ITEM('color',(#9627),#8708);
#10046=STYLED_ITEM('color',(#9627),#8718);
#10047=STYLED_ITEM('color',(#9627),#8728);
#10048=STYLED_ITEM('color',(#9627),#8738);
#10049=STYLED_ITEM('color',(#9627),#8746);
#10050=STYLED_ITEM('color',(#9627),#8756);
#10051=STYLED_ITEM('color',(#9627),#8766);
#10052=STYLED_ITEM('color',(#9627),#8775);
#10053=STYLED_ITEM('color',(#9627),#8785);
#10054=STYLED_ITEM('color',(#9627),#8795);
#10055=STYLED_ITEM('color',(#9627),#8805);
#10056=STYLED_ITEM('color',(#9627),#8815);
#10057=STYLED_ITEM('color',(#9627),#8823);
#10058=STYLED_ITEM('color',(#9627),#8833);
#10059=STYLED_ITEM('color',(#9627),#8843);
#10060=STYLED_ITEM('color',(#9627),#8852);
#10061=STYLED_ITEM('color',(#9627),#8862);
#10062=STYLED_ITEM('color',(#9627),#8872);
#10063=STYLED_ITEM('color',(#9627),#8882);
#10064=STYLED_ITEM('color',(#9627),#8892);
#10065=STYLED_ITEM('color',(#9627),#8900);
#10066=STYLED_ITEM('color',(#9627),#8912);
#10067=STYLED_ITEM('color',(#9627),#8922);
#10068=STYLED_ITEM('color',(#9627),#8933);
#10069=STYLED_ITEM('color',(#9627),#8942);
#10070=STYLED_ITEM('color',(#9627),#8952);
#10071=STYLED_ITEM('color',(#9627),#8962);
#10072=STYLED_ITEM('color',(#9627),#8972);
#10073=STYLED_ITEM('color',(#9627),#8982);
#10074=STYLED_ITEM('color',(#9627),#8991);
#10075=STYLED_ITEM('color',(#9627),#9003);
#10076=STYLED_ITEM('color',(#9627),#9013);
#10077=STYLED_ITEM('color',(#9627),#9023);
#10078=STYLED_ITEM('color',(#9627),#9032);
#10079=STYLED_ITEM('color',(#9627),#9042);
#10080=STYLED_ITEM('color',(#9627),#9052);
#10081=STYLED_ITEM('color',(#9627),#9062);
#10082=STYLED_ITEM('color',(#9627),#9072);
#10083=STYLED_ITEM('color',(#9627),#9080);
#10084=STYLED_ITEM('color',(#9627),#9092);
#10085=STYLED_ITEM('color',(#9627),#9102);
#10086=STYLED_ITEM('color',(#9627),#9112);
#10087=STYLED_ITEM('color',(#9627),#9121);
#10088=STYLED_ITEM('color',(#9627),#9131);
#10089=STYLED_ITEM('color',(#9627),#9141);
#10090=STYLED_ITEM('color',(#9627),#9151);
#10091=STYLED_ITEM('color',(#9627),#9161);
#10092=STYLED_ITEM('color',(#9627),#9169);
#10093=STYLED_ITEM('color',(#9627),#9181);
#10094=STYLED_ITEM('color',(#9627),#9191);
#10095=STYLED_ITEM('color',(#9627),#9201);
#10096=STYLED_ITEM('color',(#9627),#9210);
#10097=STYLED_ITEM('color',(#9627),#9220);
#10098=STYLED_ITEM('color',(#9627),#9230);
#10099=STYLED_ITEM('color',(#9627),#9240);
#10100=STYLED_ITEM('color',(#9627),#9250);
#10101=STYLED_ITEM('color',(#9627),#9258);
#10102=STYLED_ITEM('color',(#9627),#9270);
#10103=STYLED_ITEM('color',(#9627),#9280);
#10104=STYLED_ITEM('color',(#9627),#9290);
#10105=STYLED_ITEM('color',(#9627),#9299);
#10106=STYLED_ITEM('color',(#9627),#9309);
#10107=STYLED_ITEM('color',(#9627),#9319);
#10108=STYLED_ITEM('color',(#9627),#9329);
#10109=STYLED_ITEM('color',(#9627),#9339);
#10110=STYLED_ITEM('color',(#9627),#9347);
#10111=STYLED_ITEM('color',(#9627),#9359);
#10112=STYLED_ITEM('color',(#9627),#9369);
#10113=STYLED_ITEM('color',(#9627),#9379);
#10114=STYLED_ITEM('color',(#9627),#9388);
#10115=STYLED_ITEM('color',(#9627),#9398);
#10116=STYLED_ITEM('color',(#9627),#9408);
#10117=STYLED_ITEM('color',(#9627),#9418);
#10118=STYLED_ITEM('color',(#9627),#9428);
#10119=STYLED_ITEM('color',(#9627),#9436);
#10120=STYLED_ITEM('color',(#9627),#9448);
#10121=STYLED_ITEM('color',(#9627),#9458);
#10122=STYLED_ITEM('color',(#9627),#9468);
#10123=STYLED_ITEM('color',(#9627),#9477);
#10124=STYLED_ITEM('color',(#9627),#9487);
#10125=STYLED_ITEM('color',(#9627),#9497);
#10126=STYLED_ITEM('color',(#9627),#9507);
#10127=STYLED_ITEM('color',(#9627),#9517);
#10128=STYLED_ITEM('color',(#9627),#9525);
#10129=STYLED_ITEM('color',(#9627),#9535);
#10130=STYLED_ITEM('color',(#9627),#9545);
#10131=STYLED_ITEM('color',(#9627),#9554);
#10132=STYLED_ITEM('color',(#9627),#9564);
#10133=STYLED_ITEM('color',(#9627),#9574);
#10134=STYLED_ITEM('color',(#9627),#9584);
#10135=STYLED_ITEM('color',(#9627),#9594);
#10136=STYLED_ITEM('color',(#10137),#9602);
#10137=PRESENTATION_STYLE_ASSIGNMENT((#10138,#10144));
#10138=SURFACE_STYLE_USAGE(.BOTH.,#10139);
#10139=SURFACE_SIDE_STYLE('',(#10140));
#10140=SURFACE_STYLE_FILL_AREA(#10141);
#10141=FILL_AREA_STYLE('',(#10142));
#10142=FILL_AREA_STYLE_COLOUR('',#10143);
#10143=COLOUR_RGB('',0.690999998585,0.664000007176,0.597999987832);
#10144=CURVE_STYLE('',#9622,POSITIVE_LENGTH_MEASURE(0.1),#10143);
ENDSEC;
END-ISO-10303-21;
