ISO-10303-21;
HEADER;
/* PinSocket_1x14_P2.54mm_Vertical.step 3D STEP model for use in ECAD systems
 * Copyright (C) 2024, KiCAD
 *
 * This work is licensed under the
 * [Creative Commons CC-BY-SA 4.0 License](https://creativecommons.org/licenses/by-sa/4.0/legalcode),
 * with the following exception:
 *
 * To the extent that the creation of electronic designs that use 'Licensed Material' can be
 * considered to be 'Adapted Material', then the copyright holder waives article 3 of the license
 * with respect to these designs and any generated files which use data provided as part of the
 * 'Licensed Material'.
 *
 * You are free to use the library data in your own projects without the obligation to share your
 * project files under this or any other license agreement. However, if you wish to distribute
 * these libraries, or parts thereof (including in modified form) as a collection then the exception
 * above does not apply. Please refer to
 * https://gitlab.com/kicad/libraries/kicad-packages3D/-/blob/master/LICENSE.md for further clarification
 * of the exception.
 *
 * Disclaimer of Warranties and Limitation of Liability.
 * These libraries are provided in the hope that they will be useful, but are provided without warranty of any kind, express or implied.
 * USE 3D CAD DATA AT YOUR OWN RISK
 * DO NOT RELY UPON ANY INFORMATION FOUND HERE WITHOUT INDEPENDENT VERIFICATION.
 */

FILE_DESCRIPTION(
/* description */ ('model of PinSocket_1x14_P2.54mm_Vertical'),
/* implementation_level */ '2;1');

FILE_NAME(
/* name */ 'PinSocket_1x14_P2.54mm_Vertical.step',
/* time_stamp */ '1970-01-01T00:00:00',
/* author */ ('KiCAD','kicad'),
/* organization */ ('OCCT'),
/* preprocessor_version */ '',
/* originating_system */ 'KiCAD',
/* authorisation */ '');

FILE_SCHEMA(('AUTOMOTIVE_DESIGN { 1 0 10303 214 1 1 1 1 }'));
ENDSEC;

DATA;
#1=APPLICATION_PROTOCOL_DEFINITION('international standard','automotive_design',2000,#2);
#2=APPLICATION_CONTEXT('core data for automotive mechanical design processes');
#3=SHAPE_DEFINITION_REPRESENTATION(#4,#10);
#4=PRODUCT_DEFINITION_SHAPE('','',#5);
#5=PRODUCT_DEFINITION('design','',#6,#9);
#6=PRODUCT_DEFINITION_FORMATION('','',#7);
#7=PRODUCT('PinSocket_1x14_P2.54mm_Vertical','PinSocket_1x14_P2.54mm_Vertical','',(#8));
#8=PRODUCT_CONTEXT('',#2,'mechanical');
#9=PRODUCT_DEFINITION_CONTEXT('part definition',#2,'design');
#10=ADVANCED_BREP_SHAPE_REPRESENTATION('',(#11,#15),#6779);
#11=AXIS2_PLACEMENT_3D('',#12,#13,#14);
#12=CARTESIAN_POINT('',(0.,0.,0.));
#13=DIRECTION('',(0.,0.,1.));
#14=DIRECTION('',(1.,0.,-0.));
#15=MANIFOLD_SOLID_BREP('',#16);
#16=CLOSED_SHELL('',(#17,#46,#85,#125,#137,#455,#466,#474,#1073,#1078,#1086,#1112,#1132,#1152,#1166,#1187,#1204,#1221,#1234,#1255,#1272,#1289,#1302,#1323,#1340,#1357,#1370,#1391,#1408,#1425,#1438,#1459,#1476,#1493,#1506,#1527,#1544,#1561,#1574,#1595,#1612,#1629,#1642,#1663,#1680,#1697,#1710,#1731,#1748,#1765,#1778,#1799,#1816,#1833,#1846,#1867,#1884,#1901,#1914,#1935,#1952,#1969,#1982,#2003,#2020,#2037,#2050,#2059,#2094,#2100,#2129,#2137,#2167,#2173,#2202,#2210,#2240,#2246,#2275,#2283,#2313,#2319,#2348,#2356,#2386,#2392,#2421,#2429,#2459,#2465,#2494,#2502,#2532,#2538,#2567,#2575,#2605,#2611,#2640,#2648,#2678,#2684,#2713,#2721,#2751,#2757,#2786,#2794,#2824,#2830,#2859,#2867,#2897,#2903,#2932,#2940,#2970,#2976,#3005,#3013,#3043,#3049,#3078,#3096,#3131,#3145,#3176,#3194,#3229,#3243,#3274,#3292,#3327,#3341,#3372,#3390,#3425,#3439,#3470,#3488,#3523,#3537,#3568,#3586,#3621,#3635,#3666,#3684,#3719,#3733,#3764,#3782,#3817,#3831,#3862,#3880,#3915,#3929,#3960,#3978,#4013,#4027,#4058,#4076,#4111,#4125,#4156,#4174,#4209,#4223,#4254,#4272,#4307,#4321,#4352,#4370,#4405,#4419,#4450,#4460,#4471,#4481,#4492,#4500,#4510,#4520,#4530,#4540,#4548,#4558,#4568,#4578,#4588,#4596,#4606,#4616,#4626,#4636,#4644,#4654,#4664,#4674,#4684,#4692,#4702,#4712,#4722,#4732,#4740,#4750,#4760,#4770,#4780,#4788,#4798,#4808,#4818,#4828,#4836,#4846,#4856,#4866,#4876,#4884,#4894,#4904,#4914,#4924,#4932,#4942,#4952,#4962,#4972,#4980,#4990,#5000,#5010,#5020,#5028,#5038,#5048,#5058,#5068,#5076,#5086,#5096,#5106,#5116,#5124,#5134,#5141,#5171,#5185,#5208,#5217,#5227,#5234,#5261,#5275,#5298,#5307,#5317,#5324,#5351,#5365,#5388,#5397,#5407,#5414,#5441,#5455,#5478,#5487,#5497,#5504,#5531,#5545,#5568,#5577,#5587,#5594,#5621,#5635,#5658,#5667,#5677,#5684,#5711,#5725,#5748,#5757,#5767,#5774,#5801,#5815,#5838,#5847,#5857,#5864,#5891,#5905,#5928,#5937,#5947,#5954,#5981,#5995,#6018,#6027,#6037,#6044,#6071,#6085,#6108,#6117,#6127,#6134,#6161,#6175,#6198,#6207,#6217,#6224,#6251,#6265,#6288,#6297,#6307,#6314,#6341,#6355,#6378,#6387,#6397,#6407,#6415,#6425,#6435,#6443,#6453,#6463,#6471,#6481,#6491,#6499,#6509,#6519,#6527,#6537,#6547,#6555,#6565,#6575,#6583,#6593,#6603,#6611,#6621,#6631,#6639,#6649,#6659,#6667,#6677,#6687,#6695,#6705,#6715,#6723,#6733,#6743,#6751,#6761,#6771));
#17=ADVANCED_FACE('',(#18),#43,.F.);
#18=FACE_BOUND('',#19,.F.);
#19=EDGE_LOOP('',(#20,#28,#35,#40));
#20=ORIENTED_EDGE('',*,*,#21,.T.);
#21=EDGE_CURVE('',#22,#24,#26,.T.);
#22=VERTEX_POINT('',#23);
#23=CARTESIAN_POINT('',(1.27,-34.29,0.));
#24=VERTEX_POINT('',#25);
#25=CARTESIAN_POINT('',(1.27,-34.29,8.5));
#26=LINE('',#23,#27);
#27=VECTOR('',#13,1.);
#28=ORIENTED_EDGE('',*,*,#29,.T.);
#29=EDGE_CURVE('',#24,#30,#32,.T.);
#30=VERTEX_POINT('',#31);
#31=CARTESIAN_POINT('',(1.27,1.27,8.5));
#32=LINE('',#25,#33);
#33=VECTOR('',#34,1.);
#34=DIRECTION('',(1.110223024625E-16,1.,0.));
#35=ORIENTED_EDGE('',*,*,#36,.F.);
#36=EDGE_CURVE('',#37,#30,#39,.T.);
#37=VERTEX_POINT('',#38);
#38=CARTESIAN_POINT('',(1.27,1.27,0.));
#39=LINE('',#38,#27);
#40=ORIENTED_EDGE('',*,*,#41,.F.);
#41=EDGE_CURVE('',#22,#37,#42,.T.);
#42=LINE('',#23,#33);
#43=PLANE('',#44);
#44=AXIS2_PLACEMENT_3D('',#23,#45,#34);
#45=DIRECTION('',(-1.,1.110223024625E-16,0.));
#46=ADVANCED_FACE('',(#47),#83,.F.);
#47=FACE_BOUND('',#48,.F.);
#48=EDGE_LOOP('',(#49,#57,#62,#65,#66,#70,#75,#80));
#49=ORIENTED_EDGE('',*,*,#50,.F.);
#50=EDGE_CURVE('',#51,#53,#55,.T.);
#51=VERTEX_POINT('',#52);
#52=CARTESIAN_POINT('',(-1.27,-34.29,0.));
#53=VERTEX_POINT('',#54);
#54=CARTESIAN_POINT('',(-0.846666666667,-34.29,0.));
#55=LINE('',#52,#56);
#56=VECTOR('',#14,1.);
#57=ORIENTED_EDGE('',*,*,#58,.T.);
#58=EDGE_CURVE('',#51,#59,#61,.T.);
#59=VERTEX_POINT('',#60);
#60=CARTESIAN_POINT('',(-1.27,-34.29,8.5));
#61=LINE('',#52,#27);
#62=ORIENTED_EDGE('',*,*,#63,.T.);
#63=EDGE_CURVE('',#59,#24,#64,.T.);
#64=LINE('',#60,#56);
#65=ORIENTED_EDGE('',*,*,#21,.F.);
#66=ORIENTED_EDGE('',*,*,#67,.F.);
#67=EDGE_CURVE('',#68,#22,#55,.T.);
#68=VERTEX_POINT('',#69);
#69=CARTESIAN_POINT('',(0.846666666667,-34.29,0.));
#70=ORIENTED_EDGE('',*,*,#71,.T.);
#71=EDGE_CURVE('',#68,#72,#74,.T.);
#72=VERTEX_POINT('',#73);
#73=CARTESIAN_POINT('',(0.846666666667,-34.29,0.2));
#74=LINE('',#69,#27);
#75=ORIENTED_EDGE('',*,*,#76,.F.);
#76=EDGE_CURVE('',#77,#72,#79,.T.);
#77=VERTEX_POINT('',#78);
#78=CARTESIAN_POINT('',(-0.846666666667,-34.29,0.2));
#79=LINE('',#78,#56);
#80=ORIENTED_EDGE('',*,*,#81,.F.);
#81=EDGE_CURVE('',#53,#77,#82,.T.);
#82=LINE('',#54,#27);
#83=PLANE('',#84);
#84=AXIS2_PLACEMENT_3D('',#52,#34,#14);
#85=ADVANCED_FACE('',(#86),#122,.F.);
#86=FACE_BOUND('',#87,.F.);
#87=EDGE_LOOP('',(#88,#94,#95,#100,#105,#109,#114,#119));
#88=ORIENTED_EDGE('',*,*,#89,.F.);
#89=EDGE_CURVE('',#37,#90,#92,.T.);
#90=VERTEX_POINT('',#91);
#91=CARTESIAN_POINT('',(0.846666666667,1.27,0.));
#92=LINE('',#38,#93);
#93=VECTOR('',#45,1.);
#94=ORIENTED_EDGE('',*,*,#36,.T.);
#95=ORIENTED_EDGE('',*,*,#96,.T.);
#96=EDGE_CURVE('',#30,#97,#99,.T.);
#97=VERTEX_POINT('',#98);
#98=CARTESIAN_POINT('',(-1.27,1.27,8.5));
#99=LINE('',#31,#93);
#100=ORIENTED_EDGE('',*,*,#101,.F.);
#101=EDGE_CURVE('',#102,#97,#104,.T.);
#102=VERTEX_POINT('',#103);
#103=CARTESIAN_POINT('',(-1.27,1.27,0.));
#104=LINE('',#103,#27);
#105=ORIENTED_EDGE('',*,*,#106,.F.);
#106=EDGE_CURVE('',#107,#102,#92,.T.);
#107=VERTEX_POINT('',#108);
#108=CARTESIAN_POINT('',(-0.846666666667,1.27,0.));
#109=ORIENTED_EDGE('',*,*,#110,.T.);
#110=EDGE_CURVE('',#107,#111,#113,.T.);
#111=VERTEX_POINT('',#112);
#112=CARTESIAN_POINT('',(-0.846666666667,1.27,0.2));
#113=LINE('',#108,#27);
#114=ORIENTED_EDGE('',*,*,#115,.F.);
#115=EDGE_CURVE('',#116,#111,#118,.T.);
#116=VERTEX_POINT('',#117);
#117=CARTESIAN_POINT('',(0.846666666667,1.27,0.2));
#118=LINE('',#117,#93);
#119=ORIENTED_EDGE('',*,*,#120,.F.);
#120=EDGE_CURVE('',#90,#116,#121,.T.);
#121=LINE('',#91,#27);
#122=PLANE('',#123);
#123=AXIS2_PLACEMENT_3D('',#38,#124,#45);
#124=DIRECTION('',(-1.110223024625E-16,-1.,0.));
#125=ADVANCED_FACE('',(#126),#134,.F.);
#126=FACE_BOUND('',#127,.F.);
#127=EDGE_LOOP('',(#128,#129,#130,#131));
#128=ORIENTED_EDGE('',*,*,#67,.T.);
#129=ORIENTED_EDGE('',*,*,#41,.T.);
#130=ORIENTED_EDGE('',*,*,#89,.T.);
#131=ORIENTED_EDGE('',*,*,#132,.F.);
#132=EDGE_CURVE('',#68,#90,#133,.T.);
#133=LINE('',#69,#33);
#134=PLANE('',#135);
#135=AXIS2_PLACEMENT_3D('',#136,#13,#34);
#136=CARTESIAN_POINT('',(-1.805222638041E-15,-16.51,0.));
#137=ADVANCED_FACE('',(#138,#144,#166,#188,#210,#232,#254,#276,#298,#320,#342,#364,#386,#408,#430),#452,.T.);
#138=FACE_BOUND('',#139,.T.);
#139=EDGE_LOOP('',(#28,#95,#140,#62));
#140=ORIENTED_EDGE('',*,*,#141,.T.);
#141=EDGE_CURVE('',#97,#59,#142,.T.);
#142=LINE('',#98,#143);
#143=VECTOR('',#124,1.);
#144=FACE_BOUND('',#145,.T.);
#145=EDGE_LOOP('',(#146,#153,#158,#163));
#146=ORIENTED_EDGE('',*,*,#147,.F.);
#147=EDGE_CURVE('',#148,#150,#152,.T.);
#148=VERTEX_POINT('',#149);
#149=CARTESIAN_POINT('',(0.6,-33.62,8.5));
#150=VERTEX_POINT('',#151);
#151=CARTESIAN_POINT('',(0.6,-32.42,8.5));
#152=LINE('',#149,#33);
#153=ORIENTED_EDGE('',*,*,#154,.F.);
#154=EDGE_CURVE('',#155,#148,#157,.T.);
#155=VERTEX_POINT('',#156);
#156=CARTESIAN_POINT('',(-0.6,-33.62,8.5));
#157=LINE('',#156,#56);
#158=ORIENTED_EDGE('',*,*,#159,.F.);
#159=EDGE_CURVE('',#160,#155,#162,.T.);
#160=VERTEX_POINT('',#161);
#161=CARTESIAN_POINT('',(-0.6,-32.42,8.5));
#162=LINE('',#161,#143);
#163=ORIENTED_EDGE('',*,*,#164,.F.);
#164=EDGE_CURVE('',#150,#160,#165,.T.);
#165=LINE('',#151,#93);
#166=FACE_BOUND('',#167,.T.);
#167=EDGE_LOOP('',(#168,#175,#180,#185));
#168=ORIENTED_EDGE('',*,*,#169,.F.);
#169=EDGE_CURVE('',#170,#172,#174,.T.);
#170=VERTEX_POINT('',#171);
#171=CARTESIAN_POINT('',(0.6,-31.08,8.5));
#172=VERTEX_POINT('',#173);
#173=CARTESIAN_POINT('',(0.6,-29.88,8.5));
#174=LINE('',#171,#33);
#175=ORIENTED_EDGE('',*,*,#176,.F.);
#176=EDGE_CURVE('',#177,#170,#179,.T.);
#177=VERTEX_POINT('',#178);
#178=CARTESIAN_POINT('',(-0.6,-31.08,8.5));
#179=LINE('',#178,#56);
#180=ORIENTED_EDGE('',*,*,#181,.F.);
#181=EDGE_CURVE('',#182,#177,#184,.T.);
#182=VERTEX_POINT('',#183);
#183=CARTESIAN_POINT('',(-0.6,-29.88,8.5));
#184=LINE('',#183,#143);
#185=ORIENTED_EDGE('',*,*,#186,.F.);
#186=EDGE_CURVE('',#172,#182,#187,.T.);
#187=LINE('',#173,#93);
#188=FACE_BOUND('',#189,.T.);
#189=EDGE_LOOP('',(#190,#197,#202,#207));
#190=ORIENTED_EDGE('',*,*,#191,.F.);
#191=EDGE_CURVE('',#192,#194,#196,.T.);
#192=VERTEX_POINT('',#193);
#193=CARTESIAN_POINT('',(0.6,-28.54,8.5));
#194=VERTEX_POINT('',#195);
#195=CARTESIAN_POINT('',(0.6,-27.34,8.5));
#196=LINE('',#193,#33);
#197=ORIENTED_EDGE('',*,*,#198,.F.);
#198=EDGE_CURVE('',#199,#192,#201,.T.);
#199=VERTEX_POINT('',#200);
#200=CARTESIAN_POINT('',(-0.6,-28.54,8.5));
#201=LINE('',#200,#56);
#202=ORIENTED_EDGE('',*,*,#203,.F.);
#203=EDGE_CURVE('',#204,#199,#206,.T.);
#204=VERTEX_POINT('',#205);
#205=CARTESIAN_POINT('',(-0.6,-27.34,8.5));
#206=LINE('',#205,#143);
#207=ORIENTED_EDGE('',*,*,#208,.F.);
#208=EDGE_CURVE('',#194,#204,#209,.T.);
#209=LINE('',#195,#93);
#210=FACE_BOUND('',#211,.T.);
#211=EDGE_LOOP('',(#212,#219,#224,#229));
#212=ORIENTED_EDGE('',*,*,#213,.F.);
#213=EDGE_CURVE('',#214,#216,#218,.T.);
#214=VERTEX_POINT('',#215);
#215=CARTESIAN_POINT('',(0.6,-26.,8.5));
#216=VERTEX_POINT('',#217);
#217=CARTESIAN_POINT('',(0.6,-24.8,8.5));
#218=LINE('',#215,#33);
#219=ORIENTED_EDGE('',*,*,#220,.F.);
#220=EDGE_CURVE('',#221,#214,#223,.T.);
#221=VERTEX_POINT('',#222);
#222=CARTESIAN_POINT('',(-0.6,-26.,8.5));
#223=LINE('',#222,#56);
#224=ORIENTED_EDGE('',*,*,#225,.F.);
#225=EDGE_CURVE('',#226,#221,#228,.T.);
#226=VERTEX_POINT('',#227);
#227=CARTESIAN_POINT('',(-0.6,-24.8,8.5));
#228=LINE('',#227,#143);
#229=ORIENTED_EDGE('',*,*,#230,.F.);
#230=EDGE_CURVE('',#216,#226,#231,.T.);
#231=LINE('',#217,#93);
#232=FACE_BOUND('',#233,.T.);
#233=EDGE_LOOP('',(#234,#241,#246,#251));
#234=ORIENTED_EDGE('',*,*,#235,.F.);
#235=EDGE_CURVE('',#236,#238,#240,.T.);
#236=VERTEX_POINT('',#237);
#237=CARTESIAN_POINT('',(0.6,-23.46,8.5));
#238=VERTEX_POINT('',#239);
#239=CARTESIAN_POINT('',(0.6,-22.26,8.5));
#240=LINE('',#237,#33);
#241=ORIENTED_EDGE('',*,*,#242,.F.);
#242=EDGE_CURVE('',#243,#236,#245,.T.);
#243=VERTEX_POINT('',#244);
#244=CARTESIAN_POINT('',(-0.6,-23.46,8.5));
#245=LINE('',#244,#56);
#246=ORIENTED_EDGE('',*,*,#247,.F.);
#247=EDGE_CURVE('',#248,#243,#250,.T.);
#248=VERTEX_POINT('',#249);
#249=CARTESIAN_POINT('',(-0.6,-22.26,8.5));
#250=LINE('',#249,#143);
#251=ORIENTED_EDGE('',*,*,#252,.F.);
#252=EDGE_CURVE('',#238,#248,#253,.T.);
#253=LINE('',#239,#93);
#254=FACE_BOUND('',#255,.T.);
#255=EDGE_LOOP('',(#256,#263,#268,#273));
#256=ORIENTED_EDGE('',*,*,#257,.F.);
#257=EDGE_CURVE('',#258,#260,#262,.T.);
#258=VERTEX_POINT('',#259);
#259=CARTESIAN_POINT('',(0.6,-20.92,8.5));
#260=VERTEX_POINT('',#261);
#261=CARTESIAN_POINT('',(0.6,-19.72,8.5));
#262=LINE('',#259,#33);
#263=ORIENTED_EDGE('',*,*,#264,.F.);
#264=EDGE_CURVE('',#265,#258,#267,.T.);
#265=VERTEX_POINT('',#266);
#266=CARTESIAN_POINT('',(-0.6,-20.92,8.5));
#267=LINE('',#266,#56);
#268=ORIENTED_EDGE('',*,*,#269,.F.);
#269=EDGE_CURVE('',#270,#265,#272,.T.);
#270=VERTEX_POINT('',#271);
#271=CARTESIAN_POINT('',(-0.6,-19.72,8.5));
#272=LINE('',#271,#143);
#273=ORIENTED_EDGE('',*,*,#274,.F.);
#274=EDGE_CURVE('',#260,#270,#275,.T.);
#275=LINE('',#261,#93);
#276=FACE_BOUND('',#277,.T.);
#277=EDGE_LOOP('',(#278,#285,#290,#295));
#278=ORIENTED_EDGE('',*,*,#279,.F.);
#279=EDGE_CURVE('',#280,#282,#284,.T.);
#280=VERTEX_POINT('',#281);
#281=CARTESIAN_POINT('',(0.6,-18.38,8.5));
#282=VERTEX_POINT('',#283);
#283=CARTESIAN_POINT('',(0.6,-17.18,8.5));
#284=LINE('',#281,#33);
#285=ORIENTED_EDGE('',*,*,#286,.F.);
#286=EDGE_CURVE('',#287,#280,#289,.T.);
#287=VERTEX_POINT('',#288);
#288=CARTESIAN_POINT('',(-0.6,-18.38,8.5));
#289=LINE('',#288,#56);
#290=ORIENTED_EDGE('',*,*,#291,.F.);
#291=EDGE_CURVE('',#292,#287,#294,.T.);
#292=VERTEX_POINT('',#293);
#293=CARTESIAN_POINT('',(-0.6,-17.18,8.5));
#294=LINE('',#293,#143);
#295=ORIENTED_EDGE('',*,*,#296,.F.);
#296=EDGE_CURVE('',#282,#292,#297,.T.);
#297=LINE('',#283,#93);
#298=FACE_BOUND('',#299,.T.);
#299=EDGE_LOOP('',(#300,#307,#312,#317));
#300=ORIENTED_EDGE('',*,*,#301,.F.);
#301=EDGE_CURVE('',#302,#304,#306,.T.);
#302=VERTEX_POINT('',#303);
#303=CARTESIAN_POINT('',(0.6,-15.84,8.5));
#304=VERTEX_POINT('',#305);
#305=CARTESIAN_POINT('',(0.6,-14.64,8.5));
#306=LINE('',#303,#33);
#307=ORIENTED_EDGE('',*,*,#308,.F.);
#308=EDGE_CURVE('',#309,#302,#311,.T.);
#309=VERTEX_POINT('',#310);
#310=CARTESIAN_POINT('',(-0.6,-15.84,8.5));
#311=LINE('',#310,#56);
#312=ORIENTED_EDGE('',*,*,#313,.F.);
#313=EDGE_CURVE('',#314,#309,#316,.T.);
#314=VERTEX_POINT('',#315);
#315=CARTESIAN_POINT('',(-0.6,-14.64,8.5));
#316=LINE('',#315,#143);
#317=ORIENTED_EDGE('',*,*,#318,.F.);
#318=EDGE_CURVE('',#304,#314,#319,.T.);
#319=LINE('',#305,#93);
#320=FACE_BOUND('',#321,.T.);
#321=EDGE_LOOP('',(#322,#329,#334,#339));
#322=ORIENTED_EDGE('',*,*,#323,.F.);
#323=EDGE_CURVE('',#324,#326,#328,.T.);
#324=VERTEX_POINT('',#325);
#325=CARTESIAN_POINT('',(0.6,-13.3,8.5));
#326=VERTEX_POINT('',#327);
#327=CARTESIAN_POINT('',(0.6,-12.1,8.5));
#328=LINE('',#325,#33);
#329=ORIENTED_EDGE('',*,*,#330,.F.);
#330=EDGE_CURVE('',#331,#324,#333,.T.);
#331=VERTEX_POINT('',#332);
#332=CARTESIAN_POINT('',(-0.6,-13.3,8.5));
#333=LINE('',#332,#56);
#334=ORIENTED_EDGE('',*,*,#335,.F.);
#335=EDGE_CURVE('',#336,#331,#338,.T.);
#336=VERTEX_POINT('',#337);
#337=CARTESIAN_POINT('',(-0.6,-12.1,8.5));
#338=LINE('',#337,#143);
#339=ORIENTED_EDGE('',*,*,#340,.F.);
#340=EDGE_CURVE('',#326,#336,#341,.T.);
#341=LINE('',#327,#93);
#342=FACE_BOUND('',#343,.T.);
#343=EDGE_LOOP('',(#344,#351,#356,#361));
#344=ORIENTED_EDGE('',*,*,#345,.F.);
#345=EDGE_CURVE('',#346,#348,#350,.T.);
#346=VERTEX_POINT('',#347);
#347=CARTESIAN_POINT('',(0.6,-10.76,8.5));
#348=VERTEX_POINT('',#349);
#349=CARTESIAN_POINT('',(0.6,-9.56,8.5));
#350=LINE('',#347,#33);
#351=ORIENTED_EDGE('',*,*,#352,.F.);
#352=EDGE_CURVE('',#353,#346,#355,.T.);
#353=VERTEX_POINT('',#354);
#354=CARTESIAN_POINT('',(-0.6,-10.76,8.5));
#355=LINE('',#354,#56);
#356=ORIENTED_EDGE('',*,*,#357,.F.);
#357=EDGE_CURVE('',#358,#353,#360,.T.);
#358=VERTEX_POINT('',#359);
#359=CARTESIAN_POINT('',(-0.6,-9.56,8.5));
#360=LINE('',#359,#143);
#361=ORIENTED_EDGE('',*,*,#362,.F.);
#362=EDGE_CURVE('',#348,#358,#363,.T.);
#363=LINE('',#349,#93);
#364=FACE_BOUND('',#365,.T.);
#365=EDGE_LOOP('',(#366,#373,#378,#383));
#366=ORIENTED_EDGE('',*,*,#367,.F.);
#367=EDGE_CURVE('',#368,#370,#372,.T.);
#368=VERTEX_POINT('',#369);
#369=CARTESIAN_POINT('',(0.6,-8.22,8.5));
#370=VERTEX_POINT('',#371);
#371=CARTESIAN_POINT('',(0.6,-7.02,8.5));
#372=LINE('',#369,#33);
#373=ORIENTED_EDGE('',*,*,#374,.F.);
#374=EDGE_CURVE('',#375,#368,#377,.T.);
#375=VERTEX_POINT('',#376);
#376=CARTESIAN_POINT('',(-0.6,-8.22,8.5));
#377=LINE('',#376,#56);
#378=ORIENTED_EDGE('',*,*,#379,.F.);
#379=EDGE_CURVE('',#380,#375,#382,.T.);
#380=VERTEX_POINT('',#381);
#381=CARTESIAN_POINT('',(-0.6,-7.02,8.5));
#382=LINE('',#381,#143);
#383=ORIENTED_EDGE('',*,*,#384,.F.);
#384=EDGE_CURVE('',#370,#380,#385,.T.);
#385=LINE('',#371,#93);
#386=FACE_BOUND('',#387,.T.);
#387=EDGE_LOOP('',(#388,#395,#400,#405));
#388=ORIENTED_EDGE('',*,*,#389,.F.);
#389=EDGE_CURVE('',#390,#392,#394,.T.);
#390=VERTEX_POINT('',#391);
#391=CARTESIAN_POINT('',(0.6,-5.68,8.5));
#392=VERTEX_POINT('',#393);
#393=CARTESIAN_POINT('',(0.6,-4.48,8.5));
#394=LINE('',#391,#33);
#395=ORIENTED_EDGE('',*,*,#396,.F.);
#396=EDGE_CURVE('',#397,#390,#399,.T.);
#397=VERTEX_POINT('',#398);
#398=CARTESIAN_POINT('',(-0.6,-5.68,8.5));
#399=LINE('',#398,#56);
#400=ORIENTED_EDGE('',*,*,#401,.F.);
#401=EDGE_CURVE('',#402,#397,#404,.T.);
#402=VERTEX_POINT('',#403);
#403=CARTESIAN_POINT('',(-0.6,-4.48,8.5));
#404=LINE('',#403,#143);
#405=ORIENTED_EDGE('',*,*,#406,.F.);
#406=EDGE_CURVE('',#392,#402,#407,.T.);
#407=LINE('',#393,#93);
#408=FACE_BOUND('',#409,.T.);
#409=EDGE_LOOP('',(#410,#417,#422,#427));
#410=ORIENTED_EDGE('',*,*,#411,.F.);
#411=EDGE_CURVE('',#412,#414,#416,.T.);
#412=VERTEX_POINT('',#413);
#413=CARTESIAN_POINT('',(0.6,-3.14,8.5));
#414=VERTEX_POINT('',#415);
#415=CARTESIAN_POINT('',(0.6,-1.94,8.5));
#416=LINE('',#413,#33);
#417=ORIENTED_EDGE('',*,*,#418,.F.);
#418=EDGE_CURVE('',#419,#412,#421,.T.);
#419=VERTEX_POINT('',#420);
#420=CARTESIAN_POINT('',(-0.6,-3.14,8.5));
#421=LINE('',#420,#56);
#422=ORIENTED_EDGE('',*,*,#423,.F.);
#423=EDGE_CURVE('',#424,#419,#426,.T.);
#424=VERTEX_POINT('',#425);
#425=CARTESIAN_POINT('',(-0.6,-1.94,8.5));
#426=LINE('',#425,#143);
#427=ORIENTED_EDGE('',*,*,#428,.F.);
#428=EDGE_CURVE('',#414,#424,#429,.T.);
#429=LINE('',#415,#93);
#430=FACE_BOUND('',#431,.T.);
#431=EDGE_LOOP('',(#432,#439,#444,#449));
#432=ORIENTED_EDGE('',*,*,#433,.F.);
#433=EDGE_CURVE('',#434,#436,#438,.T.);
#434=VERTEX_POINT('',#435);
#435=CARTESIAN_POINT('',(0.6,-0.6,8.5));
#436=VERTEX_POINT('',#437);
#437=CARTESIAN_POINT('',(0.6,0.6,8.5));
#438=LINE('',#435,#33);
#439=ORIENTED_EDGE('',*,*,#440,.F.);
#440=EDGE_CURVE('',#441,#434,#443,.T.);
#441=VERTEX_POINT('',#442);
#442=CARTESIAN_POINT('',(-0.6,-0.6,8.5));
#443=LINE('',#442,#56);
#444=ORIENTED_EDGE('',*,*,#445,.F.);
#445=EDGE_CURVE('',#446,#441,#448,.T.);
#446=VERTEX_POINT('',#447);
#447=CARTESIAN_POINT('',(-0.6,0.6,8.5));
#448=LINE('',#447,#143);
#449=ORIENTED_EDGE('',*,*,#450,.F.);
#450=EDGE_CURVE('',#436,#446,#451,.T.);
#451=LINE('',#437,#93);
#452=PLANE('',#453);
#453=AXIS2_PLACEMENT_3D('',#454,#13,#34);
#454=CARTESIAN_POINT('',(-1.805222638041E-15,-16.51,8.5));
#455=ADVANCED_FACE('',(#456),#134,.F.);
#456=FACE_BOUND('',#457,.F.);
#457=EDGE_LOOP('',(#458,#459,#462,#463));
#458=ORIENTED_EDGE('',*,*,#50,.T.);
#459=ORIENTED_EDGE('',*,*,#460,.F.);
#460=EDGE_CURVE('',#107,#53,#461,.T.);
#461=LINE('',#108,#143);
#462=ORIENTED_EDGE('',*,*,#106,.T.);
#463=ORIENTED_EDGE('',*,*,#464,.T.);
#464=EDGE_CURVE('',#102,#51,#465,.T.);
#465=LINE('',#103,#143);
#466=ADVANCED_FACE('',(#467),#472,.T.);
#467=FACE_BOUND('',#468,.T.);
#468=EDGE_LOOP('',(#109,#469,#80,#459));
#469=ORIENTED_EDGE('',*,*,#470,.T.);
#470=EDGE_CURVE('',#111,#77,#471,.T.);
#471=LINE('',#112,#143);
#472=PLANE('',#473);
#473=AXIS2_PLACEMENT_3D('',#108,#14,#124);
#474=ADVANCED_FACE('',(#475,#482,#524,#566,#608,#650,#692,#734,#776,#818,#860,#902,#944,#986,#1028),#1070,.F.);
#475=FACE_BOUND('',#476,.F.);
#476=EDGE_LOOP('',(#477,#480,#469,#481));
#477=ORIENTED_EDGE('',*,*,#478,.T.);
#478=EDGE_CURVE('',#72,#116,#479,.T.);
#479=LINE('',#73,#33);
#480=ORIENTED_EDGE('',*,*,#115,.T.);
#481=ORIENTED_EDGE('',*,*,#76,.T.);
#482=FACE_BOUND('',#483,.F.);
#483=EDGE_LOOP('',(#484,#491,#496,#502,#506,#511,#516,#522));
#484=ORIENTED_EDGE('',*,*,#485,.F.);
#485=EDGE_CURVE('',#486,#488,#490,.T.);
#486=VERTEX_POINT('',#487);
#487=CARTESIAN_POINT('',(-0.1,-33.47,0.2));
#488=VERTEX_POINT('',#489);
#489=CARTESIAN_POINT('',(1.E-01,-33.47,0.2));
#490=LINE('',#487,#56);
#491=ORIENTED_EDGE('',*,*,#492,.T.);
#492=EDGE_CURVE('',#486,#493,#495,.T.);
#493=VERTEX_POINT('',#494);
#494=CARTESIAN_POINT('',(-0.1,-33.32,0.2));
#495=LINE('',#487,#33);
#496=ORIENTED_EDGE('',*,*,#497,.F.);
#497=EDGE_CURVE('',#498,#493,#500,.T.);
#498=VERTEX_POINT('',#499);
#499=CARTESIAN_POINT('',(-0.1,-32.72,0.2));
#500=LINE('',#501,#143);
#501=CARTESIAN_POINT('',(-0.1,-24.765,0.2));
#502=ORIENTED_EDGE('',*,*,#503,.T.);
#503=EDGE_CURVE('',#498,#504,#495,.T.);
#504=VERTEX_POINT('',#505);
#505=CARTESIAN_POINT('',(-0.1,-32.57,0.2));
#506=ORIENTED_EDGE('',*,*,#507,.T.);
#507=EDGE_CURVE('',#504,#508,#510,.T.);
#508=VERTEX_POINT('',#509);
#509=CARTESIAN_POINT('',(1.E-01,-32.57,0.2));
#510=LINE('',#505,#56);
#511=ORIENTED_EDGE('',*,*,#512,.T.);
#512=EDGE_CURVE('',#508,#513,#515,.T.);
#513=VERTEX_POINT('',#514);
#514=CARTESIAN_POINT('',(1.E-01,-32.72,0.2));
#515=LINE('',#509,#143);
#516=ORIENTED_EDGE('',*,*,#517,.T.);
#517=EDGE_CURVE('',#513,#518,#520,.T.);
#518=VERTEX_POINT('',#519);
#519=CARTESIAN_POINT('',(1.E-01,-33.32,0.2));
#520=LINE('',#521,#143);
#521=CARTESIAN_POINT('',(1.E-01,-24.765,0.2));
#522=ORIENTED_EDGE('',*,*,#523,.T.);
#523=EDGE_CURVE('',#518,#488,#515,.T.);
#524=FACE_BOUND('',#525,.F.);
#525=EDGE_LOOP('',(#526,#533,#538,#544,#548,#553,#558,#564));
#526=ORIENTED_EDGE('',*,*,#527,.F.);
#527=EDGE_CURVE('',#528,#530,#532,.T.);
#528=VERTEX_POINT('',#529);
#529=CARTESIAN_POINT('',(-0.1,-30.93,0.2));
#530=VERTEX_POINT('',#531);
#531=CARTESIAN_POINT('',(1.E-01,-30.93,0.2));
#532=LINE('',#529,#56);
#533=ORIENTED_EDGE('',*,*,#534,.T.);
#534=EDGE_CURVE('',#528,#535,#537,.T.);
#535=VERTEX_POINT('',#536);
#536=CARTESIAN_POINT('',(-0.1,-30.78,0.2));
#537=LINE('',#529,#33);
#538=ORIENTED_EDGE('',*,*,#539,.F.);
#539=EDGE_CURVE('',#540,#535,#542,.T.);
#540=VERTEX_POINT('',#541);
#541=CARTESIAN_POINT('',(-0.1,-30.18,0.2));
#542=LINE('',#543,#143);
#543=CARTESIAN_POINT('',(-0.1,-23.495,0.2));
#544=ORIENTED_EDGE('',*,*,#545,.T.);
#545=EDGE_CURVE('',#540,#546,#537,.T.);
#546=VERTEX_POINT('',#547);
#547=CARTESIAN_POINT('',(-0.1,-30.03,0.2));
#548=ORIENTED_EDGE('',*,*,#549,.T.);
#549=EDGE_CURVE('',#546,#550,#552,.T.);
#550=VERTEX_POINT('',#551);
#551=CARTESIAN_POINT('',(1.E-01,-30.03,0.2));
#552=LINE('',#547,#56);
#553=ORIENTED_EDGE('',*,*,#554,.T.);
#554=EDGE_CURVE('',#550,#555,#557,.T.);
#555=VERTEX_POINT('',#556);
#556=CARTESIAN_POINT('',(1.E-01,-30.18,0.2));
#557=LINE('',#551,#143);
#558=ORIENTED_EDGE('',*,*,#559,.T.);
#559=EDGE_CURVE('',#555,#560,#562,.T.);
#560=VERTEX_POINT('',#561);
#561=CARTESIAN_POINT('',(1.E-01,-30.78,0.2));
#562=LINE('',#563,#143);
#563=CARTESIAN_POINT('',(1.E-01,-23.495,0.2));
#564=ORIENTED_EDGE('',*,*,#565,.T.);
#565=EDGE_CURVE('',#560,#530,#557,.T.);
#566=FACE_BOUND('',#567,.F.);
#567=EDGE_LOOP('',(#568,#575,#580,#586,#590,#595,#600,#606));
#568=ORIENTED_EDGE('',*,*,#569,.F.);
#569=EDGE_CURVE('',#570,#572,#574,.T.);
#570=VERTEX_POINT('',#571);
#571=CARTESIAN_POINT('',(-0.1,-28.39,0.2));
#572=VERTEX_POINT('',#573);
#573=CARTESIAN_POINT('',(1.E-01,-28.39,0.2));
#574=LINE('',#571,#56);
#575=ORIENTED_EDGE('',*,*,#576,.T.);
#576=EDGE_CURVE('',#570,#577,#579,.T.);
#577=VERTEX_POINT('',#578);
#578=CARTESIAN_POINT('',(-0.1,-28.24,0.2));
#579=LINE('',#571,#33);
#580=ORIENTED_EDGE('',*,*,#581,.F.);
#581=EDGE_CURVE('',#582,#577,#584,.T.);
#582=VERTEX_POINT('',#583);
#583=CARTESIAN_POINT('',(-0.1,-27.64,0.2));
#584=LINE('',#585,#143);
#585=CARTESIAN_POINT('',(-0.1,-22.225,0.2));
#586=ORIENTED_EDGE('',*,*,#587,.T.);
#587=EDGE_CURVE('',#582,#588,#579,.T.);
#588=VERTEX_POINT('',#589);
#589=CARTESIAN_POINT('',(-0.1,-27.49,0.2));
#590=ORIENTED_EDGE('',*,*,#591,.T.);
#591=EDGE_CURVE('',#588,#592,#594,.T.);
#592=VERTEX_POINT('',#593);
#593=CARTESIAN_POINT('',(1.E-01,-27.49,0.2));
#594=LINE('',#589,#56);
#595=ORIENTED_EDGE('',*,*,#596,.T.);
#596=EDGE_CURVE('',#592,#597,#599,.T.);
#597=VERTEX_POINT('',#598);
#598=CARTESIAN_POINT('',(1.E-01,-27.64,0.2));
#599=LINE('',#593,#143);
#600=ORIENTED_EDGE('',*,*,#601,.T.);
#601=EDGE_CURVE('',#597,#602,#604,.T.);
#602=VERTEX_POINT('',#603);
#603=CARTESIAN_POINT('',(1.E-01,-28.24,0.2));
#604=LINE('',#605,#143);
#605=CARTESIAN_POINT('',(1.E-01,-22.225,0.2));
#606=ORIENTED_EDGE('',*,*,#607,.T.);
#607=EDGE_CURVE('',#602,#572,#599,.T.);
#608=FACE_BOUND('',#609,.F.);
#609=EDGE_LOOP('',(#610,#617,#622,#628,#632,#637,#642,#648));
#610=ORIENTED_EDGE('',*,*,#611,.F.);
#611=EDGE_CURVE('',#612,#614,#616,.T.);
#612=VERTEX_POINT('',#613);
#613=CARTESIAN_POINT('',(-0.1,-25.85,0.2));
#614=VERTEX_POINT('',#615);
#615=CARTESIAN_POINT('',(1.E-01,-25.85,0.2));
#616=LINE('',#613,#56);
#617=ORIENTED_EDGE('',*,*,#618,.T.);
#618=EDGE_CURVE('',#612,#619,#621,.T.);
#619=VERTEX_POINT('',#620);
#620=CARTESIAN_POINT('',(-0.1,-25.7,0.2));
#621=LINE('',#613,#33);
#622=ORIENTED_EDGE('',*,*,#623,.F.);
#623=EDGE_CURVE('',#624,#619,#626,.T.);
#624=VERTEX_POINT('',#625);
#625=CARTESIAN_POINT('',(-0.1,-25.1,0.2));
#626=LINE('',#627,#143);
#627=CARTESIAN_POINT('',(-0.1,-20.955,0.2));
#628=ORIENTED_EDGE('',*,*,#629,.T.);
#629=EDGE_CURVE('',#624,#630,#621,.T.);
#630=VERTEX_POINT('',#631);
#631=CARTESIAN_POINT('',(-0.1,-24.95,0.2));
#632=ORIENTED_EDGE('',*,*,#633,.T.);
#633=EDGE_CURVE('',#630,#634,#636,.T.);
#634=VERTEX_POINT('',#635);
#635=CARTESIAN_POINT('',(1.E-01,-24.95,0.2));
#636=LINE('',#631,#56);
#637=ORIENTED_EDGE('',*,*,#638,.T.);
#638=EDGE_CURVE('',#634,#639,#641,.T.);
#639=VERTEX_POINT('',#640);
#640=CARTESIAN_POINT('',(1.E-01,-25.1,0.2));
#641=LINE('',#635,#143);
#642=ORIENTED_EDGE('',*,*,#643,.T.);
#643=EDGE_CURVE('',#639,#644,#646,.T.);
#644=VERTEX_POINT('',#645);
#645=CARTESIAN_POINT('',(1.E-01,-25.7,0.2));
#646=LINE('',#647,#143);
#647=CARTESIAN_POINT('',(1.E-01,-20.955,0.2));
#648=ORIENTED_EDGE('',*,*,#649,.T.);
#649=EDGE_CURVE('',#644,#614,#641,.T.);
#650=FACE_BOUND('',#651,.F.);
#651=EDGE_LOOP('',(#652,#659,#664,#670,#674,#679,#684,#690));
#652=ORIENTED_EDGE('',*,*,#653,.F.);
#653=EDGE_CURVE('',#654,#656,#658,.T.);
#654=VERTEX_POINT('',#655);
#655=CARTESIAN_POINT('',(-0.1,-23.31,0.2));
#656=VERTEX_POINT('',#657);
#657=CARTESIAN_POINT('',(1.E-01,-23.31,0.2));
#658=LINE('',#655,#56);
#659=ORIENTED_EDGE('',*,*,#660,.T.);
#660=EDGE_CURVE('',#654,#661,#663,.T.);
#661=VERTEX_POINT('',#662);
#662=CARTESIAN_POINT('',(-0.1,-23.16,0.2));
#663=LINE('',#655,#33);
#664=ORIENTED_EDGE('',*,*,#665,.F.);
#665=EDGE_CURVE('',#666,#661,#668,.T.);
#666=VERTEX_POINT('',#667);
#667=CARTESIAN_POINT('',(-0.1,-22.56,0.2));
#668=LINE('',#669,#143);
#669=CARTESIAN_POINT('',(-0.1,-19.685,0.2));
#670=ORIENTED_EDGE('',*,*,#671,.T.);
#671=EDGE_CURVE('',#666,#672,#663,.T.);
#672=VERTEX_POINT('',#673);
#673=CARTESIAN_POINT('',(-0.1,-22.41,0.2));
#674=ORIENTED_EDGE('',*,*,#675,.T.);
#675=EDGE_CURVE('',#672,#676,#678,.T.);
#676=VERTEX_POINT('',#677);
#677=CARTESIAN_POINT('',(1.E-01,-22.41,0.2));
#678=LINE('',#673,#56);
#679=ORIENTED_EDGE('',*,*,#680,.T.);
#680=EDGE_CURVE('',#676,#681,#683,.T.);
#681=VERTEX_POINT('',#682);
#682=CARTESIAN_POINT('',(1.E-01,-22.56,0.2));
#683=LINE('',#677,#143);
#684=ORIENTED_EDGE('',*,*,#685,.T.);
#685=EDGE_CURVE('',#681,#686,#688,.T.);
#686=VERTEX_POINT('',#687);
#687=CARTESIAN_POINT('',(1.E-01,-23.16,0.2));
#688=LINE('',#689,#143);
#689=CARTESIAN_POINT('',(1.E-01,-19.685,0.2));
#690=ORIENTED_EDGE('',*,*,#691,.T.);
#691=EDGE_CURVE('',#686,#656,#683,.T.);
#692=FACE_BOUND('',#693,.F.);
#693=EDGE_LOOP('',(#694,#701,#706,#712,#716,#721,#726,#732));
#694=ORIENTED_EDGE('',*,*,#695,.F.);
#695=EDGE_CURVE('',#696,#698,#700,.T.);
#696=VERTEX_POINT('',#697);
#697=CARTESIAN_POINT('',(-0.1,-20.77,0.2));
#698=VERTEX_POINT('',#699);
#699=CARTESIAN_POINT('',(1.E-01,-20.77,0.2));
#700=LINE('',#697,#56);
#701=ORIENTED_EDGE('',*,*,#702,.T.);
#702=EDGE_CURVE('',#696,#703,#705,.T.);
#703=VERTEX_POINT('',#704);
#704=CARTESIAN_POINT('',(-0.1,-20.62,0.2));
#705=LINE('',#697,#33);
#706=ORIENTED_EDGE('',*,*,#707,.F.);
#707=EDGE_CURVE('',#708,#703,#710,.T.);
#708=VERTEX_POINT('',#709);
#709=CARTESIAN_POINT('',(-0.1,-20.02,0.2));
#710=LINE('',#711,#143);
#711=CARTESIAN_POINT('',(-0.1,-18.415,0.2));
#712=ORIENTED_EDGE('',*,*,#713,.T.);
#713=EDGE_CURVE('',#708,#714,#705,.T.);
#714=VERTEX_POINT('',#715);
#715=CARTESIAN_POINT('',(-0.1,-19.87,0.2));
#716=ORIENTED_EDGE('',*,*,#717,.T.);
#717=EDGE_CURVE('',#714,#718,#720,.T.);
#718=VERTEX_POINT('',#719);
#719=CARTESIAN_POINT('',(1.E-01,-19.87,0.2));
#720=LINE('',#715,#56);
#721=ORIENTED_EDGE('',*,*,#722,.T.);
#722=EDGE_CURVE('',#718,#723,#725,.T.);
#723=VERTEX_POINT('',#724);
#724=CARTESIAN_POINT('',(1.E-01,-20.02,0.2));
#725=LINE('',#719,#143);
#726=ORIENTED_EDGE('',*,*,#727,.T.);
#727=EDGE_CURVE('',#723,#728,#730,.T.);
#728=VERTEX_POINT('',#729);
#729=CARTESIAN_POINT('',(1.E-01,-20.62,0.2));
#730=LINE('',#731,#143);
#731=CARTESIAN_POINT('',(1.E-01,-18.415,0.2));
#732=ORIENTED_EDGE('',*,*,#733,.T.);
#733=EDGE_CURVE('',#728,#698,#725,.T.);
#734=FACE_BOUND('',#735,.F.);
#735=EDGE_LOOP('',(#736,#743,#748,#754,#758,#763,#768,#774));
#736=ORIENTED_EDGE('',*,*,#737,.F.);
#737=EDGE_CURVE('',#738,#740,#742,.T.);
#738=VERTEX_POINT('',#739);
#739=CARTESIAN_POINT('',(-0.1,-18.23,0.2));
#740=VERTEX_POINT('',#741);
#741=CARTESIAN_POINT('',(1.E-01,-18.23,0.2));
#742=LINE('',#739,#56);
#743=ORIENTED_EDGE('',*,*,#744,.T.);
#744=EDGE_CURVE('',#738,#745,#747,.T.);
#745=VERTEX_POINT('',#746);
#746=CARTESIAN_POINT('',(-0.1,-18.08,0.2));
#747=LINE('',#739,#33);
#748=ORIENTED_EDGE('',*,*,#749,.F.);
#749=EDGE_CURVE('',#750,#745,#752,.T.);
#750=VERTEX_POINT('',#751);
#751=CARTESIAN_POINT('',(-0.1,-17.48,0.2));
#752=LINE('',#753,#143);
#753=CARTESIAN_POINT('',(-0.1,-17.145,0.2));
#754=ORIENTED_EDGE('',*,*,#755,.T.);
#755=EDGE_CURVE('',#750,#756,#747,.T.);
#756=VERTEX_POINT('',#757);
#757=CARTESIAN_POINT('',(-0.1,-17.33,0.2));
#758=ORIENTED_EDGE('',*,*,#759,.T.);
#759=EDGE_CURVE('',#756,#760,#762,.T.);
#760=VERTEX_POINT('',#761);
#761=CARTESIAN_POINT('',(1.E-01,-17.33,0.2));
#762=LINE('',#757,#56);
#763=ORIENTED_EDGE('',*,*,#764,.T.);
#764=EDGE_CURVE('',#760,#765,#767,.T.);
#765=VERTEX_POINT('',#766);
#766=CARTESIAN_POINT('',(1.E-01,-17.48,0.2));
#767=LINE('',#761,#143);
#768=ORIENTED_EDGE('',*,*,#769,.T.);
#769=EDGE_CURVE('',#765,#770,#772,.T.);
#770=VERTEX_POINT('',#771);
#771=CARTESIAN_POINT('',(1.E-01,-18.08,0.2));
#772=LINE('',#773,#143);
#773=CARTESIAN_POINT('',(1.E-01,-17.145,0.2));
#774=ORIENTED_EDGE('',*,*,#775,.T.);
#775=EDGE_CURVE('',#770,#740,#767,.T.);
#776=FACE_BOUND('',#777,.F.);
#777=EDGE_LOOP('',(#778,#785,#790,#796,#800,#805,#810,#816));
#778=ORIENTED_EDGE('',*,*,#779,.F.);
#779=EDGE_CURVE('',#780,#782,#784,.T.);
#780=VERTEX_POINT('',#781);
#781=CARTESIAN_POINT('',(-0.1,-15.69,0.2));
#782=VERTEX_POINT('',#783);
#783=CARTESIAN_POINT('',(1.E-01,-15.69,0.2));
#784=LINE('',#781,#56);
#785=ORIENTED_EDGE('',*,*,#786,.T.);
#786=EDGE_CURVE('',#780,#787,#789,.T.);
#787=VERTEX_POINT('',#788);
#788=CARTESIAN_POINT('',(-0.1,-15.54,0.2));
#789=LINE('',#781,#33);
#790=ORIENTED_EDGE('',*,*,#791,.F.);
#791=EDGE_CURVE('',#792,#787,#794,.T.);
#792=VERTEX_POINT('',#793);
#793=CARTESIAN_POINT('',(-0.1,-14.94,0.2));
#794=LINE('',#795,#143);
#795=CARTESIAN_POINT('',(-0.1,-15.875,0.2));
#796=ORIENTED_EDGE('',*,*,#797,.T.);
#797=EDGE_CURVE('',#792,#798,#789,.T.);
#798=VERTEX_POINT('',#799);
#799=CARTESIAN_POINT('',(-0.1,-14.79,0.2));
#800=ORIENTED_EDGE('',*,*,#801,.T.);
#801=EDGE_CURVE('',#798,#802,#804,.T.);
#802=VERTEX_POINT('',#803);
#803=CARTESIAN_POINT('',(1.E-01,-14.79,0.2));
#804=LINE('',#799,#56);
#805=ORIENTED_EDGE('',*,*,#806,.T.);
#806=EDGE_CURVE('',#802,#807,#809,.T.);
#807=VERTEX_POINT('',#808);
#808=CARTESIAN_POINT('',(1.E-01,-14.94,0.2));
#809=LINE('',#803,#143);
#810=ORIENTED_EDGE('',*,*,#811,.T.);
#811=EDGE_CURVE('',#807,#812,#814,.T.);
#812=VERTEX_POINT('',#813);
#813=CARTESIAN_POINT('',(1.E-01,-15.54,0.2));
#814=LINE('',#815,#143);
#815=CARTESIAN_POINT('',(1.E-01,-15.875,0.2));
#816=ORIENTED_EDGE('',*,*,#817,.T.);
#817=EDGE_CURVE('',#812,#782,#809,.T.);
#818=FACE_BOUND('',#819,.F.);
#819=EDGE_LOOP('',(#820,#827,#832,#838,#842,#847,#852,#858));
#820=ORIENTED_EDGE('',*,*,#821,.F.);
#821=EDGE_CURVE('',#822,#824,#826,.T.);
#822=VERTEX_POINT('',#823);
#823=CARTESIAN_POINT('',(-0.1,-13.15,0.2));
#824=VERTEX_POINT('',#825);
#825=CARTESIAN_POINT('',(1.E-01,-13.15,0.2));
#826=LINE('',#823,#56);
#827=ORIENTED_EDGE('',*,*,#828,.T.);
#828=EDGE_CURVE('',#822,#829,#831,.T.);
#829=VERTEX_POINT('',#830);
#830=CARTESIAN_POINT('',(-0.1,-13.,0.2));
#831=LINE('',#823,#33);
#832=ORIENTED_EDGE('',*,*,#833,.F.);
#833=EDGE_CURVE('',#834,#829,#836,.T.);
#834=VERTEX_POINT('',#835);
#835=CARTESIAN_POINT('',(-0.1,-12.4,0.2));
#836=LINE('',#837,#143);
#837=CARTESIAN_POINT('',(-0.1,-14.605,0.2));
#838=ORIENTED_EDGE('',*,*,#839,.T.);
#839=EDGE_CURVE('',#834,#840,#831,.T.);
#840=VERTEX_POINT('',#841);
#841=CARTESIAN_POINT('',(-0.1,-12.25,0.2));
#842=ORIENTED_EDGE('',*,*,#843,.T.);
#843=EDGE_CURVE('',#840,#844,#846,.T.);
#844=VERTEX_POINT('',#845);
#845=CARTESIAN_POINT('',(1.E-01,-12.25,0.2));
#846=LINE('',#841,#56);
#847=ORIENTED_EDGE('',*,*,#848,.T.);
#848=EDGE_CURVE('',#844,#849,#851,.T.);
#849=VERTEX_POINT('',#850);
#850=CARTESIAN_POINT('',(1.E-01,-12.4,0.2));
#851=LINE('',#845,#143);
#852=ORIENTED_EDGE('',*,*,#853,.T.);
#853=EDGE_CURVE('',#849,#854,#856,.T.);
#854=VERTEX_POINT('',#855);
#855=CARTESIAN_POINT('',(1.E-01,-13.,0.2));
#856=LINE('',#857,#143);
#857=CARTESIAN_POINT('',(1.E-01,-14.605,0.2));
#858=ORIENTED_EDGE('',*,*,#859,.T.);
#859=EDGE_CURVE('',#854,#824,#851,.T.);
#860=FACE_BOUND('',#861,.F.);
#861=EDGE_LOOP('',(#862,#869,#874,#880,#884,#889,#894,#900));
#862=ORIENTED_EDGE('',*,*,#863,.F.);
#863=EDGE_CURVE('',#864,#866,#868,.T.);
#864=VERTEX_POINT('',#865);
#865=CARTESIAN_POINT('',(-0.1,-10.61,0.2));
#866=VERTEX_POINT('',#867);
#867=CARTESIAN_POINT('',(1.E-01,-10.61,0.2));
#868=LINE('',#865,#56);
#869=ORIENTED_EDGE('',*,*,#870,.T.);
#870=EDGE_CURVE('',#864,#871,#873,.T.);
#871=VERTEX_POINT('',#872);
#872=CARTESIAN_POINT('',(-0.1,-10.46,0.2));
#873=LINE('',#865,#33);
#874=ORIENTED_EDGE('',*,*,#875,.F.);
#875=EDGE_CURVE('',#876,#871,#878,.T.);
#876=VERTEX_POINT('',#877);
#877=CARTESIAN_POINT('',(-0.1,-9.86,0.2));
#878=LINE('',#879,#143);
#879=CARTESIAN_POINT('',(-0.1,-13.335,0.2));
#880=ORIENTED_EDGE('',*,*,#881,.T.);
#881=EDGE_CURVE('',#876,#882,#873,.T.);
#882=VERTEX_POINT('',#883);
#883=CARTESIAN_POINT('',(-0.1,-9.71,0.2));
#884=ORIENTED_EDGE('',*,*,#885,.T.);
#885=EDGE_CURVE('',#882,#886,#888,.T.);
#886=VERTEX_POINT('',#887);
#887=CARTESIAN_POINT('',(1.E-01,-9.71,0.2));
#888=LINE('',#883,#56);
#889=ORIENTED_EDGE('',*,*,#890,.T.);
#890=EDGE_CURVE('',#886,#891,#893,.T.);
#891=VERTEX_POINT('',#892);
#892=CARTESIAN_POINT('',(1.E-01,-9.86,0.2));
#893=LINE('',#887,#143);
#894=ORIENTED_EDGE('',*,*,#895,.T.);
#895=EDGE_CURVE('',#891,#896,#898,.T.);
#896=VERTEX_POINT('',#897);
#897=CARTESIAN_POINT('',(1.E-01,-10.46,0.2));
#898=LINE('',#899,#143);
#899=CARTESIAN_POINT('',(1.E-01,-13.335,0.2));
#900=ORIENTED_EDGE('',*,*,#901,.T.);
#901=EDGE_CURVE('',#896,#866,#893,.T.);
#902=FACE_BOUND('',#903,.F.);
#903=EDGE_LOOP('',(#904,#911,#916,#922,#926,#931,#936,#942));
#904=ORIENTED_EDGE('',*,*,#905,.F.);
#905=EDGE_CURVE('',#906,#908,#910,.T.);
#906=VERTEX_POINT('',#907);
#907=CARTESIAN_POINT('',(-0.1,-8.07,0.2));
#908=VERTEX_POINT('',#909);
#909=CARTESIAN_POINT('',(1.E-01,-8.07,0.2));
#910=LINE('',#907,#56);
#911=ORIENTED_EDGE('',*,*,#912,.T.);
#912=EDGE_CURVE('',#906,#913,#915,.T.);
#913=VERTEX_POINT('',#914);
#914=CARTESIAN_POINT('',(-0.1,-7.92,0.2));
#915=LINE('',#907,#33);
#916=ORIENTED_EDGE('',*,*,#917,.F.);
#917=EDGE_CURVE('',#918,#913,#920,.T.);
#918=VERTEX_POINT('',#919);
#919=CARTESIAN_POINT('',(-0.1,-7.32,0.2));
#920=LINE('',#921,#143);
#921=CARTESIAN_POINT('',(-0.1,-12.065,0.2));
#922=ORIENTED_EDGE('',*,*,#923,.T.);
#923=EDGE_CURVE('',#918,#924,#915,.T.);
#924=VERTEX_POINT('',#925);
#925=CARTESIAN_POINT('',(-0.1,-7.17,0.2));
#926=ORIENTED_EDGE('',*,*,#927,.T.);
#927=EDGE_CURVE('',#924,#928,#930,.T.);
#928=VERTEX_POINT('',#929);
#929=CARTESIAN_POINT('',(1.E-01,-7.17,0.2));
#930=LINE('',#925,#56);
#931=ORIENTED_EDGE('',*,*,#932,.T.);
#932=EDGE_CURVE('',#928,#933,#935,.T.);
#933=VERTEX_POINT('',#934);
#934=CARTESIAN_POINT('',(1.E-01,-7.32,0.2));
#935=LINE('',#929,#143);
#936=ORIENTED_EDGE('',*,*,#937,.T.);
#937=EDGE_CURVE('',#933,#938,#940,.T.);
#938=VERTEX_POINT('',#939);
#939=CARTESIAN_POINT('',(1.E-01,-7.92,0.2));
#940=LINE('',#941,#143);
#941=CARTESIAN_POINT('',(1.E-01,-12.065,0.2));
#942=ORIENTED_EDGE('',*,*,#943,.T.);
#943=EDGE_CURVE('',#938,#908,#935,.T.);
#944=FACE_BOUND('',#945,.F.);
#945=EDGE_LOOP('',(#946,#953,#958,#964,#968,#973,#978,#984));
#946=ORIENTED_EDGE('',*,*,#947,.F.);
#947=EDGE_CURVE('',#948,#950,#952,.T.);
#948=VERTEX_POINT('',#949);
#949=CARTESIAN_POINT('',(-0.1,-5.53,0.2));
#950=VERTEX_POINT('',#951);
#951=CARTESIAN_POINT('',(1.E-01,-5.53,0.2));
#952=LINE('',#949,#56);
#953=ORIENTED_EDGE('',*,*,#954,.T.);
#954=EDGE_CURVE('',#948,#955,#957,.T.);
#955=VERTEX_POINT('',#956);
#956=CARTESIAN_POINT('',(-0.1,-5.38,0.2));
#957=LINE('',#949,#33);
#958=ORIENTED_EDGE('',*,*,#959,.F.);
#959=EDGE_CURVE('',#960,#955,#962,.T.);
#960=VERTEX_POINT('',#961);
#961=CARTESIAN_POINT('',(-0.1,-4.78,0.2));
#962=LINE('',#963,#143);
#963=CARTESIAN_POINT('',(-0.1,-10.795,0.2));
#964=ORIENTED_EDGE('',*,*,#965,.T.);
#965=EDGE_CURVE('',#960,#966,#957,.T.);
#966=VERTEX_POINT('',#967);
#967=CARTESIAN_POINT('',(-0.1,-4.63,0.2));
#968=ORIENTED_EDGE('',*,*,#969,.T.);
#969=EDGE_CURVE('',#966,#970,#972,.T.);
#970=VERTEX_POINT('',#971);
#971=CARTESIAN_POINT('',(1.E-01,-4.63,0.2));
#972=LINE('',#967,#56);
#973=ORIENTED_EDGE('',*,*,#974,.T.);
#974=EDGE_CURVE('',#970,#975,#977,.T.);
#975=VERTEX_POINT('',#976);
#976=CARTESIAN_POINT('',(1.E-01,-4.78,0.2));
#977=LINE('',#971,#143);
#978=ORIENTED_EDGE('',*,*,#979,.T.);
#979=EDGE_CURVE('',#975,#980,#982,.T.);
#980=VERTEX_POINT('',#981);
#981=CARTESIAN_POINT('',(1.E-01,-5.38,0.2));
#982=LINE('',#983,#143);
#983=CARTESIAN_POINT('',(1.E-01,-10.795,0.2));
#984=ORIENTED_EDGE('',*,*,#985,.T.);
#985=EDGE_CURVE('',#980,#950,#977,.T.);
#986=FACE_BOUND('',#987,.F.);
#987=EDGE_LOOP('',(#988,#995,#1000,#1006,#1010,#1015,#1020,#1026));
#988=ORIENTED_EDGE('',*,*,#989,.F.);
#989=EDGE_CURVE('',#990,#992,#994,.T.);
#990=VERTEX_POINT('',#991);
#991=CARTESIAN_POINT('',(-0.1,-2.99,0.2));
#992=VERTEX_POINT('',#993);
#993=CARTESIAN_POINT('',(1.E-01,-2.99,0.2));
#994=LINE('',#991,#56);
#995=ORIENTED_EDGE('',*,*,#996,.T.);
#996=EDGE_CURVE('',#990,#997,#999,.T.);
#997=VERTEX_POINT('',#998);
#998=CARTESIAN_POINT('',(-0.1,-2.84,0.2));
#999=LINE('',#991,#33);
#1000=ORIENTED_EDGE('',*,*,#1001,.F.);
#1001=EDGE_CURVE('',#1002,#997,#1004,.T.);
#1002=VERTEX_POINT('',#1003);
#1003=CARTESIAN_POINT('',(-0.1,-2.24,0.2));
#1004=LINE('',#1005,#143);
#1005=CARTESIAN_POINT('',(-0.1,-9.525,0.2));
#1006=ORIENTED_EDGE('',*,*,#1007,.T.);
#1007=EDGE_CURVE('',#1002,#1008,#999,.T.);
#1008=VERTEX_POINT('',#1009);
#1009=CARTESIAN_POINT('',(-0.1,-2.09,0.2));
#1010=ORIENTED_EDGE('',*,*,#1011,.T.);
#1011=EDGE_CURVE('',#1008,#1012,#1014,.T.);
#1012=VERTEX_POINT('',#1013);
#1013=CARTESIAN_POINT('',(1.E-01,-2.09,0.2));
#1014=LINE('',#1009,#56);
#1015=ORIENTED_EDGE('',*,*,#1016,.T.);
#1016=EDGE_CURVE('',#1012,#1017,#1019,.T.);
#1017=VERTEX_POINT('',#1018);
#1018=CARTESIAN_POINT('',(1.E-01,-2.24,0.2));
#1019=LINE('',#1013,#143);
#1020=ORIENTED_EDGE('',*,*,#1021,.T.);
#1021=EDGE_CURVE('',#1017,#1022,#1024,.T.);
#1022=VERTEX_POINT('',#1023);
#1023=CARTESIAN_POINT('',(1.E-01,-2.84,0.2));
#1024=LINE('',#1025,#143);
#1025=CARTESIAN_POINT('',(1.E-01,-9.525,0.2));
#1026=ORIENTED_EDGE('',*,*,#1027,.T.);
#1027=EDGE_CURVE('',#1022,#992,#1019,.T.);
#1028=FACE_BOUND('',#1029,.F.);
#1029=EDGE_LOOP('',(#1030,#1037,#1042,#1048,#1052,#1057,#1062,#1068));
#1030=ORIENTED_EDGE('',*,*,#1031,.F.);
#1031=EDGE_CURVE('',#1032,#1034,#1036,.T.);
#1032=VERTEX_POINT('',#1033);
#1033=CARTESIAN_POINT('',(-0.1,-0.45,0.2));
#1034=VERTEX_POINT('',#1035);
#1035=CARTESIAN_POINT('',(1.E-01,-0.45,0.2));
#1036=LINE('',#1033,#56);
#1037=ORIENTED_EDGE('',*,*,#1038,.T.);
#1038=EDGE_CURVE('',#1032,#1039,#1041,.T.);
#1039=VERTEX_POINT('',#1040);
#1040=CARTESIAN_POINT('',(-0.1,-0.3,0.2));
#1041=LINE('',#1033,#33);
#1042=ORIENTED_EDGE('',*,*,#1043,.F.);
#1043=EDGE_CURVE('',#1044,#1039,#1046,.T.);
#1044=VERTEX_POINT('',#1045);
#1045=CARTESIAN_POINT('',(-1.E-01,0.3,0.2));
#1046=LINE('',#1047,#143);
#1047=CARTESIAN_POINT('',(-0.1,-8.255,0.2));
#1048=ORIENTED_EDGE('',*,*,#1049,.T.);
#1049=EDGE_CURVE('',#1044,#1050,#1041,.T.);
#1050=VERTEX_POINT('',#1051);
#1051=CARTESIAN_POINT('',(-1.E-01,0.45,0.2));
#1052=ORIENTED_EDGE('',*,*,#1053,.T.);
#1053=EDGE_CURVE('',#1050,#1054,#1056,.T.);
#1054=VERTEX_POINT('',#1055);
#1055=CARTESIAN_POINT('',(0.1,0.45,0.2));
#1056=LINE('',#1051,#56);
#1057=ORIENTED_EDGE('',*,*,#1058,.T.);
#1058=EDGE_CURVE('',#1054,#1059,#1061,.T.);
#1059=VERTEX_POINT('',#1060);
#1060=CARTESIAN_POINT('',(0.1,0.3,0.2));
#1061=LINE('',#1055,#143);
#1062=ORIENTED_EDGE('',*,*,#1063,.T.);
#1063=EDGE_CURVE('',#1059,#1064,#1066,.T.);
#1064=VERTEX_POINT('',#1065);
#1065=CARTESIAN_POINT('',(0.1,-0.3,0.2));
#1066=LINE('',#1067,#143);
#1067=CARTESIAN_POINT('',(1.E-01,-8.255,0.2));
#1068=ORIENTED_EDGE('',*,*,#1069,.T.);
#1069=EDGE_CURVE('',#1064,#1034,#1061,.T.);
#1070=PLANE('',#1071);
#1071=AXIS2_PLACEMENT_3D('',#1072,#13,#34);
#1072=CARTESIAN_POINT('',(-1.660683044194E-15,-16.51,0.2));
#1073=ADVANCED_FACE('',(#1074),#1076,.T.);
#1074=FACE_BOUND('',#1075,.T.);
#1075=EDGE_LOOP('',(#70,#477,#119,#131));
#1076=PLANE('',#1077);
#1077=AXIS2_PLACEMENT_3D('',#69,#45,#34);
#1078=ADVANCED_FACE('',(#1079),#1084,.F.);
#1079=FACE_BOUND('',#1080,.F.);
#1080=EDGE_LOOP('',(#1081,#140,#1082,#1083));
#1081=ORIENTED_EDGE('',*,*,#101,.T.);
#1082=ORIENTED_EDGE('',*,*,#58,.F.);
#1083=ORIENTED_EDGE('',*,*,#464,.F.);
#1084=PLANE('',#1085);
#1085=AXIS2_PLACEMENT_3D('',#103,#14,#124);
#1086=ADVANCED_FACE('',(#1087),#1108,.T.);
#1087=FACE_BOUND('',#1088,.T.);
#1088=EDGE_LOOP('',(#1089,#1096,#1097,#1104));
#1089=ORIENTED_EDGE('',*,*,#1090,.F.);
#1090=EDGE_CURVE('',#148,#1091,#1093,.T.);
#1091=VERTEX_POINT('',#1092);
#1092=CARTESIAN_POINT('',(0.3,-33.32,8.2));
#1093=LINE('',#1092,#1094);
#1094=VECTOR('',#1095,1.);
#1095=DIRECTION('',(-0.57735026919,0.57735026919,-0.57735026919));
#1096=ORIENTED_EDGE('',*,*,#147,.T.);
#1097=ORIENTED_EDGE('',*,*,#1098,.T.);
#1098=EDGE_CURVE('',#150,#1099,#1101,.T.);
#1099=VERTEX_POINT('',#1100);
#1100=CARTESIAN_POINT('',(0.3,-32.72,8.2));
#1101=LINE('',#1100,#1102);
#1102=VECTOR('',#1103,1.);
#1103=DIRECTION('',(-0.57735026919,-0.57735026919,-0.57735026919));
#1104=ORIENTED_EDGE('',*,*,#1105,.F.);
#1105=EDGE_CURVE('',#1091,#1099,#1106,.T.);
#1106=LINE('',#1107,#33);
#1107=CARTESIAN_POINT('',(0.3,-33.62,8.2));
#1108=PLANE('',#1109);
#1109=AXIS2_PLACEMENT_3D('',#1110,#1111,#34);
#1110=CARTESIAN_POINT('',(0.45,-33.62,8.35));
#1111=DIRECTION('',(-0.707106781187,7.850462293419E-17,0.707106781187));
#1112=ADVANCED_FACE('',(#1113),#1128,.T.);
#1113=FACE_BOUND('',#1114,.T.);
#1114=EDGE_LOOP('',(#1115,#1116,#1117,#1124));
#1115=ORIENTED_EDGE('',*,*,#1098,.F.);
#1116=ORIENTED_EDGE('',*,*,#164,.T.);
#1117=ORIENTED_EDGE('',*,*,#1118,.T.);
#1118=EDGE_CURVE('',#160,#1119,#1121,.T.);
#1119=VERTEX_POINT('',#1120);
#1120=CARTESIAN_POINT('',(-0.3,-32.72,8.2));
#1121=LINE('',#1120,#1122);
#1122=VECTOR('',#1123,1.);
#1123=DIRECTION('',(0.57735026919,-0.57735026919,-0.57735026919));
#1124=ORIENTED_EDGE('',*,*,#1125,.F.);
#1125=EDGE_CURVE('',#1099,#1119,#1126,.T.);
#1126=LINE('',#1127,#93);
#1127=CARTESIAN_POINT('',(0.6,-32.72,8.2));
#1128=PLANE('',#1129);
#1129=AXIS2_PLACEMENT_3D('',#1130,#1131,#45);
#1130=CARTESIAN_POINT('',(0.6,-32.57,8.35));
#1131=DIRECTION('',(-7.850462293419E-17,-0.707106781187,0.707106781187));
#1132=ADVANCED_FACE('',(#1133),#1148,.T.);
#1133=FACE_BOUND('',#1134,.T.);
#1134=EDGE_LOOP('',(#1135,#1136,#1137,#1144));
#1135=ORIENTED_EDGE('',*,*,#1118,.F.);
#1136=ORIENTED_EDGE('',*,*,#159,.T.);
#1137=ORIENTED_EDGE('',*,*,#1138,.T.);
#1138=EDGE_CURVE('',#155,#1139,#1141,.T.);
#1139=VERTEX_POINT('',#1140);
#1140=CARTESIAN_POINT('',(-0.3,-33.32,8.2));
#1141=LINE('',#1140,#1142);
#1142=VECTOR('',#1143,1.);
#1143=DIRECTION('',(0.57735026919,0.57735026919,-0.57735026919));
#1144=ORIENTED_EDGE('',*,*,#1145,.F.);
#1145=EDGE_CURVE('',#1119,#1139,#1146,.T.);
#1146=LINE('',#1147,#143);
#1147=CARTESIAN_POINT('',(-0.3,-32.42,8.2));
#1148=PLANE('',#1149);
#1149=AXIS2_PLACEMENT_3D('',#1150,#1151,#124);
#1150=CARTESIAN_POINT('',(-0.45,-32.42,8.35));
#1151=DIRECTION('',(0.707106781187,-7.850462293419E-17,0.707106781187));
#1152=ADVANCED_FACE('',(#1153),#1162,.T.);
#1153=FACE_BOUND('',#1154,.T.);
#1154=EDGE_LOOP('',(#1155,#1156,#1157,#1158));
#1155=ORIENTED_EDGE('',*,*,#1138,.F.);
#1156=ORIENTED_EDGE('',*,*,#154,.T.);
#1157=ORIENTED_EDGE('',*,*,#1090,.T.);
#1158=ORIENTED_EDGE('',*,*,#1159,.F.);
#1159=EDGE_CURVE('',#1139,#1091,#1160,.T.);
#1160=LINE('',#1161,#56);
#1161=CARTESIAN_POINT('',(-0.6,-33.32,8.2));
#1162=PLANE('',#1163);
#1163=AXIS2_PLACEMENT_3D('',#1164,#1165,#14);
#1164=CARTESIAN_POINT('',(-0.6,-33.47,8.35));
#1165=DIRECTION('',(8.197719098454E-17,0.707106781187,0.707106781187));
#1166=ADVANCED_FACE('',(#1167),#1184,.T.);
#1167=FACE_BOUND('',#1168,.T.);
#1168=EDGE_LOOP('',(#1169,#1174,#1175,#1180));
#1169=ORIENTED_EDGE('',*,*,#1170,.F.);
#1170=EDGE_CURVE('',#170,#1171,#1173,.T.);
#1171=VERTEX_POINT('',#1172);
#1172=CARTESIAN_POINT('',(0.3,-30.78,8.2));
#1173=LINE('',#1172,#1094);
#1174=ORIENTED_EDGE('',*,*,#169,.T.);
#1175=ORIENTED_EDGE('',*,*,#1176,.T.);
#1176=EDGE_CURVE('',#172,#1177,#1179,.T.);
#1177=VERTEX_POINT('',#1178);
#1178=CARTESIAN_POINT('',(0.3,-30.18,8.2));
#1179=LINE('',#1178,#1102);
#1180=ORIENTED_EDGE('',*,*,#1181,.F.);
#1181=EDGE_CURVE('',#1171,#1177,#1182,.T.);
#1182=LINE('',#1183,#33);
#1183=CARTESIAN_POINT('',(0.3,-31.08,8.2));
#1184=PLANE('',#1185);
#1185=AXIS2_PLACEMENT_3D('',#1186,#1111,#34);
#1186=CARTESIAN_POINT('',(0.45,-31.08,8.35));
#1187=ADVANCED_FACE('',(#1188),#1201,.T.);
#1188=FACE_BOUND('',#1189,.T.);
#1189=EDGE_LOOP('',(#1190,#1191,#1192,#1197));
#1190=ORIENTED_EDGE('',*,*,#1176,.F.);
#1191=ORIENTED_EDGE('',*,*,#186,.T.);
#1192=ORIENTED_EDGE('',*,*,#1193,.T.);
#1193=EDGE_CURVE('',#182,#1194,#1196,.T.);
#1194=VERTEX_POINT('',#1195);
#1195=CARTESIAN_POINT('',(-0.3,-30.18,8.2));
#1196=LINE('',#1195,#1122);
#1197=ORIENTED_EDGE('',*,*,#1198,.F.);
#1198=EDGE_CURVE('',#1177,#1194,#1199,.T.);
#1199=LINE('',#1200,#93);
#1200=CARTESIAN_POINT('',(0.6,-30.18,8.2));
#1201=PLANE('',#1202);
#1202=AXIS2_PLACEMENT_3D('',#1203,#1131,#45);
#1203=CARTESIAN_POINT('',(0.6,-30.03,8.35));
#1204=ADVANCED_FACE('',(#1205),#1218,.T.);
#1205=FACE_BOUND('',#1206,.T.);
#1206=EDGE_LOOP('',(#1207,#1208,#1209,#1214));
#1207=ORIENTED_EDGE('',*,*,#1193,.F.);
#1208=ORIENTED_EDGE('',*,*,#181,.T.);
#1209=ORIENTED_EDGE('',*,*,#1210,.T.);
#1210=EDGE_CURVE('',#177,#1211,#1213,.T.);
#1211=VERTEX_POINT('',#1212);
#1212=CARTESIAN_POINT('',(-0.3,-30.78,8.2));
#1213=LINE('',#1212,#1142);
#1214=ORIENTED_EDGE('',*,*,#1215,.F.);
#1215=EDGE_CURVE('',#1194,#1211,#1216,.T.);
#1216=LINE('',#1217,#143);
#1217=CARTESIAN_POINT('',(-0.3,-29.88,8.2));
#1218=PLANE('',#1219);
#1219=AXIS2_PLACEMENT_3D('',#1220,#1151,#124);
#1220=CARTESIAN_POINT('',(-0.45,-29.88,8.35));
#1221=ADVANCED_FACE('',(#1222),#1231,.T.);
#1222=FACE_BOUND('',#1223,.T.);
#1223=EDGE_LOOP('',(#1224,#1225,#1226,#1227));
#1224=ORIENTED_EDGE('',*,*,#1210,.F.);
#1225=ORIENTED_EDGE('',*,*,#176,.T.);
#1226=ORIENTED_EDGE('',*,*,#1170,.T.);
#1227=ORIENTED_EDGE('',*,*,#1228,.F.);
#1228=EDGE_CURVE('',#1211,#1171,#1229,.T.);
#1229=LINE('',#1230,#56);
#1230=CARTESIAN_POINT('',(-0.6,-30.78,8.2));
#1231=PLANE('',#1232);
#1232=AXIS2_PLACEMENT_3D('',#1233,#1165,#14);
#1233=CARTESIAN_POINT('',(-0.6,-30.93,8.35));
#1234=ADVANCED_FACE('',(#1235),#1252,.T.);
#1235=FACE_BOUND('',#1236,.T.);
#1236=EDGE_LOOP('',(#1237,#1242,#1243,#1248));
#1237=ORIENTED_EDGE('',*,*,#1238,.F.);
#1238=EDGE_CURVE('',#192,#1239,#1241,.T.);
#1239=VERTEX_POINT('',#1240);
#1240=CARTESIAN_POINT('',(0.3,-28.24,8.2));
#1241=LINE('',#1240,#1094);
#1242=ORIENTED_EDGE('',*,*,#191,.T.);
#1243=ORIENTED_EDGE('',*,*,#1244,.T.);
#1244=EDGE_CURVE('',#194,#1245,#1247,.T.);
#1245=VERTEX_POINT('',#1246);
#1246=CARTESIAN_POINT('',(0.3,-27.64,8.2));
#1247=LINE('',#1246,#1102);
#1248=ORIENTED_EDGE('',*,*,#1249,.F.);
#1249=EDGE_CURVE('',#1239,#1245,#1250,.T.);
#1250=LINE('',#1251,#33);
#1251=CARTESIAN_POINT('',(0.3,-28.54,8.2));
#1252=PLANE('',#1253);
#1253=AXIS2_PLACEMENT_3D('',#1254,#1111,#34);
#1254=CARTESIAN_POINT('',(0.45,-28.54,8.35));
#1255=ADVANCED_FACE('',(#1256),#1269,.T.);
#1256=FACE_BOUND('',#1257,.T.);
#1257=EDGE_LOOP('',(#1258,#1259,#1260,#1265));
#1258=ORIENTED_EDGE('',*,*,#1244,.F.);
#1259=ORIENTED_EDGE('',*,*,#208,.T.);
#1260=ORIENTED_EDGE('',*,*,#1261,.T.);
#1261=EDGE_CURVE('',#204,#1262,#1264,.T.);
#1262=VERTEX_POINT('',#1263);
#1263=CARTESIAN_POINT('',(-0.3,-27.64,8.2));
#1264=LINE('',#1263,#1122);
#1265=ORIENTED_EDGE('',*,*,#1266,.F.);
#1266=EDGE_CURVE('',#1245,#1262,#1267,.T.);
#1267=LINE('',#1268,#93);
#1268=CARTESIAN_POINT('',(0.6,-27.64,8.2));
#1269=PLANE('',#1270);
#1270=AXIS2_PLACEMENT_3D('',#1271,#1131,#45);
#1271=CARTESIAN_POINT('',(0.6,-27.49,8.35));
#1272=ADVANCED_FACE('',(#1273),#1286,.T.);
#1273=FACE_BOUND('',#1274,.T.);
#1274=EDGE_LOOP('',(#1275,#1276,#1277,#1282));
#1275=ORIENTED_EDGE('',*,*,#1261,.F.);
#1276=ORIENTED_EDGE('',*,*,#203,.T.);
#1277=ORIENTED_EDGE('',*,*,#1278,.T.);
#1278=EDGE_CURVE('',#199,#1279,#1281,.T.);
#1279=VERTEX_POINT('',#1280);
#1280=CARTESIAN_POINT('',(-0.3,-28.24,8.2));
#1281=LINE('',#1280,#1142);
#1282=ORIENTED_EDGE('',*,*,#1283,.F.);
#1283=EDGE_CURVE('',#1262,#1279,#1284,.T.);
#1284=LINE('',#1285,#143);
#1285=CARTESIAN_POINT('',(-0.3,-27.34,8.2));
#1286=PLANE('',#1287);
#1287=AXIS2_PLACEMENT_3D('',#1288,#1151,#124);
#1288=CARTESIAN_POINT('',(-0.45,-27.34,8.35));
#1289=ADVANCED_FACE('',(#1290),#1299,.T.);
#1290=FACE_BOUND('',#1291,.T.);
#1291=EDGE_LOOP('',(#1292,#1293,#1294,#1295));
#1292=ORIENTED_EDGE('',*,*,#1278,.F.);
#1293=ORIENTED_EDGE('',*,*,#198,.T.);
#1294=ORIENTED_EDGE('',*,*,#1238,.T.);
#1295=ORIENTED_EDGE('',*,*,#1296,.F.);
#1296=EDGE_CURVE('',#1279,#1239,#1297,.T.);
#1297=LINE('',#1298,#56);
#1298=CARTESIAN_POINT('',(-0.6,-28.24,8.2));
#1299=PLANE('',#1300);
#1300=AXIS2_PLACEMENT_3D('',#1301,#1165,#14);
#1301=CARTESIAN_POINT('',(-0.6,-28.39,8.35));
#1302=ADVANCED_FACE('',(#1303),#1320,.T.);
#1303=FACE_BOUND('',#1304,.T.);
#1304=EDGE_LOOP('',(#1305,#1310,#1311,#1316));
#1305=ORIENTED_EDGE('',*,*,#1306,.F.);
#1306=EDGE_CURVE('',#214,#1307,#1309,.T.);
#1307=VERTEX_POINT('',#1308);
#1308=CARTESIAN_POINT('',(0.3,-25.7,8.2));
#1309=LINE('',#1308,#1094);
#1310=ORIENTED_EDGE('',*,*,#213,.T.);
#1311=ORIENTED_EDGE('',*,*,#1312,.T.);
#1312=EDGE_CURVE('',#216,#1313,#1315,.T.);
#1313=VERTEX_POINT('',#1314);
#1314=CARTESIAN_POINT('',(0.3,-25.1,8.2));
#1315=LINE('',#1314,#1102);
#1316=ORIENTED_EDGE('',*,*,#1317,.F.);
#1317=EDGE_CURVE('',#1307,#1313,#1318,.T.);
#1318=LINE('',#1319,#33);
#1319=CARTESIAN_POINT('',(0.3,-26.,8.2));
#1320=PLANE('',#1321);
#1321=AXIS2_PLACEMENT_3D('',#1322,#1111,#34);
#1322=CARTESIAN_POINT('',(0.45,-26.,8.35));
#1323=ADVANCED_FACE('',(#1324),#1337,.T.);
#1324=FACE_BOUND('',#1325,.T.);
#1325=EDGE_LOOP('',(#1326,#1327,#1328,#1333));
#1326=ORIENTED_EDGE('',*,*,#1312,.F.);
#1327=ORIENTED_EDGE('',*,*,#230,.T.);
#1328=ORIENTED_EDGE('',*,*,#1329,.T.);
#1329=EDGE_CURVE('',#226,#1330,#1332,.T.);
#1330=VERTEX_POINT('',#1331);
#1331=CARTESIAN_POINT('',(-0.3,-25.1,8.2));
#1332=LINE('',#1331,#1122);
#1333=ORIENTED_EDGE('',*,*,#1334,.F.);
#1334=EDGE_CURVE('',#1313,#1330,#1335,.T.);
#1335=LINE('',#1336,#93);
#1336=CARTESIAN_POINT('',(0.6,-25.1,8.2));
#1337=PLANE('',#1338);
#1338=AXIS2_PLACEMENT_3D('',#1339,#1131,#45);
#1339=CARTESIAN_POINT('',(0.6,-24.95,8.35));
#1340=ADVANCED_FACE('',(#1341),#1354,.T.);
#1341=FACE_BOUND('',#1342,.T.);
#1342=EDGE_LOOP('',(#1343,#1344,#1345,#1350));
#1343=ORIENTED_EDGE('',*,*,#1329,.F.);
#1344=ORIENTED_EDGE('',*,*,#225,.T.);
#1345=ORIENTED_EDGE('',*,*,#1346,.T.);
#1346=EDGE_CURVE('',#221,#1347,#1349,.T.);
#1347=VERTEX_POINT('',#1348);
#1348=CARTESIAN_POINT('',(-0.3,-25.7,8.2));
#1349=LINE('',#1348,#1142);
#1350=ORIENTED_EDGE('',*,*,#1351,.F.);
#1351=EDGE_CURVE('',#1330,#1347,#1352,.T.);
#1352=LINE('',#1353,#143);
#1353=CARTESIAN_POINT('',(-0.3,-24.8,8.2));
#1354=PLANE('',#1355);
#1355=AXIS2_PLACEMENT_3D('',#1356,#1151,#124);
#1356=CARTESIAN_POINT('',(-0.45,-24.8,8.35));
#1357=ADVANCED_FACE('',(#1358),#1367,.T.);
#1358=FACE_BOUND('',#1359,.T.);
#1359=EDGE_LOOP('',(#1360,#1361,#1362,#1363));
#1360=ORIENTED_EDGE('',*,*,#1346,.F.);
#1361=ORIENTED_EDGE('',*,*,#220,.T.);
#1362=ORIENTED_EDGE('',*,*,#1306,.T.);
#1363=ORIENTED_EDGE('',*,*,#1364,.F.);
#1364=EDGE_CURVE('',#1347,#1307,#1365,.T.);
#1365=LINE('',#1366,#56);
#1366=CARTESIAN_POINT('',(-0.6,-25.7,8.2));
#1367=PLANE('',#1368);
#1368=AXIS2_PLACEMENT_3D('',#1369,#1165,#14);
#1369=CARTESIAN_POINT('',(-0.6,-25.85,8.35));
#1370=ADVANCED_FACE('',(#1371),#1388,.T.);
#1371=FACE_BOUND('',#1372,.T.);
#1372=EDGE_LOOP('',(#1373,#1378,#1379,#1384));
#1373=ORIENTED_EDGE('',*,*,#1374,.F.);
#1374=EDGE_CURVE('',#236,#1375,#1377,.T.);
#1375=VERTEX_POINT('',#1376);
#1376=CARTESIAN_POINT('',(0.3,-23.16,8.2));
#1377=LINE('',#1376,#1094);
#1378=ORIENTED_EDGE('',*,*,#235,.T.);
#1379=ORIENTED_EDGE('',*,*,#1380,.T.);
#1380=EDGE_CURVE('',#238,#1381,#1383,.T.);
#1381=VERTEX_POINT('',#1382);
#1382=CARTESIAN_POINT('',(0.3,-22.56,8.2));
#1383=LINE('',#1382,#1102);
#1384=ORIENTED_EDGE('',*,*,#1385,.F.);
#1385=EDGE_CURVE('',#1375,#1381,#1386,.T.);
#1386=LINE('',#1387,#33);
#1387=CARTESIAN_POINT('',(0.3,-23.46,8.2));
#1388=PLANE('',#1389);
#1389=AXIS2_PLACEMENT_3D('',#1390,#1111,#34);
#1390=CARTESIAN_POINT('',(0.45,-23.46,8.35));
#1391=ADVANCED_FACE('',(#1392),#1405,.T.);
#1392=FACE_BOUND('',#1393,.T.);
#1393=EDGE_LOOP('',(#1394,#1395,#1396,#1401));
#1394=ORIENTED_EDGE('',*,*,#1380,.F.);
#1395=ORIENTED_EDGE('',*,*,#252,.T.);
#1396=ORIENTED_EDGE('',*,*,#1397,.T.);
#1397=EDGE_CURVE('',#248,#1398,#1400,.T.);
#1398=VERTEX_POINT('',#1399);
#1399=CARTESIAN_POINT('',(-0.3,-22.56,8.2));
#1400=LINE('',#1399,#1122);
#1401=ORIENTED_EDGE('',*,*,#1402,.F.);
#1402=EDGE_CURVE('',#1381,#1398,#1403,.T.);
#1403=LINE('',#1404,#93);
#1404=CARTESIAN_POINT('',(0.6,-22.56,8.2));
#1405=PLANE('',#1406);
#1406=AXIS2_PLACEMENT_3D('',#1407,#1131,#45);
#1407=CARTESIAN_POINT('',(0.6,-22.41,8.35));
#1408=ADVANCED_FACE('',(#1409),#1422,.T.);
#1409=FACE_BOUND('',#1410,.T.);
#1410=EDGE_LOOP('',(#1411,#1412,#1413,#1418));
#1411=ORIENTED_EDGE('',*,*,#1397,.F.);
#1412=ORIENTED_EDGE('',*,*,#247,.T.);
#1413=ORIENTED_EDGE('',*,*,#1414,.T.);
#1414=EDGE_CURVE('',#243,#1415,#1417,.T.);
#1415=VERTEX_POINT('',#1416);
#1416=CARTESIAN_POINT('',(-0.3,-23.16,8.2));
#1417=LINE('',#1416,#1142);
#1418=ORIENTED_EDGE('',*,*,#1419,.F.);
#1419=EDGE_CURVE('',#1398,#1415,#1420,.T.);
#1420=LINE('',#1421,#143);
#1421=CARTESIAN_POINT('',(-0.3,-22.26,8.2));
#1422=PLANE('',#1423);
#1423=AXIS2_PLACEMENT_3D('',#1424,#1151,#124);
#1424=CARTESIAN_POINT('',(-0.45,-22.26,8.35));
#1425=ADVANCED_FACE('',(#1426),#1435,.T.);
#1426=FACE_BOUND('',#1427,.T.);
#1427=EDGE_LOOP('',(#1428,#1429,#1430,#1431));
#1428=ORIENTED_EDGE('',*,*,#1414,.F.);
#1429=ORIENTED_EDGE('',*,*,#242,.T.);
#1430=ORIENTED_EDGE('',*,*,#1374,.T.);
#1431=ORIENTED_EDGE('',*,*,#1432,.F.);
#1432=EDGE_CURVE('',#1415,#1375,#1433,.T.);
#1433=LINE('',#1434,#56);
#1434=CARTESIAN_POINT('',(-0.6,-23.16,8.2));
#1435=PLANE('',#1436);
#1436=AXIS2_PLACEMENT_3D('',#1437,#1165,#14);
#1437=CARTESIAN_POINT('',(-0.6,-23.31,8.35));
#1438=ADVANCED_FACE('',(#1439),#1456,.T.);
#1439=FACE_BOUND('',#1440,.T.);
#1440=EDGE_LOOP('',(#1441,#1446,#1447,#1452));
#1441=ORIENTED_EDGE('',*,*,#1442,.F.);
#1442=EDGE_CURVE('',#258,#1443,#1445,.T.);
#1443=VERTEX_POINT('',#1444);
#1444=CARTESIAN_POINT('',(0.3,-20.62,8.2));
#1445=LINE('',#1444,#1094);
#1446=ORIENTED_EDGE('',*,*,#257,.T.);
#1447=ORIENTED_EDGE('',*,*,#1448,.T.);
#1448=EDGE_CURVE('',#260,#1449,#1451,.T.);
#1449=VERTEX_POINT('',#1450);
#1450=CARTESIAN_POINT('',(0.3,-20.02,8.2));
#1451=LINE('',#1450,#1102);
#1452=ORIENTED_EDGE('',*,*,#1453,.F.);
#1453=EDGE_CURVE('',#1443,#1449,#1454,.T.);
#1454=LINE('',#1455,#33);
#1455=CARTESIAN_POINT('',(0.3,-20.92,8.2));
#1456=PLANE('',#1457);
#1457=AXIS2_PLACEMENT_3D('',#1458,#1111,#34);
#1458=CARTESIAN_POINT('',(0.45,-20.92,8.35));
#1459=ADVANCED_FACE('',(#1460),#1473,.T.);
#1460=FACE_BOUND('',#1461,.T.);
#1461=EDGE_LOOP('',(#1462,#1463,#1464,#1469));
#1462=ORIENTED_EDGE('',*,*,#1448,.F.);
#1463=ORIENTED_EDGE('',*,*,#274,.T.);
#1464=ORIENTED_EDGE('',*,*,#1465,.T.);
#1465=EDGE_CURVE('',#270,#1466,#1468,.T.);
#1466=VERTEX_POINT('',#1467);
#1467=CARTESIAN_POINT('',(-0.3,-20.02,8.2));
#1468=LINE('',#1467,#1122);
#1469=ORIENTED_EDGE('',*,*,#1470,.F.);
#1470=EDGE_CURVE('',#1449,#1466,#1471,.T.);
#1471=LINE('',#1472,#93);
#1472=CARTESIAN_POINT('',(0.6,-20.02,8.2));
#1473=PLANE('',#1474);
#1474=AXIS2_PLACEMENT_3D('',#1475,#1131,#45);
#1475=CARTESIAN_POINT('',(0.6,-19.87,8.35));
#1476=ADVANCED_FACE('',(#1477),#1490,.T.);
#1477=FACE_BOUND('',#1478,.T.);
#1478=EDGE_LOOP('',(#1479,#1480,#1481,#1486));
#1479=ORIENTED_EDGE('',*,*,#1465,.F.);
#1480=ORIENTED_EDGE('',*,*,#269,.T.);
#1481=ORIENTED_EDGE('',*,*,#1482,.T.);
#1482=EDGE_CURVE('',#265,#1483,#1485,.T.);
#1483=VERTEX_POINT('',#1484);
#1484=CARTESIAN_POINT('',(-0.3,-20.62,8.2));
#1485=LINE('',#1484,#1142);
#1486=ORIENTED_EDGE('',*,*,#1487,.F.);
#1487=EDGE_CURVE('',#1466,#1483,#1488,.T.);
#1488=LINE('',#1489,#143);
#1489=CARTESIAN_POINT('',(-0.3,-19.72,8.2));
#1490=PLANE('',#1491);
#1491=AXIS2_PLACEMENT_3D('',#1492,#1151,#124);
#1492=CARTESIAN_POINT('',(-0.45,-19.72,8.35));
#1493=ADVANCED_FACE('',(#1494),#1503,.T.);
#1494=FACE_BOUND('',#1495,.T.);
#1495=EDGE_LOOP('',(#1496,#1497,#1498,#1499));
#1496=ORIENTED_EDGE('',*,*,#1482,.F.);
#1497=ORIENTED_EDGE('',*,*,#264,.T.);
#1498=ORIENTED_EDGE('',*,*,#1442,.T.);
#1499=ORIENTED_EDGE('',*,*,#1500,.F.);
#1500=EDGE_CURVE('',#1483,#1443,#1501,.T.);
#1501=LINE('',#1502,#56);
#1502=CARTESIAN_POINT('',(-0.6,-20.62,8.2));
#1503=PLANE('',#1504);
#1504=AXIS2_PLACEMENT_3D('',#1505,#1165,#14);
#1505=CARTESIAN_POINT('',(-0.6,-20.77,8.35));
#1506=ADVANCED_FACE('',(#1507),#1524,.T.);
#1507=FACE_BOUND('',#1508,.T.);
#1508=EDGE_LOOP('',(#1509,#1514,#1515,#1520));
#1509=ORIENTED_EDGE('',*,*,#1510,.F.);
#1510=EDGE_CURVE('',#280,#1511,#1513,.T.);
#1511=VERTEX_POINT('',#1512);
#1512=CARTESIAN_POINT('',(0.3,-18.08,8.2));
#1513=LINE('',#1512,#1094);
#1514=ORIENTED_EDGE('',*,*,#279,.T.);
#1515=ORIENTED_EDGE('',*,*,#1516,.T.);
#1516=EDGE_CURVE('',#282,#1517,#1519,.T.);
#1517=VERTEX_POINT('',#1518);
#1518=CARTESIAN_POINT('',(0.3,-17.48,8.2));
#1519=LINE('',#1518,#1102);
#1520=ORIENTED_EDGE('',*,*,#1521,.F.);
#1521=EDGE_CURVE('',#1511,#1517,#1522,.T.);
#1522=LINE('',#1523,#33);
#1523=CARTESIAN_POINT('',(0.3,-18.38,8.2));
#1524=PLANE('',#1525);
#1525=AXIS2_PLACEMENT_3D('',#1526,#1111,#34);
#1526=CARTESIAN_POINT('',(0.45,-18.38,8.35));
#1527=ADVANCED_FACE('',(#1528),#1541,.T.);
#1528=FACE_BOUND('',#1529,.T.);
#1529=EDGE_LOOP('',(#1530,#1531,#1532,#1537));
#1530=ORIENTED_EDGE('',*,*,#1516,.F.);
#1531=ORIENTED_EDGE('',*,*,#296,.T.);
#1532=ORIENTED_EDGE('',*,*,#1533,.T.);
#1533=EDGE_CURVE('',#292,#1534,#1536,.T.);
#1534=VERTEX_POINT('',#1535);
#1535=CARTESIAN_POINT('',(-0.3,-17.48,8.2));
#1536=LINE('',#1535,#1122);
#1537=ORIENTED_EDGE('',*,*,#1538,.F.);
#1538=EDGE_CURVE('',#1517,#1534,#1539,.T.);
#1539=LINE('',#1540,#93);
#1540=CARTESIAN_POINT('',(0.6,-17.48,8.2));
#1541=PLANE('',#1542);
#1542=AXIS2_PLACEMENT_3D('',#1543,#1131,#45);
#1543=CARTESIAN_POINT('',(0.6,-17.33,8.35));
#1544=ADVANCED_FACE('',(#1545),#1558,.T.);
#1545=FACE_BOUND('',#1546,.T.);
#1546=EDGE_LOOP('',(#1547,#1548,#1549,#1554));
#1547=ORIENTED_EDGE('',*,*,#1533,.F.);
#1548=ORIENTED_EDGE('',*,*,#291,.T.);
#1549=ORIENTED_EDGE('',*,*,#1550,.T.);
#1550=EDGE_CURVE('',#287,#1551,#1553,.T.);
#1551=VERTEX_POINT('',#1552);
#1552=CARTESIAN_POINT('',(-0.3,-18.08,8.2));
#1553=LINE('',#1552,#1142);
#1554=ORIENTED_EDGE('',*,*,#1555,.F.);
#1555=EDGE_CURVE('',#1534,#1551,#1556,.T.);
#1556=LINE('',#1557,#143);
#1557=CARTESIAN_POINT('',(-0.3,-17.18,8.2));
#1558=PLANE('',#1559);
#1559=AXIS2_PLACEMENT_3D('',#1560,#1151,#124);
#1560=CARTESIAN_POINT('',(-0.45,-17.18,8.35));
#1561=ADVANCED_FACE('',(#1562),#1571,.T.);
#1562=FACE_BOUND('',#1563,.T.);
#1563=EDGE_LOOP('',(#1564,#1565,#1566,#1567));
#1564=ORIENTED_EDGE('',*,*,#1550,.F.);
#1565=ORIENTED_EDGE('',*,*,#286,.T.);
#1566=ORIENTED_EDGE('',*,*,#1510,.T.);
#1567=ORIENTED_EDGE('',*,*,#1568,.F.);
#1568=EDGE_CURVE('',#1551,#1511,#1569,.T.);
#1569=LINE('',#1570,#56);
#1570=CARTESIAN_POINT('',(-0.6,-18.08,8.2));
#1571=PLANE('',#1572);
#1572=AXIS2_PLACEMENT_3D('',#1573,#1165,#14);
#1573=CARTESIAN_POINT('',(-0.6,-18.23,8.35));
#1574=ADVANCED_FACE('',(#1575),#1592,.T.);
#1575=FACE_BOUND('',#1576,.T.);
#1576=EDGE_LOOP('',(#1577,#1582,#1583,#1588));
#1577=ORIENTED_EDGE('',*,*,#1578,.F.);
#1578=EDGE_CURVE('',#302,#1579,#1581,.T.);
#1579=VERTEX_POINT('',#1580);
#1580=CARTESIAN_POINT('',(0.3,-15.54,8.2));
#1581=LINE('',#1580,#1094);
#1582=ORIENTED_EDGE('',*,*,#301,.T.);
#1583=ORIENTED_EDGE('',*,*,#1584,.T.);
#1584=EDGE_CURVE('',#304,#1585,#1587,.T.);
#1585=VERTEX_POINT('',#1586);
#1586=CARTESIAN_POINT('',(0.3,-14.94,8.2));
#1587=LINE('',#1586,#1102);
#1588=ORIENTED_EDGE('',*,*,#1589,.F.);
#1589=EDGE_CURVE('',#1579,#1585,#1590,.T.);
#1590=LINE('',#1591,#33);
#1591=CARTESIAN_POINT('',(0.3,-15.84,8.2));
#1592=PLANE('',#1593);
#1593=AXIS2_PLACEMENT_3D('',#1594,#1111,#34);
#1594=CARTESIAN_POINT('',(0.45,-15.84,8.35));
#1595=ADVANCED_FACE('',(#1596),#1609,.T.);
#1596=FACE_BOUND('',#1597,.T.);
#1597=EDGE_LOOP('',(#1598,#1599,#1600,#1605));
#1598=ORIENTED_EDGE('',*,*,#1584,.F.);
#1599=ORIENTED_EDGE('',*,*,#318,.T.);
#1600=ORIENTED_EDGE('',*,*,#1601,.T.);
#1601=EDGE_CURVE('',#314,#1602,#1604,.T.);
#1602=VERTEX_POINT('',#1603);
#1603=CARTESIAN_POINT('',(-0.3,-14.94,8.2));
#1604=LINE('',#1603,#1122);
#1605=ORIENTED_EDGE('',*,*,#1606,.F.);
#1606=EDGE_CURVE('',#1585,#1602,#1607,.T.);
#1607=LINE('',#1608,#93);
#1608=CARTESIAN_POINT('',(0.6,-14.94,8.2));
#1609=PLANE('',#1610);
#1610=AXIS2_PLACEMENT_3D('',#1611,#1131,#45);
#1611=CARTESIAN_POINT('',(0.6,-14.79,8.35));
#1612=ADVANCED_FACE('',(#1613),#1626,.T.);
#1613=FACE_BOUND('',#1614,.T.);
#1614=EDGE_LOOP('',(#1615,#1616,#1617,#1622));
#1615=ORIENTED_EDGE('',*,*,#1601,.F.);
#1616=ORIENTED_EDGE('',*,*,#313,.T.);
#1617=ORIENTED_EDGE('',*,*,#1618,.T.);
#1618=EDGE_CURVE('',#309,#1619,#1621,.T.);
#1619=VERTEX_POINT('',#1620);
#1620=CARTESIAN_POINT('',(-0.3,-15.54,8.2));
#1621=LINE('',#1620,#1142);
#1622=ORIENTED_EDGE('',*,*,#1623,.F.);
#1623=EDGE_CURVE('',#1602,#1619,#1624,.T.);
#1624=LINE('',#1625,#143);
#1625=CARTESIAN_POINT('',(-0.3,-14.64,8.2));
#1626=PLANE('',#1627);
#1627=AXIS2_PLACEMENT_3D('',#1628,#1151,#124);
#1628=CARTESIAN_POINT('',(-0.45,-14.64,8.35));
#1629=ADVANCED_FACE('',(#1630),#1639,.T.);
#1630=FACE_BOUND('',#1631,.T.);
#1631=EDGE_LOOP('',(#1632,#1633,#1634,#1635));
#1632=ORIENTED_EDGE('',*,*,#1618,.F.);
#1633=ORIENTED_EDGE('',*,*,#308,.T.);
#1634=ORIENTED_EDGE('',*,*,#1578,.T.);
#1635=ORIENTED_EDGE('',*,*,#1636,.F.);
#1636=EDGE_CURVE('',#1619,#1579,#1637,.T.);
#1637=LINE('',#1638,#56);
#1638=CARTESIAN_POINT('',(-0.6,-15.54,8.2));
#1639=PLANE('',#1640);
#1640=AXIS2_PLACEMENT_3D('',#1641,#1165,#14);
#1641=CARTESIAN_POINT('',(-0.6,-15.69,8.35));
#1642=ADVANCED_FACE('',(#1643),#1660,.T.);
#1643=FACE_BOUND('',#1644,.T.);
#1644=EDGE_LOOP('',(#1645,#1650,#1651,#1656));
#1645=ORIENTED_EDGE('',*,*,#1646,.F.);
#1646=EDGE_CURVE('',#324,#1647,#1649,.T.);
#1647=VERTEX_POINT('',#1648);
#1648=CARTESIAN_POINT('',(0.3,-13.,8.2));
#1649=LINE('',#1648,#1094);
#1650=ORIENTED_EDGE('',*,*,#323,.T.);
#1651=ORIENTED_EDGE('',*,*,#1652,.T.);
#1652=EDGE_CURVE('',#326,#1653,#1655,.T.);
#1653=VERTEX_POINT('',#1654);
#1654=CARTESIAN_POINT('',(0.3,-12.4,8.2));
#1655=LINE('',#1654,#1102);
#1656=ORIENTED_EDGE('',*,*,#1657,.F.);
#1657=EDGE_CURVE('',#1647,#1653,#1658,.T.);
#1658=LINE('',#1659,#33);
#1659=CARTESIAN_POINT('',(0.3,-13.3,8.2));
#1660=PLANE('',#1661);
#1661=AXIS2_PLACEMENT_3D('',#1662,#1111,#34);
#1662=CARTESIAN_POINT('',(0.45,-13.3,8.35));
#1663=ADVANCED_FACE('',(#1664),#1677,.T.);
#1664=FACE_BOUND('',#1665,.T.);
#1665=EDGE_LOOP('',(#1666,#1667,#1668,#1673));
#1666=ORIENTED_EDGE('',*,*,#1652,.F.);
#1667=ORIENTED_EDGE('',*,*,#340,.T.);
#1668=ORIENTED_EDGE('',*,*,#1669,.T.);
#1669=EDGE_CURVE('',#336,#1670,#1672,.T.);
#1670=VERTEX_POINT('',#1671);
#1671=CARTESIAN_POINT('',(-0.3,-12.4,8.2));
#1672=LINE('',#1671,#1122);
#1673=ORIENTED_EDGE('',*,*,#1674,.F.);
#1674=EDGE_CURVE('',#1653,#1670,#1675,.T.);
#1675=LINE('',#1676,#93);
#1676=CARTESIAN_POINT('',(0.6,-12.4,8.2));
#1677=PLANE('',#1678);
#1678=AXIS2_PLACEMENT_3D('',#1679,#1131,#45);
#1679=CARTESIAN_POINT('',(0.6,-12.25,8.35));
#1680=ADVANCED_FACE('',(#1681),#1694,.T.);
#1681=FACE_BOUND('',#1682,.T.);
#1682=EDGE_LOOP('',(#1683,#1684,#1685,#1690));
#1683=ORIENTED_EDGE('',*,*,#1669,.F.);
#1684=ORIENTED_EDGE('',*,*,#335,.T.);
#1685=ORIENTED_EDGE('',*,*,#1686,.T.);
#1686=EDGE_CURVE('',#331,#1687,#1689,.T.);
#1687=VERTEX_POINT('',#1688);
#1688=CARTESIAN_POINT('',(-0.3,-13.,8.2));
#1689=LINE('',#1688,#1142);
#1690=ORIENTED_EDGE('',*,*,#1691,.F.);
#1691=EDGE_CURVE('',#1670,#1687,#1692,.T.);
#1692=LINE('',#1693,#143);
#1693=CARTESIAN_POINT('',(-0.3,-12.1,8.2));
#1694=PLANE('',#1695);
#1695=AXIS2_PLACEMENT_3D('',#1696,#1151,#124);
#1696=CARTESIAN_POINT('',(-0.45,-12.1,8.35));
#1697=ADVANCED_FACE('',(#1698),#1707,.T.);
#1698=FACE_BOUND('',#1699,.T.);
#1699=EDGE_LOOP('',(#1700,#1701,#1702,#1703));
#1700=ORIENTED_EDGE('',*,*,#1686,.F.);
#1701=ORIENTED_EDGE('',*,*,#330,.T.);
#1702=ORIENTED_EDGE('',*,*,#1646,.T.);
#1703=ORIENTED_EDGE('',*,*,#1704,.F.);
#1704=EDGE_CURVE('',#1687,#1647,#1705,.T.);
#1705=LINE('',#1706,#56);
#1706=CARTESIAN_POINT('',(-0.6,-13.,8.2));
#1707=PLANE('',#1708);
#1708=AXIS2_PLACEMENT_3D('',#1709,#1165,#14);
#1709=CARTESIAN_POINT('',(-0.6,-13.15,8.35));
#1710=ADVANCED_FACE('',(#1711),#1728,.T.);
#1711=FACE_BOUND('',#1712,.T.);
#1712=EDGE_LOOP('',(#1713,#1718,#1719,#1724));
#1713=ORIENTED_EDGE('',*,*,#1714,.F.);
#1714=EDGE_CURVE('',#346,#1715,#1717,.T.);
#1715=VERTEX_POINT('',#1716);
#1716=CARTESIAN_POINT('',(0.3,-10.46,8.2));
#1717=LINE('',#1716,#1094);
#1718=ORIENTED_EDGE('',*,*,#345,.T.);
#1719=ORIENTED_EDGE('',*,*,#1720,.T.);
#1720=EDGE_CURVE('',#348,#1721,#1723,.T.);
#1721=VERTEX_POINT('',#1722);
#1722=CARTESIAN_POINT('',(0.3,-9.86,8.2));
#1723=LINE('',#1722,#1102);
#1724=ORIENTED_EDGE('',*,*,#1725,.F.);
#1725=EDGE_CURVE('',#1715,#1721,#1726,.T.);
#1726=LINE('',#1727,#33);
#1727=CARTESIAN_POINT('',(0.3,-10.76,8.2));
#1728=PLANE('',#1729);
#1729=AXIS2_PLACEMENT_3D('',#1730,#1111,#34);
#1730=CARTESIAN_POINT('',(0.45,-10.76,8.35));
#1731=ADVANCED_FACE('',(#1732),#1745,.T.);
#1732=FACE_BOUND('',#1733,.T.);
#1733=EDGE_LOOP('',(#1734,#1735,#1736,#1741));
#1734=ORIENTED_EDGE('',*,*,#1720,.F.);
#1735=ORIENTED_EDGE('',*,*,#362,.T.);
#1736=ORIENTED_EDGE('',*,*,#1737,.T.);
#1737=EDGE_CURVE('',#358,#1738,#1740,.T.);
#1738=VERTEX_POINT('',#1739);
#1739=CARTESIAN_POINT('',(-0.3,-9.86,8.2));
#1740=LINE('',#1739,#1122);
#1741=ORIENTED_EDGE('',*,*,#1742,.F.);
#1742=EDGE_CURVE('',#1721,#1738,#1743,.T.);
#1743=LINE('',#1744,#93);
#1744=CARTESIAN_POINT('',(0.6,-9.86,8.2));
#1745=PLANE('',#1746);
#1746=AXIS2_PLACEMENT_3D('',#1747,#1131,#45);
#1747=CARTESIAN_POINT('',(0.6,-9.71,8.35));
#1748=ADVANCED_FACE('',(#1749),#1762,.T.);
#1749=FACE_BOUND('',#1750,.T.);
#1750=EDGE_LOOP('',(#1751,#1752,#1753,#1758));
#1751=ORIENTED_EDGE('',*,*,#1737,.F.);
#1752=ORIENTED_EDGE('',*,*,#357,.T.);
#1753=ORIENTED_EDGE('',*,*,#1754,.T.);
#1754=EDGE_CURVE('',#353,#1755,#1757,.T.);
#1755=VERTEX_POINT('',#1756);
#1756=CARTESIAN_POINT('',(-0.3,-10.46,8.2));
#1757=LINE('',#1756,#1142);
#1758=ORIENTED_EDGE('',*,*,#1759,.F.);
#1759=EDGE_CURVE('',#1738,#1755,#1760,.T.);
#1760=LINE('',#1761,#143);
#1761=CARTESIAN_POINT('',(-0.3,-9.56,8.2));
#1762=PLANE('',#1763);
#1763=AXIS2_PLACEMENT_3D('',#1764,#1151,#124);
#1764=CARTESIAN_POINT('',(-0.45,-9.56,8.35));
#1765=ADVANCED_FACE('',(#1766),#1775,.T.);
#1766=FACE_BOUND('',#1767,.T.);
#1767=EDGE_LOOP('',(#1768,#1769,#1770,#1771));
#1768=ORIENTED_EDGE('',*,*,#1754,.F.);
#1769=ORIENTED_EDGE('',*,*,#352,.T.);
#1770=ORIENTED_EDGE('',*,*,#1714,.T.);
#1771=ORIENTED_EDGE('',*,*,#1772,.F.);
#1772=EDGE_CURVE('',#1755,#1715,#1773,.T.);
#1773=LINE('',#1774,#56);
#1774=CARTESIAN_POINT('',(-0.6,-10.46,8.2));
#1775=PLANE('',#1776);
#1776=AXIS2_PLACEMENT_3D('',#1777,#1165,#14);
#1777=CARTESIAN_POINT('',(-0.6,-10.61,8.35));
#1778=ADVANCED_FACE('',(#1779),#1796,.T.);
#1779=FACE_BOUND('',#1780,.T.);
#1780=EDGE_LOOP('',(#1781,#1786,#1787,#1792));
#1781=ORIENTED_EDGE('',*,*,#1782,.F.);
#1782=EDGE_CURVE('',#368,#1783,#1785,.T.);
#1783=VERTEX_POINT('',#1784);
#1784=CARTESIAN_POINT('',(0.3,-7.92,8.2));
#1785=LINE('',#1784,#1094);
#1786=ORIENTED_EDGE('',*,*,#367,.T.);
#1787=ORIENTED_EDGE('',*,*,#1788,.T.);
#1788=EDGE_CURVE('',#370,#1789,#1791,.T.);
#1789=VERTEX_POINT('',#1790);
#1790=CARTESIAN_POINT('',(0.3,-7.32,8.2));
#1791=LINE('',#1790,#1102);
#1792=ORIENTED_EDGE('',*,*,#1793,.F.);
#1793=EDGE_CURVE('',#1783,#1789,#1794,.T.);
#1794=LINE('',#1795,#33);
#1795=CARTESIAN_POINT('',(0.3,-8.22,8.2));
#1796=PLANE('',#1797);
#1797=AXIS2_PLACEMENT_3D('',#1798,#1111,#34);
#1798=CARTESIAN_POINT('',(0.45,-8.22,8.35));
#1799=ADVANCED_FACE('',(#1800),#1813,.T.);
#1800=FACE_BOUND('',#1801,.T.);
#1801=EDGE_LOOP('',(#1802,#1803,#1804,#1809));
#1802=ORIENTED_EDGE('',*,*,#1788,.F.);
#1803=ORIENTED_EDGE('',*,*,#384,.T.);
#1804=ORIENTED_EDGE('',*,*,#1805,.T.);
#1805=EDGE_CURVE('',#380,#1806,#1808,.T.);
#1806=VERTEX_POINT('',#1807);
#1807=CARTESIAN_POINT('',(-0.3,-7.32,8.2));
#1808=LINE('',#1807,#1122);
#1809=ORIENTED_EDGE('',*,*,#1810,.F.);
#1810=EDGE_CURVE('',#1789,#1806,#1811,.T.);
#1811=LINE('',#1812,#93);
#1812=CARTESIAN_POINT('',(0.6,-7.32,8.2));
#1813=PLANE('',#1814);
#1814=AXIS2_PLACEMENT_3D('',#1815,#1131,#45);
#1815=CARTESIAN_POINT('',(0.6,-7.17,8.35));
#1816=ADVANCED_FACE('',(#1817),#1830,.T.);
#1817=FACE_BOUND('',#1818,.T.);
#1818=EDGE_LOOP('',(#1819,#1820,#1821,#1826));
#1819=ORIENTED_EDGE('',*,*,#1805,.F.);
#1820=ORIENTED_EDGE('',*,*,#379,.T.);
#1821=ORIENTED_EDGE('',*,*,#1822,.T.);
#1822=EDGE_CURVE('',#375,#1823,#1825,.T.);
#1823=VERTEX_POINT('',#1824);
#1824=CARTESIAN_POINT('',(-0.3,-7.92,8.2));
#1825=LINE('',#1824,#1142);
#1826=ORIENTED_EDGE('',*,*,#1827,.F.);
#1827=EDGE_CURVE('',#1806,#1823,#1828,.T.);
#1828=LINE('',#1829,#143);
#1829=CARTESIAN_POINT('',(-0.3,-7.02,8.2));
#1830=PLANE('',#1831);
#1831=AXIS2_PLACEMENT_3D('',#1832,#1151,#124);
#1832=CARTESIAN_POINT('',(-0.45,-7.02,8.35));
#1833=ADVANCED_FACE('',(#1834),#1843,.T.);
#1834=FACE_BOUND('',#1835,.T.);
#1835=EDGE_LOOP('',(#1836,#1837,#1838,#1839));
#1836=ORIENTED_EDGE('',*,*,#1822,.F.);
#1837=ORIENTED_EDGE('',*,*,#374,.T.);
#1838=ORIENTED_EDGE('',*,*,#1782,.T.);
#1839=ORIENTED_EDGE('',*,*,#1840,.F.);
#1840=EDGE_CURVE('',#1823,#1783,#1841,.T.);
#1841=LINE('',#1842,#56);
#1842=CARTESIAN_POINT('',(-0.6,-7.92,8.2));
#1843=PLANE('',#1844);
#1844=AXIS2_PLACEMENT_3D('',#1845,#1165,#14);
#1845=CARTESIAN_POINT('',(-0.6,-8.07,8.35));
#1846=ADVANCED_FACE('',(#1847),#1864,.T.);
#1847=FACE_BOUND('',#1848,.T.);
#1848=EDGE_LOOP('',(#1849,#1854,#1855,#1860));
#1849=ORIENTED_EDGE('',*,*,#1850,.F.);
#1850=EDGE_CURVE('',#390,#1851,#1853,.T.);
#1851=VERTEX_POINT('',#1852);
#1852=CARTESIAN_POINT('',(0.3,-5.38,8.2));
#1853=LINE('',#1852,#1094);
#1854=ORIENTED_EDGE('',*,*,#389,.T.);
#1855=ORIENTED_EDGE('',*,*,#1856,.T.);
#1856=EDGE_CURVE('',#392,#1857,#1859,.T.);
#1857=VERTEX_POINT('',#1858);
#1858=CARTESIAN_POINT('',(0.3,-4.78,8.2));
#1859=LINE('',#1858,#1102);
#1860=ORIENTED_EDGE('',*,*,#1861,.F.);
#1861=EDGE_CURVE('',#1851,#1857,#1862,.T.);
#1862=LINE('',#1863,#33);
#1863=CARTESIAN_POINT('',(0.3,-5.68,8.2));
#1864=PLANE('',#1865);
#1865=AXIS2_PLACEMENT_3D('',#1866,#1111,#34);
#1866=CARTESIAN_POINT('',(0.45,-5.68,8.35));
#1867=ADVANCED_FACE('',(#1868),#1881,.T.);
#1868=FACE_BOUND('',#1869,.T.);
#1869=EDGE_LOOP('',(#1870,#1871,#1872,#1877));
#1870=ORIENTED_EDGE('',*,*,#1856,.F.);
#1871=ORIENTED_EDGE('',*,*,#406,.T.);
#1872=ORIENTED_EDGE('',*,*,#1873,.T.);
#1873=EDGE_CURVE('',#402,#1874,#1876,.T.);
#1874=VERTEX_POINT('',#1875);
#1875=CARTESIAN_POINT('',(-0.3,-4.78,8.2));
#1876=LINE('',#1875,#1122);
#1877=ORIENTED_EDGE('',*,*,#1878,.F.);
#1878=EDGE_CURVE('',#1857,#1874,#1879,.T.);
#1879=LINE('',#1880,#93);
#1880=CARTESIAN_POINT('',(0.6,-4.78,8.2));
#1881=PLANE('',#1882);
#1882=AXIS2_PLACEMENT_3D('',#1883,#1131,#45);
#1883=CARTESIAN_POINT('',(0.6,-4.63,8.35));
#1884=ADVANCED_FACE('',(#1885),#1898,.T.);
#1885=FACE_BOUND('',#1886,.T.);
#1886=EDGE_LOOP('',(#1887,#1888,#1889,#1894));
#1887=ORIENTED_EDGE('',*,*,#1873,.F.);
#1888=ORIENTED_EDGE('',*,*,#401,.T.);
#1889=ORIENTED_EDGE('',*,*,#1890,.T.);
#1890=EDGE_CURVE('',#397,#1891,#1893,.T.);
#1891=VERTEX_POINT('',#1892);
#1892=CARTESIAN_POINT('',(-0.3,-5.38,8.2));
#1893=LINE('',#1892,#1142);
#1894=ORIENTED_EDGE('',*,*,#1895,.F.);
#1895=EDGE_CURVE('',#1874,#1891,#1896,.T.);
#1896=LINE('',#1897,#143);
#1897=CARTESIAN_POINT('',(-0.3,-4.48,8.2));
#1898=PLANE('',#1899);
#1899=AXIS2_PLACEMENT_3D('',#1900,#1151,#124);
#1900=CARTESIAN_POINT('',(-0.45,-4.48,8.35));
#1901=ADVANCED_FACE('',(#1902),#1911,.T.);
#1902=FACE_BOUND('',#1903,.T.);
#1903=EDGE_LOOP('',(#1904,#1905,#1906,#1907));
#1904=ORIENTED_EDGE('',*,*,#1890,.F.);
#1905=ORIENTED_EDGE('',*,*,#396,.T.);
#1906=ORIENTED_EDGE('',*,*,#1850,.T.);
#1907=ORIENTED_EDGE('',*,*,#1908,.F.);
#1908=EDGE_CURVE('',#1891,#1851,#1909,.T.);
#1909=LINE('',#1910,#56);
#1910=CARTESIAN_POINT('',(-0.6,-5.38,8.2));
#1911=PLANE('',#1912);
#1912=AXIS2_PLACEMENT_3D('',#1913,#1165,#14);
#1913=CARTESIAN_POINT('',(-0.6,-5.53,8.35));
#1914=ADVANCED_FACE('',(#1915),#1932,.T.);
#1915=FACE_BOUND('',#1916,.T.);
#1916=EDGE_LOOP('',(#1917,#1922,#1923,#1928));
#1917=ORIENTED_EDGE('',*,*,#1918,.F.);
#1918=EDGE_CURVE('',#412,#1919,#1921,.T.);
#1919=VERTEX_POINT('',#1920);
#1920=CARTESIAN_POINT('',(0.3,-2.84,8.2));
#1921=LINE('',#1920,#1094);
#1922=ORIENTED_EDGE('',*,*,#411,.T.);
#1923=ORIENTED_EDGE('',*,*,#1924,.T.);
#1924=EDGE_CURVE('',#414,#1925,#1927,.T.);
#1925=VERTEX_POINT('',#1926);
#1926=CARTESIAN_POINT('',(0.3,-2.24,8.2));
#1927=LINE('',#1926,#1102);
#1928=ORIENTED_EDGE('',*,*,#1929,.F.);
#1929=EDGE_CURVE('',#1919,#1925,#1930,.T.);
#1930=LINE('',#1931,#33);
#1931=CARTESIAN_POINT('',(0.3,-3.14,8.2));
#1932=PLANE('',#1933);
#1933=AXIS2_PLACEMENT_3D('',#1934,#1111,#34);
#1934=CARTESIAN_POINT('',(0.45,-3.14,8.35));
#1935=ADVANCED_FACE('',(#1936),#1949,.T.);
#1936=FACE_BOUND('',#1937,.T.);
#1937=EDGE_LOOP('',(#1938,#1939,#1940,#1945));
#1938=ORIENTED_EDGE('',*,*,#1924,.F.);
#1939=ORIENTED_EDGE('',*,*,#428,.T.);
#1940=ORIENTED_EDGE('',*,*,#1941,.T.);
#1941=EDGE_CURVE('',#424,#1942,#1944,.T.);
#1942=VERTEX_POINT('',#1943);
#1943=CARTESIAN_POINT('',(-0.3,-2.24,8.2));
#1944=LINE('',#1943,#1122);
#1945=ORIENTED_EDGE('',*,*,#1946,.F.);
#1946=EDGE_CURVE('',#1925,#1942,#1947,.T.);
#1947=LINE('',#1948,#93);
#1948=CARTESIAN_POINT('',(0.6,-2.24,8.2));
#1949=PLANE('',#1950);
#1950=AXIS2_PLACEMENT_3D('',#1951,#1131,#45);
#1951=CARTESIAN_POINT('',(0.6,-2.09,8.35));
#1952=ADVANCED_FACE('',(#1953),#1966,.T.);
#1953=FACE_BOUND('',#1954,.T.);
#1954=EDGE_LOOP('',(#1955,#1956,#1957,#1962));
#1955=ORIENTED_EDGE('',*,*,#1941,.F.);
#1956=ORIENTED_EDGE('',*,*,#423,.T.);
#1957=ORIENTED_EDGE('',*,*,#1958,.T.);
#1958=EDGE_CURVE('',#419,#1959,#1961,.T.);
#1959=VERTEX_POINT('',#1960);
#1960=CARTESIAN_POINT('',(-0.3,-2.84,8.2));
#1961=LINE('',#1960,#1142);
#1962=ORIENTED_EDGE('',*,*,#1963,.F.);
#1963=EDGE_CURVE('',#1942,#1959,#1964,.T.);
#1964=LINE('',#1965,#143);
#1965=CARTESIAN_POINT('',(-0.3,-1.94,8.2));
#1966=PLANE('',#1967);
#1967=AXIS2_PLACEMENT_3D('',#1968,#1151,#124);
#1968=CARTESIAN_POINT('',(-0.45,-1.94,8.35));
#1969=ADVANCED_FACE('',(#1970),#1979,.T.);
#1970=FACE_BOUND('',#1971,.T.);
#1971=EDGE_LOOP('',(#1972,#1973,#1974,#1975));
#1972=ORIENTED_EDGE('',*,*,#1958,.F.);
#1973=ORIENTED_EDGE('',*,*,#418,.T.);
#1974=ORIENTED_EDGE('',*,*,#1918,.T.);
#1975=ORIENTED_EDGE('',*,*,#1976,.F.);
#1976=EDGE_CURVE('',#1959,#1919,#1977,.T.);
#1977=LINE('',#1978,#56);
#1978=CARTESIAN_POINT('',(-0.6,-2.84,8.2));
#1979=PLANE('',#1980);
#1980=AXIS2_PLACEMENT_3D('',#1981,#1165,#14);
#1981=CARTESIAN_POINT('',(-0.6,-2.99,8.35));
#1982=ADVANCED_FACE('',(#1983),#2000,.T.);
#1983=FACE_BOUND('',#1984,.T.);
#1984=EDGE_LOOP('',(#1985,#1990,#1991,#1996));
#1985=ORIENTED_EDGE('',*,*,#1986,.F.);
#1986=EDGE_CURVE('',#434,#1987,#1989,.T.);
#1987=VERTEX_POINT('',#1988);
#1988=CARTESIAN_POINT('',(0.3,-0.3,8.2));
#1989=LINE('',#1988,#1094);
#1990=ORIENTED_EDGE('',*,*,#433,.T.);
#1991=ORIENTED_EDGE('',*,*,#1992,.T.);
#1992=EDGE_CURVE('',#436,#1993,#1995,.T.);
#1993=VERTEX_POINT('',#1994);
#1994=CARTESIAN_POINT('',(0.3,0.3,8.2));
#1995=LINE('',#1994,#1102);
#1996=ORIENTED_EDGE('',*,*,#1997,.F.);
#1997=EDGE_CURVE('',#1987,#1993,#1998,.T.);
#1998=LINE('',#1999,#33);
#1999=CARTESIAN_POINT('',(0.3,-0.6,8.2));
#2000=PLANE('',#2001);
#2001=AXIS2_PLACEMENT_3D('',#2002,#1111,#34);
#2002=CARTESIAN_POINT('',(0.45,-0.6,8.35));
#2003=ADVANCED_FACE('',(#2004),#2017,.T.);
#2004=FACE_BOUND('',#2005,.T.);
#2005=EDGE_LOOP('',(#2006,#2007,#2008,#2013));
#2006=ORIENTED_EDGE('',*,*,#1992,.F.);
#2007=ORIENTED_EDGE('',*,*,#450,.T.);
#2008=ORIENTED_EDGE('',*,*,#2009,.T.);
#2009=EDGE_CURVE('',#446,#2010,#2012,.T.);
#2010=VERTEX_POINT('',#2011);
#2011=CARTESIAN_POINT('',(-0.3,0.3,8.2));
#2012=LINE('',#2011,#1122);
#2013=ORIENTED_EDGE('',*,*,#2014,.F.);
#2014=EDGE_CURVE('',#1993,#2010,#2015,.T.);
#2015=LINE('',#2016,#93);
#2016=CARTESIAN_POINT('',(0.6,0.3,8.2));
#2017=PLANE('',#2018);
#2018=AXIS2_PLACEMENT_3D('',#2019,#1131,#45);
#2019=CARTESIAN_POINT('',(0.6,0.45,8.35));
#2020=ADVANCED_FACE('',(#2021),#2034,.T.);
#2021=FACE_BOUND('',#2022,.T.);
#2022=EDGE_LOOP('',(#2023,#2024,#2025,#2030));
#2023=ORIENTED_EDGE('',*,*,#2009,.F.);
#2024=ORIENTED_EDGE('',*,*,#445,.T.);
#2025=ORIENTED_EDGE('',*,*,#2026,.T.);
#2026=EDGE_CURVE('',#441,#2027,#2029,.T.);
#2027=VERTEX_POINT('',#2028);
#2028=CARTESIAN_POINT('',(-0.3,-0.3,8.2));
#2029=LINE('',#2028,#1142);
#2030=ORIENTED_EDGE('',*,*,#2031,.F.);
#2031=EDGE_CURVE('',#2010,#2027,#2032,.T.);
#2032=LINE('',#2033,#143);
#2033=CARTESIAN_POINT('',(-0.3,0.6,8.2));
#2034=PLANE('',#2035);
#2035=AXIS2_PLACEMENT_3D('',#2036,#1151,#124);
#2036=CARTESIAN_POINT('',(-0.45,0.6,8.35));
#2037=ADVANCED_FACE('',(#2038),#2047,.T.);
#2038=FACE_BOUND('',#2039,.T.);
#2039=EDGE_LOOP('',(#2040,#2041,#2042,#2043));
#2040=ORIENTED_EDGE('',*,*,#2026,.F.);
#2041=ORIENTED_EDGE('',*,*,#440,.T.);
#2042=ORIENTED_EDGE('',*,*,#1986,.T.);
#2043=ORIENTED_EDGE('',*,*,#2044,.F.);
#2044=EDGE_CURVE('',#2027,#1987,#2045,.T.);
#2045=LINE('',#2046,#56);
#2046=CARTESIAN_POINT('',(-0.6,-0.3,8.2));
#2047=PLANE('',#2048);
#2048=AXIS2_PLACEMENT_3D('',#2049,#1165,#14);
#2049=CARTESIAN_POINT('',(-0.6,-0.45,8.35));
#2050=ADVANCED_FACE('',(#2051),#2056,.T.);
#2051=FACE_BOUND('',#2052,.T.);
#2052=EDGE_LOOP('',(#484,#491,#2053,#522));
#2053=ORIENTED_EDGE('',*,*,#2054,.T.);
#2054=EDGE_CURVE('',#493,#518,#2055,.T.);
#2055=LINE('',#494,#56);
#2056=PLANE('',#2057);
#2057=AXIS2_PLACEMENT_3D('',#494,#2058,#124);
#2058=DIRECTION('',(0.,-0.,-1.));
#2059=ADVANCED_FACE('',(#2060),#2091,.F.);
#2060=FACE_BOUND('',#2061,.F.);
#2061=EDGE_LOOP('',(#2062,#2067,#2068,#2074,#2081,#2086));
#2062=ORIENTED_EDGE('',*,*,#2063,.T.);
#2063=EDGE_CURVE('',#2064,#518,#2066,.T.);
#2064=VERTEX_POINT('',#2065);
#2065=CARTESIAN_POINT('',(1.E-01,-33.32,-2.5));
#2066=LINE('',#2065,#27);
#2067=ORIENTED_EDGE('',*,*,#517,.F.);
#2068=ORIENTED_EDGE('',*,*,#2069,.T.);
#2069=EDGE_CURVE('',#513,#2070,#2072,.T.);
#2070=VERTEX_POINT('',#2071);
#2071=CARTESIAN_POINT('',(1.E-01,-32.72,-2.5));
#2072=LINE('',#514,#2073);
#2073=VECTOR('',#2058,1.);
#2074=ORIENTED_EDGE('',*,*,#2075,.T.);
#2075=EDGE_CURVE('',#2070,#2076,#2078,.T.);
#2076=VERTEX_POINT('',#2077);
#2077=CARTESIAN_POINT('',(1.E-01,-32.87,-3.1));
#2078=LINE('',#2071,#2079);
#2079=VECTOR('',#2080,1.);
#2080=DIRECTION('',(-2.692686352072E-17,-0.242535625036,-0.970142500145));
#2081=ORIENTED_EDGE('',*,*,#2082,.T.);
#2082=EDGE_CURVE('',#2076,#2083,#2085,.T.);
#2083=VERTEX_POINT('',#2084);
#2084=CARTESIAN_POINT('',(1.E-01,-33.17,-3.1));
#2085=LINE('',#2077,#143);
#2086=ORIENTED_EDGE('',*,*,#2087,.T.);
#2087=EDGE_CURVE('',#2083,#2064,#2088,.T.);
#2088=LINE('',#2084,#2089);
#2089=VECTOR('',#2090,1.);
#2090=DIRECTION('',(-2.692686352072E-17,-0.242535625036,0.970142500145));
#2091=PLANE('',#2092);
#2092=AXIS2_PLACEMENT_3D('',#2093,#45,#13);
#2093=CARTESIAN_POINT('',(1.E-01,-33.02,3.911477598424));
#2094=ADVANCED_FACE('',(#2095),#2056,.T.);
#2095=FACE_BOUND('',#2096,.T.);
#2096=EDGE_LOOP('',(#2097,#502,#506,#511));
#2097=ORIENTED_EDGE('',*,*,#2098,.F.);
#2098=EDGE_CURVE('',#498,#513,#2099,.T.);
#2099=LINE('',#499,#56);
#2100=ADVANCED_FACE('',(#2101),#2126,.T.);
#2101=FACE_BOUND('',#2102,.T.);
#2102=EDGE_LOOP('',(#2103,#496,#2108,#2113,#2118,#2123));
#2103=ORIENTED_EDGE('',*,*,#2104,.T.);
#2104=EDGE_CURVE('',#2105,#493,#2107,.T.);
#2105=VERTEX_POINT('',#2106);
#2106=CARTESIAN_POINT('',(-0.1,-33.32,-2.5));
#2107=LINE('',#2106,#27);
#2108=ORIENTED_EDGE('',*,*,#2109,.T.);
#2109=EDGE_CURVE('',#498,#2110,#2112,.T.);
#2110=VERTEX_POINT('',#2111);
#2111=CARTESIAN_POINT('',(-0.1,-32.72,-2.5));
#2112=LINE('',#499,#2073);
#2113=ORIENTED_EDGE('',*,*,#2114,.T.);
#2114=EDGE_CURVE('',#2110,#2115,#2117,.T.);
#2115=VERTEX_POINT('',#2116);
#2116=CARTESIAN_POINT('',(-0.1,-32.87,-3.1));
#2117=LINE('',#2111,#2079);
#2118=ORIENTED_EDGE('',*,*,#2119,.F.);
#2119=EDGE_CURVE('',#2120,#2115,#2122,.T.);
#2120=VERTEX_POINT('',#2121);
#2121=CARTESIAN_POINT('',(-0.1,-33.17,-3.1));
#2122=LINE('',#2121,#33);
#2123=ORIENTED_EDGE('',*,*,#2124,.T.);
#2124=EDGE_CURVE('',#2120,#2105,#2125,.T.);
#2125=LINE('',#2121,#2089);
#2126=PLANE('',#2127);
#2127=AXIS2_PLACEMENT_3D('',#2128,#45,#13);
#2128=CARTESIAN_POINT('',(-0.1,-33.02,3.911477598424));
#2129=ADVANCED_FACE('',(#2130),#2135,.T.);
#2130=FACE_BOUND('',#2131,.T.);
#2131=EDGE_LOOP('',(#526,#533,#2132,#564));
#2132=ORIENTED_EDGE('',*,*,#2133,.T.);
#2133=EDGE_CURVE('',#535,#560,#2134,.T.);
#2134=LINE('',#536,#56);
#2135=PLANE('',#2136);
#2136=AXIS2_PLACEMENT_3D('',#536,#2058,#124);
#2137=ADVANCED_FACE('',(#2138),#2164,.F.);
#2138=FACE_BOUND('',#2139,.F.);
#2139=EDGE_LOOP('',(#2140,#2145,#2146,#2151,#2156,#2161));
#2140=ORIENTED_EDGE('',*,*,#2141,.T.);
#2141=EDGE_CURVE('',#2142,#560,#2144,.T.);
#2142=VERTEX_POINT('',#2143);
#2143=CARTESIAN_POINT('',(1.E-01,-30.78,-2.5));
#2144=LINE('',#2143,#27);
#2145=ORIENTED_EDGE('',*,*,#559,.F.);
#2146=ORIENTED_EDGE('',*,*,#2147,.T.);
#2147=EDGE_CURVE('',#555,#2148,#2150,.T.);
#2148=VERTEX_POINT('',#2149);
#2149=CARTESIAN_POINT('',(1.E-01,-30.18,-2.5));
#2150=LINE('',#556,#2073);
#2151=ORIENTED_EDGE('',*,*,#2152,.T.);
#2152=EDGE_CURVE('',#2148,#2153,#2155,.T.);
#2153=VERTEX_POINT('',#2154);
#2154=CARTESIAN_POINT('',(1.E-01,-30.33,-3.1));
#2155=LINE('',#2149,#2079);
#2156=ORIENTED_EDGE('',*,*,#2157,.T.);
#2157=EDGE_CURVE('',#2153,#2158,#2160,.T.);
#2158=VERTEX_POINT('',#2159);
#2159=CARTESIAN_POINT('',(1.E-01,-30.63,-3.1));
#2160=LINE('',#2154,#143);
#2161=ORIENTED_EDGE('',*,*,#2162,.T.);
#2162=EDGE_CURVE('',#2158,#2142,#2163,.T.);
#2163=LINE('',#2159,#2089);
#2164=PLANE('',#2165);
#2165=AXIS2_PLACEMENT_3D('',#2166,#45,#13);
#2166=CARTESIAN_POINT('',(1.E-01,-30.48,3.911477598424));
#2167=ADVANCED_FACE('',(#2168),#2135,.T.);
#2168=FACE_BOUND('',#2169,.T.);
#2169=EDGE_LOOP('',(#2170,#544,#548,#553));
#2170=ORIENTED_EDGE('',*,*,#2171,.F.);
#2171=EDGE_CURVE('',#540,#555,#2172,.T.);
#2172=LINE('',#541,#56);
#2173=ADVANCED_FACE('',(#2174),#2199,.T.);
#2174=FACE_BOUND('',#2175,.T.);
#2175=EDGE_LOOP('',(#2176,#538,#2181,#2186,#2191,#2196));
#2176=ORIENTED_EDGE('',*,*,#2177,.T.);
#2177=EDGE_CURVE('',#2178,#535,#2180,.T.);
#2178=VERTEX_POINT('',#2179);
#2179=CARTESIAN_POINT('',(-0.1,-30.78,-2.5));
#2180=LINE('',#2179,#27);
#2181=ORIENTED_EDGE('',*,*,#2182,.T.);
#2182=EDGE_CURVE('',#540,#2183,#2185,.T.);
#2183=VERTEX_POINT('',#2184);
#2184=CARTESIAN_POINT('',(-0.1,-30.18,-2.5));
#2185=LINE('',#541,#2073);
#2186=ORIENTED_EDGE('',*,*,#2187,.T.);
#2187=EDGE_CURVE('',#2183,#2188,#2190,.T.);
#2188=VERTEX_POINT('',#2189);
#2189=CARTESIAN_POINT('',(-0.1,-30.33,-3.1));
#2190=LINE('',#2184,#2079);
#2191=ORIENTED_EDGE('',*,*,#2192,.F.);
#2192=EDGE_CURVE('',#2193,#2188,#2195,.T.);
#2193=VERTEX_POINT('',#2194);
#2194=CARTESIAN_POINT('',(-0.1,-30.63,-3.1));
#2195=LINE('',#2194,#33);
#2196=ORIENTED_EDGE('',*,*,#2197,.T.);
#2197=EDGE_CURVE('',#2193,#2178,#2198,.T.);
#2198=LINE('',#2194,#2089);
#2199=PLANE('',#2200);
#2200=AXIS2_PLACEMENT_3D('',#2201,#45,#13);
#2201=CARTESIAN_POINT('',(-0.1,-30.48,3.911477598424));
#2202=ADVANCED_FACE('',(#2203),#2208,.T.);
#2203=FACE_BOUND('',#2204,.T.);
#2204=EDGE_LOOP('',(#568,#575,#2205,#606));
#2205=ORIENTED_EDGE('',*,*,#2206,.T.);
#2206=EDGE_CURVE('',#577,#602,#2207,.T.);
#2207=LINE('',#578,#56);
#2208=PLANE('',#2209);
#2209=AXIS2_PLACEMENT_3D('',#578,#2058,#124);
#2210=ADVANCED_FACE('',(#2211),#2237,.F.);
#2211=FACE_BOUND('',#2212,.F.);
#2212=EDGE_LOOP('',(#2213,#2218,#2219,#2224,#2229,#2234));
#2213=ORIENTED_EDGE('',*,*,#2214,.T.);
#2214=EDGE_CURVE('',#2215,#602,#2217,.T.);
#2215=VERTEX_POINT('',#2216);
#2216=CARTESIAN_POINT('',(1.E-01,-28.24,-2.5));
#2217=LINE('',#2216,#27);
#2218=ORIENTED_EDGE('',*,*,#601,.F.);
#2219=ORIENTED_EDGE('',*,*,#2220,.T.);
#2220=EDGE_CURVE('',#597,#2221,#2223,.T.);
#2221=VERTEX_POINT('',#2222);
#2222=CARTESIAN_POINT('',(1.E-01,-27.64,-2.5));
#2223=LINE('',#598,#2073);
#2224=ORIENTED_EDGE('',*,*,#2225,.T.);
#2225=EDGE_CURVE('',#2221,#2226,#2228,.T.);
#2226=VERTEX_POINT('',#2227);
#2227=CARTESIAN_POINT('',(1.E-01,-27.79,-3.1));
#2228=LINE('',#2222,#2079);
#2229=ORIENTED_EDGE('',*,*,#2230,.T.);
#2230=EDGE_CURVE('',#2226,#2231,#2233,.T.);
#2231=VERTEX_POINT('',#2232);
#2232=CARTESIAN_POINT('',(1.E-01,-28.09,-3.1));
#2233=LINE('',#2227,#143);
#2234=ORIENTED_EDGE('',*,*,#2235,.T.);
#2235=EDGE_CURVE('',#2231,#2215,#2236,.T.);
#2236=LINE('',#2232,#2089);
#2237=PLANE('',#2238);
#2238=AXIS2_PLACEMENT_3D('',#2239,#45,#13);
#2239=CARTESIAN_POINT('',(1.E-01,-27.94,3.911477598424));
#2240=ADVANCED_FACE('',(#2241),#2208,.T.);
#2241=FACE_BOUND('',#2242,.T.);
#2242=EDGE_LOOP('',(#2243,#586,#590,#595));
#2243=ORIENTED_EDGE('',*,*,#2244,.F.);
#2244=EDGE_CURVE('',#582,#597,#2245,.T.);
#2245=LINE('',#583,#56);
#2246=ADVANCED_FACE('',(#2247),#2272,.T.);
#2247=FACE_BOUND('',#2248,.T.);
#2248=EDGE_LOOP('',(#2249,#580,#2254,#2259,#2264,#2269));
#2249=ORIENTED_EDGE('',*,*,#2250,.T.);
#2250=EDGE_CURVE('',#2251,#577,#2253,.T.);
#2251=VERTEX_POINT('',#2252);
#2252=CARTESIAN_POINT('',(-0.1,-28.24,-2.5));
#2253=LINE('',#2252,#27);
#2254=ORIENTED_EDGE('',*,*,#2255,.T.);
#2255=EDGE_CURVE('',#582,#2256,#2258,.T.);
#2256=VERTEX_POINT('',#2257);
#2257=CARTESIAN_POINT('',(-0.1,-27.64,-2.5));
#2258=LINE('',#583,#2073);
#2259=ORIENTED_EDGE('',*,*,#2260,.T.);
#2260=EDGE_CURVE('',#2256,#2261,#2263,.T.);
#2261=VERTEX_POINT('',#2262);
#2262=CARTESIAN_POINT('',(-0.1,-27.79,-3.1));
#2263=LINE('',#2257,#2079);
#2264=ORIENTED_EDGE('',*,*,#2265,.F.);
#2265=EDGE_CURVE('',#2266,#2261,#2268,.T.);
#2266=VERTEX_POINT('',#2267);
#2267=CARTESIAN_POINT('',(-0.1,-28.09,-3.1));
#2268=LINE('',#2267,#33);
#2269=ORIENTED_EDGE('',*,*,#2270,.T.);
#2270=EDGE_CURVE('',#2266,#2251,#2271,.T.);
#2271=LINE('',#2267,#2089);
#2272=PLANE('',#2273);
#2273=AXIS2_PLACEMENT_3D('',#2274,#45,#13);
#2274=CARTESIAN_POINT('',(-0.1,-27.94,3.911477598424));
#2275=ADVANCED_FACE('',(#2276),#2281,.T.);
#2276=FACE_BOUND('',#2277,.T.);
#2277=EDGE_LOOP('',(#610,#617,#2278,#648));
#2278=ORIENTED_EDGE('',*,*,#2279,.T.);
#2279=EDGE_CURVE('',#619,#644,#2280,.T.);
#2280=LINE('',#620,#56);
#2281=PLANE('',#2282);
#2282=AXIS2_PLACEMENT_3D('',#620,#2058,#124);
#2283=ADVANCED_FACE('',(#2284),#2310,.F.);
#2284=FACE_BOUND('',#2285,.F.);
#2285=EDGE_LOOP('',(#2286,#2291,#2292,#2297,#2302,#2307));
#2286=ORIENTED_EDGE('',*,*,#2287,.T.);
#2287=EDGE_CURVE('',#2288,#644,#2290,.T.);
#2288=VERTEX_POINT('',#2289);
#2289=CARTESIAN_POINT('',(1.E-01,-25.7,-2.5));
#2290=LINE('',#2289,#27);
#2291=ORIENTED_EDGE('',*,*,#643,.F.);
#2292=ORIENTED_EDGE('',*,*,#2293,.T.);
#2293=EDGE_CURVE('',#639,#2294,#2296,.T.);
#2294=VERTEX_POINT('',#2295);
#2295=CARTESIAN_POINT('',(1.E-01,-25.1,-2.5));
#2296=LINE('',#640,#2073);
#2297=ORIENTED_EDGE('',*,*,#2298,.T.);
#2298=EDGE_CURVE('',#2294,#2299,#2301,.T.);
#2299=VERTEX_POINT('',#2300);
#2300=CARTESIAN_POINT('',(1.E-01,-25.25,-3.1));
#2301=LINE('',#2295,#2079);
#2302=ORIENTED_EDGE('',*,*,#2303,.T.);
#2303=EDGE_CURVE('',#2299,#2304,#2306,.T.);
#2304=VERTEX_POINT('',#2305);
#2305=CARTESIAN_POINT('',(1.E-01,-25.55,-3.1));
#2306=LINE('',#2300,#143);
#2307=ORIENTED_EDGE('',*,*,#2308,.T.);
#2308=EDGE_CURVE('',#2304,#2288,#2309,.T.);
#2309=LINE('',#2305,#2089);
#2310=PLANE('',#2311);
#2311=AXIS2_PLACEMENT_3D('',#2312,#45,#13);
#2312=CARTESIAN_POINT('',(1.E-01,-25.4,3.911477598424));
#2313=ADVANCED_FACE('',(#2314),#2281,.T.);
#2314=FACE_BOUND('',#2315,.T.);
#2315=EDGE_LOOP('',(#2316,#628,#632,#637));
#2316=ORIENTED_EDGE('',*,*,#2317,.F.);
#2317=EDGE_CURVE('',#624,#639,#2318,.T.);
#2318=LINE('',#625,#56);
#2319=ADVANCED_FACE('',(#2320),#2345,.T.);
#2320=FACE_BOUND('',#2321,.T.);
#2321=EDGE_LOOP('',(#2322,#622,#2327,#2332,#2337,#2342));
#2322=ORIENTED_EDGE('',*,*,#2323,.T.);
#2323=EDGE_CURVE('',#2324,#619,#2326,.T.);
#2324=VERTEX_POINT('',#2325);
#2325=CARTESIAN_POINT('',(-0.1,-25.7,-2.5));
#2326=LINE('',#2325,#27);
#2327=ORIENTED_EDGE('',*,*,#2328,.T.);
#2328=EDGE_CURVE('',#624,#2329,#2331,.T.);
#2329=VERTEX_POINT('',#2330);
#2330=CARTESIAN_POINT('',(-0.1,-25.1,-2.5));
#2331=LINE('',#625,#2073);
#2332=ORIENTED_EDGE('',*,*,#2333,.T.);
#2333=EDGE_CURVE('',#2329,#2334,#2336,.T.);
#2334=VERTEX_POINT('',#2335);
#2335=CARTESIAN_POINT('',(-0.1,-25.25,-3.1));
#2336=LINE('',#2330,#2079);
#2337=ORIENTED_EDGE('',*,*,#2338,.F.);
#2338=EDGE_CURVE('',#2339,#2334,#2341,.T.);
#2339=VERTEX_POINT('',#2340);
#2340=CARTESIAN_POINT('',(-0.1,-25.55,-3.1));
#2341=LINE('',#2340,#33);
#2342=ORIENTED_EDGE('',*,*,#2343,.T.);
#2343=EDGE_CURVE('',#2339,#2324,#2344,.T.);
#2344=LINE('',#2340,#2089);
#2345=PLANE('',#2346);
#2346=AXIS2_PLACEMENT_3D('',#2347,#45,#13);
#2347=CARTESIAN_POINT('',(-0.1,-25.4,3.911477598424));
#2348=ADVANCED_FACE('',(#2349),#2354,.T.);
#2349=FACE_BOUND('',#2350,.T.);
#2350=EDGE_LOOP('',(#652,#659,#2351,#690));
#2351=ORIENTED_EDGE('',*,*,#2352,.T.);
#2352=EDGE_CURVE('',#661,#686,#2353,.T.);
#2353=LINE('',#662,#56);
#2354=PLANE('',#2355);
#2355=AXIS2_PLACEMENT_3D('',#662,#2058,#124);
#2356=ADVANCED_FACE('',(#2357),#2383,.F.);
#2357=FACE_BOUND('',#2358,.F.);
#2358=EDGE_LOOP('',(#2359,#2364,#2365,#2370,#2375,#2380));
#2359=ORIENTED_EDGE('',*,*,#2360,.T.);
#2360=EDGE_CURVE('',#2361,#686,#2363,.T.);
#2361=VERTEX_POINT('',#2362);
#2362=CARTESIAN_POINT('',(1.E-01,-23.16,-2.5));
#2363=LINE('',#2362,#27);
#2364=ORIENTED_EDGE('',*,*,#685,.F.);
#2365=ORIENTED_EDGE('',*,*,#2366,.T.);
#2366=EDGE_CURVE('',#681,#2367,#2369,.T.);
#2367=VERTEX_POINT('',#2368);
#2368=CARTESIAN_POINT('',(1.E-01,-22.56,-2.5));
#2369=LINE('',#682,#2073);
#2370=ORIENTED_EDGE('',*,*,#2371,.T.);
#2371=EDGE_CURVE('',#2367,#2372,#2374,.T.);
#2372=VERTEX_POINT('',#2373);
#2373=CARTESIAN_POINT('',(1.E-01,-22.71,-3.1));
#2374=LINE('',#2368,#2079);
#2375=ORIENTED_EDGE('',*,*,#2376,.T.);
#2376=EDGE_CURVE('',#2372,#2377,#2379,.T.);
#2377=VERTEX_POINT('',#2378);
#2378=CARTESIAN_POINT('',(1.E-01,-23.01,-3.1));
#2379=LINE('',#2373,#143);
#2380=ORIENTED_EDGE('',*,*,#2381,.T.);
#2381=EDGE_CURVE('',#2377,#2361,#2382,.T.);
#2382=LINE('',#2378,#2089);
#2383=PLANE('',#2384);
#2384=AXIS2_PLACEMENT_3D('',#2385,#45,#13);
#2385=CARTESIAN_POINT('',(1.E-01,-22.86,3.911477598424));
#2386=ADVANCED_FACE('',(#2387),#2354,.T.);
#2387=FACE_BOUND('',#2388,.T.);
#2388=EDGE_LOOP('',(#2389,#670,#674,#679));
#2389=ORIENTED_EDGE('',*,*,#2390,.F.);
#2390=EDGE_CURVE('',#666,#681,#2391,.T.);
#2391=LINE('',#667,#56);
#2392=ADVANCED_FACE('',(#2393),#2418,.T.);
#2393=FACE_BOUND('',#2394,.T.);
#2394=EDGE_LOOP('',(#2395,#664,#2400,#2405,#2410,#2415));
#2395=ORIENTED_EDGE('',*,*,#2396,.T.);
#2396=EDGE_CURVE('',#2397,#661,#2399,.T.);
#2397=VERTEX_POINT('',#2398);
#2398=CARTESIAN_POINT('',(-0.1,-23.16,-2.5));
#2399=LINE('',#2398,#27);
#2400=ORIENTED_EDGE('',*,*,#2401,.T.);
#2401=EDGE_CURVE('',#666,#2402,#2404,.T.);
#2402=VERTEX_POINT('',#2403);
#2403=CARTESIAN_POINT('',(-0.1,-22.56,-2.5));
#2404=LINE('',#667,#2073);
#2405=ORIENTED_EDGE('',*,*,#2406,.T.);
#2406=EDGE_CURVE('',#2402,#2407,#2409,.T.);
#2407=VERTEX_POINT('',#2408);
#2408=CARTESIAN_POINT('',(-0.1,-22.71,-3.1));
#2409=LINE('',#2403,#2079);
#2410=ORIENTED_EDGE('',*,*,#2411,.F.);
#2411=EDGE_CURVE('',#2412,#2407,#2414,.T.);
#2412=VERTEX_POINT('',#2413);
#2413=CARTESIAN_POINT('',(-0.1,-23.01,-3.1));
#2414=LINE('',#2413,#33);
#2415=ORIENTED_EDGE('',*,*,#2416,.T.);
#2416=EDGE_CURVE('',#2412,#2397,#2417,.T.);
#2417=LINE('',#2413,#2089);
#2418=PLANE('',#2419);
#2419=AXIS2_PLACEMENT_3D('',#2420,#45,#13);
#2420=CARTESIAN_POINT('',(-0.1,-22.86,3.911477598424));
#2421=ADVANCED_FACE('',(#2422),#2427,.T.);
#2422=FACE_BOUND('',#2423,.T.);
#2423=EDGE_LOOP('',(#694,#701,#2424,#732));
#2424=ORIENTED_EDGE('',*,*,#2425,.T.);
#2425=EDGE_CURVE('',#703,#728,#2426,.T.);
#2426=LINE('',#704,#56);
#2427=PLANE('',#2428);
#2428=AXIS2_PLACEMENT_3D('',#704,#2058,#124);
#2429=ADVANCED_FACE('',(#2430),#2456,.F.);
#2430=FACE_BOUND('',#2431,.F.);
#2431=EDGE_LOOP('',(#2432,#2437,#2438,#2443,#2448,#2453));
#2432=ORIENTED_EDGE('',*,*,#2433,.T.);
#2433=EDGE_CURVE('',#2434,#728,#2436,.T.);
#2434=VERTEX_POINT('',#2435);
#2435=CARTESIAN_POINT('',(1.E-01,-20.62,-2.5));
#2436=LINE('',#2435,#27);
#2437=ORIENTED_EDGE('',*,*,#727,.F.);
#2438=ORIENTED_EDGE('',*,*,#2439,.T.);
#2439=EDGE_CURVE('',#723,#2440,#2442,.T.);
#2440=VERTEX_POINT('',#2441);
#2441=CARTESIAN_POINT('',(1.E-01,-20.02,-2.5));
#2442=LINE('',#724,#2073);
#2443=ORIENTED_EDGE('',*,*,#2444,.T.);
#2444=EDGE_CURVE('',#2440,#2445,#2447,.T.);
#2445=VERTEX_POINT('',#2446);
#2446=CARTESIAN_POINT('',(1.E-01,-20.17,-3.1));
#2447=LINE('',#2441,#2079);
#2448=ORIENTED_EDGE('',*,*,#2449,.T.);
#2449=EDGE_CURVE('',#2445,#2450,#2452,.T.);
#2450=VERTEX_POINT('',#2451);
#2451=CARTESIAN_POINT('',(1.E-01,-20.47,-3.1));
#2452=LINE('',#2446,#143);
#2453=ORIENTED_EDGE('',*,*,#2454,.T.);
#2454=EDGE_CURVE('',#2450,#2434,#2455,.T.);
#2455=LINE('',#2451,#2089);
#2456=PLANE('',#2457);
#2457=AXIS2_PLACEMENT_3D('',#2458,#45,#13);
#2458=CARTESIAN_POINT('',(1.E-01,-20.32,3.911477598424));
#2459=ADVANCED_FACE('',(#2460),#2427,.T.);
#2460=FACE_BOUND('',#2461,.T.);
#2461=EDGE_LOOP('',(#2462,#712,#716,#721));
#2462=ORIENTED_EDGE('',*,*,#2463,.F.);
#2463=EDGE_CURVE('',#708,#723,#2464,.T.);
#2464=LINE('',#709,#56);
#2465=ADVANCED_FACE('',(#2466),#2491,.T.);
#2466=FACE_BOUND('',#2467,.T.);
#2467=EDGE_LOOP('',(#2468,#706,#2473,#2478,#2483,#2488));
#2468=ORIENTED_EDGE('',*,*,#2469,.T.);
#2469=EDGE_CURVE('',#2470,#703,#2472,.T.);
#2470=VERTEX_POINT('',#2471);
#2471=CARTESIAN_POINT('',(-0.1,-20.62,-2.5));
#2472=LINE('',#2471,#27);
#2473=ORIENTED_EDGE('',*,*,#2474,.T.);
#2474=EDGE_CURVE('',#708,#2475,#2477,.T.);
#2475=VERTEX_POINT('',#2476);
#2476=CARTESIAN_POINT('',(-0.1,-20.02,-2.5));
#2477=LINE('',#709,#2073);
#2478=ORIENTED_EDGE('',*,*,#2479,.T.);
#2479=EDGE_CURVE('',#2475,#2480,#2482,.T.);
#2480=VERTEX_POINT('',#2481);
#2481=CARTESIAN_POINT('',(-0.1,-20.17,-3.1));
#2482=LINE('',#2476,#2079);
#2483=ORIENTED_EDGE('',*,*,#2484,.F.);
#2484=EDGE_CURVE('',#2485,#2480,#2487,.T.);
#2485=VERTEX_POINT('',#2486);
#2486=CARTESIAN_POINT('',(-0.1,-20.47,-3.1));
#2487=LINE('',#2486,#33);
#2488=ORIENTED_EDGE('',*,*,#2489,.T.);
#2489=EDGE_CURVE('',#2485,#2470,#2490,.T.);
#2490=LINE('',#2486,#2089);
#2491=PLANE('',#2492);
#2492=AXIS2_PLACEMENT_3D('',#2493,#45,#13);
#2493=CARTESIAN_POINT('',(-0.1,-20.32,3.911477598424));
#2494=ADVANCED_FACE('',(#2495),#2500,.T.);
#2495=FACE_BOUND('',#2496,.T.);
#2496=EDGE_LOOP('',(#736,#743,#2497,#774));
#2497=ORIENTED_EDGE('',*,*,#2498,.T.);
#2498=EDGE_CURVE('',#745,#770,#2499,.T.);
#2499=LINE('',#746,#56);
#2500=PLANE('',#2501);
#2501=AXIS2_PLACEMENT_3D('',#746,#2058,#124);
#2502=ADVANCED_FACE('',(#2503),#2529,.F.);
#2503=FACE_BOUND('',#2504,.F.);
#2504=EDGE_LOOP('',(#2505,#2510,#2511,#2516,#2521,#2526));
#2505=ORIENTED_EDGE('',*,*,#2506,.T.);
#2506=EDGE_CURVE('',#2507,#770,#2509,.T.);
#2507=VERTEX_POINT('',#2508);
#2508=CARTESIAN_POINT('',(1.E-01,-18.08,-2.5));
#2509=LINE('',#2508,#27);
#2510=ORIENTED_EDGE('',*,*,#769,.F.);
#2511=ORIENTED_EDGE('',*,*,#2512,.T.);
#2512=EDGE_CURVE('',#765,#2513,#2515,.T.);
#2513=VERTEX_POINT('',#2514);
#2514=CARTESIAN_POINT('',(1.E-01,-17.48,-2.5));
#2515=LINE('',#766,#2073);
#2516=ORIENTED_EDGE('',*,*,#2517,.T.);
#2517=EDGE_CURVE('',#2513,#2518,#2520,.T.);
#2518=VERTEX_POINT('',#2519);
#2519=CARTESIAN_POINT('',(1.E-01,-17.63,-3.1));
#2520=LINE('',#2514,#2079);
#2521=ORIENTED_EDGE('',*,*,#2522,.T.);
#2522=EDGE_CURVE('',#2518,#2523,#2525,.T.);
#2523=VERTEX_POINT('',#2524);
#2524=CARTESIAN_POINT('',(1.E-01,-17.93,-3.1));
#2525=LINE('',#2519,#143);
#2526=ORIENTED_EDGE('',*,*,#2527,.T.);
#2527=EDGE_CURVE('',#2523,#2507,#2528,.T.);
#2528=LINE('',#2524,#2089);
#2529=PLANE('',#2530);
#2530=AXIS2_PLACEMENT_3D('',#2531,#45,#13);
#2531=CARTESIAN_POINT('',(1.E-01,-17.78,3.911477598424));
#2532=ADVANCED_FACE('',(#2533),#2500,.T.);
#2533=FACE_BOUND('',#2534,.T.);
#2534=EDGE_LOOP('',(#2535,#754,#758,#763));
#2535=ORIENTED_EDGE('',*,*,#2536,.F.);
#2536=EDGE_CURVE('',#750,#765,#2537,.T.);
#2537=LINE('',#751,#56);
#2538=ADVANCED_FACE('',(#2539),#2564,.T.);
#2539=FACE_BOUND('',#2540,.T.);
#2540=EDGE_LOOP('',(#2541,#748,#2546,#2551,#2556,#2561));
#2541=ORIENTED_EDGE('',*,*,#2542,.T.);
#2542=EDGE_CURVE('',#2543,#745,#2545,.T.);
#2543=VERTEX_POINT('',#2544);
#2544=CARTESIAN_POINT('',(-0.1,-18.08,-2.5));
#2545=LINE('',#2544,#27);
#2546=ORIENTED_EDGE('',*,*,#2547,.T.);
#2547=EDGE_CURVE('',#750,#2548,#2550,.T.);
#2548=VERTEX_POINT('',#2549);
#2549=CARTESIAN_POINT('',(-0.1,-17.48,-2.5));
#2550=LINE('',#751,#2073);
#2551=ORIENTED_EDGE('',*,*,#2552,.T.);
#2552=EDGE_CURVE('',#2548,#2553,#2555,.T.);
#2553=VERTEX_POINT('',#2554);
#2554=CARTESIAN_POINT('',(-0.1,-17.63,-3.1));
#2555=LINE('',#2549,#2079);
#2556=ORIENTED_EDGE('',*,*,#2557,.F.);
#2557=EDGE_CURVE('',#2558,#2553,#2560,.T.);
#2558=VERTEX_POINT('',#2559);
#2559=CARTESIAN_POINT('',(-0.1,-17.93,-3.1));
#2560=LINE('',#2559,#33);
#2561=ORIENTED_EDGE('',*,*,#2562,.T.);
#2562=EDGE_CURVE('',#2558,#2543,#2563,.T.);
#2563=LINE('',#2559,#2089);
#2564=PLANE('',#2565);
#2565=AXIS2_PLACEMENT_3D('',#2566,#45,#13);
#2566=CARTESIAN_POINT('',(-0.1,-17.78,3.911477598424));
#2567=ADVANCED_FACE('',(#2568),#2573,.T.);
#2568=FACE_BOUND('',#2569,.T.);
#2569=EDGE_LOOP('',(#778,#785,#2570,#816));
#2570=ORIENTED_EDGE('',*,*,#2571,.T.);
#2571=EDGE_CURVE('',#787,#812,#2572,.T.);
#2572=LINE('',#788,#56);
#2573=PLANE('',#2574);
#2574=AXIS2_PLACEMENT_3D('',#788,#2058,#124);
#2575=ADVANCED_FACE('',(#2576),#2602,.F.);
#2576=FACE_BOUND('',#2577,.F.);
#2577=EDGE_LOOP('',(#2578,#2583,#2584,#2589,#2594,#2599));
#2578=ORIENTED_EDGE('',*,*,#2579,.T.);
#2579=EDGE_CURVE('',#2580,#812,#2582,.T.);
#2580=VERTEX_POINT('',#2581);
#2581=CARTESIAN_POINT('',(1.E-01,-15.54,-2.5));
#2582=LINE('',#2581,#27);
#2583=ORIENTED_EDGE('',*,*,#811,.F.);
#2584=ORIENTED_EDGE('',*,*,#2585,.T.);
#2585=EDGE_CURVE('',#807,#2586,#2588,.T.);
#2586=VERTEX_POINT('',#2587);
#2587=CARTESIAN_POINT('',(1.E-01,-14.94,-2.5));
#2588=LINE('',#808,#2073);
#2589=ORIENTED_EDGE('',*,*,#2590,.T.);
#2590=EDGE_CURVE('',#2586,#2591,#2593,.T.);
#2591=VERTEX_POINT('',#2592);
#2592=CARTESIAN_POINT('',(1.E-01,-15.09,-3.1));
#2593=LINE('',#2587,#2079);
#2594=ORIENTED_EDGE('',*,*,#2595,.T.);
#2595=EDGE_CURVE('',#2591,#2596,#2598,.T.);
#2596=VERTEX_POINT('',#2597);
#2597=CARTESIAN_POINT('',(1.E-01,-15.39,-3.1));
#2598=LINE('',#2592,#143);
#2599=ORIENTED_EDGE('',*,*,#2600,.T.);
#2600=EDGE_CURVE('',#2596,#2580,#2601,.T.);
#2601=LINE('',#2597,#2089);
#2602=PLANE('',#2603);
#2603=AXIS2_PLACEMENT_3D('',#2604,#45,#13);
#2604=CARTESIAN_POINT('',(1.E-01,-15.24,3.911477598424));
#2605=ADVANCED_FACE('',(#2606),#2573,.T.);
#2606=FACE_BOUND('',#2607,.T.);
#2607=EDGE_LOOP('',(#2608,#796,#800,#805));
#2608=ORIENTED_EDGE('',*,*,#2609,.F.);
#2609=EDGE_CURVE('',#792,#807,#2610,.T.);
#2610=LINE('',#793,#56);
#2611=ADVANCED_FACE('',(#2612),#2637,.T.);
#2612=FACE_BOUND('',#2613,.T.);
#2613=EDGE_LOOP('',(#2614,#790,#2619,#2624,#2629,#2634));
#2614=ORIENTED_EDGE('',*,*,#2615,.T.);
#2615=EDGE_CURVE('',#2616,#787,#2618,.T.);
#2616=VERTEX_POINT('',#2617);
#2617=CARTESIAN_POINT('',(-0.1,-15.54,-2.5));
#2618=LINE('',#2617,#27);
#2619=ORIENTED_EDGE('',*,*,#2620,.T.);
#2620=EDGE_CURVE('',#792,#2621,#2623,.T.);
#2621=VERTEX_POINT('',#2622);
#2622=CARTESIAN_POINT('',(-0.1,-14.94,-2.5));
#2623=LINE('',#793,#2073);
#2624=ORIENTED_EDGE('',*,*,#2625,.T.);
#2625=EDGE_CURVE('',#2621,#2626,#2628,.T.);
#2626=VERTEX_POINT('',#2627);
#2627=CARTESIAN_POINT('',(-0.1,-15.09,-3.1));
#2628=LINE('',#2622,#2079);
#2629=ORIENTED_EDGE('',*,*,#2630,.F.);
#2630=EDGE_CURVE('',#2631,#2626,#2633,.T.);
#2631=VERTEX_POINT('',#2632);
#2632=CARTESIAN_POINT('',(-0.1,-15.39,-3.1));
#2633=LINE('',#2632,#33);
#2634=ORIENTED_EDGE('',*,*,#2635,.T.);
#2635=EDGE_CURVE('',#2631,#2616,#2636,.T.);
#2636=LINE('',#2632,#2089);
#2637=PLANE('',#2638);
#2638=AXIS2_PLACEMENT_3D('',#2639,#45,#13);
#2639=CARTESIAN_POINT('',(-0.1,-15.24,3.911477598424));
#2640=ADVANCED_FACE('',(#2641),#2646,.T.);
#2641=FACE_BOUND('',#2642,.T.);
#2642=EDGE_LOOP('',(#820,#827,#2643,#858));
#2643=ORIENTED_EDGE('',*,*,#2644,.T.);
#2644=EDGE_CURVE('',#829,#854,#2645,.T.);
#2645=LINE('',#830,#56);
#2646=PLANE('',#2647);
#2647=AXIS2_PLACEMENT_3D('',#830,#2058,#124);
#2648=ADVANCED_FACE('',(#2649),#2675,.F.);
#2649=FACE_BOUND('',#2650,.F.);
#2650=EDGE_LOOP('',(#2651,#2656,#2657,#2662,#2667,#2672));
#2651=ORIENTED_EDGE('',*,*,#2652,.T.);
#2652=EDGE_CURVE('',#2653,#854,#2655,.T.);
#2653=VERTEX_POINT('',#2654);
#2654=CARTESIAN_POINT('',(1.E-01,-13.,-2.5));
#2655=LINE('',#2654,#27);
#2656=ORIENTED_EDGE('',*,*,#853,.F.);
#2657=ORIENTED_EDGE('',*,*,#2658,.T.);
#2658=EDGE_CURVE('',#849,#2659,#2661,.T.);
#2659=VERTEX_POINT('',#2660);
#2660=CARTESIAN_POINT('',(1.E-01,-12.4,-2.5));
#2661=LINE('',#850,#2073);
#2662=ORIENTED_EDGE('',*,*,#2663,.T.);
#2663=EDGE_CURVE('',#2659,#2664,#2666,.T.);
#2664=VERTEX_POINT('',#2665);
#2665=CARTESIAN_POINT('',(1.E-01,-12.55,-3.1));
#2666=LINE('',#2660,#2079);
#2667=ORIENTED_EDGE('',*,*,#2668,.T.);
#2668=EDGE_CURVE('',#2664,#2669,#2671,.T.);
#2669=VERTEX_POINT('',#2670);
#2670=CARTESIAN_POINT('',(1.E-01,-12.85,-3.1));
#2671=LINE('',#2665,#143);
#2672=ORIENTED_EDGE('',*,*,#2673,.T.);
#2673=EDGE_CURVE('',#2669,#2653,#2674,.T.);
#2674=LINE('',#2670,#2089);
#2675=PLANE('',#2676);
#2676=AXIS2_PLACEMENT_3D('',#2677,#45,#13);
#2677=CARTESIAN_POINT('',(1.E-01,-12.7,3.911477598424));
#2678=ADVANCED_FACE('',(#2679),#2646,.T.);
#2679=FACE_BOUND('',#2680,.T.);
#2680=EDGE_LOOP('',(#2681,#838,#842,#847));
#2681=ORIENTED_EDGE('',*,*,#2682,.F.);
#2682=EDGE_CURVE('',#834,#849,#2683,.T.);
#2683=LINE('',#835,#56);
#2684=ADVANCED_FACE('',(#2685),#2710,.T.);
#2685=FACE_BOUND('',#2686,.T.);
#2686=EDGE_LOOP('',(#2687,#832,#2692,#2697,#2702,#2707));
#2687=ORIENTED_EDGE('',*,*,#2688,.T.);
#2688=EDGE_CURVE('',#2689,#829,#2691,.T.);
#2689=VERTEX_POINT('',#2690);
#2690=CARTESIAN_POINT('',(-0.1,-13.,-2.5));
#2691=LINE('',#2690,#27);
#2692=ORIENTED_EDGE('',*,*,#2693,.T.);
#2693=EDGE_CURVE('',#834,#2694,#2696,.T.);
#2694=VERTEX_POINT('',#2695);
#2695=CARTESIAN_POINT('',(-0.1,-12.4,-2.5));
#2696=LINE('',#835,#2073);
#2697=ORIENTED_EDGE('',*,*,#2698,.T.);
#2698=EDGE_CURVE('',#2694,#2699,#2701,.T.);
#2699=VERTEX_POINT('',#2700);
#2700=CARTESIAN_POINT('',(-0.1,-12.55,-3.1));
#2701=LINE('',#2695,#2079);
#2702=ORIENTED_EDGE('',*,*,#2703,.F.);
#2703=EDGE_CURVE('',#2704,#2699,#2706,.T.);
#2704=VERTEX_POINT('',#2705);
#2705=CARTESIAN_POINT('',(-0.1,-12.85,-3.1));
#2706=LINE('',#2705,#33);
#2707=ORIENTED_EDGE('',*,*,#2708,.T.);
#2708=EDGE_CURVE('',#2704,#2689,#2709,.T.);
#2709=LINE('',#2705,#2089);
#2710=PLANE('',#2711);
#2711=AXIS2_PLACEMENT_3D('',#2712,#45,#13);
#2712=CARTESIAN_POINT('',(-0.1,-12.7,3.911477598424));
#2713=ADVANCED_FACE('',(#2714),#2719,.T.);
#2714=FACE_BOUND('',#2715,.T.);
#2715=EDGE_LOOP('',(#862,#869,#2716,#900));
#2716=ORIENTED_EDGE('',*,*,#2717,.T.);
#2717=EDGE_CURVE('',#871,#896,#2718,.T.);
#2718=LINE('',#872,#56);
#2719=PLANE('',#2720);
#2720=AXIS2_PLACEMENT_3D('',#872,#2058,#124);
#2721=ADVANCED_FACE('',(#2722),#2748,.F.);
#2722=FACE_BOUND('',#2723,.F.);
#2723=EDGE_LOOP('',(#2724,#2729,#2730,#2735,#2740,#2745));
#2724=ORIENTED_EDGE('',*,*,#2725,.T.);
#2725=EDGE_CURVE('',#2726,#896,#2728,.T.);
#2726=VERTEX_POINT('',#2727);
#2727=CARTESIAN_POINT('',(1.E-01,-10.46,-2.5));
#2728=LINE('',#2727,#27);
#2729=ORIENTED_EDGE('',*,*,#895,.F.);
#2730=ORIENTED_EDGE('',*,*,#2731,.T.);
#2731=EDGE_CURVE('',#891,#2732,#2734,.T.);
#2732=VERTEX_POINT('',#2733);
#2733=CARTESIAN_POINT('',(1.E-01,-9.86,-2.5));
#2734=LINE('',#892,#2073);
#2735=ORIENTED_EDGE('',*,*,#2736,.T.);
#2736=EDGE_CURVE('',#2732,#2737,#2739,.T.);
#2737=VERTEX_POINT('',#2738);
#2738=CARTESIAN_POINT('',(1.E-01,-10.01,-3.1));
#2739=LINE('',#2733,#2079);
#2740=ORIENTED_EDGE('',*,*,#2741,.T.);
#2741=EDGE_CURVE('',#2737,#2742,#2744,.T.);
#2742=VERTEX_POINT('',#2743);
#2743=CARTESIAN_POINT('',(1.E-01,-10.31,-3.1));
#2744=LINE('',#2738,#143);
#2745=ORIENTED_EDGE('',*,*,#2746,.T.);
#2746=EDGE_CURVE('',#2742,#2726,#2747,.T.);
#2747=LINE('',#2743,#2089);
#2748=PLANE('',#2749);
#2749=AXIS2_PLACEMENT_3D('',#2750,#45,#13);
#2750=CARTESIAN_POINT('',(1.E-01,-10.16,3.911477598424));
#2751=ADVANCED_FACE('',(#2752),#2719,.T.);
#2752=FACE_BOUND('',#2753,.T.);
#2753=EDGE_LOOP('',(#2754,#880,#884,#889));
#2754=ORIENTED_EDGE('',*,*,#2755,.F.);
#2755=EDGE_CURVE('',#876,#891,#2756,.T.);
#2756=LINE('',#877,#56);
#2757=ADVANCED_FACE('',(#2758),#2783,.T.);
#2758=FACE_BOUND('',#2759,.T.);
#2759=EDGE_LOOP('',(#2760,#874,#2765,#2770,#2775,#2780));
#2760=ORIENTED_EDGE('',*,*,#2761,.T.);
#2761=EDGE_CURVE('',#2762,#871,#2764,.T.);
#2762=VERTEX_POINT('',#2763);
#2763=CARTESIAN_POINT('',(-0.1,-10.46,-2.5));
#2764=LINE('',#2763,#27);
#2765=ORIENTED_EDGE('',*,*,#2766,.T.);
#2766=EDGE_CURVE('',#876,#2767,#2769,.T.);
#2767=VERTEX_POINT('',#2768);
#2768=CARTESIAN_POINT('',(-0.1,-9.86,-2.5));
#2769=LINE('',#877,#2073);
#2770=ORIENTED_EDGE('',*,*,#2771,.T.);
#2771=EDGE_CURVE('',#2767,#2772,#2774,.T.);
#2772=VERTEX_POINT('',#2773);
#2773=CARTESIAN_POINT('',(-0.1,-10.01,-3.1));
#2774=LINE('',#2768,#2079);
#2775=ORIENTED_EDGE('',*,*,#2776,.F.);
#2776=EDGE_CURVE('',#2777,#2772,#2779,.T.);
#2777=VERTEX_POINT('',#2778);
#2778=CARTESIAN_POINT('',(-0.1,-10.31,-3.1));
#2779=LINE('',#2778,#33);
#2780=ORIENTED_EDGE('',*,*,#2781,.T.);
#2781=EDGE_CURVE('',#2777,#2762,#2782,.T.);
#2782=LINE('',#2778,#2089);
#2783=PLANE('',#2784);
#2784=AXIS2_PLACEMENT_3D('',#2785,#45,#13);
#2785=CARTESIAN_POINT('',(-0.1,-10.16,3.911477598424));
#2786=ADVANCED_FACE('',(#2787),#2792,.T.);
#2787=FACE_BOUND('',#2788,.T.);
#2788=EDGE_LOOP('',(#904,#911,#2789,#942));
#2789=ORIENTED_EDGE('',*,*,#2790,.T.);
#2790=EDGE_CURVE('',#913,#938,#2791,.T.);
#2791=LINE('',#914,#56);
#2792=PLANE('',#2793);
#2793=AXIS2_PLACEMENT_3D('',#914,#2058,#124);
#2794=ADVANCED_FACE('',(#2795),#2821,.F.);
#2795=FACE_BOUND('',#2796,.F.);
#2796=EDGE_LOOP('',(#2797,#2802,#2803,#2808,#2813,#2818));
#2797=ORIENTED_EDGE('',*,*,#2798,.T.);
#2798=EDGE_CURVE('',#2799,#938,#2801,.T.);
#2799=VERTEX_POINT('',#2800);
#2800=CARTESIAN_POINT('',(1.E-01,-7.92,-2.5));
#2801=LINE('',#2800,#27);
#2802=ORIENTED_EDGE('',*,*,#937,.F.);
#2803=ORIENTED_EDGE('',*,*,#2804,.T.);
#2804=EDGE_CURVE('',#933,#2805,#2807,.T.);
#2805=VERTEX_POINT('',#2806);
#2806=CARTESIAN_POINT('',(1.E-01,-7.32,-2.5));
#2807=LINE('',#934,#2073);
#2808=ORIENTED_EDGE('',*,*,#2809,.T.);
#2809=EDGE_CURVE('',#2805,#2810,#2812,.T.);
#2810=VERTEX_POINT('',#2811);
#2811=CARTESIAN_POINT('',(1.E-01,-7.47,-3.1));
#2812=LINE('',#2806,#2079);
#2813=ORIENTED_EDGE('',*,*,#2814,.T.);
#2814=EDGE_CURVE('',#2810,#2815,#2817,.T.);
#2815=VERTEX_POINT('',#2816);
#2816=CARTESIAN_POINT('',(1.E-01,-7.77,-3.1));
#2817=LINE('',#2811,#143);
#2818=ORIENTED_EDGE('',*,*,#2819,.T.);
#2819=EDGE_CURVE('',#2815,#2799,#2820,.T.);
#2820=LINE('',#2816,#2089);
#2821=PLANE('',#2822);
#2822=AXIS2_PLACEMENT_3D('',#2823,#45,#13);
#2823=CARTESIAN_POINT('',(1.E-01,-7.62,3.911477598424));
#2824=ADVANCED_FACE('',(#2825),#2792,.T.);
#2825=FACE_BOUND('',#2826,.T.);
#2826=EDGE_LOOP('',(#2827,#922,#926,#931));
#2827=ORIENTED_EDGE('',*,*,#2828,.F.);
#2828=EDGE_CURVE('',#918,#933,#2829,.T.);
#2829=LINE('',#919,#56);
#2830=ADVANCED_FACE('',(#2831),#2856,.T.);
#2831=FACE_BOUND('',#2832,.T.);
#2832=EDGE_LOOP('',(#2833,#916,#2838,#2843,#2848,#2853));
#2833=ORIENTED_EDGE('',*,*,#2834,.T.);
#2834=EDGE_CURVE('',#2835,#913,#2837,.T.);
#2835=VERTEX_POINT('',#2836);
#2836=CARTESIAN_POINT('',(-0.1,-7.92,-2.5));
#2837=LINE('',#2836,#27);
#2838=ORIENTED_EDGE('',*,*,#2839,.T.);
#2839=EDGE_CURVE('',#918,#2840,#2842,.T.);
#2840=VERTEX_POINT('',#2841);
#2841=CARTESIAN_POINT('',(-0.1,-7.32,-2.5));
#2842=LINE('',#919,#2073);
#2843=ORIENTED_EDGE('',*,*,#2844,.T.);
#2844=EDGE_CURVE('',#2840,#2845,#2847,.T.);
#2845=VERTEX_POINT('',#2846);
#2846=CARTESIAN_POINT('',(-0.1,-7.47,-3.1));
#2847=LINE('',#2841,#2079);
#2848=ORIENTED_EDGE('',*,*,#2849,.F.);
#2849=EDGE_CURVE('',#2850,#2845,#2852,.T.);
#2850=VERTEX_POINT('',#2851);
#2851=CARTESIAN_POINT('',(-0.1,-7.77,-3.1));
#2852=LINE('',#2851,#33);
#2853=ORIENTED_EDGE('',*,*,#2854,.T.);
#2854=EDGE_CURVE('',#2850,#2835,#2855,.T.);
#2855=LINE('',#2851,#2089);
#2856=PLANE('',#2857);
#2857=AXIS2_PLACEMENT_3D('',#2858,#45,#13);
#2858=CARTESIAN_POINT('',(-0.1,-7.62,3.911477598424));
#2859=ADVANCED_FACE('',(#2860),#2865,.T.);
#2860=FACE_BOUND('',#2861,.T.);
#2861=EDGE_LOOP('',(#946,#953,#2862,#984));
#2862=ORIENTED_EDGE('',*,*,#2863,.T.);
#2863=EDGE_CURVE('',#955,#980,#2864,.T.);
#2864=LINE('',#956,#56);
#2865=PLANE('',#2866);
#2866=AXIS2_PLACEMENT_3D('',#956,#2058,#124);
#2867=ADVANCED_FACE('',(#2868),#2894,.F.);
#2868=FACE_BOUND('',#2869,.F.);
#2869=EDGE_LOOP('',(#2870,#2875,#2876,#2881,#2886,#2891));
#2870=ORIENTED_EDGE('',*,*,#2871,.T.);
#2871=EDGE_CURVE('',#2872,#980,#2874,.T.);
#2872=VERTEX_POINT('',#2873);
#2873=CARTESIAN_POINT('',(1.E-01,-5.38,-2.5));
#2874=LINE('',#2873,#27);
#2875=ORIENTED_EDGE('',*,*,#979,.F.);
#2876=ORIENTED_EDGE('',*,*,#2877,.T.);
#2877=EDGE_CURVE('',#975,#2878,#2880,.T.);
#2878=VERTEX_POINT('',#2879);
#2879=CARTESIAN_POINT('',(1.E-01,-4.78,-2.5));
#2880=LINE('',#976,#2073);
#2881=ORIENTED_EDGE('',*,*,#2882,.T.);
#2882=EDGE_CURVE('',#2878,#2883,#2885,.T.);
#2883=VERTEX_POINT('',#2884);
#2884=CARTESIAN_POINT('',(1.E-01,-4.93,-3.1));
#2885=LINE('',#2879,#2079);
#2886=ORIENTED_EDGE('',*,*,#2887,.T.);
#2887=EDGE_CURVE('',#2883,#2888,#2890,.T.);
#2888=VERTEX_POINT('',#2889);
#2889=CARTESIAN_POINT('',(1.E-01,-5.23,-3.1));
#2890=LINE('',#2884,#143);
#2891=ORIENTED_EDGE('',*,*,#2892,.T.);
#2892=EDGE_CURVE('',#2888,#2872,#2893,.T.);
#2893=LINE('',#2889,#2089);
#2894=PLANE('',#2895);
#2895=AXIS2_PLACEMENT_3D('',#2896,#45,#13);
#2896=CARTESIAN_POINT('',(1.E-01,-5.08,3.911477598424));
#2897=ADVANCED_FACE('',(#2898),#2865,.T.);
#2898=FACE_BOUND('',#2899,.T.);
#2899=EDGE_LOOP('',(#2900,#964,#968,#973));
#2900=ORIENTED_EDGE('',*,*,#2901,.F.);
#2901=EDGE_CURVE('',#960,#975,#2902,.T.);
#2902=LINE('',#961,#56);
#2903=ADVANCED_FACE('',(#2904),#2929,.T.);
#2904=FACE_BOUND('',#2905,.T.);
#2905=EDGE_LOOP('',(#2906,#958,#2911,#2916,#2921,#2926));
#2906=ORIENTED_EDGE('',*,*,#2907,.T.);
#2907=EDGE_CURVE('',#2908,#955,#2910,.T.);
#2908=VERTEX_POINT('',#2909);
#2909=CARTESIAN_POINT('',(-0.1,-5.38,-2.5));
#2910=LINE('',#2909,#27);
#2911=ORIENTED_EDGE('',*,*,#2912,.T.);
#2912=EDGE_CURVE('',#960,#2913,#2915,.T.);
#2913=VERTEX_POINT('',#2914);
#2914=CARTESIAN_POINT('',(-0.1,-4.78,-2.5));
#2915=LINE('',#961,#2073);
#2916=ORIENTED_EDGE('',*,*,#2917,.T.);
#2917=EDGE_CURVE('',#2913,#2918,#2920,.T.);
#2918=VERTEX_POINT('',#2919);
#2919=CARTESIAN_POINT('',(-0.1,-4.93,-3.1));
#2920=LINE('',#2914,#2079);
#2921=ORIENTED_EDGE('',*,*,#2922,.F.);
#2922=EDGE_CURVE('',#2923,#2918,#2925,.T.);
#2923=VERTEX_POINT('',#2924);
#2924=CARTESIAN_POINT('',(-0.1,-5.23,-3.1));
#2925=LINE('',#2924,#33);
#2926=ORIENTED_EDGE('',*,*,#2927,.T.);
#2927=EDGE_CURVE('',#2923,#2908,#2928,.T.);
#2928=LINE('',#2924,#2089);
#2929=PLANE('',#2930);
#2930=AXIS2_PLACEMENT_3D('',#2931,#45,#13);
#2931=CARTESIAN_POINT('',(-0.1,-5.08,3.911477598424));
#2932=ADVANCED_FACE('',(#2933),#2938,.T.);
#2933=FACE_BOUND('',#2934,.T.);
#2934=EDGE_LOOP('',(#988,#995,#2935,#1026));
#2935=ORIENTED_EDGE('',*,*,#2936,.T.);
#2936=EDGE_CURVE('',#997,#1022,#2937,.T.);
#2937=LINE('',#998,#56);
#2938=PLANE('',#2939);
#2939=AXIS2_PLACEMENT_3D('',#998,#2058,#124);
#2940=ADVANCED_FACE('',(#2941),#2967,.F.);
#2941=FACE_BOUND('',#2942,.F.);
#2942=EDGE_LOOP('',(#2943,#2948,#2949,#2954,#2959,#2964));
#2943=ORIENTED_EDGE('',*,*,#2944,.T.);
#2944=EDGE_CURVE('',#2945,#1022,#2947,.T.);
#2945=VERTEX_POINT('',#2946);
#2946=CARTESIAN_POINT('',(1.E-01,-2.84,-2.5));
#2947=LINE('',#2946,#27);
#2948=ORIENTED_EDGE('',*,*,#1021,.F.);
#2949=ORIENTED_EDGE('',*,*,#2950,.T.);
#2950=EDGE_CURVE('',#1017,#2951,#2953,.T.);
#2951=VERTEX_POINT('',#2952);
#2952=CARTESIAN_POINT('',(1.E-01,-2.24,-2.5));
#2953=LINE('',#1018,#2073);
#2954=ORIENTED_EDGE('',*,*,#2955,.T.);
#2955=EDGE_CURVE('',#2951,#2956,#2958,.T.);
#2956=VERTEX_POINT('',#2957);
#2957=CARTESIAN_POINT('',(1.E-01,-2.39,-3.1));
#2958=LINE('',#2952,#2079);
#2959=ORIENTED_EDGE('',*,*,#2960,.T.);
#2960=EDGE_CURVE('',#2956,#2961,#2963,.T.);
#2961=VERTEX_POINT('',#2962);
#2962=CARTESIAN_POINT('',(1.E-01,-2.69,-3.1));
#2963=LINE('',#2957,#143);
#2964=ORIENTED_EDGE('',*,*,#2965,.T.);
#2965=EDGE_CURVE('',#2961,#2945,#2966,.T.);
#2966=LINE('',#2962,#2089);
#2967=PLANE('',#2968);
#2968=AXIS2_PLACEMENT_3D('',#2969,#45,#13);
#2969=CARTESIAN_POINT('',(1.E-01,-2.54,3.911477598424));
#2970=ADVANCED_FACE('',(#2971),#2938,.T.);
#2971=FACE_BOUND('',#2972,.T.);
#2972=EDGE_LOOP('',(#2973,#1006,#1010,#1015));
#2973=ORIENTED_EDGE('',*,*,#2974,.F.);
#2974=EDGE_CURVE('',#1002,#1017,#2975,.T.);
#2975=LINE('',#1003,#56);
#2976=ADVANCED_FACE('',(#2977),#3002,.T.);
#2977=FACE_BOUND('',#2978,.T.);
#2978=EDGE_LOOP('',(#2979,#1000,#2984,#2989,#2994,#2999));
#2979=ORIENTED_EDGE('',*,*,#2980,.T.);
#2980=EDGE_CURVE('',#2981,#997,#2983,.T.);
#2981=VERTEX_POINT('',#2982);
#2982=CARTESIAN_POINT('',(-0.1,-2.84,-2.5));
#2983=LINE('',#2982,#27);
#2984=ORIENTED_EDGE('',*,*,#2985,.T.);
#2985=EDGE_CURVE('',#1002,#2986,#2988,.T.);
#2986=VERTEX_POINT('',#2987);
#2987=CARTESIAN_POINT('',(-0.1,-2.24,-2.5));
#2988=LINE('',#1003,#2073);
#2989=ORIENTED_EDGE('',*,*,#2990,.T.);
#2990=EDGE_CURVE('',#2986,#2991,#2993,.T.);
#2991=VERTEX_POINT('',#2992);
#2992=CARTESIAN_POINT('',(-0.1,-2.39,-3.1));
#2993=LINE('',#2987,#2079);
#2994=ORIENTED_EDGE('',*,*,#2995,.F.);
#2995=EDGE_CURVE('',#2996,#2991,#2998,.T.);
#2996=VERTEX_POINT('',#2997);
#2997=CARTESIAN_POINT('',(-0.1,-2.69,-3.1));
#2998=LINE('',#2997,#33);
#2999=ORIENTED_EDGE('',*,*,#3000,.T.);
#3000=EDGE_CURVE('',#2996,#2981,#3001,.T.);
#3001=LINE('',#2997,#2089);
#3002=PLANE('',#3003);
#3003=AXIS2_PLACEMENT_3D('',#3004,#45,#13);
#3004=CARTESIAN_POINT('',(-0.1,-2.54,3.911477598424));
#3005=ADVANCED_FACE('',(#3006),#3011,.T.);
#3006=FACE_BOUND('',#3007,.T.);
#3007=EDGE_LOOP('',(#1030,#1037,#3008,#1068));
#3008=ORIENTED_EDGE('',*,*,#3009,.T.);
#3009=EDGE_CURVE('',#1039,#1064,#3010,.T.);
#3010=LINE('',#1040,#56);
#3011=PLANE('',#3012);
#3012=AXIS2_PLACEMENT_3D('',#1040,#2058,#124);
#3013=ADVANCED_FACE('',(#3014),#3040,.F.);
#3014=FACE_BOUND('',#3015,.F.);
#3015=EDGE_LOOP('',(#3016,#3021,#3022,#3027,#3032,#3037));
#3016=ORIENTED_EDGE('',*,*,#3017,.T.);
#3017=EDGE_CURVE('',#3018,#1064,#3020,.T.);
#3018=VERTEX_POINT('',#3019);
#3019=CARTESIAN_POINT('',(0.1,-0.3,-2.5));
#3020=LINE('',#3019,#27);
#3021=ORIENTED_EDGE('',*,*,#1063,.F.);
#3022=ORIENTED_EDGE('',*,*,#3023,.T.);
#3023=EDGE_CURVE('',#1059,#3024,#3026,.T.);
#3024=VERTEX_POINT('',#3025);
#3025=CARTESIAN_POINT('',(0.1,0.3,-2.5));
#3026=LINE('',#1060,#2073);
#3027=ORIENTED_EDGE('',*,*,#3028,.T.);
#3028=EDGE_CURVE('',#3024,#3029,#3031,.T.);
#3029=VERTEX_POINT('',#3030);
#3030=CARTESIAN_POINT('',(0.1,0.15,-3.1));
#3031=LINE('',#3025,#2079);
#3032=ORIENTED_EDGE('',*,*,#3033,.T.);
#3033=EDGE_CURVE('',#3029,#3034,#3036,.T.);
#3034=VERTEX_POINT('',#3035);
#3035=CARTESIAN_POINT('',(0.1,-0.15,-3.1));
#3036=LINE('',#3030,#143);
#3037=ORIENTED_EDGE('',*,*,#3038,.T.);
#3038=EDGE_CURVE('',#3034,#3018,#3039,.T.);
#3039=LINE('',#3035,#2089);
#3040=PLANE('',#3041);
#3041=AXIS2_PLACEMENT_3D('',#3042,#45,#13);
#3042=CARTESIAN_POINT('',(0.1,-1.110223024625E-17,3.911477598424));
#3043=ADVANCED_FACE('',(#3044),#3011,.T.);
#3044=FACE_BOUND('',#3045,.T.);
#3045=EDGE_LOOP('',(#3046,#1048,#1052,#1057));
#3046=ORIENTED_EDGE('',*,*,#3047,.F.);
#3047=EDGE_CURVE('',#1044,#1059,#3048,.T.);
#3048=LINE('',#1045,#56);
#3049=ADVANCED_FACE('',(#3050),#3075,.T.);
#3050=FACE_BOUND('',#3051,.T.);
#3051=EDGE_LOOP('',(#3052,#1042,#3057,#3062,#3067,#3072));
#3052=ORIENTED_EDGE('',*,*,#3053,.T.);
#3053=EDGE_CURVE('',#3054,#1039,#3056,.T.);
#3054=VERTEX_POINT('',#3055);
#3055=CARTESIAN_POINT('',(-0.1,-0.3,-2.5));
#3056=LINE('',#3055,#27);
#3057=ORIENTED_EDGE('',*,*,#3058,.T.);
#3058=EDGE_CURVE('',#1044,#3059,#3061,.T.);
#3059=VERTEX_POINT('',#3060);
#3060=CARTESIAN_POINT('',(-1.E-01,0.3,-2.5));
#3061=LINE('',#1045,#2073);
#3062=ORIENTED_EDGE('',*,*,#3063,.T.);
#3063=EDGE_CURVE('',#3059,#3064,#3066,.T.);
#3064=VERTEX_POINT('',#3065);
#3065=CARTESIAN_POINT('',(-1.E-01,0.15,-3.1));
#3066=LINE('',#3060,#2079);
#3067=ORIENTED_EDGE('',*,*,#3068,.F.);
#3068=EDGE_CURVE('',#3069,#3064,#3071,.T.);
#3069=VERTEX_POINT('',#3070);
#3070=CARTESIAN_POINT('',(-1.E-01,-0.15,-3.1));
#3071=LINE('',#3070,#33);
#3072=ORIENTED_EDGE('',*,*,#3073,.T.);
#3073=EDGE_CURVE('',#3069,#3054,#3074,.T.);
#3074=LINE('',#3070,#2089);
#3075=PLANE('',#3076);
#3076=AXIS2_PLACEMENT_3D('',#3077,#45,#13);
#3077=CARTESIAN_POINT('',(-1.E-01,1.110223024625E-17,3.911477598424));
#3078=ADVANCED_FACE('',(#3079),#3094,.F.);
#3079=FACE_BOUND('',#3080,.F.);
#3080=EDGE_LOOP('',(#3081,#3086,#3091,#1104));
#3081=ORIENTED_EDGE('',*,*,#3082,.T.);
#3082=EDGE_CURVE('',#1091,#3083,#3085,.T.);
#3083=VERTEX_POINT('',#3084);
#3084=CARTESIAN_POINT('',(0.3,-33.32,0.9));
#3085=LINE('',#1092,#2073);
#3086=ORIENTED_EDGE('',*,*,#3087,.T.);
#3087=EDGE_CURVE('',#3083,#3088,#3090,.T.);
#3088=VERTEX_POINT('',#3089);
#3089=CARTESIAN_POINT('',(0.3,-32.72,0.9));
#3090=LINE('',#3084,#33);
#3091=ORIENTED_EDGE('',*,*,#3092,.F.);
#3092=EDGE_CURVE('',#1099,#3088,#3093,.T.);
#3093=LINE('',#1100,#2073);
#3094=PLANE('',#3095);
#3095=AXIS2_PLACEMENT_3D('',#1092,#14,#34);
#3096=ADVANCED_FACE('',(#3097),#3129,.F.);
#3097=FACE_BOUND('',#3098,.F.);
#3098=EDGE_LOOP('',(#1124,#3099,#3100,#3105,#3111,#3116,#3122,#3126));
#3099=ORIENTED_EDGE('',*,*,#3092,.T.);
#3100=ORIENTED_EDGE('',*,*,#3101,.T.);
#3101=EDGE_CURVE('',#3088,#3102,#3104,.T.);
#3102=VERTEX_POINT('',#3103);
#3103=CARTESIAN_POINT('',(1.E-01,-32.72,0.9));
#3104=LINE('',#3089,#93);
#3105=ORIENTED_EDGE('',*,*,#3106,.T.);
#3106=EDGE_CURVE('',#3102,#3107,#3109,.T.);
#3107=VERTEX_POINT('',#3108);
#3108=CARTESIAN_POINT('',(1.E-01,-32.72,7.4));
#3109=LINE('',#3110,#27);
#3110=CARTESIAN_POINT('',(1.E-01,-32.72,6.055738799212));
#3111=ORIENTED_EDGE('',*,*,#3112,.F.);
#3112=EDGE_CURVE('',#3113,#3107,#3115,.T.);
#3113=VERTEX_POINT('',#3114);
#3114=CARTESIAN_POINT('',(-0.1,-32.72,7.4));
#3115=LINE('',#3114,#56);
#3116=ORIENTED_EDGE('',*,*,#3117,.F.);
#3117=EDGE_CURVE('',#3118,#3113,#3120,.T.);
#3118=VERTEX_POINT('',#3119);
#3119=CARTESIAN_POINT('',(-0.1,-32.72,0.9));
#3120=LINE('',#3121,#27);
#3121=CARTESIAN_POINT('',(-0.1,-32.72,6.055738799212));
#3122=ORIENTED_EDGE('',*,*,#3123,.T.);
#3123=EDGE_CURVE('',#3118,#3124,#3104,.T.);
#3124=VERTEX_POINT('',#3125);
#3125=CARTESIAN_POINT('',(-0.3,-32.72,0.9));
#3126=ORIENTED_EDGE('',*,*,#3127,.F.);
#3127=EDGE_CURVE('',#1119,#3124,#3128,.T.);
#3128=LINE('',#1120,#2073);
#3129=PLANE('',#3130);
#3130=AXIS2_PLACEMENT_3D('',#1100,#34,#45);
#3131=ADVANCED_FACE('',(#3132),#3143,.F.);
#3132=FACE_BOUND('',#3133,.F.);
#3133=EDGE_LOOP('',(#3134,#3135,#3140,#1144));
#3134=ORIENTED_EDGE('',*,*,#3127,.T.);
#3135=ORIENTED_EDGE('',*,*,#3136,.T.);
#3136=EDGE_CURVE('',#3124,#3137,#3139,.T.);
#3137=VERTEX_POINT('',#3138);
#3138=CARTESIAN_POINT('',(-0.3,-33.32,0.9));
#3139=LINE('',#3125,#143);
#3140=ORIENTED_EDGE('',*,*,#3141,.F.);
#3141=EDGE_CURVE('',#1139,#3137,#3142,.T.);
#3142=LINE('',#1140,#2073);
#3143=PLANE('',#3144);
#3144=AXIS2_PLACEMENT_3D('',#1120,#45,#124);
#3145=ADVANCED_FACE('',(#3146),#3174,.F.);
#3146=FACE_BOUND('',#3147,.F.);
#3147=EDGE_LOOP('',(#1158,#3148,#3149,#3154,#3160,#3165,#3171,#3173));
#3148=ORIENTED_EDGE('',*,*,#3141,.T.);
#3149=ORIENTED_EDGE('',*,*,#3150,.T.);
#3150=EDGE_CURVE('',#3137,#3151,#3153,.T.);
#3151=VERTEX_POINT('',#3152);
#3152=CARTESIAN_POINT('',(-0.1,-33.32,0.9));
#3153=LINE('',#3138,#56);
#3154=ORIENTED_EDGE('',*,*,#3155,.F.);
#3155=EDGE_CURVE('',#3156,#3151,#3158,.T.);
#3156=VERTEX_POINT('',#3157);
#3157=CARTESIAN_POINT('',(-0.1,-33.32,7.4));
#3158=LINE('',#3159,#2073);
#3159=CARTESIAN_POINT('',(-0.1,-33.32,6.055738799212));
#3160=ORIENTED_EDGE('',*,*,#3161,.T.);
#3161=EDGE_CURVE('',#3156,#3162,#3164,.T.);
#3162=VERTEX_POINT('',#3163);
#3163=CARTESIAN_POINT('',(1.E-01,-33.32,7.4));
#3164=LINE('',#3157,#56);
#3165=ORIENTED_EDGE('',*,*,#3166,.T.);
#3166=EDGE_CURVE('',#3162,#3167,#3169,.T.);
#3167=VERTEX_POINT('',#3168);
#3168=CARTESIAN_POINT('',(1.E-01,-33.32,0.9));
#3169=LINE('',#3170,#2073);
#3170=CARTESIAN_POINT('',(1.E-01,-33.32,6.055738799212));
#3171=ORIENTED_EDGE('',*,*,#3172,.T.);
#3172=EDGE_CURVE('',#3167,#3083,#3153,.T.);
#3173=ORIENTED_EDGE('',*,*,#3082,.F.);
#3174=PLANE('',#3175);
#3175=AXIS2_PLACEMENT_3D('',#1140,#124,#14);
#3176=ADVANCED_FACE('',(#3177),#3192,.F.);
#3177=FACE_BOUND('',#3178,.F.);
#3178=EDGE_LOOP('',(#3179,#3184,#3189,#1180));
#3179=ORIENTED_EDGE('',*,*,#3180,.T.);
#3180=EDGE_CURVE('',#1171,#3181,#3183,.T.);
#3181=VERTEX_POINT('',#3182);
#3182=CARTESIAN_POINT('',(0.3,-30.78,0.9));
#3183=LINE('',#1172,#2073);
#3184=ORIENTED_EDGE('',*,*,#3185,.T.);
#3185=EDGE_CURVE('',#3181,#3186,#3188,.T.);
#3186=VERTEX_POINT('',#3187);
#3187=CARTESIAN_POINT('',(0.3,-30.18,0.9));
#3188=LINE('',#3182,#33);
#3189=ORIENTED_EDGE('',*,*,#3190,.F.);
#3190=EDGE_CURVE('',#1177,#3186,#3191,.T.);
#3191=LINE('',#1178,#2073);
#3192=PLANE('',#3193);
#3193=AXIS2_PLACEMENT_3D('',#1172,#14,#34);
#3194=ADVANCED_FACE('',(#3195),#3227,.F.);
#3195=FACE_BOUND('',#3196,.F.);
#3196=EDGE_LOOP('',(#1197,#3197,#3198,#3203,#3209,#3214,#3220,#3224));
#3197=ORIENTED_EDGE('',*,*,#3190,.T.);
#3198=ORIENTED_EDGE('',*,*,#3199,.T.);
#3199=EDGE_CURVE('',#3186,#3200,#3202,.T.);
#3200=VERTEX_POINT('',#3201);
#3201=CARTESIAN_POINT('',(1.E-01,-30.18,0.9));
#3202=LINE('',#3187,#93);
#3203=ORIENTED_EDGE('',*,*,#3204,.T.);
#3204=EDGE_CURVE('',#3200,#3205,#3207,.T.);
#3205=VERTEX_POINT('',#3206);
#3206=CARTESIAN_POINT('',(1.E-01,-30.18,7.4));
#3207=LINE('',#3208,#27);
#3208=CARTESIAN_POINT('',(1.E-01,-30.18,6.055738799212));
#3209=ORIENTED_EDGE('',*,*,#3210,.F.);
#3210=EDGE_CURVE('',#3211,#3205,#3213,.T.);
#3211=VERTEX_POINT('',#3212);
#3212=CARTESIAN_POINT('',(-0.1,-30.18,7.4));
#3213=LINE('',#3212,#56);
#3214=ORIENTED_EDGE('',*,*,#3215,.F.);
#3215=EDGE_CURVE('',#3216,#3211,#3218,.T.);
#3216=VERTEX_POINT('',#3217);
#3217=CARTESIAN_POINT('',(-0.1,-30.18,0.9));
#3218=LINE('',#3219,#27);
#3219=CARTESIAN_POINT('',(-0.1,-30.18,6.055738799212));
#3220=ORIENTED_EDGE('',*,*,#3221,.T.);
#3221=EDGE_CURVE('',#3216,#3222,#3202,.T.);
#3222=VERTEX_POINT('',#3223);
#3223=CARTESIAN_POINT('',(-0.3,-30.18,0.9));
#3224=ORIENTED_EDGE('',*,*,#3225,.F.);
#3225=EDGE_CURVE('',#1194,#3222,#3226,.T.);
#3226=LINE('',#1195,#2073);
#3227=PLANE('',#3228);
#3228=AXIS2_PLACEMENT_3D('',#1178,#34,#45);
#3229=ADVANCED_FACE('',(#3230),#3241,.F.);
#3230=FACE_BOUND('',#3231,.F.);
#3231=EDGE_LOOP('',(#3232,#3233,#3238,#1214));
#3232=ORIENTED_EDGE('',*,*,#3225,.T.);
#3233=ORIENTED_EDGE('',*,*,#3234,.T.);
#3234=EDGE_CURVE('',#3222,#3235,#3237,.T.);
#3235=VERTEX_POINT('',#3236);
#3236=CARTESIAN_POINT('',(-0.3,-30.78,0.9));
#3237=LINE('',#3223,#143);
#3238=ORIENTED_EDGE('',*,*,#3239,.F.);
#3239=EDGE_CURVE('',#1211,#3235,#3240,.T.);
#3240=LINE('',#1212,#2073);
#3241=PLANE('',#3242);
#3242=AXIS2_PLACEMENT_3D('',#1195,#45,#124);
#3243=ADVANCED_FACE('',(#3244),#3272,.F.);
#3244=FACE_BOUND('',#3245,.F.);
#3245=EDGE_LOOP('',(#1227,#3246,#3247,#3252,#3258,#3263,#3269,#3271));
#3246=ORIENTED_EDGE('',*,*,#3239,.T.);
#3247=ORIENTED_EDGE('',*,*,#3248,.T.);
#3248=EDGE_CURVE('',#3235,#3249,#3251,.T.);
#3249=VERTEX_POINT('',#3250);
#3250=CARTESIAN_POINT('',(-0.1,-30.78,0.9));
#3251=LINE('',#3236,#56);
#3252=ORIENTED_EDGE('',*,*,#3253,.F.);
#3253=EDGE_CURVE('',#3254,#3249,#3256,.T.);
#3254=VERTEX_POINT('',#3255);
#3255=CARTESIAN_POINT('',(-0.1,-30.78,7.4));
#3256=LINE('',#3257,#2073);
#3257=CARTESIAN_POINT('',(-0.1,-30.78,6.055738799212));
#3258=ORIENTED_EDGE('',*,*,#3259,.T.);
#3259=EDGE_CURVE('',#3254,#3260,#3262,.T.);
#3260=VERTEX_POINT('',#3261);
#3261=CARTESIAN_POINT('',(1.E-01,-30.78,7.4));
#3262=LINE('',#3255,#56);
#3263=ORIENTED_EDGE('',*,*,#3264,.T.);
#3264=EDGE_CURVE('',#3260,#3265,#3267,.T.);
#3265=VERTEX_POINT('',#3266);
#3266=CARTESIAN_POINT('',(1.E-01,-30.78,0.9));
#3267=LINE('',#3268,#2073);
#3268=CARTESIAN_POINT('',(1.E-01,-30.78,6.055738799212));
#3269=ORIENTED_EDGE('',*,*,#3270,.T.);
#3270=EDGE_CURVE('',#3265,#3181,#3251,.T.);
#3271=ORIENTED_EDGE('',*,*,#3180,.F.);
#3272=PLANE('',#3273);
#3273=AXIS2_PLACEMENT_3D('',#1212,#124,#14);
#3274=ADVANCED_FACE('',(#3275),#3290,.F.);
#3275=FACE_BOUND('',#3276,.F.);
#3276=EDGE_LOOP('',(#3277,#3282,#3287,#1248));
#3277=ORIENTED_EDGE('',*,*,#3278,.T.);
#3278=EDGE_CURVE('',#1239,#3279,#3281,.T.);
#3279=VERTEX_POINT('',#3280);
#3280=CARTESIAN_POINT('',(0.3,-28.24,0.9));
#3281=LINE('',#1240,#2073);
#3282=ORIENTED_EDGE('',*,*,#3283,.T.);
#3283=EDGE_CURVE('',#3279,#3284,#3286,.T.);
#3284=VERTEX_POINT('',#3285);
#3285=CARTESIAN_POINT('',(0.3,-27.64,0.9));
#3286=LINE('',#3280,#33);
#3287=ORIENTED_EDGE('',*,*,#3288,.F.);
#3288=EDGE_CURVE('',#1245,#3284,#3289,.T.);
#3289=LINE('',#1246,#2073);
#3290=PLANE('',#3291);
#3291=AXIS2_PLACEMENT_3D('',#1240,#14,#34);
#3292=ADVANCED_FACE('',(#3293),#3325,.F.);
#3293=FACE_BOUND('',#3294,.F.);
#3294=EDGE_LOOP('',(#1265,#3295,#3296,#3301,#3307,#3312,#3318,#3322));
#3295=ORIENTED_EDGE('',*,*,#3288,.T.);
#3296=ORIENTED_EDGE('',*,*,#3297,.T.);
#3297=EDGE_CURVE('',#3284,#3298,#3300,.T.);
#3298=VERTEX_POINT('',#3299);
#3299=CARTESIAN_POINT('',(1.E-01,-27.64,0.9));
#3300=LINE('',#3285,#93);
#3301=ORIENTED_EDGE('',*,*,#3302,.T.);
#3302=EDGE_CURVE('',#3298,#3303,#3305,.T.);
#3303=VERTEX_POINT('',#3304);
#3304=CARTESIAN_POINT('',(1.E-01,-27.64,7.4));
#3305=LINE('',#3306,#27);
#3306=CARTESIAN_POINT('',(1.E-01,-27.64,6.055738799212));
#3307=ORIENTED_EDGE('',*,*,#3308,.F.);
#3308=EDGE_CURVE('',#3309,#3303,#3311,.T.);
#3309=VERTEX_POINT('',#3310);
#3310=CARTESIAN_POINT('',(-0.1,-27.64,7.4));
#3311=LINE('',#3310,#56);
#3312=ORIENTED_EDGE('',*,*,#3313,.F.);
#3313=EDGE_CURVE('',#3314,#3309,#3316,.T.);
#3314=VERTEX_POINT('',#3315);
#3315=CARTESIAN_POINT('',(-0.1,-27.64,0.9));
#3316=LINE('',#3317,#27);
#3317=CARTESIAN_POINT('',(-0.1,-27.64,6.055738799212));
#3318=ORIENTED_EDGE('',*,*,#3319,.T.);
#3319=EDGE_CURVE('',#3314,#3320,#3300,.T.);
#3320=VERTEX_POINT('',#3321);
#3321=CARTESIAN_POINT('',(-0.3,-27.64,0.9));
#3322=ORIENTED_EDGE('',*,*,#3323,.F.);
#3323=EDGE_CURVE('',#1262,#3320,#3324,.T.);
#3324=LINE('',#1263,#2073);
#3325=PLANE('',#3326);
#3326=AXIS2_PLACEMENT_3D('',#1246,#34,#45);
#3327=ADVANCED_FACE('',(#3328),#3339,.F.);
#3328=FACE_BOUND('',#3329,.F.);
#3329=EDGE_LOOP('',(#3330,#3331,#3336,#1282));
#3330=ORIENTED_EDGE('',*,*,#3323,.T.);
#3331=ORIENTED_EDGE('',*,*,#3332,.T.);
#3332=EDGE_CURVE('',#3320,#3333,#3335,.T.);
#3333=VERTEX_POINT('',#3334);
#3334=CARTESIAN_POINT('',(-0.3,-28.24,0.9));
#3335=LINE('',#3321,#143);
#3336=ORIENTED_EDGE('',*,*,#3337,.F.);
#3337=EDGE_CURVE('',#1279,#3333,#3338,.T.);
#3338=LINE('',#1280,#2073);
#3339=PLANE('',#3340);
#3340=AXIS2_PLACEMENT_3D('',#1263,#45,#124);
#3341=ADVANCED_FACE('',(#3342),#3370,.F.);
#3342=FACE_BOUND('',#3343,.F.);
#3343=EDGE_LOOP('',(#1295,#3344,#3345,#3350,#3356,#3361,#3367,#3369));
#3344=ORIENTED_EDGE('',*,*,#3337,.T.);
#3345=ORIENTED_EDGE('',*,*,#3346,.T.);
#3346=EDGE_CURVE('',#3333,#3347,#3349,.T.);
#3347=VERTEX_POINT('',#3348);
#3348=CARTESIAN_POINT('',(-0.1,-28.24,0.9));
#3349=LINE('',#3334,#56);
#3350=ORIENTED_EDGE('',*,*,#3351,.F.);
#3351=EDGE_CURVE('',#3352,#3347,#3354,.T.);
#3352=VERTEX_POINT('',#3353);
#3353=CARTESIAN_POINT('',(-0.1,-28.24,7.4));
#3354=LINE('',#3355,#2073);
#3355=CARTESIAN_POINT('',(-0.1,-28.24,6.055738799212));
#3356=ORIENTED_EDGE('',*,*,#3357,.T.);
#3357=EDGE_CURVE('',#3352,#3358,#3360,.T.);
#3358=VERTEX_POINT('',#3359);
#3359=CARTESIAN_POINT('',(1.E-01,-28.24,7.4));
#3360=LINE('',#3353,#56);
#3361=ORIENTED_EDGE('',*,*,#3362,.T.);
#3362=EDGE_CURVE('',#3358,#3363,#3365,.T.);
#3363=VERTEX_POINT('',#3364);
#3364=CARTESIAN_POINT('',(1.E-01,-28.24,0.9));
#3365=LINE('',#3366,#2073);
#3366=CARTESIAN_POINT('',(1.E-01,-28.24,6.055738799212));
#3367=ORIENTED_EDGE('',*,*,#3368,.T.);
#3368=EDGE_CURVE('',#3363,#3279,#3349,.T.);
#3369=ORIENTED_EDGE('',*,*,#3278,.F.);
#3370=PLANE('',#3371);
#3371=AXIS2_PLACEMENT_3D('',#1280,#124,#14);
#3372=ADVANCED_FACE('',(#3373),#3388,.F.);
#3373=FACE_BOUND('',#3374,.F.);
#3374=EDGE_LOOP('',(#3375,#3380,#3385,#1316));
#3375=ORIENTED_EDGE('',*,*,#3376,.T.);
#3376=EDGE_CURVE('',#1307,#3377,#3379,.T.);
#3377=VERTEX_POINT('',#3378);
#3378=CARTESIAN_POINT('',(0.3,-25.7,0.9));
#3379=LINE('',#1308,#2073);
#3380=ORIENTED_EDGE('',*,*,#3381,.T.);
#3381=EDGE_CURVE('',#3377,#3382,#3384,.T.);
#3382=VERTEX_POINT('',#3383);
#3383=CARTESIAN_POINT('',(0.3,-25.1,0.9));
#3384=LINE('',#3378,#33);
#3385=ORIENTED_EDGE('',*,*,#3386,.F.);
#3386=EDGE_CURVE('',#1313,#3382,#3387,.T.);
#3387=LINE('',#1314,#2073);
#3388=PLANE('',#3389);
#3389=AXIS2_PLACEMENT_3D('',#1308,#14,#34);
#3390=ADVANCED_FACE('',(#3391),#3423,.F.);
#3391=FACE_BOUND('',#3392,.F.);
#3392=EDGE_LOOP('',(#1333,#3393,#3394,#3399,#3405,#3410,#3416,#3420));
#3393=ORIENTED_EDGE('',*,*,#3386,.T.);
#3394=ORIENTED_EDGE('',*,*,#3395,.T.);
#3395=EDGE_CURVE('',#3382,#3396,#3398,.T.);
#3396=VERTEX_POINT('',#3397);
#3397=CARTESIAN_POINT('',(1.E-01,-25.1,0.9));
#3398=LINE('',#3383,#93);
#3399=ORIENTED_EDGE('',*,*,#3400,.T.);
#3400=EDGE_CURVE('',#3396,#3401,#3403,.T.);
#3401=VERTEX_POINT('',#3402);
#3402=CARTESIAN_POINT('',(1.E-01,-25.1,7.4));
#3403=LINE('',#3404,#27);
#3404=CARTESIAN_POINT('',(1.E-01,-25.1,6.055738799212));
#3405=ORIENTED_EDGE('',*,*,#3406,.F.);
#3406=EDGE_CURVE('',#3407,#3401,#3409,.T.);
#3407=VERTEX_POINT('',#3408);
#3408=CARTESIAN_POINT('',(-0.1,-25.1,7.4));
#3409=LINE('',#3408,#56);
#3410=ORIENTED_EDGE('',*,*,#3411,.F.);
#3411=EDGE_CURVE('',#3412,#3407,#3414,.T.);
#3412=VERTEX_POINT('',#3413);
#3413=CARTESIAN_POINT('',(-0.1,-25.1,0.9));
#3414=LINE('',#3415,#27);
#3415=CARTESIAN_POINT('',(-0.1,-25.1,6.055738799212));
#3416=ORIENTED_EDGE('',*,*,#3417,.T.);
#3417=EDGE_CURVE('',#3412,#3418,#3398,.T.);
#3418=VERTEX_POINT('',#3419);
#3419=CARTESIAN_POINT('',(-0.3,-25.1,0.9));
#3420=ORIENTED_EDGE('',*,*,#3421,.F.);
#3421=EDGE_CURVE('',#1330,#3418,#3422,.T.);
#3422=LINE('',#1331,#2073);
#3423=PLANE('',#3424);
#3424=AXIS2_PLACEMENT_3D('',#1314,#34,#45);
#3425=ADVANCED_FACE('',(#3426),#3437,.F.);
#3426=FACE_BOUND('',#3427,.F.);
#3427=EDGE_LOOP('',(#3428,#3429,#3434,#1350));
#3428=ORIENTED_EDGE('',*,*,#3421,.T.);
#3429=ORIENTED_EDGE('',*,*,#3430,.T.);
#3430=EDGE_CURVE('',#3418,#3431,#3433,.T.);
#3431=VERTEX_POINT('',#3432);
#3432=CARTESIAN_POINT('',(-0.3,-25.7,0.9));
#3433=LINE('',#3419,#143);
#3434=ORIENTED_EDGE('',*,*,#3435,.F.);
#3435=EDGE_CURVE('',#1347,#3431,#3436,.T.);
#3436=LINE('',#1348,#2073);
#3437=PLANE('',#3438);
#3438=AXIS2_PLACEMENT_3D('',#1331,#45,#124);
#3439=ADVANCED_FACE('',(#3440),#3468,.F.);
#3440=FACE_BOUND('',#3441,.F.);
#3441=EDGE_LOOP('',(#1363,#3442,#3443,#3448,#3454,#3459,#3465,#3467));
#3442=ORIENTED_EDGE('',*,*,#3435,.T.);
#3443=ORIENTED_EDGE('',*,*,#3444,.T.);
#3444=EDGE_CURVE('',#3431,#3445,#3447,.T.);
#3445=VERTEX_POINT('',#3446);
#3446=CARTESIAN_POINT('',(-0.1,-25.7,0.9));
#3447=LINE('',#3432,#56);
#3448=ORIENTED_EDGE('',*,*,#3449,.F.);
#3449=EDGE_CURVE('',#3450,#3445,#3452,.T.);
#3450=VERTEX_POINT('',#3451);
#3451=CARTESIAN_POINT('',(-0.1,-25.7,7.4));
#3452=LINE('',#3453,#2073);
#3453=CARTESIAN_POINT('',(-0.1,-25.7,6.055738799212));
#3454=ORIENTED_EDGE('',*,*,#3455,.T.);
#3455=EDGE_CURVE('',#3450,#3456,#3458,.T.);
#3456=VERTEX_POINT('',#3457);
#3457=CARTESIAN_POINT('',(1.E-01,-25.7,7.4));
#3458=LINE('',#3451,#56);
#3459=ORIENTED_EDGE('',*,*,#3460,.T.);
#3460=EDGE_CURVE('',#3456,#3461,#3463,.T.);
#3461=VERTEX_POINT('',#3462);
#3462=CARTESIAN_POINT('',(1.E-01,-25.7,0.9));
#3463=LINE('',#3464,#2073);
#3464=CARTESIAN_POINT('',(1.E-01,-25.7,6.055738799212));
#3465=ORIENTED_EDGE('',*,*,#3466,.T.);
#3466=EDGE_CURVE('',#3461,#3377,#3447,.T.);
#3467=ORIENTED_EDGE('',*,*,#3376,.F.);
#3468=PLANE('',#3469);
#3469=AXIS2_PLACEMENT_3D('',#1348,#124,#14);
#3470=ADVANCED_FACE('',(#3471),#3486,.F.);
#3471=FACE_BOUND('',#3472,.F.);
#3472=EDGE_LOOP('',(#3473,#3478,#3483,#1384));
#3473=ORIENTED_EDGE('',*,*,#3474,.T.);
#3474=EDGE_CURVE('',#1375,#3475,#3477,.T.);
#3475=VERTEX_POINT('',#3476);
#3476=CARTESIAN_POINT('',(0.3,-23.16,0.9));
#3477=LINE('',#1376,#2073);
#3478=ORIENTED_EDGE('',*,*,#3479,.T.);
#3479=EDGE_CURVE('',#3475,#3480,#3482,.T.);
#3480=VERTEX_POINT('',#3481);
#3481=CARTESIAN_POINT('',(0.3,-22.56,0.9));
#3482=LINE('',#3476,#33);
#3483=ORIENTED_EDGE('',*,*,#3484,.F.);
#3484=EDGE_CURVE('',#1381,#3480,#3485,.T.);
#3485=LINE('',#1382,#2073);
#3486=PLANE('',#3487);
#3487=AXIS2_PLACEMENT_3D('',#1376,#14,#34);
#3488=ADVANCED_FACE('',(#3489),#3521,.F.);
#3489=FACE_BOUND('',#3490,.F.);
#3490=EDGE_LOOP('',(#1401,#3491,#3492,#3497,#3503,#3508,#3514,#3518));
#3491=ORIENTED_EDGE('',*,*,#3484,.T.);
#3492=ORIENTED_EDGE('',*,*,#3493,.T.);
#3493=EDGE_CURVE('',#3480,#3494,#3496,.T.);
#3494=VERTEX_POINT('',#3495);
#3495=CARTESIAN_POINT('',(1.E-01,-22.56,0.9));
#3496=LINE('',#3481,#93);
#3497=ORIENTED_EDGE('',*,*,#3498,.T.);
#3498=EDGE_CURVE('',#3494,#3499,#3501,.T.);
#3499=VERTEX_POINT('',#3500);
#3500=CARTESIAN_POINT('',(1.E-01,-22.56,7.4));
#3501=LINE('',#3502,#27);
#3502=CARTESIAN_POINT('',(1.E-01,-22.56,6.055738799212));
#3503=ORIENTED_EDGE('',*,*,#3504,.F.);
#3504=EDGE_CURVE('',#3505,#3499,#3507,.T.);
#3505=VERTEX_POINT('',#3506);
#3506=CARTESIAN_POINT('',(-0.1,-22.56,7.4));
#3507=LINE('',#3506,#56);
#3508=ORIENTED_EDGE('',*,*,#3509,.F.);
#3509=EDGE_CURVE('',#3510,#3505,#3512,.T.);
#3510=VERTEX_POINT('',#3511);
#3511=CARTESIAN_POINT('',(-0.1,-22.56,0.9));
#3512=LINE('',#3513,#27);
#3513=CARTESIAN_POINT('',(-0.1,-22.56,6.055738799212));
#3514=ORIENTED_EDGE('',*,*,#3515,.T.);
#3515=EDGE_CURVE('',#3510,#3516,#3496,.T.);
#3516=VERTEX_POINT('',#3517);
#3517=CARTESIAN_POINT('',(-0.3,-22.56,0.9));
#3518=ORIENTED_EDGE('',*,*,#3519,.F.);
#3519=EDGE_CURVE('',#1398,#3516,#3520,.T.);
#3520=LINE('',#1399,#2073);
#3521=PLANE('',#3522);
#3522=AXIS2_PLACEMENT_3D('',#1382,#34,#45);
#3523=ADVANCED_FACE('',(#3524),#3535,.F.);
#3524=FACE_BOUND('',#3525,.F.);
#3525=EDGE_LOOP('',(#3526,#3527,#3532,#1418));
#3526=ORIENTED_EDGE('',*,*,#3519,.T.);
#3527=ORIENTED_EDGE('',*,*,#3528,.T.);
#3528=EDGE_CURVE('',#3516,#3529,#3531,.T.);
#3529=VERTEX_POINT('',#3530);
#3530=CARTESIAN_POINT('',(-0.3,-23.16,0.9));
#3531=LINE('',#3517,#143);
#3532=ORIENTED_EDGE('',*,*,#3533,.F.);
#3533=EDGE_CURVE('',#1415,#3529,#3534,.T.);
#3534=LINE('',#1416,#2073);
#3535=PLANE('',#3536);
#3536=AXIS2_PLACEMENT_3D('',#1399,#45,#124);
#3537=ADVANCED_FACE('',(#3538),#3566,.F.);
#3538=FACE_BOUND('',#3539,.F.);
#3539=EDGE_LOOP('',(#1431,#3540,#3541,#3546,#3552,#3557,#3563,#3565));
#3540=ORIENTED_EDGE('',*,*,#3533,.T.);
#3541=ORIENTED_EDGE('',*,*,#3542,.T.);
#3542=EDGE_CURVE('',#3529,#3543,#3545,.T.);
#3543=VERTEX_POINT('',#3544);
#3544=CARTESIAN_POINT('',(-0.1,-23.16,0.9));
#3545=LINE('',#3530,#56);
#3546=ORIENTED_EDGE('',*,*,#3547,.F.);
#3547=EDGE_CURVE('',#3548,#3543,#3550,.T.);
#3548=VERTEX_POINT('',#3549);
#3549=CARTESIAN_POINT('',(-0.1,-23.16,7.4));
#3550=LINE('',#3551,#2073);
#3551=CARTESIAN_POINT('',(-0.1,-23.16,6.055738799212));
#3552=ORIENTED_EDGE('',*,*,#3553,.T.);
#3553=EDGE_CURVE('',#3548,#3554,#3556,.T.);
#3554=VERTEX_POINT('',#3555);
#3555=CARTESIAN_POINT('',(1.E-01,-23.16,7.4));
#3556=LINE('',#3549,#56);
#3557=ORIENTED_EDGE('',*,*,#3558,.T.);
#3558=EDGE_CURVE('',#3554,#3559,#3561,.T.);
#3559=VERTEX_POINT('',#3560);
#3560=CARTESIAN_POINT('',(1.E-01,-23.16,0.9));
#3561=LINE('',#3562,#2073);
#3562=CARTESIAN_POINT('',(1.E-01,-23.16,6.055738799212));
#3563=ORIENTED_EDGE('',*,*,#3564,.T.);
#3564=EDGE_CURVE('',#3559,#3475,#3545,.T.);
#3565=ORIENTED_EDGE('',*,*,#3474,.F.);
#3566=PLANE('',#3567);
#3567=AXIS2_PLACEMENT_3D('',#1416,#124,#14);
#3568=ADVANCED_FACE('',(#3569),#3584,.F.);
#3569=FACE_BOUND('',#3570,.F.);
#3570=EDGE_LOOP('',(#3571,#3576,#3581,#1452));
#3571=ORIENTED_EDGE('',*,*,#3572,.T.);
#3572=EDGE_CURVE('',#1443,#3573,#3575,.T.);
#3573=VERTEX_POINT('',#3574);
#3574=CARTESIAN_POINT('',(0.3,-20.62,0.9));
#3575=LINE('',#1444,#2073);
#3576=ORIENTED_EDGE('',*,*,#3577,.T.);
#3577=EDGE_CURVE('',#3573,#3578,#3580,.T.);
#3578=VERTEX_POINT('',#3579);
#3579=CARTESIAN_POINT('',(0.3,-20.02,0.9));
#3580=LINE('',#3574,#33);
#3581=ORIENTED_EDGE('',*,*,#3582,.F.);
#3582=EDGE_CURVE('',#1449,#3578,#3583,.T.);
#3583=LINE('',#1450,#2073);
#3584=PLANE('',#3585);
#3585=AXIS2_PLACEMENT_3D('',#1444,#14,#34);
#3586=ADVANCED_FACE('',(#3587),#3619,.F.);
#3587=FACE_BOUND('',#3588,.F.);
#3588=EDGE_LOOP('',(#1469,#3589,#3590,#3595,#3601,#3606,#3612,#3616));
#3589=ORIENTED_EDGE('',*,*,#3582,.T.);
#3590=ORIENTED_EDGE('',*,*,#3591,.T.);
#3591=EDGE_CURVE('',#3578,#3592,#3594,.T.);
#3592=VERTEX_POINT('',#3593);
#3593=CARTESIAN_POINT('',(1.E-01,-20.02,0.9));
#3594=LINE('',#3579,#93);
#3595=ORIENTED_EDGE('',*,*,#3596,.T.);
#3596=EDGE_CURVE('',#3592,#3597,#3599,.T.);
#3597=VERTEX_POINT('',#3598);
#3598=CARTESIAN_POINT('',(1.E-01,-20.02,7.4));
#3599=LINE('',#3600,#27);
#3600=CARTESIAN_POINT('',(1.E-01,-20.02,6.055738799212));
#3601=ORIENTED_EDGE('',*,*,#3602,.F.);
#3602=EDGE_CURVE('',#3603,#3597,#3605,.T.);
#3603=VERTEX_POINT('',#3604);
#3604=CARTESIAN_POINT('',(-0.1,-20.02,7.4));
#3605=LINE('',#3604,#56);
#3606=ORIENTED_EDGE('',*,*,#3607,.F.);
#3607=EDGE_CURVE('',#3608,#3603,#3610,.T.);
#3608=VERTEX_POINT('',#3609);
#3609=CARTESIAN_POINT('',(-0.1,-20.02,0.9));
#3610=LINE('',#3611,#27);
#3611=CARTESIAN_POINT('',(-0.1,-20.02,6.055738799212));
#3612=ORIENTED_EDGE('',*,*,#3613,.T.);
#3613=EDGE_CURVE('',#3608,#3614,#3594,.T.);
#3614=VERTEX_POINT('',#3615);
#3615=CARTESIAN_POINT('',(-0.3,-20.02,0.9));
#3616=ORIENTED_EDGE('',*,*,#3617,.F.);
#3617=EDGE_CURVE('',#1466,#3614,#3618,.T.);
#3618=LINE('',#1467,#2073);
#3619=PLANE('',#3620);
#3620=AXIS2_PLACEMENT_3D('',#1450,#34,#45);
#3621=ADVANCED_FACE('',(#3622),#3633,.F.);
#3622=FACE_BOUND('',#3623,.F.);
#3623=EDGE_LOOP('',(#3624,#3625,#3630,#1486));
#3624=ORIENTED_EDGE('',*,*,#3617,.T.);
#3625=ORIENTED_EDGE('',*,*,#3626,.T.);
#3626=EDGE_CURVE('',#3614,#3627,#3629,.T.);
#3627=VERTEX_POINT('',#3628);
#3628=CARTESIAN_POINT('',(-0.3,-20.62,0.9));
#3629=LINE('',#3615,#143);
#3630=ORIENTED_EDGE('',*,*,#3631,.F.);
#3631=EDGE_CURVE('',#1483,#3627,#3632,.T.);
#3632=LINE('',#1484,#2073);
#3633=PLANE('',#3634);
#3634=AXIS2_PLACEMENT_3D('',#1467,#45,#124);
#3635=ADVANCED_FACE('',(#3636),#3664,.F.);
#3636=FACE_BOUND('',#3637,.F.);
#3637=EDGE_LOOP('',(#1499,#3638,#3639,#3644,#3650,#3655,#3661,#3663));
#3638=ORIENTED_EDGE('',*,*,#3631,.T.);
#3639=ORIENTED_EDGE('',*,*,#3640,.T.);
#3640=EDGE_CURVE('',#3627,#3641,#3643,.T.);
#3641=VERTEX_POINT('',#3642);
#3642=CARTESIAN_POINT('',(-0.1,-20.62,0.9));
#3643=LINE('',#3628,#56);
#3644=ORIENTED_EDGE('',*,*,#3645,.F.);
#3645=EDGE_CURVE('',#3646,#3641,#3648,.T.);
#3646=VERTEX_POINT('',#3647);
#3647=CARTESIAN_POINT('',(-0.1,-20.62,7.4));
#3648=LINE('',#3649,#2073);
#3649=CARTESIAN_POINT('',(-0.1,-20.62,6.055738799212));
#3650=ORIENTED_EDGE('',*,*,#3651,.T.);
#3651=EDGE_CURVE('',#3646,#3652,#3654,.T.);
#3652=VERTEX_POINT('',#3653);
#3653=CARTESIAN_POINT('',(1.E-01,-20.62,7.4));
#3654=LINE('',#3647,#56);
#3655=ORIENTED_EDGE('',*,*,#3656,.T.);
#3656=EDGE_CURVE('',#3652,#3657,#3659,.T.);
#3657=VERTEX_POINT('',#3658);
#3658=CARTESIAN_POINT('',(1.E-01,-20.62,0.9));
#3659=LINE('',#3660,#2073);
#3660=CARTESIAN_POINT('',(1.E-01,-20.62,6.055738799212));
#3661=ORIENTED_EDGE('',*,*,#3662,.T.);
#3662=EDGE_CURVE('',#3657,#3573,#3643,.T.);
#3663=ORIENTED_EDGE('',*,*,#3572,.F.);
#3664=PLANE('',#3665);
#3665=AXIS2_PLACEMENT_3D('',#1484,#124,#14);
#3666=ADVANCED_FACE('',(#3667),#3682,.F.);
#3667=FACE_BOUND('',#3668,.F.);
#3668=EDGE_LOOP('',(#3669,#3674,#3679,#1520));
#3669=ORIENTED_EDGE('',*,*,#3670,.T.);
#3670=EDGE_CURVE('',#1511,#3671,#3673,.T.);
#3671=VERTEX_POINT('',#3672);
#3672=CARTESIAN_POINT('',(0.3,-18.08,0.9));
#3673=LINE('',#1512,#2073);
#3674=ORIENTED_EDGE('',*,*,#3675,.T.);
#3675=EDGE_CURVE('',#3671,#3676,#3678,.T.);
#3676=VERTEX_POINT('',#3677);
#3677=CARTESIAN_POINT('',(0.3,-17.48,0.9));
#3678=LINE('',#3672,#33);
#3679=ORIENTED_EDGE('',*,*,#3680,.F.);
#3680=EDGE_CURVE('',#1517,#3676,#3681,.T.);
#3681=LINE('',#1518,#2073);
#3682=PLANE('',#3683);
#3683=AXIS2_PLACEMENT_3D('',#1512,#14,#34);
#3684=ADVANCED_FACE('',(#3685),#3717,.F.);
#3685=FACE_BOUND('',#3686,.F.);
#3686=EDGE_LOOP('',(#1537,#3687,#3688,#3693,#3699,#3704,#3710,#3714));
#3687=ORIENTED_EDGE('',*,*,#3680,.T.);
#3688=ORIENTED_EDGE('',*,*,#3689,.T.);
#3689=EDGE_CURVE('',#3676,#3690,#3692,.T.);
#3690=VERTEX_POINT('',#3691);
#3691=CARTESIAN_POINT('',(1.E-01,-17.48,0.9));
#3692=LINE('',#3677,#93);
#3693=ORIENTED_EDGE('',*,*,#3694,.T.);
#3694=EDGE_CURVE('',#3690,#3695,#3697,.T.);
#3695=VERTEX_POINT('',#3696);
#3696=CARTESIAN_POINT('',(1.E-01,-17.48,7.4));
#3697=LINE('',#3698,#27);
#3698=CARTESIAN_POINT('',(1.E-01,-17.48,6.055738799212));
#3699=ORIENTED_EDGE('',*,*,#3700,.F.);
#3700=EDGE_CURVE('',#3701,#3695,#3703,.T.);
#3701=VERTEX_POINT('',#3702);
#3702=CARTESIAN_POINT('',(-0.1,-17.48,7.4));
#3703=LINE('',#3702,#56);
#3704=ORIENTED_EDGE('',*,*,#3705,.F.);
#3705=EDGE_CURVE('',#3706,#3701,#3708,.T.);
#3706=VERTEX_POINT('',#3707);
#3707=CARTESIAN_POINT('',(-0.1,-17.48,0.9));
#3708=LINE('',#3709,#27);
#3709=CARTESIAN_POINT('',(-0.1,-17.48,6.055738799212));
#3710=ORIENTED_EDGE('',*,*,#3711,.T.);
#3711=EDGE_CURVE('',#3706,#3712,#3692,.T.);
#3712=VERTEX_POINT('',#3713);
#3713=CARTESIAN_POINT('',(-0.3,-17.48,0.9));
#3714=ORIENTED_EDGE('',*,*,#3715,.F.);
#3715=EDGE_CURVE('',#1534,#3712,#3716,.T.);
#3716=LINE('',#1535,#2073);
#3717=PLANE('',#3718);
#3718=AXIS2_PLACEMENT_3D('',#1518,#34,#45);
#3719=ADVANCED_FACE('',(#3720),#3731,.F.);
#3720=FACE_BOUND('',#3721,.F.);
#3721=EDGE_LOOP('',(#3722,#3723,#3728,#1554));
#3722=ORIENTED_EDGE('',*,*,#3715,.T.);
#3723=ORIENTED_EDGE('',*,*,#3724,.T.);
#3724=EDGE_CURVE('',#3712,#3725,#3727,.T.);
#3725=VERTEX_POINT('',#3726);
#3726=CARTESIAN_POINT('',(-0.3,-18.08,0.9));
#3727=LINE('',#3713,#143);
#3728=ORIENTED_EDGE('',*,*,#3729,.F.);
#3729=EDGE_CURVE('',#1551,#3725,#3730,.T.);
#3730=LINE('',#1552,#2073);
#3731=PLANE('',#3732);
#3732=AXIS2_PLACEMENT_3D('',#1535,#45,#124);
#3733=ADVANCED_FACE('',(#3734),#3762,.F.);
#3734=FACE_BOUND('',#3735,.F.);
#3735=EDGE_LOOP('',(#1567,#3736,#3737,#3742,#3748,#3753,#3759,#3761));
#3736=ORIENTED_EDGE('',*,*,#3729,.T.);
#3737=ORIENTED_EDGE('',*,*,#3738,.T.);
#3738=EDGE_CURVE('',#3725,#3739,#3741,.T.);
#3739=VERTEX_POINT('',#3740);
#3740=CARTESIAN_POINT('',(-0.1,-18.08,0.9));
#3741=LINE('',#3726,#56);
#3742=ORIENTED_EDGE('',*,*,#3743,.F.);
#3743=EDGE_CURVE('',#3744,#3739,#3746,.T.);
#3744=VERTEX_POINT('',#3745);
#3745=CARTESIAN_POINT('',(-0.1,-18.08,7.4));
#3746=LINE('',#3747,#2073);
#3747=CARTESIAN_POINT('',(-0.1,-18.08,6.055738799212));
#3748=ORIENTED_EDGE('',*,*,#3749,.T.);
#3749=EDGE_CURVE('',#3744,#3750,#3752,.T.);
#3750=VERTEX_POINT('',#3751);
#3751=CARTESIAN_POINT('',(1.E-01,-18.08,7.4));
#3752=LINE('',#3745,#56);
#3753=ORIENTED_EDGE('',*,*,#3754,.T.);
#3754=EDGE_CURVE('',#3750,#3755,#3757,.T.);
#3755=VERTEX_POINT('',#3756);
#3756=CARTESIAN_POINT('',(1.E-01,-18.08,0.9));
#3757=LINE('',#3758,#2073);
#3758=CARTESIAN_POINT('',(1.E-01,-18.08,6.055738799212));
#3759=ORIENTED_EDGE('',*,*,#3760,.T.);
#3760=EDGE_CURVE('',#3755,#3671,#3741,.T.);
#3761=ORIENTED_EDGE('',*,*,#3670,.F.);
#3762=PLANE('',#3763);
#3763=AXIS2_PLACEMENT_3D('',#1552,#124,#14);
#3764=ADVANCED_FACE('',(#3765),#3780,.F.);
#3765=FACE_BOUND('',#3766,.F.);
#3766=EDGE_LOOP('',(#3767,#3772,#3777,#1588));
#3767=ORIENTED_EDGE('',*,*,#3768,.T.);
#3768=EDGE_CURVE('',#1579,#3769,#3771,.T.);
#3769=VERTEX_POINT('',#3770);
#3770=CARTESIAN_POINT('',(0.3,-15.54,0.9));
#3771=LINE('',#1580,#2073);
#3772=ORIENTED_EDGE('',*,*,#3773,.T.);
#3773=EDGE_CURVE('',#3769,#3774,#3776,.T.);
#3774=VERTEX_POINT('',#3775);
#3775=CARTESIAN_POINT('',(0.3,-14.94,0.9));
#3776=LINE('',#3770,#33);
#3777=ORIENTED_EDGE('',*,*,#3778,.F.);
#3778=EDGE_CURVE('',#1585,#3774,#3779,.T.);
#3779=LINE('',#1586,#2073);
#3780=PLANE('',#3781);
#3781=AXIS2_PLACEMENT_3D('',#1580,#14,#34);
#3782=ADVANCED_FACE('',(#3783),#3815,.F.);
#3783=FACE_BOUND('',#3784,.F.);
#3784=EDGE_LOOP('',(#1605,#3785,#3786,#3791,#3797,#3802,#3808,#3812));
#3785=ORIENTED_EDGE('',*,*,#3778,.T.);
#3786=ORIENTED_EDGE('',*,*,#3787,.T.);
#3787=EDGE_CURVE('',#3774,#3788,#3790,.T.);
#3788=VERTEX_POINT('',#3789);
#3789=CARTESIAN_POINT('',(1.E-01,-14.94,0.9));
#3790=LINE('',#3775,#93);
#3791=ORIENTED_EDGE('',*,*,#3792,.T.);
#3792=EDGE_CURVE('',#3788,#3793,#3795,.T.);
#3793=VERTEX_POINT('',#3794);
#3794=CARTESIAN_POINT('',(1.E-01,-14.94,7.4));
#3795=LINE('',#3796,#27);
#3796=CARTESIAN_POINT('',(1.E-01,-14.94,6.055738799212));
#3797=ORIENTED_EDGE('',*,*,#3798,.F.);
#3798=EDGE_CURVE('',#3799,#3793,#3801,.T.);
#3799=VERTEX_POINT('',#3800);
#3800=CARTESIAN_POINT('',(-0.1,-14.94,7.4));
#3801=LINE('',#3800,#56);
#3802=ORIENTED_EDGE('',*,*,#3803,.F.);
#3803=EDGE_CURVE('',#3804,#3799,#3806,.T.);
#3804=VERTEX_POINT('',#3805);
#3805=CARTESIAN_POINT('',(-0.1,-14.94,0.9));
#3806=LINE('',#3807,#27);
#3807=CARTESIAN_POINT('',(-0.1,-14.94,6.055738799212));
#3808=ORIENTED_EDGE('',*,*,#3809,.T.);
#3809=EDGE_CURVE('',#3804,#3810,#3790,.T.);
#3810=VERTEX_POINT('',#3811);
#3811=CARTESIAN_POINT('',(-0.3,-14.94,0.9));
#3812=ORIENTED_EDGE('',*,*,#3813,.F.);
#3813=EDGE_CURVE('',#1602,#3810,#3814,.T.);
#3814=LINE('',#1603,#2073);
#3815=PLANE('',#3816);
#3816=AXIS2_PLACEMENT_3D('',#1586,#34,#45);
#3817=ADVANCED_FACE('',(#3818),#3829,.F.);
#3818=FACE_BOUND('',#3819,.F.);
#3819=EDGE_LOOP('',(#3820,#3821,#3826,#1622));
#3820=ORIENTED_EDGE('',*,*,#3813,.T.);
#3821=ORIENTED_EDGE('',*,*,#3822,.T.);
#3822=EDGE_CURVE('',#3810,#3823,#3825,.T.);
#3823=VERTEX_POINT('',#3824);
#3824=CARTESIAN_POINT('',(-0.3,-15.54,0.9));
#3825=LINE('',#3811,#143);
#3826=ORIENTED_EDGE('',*,*,#3827,.F.);
#3827=EDGE_CURVE('',#1619,#3823,#3828,.T.);
#3828=LINE('',#1620,#2073);
#3829=PLANE('',#3830);
#3830=AXIS2_PLACEMENT_3D('',#1603,#45,#124);
#3831=ADVANCED_FACE('',(#3832),#3860,.F.);
#3832=FACE_BOUND('',#3833,.F.);
#3833=EDGE_LOOP('',(#1635,#3834,#3835,#3840,#3846,#3851,#3857,#3859));
#3834=ORIENTED_EDGE('',*,*,#3827,.T.);
#3835=ORIENTED_EDGE('',*,*,#3836,.T.);
#3836=EDGE_CURVE('',#3823,#3837,#3839,.T.);
#3837=VERTEX_POINT('',#3838);
#3838=CARTESIAN_POINT('',(-0.1,-15.54,0.9));
#3839=LINE('',#3824,#56);
#3840=ORIENTED_EDGE('',*,*,#3841,.F.);
#3841=EDGE_CURVE('',#3842,#3837,#3844,.T.);
#3842=VERTEX_POINT('',#3843);
#3843=CARTESIAN_POINT('',(-0.1,-15.54,7.4));
#3844=LINE('',#3845,#2073);
#3845=CARTESIAN_POINT('',(-0.1,-15.54,6.055738799212));
#3846=ORIENTED_EDGE('',*,*,#3847,.T.);
#3847=EDGE_CURVE('',#3842,#3848,#3850,.T.);
#3848=VERTEX_POINT('',#3849);
#3849=CARTESIAN_POINT('',(1.E-01,-15.54,7.4));
#3850=LINE('',#3843,#56);
#3851=ORIENTED_EDGE('',*,*,#3852,.T.);
#3852=EDGE_CURVE('',#3848,#3853,#3855,.T.);
#3853=VERTEX_POINT('',#3854);
#3854=CARTESIAN_POINT('',(1.E-01,-15.54,0.9));
#3855=LINE('',#3856,#2073);
#3856=CARTESIAN_POINT('',(1.E-01,-15.54,6.055738799212));
#3857=ORIENTED_EDGE('',*,*,#3858,.T.);
#3858=EDGE_CURVE('',#3853,#3769,#3839,.T.);
#3859=ORIENTED_EDGE('',*,*,#3768,.F.);
#3860=PLANE('',#3861);
#3861=AXIS2_PLACEMENT_3D('',#1620,#124,#14);
#3862=ADVANCED_FACE('',(#3863),#3878,.F.);
#3863=FACE_BOUND('',#3864,.F.);
#3864=EDGE_LOOP('',(#3865,#3870,#3875,#1656));
#3865=ORIENTED_EDGE('',*,*,#3866,.T.);
#3866=EDGE_CURVE('',#1647,#3867,#3869,.T.);
#3867=VERTEX_POINT('',#3868);
#3868=CARTESIAN_POINT('',(0.3,-13.,0.9));
#3869=LINE('',#1648,#2073);
#3870=ORIENTED_EDGE('',*,*,#3871,.T.);
#3871=EDGE_CURVE('',#3867,#3872,#3874,.T.);
#3872=VERTEX_POINT('',#3873);
#3873=CARTESIAN_POINT('',(0.3,-12.4,0.9));
#3874=LINE('',#3868,#33);
#3875=ORIENTED_EDGE('',*,*,#3876,.F.);
#3876=EDGE_CURVE('',#1653,#3872,#3877,.T.);
#3877=LINE('',#1654,#2073);
#3878=PLANE('',#3879);
#3879=AXIS2_PLACEMENT_3D('',#1648,#14,#34);
#3880=ADVANCED_FACE('',(#3881),#3913,.F.);
#3881=FACE_BOUND('',#3882,.F.);
#3882=EDGE_LOOP('',(#1673,#3883,#3884,#3889,#3895,#3900,#3906,#3910));
#3883=ORIENTED_EDGE('',*,*,#3876,.T.);
#3884=ORIENTED_EDGE('',*,*,#3885,.T.);
#3885=EDGE_CURVE('',#3872,#3886,#3888,.T.);
#3886=VERTEX_POINT('',#3887);
#3887=CARTESIAN_POINT('',(1.E-01,-12.4,0.9));
#3888=LINE('',#3873,#93);
#3889=ORIENTED_EDGE('',*,*,#3890,.T.);
#3890=EDGE_CURVE('',#3886,#3891,#3893,.T.);
#3891=VERTEX_POINT('',#3892);
#3892=CARTESIAN_POINT('',(1.E-01,-12.4,7.4));
#3893=LINE('',#3894,#27);
#3894=CARTESIAN_POINT('',(1.E-01,-12.4,6.055738799212));
#3895=ORIENTED_EDGE('',*,*,#3896,.F.);
#3896=EDGE_CURVE('',#3897,#3891,#3899,.T.);
#3897=VERTEX_POINT('',#3898);
#3898=CARTESIAN_POINT('',(-0.1,-12.4,7.4));
#3899=LINE('',#3898,#56);
#3900=ORIENTED_EDGE('',*,*,#3901,.F.);
#3901=EDGE_CURVE('',#3902,#3897,#3904,.T.);
#3902=VERTEX_POINT('',#3903);
#3903=CARTESIAN_POINT('',(-0.1,-12.4,0.9));
#3904=LINE('',#3905,#27);
#3905=CARTESIAN_POINT('',(-0.1,-12.4,6.055738799212));
#3906=ORIENTED_EDGE('',*,*,#3907,.T.);
#3907=EDGE_CURVE('',#3902,#3908,#3888,.T.);
#3908=VERTEX_POINT('',#3909);
#3909=CARTESIAN_POINT('',(-0.3,-12.4,0.9));
#3910=ORIENTED_EDGE('',*,*,#3911,.F.);
#3911=EDGE_CURVE('',#1670,#3908,#3912,.T.);
#3912=LINE('',#1671,#2073);
#3913=PLANE('',#3914);
#3914=AXIS2_PLACEMENT_3D('',#1654,#34,#45);
#3915=ADVANCED_FACE('',(#3916),#3927,.F.);
#3916=FACE_BOUND('',#3917,.F.);
#3917=EDGE_LOOP('',(#3918,#3919,#3924,#1690));
#3918=ORIENTED_EDGE('',*,*,#3911,.T.);
#3919=ORIENTED_EDGE('',*,*,#3920,.T.);
#3920=EDGE_CURVE('',#3908,#3921,#3923,.T.);
#3921=VERTEX_POINT('',#3922);
#3922=CARTESIAN_POINT('',(-0.3,-13.,0.9));
#3923=LINE('',#3909,#143);
#3924=ORIENTED_EDGE('',*,*,#3925,.F.);
#3925=EDGE_CURVE('',#1687,#3921,#3926,.T.);
#3926=LINE('',#1688,#2073);
#3927=PLANE('',#3928);
#3928=AXIS2_PLACEMENT_3D('',#1671,#45,#124);
#3929=ADVANCED_FACE('',(#3930),#3958,.F.);
#3930=FACE_BOUND('',#3931,.F.);
#3931=EDGE_LOOP('',(#1703,#3932,#3933,#3938,#3944,#3949,#3955,#3957));
#3932=ORIENTED_EDGE('',*,*,#3925,.T.);
#3933=ORIENTED_EDGE('',*,*,#3934,.T.);
#3934=EDGE_CURVE('',#3921,#3935,#3937,.T.);
#3935=VERTEX_POINT('',#3936);
#3936=CARTESIAN_POINT('',(-0.1,-13.,0.9));
#3937=LINE('',#3922,#56);
#3938=ORIENTED_EDGE('',*,*,#3939,.F.);
#3939=EDGE_CURVE('',#3940,#3935,#3942,.T.);
#3940=VERTEX_POINT('',#3941);
#3941=CARTESIAN_POINT('',(-0.1,-13.,7.4));
#3942=LINE('',#3943,#2073);
#3943=CARTESIAN_POINT('',(-0.1,-13.,6.055738799212));
#3944=ORIENTED_EDGE('',*,*,#3945,.T.);
#3945=EDGE_CURVE('',#3940,#3946,#3948,.T.);
#3946=VERTEX_POINT('',#3947);
#3947=CARTESIAN_POINT('',(1.E-01,-13.,7.4));
#3948=LINE('',#3941,#56);
#3949=ORIENTED_EDGE('',*,*,#3950,.T.);
#3950=EDGE_CURVE('',#3946,#3951,#3953,.T.);
#3951=VERTEX_POINT('',#3952);
#3952=CARTESIAN_POINT('',(1.E-01,-13.,0.9));
#3953=LINE('',#3954,#2073);
#3954=CARTESIAN_POINT('',(1.E-01,-13.,6.055738799212));
#3955=ORIENTED_EDGE('',*,*,#3956,.T.);
#3956=EDGE_CURVE('',#3951,#3867,#3937,.T.);
#3957=ORIENTED_EDGE('',*,*,#3866,.F.);
#3958=PLANE('',#3959);
#3959=AXIS2_PLACEMENT_3D('',#1688,#124,#14);
#3960=ADVANCED_FACE('',(#3961),#3976,.F.);
#3961=FACE_BOUND('',#3962,.F.);
#3962=EDGE_LOOP('',(#3963,#3968,#3973,#1724));
#3963=ORIENTED_EDGE('',*,*,#3964,.T.);
#3964=EDGE_CURVE('',#1715,#3965,#3967,.T.);
#3965=VERTEX_POINT('',#3966);
#3966=CARTESIAN_POINT('',(0.3,-10.46,0.9));
#3967=LINE('',#1716,#2073);
#3968=ORIENTED_EDGE('',*,*,#3969,.T.);
#3969=EDGE_CURVE('',#3965,#3970,#3972,.T.);
#3970=VERTEX_POINT('',#3971);
#3971=CARTESIAN_POINT('',(0.3,-9.86,0.9));
#3972=LINE('',#3966,#33);
#3973=ORIENTED_EDGE('',*,*,#3974,.F.);
#3974=EDGE_CURVE('',#1721,#3970,#3975,.T.);
#3975=LINE('',#1722,#2073);
#3976=PLANE('',#3977);
#3977=AXIS2_PLACEMENT_3D('',#1716,#14,#34);
#3978=ADVANCED_FACE('',(#3979),#4011,.F.);
#3979=FACE_BOUND('',#3980,.F.);
#3980=EDGE_LOOP('',(#1741,#3981,#3982,#3987,#3993,#3998,#4004,#4008));
#3981=ORIENTED_EDGE('',*,*,#3974,.T.);
#3982=ORIENTED_EDGE('',*,*,#3983,.T.);
#3983=EDGE_CURVE('',#3970,#3984,#3986,.T.);
#3984=VERTEX_POINT('',#3985);
#3985=CARTESIAN_POINT('',(1.E-01,-9.86,0.9));
#3986=LINE('',#3971,#93);
#3987=ORIENTED_EDGE('',*,*,#3988,.T.);
#3988=EDGE_CURVE('',#3984,#3989,#3991,.T.);
#3989=VERTEX_POINT('',#3990);
#3990=CARTESIAN_POINT('',(1.E-01,-9.86,7.4));
#3991=LINE('',#3992,#27);
#3992=CARTESIAN_POINT('',(1.E-01,-9.86,6.055738799212));
#3993=ORIENTED_EDGE('',*,*,#3994,.F.);
#3994=EDGE_CURVE('',#3995,#3989,#3997,.T.);
#3995=VERTEX_POINT('',#3996);
#3996=CARTESIAN_POINT('',(-0.1,-9.86,7.4));
#3997=LINE('',#3996,#56);
#3998=ORIENTED_EDGE('',*,*,#3999,.F.);
#3999=EDGE_CURVE('',#4000,#3995,#4002,.T.);
#4000=VERTEX_POINT('',#4001);
#4001=CARTESIAN_POINT('',(-0.1,-9.86,0.9));
#4002=LINE('',#4003,#27);
#4003=CARTESIAN_POINT('',(-0.1,-9.86,6.055738799212));
#4004=ORIENTED_EDGE('',*,*,#4005,.T.);
#4005=EDGE_CURVE('',#4000,#4006,#3986,.T.);
#4006=VERTEX_POINT('',#4007);
#4007=CARTESIAN_POINT('',(-0.3,-9.86,0.9));
#4008=ORIENTED_EDGE('',*,*,#4009,.F.);
#4009=EDGE_CURVE('',#1738,#4006,#4010,.T.);
#4010=LINE('',#1739,#2073);
#4011=PLANE('',#4012);
#4012=AXIS2_PLACEMENT_3D('',#1722,#34,#45);
#4013=ADVANCED_FACE('',(#4014),#4025,.F.);
#4014=FACE_BOUND('',#4015,.F.);
#4015=EDGE_LOOP('',(#4016,#4017,#4022,#1758));
#4016=ORIENTED_EDGE('',*,*,#4009,.T.);
#4017=ORIENTED_EDGE('',*,*,#4018,.T.);
#4018=EDGE_CURVE('',#4006,#4019,#4021,.T.);
#4019=VERTEX_POINT('',#4020);
#4020=CARTESIAN_POINT('',(-0.3,-10.46,0.9));
#4021=LINE('',#4007,#143);
#4022=ORIENTED_EDGE('',*,*,#4023,.F.);
#4023=EDGE_CURVE('',#1755,#4019,#4024,.T.);
#4024=LINE('',#1756,#2073);
#4025=PLANE('',#4026);
#4026=AXIS2_PLACEMENT_3D('',#1739,#45,#124);
#4027=ADVANCED_FACE('',(#4028),#4056,.F.);
#4028=FACE_BOUND('',#4029,.F.);
#4029=EDGE_LOOP('',(#1771,#4030,#4031,#4036,#4042,#4047,#4053,#4055));
#4030=ORIENTED_EDGE('',*,*,#4023,.T.);
#4031=ORIENTED_EDGE('',*,*,#4032,.T.);
#4032=EDGE_CURVE('',#4019,#4033,#4035,.T.);
#4033=VERTEX_POINT('',#4034);
#4034=CARTESIAN_POINT('',(-0.1,-10.46,0.9));
#4035=LINE('',#4020,#56);
#4036=ORIENTED_EDGE('',*,*,#4037,.F.);
#4037=EDGE_CURVE('',#4038,#4033,#4040,.T.);
#4038=VERTEX_POINT('',#4039);
#4039=CARTESIAN_POINT('',(-0.1,-10.46,7.4));
#4040=LINE('',#4041,#2073);
#4041=CARTESIAN_POINT('',(-0.1,-10.46,6.055738799212));
#4042=ORIENTED_EDGE('',*,*,#4043,.T.);
#4043=EDGE_CURVE('',#4038,#4044,#4046,.T.);
#4044=VERTEX_POINT('',#4045);
#4045=CARTESIAN_POINT('',(1.E-01,-10.46,7.4));
#4046=LINE('',#4039,#56);
#4047=ORIENTED_EDGE('',*,*,#4048,.T.);
#4048=EDGE_CURVE('',#4044,#4049,#4051,.T.);
#4049=VERTEX_POINT('',#4050);
#4050=CARTESIAN_POINT('',(1.E-01,-10.46,0.9));
#4051=LINE('',#4052,#2073);
#4052=CARTESIAN_POINT('',(1.E-01,-10.46,6.055738799212));
#4053=ORIENTED_EDGE('',*,*,#4054,.T.);
#4054=EDGE_CURVE('',#4049,#3965,#4035,.T.);
#4055=ORIENTED_EDGE('',*,*,#3964,.F.);
#4056=PLANE('',#4057);
#4057=AXIS2_PLACEMENT_3D('',#1756,#124,#14);
#4058=ADVANCED_FACE('',(#4059),#4074,.F.);
#4059=FACE_BOUND('',#4060,.F.);
#4060=EDGE_LOOP('',(#4061,#4066,#4071,#1792));
#4061=ORIENTED_EDGE('',*,*,#4062,.T.);
#4062=EDGE_CURVE('',#1783,#4063,#4065,.T.);
#4063=VERTEX_POINT('',#4064);
#4064=CARTESIAN_POINT('',(0.3,-7.92,0.9));
#4065=LINE('',#1784,#2073);
#4066=ORIENTED_EDGE('',*,*,#4067,.T.);
#4067=EDGE_CURVE('',#4063,#4068,#4070,.T.);
#4068=VERTEX_POINT('',#4069);
#4069=CARTESIAN_POINT('',(0.3,-7.32,0.9));
#4070=LINE('',#4064,#33);
#4071=ORIENTED_EDGE('',*,*,#4072,.F.);
#4072=EDGE_CURVE('',#1789,#4068,#4073,.T.);
#4073=LINE('',#1790,#2073);
#4074=PLANE('',#4075);
#4075=AXIS2_PLACEMENT_3D('',#1784,#14,#34);
#4076=ADVANCED_FACE('',(#4077),#4109,.F.);
#4077=FACE_BOUND('',#4078,.F.);
#4078=EDGE_LOOP('',(#1809,#4079,#4080,#4085,#4091,#4096,#4102,#4106));
#4079=ORIENTED_EDGE('',*,*,#4072,.T.);
#4080=ORIENTED_EDGE('',*,*,#4081,.T.);
#4081=EDGE_CURVE('',#4068,#4082,#4084,.T.);
#4082=VERTEX_POINT('',#4083);
#4083=CARTESIAN_POINT('',(1.E-01,-7.32,0.9));
#4084=LINE('',#4069,#93);
#4085=ORIENTED_EDGE('',*,*,#4086,.T.);
#4086=EDGE_CURVE('',#4082,#4087,#4089,.T.);
#4087=VERTEX_POINT('',#4088);
#4088=CARTESIAN_POINT('',(1.E-01,-7.32,7.4));
#4089=LINE('',#4090,#27);
#4090=CARTESIAN_POINT('',(1.E-01,-7.32,6.055738799212));
#4091=ORIENTED_EDGE('',*,*,#4092,.F.);
#4092=EDGE_CURVE('',#4093,#4087,#4095,.T.);
#4093=VERTEX_POINT('',#4094);
#4094=CARTESIAN_POINT('',(-0.1,-7.32,7.4));
#4095=LINE('',#4094,#56);
#4096=ORIENTED_EDGE('',*,*,#4097,.F.);
#4097=EDGE_CURVE('',#4098,#4093,#4100,.T.);
#4098=VERTEX_POINT('',#4099);
#4099=CARTESIAN_POINT('',(-0.1,-7.32,0.9));
#4100=LINE('',#4101,#27);
#4101=CARTESIAN_POINT('',(-0.1,-7.32,6.055738799212));
#4102=ORIENTED_EDGE('',*,*,#4103,.T.);
#4103=EDGE_CURVE('',#4098,#4104,#4084,.T.);
#4104=VERTEX_POINT('',#4105);
#4105=CARTESIAN_POINT('',(-0.3,-7.32,0.9));
#4106=ORIENTED_EDGE('',*,*,#4107,.F.);
#4107=EDGE_CURVE('',#1806,#4104,#4108,.T.);
#4108=LINE('',#1807,#2073);
#4109=PLANE('',#4110);
#4110=AXIS2_PLACEMENT_3D('',#1790,#34,#45);
#4111=ADVANCED_FACE('',(#4112),#4123,.F.);
#4112=FACE_BOUND('',#4113,.F.);
#4113=EDGE_LOOP('',(#4114,#4115,#4120,#1826));
#4114=ORIENTED_EDGE('',*,*,#4107,.T.);
#4115=ORIENTED_EDGE('',*,*,#4116,.T.);
#4116=EDGE_CURVE('',#4104,#4117,#4119,.T.);
#4117=VERTEX_POINT('',#4118);
#4118=CARTESIAN_POINT('',(-0.3,-7.92,0.9));
#4119=LINE('',#4105,#143);
#4120=ORIENTED_EDGE('',*,*,#4121,.F.);
#4121=EDGE_CURVE('',#1823,#4117,#4122,.T.);
#4122=LINE('',#1824,#2073);
#4123=PLANE('',#4124);
#4124=AXIS2_PLACEMENT_3D('',#1807,#45,#124);
#4125=ADVANCED_FACE('',(#4126),#4154,.F.);
#4126=FACE_BOUND('',#4127,.F.);
#4127=EDGE_LOOP('',(#1839,#4128,#4129,#4134,#4140,#4145,#4151,#4153));
#4128=ORIENTED_EDGE('',*,*,#4121,.T.);
#4129=ORIENTED_EDGE('',*,*,#4130,.T.);
#4130=EDGE_CURVE('',#4117,#4131,#4133,.T.);
#4131=VERTEX_POINT('',#4132);
#4132=CARTESIAN_POINT('',(-0.1,-7.92,0.9));
#4133=LINE('',#4118,#56);
#4134=ORIENTED_EDGE('',*,*,#4135,.F.);
#4135=EDGE_CURVE('',#4136,#4131,#4138,.T.);
#4136=VERTEX_POINT('',#4137);
#4137=CARTESIAN_POINT('',(-0.1,-7.92,7.4));
#4138=LINE('',#4139,#2073);
#4139=CARTESIAN_POINT('',(-0.1,-7.92,6.055738799212));
#4140=ORIENTED_EDGE('',*,*,#4141,.T.);
#4141=EDGE_CURVE('',#4136,#4142,#4144,.T.);
#4142=VERTEX_POINT('',#4143);
#4143=CARTESIAN_POINT('',(1.E-01,-7.92,7.4));
#4144=LINE('',#4137,#56);
#4145=ORIENTED_EDGE('',*,*,#4146,.T.);
#4146=EDGE_CURVE('',#4142,#4147,#4149,.T.);
#4147=VERTEX_POINT('',#4148);
#4148=CARTESIAN_POINT('',(1.E-01,-7.92,0.9));
#4149=LINE('',#4150,#2073);
#4150=CARTESIAN_POINT('',(1.E-01,-7.92,6.055738799212));
#4151=ORIENTED_EDGE('',*,*,#4152,.T.);
#4152=EDGE_CURVE('',#4147,#4063,#4133,.T.);
#4153=ORIENTED_EDGE('',*,*,#4062,.F.);
#4154=PLANE('',#4155);
#4155=AXIS2_PLACEMENT_3D('',#1824,#124,#14);
#4156=ADVANCED_FACE('',(#4157),#4172,.F.);
#4157=FACE_BOUND('',#4158,.F.);
#4158=EDGE_LOOP('',(#4159,#4164,#4169,#1860));
#4159=ORIENTED_EDGE('',*,*,#4160,.T.);
#4160=EDGE_CURVE('',#1851,#4161,#4163,.T.);
#4161=VERTEX_POINT('',#4162);
#4162=CARTESIAN_POINT('',(0.3,-5.38,0.9));
#4163=LINE('',#1852,#2073);
#4164=ORIENTED_EDGE('',*,*,#4165,.T.);
#4165=EDGE_CURVE('',#4161,#4166,#4168,.T.);
#4166=VERTEX_POINT('',#4167);
#4167=CARTESIAN_POINT('',(0.3,-4.78,0.9));
#4168=LINE('',#4162,#33);
#4169=ORIENTED_EDGE('',*,*,#4170,.F.);
#4170=EDGE_CURVE('',#1857,#4166,#4171,.T.);
#4171=LINE('',#1858,#2073);
#4172=PLANE('',#4173);
#4173=AXIS2_PLACEMENT_3D('',#1852,#14,#34);
#4174=ADVANCED_FACE('',(#4175),#4207,.F.);
#4175=FACE_BOUND('',#4176,.F.);
#4176=EDGE_LOOP('',(#1877,#4177,#4178,#4183,#4189,#4194,#4200,#4204));
#4177=ORIENTED_EDGE('',*,*,#4170,.T.);
#4178=ORIENTED_EDGE('',*,*,#4179,.T.);
#4179=EDGE_CURVE('',#4166,#4180,#4182,.T.);
#4180=VERTEX_POINT('',#4181);
#4181=CARTESIAN_POINT('',(1.E-01,-4.78,0.9));
#4182=LINE('',#4167,#93);
#4183=ORIENTED_EDGE('',*,*,#4184,.T.);
#4184=EDGE_CURVE('',#4180,#4185,#4187,.T.);
#4185=VERTEX_POINT('',#4186);
#4186=CARTESIAN_POINT('',(1.E-01,-4.78,7.4));
#4187=LINE('',#4188,#27);
#4188=CARTESIAN_POINT('',(1.E-01,-4.78,6.055738799212));
#4189=ORIENTED_EDGE('',*,*,#4190,.F.);
#4190=EDGE_CURVE('',#4191,#4185,#4193,.T.);
#4191=VERTEX_POINT('',#4192);
#4192=CARTESIAN_POINT('',(-0.1,-4.78,7.4));
#4193=LINE('',#4192,#56);
#4194=ORIENTED_EDGE('',*,*,#4195,.F.);
#4195=EDGE_CURVE('',#4196,#4191,#4198,.T.);
#4196=VERTEX_POINT('',#4197);
#4197=CARTESIAN_POINT('',(-0.1,-4.78,0.9));
#4198=LINE('',#4199,#27);
#4199=CARTESIAN_POINT('',(-0.1,-4.78,6.055738799212));
#4200=ORIENTED_EDGE('',*,*,#4201,.T.);
#4201=EDGE_CURVE('',#4196,#4202,#4182,.T.);
#4202=VERTEX_POINT('',#4203);
#4203=CARTESIAN_POINT('',(-0.3,-4.78,0.9));
#4204=ORIENTED_EDGE('',*,*,#4205,.F.);
#4205=EDGE_CURVE('',#1874,#4202,#4206,.T.);
#4206=LINE('',#1875,#2073);
#4207=PLANE('',#4208);
#4208=AXIS2_PLACEMENT_3D('',#1858,#34,#45);
#4209=ADVANCED_FACE('',(#4210),#4221,.F.);
#4210=FACE_BOUND('',#4211,.F.);
#4211=EDGE_LOOP('',(#4212,#4213,#4218,#1894));
#4212=ORIENTED_EDGE('',*,*,#4205,.T.);
#4213=ORIENTED_EDGE('',*,*,#4214,.T.);
#4214=EDGE_CURVE('',#4202,#4215,#4217,.T.);
#4215=VERTEX_POINT('',#4216);
#4216=CARTESIAN_POINT('',(-0.3,-5.38,0.9));
#4217=LINE('',#4203,#143);
#4218=ORIENTED_EDGE('',*,*,#4219,.F.);
#4219=EDGE_CURVE('',#1891,#4215,#4220,.T.);
#4220=LINE('',#1892,#2073);
#4221=PLANE('',#4222);
#4222=AXIS2_PLACEMENT_3D('',#1875,#45,#124);
#4223=ADVANCED_FACE('',(#4224),#4252,.F.);
#4224=FACE_BOUND('',#4225,.F.);
#4225=EDGE_LOOP('',(#1907,#4226,#4227,#4232,#4238,#4243,#4249,#4251));
#4226=ORIENTED_EDGE('',*,*,#4219,.T.);
#4227=ORIENTED_EDGE('',*,*,#4228,.T.);
#4228=EDGE_CURVE('',#4215,#4229,#4231,.T.);
#4229=VERTEX_POINT('',#4230);
#4230=CARTESIAN_POINT('',(-0.1,-5.38,0.9));
#4231=LINE('',#4216,#56);
#4232=ORIENTED_EDGE('',*,*,#4233,.F.);
#4233=EDGE_CURVE('',#4234,#4229,#4236,.T.);
#4234=VERTEX_POINT('',#4235);
#4235=CARTESIAN_POINT('',(-0.1,-5.38,7.4));
#4236=LINE('',#4237,#2073);
#4237=CARTESIAN_POINT('',(-0.1,-5.38,6.055738799212));
#4238=ORIENTED_EDGE('',*,*,#4239,.T.);
#4239=EDGE_CURVE('',#4234,#4240,#4242,.T.);
#4240=VERTEX_POINT('',#4241);
#4241=CARTESIAN_POINT('',(1.E-01,-5.38,7.4));
#4242=LINE('',#4235,#56);
#4243=ORIENTED_EDGE('',*,*,#4244,.T.);
#4244=EDGE_CURVE('',#4240,#4245,#4247,.T.);
#4245=VERTEX_POINT('',#4246);
#4246=CARTESIAN_POINT('',(1.E-01,-5.38,0.9));
#4247=LINE('',#4248,#2073);
#4248=CARTESIAN_POINT('',(1.E-01,-5.38,6.055738799212));
#4249=ORIENTED_EDGE('',*,*,#4250,.T.);
#4250=EDGE_CURVE('',#4245,#4161,#4231,.T.);
#4251=ORIENTED_EDGE('',*,*,#4160,.F.);
#4252=PLANE('',#4253);
#4253=AXIS2_PLACEMENT_3D('',#1892,#124,#14);
#4254=ADVANCED_FACE('',(#4255),#4270,.F.);
#4255=FACE_BOUND('',#4256,.F.);
#4256=EDGE_LOOP('',(#4257,#4262,#4267,#1928));
#4257=ORIENTED_EDGE('',*,*,#4258,.T.);
#4258=EDGE_CURVE('',#1919,#4259,#4261,.T.);
#4259=VERTEX_POINT('',#4260);
#4260=CARTESIAN_POINT('',(0.3,-2.84,0.9));
#4261=LINE('',#1920,#2073);
#4262=ORIENTED_EDGE('',*,*,#4263,.T.);
#4263=EDGE_CURVE('',#4259,#4264,#4266,.T.);
#4264=VERTEX_POINT('',#4265);
#4265=CARTESIAN_POINT('',(0.3,-2.24,0.9));
#4266=LINE('',#4260,#33);
#4267=ORIENTED_EDGE('',*,*,#4268,.F.);
#4268=EDGE_CURVE('',#1925,#4264,#4269,.T.);
#4269=LINE('',#1926,#2073);
#4270=PLANE('',#4271);
#4271=AXIS2_PLACEMENT_3D('',#1920,#14,#34);
#4272=ADVANCED_FACE('',(#4273),#4305,.F.);
#4273=FACE_BOUND('',#4274,.F.);
#4274=EDGE_LOOP('',(#1945,#4275,#4276,#4281,#4287,#4292,#4298,#4302));
#4275=ORIENTED_EDGE('',*,*,#4268,.T.);
#4276=ORIENTED_EDGE('',*,*,#4277,.T.);
#4277=EDGE_CURVE('',#4264,#4278,#4280,.T.);
#4278=VERTEX_POINT('',#4279);
#4279=CARTESIAN_POINT('',(1.E-01,-2.24,0.9));
#4280=LINE('',#4265,#93);
#4281=ORIENTED_EDGE('',*,*,#4282,.T.);
#4282=EDGE_CURVE('',#4278,#4283,#4285,.T.);
#4283=VERTEX_POINT('',#4284);
#4284=CARTESIAN_POINT('',(1.E-01,-2.24,7.4));
#4285=LINE('',#4286,#27);
#4286=CARTESIAN_POINT('',(1.E-01,-2.24,6.055738799212));
#4287=ORIENTED_EDGE('',*,*,#4288,.F.);
#4288=EDGE_CURVE('',#4289,#4283,#4291,.T.);
#4289=VERTEX_POINT('',#4290);
#4290=CARTESIAN_POINT('',(-0.1,-2.24,7.4));
#4291=LINE('',#4290,#56);
#4292=ORIENTED_EDGE('',*,*,#4293,.F.);
#4293=EDGE_CURVE('',#4294,#4289,#4296,.T.);
#4294=VERTEX_POINT('',#4295);
#4295=CARTESIAN_POINT('',(-0.1,-2.24,0.9));
#4296=LINE('',#4297,#27);
#4297=CARTESIAN_POINT('',(-0.1,-2.24,6.055738799212));
#4298=ORIENTED_EDGE('',*,*,#4299,.T.);
#4299=EDGE_CURVE('',#4294,#4300,#4280,.T.);
#4300=VERTEX_POINT('',#4301);
#4301=CARTESIAN_POINT('',(-0.3,-2.24,0.9));
#4302=ORIENTED_EDGE('',*,*,#4303,.F.);
#4303=EDGE_CURVE('',#1942,#4300,#4304,.T.);
#4304=LINE('',#1943,#2073);
#4305=PLANE('',#4306);
#4306=AXIS2_PLACEMENT_3D('',#1926,#34,#45);
#4307=ADVANCED_FACE('',(#4308),#4319,.F.);
#4308=FACE_BOUND('',#4309,.F.);
#4309=EDGE_LOOP('',(#4310,#4311,#4316,#1962));
#4310=ORIENTED_EDGE('',*,*,#4303,.T.);
#4311=ORIENTED_EDGE('',*,*,#4312,.T.);
#4312=EDGE_CURVE('',#4300,#4313,#4315,.T.);
#4313=VERTEX_POINT('',#4314);
#4314=CARTESIAN_POINT('',(-0.3,-2.84,0.9));
#4315=LINE('',#4301,#143);
#4316=ORIENTED_EDGE('',*,*,#4317,.F.);
#4317=EDGE_CURVE('',#1959,#4313,#4318,.T.);
#4318=LINE('',#1960,#2073);
#4319=PLANE('',#4320);
#4320=AXIS2_PLACEMENT_3D('',#1943,#45,#124);
#4321=ADVANCED_FACE('',(#4322),#4350,.F.);
#4322=FACE_BOUND('',#4323,.F.);
#4323=EDGE_LOOP('',(#1975,#4324,#4325,#4330,#4336,#4341,#4347,#4349));
#4324=ORIENTED_EDGE('',*,*,#4317,.T.);
#4325=ORIENTED_EDGE('',*,*,#4326,.T.);
#4326=EDGE_CURVE('',#4313,#4327,#4329,.T.);
#4327=VERTEX_POINT('',#4328);
#4328=CARTESIAN_POINT('',(-0.1,-2.84,0.9));
#4329=LINE('',#4314,#56);
#4330=ORIENTED_EDGE('',*,*,#4331,.F.);
#4331=EDGE_CURVE('',#4332,#4327,#4334,.T.);
#4332=VERTEX_POINT('',#4333);
#4333=CARTESIAN_POINT('',(-0.1,-2.84,7.4));
#4334=LINE('',#4335,#2073);
#4335=CARTESIAN_POINT('',(-0.1,-2.84,6.055738799212));
#4336=ORIENTED_EDGE('',*,*,#4337,.T.);
#4337=EDGE_CURVE('',#4332,#4338,#4340,.T.);
#4338=VERTEX_POINT('',#4339);
#4339=CARTESIAN_POINT('',(1.E-01,-2.84,7.4));
#4340=LINE('',#4333,#56);
#4341=ORIENTED_EDGE('',*,*,#4342,.T.);
#4342=EDGE_CURVE('',#4338,#4343,#4345,.T.);
#4343=VERTEX_POINT('',#4344);
#4344=CARTESIAN_POINT('',(1.E-01,-2.84,0.9));
#4345=LINE('',#4346,#2073);
#4346=CARTESIAN_POINT('',(1.E-01,-2.84,6.055738799212));
#4347=ORIENTED_EDGE('',*,*,#4348,.T.);
#4348=EDGE_CURVE('',#4343,#4259,#4329,.T.);
#4349=ORIENTED_EDGE('',*,*,#4258,.F.);
#4350=PLANE('',#4351);
#4351=AXIS2_PLACEMENT_3D('',#1960,#124,#14);
#4352=ADVANCED_FACE('',(#4353),#4368,.F.);
#4353=FACE_BOUND('',#4354,.F.);
#4354=EDGE_LOOP('',(#4355,#4360,#4365,#1996));
#4355=ORIENTED_EDGE('',*,*,#4356,.T.);
#4356=EDGE_CURVE('',#1987,#4357,#4359,.T.);
#4357=VERTEX_POINT('',#4358);
#4358=CARTESIAN_POINT('',(0.3,-0.3,0.9));
#4359=LINE('',#1988,#2073);
#4360=ORIENTED_EDGE('',*,*,#4361,.T.);
#4361=EDGE_CURVE('',#4357,#4362,#4364,.T.);
#4362=VERTEX_POINT('',#4363);
#4363=CARTESIAN_POINT('',(0.3,0.3,0.9));
#4364=LINE('',#4358,#33);
#4365=ORIENTED_EDGE('',*,*,#4366,.F.);
#4366=EDGE_CURVE('',#1993,#4362,#4367,.T.);
#4367=LINE('',#1994,#2073);
#4368=PLANE('',#4369);
#4369=AXIS2_PLACEMENT_3D('',#1988,#14,#34);
#4370=ADVANCED_FACE('',(#4371),#4403,.F.);
#4371=FACE_BOUND('',#4372,.F.);
#4372=EDGE_LOOP('',(#2013,#4373,#4374,#4379,#4385,#4390,#4396,#4400));
#4373=ORIENTED_EDGE('',*,*,#4366,.T.);
#4374=ORIENTED_EDGE('',*,*,#4375,.T.);
#4375=EDGE_CURVE('',#4362,#4376,#4378,.T.);
#4376=VERTEX_POINT('',#4377);
#4377=CARTESIAN_POINT('',(0.1,0.3,0.9));
#4378=LINE('',#4363,#93);
#4379=ORIENTED_EDGE('',*,*,#4380,.T.);
#4380=EDGE_CURVE('',#4376,#4381,#4383,.T.);
#4381=VERTEX_POINT('',#4382);
#4382=CARTESIAN_POINT('',(0.1,0.3,7.4));
#4383=LINE('',#4384,#27);
#4384=CARTESIAN_POINT('',(0.1,0.3,6.055738799212));
#4385=ORIENTED_EDGE('',*,*,#4386,.F.);
#4386=EDGE_CURVE('',#4387,#4381,#4389,.T.);
#4387=VERTEX_POINT('',#4388);
#4388=CARTESIAN_POINT('',(-1.E-01,0.3,7.4));
#4389=LINE('',#4388,#56);
#4390=ORIENTED_EDGE('',*,*,#4391,.F.);
#4391=EDGE_CURVE('',#4392,#4387,#4394,.T.);
#4392=VERTEX_POINT('',#4393);
#4393=CARTESIAN_POINT('',(-1.E-01,0.3,0.9));
#4394=LINE('',#4395,#27);
#4395=CARTESIAN_POINT('',(-1.E-01,0.3,6.055738799212));
#4396=ORIENTED_EDGE('',*,*,#4397,.T.);
#4397=EDGE_CURVE('',#4392,#4398,#4378,.T.);
#4398=VERTEX_POINT('',#4399);
#4399=CARTESIAN_POINT('',(-0.3,0.3,0.9));
#4400=ORIENTED_EDGE('',*,*,#4401,.F.);
#4401=EDGE_CURVE('',#2010,#4398,#4402,.T.);
#4402=LINE('',#2011,#2073);
#4403=PLANE('',#4404);
#4404=AXIS2_PLACEMENT_3D('',#1994,#34,#45);
#4405=ADVANCED_FACE('',(#4406),#4417,.F.);
#4406=FACE_BOUND('',#4407,.F.);
#4407=EDGE_LOOP('',(#4408,#4409,#4414,#2030));
#4408=ORIENTED_EDGE('',*,*,#4401,.T.);
#4409=ORIENTED_EDGE('',*,*,#4410,.T.);
#4410=EDGE_CURVE('',#4398,#4411,#4413,.T.);
#4411=VERTEX_POINT('',#4412);
#4412=CARTESIAN_POINT('',(-0.3,-0.3,0.9));
#4413=LINE('',#4399,#143);
#4414=ORIENTED_EDGE('',*,*,#4415,.F.);
#4415=EDGE_CURVE('',#2027,#4411,#4416,.T.);
#4416=LINE('',#2028,#2073);
#4417=PLANE('',#4418);
#4418=AXIS2_PLACEMENT_3D('',#2011,#45,#124);
#4419=ADVANCED_FACE('',(#4420),#4448,.F.);
#4420=FACE_BOUND('',#4421,.F.);
#4421=EDGE_LOOP('',(#2043,#4422,#4423,#4428,#4434,#4439,#4445,#4447));
#4422=ORIENTED_EDGE('',*,*,#4415,.T.);
#4423=ORIENTED_EDGE('',*,*,#4424,.T.);
#4424=EDGE_CURVE('',#4411,#4425,#4427,.T.);
#4425=VERTEX_POINT('',#4426);
#4426=CARTESIAN_POINT('',(-1.E-01,-0.3,0.9));
#4427=LINE('',#4412,#56);
#4428=ORIENTED_EDGE('',*,*,#4429,.F.);
#4429=EDGE_CURVE('',#4430,#4425,#4432,.T.);
#4430=VERTEX_POINT('',#4431);
#4431=CARTESIAN_POINT('',(-0.1,-0.3,7.4));
#4432=LINE('',#4433,#2073);
#4433=CARTESIAN_POINT('',(-1.E-01,-0.3,6.055738799212));
#4434=ORIENTED_EDGE('',*,*,#4435,.T.);
#4435=EDGE_CURVE('',#4430,#4436,#4438,.T.);
#4436=VERTEX_POINT('',#4437);
#4437=CARTESIAN_POINT('',(0.1,-0.3,7.4));
#4438=LINE('',#4431,#56);
#4439=ORIENTED_EDGE('',*,*,#4440,.T.);
#4440=EDGE_CURVE('',#4436,#4441,#4443,.T.);
#4441=VERTEX_POINT('',#4442);
#4442=CARTESIAN_POINT('',(0.1,-0.3,0.9));
#4443=LINE('',#4444,#2073);
#4444=CARTESIAN_POINT('',(0.1,-0.3,6.055738799212));
#4445=ORIENTED_EDGE('',*,*,#4446,.T.);
#4446=EDGE_CURVE('',#4441,#4357,#4427,.T.);
#4447=ORIENTED_EDGE('',*,*,#4356,.F.);
#4448=PLANE('',#4449);
#4449=AXIS2_PLACEMENT_3D('',#2028,#124,#14);
#4450=ADVANCED_FACE('',(#4451),#4458,.T.);
#4451=FACE_BOUND('',#4452,.T.);
#4452=EDGE_LOOP('',(#4453,#2062,#4456,#4457));
#4453=ORIENTED_EDGE('',*,*,#4454,.T.);
#4454=EDGE_CURVE('',#2105,#2064,#4455,.T.);
#4455=LINE('',#2106,#56);
#4456=ORIENTED_EDGE('',*,*,#2054,.F.);
#4457=ORIENTED_EDGE('',*,*,#2104,.F.);
#4458=PLANE('',#4459);
#4459=AXIS2_PLACEMENT_3D('',#2106,#124,#13);
#4460=ADVANCED_FACE('',(#4461),#4468,.T.);
#4461=FACE_BOUND('',#4462,.T.);
#4462=EDGE_LOOP('',(#4463,#2086,#4466,#4467));
#4463=ORIENTED_EDGE('',*,*,#4464,.T.);
#4464=EDGE_CURVE('',#2120,#2083,#4465,.T.);
#4465=LINE('',#2121,#56);
#4466=ORIENTED_EDGE('',*,*,#4454,.F.);
#4467=ORIENTED_EDGE('',*,*,#2124,.F.);
#4468=PLANE('',#4469);
#4469=AXIS2_PLACEMENT_3D('',#2121,#4470,#2090);
#4470=DIRECTION('',(-1.077074540829E-16,-0.970142500145,-0.242535625036));
#4471=ADVANCED_FACE('',(#4472),#4479,.T.);
#4472=FACE_BOUND('',#4473,.T.);
#4473=EDGE_LOOP('',(#4474,#2081,#4477,#4478));
#4474=ORIENTED_EDGE('',*,*,#4475,.T.);
#4475=EDGE_CURVE('',#2115,#2076,#4476,.T.);
#4476=LINE('',#2116,#56);
#4477=ORIENTED_EDGE('',*,*,#4464,.F.);
#4478=ORIENTED_EDGE('',*,*,#2119,.T.);
#4479=PLANE('',#4480);
#4480=AXIS2_PLACEMENT_3D('',#2116,#2058,#124);
#4481=ADVANCED_FACE('',(#4482),#4489,.T.);
#4482=FACE_BOUND('',#4483,.T.);
#4483=EDGE_LOOP('',(#4484,#2074,#4487,#4488));
#4484=ORIENTED_EDGE('',*,*,#4485,.T.);
#4485=EDGE_CURVE('',#2110,#2070,#4486,.T.);
#4486=LINE('',#2111,#56);
#4487=ORIENTED_EDGE('',*,*,#4475,.F.);
#4488=ORIENTED_EDGE('',*,*,#2114,.F.);
#4489=PLANE('',#4490);
#4490=AXIS2_PLACEMENT_3D('',#2111,#4491,#2080);
#4491=DIRECTION('',(1.077074540829E-16,0.970142500145,-0.242535625036));
#4492=ADVANCED_FACE('',(#4493),#4498,.T.);
#4493=FACE_BOUND('',#4494,.T.);
#4494=EDGE_LOOP('',(#4495,#2068,#4496,#4497));
#4495=ORIENTED_EDGE('',*,*,#2098,.T.);
#4496=ORIENTED_EDGE('',*,*,#4485,.F.);
#4497=ORIENTED_EDGE('',*,*,#2109,.F.);
#4498=PLANE('',#4499);
#4499=AXIS2_PLACEMENT_3D('',#499,#34,#2058);
#4500=ADVANCED_FACE('',(#4501),#4508,.T.);
#4501=FACE_BOUND('',#4502,.T.);
#4502=EDGE_LOOP('',(#4503,#2140,#4506,#4507));
#4503=ORIENTED_EDGE('',*,*,#4504,.T.);
#4504=EDGE_CURVE('',#2178,#2142,#4505,.T.);
#4505=LINE('',#2179,#56);
#4506=ORIENTED_EDGE('',*,*,#2133,.F.);
#4507=ORIENTED_EDGE('',*,*,#2177,.F.);
#4508=PLANE('',#4509);
#4509=AXIS2_PLACEMENT_3D('',#2179,#124,#13);
#4510=ADVANCED_FACE('',(#4511),#4518,.T.);
#4511=FACE_BOUND('',#4512,.T.);
#4512=EDGE_LOOP('',(#4513,#2161,#4516,#4517));
#4513=ORIENTED_EDGE('',*,*,#4514,.T.);
#4514=EDGE_CURVE('',#2193,#2158,#4515,.T.);
#4515=LINE('',#2194,#56);
#4516=ORIENTED_EDGE('',*,*,#4504,.F.);
#4517=ORIENTED_EDGE('',*,*,#2197,.F.);
#4518=PLANE('',#4519);
#4519=AXIS2_PLACEMENT_3D('',#2194,#4470,#2090);
#4520=ADVANCED_FACE('',(#4521),#4528,.T.);
#4521=FACE_BOUND('',#4522,.T.);
#4522=EDGE_LOOP('',(#4523,#2156,#4526,#4527));
#4523=ORIENTED_EDGE('',*,*,#4524,.T.);
#4524=EDGE_CURVE('',#2188,#2153,#4525,.T.);
#4525=LINE('',#2189,#56);
#4526=ORIENTED_EDGE('',*,*,#4514,.F.);
#4527=ORIENTED_EDGE('',*,*,#2192,.T.);
#4528=PLANE('',#4529);
#4529=AXIS2_PLACEMENT_3D('',#2189,#2058,#124);
#4530=ADVANCED_FACE('',(#4531),#4538,.T.);
#4531=FACE_BOUND('',#4532,.T.);
#4532=EDGE_LOOP('',(#4533,#2151,#4536,#4537));
#4533=ORIENTED_EDGE('',*,*,#4534,.T.);
#4534=EDGE_CURVE('',#2183,#2148,#4535,.T.);
#4535=LINE('',#2184,#56);
#4536=ORIENTED_EDGE('',*,*,#4524,.F.);
#4537=ORIENTED_EDGE('',*,*,#2187,.F.);
#4538=PLANE('',#4539);
#4539=AXIS2_PLACEMENT_3D('',#2184,#4491,#2080);
#4540=ADVANCED_FACE('',(#4541),#4546,.T.);
#4541=FACE_BOUND('',#4542,.T.);
#4542=EDGE_LOOP('',(#4543,#2146,#4544,#4545));
#4543=ORIENTED_EDGE('',*,*,#2171,.T.);
#4544=ORIENTED_EDGE('',*,*,#4534,.F.);
#4545=ORIENTED_EDGE('',*,*,#2182,.F.);
#4546=PLANE('',#4547);
#4547=AXIS2_PLACEMENT_3D('',#541,#34,#2058);
#4548=ADVANCED_FACE('',(#4549),#4556,.T.);
#4549=FACE_BOUND('',#4550,.T.);
#4550=EDGE_LOOP('',(#4551,#2213,#4554,#4555));
#4551=ORIENTED_EDGE('',*,*,#4552,.T.);
#4552=EDGE_CURVE('',#2251,#2215,#4553,.T.);
#4553=LINE('',#2252,#56);
#4554=ORIENTED_EDGE('',*,*,#2206,.F.);
#4555=ORIENTED_EDGE('',*,*,#2250,.F.);
#4556=PLANE('',#4557);
#4557=AXIS2_PLACEMENT_3D('',#2252,#124,#13);
#4558=ADVANCED_FACE('',(#4559),#4566,.T.);
#4559=FACE_BOUND('',#4560,.T.);
#4560=EDGE_LOOP('',(#4561,#2234,#4564,#4565));
#4561=ORIENTED_EDGE('',*,*,#4562,.T.);
#4562=EDGE_CURVE('',#2266,#2231,#4563,.T.);
#4563=LINE('',#2267,#56);
#4564=ORIENTED_EDGE('',*,*,#4552,.F.);
#4565=ORIENTED_EDGE('',*,*,#2270,.F.);
#4566=PLANE('',#4567);
#4567=AXIS2_PLACEMENT_3D('',#2267,#4470,#2090);
#4568=ADVANCED_FACE('',(#4569),#4576,.T.);
#4569=FACE_BOUND('',#4570,.T.);
#4570=EDGE_LOOP('',(#4571,#2229,#4574,#4575));
#4571=ORIENTED_EDGE('',*,*,#4572,.T.);
#4572=EDGE_CURVE('',#2261,#2226,#4573,.T.);
#4573=LINE('',#2262,#56);
#4574=ORIENTED_EDGE('',*,*,#4562,.F.);
#4575=ORIENTED_EDGE('',*,*,#2265,.T.);
#4576=PLANE('',#4577);
#4577=AXIS2_PLACEMENT_3D('',#2262,#2058,#124);
#4578=ADVANCED_FACE('',(#4579),#4586,.T.);
#4579=FACE_BOUND('',#4580,.T.);
#4580=EDGE_LOOP('',(#4581,#2224,#4584,#4585));
#4581=ORIENTED_EDGE('',*,*,#4582,.T.);
#4582=EDGE_CURVE('',#2256,#2221,#4583,.T.);
#4583=LINE('',#2257,#56);
#4584=ORIENTED_EDGE('',*,*,#4572,.F.);
#4585=ORIENTED_EDGE('',*,*,#2260,.F.);
#4586=PLANE('',#4587);
#4587=AXIS2_PLACEMENT_3D('',#2257,#4491,#2080);
#4588=ADVANCED_FACE('',(#4589),#4594,.T.);
#4589=FACE_BOUND('',#4590,.T.);
#4590=EDGE_LOOP('',(#4591,#2219,#4592,#4593));
#4591=ORIENTED_EDGE('',*,*,#2244,.T.);
#4592=ORIENTED_EDGE('',*,*,#4582,.F.);
#4593=ORIENTED_EDGE('',*,*,#2255,.F.);
#4594=PLANE('',#4595);
#4595=AXIS2_PLACEMENT_3D('',#583,#34,#2058);
#4596=ADVANCED_FACE('',(#4597),#4604,.T.);
#4597=FACE_BOUND('',#4598,.T.);
#4598=EDGE_LOOP('',(#4599,#2286,#4602,#4603));
#4599=ORIENTED_EDGE('',*,*,#4600,.T.);
#4600=EDGE_CURVE('',#2324,#2288,#4601,.T.);
#4601=LINE('',#2325,#56);
#4602=ORIENTED_EDGE('',*,*,#2279,.F.);
#4603=ORIENTED_EDGE('',*,*,#2323,.F.);
#4604=PLANE('',#4605);
#4605=AXIS2_PLACEMENT_3D('',#2325,#124,#13);
#4606=ADVANCED_FACE('',(#4607),#4614,.T.);
#4607=FACE_BOUND('',#4608,.T.);
#4608=EDGE_LOOP('',(#4609,#2307,#4612,#4613));
#4609=ORIENTED_EDGE('',*,*,#4610,.T.);
#4610=EDGE_CURVE('',#2339,#2304,#4611,.T.);
#4611=LINE('',#2340,#56);
#4612=ORIENTED_EDGE('',*,*,#4600,.F.);
#4613=ORIENTED_EDGE('',*,*,#2343,.F.);
#4614=PLANE('',#4615);
#4615=AXIS2_PLACEMENT_3D('',#2340,#4470,#2090);
#4616=ADVANCED_FACE('',(#4617),#4624,.T.);
#4617=FACE_BOUND('',#4618,.T.);
#4618=EDGE_LOOP('',(#4619,#2302,#4622,#4623));
#4619=ORIENTED_EDGE('',*,*,#4620,.T.);
#4620=EDGE_CURVE('',#2334,#2299,#4621,.T.);
#4621=LINE('',#2335,#56);
#4622=ORIENTED_EDGE('',*,*,#4610,.F.);
#4623=ORIENTED_EDGE('',*,*,#2338,.T.);
#4624=PLANE('',#4625);
#4625=AXIS2_PLACEMENT_3D('',#2335,#2058,#124);
#4626=ADVANCED_FACE('',(#4627),#4634,.T.);
#4627=FACE_BOUND('',#4628,.T.);
#4628=EDGE_LOOP('',(#4629,#2297,#4632,#4633));
#4629=ORIENTED_EDGE('',*,*,#4630,.T.);
#4630=EDGE_CURVE('',#2329,#2294,#4631,.T.);
#4631=LINE('',#2330,#56);
#4632=ORIENTED_EDGE('',*,*,#4620,.F.);
#4633=ORIENTED_EDGE('',*,*,#2333,.F.);
#4634=PLANE('',#4635);
#4635=AXIS2_PLACEMENT_3D('',#2330,#4491,#2080);
#4636=ADVANCED_FACE('',(#4637),#4642,.T.);
#4637=FACE_BOUND('',#4638,.T.);
#4638=EDGE_LOOP('',(#4639,#2292,#4640,#4641));
#4639=ORIENTED_EDGE('',*,*,#2317,.T.);
#4640=ORIENTED_EDGE('',*,*,#4630,.F.);
#4641=ORIENTED_EDGE('',*,*,#2328,.F.);
#4642=PLANE('',#4643);
#4643=AXIS2_PLACEMENT_3D('',#625,#34,#2058);
#4644=ADVANCED_FACE('',(#4645),#4652,.T.);
#4645=FACE_BOUND('',#4646,.T.);
#4646=EDGE_LOOP('',(#4647,#2359,#4650,#4651));
#4647=ORIENTED_EDGE('',*,*,#4648,.T.);
#4648=EDGE_CURVE('',#2397,#2361,#4649,.T.);
#4649=LINE('',#2398,#56);
#4650=ORIENTED_EDGE('',*,*,#2352,.F.);
#4651=ORIENTED_EDGE('',*,*,#2396,.F.);
#4652=PLANE('',#4653);
#4653=AXIS2_PLACEMENT_3D('',#2398,#124,#13);
#4654=ADVANCED_FACE('',(#4655),#4662,.T.);
#4655=FACE_BOUND('',#4656,.T.);
#4656=EDGE_LOOP('',(#4657,#2380,#4660,#4661));
#4657=ORIENTED_EDGE('',*,*,#4658,.T.);
#4658=EDGE_CURVE('',#2412,#2377,#4659,.T.);
#4659=LINE('',#2413,#56);
#4660=ORIENTED_EDGE('',*,*,#4648,.F.);
#4661=ORIENTED_EDGE('',*,*,#2416,.F.);
#4662=PLANE('',#4663);
#4663=AXIS2_PLACEMENT_3D('',#2413,#4470,#2090);
#4664=ADVANCED_FACE('',(#4665),#4672,.T.);
#4665=FACE_BOUND('',#4666,.T.);
#4666=EDGE_LOOP('',(#4667,#2375,#4670,#4671));
#4667=ORIENTED_EDGE('',*,*,#4668,.T.);
#4668=EDGE_CURVE('',#2407,#2372,#4669,.T.);
#4669=LINE('',#2408,#56);
#4670=ORIENTED_EDGE('',*,*,#4658,.F.);
#4671=ORIENTED_EDGE('',*,*,#2411,.T.);
#4672=PLANE('',#4673);
#4673=AXIS2_PLACEMENT_3D('',#2408,#2058,#124);
#4674=ADVANCED_FACE('',(#4675),#4682,.T.);
#4675=FACE_BOUND('',#4676,.T.);
#4676=EDGE_LOOP('',(#4677,#2370,#4680,#4681));
#4677=ORIENTED_EDGE('',*,*,#4678,.T.);
#4678=EDGE_CURVE('',#2402,#2367,#4679,.T.);
#4679=LINE('',#2403,#56);
#4680=ORIENTED_EDGE('',*,*,#4668,.F.);
#4681=ORIENTED_EDGE('',*,*,#2406,.F.);
#4682=PLANE('',#4683);
#4683=AXIS2_PLACEMENT_3D('',#2403,#4491,#2080);
#4684=ADVANCED_FACE('',(#4685),#4690,.T.);
#4685=FACE_BOUND('',#4686,.T.);
#4686=EDGE_LOOP('',(#4687,#2365,#4688,#4689));
#4687=ORIENTED_EDGE('',*,*,#2390,.T.);
#4688=ORIENTED_EDGE('',*,*,#4678,.F.);
#4689=ORIENTED_EDGE('',*,*,#2401,.F.);
#4690=PLANE('',#4691);
#4691=AXIS2_PLACEMENT_3D('',#667,#34,#2058);
#4692=ADVANCED_FACE('',(#4693),#4700,.T.);
#4693=FACE_BOUND('',#4694,.T.);
#4694=EDGE_LOOP('',(#4695,#2432,#4698,#4699));
#4695=ORIENTED_EDGE('',*,*,#4696,.T.);
#4696=EDGE_CURVE('',#2470,#2434,#4697,.T.);
#4697=LINE('',#2471,#56);
#4698=ORIENTED_EDGE('',*,*,#2425,.F.);
#4699=ORIENTED_EDGE('',*,*,#2469,.F.);
#4700=PLANE('',#4701);
#4701=AXIS2_PLACEMENT_3D('',#2471,#124,#13);
#4702=ADVANCED_FACE('',(#4703),#4710,.T.);
#4703=FACE_BOUND('',#4704,.T.);
#4704=EDGE_LOOP('',(#4705,#2453,#4708,#4709));
#4705=ORIENTED_EDGE('',*,*,#4706,.T.);
#4706=EDGE_CURVE('',#2485,#2450,#4707,.T.);
#4707=LINE('',#2486,#56);
#4708=ORIENTED_EDGE('',*,*,#4696,.F.);
#4709=ORIENTED_EDGE('',*,*,#2489,.F.);
#4710=PLANE('',#4711);
#4711=AXIS2_PLACEMENT_3D('',#2486,#4470,#2090);
#4712=ADVANCED_FACE('',(#4713),#4720,.T.);
#4713=FACE_BOUND('',#4714,.T.);
#4714=EDGE_LOOP('',(#4715,#2448,#4718,#4719));
#4715=ORIENTED_EDGE('',*,*,#4716,.T.);
#4716=EDGE_CURVE('',#2480,#2445,#4717,.T.);
#4717=LINE('',#2481,#56);
#4718=ORIENTED_EDGE('',*,*,#4706,.F.);
#4719=ORIENTED_EDGE('',*,*,#2484,.T.);
#4720=PLANE('',#4721);
#4721=AXIS2_PLACEMENT_3D('',#2481,#2058,#124);
#4722=ADVANCED_FACE('',(#4723),#4730,.T.);
#4723=FACE_BOUND('',#4724,.T.);
#4724=EDGE_LOOP('',(#4725,#2443,#4728,#4729));
#4725=ORIENTED_EDGE('',*,*,#4726,.T.);
#4726=EDGE_CURVE('',#2475,#2440,#4727,.T.);
#4727=LINE('',#2476,#56);
#4728=ORIENTED_EDGE('',*,*,#4716,.F.);
#4729=ORIENTED_EDGE('',*,*,#2479,.F.);
#4730=PLANE('',#4731);
#4731=AXIS2_PLACEMENT_3D('',#2476,#4491,#2080);
#4732=ADVANCED_FACE('',(#4733),#4738,.T.);
#4733=FACE_BOUND('',#4734,.T.);
#4734=EDGE_LOOP('',(#4735,#2438,#4736,#4737));
#4735=ORIENTED_EDGE('',*,*,#2463,.T.);
#4736=ORIENTED_EDGE('',*,*,#4726,.F.);
#4737=ORIENTED_EDGE('',*,*,#2474,.F.);
#4738=PLANE('',#4739);
#4739=AXIS2_PLACEMENT_3D('',#709,#34,#2058);
#4740=ADVANCED_FACE('',(#4741),#4748,.T.);
#4741=FACE_BOUND('',#4742,.T.);
#4742=EDGE_LOOP('',(#4743,#2505,#4746,#4747));
#4743=ORIENTED_EDGE('',*,*,#4744,.T.);
#4744=EDGE_CURVE('',#2543,#2507,#4745,.T.);
#4745=LINE('',#2544,#56);
#4746=ORIENTED_EDGE('',*,*,#2498,.F.);
#4747=ORIENTED_EDGE('',*,*,#2542,.F.);
#4748=PLANE('',#4749);
#4749=AXIS2_PLACEMENT_3D('',#2544,#124,#13);
#4750=ADVANCED_FACE('',(#4751),#4758,.T.);
#4751=FACE_BOUND('',#4752,.T.);
#4752=EDGE_LOOP('',(#4753,#2526,#4756,#4757));
#4753=ORIENTED_EDGE('',*,*,#4754,.T.);
#4754=EDGE_CURVE('',#2558,#2523,#4755,.T.);
#4755=LINE('',#2559,#56);
#4756=ORIENTED_EDGE('',*,*,#4744,.F.);
#4757=ORIENTED_EDGE('',*,*,#2562,.F.);
#4758=PLANE('',#4759);
#4759=AXIS2_PLACEMENT_3D('',#2559,#4470,#2090);
#4760=ADVANCED_FACE('',(#4761),#4768,.T.);
#4761=FACE_BOUND('',#4762,.T.);
#4762=EDGE_LOOP('',(#4763,#2521,#4766,#4767));
#4763=ORIENTED_EDGE('',*,*,#4764,.T.);
#4764=EDGE_CURVE('',#2553,#2518,#4765,.T.);
#4765=LINE('',#2554,#56);
#4766=ORIENTED_EDGE('',*,*,#4754,.F.);
#4767=ORIENTED_EDGE('',*,*,#2557,.T.);
#4768=PLANE('',#4769);
#4769=AXIS2_PLACEMENT_3D('',#2554,#2058,#124);
#4770=ADVANCED_FACE('',(#4771),#4778,.T.);
#4771=FACE_BOUND('',#4772,.T.);
#4772=EDGE_LOOP('',(#4773,#2516,#4776,#4777));
#4773=ORIENTED_EDGE('',*,*,#4774,.T.);
#4774=EDGE_CURVE('',#2548,#2513,#4775,.T.);
#4775=LINE('',#2549,#56);
#4776=ORIENTED_EDGE('',*,*,#4764,.F.);
#4777=ORIENTED_EDGE('',*,*,#2552,.F.);
#4778=PLANE('',#4779);
#4779=AXIS2_PLACEMENT_3D('',#2549,#4491,#2080);
#4780=ADVANCED_FACE('',(#4781),#4786,.T.);
#4781=FACE_BOUND('',#4782,.T.);
#4782=EDGE_LOOP('',(#4783,#2511,#4784,#4785));
#4783=ORIENTED_EDGE('',*,*,#2536,.T.);
#4784=ORIENTED_EDGE('',*,*,#4774,.F.);
#4785=ORIENTED_EDGE('',*,*,#2547,.F.);
#4786=PLANE('',#4787);
#4787=AXIS2_PLACEMENT_3D('',#751,#34,#2058);
#4788=ADVANCED_FACE('',(#4789),#4796,.T.);
#4789=FACE_BOUND('',#4790,.T.);
#4790=EDGE_LOOP('',(#4791,#2578,#4794,#4795));
#4791=ORIENTED_EDGE('',*,*,#4792,.T.);
#4792=EDGE_CURVE('',#2616,#2580,#4793,.T.);
#4793=LINE('',#2617,#56);
#4794=ORIENTED_EDGE('',*,*,#2571,.F.);
#4795=ORIENTED_EDGE('',*,*,#2615,.F.);
#4796=PLANE('',#4797);
#4797=AXIS2_PLACEMENT_3D('',#2617,#124,#13);
#4798=ADVANCED_FACE('',(#4799),#4806,.T.);
#4799=FACE_BOUND('',#4800,.T.);
#4800=EDGE_LOOP('',(#4801,#2599,#4804,#4805));
#4801=ORIENTED_EDGE('',*,*,#4802,.T.);
#4802=EDGE_CURVE('',#2631,#2596,#4803,.T.);
#4803=LINE('',#2632,#56);
#4804=ORIENTED_EDGE('',*,*,#4792,.F.);
#4805=ORIENTED_EDGE('',*,*,#2635,.F.);
#4806=PLANE('',#4807);
#4807=AXIS2_PLACEMENT_3D('',#2632,#4470,#2090);
#4808=ADVANCED_FACE('',(#4809),#4816,.T.);
#4809=FACE_BOUND('',#4810,.T.);
#4810=EDGE_LOOP('',(#4811,#2594,#4814,#4815));
#4811=ORIENTED_EDGE('',*,*,#4812,.T.);
#4812=EDGE_CURVE('',#2626,#2591,#4813,.T.);
#4813=LINE('',#2627,#56);
#4814=ORIENTED_EDGE('',*,*,#4802,.F.);
#4815=ORIENTED_EDGE('',*,*,#2630,.T.);
#4816=PLANE('',#4817);
#4817=AXIS2_PLACEMENT_3D('',#2627,#2058,#124);
#4818=ADVANCED_FACE('',(#4819),#4826,.T.);
#4819=FACE_BOUND('',#4820,.T.);
#4820=EDGE_LOOP('',(#4821,#2589,#4824,#4825));
#4821=ORIENTED_EDGE('',*,*,#4822,.T.);
#4822=EDGE_CURVE('',#2621,#2586,#4823,.T.);
#4823=LINE('',#2622,#56);
#4824=ORIENTED_EDGE('',*,*,#4812,.F.);
#4825=ORIENTED_EDGE('',*,*,#2625,.F.);
#4826=PLANE('',#4827);
#4827=AXIS2_PLACEMENT_3D('',#2622,#4491,#2080);
#4828=ADVANCED_FACE('',(#4829),#4834,.T.);
#4829=FACE_BOUND('',#4830,.T.);
#4830=EDGE_LOOP('',(#4831,#2584,#4832,#4833));
#4831=ORIENTED_EDGE('',*,*,#2609,.T.);
#4832=ORIENTED_EDGE('',*,*,#4822,.F.);
#4833=ORIENTED_EDGE('',*,*,#2620,.F.);
#4834=PLANE('',#4835);
#4835=AXIS2_PLACEMENT_3D('',#793,#34,#2058);
#4836=ADVANCED_FACE('',(#4837),#4844,.T.);
#4837=FACE_BOUND('',#4838,.T.);
#4838=EDGE_LOOP('',(#4839,#2651,#4842,#4843));
#4839=ORIENTED_EDGE('',*,*,#4840,.T.);
#4840=EDGE_CURVE('',#2689,#2653,#4841,.T.);
#4841=LINE('',#2690,#56);
#4842=ORIENTED_EDGE('',*,*,#2644,.F.);
#4843=ORIENTED_EDGE('',*,*,#2688,.F.);
#4844=PLANE('',#4845);
#4845=AXIS2_PLACEMENT_3D('',#2690,#124,#13);
#4846=ADVANCED_FACE('',(#4847),#4854,.T.);
#4847=FACE_BOUND('',#4848,.T.);
#4848=EDGE_LOOP('',(#4849,#2672,#4852,#4853));
#4849=ORIENTED_EDGE('',*,*,#4850,.T.);
#4850=EDGE_CURVE('',#2704,#2669,#4851,.T.);
#4851=LINE('',#2705,#56);
#4852=ORIENTED_EDGE('',*,*,#4840,.F.);
#4853=ORIENTED_EDGE('',*,*,#2708,.F.);
#4854=PLANE('',#4855);
#4855=AXIS2_PLACEMENT_3D('',#2705,#4470,#2090);
#4856=ADVANCED_FACE('',(#4857),#4864,.T.);
#4857=FACE_BOUND('',#4858,.T.);
#4858=EDGE_LOOP('',(#4859,#2667,#4862,#4863));
#4859=ORIENTED_EDGE('',*,*,#4860,.T.);
#4860=EDGE_CURVE('',#2699,#2664,#4861,.T.);
#4861=LINE('',#2700,#56);
#4862=ORIENTED_EDGE('',*,*,#4850,.F.);
#4863=ORIENTED_EDGE('',*,*,#2703,.T.);
#4864=PLANE('',#4865);
#4865=AXIS2_PLACEMENT_3D('',#2700,#2058,#124);
#4866=ADVANCED_FACE('',(#4867),#4874,.T.);
#4867=FACE_BOUND('',#4868,.T.);
#4868=EDGE_LOOP('',(#4869,#2662,#4872,#4873));
#4869=ORIENTED_EDGE('',*,*,#4870,.T.);
#4870=EDGE_CURVE('',#2694,#2659,#4871,.T.);
#4871=LINE('',#2695,#56);
#4872=ORIENTED_EDGE('',*,*,#4860,.F.);
#4873=ORIENTED_EDGE('',*,*,#2698,.F.);
#4874=PLANE('',#4875);
#4875=AXIS2_PLACEMENT_3D('',#2695,#4491,#2080);
#4876=ADVANCED_FACE('',(#4877),#4882,.T.);
#4877=FACE_BOUND('',#4878,.T.);
#4878=EDGE_LOOP('',(#4879,#2657,#4880,#4881));
#4879=ORIENTED_EDGE('',*,*,#2682,.T.);
#4880=ORIENTED_EDGE('',*,*,#4870,.F.);
#4881=ORIENTED_EDGE('',*,*,#2693,.F.);
#4882=PLANE('',#4883);
#4883=AXIS2_PLACEMENT_3D('',#835,#34,#2058);
#4884=ADVANCED_FACE('',(#4885),#4892,.T.);
#4885=FACE_BOUND('',#4886,.T.);
#4886=EDGE_LOOP('',(#4887,#2724,#4890,#4891));
#4887=ORIENTED_EDGE('',*,*,#4888,.T.);
#4888=EDGE_CURVE('',#2762,#2726,#4889,.T.);
#4889=LINE('',#2763,#56);
#4890=ORIENTED_EDGE('',*,*,#2717,.F.);
#4891=ORIENTED_EDGE('',*,*,#2761,.F.);
#4892=PLANE('',#4893);
#4893=AXIS2_PLACEMENT_3D('',#2763,#124,#13);
#4894=ADVANCED_FACE('',(#4895),#4902,.T.);
#4895=FACE_BOUND('',#4896,.T.);
#4896=EDGE_LOOP('',(#4897,#2745,#4900,#4901));
#4897=ORIENTED_EDGE('',*,*,#4898,.T.);
#4898=EDGE_CURVE('',#2777,#2742,#4899,.T.);
#4899=LINE('',#2778,#56);
#4900=ORIENTED_EDGE('',*,*,#4888,.F.);
#4901=ORIENTED_EDGE('',*,*,#2781,.F.);
#4902=PLANE('',#4903);
#4903=AXIS2_PLACEMENT_3D('',#2778,#4470,#2090);
#4904=ADVANCED_FACE('',(#4905),#4912,.T.);
#4905=FACE_BOUND('',#4906,.T.);
#4906=EDGE_LOOP('',(#4907,#2740,#4910,#4911));
#4907=ORIENTED_EDGE('',*,*,#4908,.T.);
#4908=EDGE_CURVE('',#2772,#2737,#4909,.T.);
#4909=LINE('',#2773,#56);
#4910=ORIENTED_EDGE('',*,*,#4898,.F.);
#4911=ORIENTED_EDGE('',*,*,#2776,.T.);
#4912=PLANE('',#4913);
#4913=AXIS2_PLACEMENT_3D('',#2773,#2058,#124);
#4914=ADVANCED_FACE('',(#4915),#4922,.T.);
#4915=FACE_BOUND('',#4916,.T.);
#4916=EDGE_LOOP('',(#4917,#2735,#4920,#4921));
#4917=ORIENTED_EDGE('',*,*,#4918,.T.);
#4918=EDGE_CURVE('',#2767,#2732,#4919,.T.);
#4919=LINE('',#2768,#56);
#4920=ORIENTED_EDGE('',*,*,#4908,.F.);
#4921=ORIENTED_EDGE('',*,*,#2771,.F.);
#4922=PLANE('',#4923);
#4923=AXIS2_PLACEMENT_3D('',#2768,#4491,#2080);
#4924=ADVANCED_FACE('',(#4925),#4930,.T.);
#4925=FACE_BOUND('',#4926,.T.);
#4926=EDGE_LOOP('',(#4927,#2730,#4928,#4929));
#4927=ORIENTED_EDGE('',*,*,#2755,.T.);
#4928=ORIENTED_EDGE('',*,*,#4918,.F.);
#4929=ORIENTED_EDGE('',*,*,#2766,.F.);
#4930=PLANE('',#4931);
#4931=AXIS2_PLACEMENT_3D('',#877,#34,#2058);
#4932=ADVANCED_FACE('',(#4933),#4940,.T.);
#4933=FACE_BOUND('',#4934,.T.);
#4934=EDGE_LOOP('',(#4935,#2797,#4938,#4939));
#4935=ORIENTED_EDGE('',*,*,#4936,.T.);
#4936=EDGE_CURVE('',#2835,#2799,#4937,.T.);
#4937=LINE('',#2836,#56);
#4938=ORIENTED_EDGE('',*,*,#2790,.F.);
#4939=ORIENTED_EDGE('',*,*,#2834,.F.);
#4940=PLANE('',#4941);
#4941=AXIS2_PLACEMENT_3D('',#2836,#124,#13);
#4942=ADVANCED_FACE('',(#4943),#4950,.T.);
#4943=FACE_BOUND('',#4944,.T.);
#4944=EDGE_LOOP('',(#4945,#2818,#4948,#4949));
#4945=ORIENTED_EDGE('',*,*,#4946,.T.);
#4946=EDGE_CURVE('',#2850,#2815,#4947,.T.);
#4947=LINE('',#2851,#56);
#4948=ORIENTED_EDGE('',*,*,#4936,.F.);
#4949=ORIENTED_EDGE('',*,*,#2854,.F.);
#4950=PLANE('',#4951);
#4951=AXIS2_PLACEMENT_3D('',#2851,#4470,#2090);
#4952=ADVANCED_FACE('',(#4953),#4960,.T.);
#4953=FACE_BOUND('',#4954,.T.);
#4954=EDGE_LOOP('',(#4955,#2813,#4958,#4959));
#4955=ORIENTED_EDGE('',*,*,#4956,.T.);
#4956=EDGE_CURVE('',#2845,#2810,#4957,.T.);
#4957=LINE('',#2846,#56);
#4958=ORIENTED_EDGE('',*,*,#4946,.F.);
#4959=ORIENTED_EDGE('',*,*,#2849,.T.);
#4960=PLANE('',#4961);
#4961=AXIS2_PLACEMENT_3D('',#2846,#2058,#124);
#4962=ADVANCED_FACE('',(#4963),#4970,.T.);
#4963=FACE_BOUND('',#4964,.T.);
#4964=EDGE_LOOP('',(#4965,#2808,#4968,#4969));
#4965=ORIENTED_EDGE('',*,*,#4966,.T.);
#4966=EDGE_CURVE('',#2840,#2805,#4967,.T.);
#4967=LINE('',#2841,#56);
#4968=ORIENTED_EDGE('',*,*,#4956,.F.);
#4969=ORIENTED_EDGE('',*,*,#2844,.F.);
#4970=PLANE('',#4971);
#4971=AXIS2_PLACEMENT_3D('',#2841,#4491,#2080);
#4972=ADVANCED_FACE('',(#4973),#4978,.T.);
#4973=FACE_BOUND('',#4974,.T.);
#4974=EDGE_LOOP('',(#4975,#2803,#4976,#4977));
#4975=ORIENTED_EDGE('',*,*,#2828,.T.);
#4976=ORIENTED_EDGE('',*,*,#4966,.F.);
#4977=ORIENTED_EDGE('',*,*,#2839,.F.);
#4978=PLANE('',#4979);
#4979=AXIS2_PLACEMENT_3D('',#919,#34,#2058);
#4980=ADVANCED_FACE('',(#4981),#4988,.T.);
#4981=FACE_BOUND('',#4982,.T.);
#4982=EDGE_LOOP('',(#4983,#2870,#4986,#4987));
#4983=ORIENTED_EDGE('',*,*,#4984,.T.);
#4984=EDGE_CURVE('',#2908,#2872,#4985,.T.);
#4985=LINE('',#2909,#56);
#4986=ORIENTED_EDGE('',*,*,#2863,.F.);
#4987=ORIENTED_EDGE('',*,*,#2907,.F.);
#4988=PLANE('',#4989);
#4989=AXIS2_PLACEMENT_3D('',#2909,#124,#13);
#4990=ADVANCED_FACE('',(#4991),#4998,.T.);
#4991=FACE_BOUND('',#4992,.T.);
#4992=EDGE_LOOP('',(#4993,#2891,#4996,#4997));
#4993=ORIENTED_EDGE('',*,*,#4994,.T.);
#4994=EDGE_CURVE('',#2923,#2888,#4995,.T.);
#4995=LINE('',#2924,#56);
#4996=ORIENTED_EDGE('',*,*,#4984,.F.);
#4997=ORIENTED_EDGE('',*,*,#2927,.F.);
#4998=PLANE('',#4999);
#4999=AXIS2_PLACEMENT_3D('',#2924,#4470,#2090);
#5000=ADVANCED_FACE('',(#5001),#5008,.T.);
#5001=FACE_BOUND('',#5002,.T.);
#5002=EDGE_LOOP('',(#5003,#2886,#5006,#5007));
#5003=ORIENTED_EDGE('',*,*,#5004,.T.);
#5004=EDGE_CURVE('',#2918,#2883,#5005,.T.);
#5005=LINE('',#2919,#56);
#5006=ORIENTED_EDGE('',*,*,#4994,.F.);
#5007=ORIENTED_EDGE('',*,*,#2922,.T.);
#5008=PLANE('',#5009);
#5009=AXIS2_PLACEMENT_3D('',#2919,#2058,#124);
#5010=ADVANCED_FACE('',(#5011),#5018,.T.);
#5011=FACE_BOUND('',#5012,.T.);
#5012=EDGE_LOOP('',(#5013,#2881,#5016,#5017));
#5013=ORIENTED_EDGE('',*,*,#5014,.T.);
#5014=EDGE_CURVE('',#2913,#2878,#5015,.T.);
#5015=LINE('',#2914,#56);
#5016=ORIENTED_EDGE('',*,*,#5004,.F.);
#5017=ORIENTED_EDGE('',*,*,#2917,.F.);
#5018=PLANE('',#5019);
#5019=AXIS2_PLACEMENT_3D('',#2914,#4491,#2080);
#5020=ADVANCED_FACE('',(#5021),#5026,.T.);
#5021=FACE_BOUND('',#5022,.T.);
#5022=EDGE_LOOP('',(#5023,#2876,#5024,#5025));
#5023=ORIENTED_EDGE('',*,*,#2901,.T.);
#5024=ORIENTED_EDGE('',*,*,#5014,.F.);
#5025=ORIENTED_EDGE('',*,*,#2912,.F.);
#5026=PLANE('',#5027);
#5027=AXIS2_PLACEMENT_3D('',#961,#34,#2058);
#5028=ADVANCED_FACE('',(#5029),#5036,.T.);
#5029=FACE_BOUND('',#5030,.T.);
#5030=EDGE_LOOP('',(#5031,#2943,#5034,#5035));
#5031=ORIENTED_EDGE('',*,*,#5032,.T.);
#5032=EDGE_CURVE('',#2981,#2945,#5033,.T.);
#5033=LINE('',#2982,#56);
#5034=ORIENTED_EDGE('',*,*,#2936,.F.);
#5035=ORIENTED_EDGE('',*,*,#2980,.F.);
#5036=PLANE('',#5037);
#5037=AXIS2_PLACEMENT_3D('',#2982,#124,#13);
#5038=ADVANCED_FACE('',(#5039),#5046,.T.);
#5039=FACE_BOUND('',#5040,.T.);
#5040=EDGE_LOOP('',(#5041,#2964,#5044,#5045));
#5041=ORIENTED_EDGE('',*,*,#5042,.T.);
#5042=EDGE_CURVE('',#2996,#2961,#5043,.T.);
#5043=LINE('',#2997,#56);
#5044=ORIENTED_EDGE('',*,*,#5032,.F.);
#5045=ORIENTED_EDGE('',*,*,#3000,.F.);
#5046=PLANE('',#5047);
#5047=AXIS2_PLACEMENT_3D('',#2997,#4470,#2090);
#5048=ADVANCED_FACE('',(#5049),#5056,.T.);
#5049=FACE_BOUND('',#5050,.T.);
#5050=EDGE_LOOP('',(#5051,#2959,#5054,#5055));
#5051=ORIENTED_EDGE('',*,*,#5052,.T.);
#5052=EDGE_CURVE('',#2991,#2956,#5053,.T.);
#5053=LINE('',#2992,#56);
#5054=ORIENTED_EDGE('',*,*,#5042,.F.);
#5055=ORIENTED_EDGE('',*,*,#2995,.T.);
#5056=PLANE('',#5057);
#5057=AXIS2_PLACEMENT_3D('',#2992,#2058,#124);
#5058=ADVANCED_FACE('',(#5059),#5066,.T.);
#5059=FACE_BOUND('',#5060,.T.);
#5060=EDGE_LOOP('',(#5061,#2954,#5064,#5065));
#5061=ORIENTED_EDGE('',*,*,#5062,.T.);
#5062=EDGE_CURVE('',#2986,#2951,#5063,.T.);
#5063=LINE('',#2987,#56);
#5064=ORIENTED_EDGE('',*,*,#5052,.F.);
#5065=ORIENTED_EDGE('',*,*,#2990,.F.);
#5066=PLANE('',#5067);
#5067=AXIS2_PLACEMENT_3D('',#2987,#4491,#2080);
#5068=ADVANCED_FACE('',(#5069),#5074,.T.);
#5069=FACE_BOUND('',#5070,.T.);
#5070=EDGE_LOOP('',(#5071,#2949,#5072,#5073));
#5071=ORIENTED_EDGE('',*,*,#2974,.T.);
#5072=ORIENTED_EDGE('',*,*,#5062,.F.);
#5073=ORIENTED_EDGE('',*,*,#2985,.F.);
#5074=PLANE('',#5075);
#5075=AXIS2_PLACEMENT_3D('',#1003,#34,#2058);
#5076=ADVANCED_FACE('',(#5077),#5084,.T.);
#5077=FACE_BOUND('',#5078,.T.);
#5078=EDGE_LOOP('',(#5079,#3016,#5082,#5083));
#5079=ORIENTED_EDGE('',*,*,#5080,.T.);
#5080=EDGE_CURVE('',#3054,#3018,#5081,.T.);
#5081=LINE('',#3055,#56);
#5082=ORIENTED_EDGE('',*,*,#3009,.F.);
#5083=ORIENTED_EDGE('',*,*,#3053,.F.);
#5084=PLANE('',#5085);
#5085=AXIS2_PLACEMENT_3D('',#3055,#124,#13);
#5086=ADVANCED_FACE('',(#5087),#5094,.T.);
#5087=FACE_BOUND('',#5088,.T.);
#5088=EDGE_LOOP('',(#5089,#3037,#5092,#5093));
#5089=ORIENTED_EDGE('',*,*,#5090,.T.);
#5090=EDGE_CURVE('',#3069,#3034,#5091,.T.);
#5091=LINE('',#3070,#56);
#5092=ORIENTED_EDGE('',*,*,#5080,.F.);
#5093=ORIENTED_EDGE('',*,*,#3073,.F.);
#5094=PLANE('',#5095);
#5095=AXIS2_PLACEMENT_3D('',#3070,#4470,#2090);
#5096=ADVANCED_FACE('',(#5097),#5104,.T.);
#5097=FACE_BOUND('',#5098,.T.);
#5098=EDGE_LOOP('',(#5099,#3032,#5102,#5103));
#5099=ORIENTED_EDGE('',*,*,#5100,.T.);
#5100=EDGE_CURVE('',#3064,#3029,#5101,.T.);
#5101=LINE('',#3065,#56);
#5102=ORIENTED_EDGE('',*,*,#5090,.F.);
#5103=ORIENTED_EDGE('',*,*,#3068,.T.);
#5104=PLANE('',#5105);
#5105=AXIS2_PLACEMENT_3D('',#3065,#2058,#124);
#5106=ADVANCED_FACE('',(#5107),#5114,.T.);
#5107=FACE_BOUND('',#5108,.T.);
#5108=EDGE_LOOP('',(#5109,#3027,#5112,#5113));
#5109=ORIENTED_EDGE('',*,*,#5110,.T.);
#5110=EDGE_CURVE('',#3059,#3024,#5111,.T.);
#5111=LINE('',#3060,#56);
#5112=ORIENTED_EDGE('',*,*,#5100,.F.);
#5113=ORIENTED_EDGE('',*,*,#3063,.F.);
#5114=PLANE('',#5115);
#5115=AXIS2_PLACEMENT_3D('',#3060,#4491,#2080);
#5116=ADVANCED_FACE('',(#5117),#5122,.T.);
#5117=FACE_BOUND('',#5118,.T.);
#5118=EDGE_LOOP('',(#5119,#3022,#5120,#5121));
#5119=ORIENTED_EDGE('',*,*,#3047,.T.);
#5120=ORIENTED_EDGE('',*,*,#5110,.F.);
#5121=ORIENTED_EDGE('',*,*,#3058,.F.);
#5122=PLANE('',#5123);
#5123=AXIS2_PLACEMENT_3D('',#1045,#34,#2058);
#5124=ADVANCED_FACE('',(#5125),#5131,.T.);
#5125=FACE_BOUND('',#5126,.T.);
#5126=EDGE_LOOP('',(#3171,#3086,#3100,#5127));
#5127=ORIENTED_EDGE('',*,*,#5128,.T.);
#5128=EDGE_CURVE('',#3102,#3167,#5129,.T.);
#5129=LINE('',#5130,#143);
#5130=CARTESIAN_POINT('',(1.E-01,-33.02,0.9));
#5131=PLANE('',#5132);
#5132=AXIS2_PLACEMENT_3D('',#5133,#13,#34);
#5133=CARTESIAN_POINT('',(-3.759631495015E-15,-33.02,0.9));
#5134=ADVANCED_FACE('',(#5135),#5131,.T.);
#5135=FACE_BOUND('',#5136,.T.);
#5136=EDGE_LOOP('',(#3149,#5137,#3122,#3135));
#5137=ORIENTED_EDGE('',*,*,#5138,.F.);
#5138=EDGE_CURVE('',#3118,#3151,#5139,.T.);
#5139=LINE('',#5140,#143);
#5140=CARTESIAN_POINT('',(-0.1,-33.02,0.9));
#5141=ADVANCED_FACE('',(#5142),#2126,.T.);
#5142=FACE_BOUND('',#5143,.T.);
#5143=EDGE_LOOP('',(#3154,#5144,#5151,#5156,#5161,#5166,#3116,#5170));
#5144=ORIENTED_EDGE('',*,*,#5145,.T.);
#5145=EDGE_CURVE('',#3156,#5146,#5148,.T.);
#5146=VERTEX_POINT('',#5147);
#5147=CARTESIAN_POINT('',(-0.1,-33.27,7.35));
#5148=LINE('',#3157,#5149);
#5149=VECTOR('',#5150,1.);
#5150=DIRECTION('',(7.850462293419E-17,0.707106781187,-0.707106781187));
#5151=ORIENTED_EDGE('',*,*,#5152,.T.);
#5152=EDGE_CURVE('',#5146,#5153,#5155,.T.);
#5153=VERTEX_POINT('',#5154);
#5154=CARTESIAN_POINT('',(-0.1,-33.27,1.25));
#5155=LINE('',#5147,#2073);
#5156=ORIENTED_EDGE('',*,*,#5157,.T.);
#5157=EDGE_CURVE('',#5153,#5158,#5160,.T.);
#5158=VERTEX_POINT('',#5159);
#5159=CARTESIAN_POINT('',(-0.1,-32.77,1.25));
#5160=LINE('',#5154,#33);
#5161=ORIENTED_EDGE('',*,*,#5162,.T.);
#5162=EDGE_CURVE('',#5158,#5163,#5165,.T.);
#5163=VERTEX_POINT('',#5164);
#5164=CARTESIAN_POINT('',(-0.1,-32.77,7.35));
#5165=LINE('',#5159,#27);
#5166=ORIENTED_EDGE('',*,*,#5167,.T.);
#5167=EDGE_CURVE('',#5163,#3113,#5168,.T.);
#5168=LINE('',#5164,#5169);
#5169=VECTOR('',#1165,1.);
#5170=ORIENTED_EDGE('',*,*,#5138,.T.);
#5171=ADVANCED_FACE('',(#5172),#5183,.T.);
#5172=FACE_BOUND('',#5173,.T.);
#5173=EDGE_LOOP('',(#5174,#5179,#3111,#5182));
#5174=ORIENTED_EDGE('',*,*,#5175,.T.);
#5175=EDGE_CURVE('',#5163,#5176,#5178,.T.);
#5176=VERTEX_POINT('',#5177);
#5177=CARTESIAN_POINT('',(1.E-01,-32.77,7.35));
#5178=LINE('',#5164,#56);
#5179=ORIENTED_EDGE('',*,*,#5180,.T.);
#5180=EDGE_CURVE('',#5176,#3107,#5181,.T.);
#5181=LINE('',#5177,#5169);
#5182=ORIENTED_EDGE('',*,*,#5167,.F.);
#5183=PLANE('',#5184);
#5184=AXIS2_PLACEMENT_3D('',#5164,#1131,#1165);
#5185=ADVANCED_FACE('',(#5186),#2091,.F.);
#5186=FACE_BOUND('',#5187,.F.);
#5187=EDGE_LOOP('',(#5188,#5189,#5194,#5199,#5204,#5179,#5207,#5127));
#5188=ORIENTED_EDGE('',*,*,#3166,.F.);
#5189=ORIENTED_EDGE('',*,*,#5190,.T.);
#5190=EDGE_CURVE('',#3162,#5191,#5193,.T.);
#5191=VERTEX_POINT('',#5192);
#5192=CARTESIAN_POINT('',(1.E-01,-33.27,7.35));
#5193=LINE('',#3163,#5149);
#5194=ORIENTED_EDGE('',*,*,#5195,.T.);
#5195=EDGE_CURVE('',#5191,#5196,#5198,.T.);
#5196=VERTEX_POINT('',#5197);
#5197=CARTESIAN_POINT('',(1.E-01,-33.27,1.25));
#5198=LINE('',#5192,#2073);
#5199=ORIENTED_EDGE('',*,*,#5200,.T.);
#5200=EDGE_CURVE('',#5196,#5201,#5203,.T.);
#5201=VERTEX_POINT('',#5202);
#5202=CARTESIAN_POINT('',(1.E-01,-32.77,1.25));
#5203=LINE('',#5197,#33);
#5204=ORIENTED_EDGE('',*,*,#5205,.T.);
#5205=EDGE_CURVE('',#5201,#5176,#5206,.T.);
#5206=LINE('',#5202,#27);
#5207=ORIENTED_EDGE('',*,*,#3106,.F.);
#5208=ADVANCED_FACE('',(#5209),#5215,.T.);
#5209=FACE_BOUND('',#5210,.T.);
#5210=EDGE_LOOP('',(#3160,#5189,#5211,#5214));
#5211=ORIENTED_EDGE('',*,*,#5212,.F.);
#5212=EDGE_CURVE('',#5146,#5191,#5213,.T.);
#5213=LINE('',#5147,#56);
#5214=ORIENTED_EDGE('',*,*,#5145,.F.);
#5215=PLANE('',#5216);
#5216=AXIS2_PLACEMENT_3D('',#3157,#1165,#5150);
#5217=ADVANCED_FACE('',(#5218),#5224,.T.);
#5218=FACE_BOUND('',#5219,.T.);
#5219=EDGE_LOOP('',(#3269,#3184,#3198,#5220));
#5220=ORIENTED_EDGE('',*,*,#5221,.T.);
#5221=EDGE_CURVE('',#3200,#3265,#5222,.T.);
#5222=LINE('',#5223,#143);
#5223=CARTESIAN_POINT('',(1.E-01,-30.48,0.9));
#5224=PLANE('',#5225);
#5225=AXIS2_PLACEMENT_3D('',#5226,#13,#34);
#5226=CARTESIAN_POINT('',(-3.47763484676E-15,-30.48,0.9));
#5227=ADVANCED_FACE('',(#5228),#5224,.T.);
#5228=FACE_BOUND('',#5229,.T.);
#5229=EDGE_LOOP('',(#3247,#5230,#3220,#3233));
#5230=ORIENTED_EDGE('',*,*,#5231,.F.);
#5231=EDGE_CURVE('',#3216,#3249,#5232,.T.);
#5232=LINE('',#5233,#143);
#5233=CARTESIAN_POINT('',(-0.1,-30.48,0.9));
#5234=ADVANCED_FACE('',(#5235),#2199,.T.);
#5235=FACE_BOUND('',#5236,.T.);
#5236=EDGE_LOOP('',(#3252,#5237,#5242,#5247,#5252,#5257,#3214,#5260));
#5237=ORIENTED_EDGE('',*,*,#5238,.T.);
#5238=EDGE_CURVE('',#3254,#5239,#5241,.T.);
#5239=VERTEX_POINT('',#5240);
#5240=CARTESIAN_POINT('',(-0.1,-30.73,7.35));
#5241=LINE('',#3255,#5149);
#5242=ORIENTED_EDGE('',*,*,#5243,.T.);
#5243=EDGE_CURVE('',#5239,#5244,#5246,.T.);
#5244=VERTEX_POINT('',#5245);
#5245=CARTESIAN_POINT('',(-0.1,-30.73,1.25));
#5246=LINE('',#5240,#2073);
#5247=ORIENTED_EDGE('',*,*,#5248,.T.);
#5248=EDGE_CURVE('',#5244,#5249,#5251,.T.);
#5249=VERTEX_POINT('',#5250);
#5250=CARTESIAN_POINT('',(-0.1,-30.23,1.25));
#5251=LINE('',#5245,#33);
#5252=ORIENTED_EDGE('',*,*,#5253,.T.);
#5253=EDGE_CURVE('',#5249,#5254,#5256,.T.);
#5254=VERTEX_POINT('',#5255);
#5255=CARTESIAN_POINT('',(-0.1,-30.23,7.35));
#5256=LINE('',#5250,#27);
#5257=ORIENTED_EDGE('',*,*,#5258,.T.);
#5258=EDGE_CURVE('',#5254,#3211,#5259,.T.);
#5259=LINE('',#5255,#5169);
#5260=ORIENTED_EDGE('',*,*,#5231,.T.);
#5261=ADVANCED_FACE('',(#5262),#5273,.T.);
#5262=FACE_BOUND('',#5263,.T.);
#5263=EDGE_LOOP('',(#5264,#5269,#3209,#5272));
#5264=ORIENTED_EDGE('',*,*,#5265,.T.);
#5265=EDGE_CURVE('',#5254,#5266,#5268,.T.);
#5266=VERTEX_POINT('',#5267);
#5267=CARTESIAN_POINT('',(1.E-01,-30.23,7.35));
#5268=LINE('',#5255,#56);
#5269=ORIENTED_EDGE('',*,*,#5270,.T.);
#5270=EDGE_CURVE('',#5266,#3205,#5271,.T.);
#5271=LINE('',#5267,#5169);
#5272=ORIENTED_EDGE('',*,*,#5258,.F.);
#5273=PLANE('',#5274);
#5274=AXIS2_PLACEMENT_3D('',#5255,#1131,#1165);
#5275=ADVANCED_FACE('',(#5276),#2164,.F.);
#5276=FACE_BOUND('',#5277,.F.);
#5277=EDGE_LOOP('',(#5278,#5279,#5284,#5289,#5294,#5269,#5297,#5220));
#5278=ORIENTED_EDGE('',*,*,#3264,.F.);
#5279=ORIENTED_EDGE('',*,*,#5280,.T.);
#5280=EDGE_CURVE('',#3260,#5281,#5283,.T.);
#5281=VERTEX_POINT('',#5282);
#5282=CARTESIAN_POINT('',(1.E-01,-30.73,7.35));
#5283=LINE('',#3261,#5149);
#5284=ORIENTED_EDGE('',*,*,#5285,.T.);
#5285=EDGE_CURVE('',#5281,#5286,#5288,.T.);
#5286=VERTEX_POINT('',#5287);
#5287=CARTESIAN_POINT('',(1.E-01,-30.73,1.25));
#5288=LINE('',#5282,#2073);
#5289=ORIENTED_EDGE('',*,*,#5290,.T.);
#5290=EDGE_CURVE('',#5286,#5291,#5293,.T.);
#5291=VERTEX_POINT('',#5292);
#5292=CARTESIAN_POINT('',(1.E-01,-30.23,1.25));
#5293=LINE('',#5287,#33);
#5294=ORIENTED_EDGE('',*,*,#5295,.T.);
#5295=EDGE_CURVE('',#5291,#5266,#5296,.T.);
#5296=LINE('',#5292,#27);
#5297=ORIENTED_EDGE('',*,*,#3204,.F.);
#5298=ADVANCED_FACE('',(#5299),#5305,.T.);
#5299=FACE_BOUND('',#5300,.T.);
#5300=EDGE_LOOP('',(#3258,#5279,#5301,#5304));
#5301=ORIENTED_EDGE('',*,*,#5302,.F.);
#5302=EDGE_CURVE('',#5239,#5281,#5303,.T.);
#5303=LINE('',#5240,#56);
#5304=ORIENTED_EDGE('',*,*,#5238,.F.);
#5305=PLANE('',#5306);
#5306=AXIS2_PLACEMENT_3D('',#3255,#1165,#5150);
#5307=ADVANCED_FACE('',(#5308),#5314,.T.);
#5308=FACE_BOUND('',#5309,.T.);
#5309=EDGE_LOOP('',(#3367,#3282,#3296,#5310));
#5310=ORIENTED_EDGE('',*,*,#5311,.T.);
#5311=EDGE_CURVE('',#3298,#3363,#5312,.T.);
#5312=LINE('',#5313,#143);
#5313=CARTESIAN_POINT('',(1.E-01,-27.94,0.9));
#5314=PLANE('',#5315);
#5315=AXIS2_PLACEMENT_3D('',#5316,#13,#34);
#5316=CARTESIAN_POINT('',(-3.195638198505E-15,-27.94,0.9));
#5317=ADVANCED_FACE('',(#5318),#5314,.T.);
#5318=FACE_BOUND('',#5319,.T.);
#5319=EDGE_LOOP('',(#3345,#5320,#3318,#3331));
#5320=ORIENTED_EDGE('',*,*,#5321,.F.);
#5321=EDGE_CURVE('',#3314,#3347,#5322,.T.);
#5322=LINE('',#5323,#143);
#5323=CARTESIAN_POINT('',(-0.1,-27.94,0.9));
#5324=ADVANCED_FACE('',(#5325),#2272,.T.);
#5325=FACE_BOUND('',#5326,.T.);
#5326=EDGE_LOOP('',(#3350,#5327,#5332,#5337,#5342,#5347,#3312,#5350));
#5327=ORIENTED_EDGE('',*,*,#5328,.T.);
#5328=EDGE_CURVE('',#3352,#5329,#5331,.T.);
#5329=VERTEX_POINT('',#5330);
#5330=CARTESIAN_POINT('',(-0.1,-28.19,7.35));
#5331=LINE('',#3353,#5149);
#5332=ORIENTED_EDGE('',*,*,#5333,.T.);
#5333=EDGE_CURVE('',#5329,#5334,#5336,.T.);
#5334=VERTEX_POINT('',#5335);
#5335=CARTESIAN_POINT('',(-0.1,-28.19,1.25));
#5336=LINE('',#5330,#2073);
#5337=ORIENTED_EDGE('',*,*,#5338,.T.);
#5338=EDGE_CURVE('',#5334,#5339,#5341,.T.);
#5339=VERTEX_POINT('',#5340);
#5340=CARTESIAN_POINT('',(-0.1,-27.69,1.25));
#5341=LINE('',#5335,#33);
#5342=ORIENTED_EDGE('',*,*,#5343,.T.);
#5343=EDGE_CURVE('',#5339,#5344,#5346,.T.);
#5344=VERTEX_POINT('',#5345);
#5345=CARTESIAN_POINT('',(-0.1,-27.69,7.35));
#5346=LINE('',#5340,#27);
#5347=ORIENTED_EDGE('',*,*,#5348,.T.);
#5348=EDGE_CURVE('',#5344,#3309,#5349,.T.);
#5349=LINE('',#5345,#5169);
#5350=ORIENTED_EDGE('',*,*,#5321,.T.);
#5351=ADVANCED_FACE('',(#5352),#5363,.T.);
#5352=FACE_BOUND('',#5353,.T.);
#5353=EDGE_LOOP('',(#5354,#5359,#3307,#5362));
#5354=ORIENTED_EDGE('',*,*,#5355,.T.);
#5355=EDGE_CURVE('',#5344,#5356,#5358,.T.);
#5356=VERTEX_POINT('',#5357);
#5357=CARTESIAN_POINT('',(1.E-01,-27.69,7.35));
#5358=LINE('',#5345,#56);
#5359=ORIENTED_EDGE('',*,*,#5360,.T.);
#5360=EDGE_CURVE('',#5356,#3303,#5361,.T.);
#5361=LINE('',#5357,#5169);
#5362=ORIENTED_EDGE('',*,*,#5348,.F.);
#5363=PLANE('',#5364);
#5364=AXIS2_PLACEMENT_3D('',#5345,#1131,#1165);
#5365=ADVANCED_FACE('',(#5366),#2237,.F.);
#5366=FACE_BOUND('',#5367,.F.);
#5367=EDGE_LOOP('',(#5368,#5369,#5374,#5379,#5384,#5359,#5387,#5310));
#5368=ORIENTED_EDGE('',*,*,#3362,.F.);
#5369=ORIENTED_EDGE('',*,*,#5370,.T.);
#5370=EDGE_CURVE('',#3358,#5371,#5373,.T.);
#5371=VERTEX_POINT('',#5372);
#5372=CARTESIAN_POINT('',(1.E-01,-28.19,7.35));
#5373=LINE('',#3359,#5149);
#5374=ORIENTED_EDGE('',*,*,#5375,.T.);
#5375=EDGE_CURVE('',#5371,#5376,#5378,.T.);
#5376=VERTEX_POINT('',#5377);
#5377=CARTESIAN_POINT('',(1.E-01,-28.19,1.25));
#5378=LINE('',#5372,#2073);
#5379=ORIENTED_EDGE('',*,*,#5380,.T.);
#5380=EDGE_CURVE('',#5376,#5381,#5383,.T.);
#5381=VERTEX_POINT('',#5382);
#5382=CARTESIAN_POINT('',(1.E-01,-27.69,1.25));
#5383=LINE('',#5377,#33);
#5384=ORIENTED_EDGE('',*,*,#5385,.T.);
#5385=EDGE_CURVE('',#5381,#5356,#5386,.T.);
#5386=LINE('',#5382,#27);
#5387=ORIENTED_EDGE('',*,*,#3302,.F.);
#5388=ADVANCED_FACE('',(#5389),#5395,.T.);
#5389=FACE_BOUND('',#5390,.T.);
#5390=EDGE_LOOP('',(#3356,#5369,#5391,#5394));
#5391=ORIENTED_EDGE('',*,*,#5392,.F.);
#5392=EDGE_CURVE('',#5329,#5371,#5393,.T.);
#5393=LINE('',#5330,#56);
#5394=ORIENTED_EDGE('',*,*,#5328,.F.);
#5395=PLANE('',#5396);
#5396=AXIS2_PLACEMENT_3D('',#3353,#1165,#5150);
#5397=ADVANCED_FACE('',(#5398),#5404,.T.);
#5398=FACE_BOUND('',#5399,.T.);
#5399=EDGE_LOOP('',(#3465,#3380,#3394,#5400));
#5400=ORIENTED_EDGE('',*,*,#5401,.T.);
#5401=EDGE_CURVE('',#3396,#3461,#5402,.T.);
#5402=LINE('',#5403,#143);
#5403=CARTESIAN_POINT('',(1.E-01,-25.4,0.9));
#5404=PLANE('',#5405);
#5405=AXIS2_PLACEMENT_3D('',#5406,#13,#34);
#5406=CARTESIAN_POINT('',(-2.913641550251E-15,-25.4,0.9));
#5407=ADVANCED_FACE('',(#5408),#5404,.T.);
#5408=FACE_BOUND('',#5409,.T.);
#5409=EDGE_LOOP('',(#3443,#5410,#3416,#3429));
#5410=ORIENTED_EDGE('',*,*,#5411,.F.);
#5411=EDGE_CURVE('',#3412,#3445,#5412,.T.);
#5412=LINE('',#5413,#143);
#5413=CARTESIAN_POINT('',(-0.1,-25.4,0.9));
#5414=ADVANCED_FACE('',(#5415),#2345,.T.);
#5415=FACE_BOUND('',#5416,.T.);
#5416=EDGE_LOOP('',(#3448,#5417,#5422,#5427,#5432,#5437,#3410,#5440));
#5417=ORIENTED_EDGE('',*,*,#5418,.T.);
#5418=EDGE_CURVE('',#3450,#5419,#5421,.T.);
#5419=VERTEX_POINT('',#5420);
#5420=CARTESIAN_POINT('',(-0.1,-25.65,7.35));
#5421=LINE('',#3451,#5149);
#5422=ORIENTED_EDGE('',*,*,#5423,.T.);
#5423=EDGE_CURVE('',#5419,#5424,#5426,.T.);
#5424=VERTEX_POINT('',#5425);
#5425=CARTESIAN_POINT('',(-0.1,-25.65,1.25));
#5426=LINE('',#5420,#2073);
#5427=ORIENTED_EDGE('',*,*,#5428,.T.);
#5428=EDGE_CURVE('',#5424,#5429,#5431,.T.);
#5429=VERTEX_POINT('',#5430);
#5430=CARTESIAN_POINT('',(-0.1,-25.15,1.25));
#5431=LINE('',#5425,#33);
#5432=ORIENTED_EDGE('',*,*,#5433,.T.);
#5433=EDGE_CURVE('',#5429,#5434,#5436,.T.);
#5434=VERTEX_POINT('',#5435);
#5435=CARTESIAN_POINT('',(-0.1,-25.15,7.35));
#5436=LINE('',#5430,#27);
#5437=ORIENTED_EDGE('',*,*,#5438,.T.);
#5438=EDGE_CURVE('',#5434,#3407,#5439,.T.);
#5439=LINE('',#5435,#5169);
#5440=ORIENTED_EDGE('',*,*,#5411,.T.);
#5441=ADVANCED_FACE('',(#5442),#5453,.T.);
#5442=FACE_BOUND('',#5443,.T.);
#5443=EDGE_LOOP('',(#5444,#5449,#3405,#5452));
#5444=ORIENTED_EDGE('',*,*,#5445,.T.);
#5445=EDGE_CURVE('',#5434,#5446,#5448,.T.);
#5446=VERTEX_POINT('',#5447);
#5447=CARTESIAN_POINT('',(1.E-01,-25.15,7.35));
#5448=LINE('',#5435,#56);
#5449=ORIENTED_EDGE('',*,*,#5450,.T.);
#5450=EDGE_CURVE('',#5446,#3401,#5451,.T.);
#5451=LINE('',#5447,#5169);
#5452=ORIENTED_EDGE('',*,*,#5438,.F.);
#5453=PLANE('',#5454);
#5454=AXIS2_PLACEMENT_3D('',#5435,#1131,#1165);
#5455=ADVANCED_FACE('',(#5456),#2310,.F.);
#5456=FACE_BOUND('',#5457,.F.);
#5457=EDGE_LOOP('',(#5458,#5459,#5464,#5469,#5474,#5449,#5477,#5400));
#5458=ORIENTED_EDGE('',*,*,#3460,.F.);
#5459=ORIENTED_EDGE('',*,*,#5460,.T.);
#5460=EDGE_CURVE('',#3456,#5461,#5463,.T.);
#5461=VERTEX_POINT('',#5462);
#5462=CARTESIAN_POINT('',(1.E-01,-25.65,7.35));
#5463=LINE('',#3457,#5149);
#5464=ORIENTED_EDGE('',*,*,#5465,.T.);
#5465=EDGE_CURVE('',#5461,#5466,#5468,.T.);
#5466=VERTEX_POINT('',#5467);
#5467=CARTESIAN_POINT('',(1.E-01,-25.65,1.25));
#5468=LINE('',#5462,#2073);
#5469=ORIENTED_EDGE('',*,*,#5470,.T.);
#5470=EDGE_CURVE('',#5466,#5471,#5473,.T.);
#5471=VERTEX_POINT('',#5472);
#5472=CARTESIAN_POINT('',(1.E-01,-25.15,1.25));
#5473=LINE('',#5467,#33);
#5474=ORIENTED_EDGE('',*,*,#5475,.T.);
#5475=EDGE_CURVE('',#5471,#5446,#5476,.T.);
#5476=LINE('',#5472,#27);
#5477=ORIENTED_EDGE('',*,*,#3400,.F.);
#5478=ADVANCED_FACE('',(#5479),#5485,.T.);
#5479=FACE_BOUND('',#5480,.T.);
#5480=EDGE_LOOP('',(#3454,#5459,#5481,#5484));
#5481=ORIENTED_EDGE('',*,*,#5482,.F.);
#5482=EDGE_CURVE('',#5419,#5461,#5483,.T.);
#5483=LINE('',#5420,#56);
#5484=ORIENTED_EDGE('',*,*,#5418,.F.);
#5485=PLANE('',#5486);
#5486=AXIS2_PLACEMENT_3D('',#3451,#1165,#5150);
#5487=ADVANCED_FACE('',(#5488),#5494,.T.);
#5488=FACE_BOUND('',#5489,.T.);
#5489=EDGE_LOOP('',(#3563,#3478,#3492,#5490));
#5490=ORIENTED_EDGE('',*,*,#5491,.T.);
#5491=EDGE_CURVE('',#3494,#3559,#5492,.T.);
#5492=LINE('',#5493,#143);
#5493=CARTESIAN_POINT('',(1.E-01,-22.86,0.9));
#5494=PLANE('',#5495);
#5495=AXIS2_PLACEMENT_3D('',#5496,#13,#34);
#5496=CARTESIAN_POINT('',(-2.631644901996E-15,-22.86,0.9));
#5497=ADVANCED_FACE('',(#5498),#5494,.T.);
#5498=FACE_BOUND('',#5499,.T.);
#5499=EDGE_LOOP('',(#3541,#5500,#3514,#3527));
#5500=ORIENTED_EDGE('',*,*,#5501,.F.);
#5501=EDGE_CURVE('',#3510,#3543,#5502,.T.);
#5502=LINE('',#5503,#143);
#5503=CARTESIAN_POINT('',(-0.1,-22.86,0.9));
#5504=ADVANCED_FACE('',(#5505),#2418,.T.);
#5505=FACE_BOUND('',#5506,.T.);
#5506=EDGE_LOOP('',(#3546,#5507,#5512,#5517,#5522,#5527,#3508,#5530));
#5507=ORIENTED_EDGE('',*,*,#5508,.T.);
#5508=EDGE_CURVE('',#3548,#5509,#5511,.T.);
#5509=VERTEX_POINT('',#5510);
#5510=CARTESIAN_POINT('',(-0.1,-23.11,7.35));
#5511=LINE('',#3549,#5149);
#5512=ORIENTED_EDGE('',*,*,#5513,.T.);
#5513=EDGE_CURVE('',#5509,#5514,#5516,.T.);
#5514=VERTEX_POINT('',#5515);
#5515=CARTESIAN_POINT('',(-0.1,-23.11,1.25));
#5516=LINE('',#5510,#2073);
#5517=ORIENTED_EDGE('',*,*,#5518,.T.);
#5518=EDGE_CURVE('',#5514,#5519,#5521,.T.);
#5519=VERTEX_POINT('',#5520);
#5520=CARTESIAN_POINT('',(-0.1,-22.61,1.25));
#5521=LINE('',#5515,#33);
#5522=ORIENTED_EDGE('',*,*,#5523,.T.);
#5523=EDGE_CURVE('',#5519,#5524,#5526,.T.);
#5524=VERTEX_POINT('',#5525);
#5525=CARTESIAN_POINT('',(-0.1,-22.61,7.35));
#5526=LINE('',#5520,#27);
#5527=ORIENTED_EDGE('',*,*,#5528,.T.);
#5528=EDGE_CURVE('',#5524,#3505,#5529,.T.);
#5529=LINE('',#5525,#5169);
#5530=ORIENTED_EDGE('',*,*,#5501,.T.);
#5531=ADVANCED_FACE('',(#5532),#5543,.T.);
#5532=FACE_BOUND('',#5533,.T.);
#5533=EDGE_LOOP('',(#5534,#5539,#3503,#5542));
#5534=ORIENTED_EDGE('',*,*,#5535,.T.);
#5535=EDGE_CURVE('',#5524,#5536,#5538,.T.);
#5536=VERTEX_POINT('',#5537);
#5537=CARTESIAN_POINT('',(1.E-01,-22.61,7.35));
#5538=LINE('',#5525,#56);
#5539=ORIENTED_EDGE('',*,*,#5540,.T.);
#5540=EDGE_CURVE('',#5536,#3499,#5541,.T.);
#5541=LINE('',#5537,#5169);
#5542=ORIENTED_EDGE('',*,*,#5528,.F.);
#5543=PLANE('',#5544);
#5544=AXIS2_PLACEMENT_3D('',#5525,#1131,#1165);
#5545=ADVANCED_FACE('',(#5546),#2383,.F.);
#5546=FACE_BOUND('',#5547,.F.);
#5547=EDGE_LOOP('',(#5548,#5549,#5554,#5559,#5564,#5539,#5567,#5490));
#5548=ORIENTED_EDGE('',*,*,#3558,.F.);
#5549=ORIENTED_EDGE('',*,*,#5550,.T.);
#5550=EDGE_CURVE('',#3554,#5551,#5553,.T.);
#5551=VERTEX_POINT('',#5552);
#5552=CARTESIAN_POINT('',(1.E-01,-23.11,7.35));
#5553=LINE('',#3555,#5149);
#5554=ORIENTED_EDGE('',*,*,#5555,.T.);
#5555=EDGE_CURVE('',#5551,#5556,#5558,.T.);
#5556=VERTEX_POINT('',#5557);
#5557=CARTESIAN_POINT('',(1.E-01,-23.11,1.25));
#5558=LINE('',#5552,#2073);
#5559=ORIENTED_EDGE('',*,*,#5560,.T.);
#5560=EDGE_CURVE('',#5556,#5561,#5563,.T.);
#5561=VERTEX_POINT('',#5562);
#5562=CARTESIAN_POINT('',(1.E-01,-22.61,1.25));
#5563=LINE('',#5557,#33);
#5564=ORIENTED_EDGE('',*,*,#5565,.T.);
#5565=EDGE_CURVE('',#5561,#5536,#5566,.T.);
#5566=LINE('',#5562,#27);
#5567=ORIENTED_EDGE('',*,*,#3498,.F.);
#5568=ADVANCED_FACE('',(#5569),#5575,.T.);
#5569=FACE_BOUND('',#5570,.T.);
#5570=EDGE_LOOP('',(#3552,#5549,#5571,#5574));
#5571=ORIENTED_EDGE('',*,*,#5572,.F.);
#5572=EDGE_CURVE('',#5509,#5551,#5573,.T.);
#5573=LINE('',#5510,#56);
#5574=ORIENTED_EDGE('',*,*,#5508,.F.);
#5575=PLANE('',#5576);
#5576=AXIS2_PLACEMENT_3D('',#3549,#1165,#5150);
#5577=ADVANCED_FACE('',(#5578),#5584,.T.);
#5578=FACE_BOUND('',#5579,.T.);
#5579=EDGE_LOOP('',(#3661,#3576,#3590,#5580));
#5580=ORIENTED_EDGE('',*,*,#5581,.T.);
#5581=EDGE_CURVE('',#3592,#3657,#5582,.T.);
#5582=LINE('',#5583,#143);
#5583=CARTESIAN_POINT('',(1.E-01,-20.32,0.9));
#5584=PLANE('',#5585);
#5585=AXIS2_PLACEMENT_3D('',#5586,#13,#34);
#5586=CARTESIAN_POINT('',(-2.349648253741E-15,-20.32,0.9));
#5587=ADVANCED_FACE('',(#5588),#5584,.T.);
#5588=FACE_BOUND('',#5589,.T.);
#5589=EDGE_LOOP('',(#3639,#5590,#3612,#3625));
#5590=ORIENTED_EDGE('',*,*,#5591,.F.);
#5591=EDGE_CURVE('',#3608,#3641,#5592,.T.);
#5592=LINE('',#5593,#143);
#5593=CARTESIAN_POINT('',(-0.1,-20.32,0.9));
#5594=ADVANCED_FACE('',(#5595),#2491,.T.);
#5595=FACE_BOUND('',#5596,.T.);
#5596=EDGE_LOOP('',(#3644,#5597,#5602,#5607,#5612,#5617,#3606,#5620));
#5597=ORIENTED_EDGE('',*,*,#5598,.T.);
#5598=EDGE_CURVE('',#3646,#5599,#5601,.T.);
#5599=VERTEX_POINT('',#5600);
#5600=CARTESIAN_POINT('',(-0.1,-20.57,7.35));
#5601=LINE('',#3647,#5149);
#5602=ORIENTED_EDGE('',*,*,#5603,.T.);
#5603=EDGE_CURVE('',#5599,#5604,#5606,.T.);
#5604=VERTEX_POINT('',#5605);
#5605=CARTESIAN_POINT('',(-0.1,-20.57,1.25));
#5606=LINE('',#5600,#2073);
#5607=ORIENTED_EDGE('',*,*,#5608,.T.);
#5608=EDGE_CURVE('',#5604,#5609,#5611,.T.);
#5609=VERTEX_POINT('',#5610);
#5610=CARTESIAN_POINT('',(-0.1,-20.07,1.25));
#5611=LINE('',#5605,#33);
#5612=ORIENTED_EDGE('',*,*,#5613,.T.);
#5613=EDGE_CURVE('',#5609,#5614,#5616,.T.);
#5614=VERTEX_POINT('',#5615);
#5615=CARTESIAN_POINT('',(-0.1,-20.07,7.35));
#5616=LINE('',#5610,#27);
#5617=ORIENTED_EDGE('',*,*,#5618,.T.);
#5618=EDGE_CURVE('',#5614,#3603,#5619,.T.);
#5619=LINE('',#5615,#5169);
#5620=ORIENTED_EDGE('',*,*,#5591,.T.);
#5621=ADVANCED_FACE('',(#5622),#5633,.T.);
#5622=FACE_BOUND('',#5623,.T.);
#5623=EDGE_LOOP('',(#5624,#5629,#3601,#5632));
#5624=ORIENTED_EDGE('',*,*,#5625,.T.);
#5625=EDGE_CURVE('',#5614,#5626,#5628,.T.);
#5626=VERTEX_POINT('',#5627);
#5627=CARTESIAN_POINT('',(1.E-01,-20.07,7.35));
#5628=LINE('',#5615,#56);
#5629=ORIENTED_EDGE('',*,*,#5630,.T.);
#5630=EDGE_CURVE('',#5626,#3597,#5631,.T.);
#5631=LINE('',#5627,#5169);
#5632=ORIENTED_EDGE('',*,*,#5618,.F.);
#5633=PLANE('',#5634);
#5634=AXIS2_PLACEMENT_3D('',#5615,#1131,#1165);
#5635=ADVANCED_FACE('',(#5636),#2456,.F.);
#5636=FACE_BOUND('',#5637,.F.);
#5637=EDGE_LOOP('',(#5638,#5639,#5644,#5649,#5654,#5629,#5657,#5580));
#5638=ORIENTED_EDGE('',*,*,#3656,.F.);
#5639=ORIENTED_EDGE('',*,*,#5640,.T.);
#5640=EDGE_CURVE('',#3652,#5641,#5643,.T.);
#5641=VERTEX_POINT('',#5642);
#5642=CARTESIAN_POINT('',(1.E-01,-20.57,7.35));
#5643=LINE('',#3653,#5149);
#5644=ORIENTED_EDGE('',*,*,#5645,.T.);
#5645=EDGE_CURVE('',#5641,#5646,#5648,.T.);
#5646=VERTEX_POINT('',#5647);
#5647=CARTESIAN_POINT('',(1.E-01,-20.57,1.25));
#5648=LINE('',#5642,#2073);
#5649=ORIENTED_EDGE('',*,*,#5650,.T.);
#5650=EDGE_CURVE('',#5646,#5651,#5653,.T.);
#5651=VERTEX_POINT('',#5652);
#5652=CARTESIAN_POINT('',(1.E-01,-20.07,1.25));
#5653=LINE('',#5647,#33);
#5654=ORIENTED_EDGE('',*,*,#5655,.T.);
#5655=EDGE_CURVE('',#5651,#5626,#5656,.T.);
#5656=LINE('',#5652,#27);
#5657=ORIENTED_EDGE('',*,*,#3596,.F.);
#5658=ADVANCED_FACE('',(#5659),#5665,.T.);
#5659=FACE_BOUND('',#5660,.T.);
#5660=EDGE_LOOP('',(#3650,#5639,#5661,#5664));
#5661=ORIENTED_EDGE('',*,*,#5662,.F.);
#5662=EDGE_CURVE('',#5599,#5641,#5663,.T.);
#5663=LINE('',#5600,#56);
#5664=ORIENTED_EDGE('',*,*,#5598,.F.);
#5665=PLANE('',#5666);
#5666=AXIS2_PLACEMENT_3D('',#3647,#1165,#5150);
#5667=ADVANCED_FACE('',(#5668),#5674,.T.);
#5668=FACE_BOUND('',#5669,.T.);
#5669=EDGE_LOOP('',(#3759,#3674,#3688,#5670));
#5670=ORIENTED_EDGE('',*,*,#5671,.T.);
#5671=EDGE_CURVE('',#3690,#3755,#5672,.T.);
#5672=LINE('',#5673,#143);
#5673=CARTESIAN_POINT('',(1.E-01,-17.78,0.9));
#5674=PLANE('',#5675);
#5675=AXIS2_PLACEMENT_3D('',#5676,#13,#34);
#5676=CARTESIAN_POINT('',(-2.067651605486E-15,-17.78,0.9));
#5677=ADVANCED_FACE('',(#5678),#5674,.T.);
#5678=FACE_BOUND('',#5679,.T.);
#5679=EDGE_LOOP('',(#3737,#5680,#3710,#3723));
#5680=ORIENTED_EDGE('',*,*,#5681,.F.);
#5681=EDGE_CURVE('',#3706,#3739,#5682,.T.);
#5682=LINE('',#5683,#143);
#5683=CARTESIAN_POINT('',(-0.1,-17.78,0.9));
#5684=ADVANCED_FACE('',(#5685),#2564,.T.);
#5685=FACE_BOUND('',#5686,.T.);
#5686=EDGE_LOOP('',(#3742,#5687,#5692,#5697,#5702,#5707,#3704,#5710));
#5687=ORIENTED_EDGE('',*,*,#5688,.T.);
#5688=EDGE_CURVE('',#3744,#5689,#5691,.T.);
#5689=VERTEX_POINT('',#5690);
#5690=CARTESIAN_POINT('',(-0.1,-18.03,7.35));
#5691=LINE('',#3745,#5149);
#5692=ORIENTED_EDGE('',*,*,#5693,.T.);
#5693=EDGE_CURVE('',#5689,#5694,#5696,.T.);
#5694=VERTEX_POINT('',#5695);
#5695=CARTESIAN_POINT('',(-0.1,-18.03,1.25));
#5696=LINE('',#5690,#2073);
#5697=ORIENTED_EDGE('',*,*,#5698,.T.);
#5698=EDGE_CURVE('',#5694,#5699,#5701,.T.);
#5699=VERTEX_POINT('',#5700);
#5700=CARTESIAN_POINT('',(-0.1,-17.53,1.25));
#5701=LINE('',#5695,#33);
#5702=ORIENTED_EDGE('',*,*,#5703,.T.);
#5703=EDGE_CURVE('',#5699,#5704,#5706,.T.);
#5704=VERTEX_POINT('',#5705);
#5705=CARTESIAN_POINT('',(-0.1,-17.53,7.35));
#5706=LINE('',#5700,#27);
#5707=ORIENTED_EDGE('',*,*,#5708,.T.);
#5708=EDGE_CURVE('',#5704,#3701,#5709,.T.);
#5709=LINE('',#5705,#5169);
#5710=ORIENTED_EDGE('',*,*,#5681,.T.);
#5711=ADVANCED_FACE('',(#5712),#5723,.T.);
#5712=FACE_BOUND('',#5713,.T.);
#5713=EDGE_LOOP('',(#5714,#5719,#3699,#5722));
#5714=ORIENTED_EDGE('',*,*,#5715,.T.);
#5715=EDGE_CURVE('',#5704,#5716,#5718,.T.);
#5716=VERTEX_POINT('',#5717);
#5717=CARTESIAN_POINT('',(1.E-01,-17.53,7.35));
#5718=LINE('',#5705,#56);
#5719=ORIENTED_EDGE('',*,*,#5720,.T.);
#5720=EDGE_CURVE('',#5716,#3695,#5721,.T.);
#5721=LINE('',#5717,#5169);
#5722=ORIENTED_EDGE('',*,*,#5708,.F.);
#5723=PLANE('',#5724);
#5724=AXIS2_PLACEMENT_3D('',#5705,#1131,#1165);
#5725=ADVANCED_FACE('',(#5726),#2529,.F.);
#5726=FACE_BOUND('',#5727,.F.);
#5727=EDGE_LOOP('',(#5728,#5729,#5734,#5739,#5744,#5719,#5747,#5670));
#5728=ORIENTED_EDGE('',*,*,#3754,.F.);
#5729=ORIENTED_EDGE('',*,*,#5730,.T.);
#5730=EDGE_CURVE('',#3750,#5731,#5733,.T.);
#5731=VERTEX_POINT('',#5732);
#5732=CARTESIAN_POINT('',(1.E-01,-18.03,7.35));
#5733=LINE('',#3751,#5149);
#5734=ORIENTED_EDGE('',*,*,#5735,.T.);
#5735=EDGE_CURVE('',#5731,#5736,#5738,.T.);
#5736=VERTEX_POINT('',#5737);
#5737=CARTESIAN_POINT('',(1.E-01,-18.03,1.25));
#5738=LINE('',#5732,#2073);
#5739=ORIENTED_EDGE('',*,*,#5740,.T.);
#5740=EDGE_CURVE('',#5736,#5741,#5743,.T.);
#5741=VERTEX_POINT('',#5742);
#5742=CARTESIAN_POINT('',(1.E-01,-17.53,1.25));
#5743=LINE('',#5737,#33);
#5744=ORIENTED_EDGE('',*,*,#5745,.T.);
#5745=EDGE_CURVE('',#5741,#5716,#5746,.T.);
#5746=LINE('',#5742,#27);
#5747=ORIENTED_EDGE('',*,*,#3694,.F.);
#5748=ADVANCED_FACE('',(#5749),#5755,.T.);
#5749=FACE_BOUND('',#5750,.T.);
#5750=EDGE_LOOP('',(#3748,#5729,#5751,#5754));
#5751=ORIENTED_EDGE('',*,*,#5752,.F.);
#5752=EDGE_CURVE('',#5689,#5731,#5753,.T.);
#5753=LINE('',#5690,#56);
#5754=ORIENTED_EDGE('',*,*,#5688,.F.);
#5755=PLANE('',#5756);
#5756=AXIS2_PLACEMENT_3D('',#3745,#1165,#5150);
#5757=ADVANCED_FACE('',(#5758),#5764,.T.);
#5758=FACE_BOUND('',#5759,.T.);
#5759=EDGE_LOOP('',(#3857,#3772,#3786,#5760));
#5760=ORIENTED_EDGE('',*,*,#5761,.T.);
#5761=EDGE_CURVE('',#3788,#3853,#5762,.T.);
#5762=LINE('',#5763,#143);
#5763=CARTESIAN_POINT('',(1.E-01,-15.24,0.9));
#5764=PLANE('',#5765);
#5765=AXIS2_PLACEMENT_3D('',#5766,#13,#34);
#5766=CARTESIAN_POINT('',(-1.785654957231E-15,-15.24,0.9));
#5767=ADVANCED_FACE('',(#5768),#5764,.T.);
#5768=FACE_BOUND('',#5769,.T.);
#5769=EDGE_LOOP('',(#3835,#5770,#3808,#3821));
#5770=ORIENTED_EDGE('',*,*,#5771,.F.);
#5771=EDGE_CURVE('',#3804,#3837,#5772,.T.);
#5772=LINE('',#5773,#143);
#5773=CARTESIAN_POINT('',(-0.1,-15.24,0.9));
#5774=ADVANCED_FACE('',(#5775),#2637,.T.);
#5775=FACE_BOUND('',#5776,.T.);
#5776=EDGE_LOOP('',(#3840,#5777,#5782,#5787,#5792,#5797,#3802,#5800));
#5777=ORIENTED_EDGE('',*,*,#5778,.T.);
#5778=EDGE_CURVE('',#3842,#5779,#5781,.T.);
#5779=VERTEX_POINT('',#5780);
#5780=CARTESIAN_POINT('',(-0.1,-15.49,7.35));
#5781=LINE('',#3843,#5149);
#5782=ORIENTED_EDGE('',*,*,#5783,.T.);
#5783=EDGE_CURVE('',#5779,#5784,#5786,.T.);
#5784=VERTEX_POINT('',#5785);
#5785=CARTESIAN_POINT('',(-0.1,-15.49,1.25));
#5786=LINE('',#5780,#2073);
#5787=ORIENTED_EDGE('',*,*,#5788,.T.);
#5788=EDGE_CURVE('',#5784,#5789,#5791,.T.);
#5789=VERTEX_POINT('',#5790);
#5790=CARTESIAN_POINT('',(-0.1,-14.99,1.25));
#5791=LINE('',#5785,#33);
#5792=ORIENTED_EDGE('',*,*,#5793,.T.);
#5793=EDGE_CURVE('',#5789,#5794,#5796,.T.);
#5794=VERTEX_POINT('',#5795);
#5795=CARTESIAN_POINT('',(-0.1,-14.99,7.35));
#5796=LINE('',#5790,#27);
#5797=ORIENTED_EDGE('',*,*,#5798,.T.);
#5798=EDGE_CURVE('',#5794,#3799,#5799,.T.);
#5799=LINE('',#5795,#5169);
#5800=ORIENTED_EDGE('',*,*,#5771,.T.);
#5801=ADVANCED_FACE('',(#5802),#5813,.T.);
#5802=FACE_BOUND('',#5803,.T.);
#5803=EDGE_LOOP('',(#5804,#5809,#3797,#5812));
#5804=ORIENTED_EDGE('',*,*,#5805,.T.);
#5805=EDGE_CURVE('',#5794,#5806,#5808,.T.);
#5806=VERTEX_POINT('',#5807);
#5807=CARTESIAN_POINT('',(1.E-01,-14.99,7.35));
#5808=LINE('',#5795,#56);
#5809=ORIENTED_EDGE('',*,*,#5810,.T.);
#5810=EDGE_CURVE('',#5806,#3793,#5811,.T.);
#5811=LINE('',#5807,#5169);
#5812=ORIENTED_EDGE('',*,*,#5798,.F.);
#5813=PLANE('',#5814);
#5814=AXIS2_PLACEMENT_3D('',#5795,#1131,#1165);
#5815=ADVANCED_FACE('',(#5816),#2602,.F.);
#5816=FACE_BOUND('',#5817,.F.);
#5817=EDGE_LOOP('',(#5818,#5819,#5824,#5829,#5834,#5809,#5837,#5760));
#5818=ORIENTED_EDGE('',*,*,#3852,.F.);
#5819=ORIENTED_EDGE('',*,*,#5820,.T.);
#5820=EDGE_CURVE('',#3848,#5821,#5823,.T.);
#5821=VERTEX_POINT('',#5822);
#5822=CARTESIAN_POINT('',(1.E-01,-15.49,7.35));
#5823=LINE('',#3849,#5149);
#5824=ORIENTED_EDGE('',*,*,#5825,.T.);
#5825=EDGE_CURVE('',#5821,#5826,#5828,.T.);
#5826=VERTEX_POINT('',#5827);
#5827=CARTESIAN_POINT('',(1.E-01,-15.49,1.25));
#5828=LINE('',#5822,#2073);
#5829=ORIENTED_EDGE('',*,*,#5830,.T.);
#5830=EDGE_CURVE('',#5826,#5831,#5833,.T.);
#5831=VERTEX_POINT('',#5832);
#5832=CARTESIAN_POINT('',(1.E-01,-14.99,1.25));
#5833=LINE('',#5827,#33);
#5834=ORIENTED_EDGE('',*,*,#5835,.T.);
#5835=EDGE_CURVE('',#5831,#5806,#5836,.T.);
#5836=LINE('',#5832,#27);
#5837=ORIENTED_EDGE('',*,*,#3792,.F.);
#5838=ADVANCED_FACE('',(#5839),#5845,.T.);
#5839=FACE_BOUND('',#5840,.T.);
#5840=EDGE_LOOP('',(#3846,#5819,#5841,#5844));
#5841=ORIENTED_EDGE('',*,*,#5842,.F.);
#5842=EDGE_CURVE('',#5779,#5821,#5843,.T.);
#5843=LINE('',#5780,#56);
#5844=ORIENTED_EDGE('',*,*,#5778,.F.);
#5845=PLANE('',#5846);
#5846=AXIS2_PLACEMENT_3D('',#3843,#1165,#5150);
#5847=ADVANCED_FACE('',(#5848),#5854,.T.);
#5848=FACE_BOUND('',#5849,.T.);
#5849=EDGE_LOOP('',(#3955,#3870,#3884,#5850));
#5850=ORIENTED_EDGE('',*,*,#5851,.T.);
#5851=EDGE_CURVE('',#3886,#3951,#5852,.T.);
#5852=LINE('',#5853,#143);
#5853=CARTESIAN_POINT('',(1.E-01,-12.7,0.9));
#5854=PLANE('',#5855);
#5855=AXIS2_PLACEMENT_3D('',#5856,#13,#34);
#5856=CARTESIAN_POINT('',(-1.503658308977E-15,-12.7,0.9));
#5857=ADVANCED_FACE('',(#5858),#5854,.T.);
#5858=FACE_BOUND('',#5859,.T.);
#5859=EDGE_LOOP('',(#3933,#5860,#3906,#3919));
#5860=ORIENTED_EDGE('',*,*,#5861,.F.);
#5861=EDGE_CURVE('',#3902,#3935,#5862,.T.);
#5862=LINE('',#5863,#143);
#5863=CARTESIAN_POINT('',(-0.1,-12.7,0.9));
#5864=ADVANCED_FACE('',(#5865),#2710,.T.);
#5865=FACE_BOUND('',#5866,.T.);
#5866=EDGE_LOOP('',(#3938,#5867,#5872,#5877,#5882,#5887,#3900,#5890));
#5867=ORIENTED_EDGE('',*,*,#5868,.T.);
#5868=EDGE_CURVE('',#3940,#5869,#5871,.T.);
#5869=VERTEX_POINT('',#5870);
#5870=CARTESIAN_POINT('',(-0.1,-12.95,7.35));
#5871=LINE('',#3941,#5149);
#5872=ORIENTED_EDGE('',*,*,#5873,.T.);
#5873=EDGE_CURVE('',#5869,#5874,#5876,.T.);
#5874=VERTEX_POINT('',#5875);
#5875=CARTESIAN_POINT('',(-0.1,-12.95,1.25));
#5876=LINE('',#5870,#2073);
#5877=ORIENTED_EDGE('',*,*,#5878,.T.);
#5878=EDGE_CURVE('',#5874,#5879,#5881,.T.);
#5879=VERTEX_POINT('',#5880);
#5880=CARTESIAN_POINT('',(-0.1,-12.45,1.25));
#5881=LINE('',#5875,#33);
#5882=ORIENTED_EDGE('',*,*,#5883,.T.);
#5883=EDGE_CURVE('',#5879,#5884,#5886,.T.);
#5884=VERTEX_POINT('',#5885);
#5885=CARTESIAN_POINT('',(-0.1,-12.45,7.35));
#5886=LINE('',#5880,#27);
#5887=ORIENTED_EDGE('',*,*,#5888,.T.);
#5888=EDGE_CURVE('',#5884,#3897,#5889,.T.);
#5889=LINE('',#5885,#5169);
#5890=ORIENTED_EDGE('',*,*,#5861,.T.);
#5891=ADVANCED_FACE('',(#5892),#5903,.T.);
#5892=FACE_BOUND('',#5893,.T.);
#5893=EDGE_LOOP('',(#5894,#5899,#3895,#5902));
#5894=ORIENTED_EDGE('',*,*,#5895,.T.);
#5895=EDGE_CURVE('',#5884,#5896,#5898,.T.);
#5896=VERTEX_POINT('',#5897);
#5897=CARTESIAN_POINT('',(1.E-01,-12.45,7.35));
#5898=LINE('',#5885,#56);
#5899=ORIENTED_EDGE('',*,*,#5900,.T.);
#5900=EDGE_CURVE('',#5896,#3891,#5901,.T.);
#5901=LINE('',#5897,#5169);
#5902=ORIENTED_EDGE('',*,*,#5888,.F.);
#5903=PLANE('',#5904);
#5904=AXIS2_PLACEMENT_3D('',#5885,#1131,#1165);
#5905=ADVANCED_FACE('',(#5906),#2675,.F.);
#5906=FACE_BOUND('',#5907,.F.);
#5907=EDGE_LOOP('',(#5908,#5909,#5914,#5919,#5924,#5899,#5927,#5850));
#5908=ORIENTED_EDGE('',*,*,#3950,.F.);
#5909=ORIENTED_EDGE('',*,*,#5910,.T.);
#5910=EDGE_CURVE('',#3946,#5911,#5913,.T.);
#5911=VERTEX_POINT('',#5912);
#5912=CARTESIAN_POINT('',(1.E-01,-12.95,7.35));
#5913=LINE('',#3947,#5149);
#5914=ORIENTED_EDGE('',*,*,#5915,.T.);
#5915=EDGE_CURVE('',#5911,#5916,#5918,.T.);
#5916=VERTEX_POINT('',#5917);
#5917=CARTESIAN_POINT('',(1.E-01,-12.95,1.25));
#5918=LINE('',#5912,#2073);
#5919=ORIENTED_EDGE('',*,*,#5920,.T.);
#5920=EDGE_CURVE('',#5916,#5921,#5923,.T.);
#5921=VERTEX_POINT('',#5922);
#5922=CARTESIAN_POINT('',(1.E-01,-12.45,1.25));
#5923=LINE('',#5917,#33);
#5924=ORIENTED_EDGE('',*,*,#5925,.T.);
#5925=EDGE_CURVE('',#5921,#5896,#5926,.T.);
#5926=LINE('',#5922,#27);
#5927=ORIENTED_EDGE('',*,*,#3890,.F.);
#5928=ADVANCED_FACE('',(#5929),#5935,.T.);
#5929=FACE_BOUND('',#5930,.T.);
#5930=EDGE_LOOP('',(#3944,#5909,#5931,#5934));
#5931=ORIENTED_EDGE('',*,*,#5932,.F.);
#5932=EDGE_CURVE('',#5869,#5911,#5933,.T.);
#5933=LINE('',#5870,#56);
#5934=ORIENTED_EDGE('',*,*,#5868,.F.);
#5935=PLANE('',#5936);
#5936=AXIS2_PLACEMENT_3D('',#3941,#1165,#5150);
#5937=ADVANCED_FACE('',(#5938),#5944,.T.);
#5938=FACE_BOUND('',#5939,.T.);
#5939=EDGE_LOOP('',(#4053,#3968,#3982,#5940));
#5940=ORIENTED_EDGE('',*,*,#5941,.T.);
#5941=EDGE_CURVE('',#3984,#4049,#5942,.T.);
#5942=LINE('',#5943,#143);
#5943=CARTESIAN_POINT('',(1.E-01,-10.16,0.9));
#5944=PLANE('',#5945);
#5945=AXIS2_PLACEMENT_3D('',#5946,#13,#34);
#5946=CARTESIAN_POINT('',(-1.221661660722E-15,-10.16,0.9));
#5947=ADVANCED_FACE('',(#5948),#5944,.T.);
#5948=FACE_BOUND('',#5949,.T.);
#5949=EDGE_LOOP('',(#4031,#5950,#4004,#4017));
#5950=ORIENTED_EDGE('',*,*,#5951,.F.);
#5951=EDGE_CURVE('',#4000,#4033,#5952,.T.);
#5952=LINE('',#5953,#143);
#5953=CARTESIAN_POINT('',(-0.1,-10.16,0.9));
#5954=ADVANCED_FACE('',(#5955),#2783,.T.);
#5955=FACE_BOUND('',#5956,.T.);
#5956=EDGE_LOOP('',(#4036,#5957,#5962,#5967,#5972,#5977,#3998,#5980));
#5957=ORIENTED_EDGE('',*,*,#5958,.T.);
#5958=EDGE_CURVE('',#4038,#5959,#5961,.T.);
#5959=VERTEX_POINT('',#5960);
#5960=CARTESIAN_POINT('',(-0.1,-10.41,7.35));
#5961=LINE('',#4039,#5149);
#5962=ORIENTED_EDGE('',*,*,#5963,.T.);
#5963=EDGE_CURVE('',#5959,#5964,#5966,.T.);
#5964=VERTEX_POINT('',#5965);
#5965=CARTESIAN_POINT('',(-0.1,-10.41,1.25));
#5966=LINE('',#5960,#2073);
#5967=ORIENTED_EDGE('',*,*,#5968,.T.);
#5968=EDGE_CURVE('',#5964,#5969,#5971,.T.);
#5969=VERTEX_POINT('',#5970);
#5970=CARTESIAN_POINT('',(-0.1,-9.91,1.25));
#5971=LINE('',#5965,#33);
#5972=ORIENTED_EDGE('',*,*,#5973,.T.);
#5973=EDGE_CURVE('',#5969,#5974,#5976,.T.);
#5974=VERTEX_POINT('',#5975);
#5975=CARTESIAN_POINT('',(-0.1,-9.91,7.35));
#5976=LINE('',#5970,#27);
#5977=ORIENTED_EDGE('',*,*,#5978,.T.);
#5978=EDGE_CURVE('',#5974,#3995,#5979,.T.);
#5979=LINE('',#5975,#5169);
#5980=ORIENTED_EDGE('',*,*,#5951,.T.);
#5981=ADVANCED_FACE('',(#5982),#5993,.T.);
#5982=FACE_BOUND('',#5983,.T.);
#5983=EDGE_LOOP('',(#5984,#5989,#3993,#5992));
#5984=ORIENTED_EDGE('',*,*,#5985,.T.);
#5985=EDGE_CURVE('',#5974,#5986,#5988,.T.);
#5986=VERTEX_POINT('',#5987);
#5987=CARTESIAN_POINT('',(1.E-01,-9.91,7.35));
#5988=LINE('',#5975,#56);
#5989=ORIENTED_EDGE('',*,*,#5990,.T.);
#5990=EDGE_CURVE('',#5986,#3989,#5991,.T.);
#5991=LINE('',#5987,#5169);
#5992=ORIENTED_EDGE('',*,*,#5978,.F.);
#5993=PLANE('',#5994);
#5994=AXIS2_PLACEMENT_3D('',#5975,#1131,#1165);
#5995=ADVANCED_FACE('',(#5996),#2748,.F.);
#5996=FACE_BOUND('',#5997,.F.);
#5997=EDGE_LOOP('',(#5998,#5999,#6004,#6009,#6014,#5989,#6017,#5940));
#5998=ORIENTED_EDGE('',*,*,#4048,.F.);
#5999=ORIENTED_EDGE('',*,*,#6000,.T.);
#6000=EDGE_CURVE('',#4044,#6001,#6003,.T.);
#6001=VERTEX_POINT('',#6002);
#6002=CARTESIAN_POINT('',(1.E-01,-10.41,7.35));
#6003=LINE('',#4045,#5149);
#6004=ORIENTED_EDGE('',*,*,#6005,.T.);
#6005=EDGE_CURVE('',#6001,#6006,#6008,.T.);
#6006=VERTEX_POINT('',#6007);
#6007=CARTESIAN_POINT('',(1.E-01,-10.41,1.25));
#6008=LINE('',#6002,#2073);
#6009=ORIENTED_EDGE('',*,*,#6010,.T.);
#6010=EDGE_CURVE('',#6006,#6011,#6013,.T.);
#6011=VERTEX_POINT('',#6012);
#6012=CARTESIAN_POINT('',(1.E-01,-9.91,1.25));
#6013=LINE('',#6007,#33);
#6014=ORIENTED_EDGE('',*,*,#6015,.T.);
#6015=EDGE_CURVE('',#6011,#5986,#6016,.T.);
#6016=LINE('',#6012,#27);
#6017=ORIENTED_EDGE('',*,*,#3988,.F.);
#6018=ADVANCED_FACE('',(#6019),#6025,.T.);
#6019=FACE_BOUND('',#6020,.T.);
#6020=EDGE_LOOP('',(#4042,#5999,#6021,#6024));
#6021=ORIENTED_EDGE('',*,*,#6022,.F.);
#6022=EDGE_CURVE('',#5959,#6001,#6023,.T.);
#6023=LINE('',#5960,#56);
#6024=ORIENTED_EDGE('',*,*,#5958,.F.);
#6025=PLANE('',#6026);
#6026=AXIS2_PLACEMENT_3D('',#4039,#1165,#5150);
#6027=ADVANCED_FACE('',(#6028),#6034,.T.);
#6028=FACE_BOUND('',#6029,.T.);
#6029=EDGE_LOOP('',(#4151,#4066,#4080,#6030));
#6030=ORIENTED_EDGE('',*,*,#6031,.T.);
#6031=EDGE_CURVE('',#4082,#4147,#6032,.T.);
#6032=LINE('',#6033,#143);
#6033=CARTESIAN_POINT('',(1.E-01,-7.62,0.9));
#6034=PLANE('',#6035);
#6035=AXIS2_PLACEMENT_3D('',#6036,#13,#34);
#6036=CARTESIAN_POINT('',(-9.396650124671E-16,-7.62,0.9));
#6037=ADVANCED_FACE('',(#6038),#6034,.T.);
#6038=FACE_BOUND('',#6039,.T.);
#6039=EDGE_LOOP('',(#4129,#6040,#4102,#4115));
#6040=ORIENTED_EDGE('',*,*,#6041,.F.);
#6041=EDGE_CURVE('',#4098,#4131,#6042,.T.);
#6042=LINE('',#6043,#143);
#6043=CARTESIAN_POINT('',(-0.1,-7.62,0.9));
#6044=ADVANCED_FACE('',(#6045),#2856,.T.);
#6045=FACE_BOUND('',#6046,.T.);
#6046=EDGE_LOOP('',(#4134,#6047,#6052,#6057,#6062,#6067,#4096,#6070));
#6047=ORIENTED_EDGE('',*,*,#6048,.T.);
#6048=EDGE_CURVE('',#4136,#6049,#6051,.T.);
#6049=VERTEX_POINT('',#6050);
#6050=CARTESIAN_POINT('',(-0.1,-7.87,7.35));
#6051=LINE('',#4137,#5149);
#6052=ORIENTED_EDGE('',*,*,#6053,.T.);
#6053=EDGE_CURVE('',#6049,#6054,#6056,.T.);
#6054=VERTEX_POINT('',#6055);
#6055=CARTESIAN_POINT('',(-0.1,-7.87,1.25));
#6056=LINE('',#6050,#2073);
#6057=ORIENTED_EDGE('',*,*,#6058,.T.);
#6058=EDGE_CURVE('',#6054,#6059,#6061,.T.);
#6059=VERTEX_POINT('',#6060);
#6060=CARTESIAN_POINT('',(-0.1,-7.37,1.25));
#6061=LINE('',#6055,#33);
#6062=ORIENTED_EDGE('',*,*,#6063,.T.);
#6063=EDGE_CURVE('',#6059,#6064,#6066,.T.);
#6064=VERTEX_POINT('',#6065);
#6065=CARTESIAN_POINT('',(-0.1,-7.37,7.35));
#6066=LINE('',#6060,#27);
#6067=ORIENTED_EDGE('',*,*,#6068,.T.);
#6068=EDGE_CURVE('',#6064,#4093,#6069,.T.);
#6069=LINE('',#6065,#5169);
#6070=ORIENTED_EDGE('',*,*,#6041,.T.);
#6071=ADVANCED_FACE('',(#6072),#6083,.T.);
#6072=FACE_BOUND('',#6073,.T.);
#6073=EDGE_LOOP('',(#6074,#6079,#4091,#6082));
#6074=ORIENTED_EDGE('',*,*,#6075,.T.);
#6075=EDGE_CURVE('',#6064,#6076,#6078,.T.);
#6076=VERTEX_POINT('',#6077);
#6077=CARTESIAN_POINT('',(1.E-01,-7.37,7.35));
#6078=LINE('',#6065,#56);
#6079=ORIENTED_EDGE('',*,*,#6080,.T.);
#6080=EDGE_CURVE('',#6076,#4087,#6081,.T.);
#6081=LINE('',#6077,#5169);
#6082=ORIENTED_EDGE('',*,*,#6068,.F.);
#6083=PLANE('',#6084);
#6084=AXIS2_PLACEMENT_3D('',#6065,#1131,#1165);
#6085=ADVANCED_FACE('',(#6086),#2821,.F.);
#6086=FACE_BOUND('',#6087,.F.);
#6087=EDGE_LOOP('',(#6088,#6089,#6094,#6099,#6104,#6079,#6107,#6030));
#6088=ORIENTED_EDGE('',*,*,#4146,.F.);
#6089=ORIENTED_EDGE('',*,*,#6090,.T.);
#6090=EDGE_CURVE('',#4142,#6091,#6093,.T.);
#6091=VERTEX_POINT('',#6092);
#6092=CARTESIAN_POINT('',(1.E-01,-7.87,7.35));
#6093=LINE('',#4143,#5149);
#6094=ORIENTED_EDGE('',*,*,#6095,.T.);
#6095=EDGE_CURVE('',#6091,#6096,#6098,.T.);
#6096=VERTEX_POINT('',#6097);
#6097=CARTESIAN_POINT('',(1.E-01,-7.87,1.25));
#6098=LINE('',#6092,#2073);
#6099=ORIENTED_EDGE('',*,*,#6100,.T.);
#6100=EDGE_CURVE('',#6096,#6101,#6103,.T.);
#6101=VERTEX_POINT('',#6102);
#6102=CARTESIAN_POINT('',(1.E-01,-7.37,1.25));
#6103=LINE('',#6097,#33);
#6104=ORIENTED_EDGE('',*,*,#6105,.T.);
#6105=EDGE_CURVE('',#6101,#6076,#6106,.T.);
#6106=LINE('',#6102,#27);
#6107=ORIENTED_EDGE('',*,*,#4086,.F.);
#6108=ADVANCED_FACE('',(#6109),#6115,.T.);
#6109=FACE_BOUND('',#6110,.T.);
#6110=EDGE_LOOP('',(#4140,#6089,#6111,#6114));
#6111=ORIENTED_EDGE('',*,*,#6112,.F.);
#6112=EDGE_CURVE('',#6049,#6091,#6113,.T.);
#6113=LINE('',#6050,#56);
#6114=ORIENTED_EDGE('',*,*,#6048,.F.);
#6115=PLANE('',#6116);
#6116=AXIS2_PLACEMENT_3D('',#4137,#1165,#5150);
#6117=ADVANCED_FACE('',(#6118),#6124,.T.);
#6118=FACE_BOUND('',#6119,.T.);
#6119=EDGE_LOOP('',(#4249,#4164,#4178,#6120));
#6120=ORIENTED_EDGE('',*,*,#6121,.T.);
#6121=EDGE_CURVE('',#4180,#4245,#6122,.T.);
#6122=LINE('',#6123,#143);
#6123=CARTESIAN_POINT('',(1.E-01,-5.08,0.9));
#6124=PLANE('',#6125);
#6125=AXIS2_PLACEMENT_3D('',#6126,#13,#34);
#6126=CARTESIAN_POINT('',(-6.576683642123E-16,-5.08,0.9));
#6127=ADVANCED_FACE('',(#6128),#6124,.T.);
#6128=FACE_BOUND('',#6129,.T.);
#6129=EDGE_LOOP('',(#4227,#6130,#4200,#4213));
#6130=ORIENTED_EDGE('',*,*,#6131,.F.);
#6131=EDGE_CURVE('',#4196,#4229,#6132,.T.);
#6132=LINE('',#6133,#143);
#6133=CARTESIAN_POINT('',(-0.1,-5.08,0.9));
#6134=ADVANCED_FACE('',(#6135),#2929,.T.);
#6135=FACE_BOUND('',#6136,.T.);
#6136=EDGE_LOOP('',(#4232,#6137,#6142,#6147,#6152,#6157,#4194,#6160));
#6137=ORIENTED_EDGE('',*,*,#6138,.T.);
#6138=EDGE_CURVE('',#4234,#6139,#6141,.T.);
#6139=VERTEX_POINT('',#6140);
#6140=CARTESIAN_POINT('',(-0.1,-5.33,7.35));
#6141=LINE('',#4235,#5149);
#6142=ORIENTED_EDGE('',*,*,#6143,.T.);
#6143=EDGE_CURVE('',#6139,#6144,#6146,.T.);
#6144=VERTEX_POINT('',#6145);
#6145=CARTESIAN_POINT('',(-0.1,-5.33,1.25));
#6146=LINE('',#6140,#2073);
#6147=ORIENTED_EDGE('',*,*,#6148,.T.);
#6148=EDGE_CURVE('',#6144,#6149,#6151,.T.);
#6149=VERTEX_POINT('',#6150);
#6150=CARTESIAN_POINT('',(-0.1,-4.83,1.25));
#6151=LINE('',#6145,#33);
#6152=ORIENTED_EDGE('',*,*,#6153,.T.);
#6153=EDGE_CURVE('',#6149,#6154,#6156,.T.);
#6154=VERTEX_POINT('',#6155);
#6155=CARTESIAN_POINT('',(-0.1,-4.83,7.35));
#6156=LINE('',#6150,#27);
#6157=ORIENTED_EDGE('',*,*,#6158,.T.);
#6158=EDGE_CURVE('',#6154,#4191,#6159,.T.);
#6159=LINE('',#6155,#5169);
#6160=ORIENTED_EDGE('',*,*,#6131,.T.);
#6161=ADVANCED_FACE('',(#6162),#6173,.T.);
#6162=FACE_BOUND('',#6163,.T.);
#6163=EDGE_LOOP('',(#6164,#6169,#4189,#6172));
#6164=ORIENTED_EDGE('',*,*,#6165,.T.);
#6165=EDGE_CURVE('',#6154,#6166,#6168,.T.);
#6166=VERTEX_POINT('',#6167);
#6167=CARTESIAN_POINT('',(1.E-01,-4.83,7.35));
#6168=LINE('',#6155,#56);
#6169=ORIENTED_EDGE('',*,*,#6170,.T.);
#6170=EDGE_CURVE('',#6166,#4185,#6171,.T.);
#6171=LINE('',#6167,#5169);
#6172=ORIENTED_EDGE('',*,*,#6158,.F.);
#6173=PLANE('',#6174);
#6174=AXIS2_PLACEMENT_3D('',#6155,#1131,#1165);
#6175=ADVANCED_FACE('',(#6176),#2894,.F.);
#6176=FACE_BOUND('',#6177,.F.);
#6177=EDGE_LOOP('',(#6178,#6179,#6184,#6189,#6194,#6169,#6197,#6120));
#6178=ORIENTED_EDGE('',*,*,#4244,.F.);
#6179=ORIENTED_EDGE('',*,*,#6180,.T.);
#6180=EDGE_CURVE('',#4240,#6181,#6183,.T.);
#6181=VERTEX_POINT('',#6182);
#6182=CARTESIAN_POINT('',(1.E-01,-5.33,7.35));
#6183=LINE('',#4241,#5149);
#6184=ORIENTED_EDGE('',*,*,#6185,.T.);
#6185=EDGE_CURVE('',#6181,#6186,#6188,.T.);
#6186=VERTEX_POINT('',#6187);
#6187=CARTESIAN_POINT('',(1.E-01,-5.33,1.25));
#6188=LINE('',#6182,#2073);
#6189=ORIENTED_EDGE('',*,*,#6190,.T.);
#6190=EDGE_CURVE('',#6186,#6191,#6193,.T.);
#6191=VERTEX_POINT('',#6192);
#6192=CARTESIAN_POINT('',(1.E-01,-4.83,1.25));
#6193=LINE('',#6187,#33);
#6194=ORIENTED_EDGE('',*,*,#6195,.T.);
#6195=EDGE_CURVE('',#6191,#6166,#6196,.T.);
#6196=LINE('',#6192,#27);
#6197=ORIENTED_EDGE('',*,*,#4184,.F.);
#6198=ADVANCED_FACE('',(#6199),#6205,.T.);
#6199=FACE_BOUND('',#6200,.T.);
#6200=EDGE_LOOP('',(#4238,#6179,#6201,#6204));
#6201=ORIENTED_EDGE('',*,*,#6202,.F.);
#6202=EDGE_CURVE('',#6139,#6181,#6203,.T.);
#6203=LINE('',#6140,#56);
#6204=ORIENTED_EDGE('',*,*,#6138,.F.);
#6205=PLANE('',#6206);
#6206=AXIS2_PLACEMENT_3D('',#4235,#1165,#5150);
#6207=ADVANCED_FACE('',(#6208),#6214,.T.);
#6208=FACE_BOUND('',#6209,.T.);
#6209=EDGE_LOOP('',(#4347,#4262,#4276,#6210));
#6210=ORIENTED_EDGE('',*,*,#6211,.T.);
#6211=EDGE_CURVE('',#4278,#4343,#6212,.T.);
#6212=LINE('',#6213,#143);
#6213=CARTESIAN_POINT('',(1.E-01,-2.54,0.9));
#6214=PLANE('',#6215);
#6215=AXIS2_PLACEMENT_3D('',#6216,#13,#34);
#6216=CARTESIAN_POINT('',(-3.756717159575E-16,-2.54,0.9));
#6217=ADVANCED_FACE('',(#6218),#6214,.T.);
#6218=FACE_BOUND('',#6219,.T.);
#6219=EDGE_LOOP('',(#4325,#6220,#4298,#4311));
#6220=ORIENTED_EDGE('',*,*,#6221,.F.);
#6221=EDGE_CURVE('',#4294,#4327,#6222,.T.);
#6222=LINE('',#6223,#143);
#6223=CARTESIAN_POINT('',(-0.1,-2.54,0.9));
#6224=ADVANCED_FACE('',(#6225),#3002,.T.);
#6225=FACE_BOUND('',#6226,.T.);
#6226=EDGE_LOOP('',(#4330,#6227,#6232,#6237,#6242,#6247,#4292,#6250));
#6227=ORIENTED_EDGE('',*,*,#6228,.T.);
#6228=EDGE_CURVE('',#4332,#6229,#6231,.T.);
#6229=VERTEX_POINT('',#6230);
#6230=CARTESIAN_POINT('',(-0.1,-2.79,7.35));
#6231=LINE('',#4333,#5149);
#6232=ORIENTED_EDGE('',*,*,#6233,.T.);
#6233=EDGE_CURVE('',#6229,#6234,#6236,.T.);
#6234=VERTEX_POINT('',#6235);
#6235=CARTESIAN_POINT('',(-0.1,-2.79,1.25));
#6236=LINE('',#6230,#2073);
#6237=ORIENTED_EDGE('',*,*,#6238,.T.);
#6238=EDGE_CURVE('',#6234,#6239,#6241,.T.);
#6239=VERTEX_POINT('',#6240);
#6240=CARTESIAN_POINT('',(-0.1,-2.29,1.25));
#6241=LINE('',#6235,#33);
#6242=ORIENTED_EDGE('',*,*,#6243,.T.);
#6243=EDGE_CURVE('',#6239,#6244,#6246,.T.);
#6244=VERTEX_POINT('',#6245);
#6245=CARTESIAN_POINT('',(-0.1,-2.29,7.35));
#6246=LINE('',#6240,#27);
#6247=ORIENTED_EDGE('',*,*,#6248,.T.);
#6248=EDGE_CURVE('',#6244,#4289,#6249,.T.);
#6249=LINE('',#6245,#5169);
#6250=ORIENTED_EDGE('',*,*,#6221,.T.);
#6251=ADVANCED_FACE('',(#6252),#6263,.T.);
#6252=FACE_BOUND('',#6253,.T.);
#6253=EDGE_LOOP('',(#6254,#6259,#4287,#6262));
#6254=ORIENTED_EDGE('',*,*,#6255,.T.);
#6255=EDGE_CURVE('',#6244,#6256,#6258,.T.);
#6256=VERTEX_POINT('',#6257);
#6257=CARTESIAN_POINT('',(1.E-01,-2.29,7.35));
#6258=LINE('',#6245,#56);
#6259=ORIENTED_EDGE('',*,*,#6260,.T.);
#6260=EDGE_CURVE('',#6256,#4283,#6261,.T.);
#6261=LINE('',#6257,#5169);
#6262=ORIENTED_EDGE('',*,*,#6248,.F.);
#6263=PLANE('',#6264);
#6264=AXIS2_PLACEMENT_3D('',#6245,#1131,#1165);
#6265=ADVANCED_FACE('',(#6266),#2967,.F.);
#6266=FACE_BOUND('',#6267,.F.);
#6267=EDGE_LOOP('',(#6268,#6269,#6274,#6279,#6284,#6259,#6287,#6210));
#6268=ORIENTED_EDGE('',*,*,#4342,.F.);
#6269=ORIENTED_EDGE('',*,*,#6270,.T.);
#6270=EDGE_CURVE('',#4338,#6271,#6273,.T.);
#6271=VERTEX_POINT('',#6272);
#6272=CARTESIAN_POINT('',(1.E-01,-2.79,7.35));
#6273=LINE('',#4339,#5149);
#6274=ORIENTED_EDGE('',*,*,#6275,.T.);
#6275=EDGE_CURVE('',#6271,#6276,#6278,.T.);
#6276=VERTEX_POINT('',#6277);
#6277=CARTESIAN_POINT('',(1.E-01,-2.79,1.25));
#6278=LINE('',#6272,#2073);
#6279=ORIENTED_EDGE('',*,*,#6280,.T.);
#6280=EDGE_CURVE('',#6276,#6281,#6283,.T.);
#6281=VERTEX_POINT('',#6282);
#6282=CARTESIAN_POINT('',(1.E-01,-2.29,1.25));
#6283=LINE('',#6277,#33);
#6284=ORIENTED_EDGE('',*,*,#6285,.T.);
#6285=EDGE_CURVE('',#6281,#6256,#6286,.T.);
#6286=LINE('',#6282,#27);
#6287=ORIENTED_EDGE('',*,*,#4282,.F.);
#6288=ADVANCED_FACE('',(#6289),#6295,.T.);
#6289=FACE_BOUND('',#6290,.T.);
#6290=EDGE_LOOP('',(#4336,#6269,#6291,#6294));
#6291=ORIENTED_EDGE('',*,*,#6292,.F.);
#6292=EDGE_CURVE('',#6229,#6271,#6293,.T.);
#6293=LINE('',#6230,#56);
#6294=ORIENTED_EDGE('',*,*,#6228,.F.);
#6295=PLANE('',#6296);
#6296=AXIS2_PLACEMENT_3D('',#4333,#1165,#5150);
#6297=ADVANCED_FACE('',(#6298),#6304,.T.);
#6298=FACE_BOUND('',#6299,.T.);
#6299=EDGE_LOOP('',(#4445,#4360,#4374,#6300));
#6300=ORIENTED_EDGE('',*,*,#6301,.T.);
#6301=EDGE_CURVE('',#4376,#4441,#6302,.T.);
#6302=LINE('',#6303,#143);
#6303=CARTESIAN_POINT('',(0.1,-1.110223024625E-17,0.9));
#6304=PLANE('',#6305);
#6305=AXIS2_PLACEMENT_3D('',#6306,#13,#34);
#6306=CARTESIAN_POINT('',(-9.367506770275E-17,1.040002169969E-32,0.9));
#6307=ADVANCED_FACE('',(#6308),#6304,.T.);
#6308=FACE_BOUND('',#6309,.T.);
#6309=EDGE_LOOP('',(#4423,#6310,#4396,#4409));
#6310=ORIENTED_EDGE('',*,*,#6311,.F.);
#6311=EDGE_CURVE('',#4392,#4425,#6312,.T.);
#6312=LINE('',#6313,#143);
#6313=CARTESIAN_POINT('',(-1.E-01,1.110223024625E-17,0.9));
#6314=ADVANCED_FACE('',(#6315),#3075,.T.);
#6315=FACE_BOUND('',#6316,.T.);
#6316=EDGE_LOOP('',(#4428,#6317,#6322,#6327,#6332,#6337,#4390,#6340));
#6317=ORIENTED_EDGE('',*,*,#6318,.T.);
#6318=EDGE_CURVE('',#4430,#6319,#6321,.T.);
#6319=VERTEX_POINT('',#6320);
#6320=CARTESIAN_POINT('',(-0.1,-0.25,7.35));
#6321=LINE('',#4431,#5149);
#6322=ORIENTED_EDGE('',*,*,#6323,.T.);
#6323=EDGE_CURVE('',#6319,#6324,#6326,.T.);
#6324=VERTEX_POINT('',#6325);
#6325=CARTESIAN_POINT('',(-0.1,-0.25,1.25));
#6326=LINE('',#6320,#2073);
#6327=ORIENTED_EDGE('',*,*,#6328,.T.);
#6328=EDGE_CURVE('',#6324,#6329,#6331,.T.);
#6329=VERTEX_POINT('',#6330);
#6330=CARTESIAN_POINT('',(-1.E-01,0.25,1.25));
#6331=LINE('',#6325,#33);
#6332=ORIENTED_EDGE('',*,*,#6333,.T.);
#6333=EDGE_CURVE('',#6329,#6334,#6336,.T.);
#6334=VERTEX_POINT('',#6335);
#6335=CARTESIAN_POINT('',(-1.E-01,0.25,7.35));
#6336=LINE('',#6330,#27);
#6337=ORIENTED_EDGE('',*,*,#6338,.T.);
#6338=EDGE_CURVE('',#6334,#4387,#6339,.T.);
#6339=LINE('',#6335,#5169);
#6340=ORIENTED_EDGE('',*,*,#6311,.T.);
#6341=ADVANCED_FACE('',(#6342),#6353,.T.);
#6342=FACE_BOUND('',#6343,.T.);
#6343=EDGE_LOOP('',(#6344,#6349,#4385,#6352));
#6344=ORIENTED_EDGE('',*,*,#6345,.T.);
#6345=EDGE_CURVE('',#6334,#6346,#6348,.T.);
#6346=VERTEX_POINT('',#6347);
#6347=CARTESIAN_POINT('',(0.1,0.25,7.35));
#6348=LINE('',#6335,#56);
#6349=ORIENTED_EDGE('',*,*,#6350,.T.);
#6350=EDGE_CURVE('',#6346,#4381,#6351,.T.);
#6351=LINE('',#6347,#5169);
#6352=ORIENTED_EDGE('',*,*,#6338,.F.);
#6353=PLANE('',#6354);
#6354=AXIS2_PLACEMENT_3D('',#6335,#1131,#1165);
#6355=ADVANCED_FACE('',(#6356),#3040,.F.);
#6356=FACE_BOUND('',#6357,.F.);
#6357=EDGE_LOOP('',(#6358,#6359,#6364,#6369,#6374,#6349,#6377,#6300));
#6358=ORIENTED_EDGE('',*,*,#4440,.F.);
#6359=ORIENTED_EDGE('',*,*,#6360,.T.);
#6360=EDGE_CURVE('',#4436,#6361,#6363,.T.);
#6361=VERTEX_POINT('',#6362);
#6362=CARTESIAN_POINT('',(0.1,-0.25,7.35));
#6363=LINE('',#4437,#5149);
#6364=ORIENTED_EDGE('',*,*,#6365,.T.);
#6365=EDGE_CURVE('',#6361,#6366,#6368,.T.);
#6366=VERTEX_POINT('',#6367);
#6367=CARTESIAN_POINT('',(0.1,-0.25,1.25));
#6368=LINE('',#6362,#2073);
#6369=ORIENTED_EDGE('',*,*,#6370,.T.);
#6370=EDGE_CURVE('',#6366,#6371,#6373,.T.);
#6371=VERTEX_POINT('',#6372);
#6372=CARTESIAN_POINT('',(0.1,0.25,1.25));
#6373=LINE('',#6367,#33);
#6374=ORIENTED_EDGE('',*,*,#6375,.T.);
#6375=EDGE_CURVE('',#6371,#6346,#6376,.T.);
#6376=LINE('',#6372,#27);
#6377=ORIENTED_EDGE('',*,*,#4380,.F.);
#6378=ADVANCED_FACE('',(#6379),#6385,.T.);
#6379=FACE_BOUND('',#6380,.T.);
#6380=EDGE_LOOP('',(#4434,#6359,#6381,#6384));
#6381=ORIENTED_EDGE('',*,*,#6382,.F.);
#6382=EDGE_CURVE('',#6319,#6361,#6383,.T.);
#6383=LINE('',#6320,#56);
#6384=ORIENTED_EDGE('',*,*,#6318,.F.);
#6385=PLANE('',#6386);
#6386=AXIS2_PLACEMENT_3D('',#4431,#1165,#5150);
#6387=ADVANCED_FACE('',(#6388),#6395,.T.);
#6388=FACE_BOUND('',#6389,.T.);
#6389=EDGE_LOOP('',(#6390,#5204,#6393,#6394));
#6390=ORIENTED_EDGE('',*,*,#6391,.T.);
#6391=EDGE_CURVE('',#5158,#5201,#6392,.T.);
#6392=LINE('',#5159,#56);
#6393=ORIENTED_EDGE('',*,*,#5175,.F.);
#6394=ORIENTED_EDGE('',*,*,#5162,.F.);
#6395=PLANE('',#6396);
#6396=AXIS2_PLACEMENT_3D('',#5159,#124,#13);
#6397=ADVANCED_FACE('',(#6398),#6405,.T.);
#6398=FACE_BOUND('',#6399,.T.);
#6399=EDGE_LOOP('',(#6400,#5199,#6403,#6404));
#6400=ORIENTED_EDGE('',*,*,#6401,.T.);
#6401=EDGE_CURVE('',#5153,#5196,#6402,.T.);
#6402=LINE('',#5154,#56);
#6403=ORIENTED_EDGE('',*,*,#6391,.F.);
#6404=ORIENTED_EDGE('',*,*,#5157,.F.);
#6405=PLANE('',#6406);
#6406=AXIS2_PLACEMENT_3D('',#5154,#13,#34);
#6407=ADVANCED_FACE('',(#6408),#6413,.T.);
#6408=FACE_BOUND('',#6409,.T.);
#6409=EDGE_LOOP('',(#6410,#5194,#6411,#6412));
#6410=ORIENTED_EDGE('',*,*,#5212,.T.);
#6411=ORIENTED_EDGE('',*,*,#6401,.F.);
#6412=ORIENTED_EDGE('',*,*,#5152,.F.);
#6413=PLANE('',#6414);
#6414=AXIS2_PLACEMENT_3D('',#5147,#34,#2058);
#6415=ADVANCED_FACE('',(#6416),#6423,.T.);
#6416=FACE_BOUND('',#6417,.T.);
#6417=EDGE_LOOP('',(#6418,#5294,#6421,#6422));
#6418=ORIENTED_EDGE('',*,*,#6419,.T.);
#6419=EDGE_CURVE('',#5249,#5291,#6420,.T.);
#6420=LINE('',#5250,#56);
#6421=ORIENTED_EDGE('',*,*,#5265,.F.);
#6422=ORIENTED_EDGE('',*,*,#5253,.F.);
#6423=PLANE('',#6424);
#6424=AXIS2_PLACEMENT_3D('',#5250,#124,#13);
#6425=ADVANCED_FACE('',(#6426),#6433,.T.);
#6426=FACE_BOUND('',#6427,.T.);
#6427=EDGE_LOOP('',(#6428,#5289,#6431,#6432));
#6428=ORIENTED_EDGE('',*,*,#6429,.T.);
#6429=EDGE_CURVE('',#5244,#5286,#6430,.T.);
#6430=LINE('',#5245,#56);
#6431=ORIENTED_EDGE('',*,*,#6419,.F.);
#6432=ORIENTED_EDGE('',*,*,#5248,.F.);
#6433=PLANE('',#6434);
#6434=AXIS2_PLACEMENT_3D('',#5245,#13,#34);
#6435=ADVANCED_FACE('',(#6436),#6441,.T.);
#6436=FACE_BOUND('',#6437,.T.);
#6437=EDGE_LOOP('',(#6438,#5284,#6439,#6440));
#6438=ORIENTED_EDGE('',*,*,#5302,.T.);
#6439=ORIENTED_EDGE('',*,*,#6429,.F.);
#6440=ORIENTED_EDGE('',*,*,#5243,.F.);
#6441=PLANE('',#6442);
#6442=AXIS2_PLACEMENT_3D('',#5240,#34,#2058);
#6443=ADVANCED_FACE('',(#6444),#6451,.T.);
#6444=FACE_BOUND('',#6445,.T.);
#6445=EDGE_LOOP('',(#6446,#5384,#6449,#6450));
#6446=ORIENTED_EDGE('',*,*,#6447,.T.);
#6447=EDGE_CURVE('',#5339,#5381,#6448,.T.);
#6448=LINE('',#5340,#56);
#6449=ORIENTED_EDGE('',*,*,#5355,.F.);
#6450=ORIENTED_EDGE('',*,*,#5343,.F.);
#6451=PLANE('',#6452);
#6452=AXIS2_PLACEMENT_3D('',#5340,#124,#13);
#6453=ADVANCED_FACE('',(#6454),#6461,.T.);
#6454=FACE_BOUND('',#6455,.T.);
#6455=EDGE_LOOP('',(#6456,#5379,#6459,#6460));
#6456=ORIENTED_EDGE('',*,*,#6457,.T.);
#6457=EDGE_CURVE('',#5334,#5376,#6458,.T.);
#6458=LINE('',#5335,#56);
#6459=ORIENTED_EDGE('',*,*,#6447,.F.);
#6460=ORIENTED_EDGE('',*,*,#5338,.F.);
#6461=PLANE('',#6462);
#6462=AXIS2_PLACEMENT_3D('',#5335,#13,#34);
#6463=ADVANCED_FACE('',(#6464),#6469,.T.);
#6464=FACE_BOUND('',#6465,.T.);
#6465=EDGE_LOOP('',(#6466,#5374,#6467,#6468));
#6466=ORIENTED_EDGE('',*,*,#5392,.T.);
#6467=ORIENTED_EDGE('',*,*,#6457,.F.);
#6468=ORIENTED_EDGE('',*,*,#5333,.F.);
#6469=PLANE('',#6470);
#6470=AXIS2_PLACEMENT_3D('',#5330,#34,#2058);
#6471=ADVANCED_FACE('',(#6472),#6479,.T.);
#6472=FACE_BOUND('',#6473,.T.);
#6473=EDGE_LOOP('',(#6474,#5474,#6477,#6478));
#6474=ORIENTED_EDGE('',*,*,#6475,.T.);
#6475=EDGE_CURVE('',#5429,#5471,#6476,.T.);
#6476=LINE('',#5430,#56);
#6477=ORIENTED_EDGE('',*,*,#5445,.F.);
#6478=ORIENTED_EDGE('',*,*,#5433,.F.);
#6479=PLANE('',#6480);
#6480=AXIS2_PLACEMENT_3D('',#5430,#124,#13);
#6481=ADVANCED_FACE('',(#6482),#6489,.T.);
#6482=FACE_BOUND('',#6483,.T.);
#6483=EDGE_LOOP('',(#6484,#5469,#6487,#6488));
#6484=ORIENTED_EDGE('',*,*,#6485,.T.);
#6485=EDGE_CURVE('',#5424,#5466,#6486,.T.);
#6486=LINE('',#5425,#56);
#6487=ORIENTED_EDGE('',*,*,#6475,.F.);
#6488=ORIENTED_EDGE('',*,*,#5428,.F.);
#6489=PLANE('',#6490);
#6490=AXIS2_PLACEMENT_3D('',#5425,#13,#34);
#6491=ADVANCED_FACE('',(#6492),#6497,.T.);
#6492=FACE_BOUND('',#6493,.T.);
#6493=EDGE_LOOP('',(#6494,#5464,#6495,#6496));
#6494=ORIENTED_EDGE('',*,*,#5482,.T.);
#6495=ORIENTED_EDGE('',*,*,#6485,.F.);
#6496=ORIENTED_EDGE('',*,*,#5423,.F.);
#6497=PLANE('',#6498);
#6498=AXIS2_PLACEMENT_3D('',#5420,#34,#2058);
#6499=ADVANCED_FACE('',(#6500),#6507,.T.);
#6500=FACE_BOUND('',#6501,.T.);
#6501=EDGE_LOOP('',(#6502,#5564,#6505,#6506));
#6502=ORIENTED_EDGE('',*,*,#6503,.T.);
#6503=EDGE_CURVE('',#5519,#5561,#6504,.T.);
#6504=LINE('',#5520,#56);
#6505=ORIENTED_EDGE('',*,*,#5535,.F.);
#6506=ORIENTED_EDGE('',*,*,#5523,.F.);
#6507=PLANE('',#6508);
#6508=AXIS2_PLACEMENT_3D('',#5520,#124,#13);
#6509=ADVANCED_FACE('',(#6510),#6517,.T.);
#6510=FACE_BOUND('',#6511,.T.);
#6511=EDGE_LOOP('',(#6512,#5559,#6515,#6516));
#6512=ORIENTED_EDGE('',*,*,#6513,.T.);
#6513=EDGE_CURVE('',#5514,#5556,#6514,.T.);
#6514=LINE('',#5515,#56);
#6515=ORIENTED_EDGE('',*,*,#6503,.F.);
#6516=ORIENTED_EDGE('',*,*,#5518,.F.);
#6517=PLANE('',#6518);
#6518=AXIS2_PLACEMENT_3D('',#5515,#13,#34);
#6519=ADVANCED_FACE('',(#6520),#6525,.T.);
#6520=FACE_BOUND('',#6521,.T.);
#6521=EDGE_LOOP('',(#6522,#5554,#6523,#6524));
#6522=ORIENTED_EDGE('',*,*,#5572,.T.);
#6523=ORIENTED_EDGE('',*,*,#6513,.F.);
#6524=ORIENTED_EDGE('',*,*,#5513,.F.);
#6525=PLANE('',#6526);
#6526=AXIS2_PLACEMENT_3D('',#5510,#34,#2058);
#6527=ADVANCED_FACE('',(#6528),#6535,.T.);
#6528=FACE_BOUND('',#6529,.T.);
#6529=EDGE_LOOP('',(#6530,#5654,#6533,#6534));
#6530=ORIENTED_EDGE('',*,*,#6531,.T.);
#6531=EDGE_CURVE('',#5609,#5651,#6532,.T.);
#6532=LINE('',#5610,#56);
#6533=ORIENTED_EDGE('',*,*,#5625,.F.);
#6534=ORIENTED_EDGE('',*,*,#5613,.F.);
#6535=PLANE('',#6536);
#6536=AXIS2_PLACEMENT_3D('',#5610,#124,#13);
#6537=ADVANCED_FACE('',(#6538),#6545,.T.);
#6538=FACE_BOUND('',#6539,.T.);
#6539=EDGE_LOOP('',(#6540,#5649,#6543,#6544));
#6540=ORIENTED_EDGE('',*,*,#6541,.T.);
#6541=EDGE_CURVE('',#5604,#5646,#6542,.T.);
#6542=LINE('',#5605,#56);
#6543=ORIENTED_EDGE('',*,*,#6531,.F.);
#6544=ORIENTED_EDGE('',*,*,#5608,.F.);
#6545=PLANE('',#6546);
#6546=AXIS2_PLACEMENT_3D('',#5605,#13,#34);
#6547=ADVANCED_FACE('',(#6548),#6553,.T.);
#6548=FACE_BOUND('',#6549,.T.);
#6549=EDGE_LOOP('',(#6550,#5644,#6551,#6552));
#6550=ORIENTED_EDGE('',*,*,#5662,.T.);
#6551=ORIENTED_EDGE('',*,*,#6541,.F.);
#6552=ORIENTED_EDGE('',*,*,#5603,.F.);
#6553=PLANE('',#6554);
#6554=AXIS2_PLACEMENT_3D('',#5600,#34,#2058);
#6555=ADVANCED_FACE('',(#6556),#6563,.T.);
#6556=FACE_BOUND('',#6557,.T.);
#6557=EDGE_LOOP('',(#6558,#5744,#6561,#6562));
#6558=ORIENTED_EDGE('',*,*,#6559,.T.);
#6559=EDGE_CURVE('',#5699,#5741,#6560,.T.);
#6560=LINE('',#5700,#56);
#6561=ORIENTED_EDGE('',*,*,#5715,.F.);
#6562=ORIENTED_EDGE('',*,*,#5703,.F.);
#6563=PLANE('',#6564);
#6564=AXIS2_PLACEMENT_3D('',#5700,#124,#13);
#6565=ADVANCED_FACE('',(#6566),#6573,.T.);
#6566=FACE_BOUND('',#6567,.T.);
#6567=EDGE_LOOP('',(#6568,#5739,#6571,#6572));
#6568=ORIENTED_EDGE('',*,*,#6569,.T.);
#6569=EDGE_CURVE('',#5694,#5736,#6570,.T.);
#6570=LINE('',#5695,#56);
#6571=ORIENTED_EDGE('',*,*,#6559,.F.);
#6572=ORIENTED_EDGE('',*,*,#5698,.F.);
#6573=PLANE('',#6574);
#6574=AXIS2_PLACEMENT_3D('',#5695,#13,#34);
#6575=ADVANCED_FACE('',(#6576),#6581,.T.);
#6576=FACE_BOUND('',#6577,.T.);
#6577=EDGE_LOOP('',(#6578,#5734,#6579,#6580));
#6578=ORIENTED_EDGE('',*,*,#5752,.T.);
#6579=ORIENTED_EDGE('',*,*,#6569,.F.);
#6580=ORIENTED_EDGE('',*,*,#5693,.F.);
#6581=PLANE('',#6582);
#6582=AXIS2_PLACEMENT_3D('',#5690,#34,#2058);
#6583=ADVANCED_FACE('',(#6584),#6591,.T.);
#6584=FACE_BOUND('',#6585,.T.);
#6585=EDGE_LOOP('',(#6586,#5834,#6589,#6590));
#6586=ORIENTED_EDGE('',*,*,#6587,.T.);
#6587=EDGE_CURVE('',#5789,#5831,#6588,.T.);
#6588=LINE('',#5790,#56);
#6589=ORIENTED_EDGE('',*,*,#5805,.F.);
#6590=ORIENTED_EDGE('',*,*,#5793,.F.);
#6591=PLANE('',#6592);
#6592=AXIS2_PLACEMENT_3D('',#5790,#124,#13);
#6593=ADVANCED_FACE('',(#6594),#6601,.T.);
#6594=FACE_BOUND('',#6595,.T.);
#6595=EDGE_LOOP('',(#6596,#5829,#6599,#6600));
#6596=ORIENTED_EDGE('',*,*,#6597,.T.);
#6597=EDGE_CURVE('',#5784,#5826,#6598,.T.);
#6598=LINE('',#5785,#56);
#6599=ORIENTED_EDGE('',*,*,#6587,.F.);
#6600=ORIENTED_EDGE('',*,*,#5788,.F.);
#6601=PLANE('',#6602);
#6602=AXIS2_PLACEMENT_3D('',#5785,#13,#34);
#6603=ADVANCED_FACE('',(#6604),#6609,.T.);
#6604=FACE_BOUND('',#6605,.T.);
#6605=EDGE_LOOP('',(#6606,#5824,#6607,#6608));
#6606=ORIENTED_EDGE('',*,*,#5842,.T.);
#6607=ORIENTED_EDGE('',*,*,#6597,.F.);
#6608=ORIENTED_EDGE('',*,*,#5783,.F.);
#6609=PLANE('',#6610);
#6610=AXIS2_PLACEMENT_3D('',#5780,#34,#2058);
#6611=ADVANCED_FACE('',(#6612),#6619,.T.);
#6612=FACE_BOUND('',#6613,.T.);
#6613=EDGE_LOOP('',(#6614,#5924,#6617,#6618));
#6614=ORIENTED_EDGE('',*,*,#6615,.T.);
#6615=EDGE_CURVE('',#5879,#5921,#6616,.T.);
#6616=LINE('',#5880,#56);
#6617=ORIENTED_EDGE('',*,*,#5895,.F.);
#6618=ORIENTED_EDGE('',*,*,#5883,.F.);
#6619=PLANE('',#6620);
#6620=AXIS2_PLACEMENT_3D('',#5880,#124,#13);
#6621=ADVANCED_FACE('',(#6622),#6629,.T.);
#6622=FACE_BOUND('',#6623,.T.);
#6623=EDGE_LOOP('',(#6624,#5919,#6627,#6628));
#6624=ORIENTED_EDGE('',*,*,#6625,.T.);
#6625=EDGE_CURVE('',#5874,#5916,#6626,.T.);
#6626=LINE('',#5875,#56);
#6627=ORIENTED_EDGE('',*,*,#6615,.F.);
#6628=ORIENTED_EDGE('',*,*,#5878,.F.);
#6629=PLANE('',#6630);
#6630=AXIS2_PLACEMENT_3D('',#5875,#13,#34);
#6631=ADVANCED_FACE('',(#6632),#6637,.T.);
#6632=FACE_BOUND('',#6633,.T.);
#6633=EDGE_LOOP('',(#6634,#5914,#6635,#6636));
#6634=ORIENTED_EDGE('',*,*,#5932,.T.);
#6635=ORIENTED_EDGE('',*,*,#6625,.F.);
#6636=ORIENTED_EDGE('',*,*,#5873,.F.);
#6637=PLANE('',#6638);
#6638=AXIS2_PLACEMENT_3D('',#5870,#34,#2058);
#6639=ADVANCED_FACE('',(#6640),#6647,.T.);
#6640=FACE_BOUND('',#6641,.T.);
#6641=EDGE_LOOP('',(#6642,#6014,#6645,#6646));
#6642=ORIENTED_EDGE('',*,*,#6643,.T.);
#6643=EDGE_CURVE('',#5969,#6011,#6644,.T.);
#6644=LINE('',#5970,#56);
#6645=ORIENTED_EDGE('',*,*,#5985,.F.);
#6646=ORIENTED_EDGE('',*,*,#5973,.F.);
#6647=PLANE('',#6648);
#6648=AXIS2_PLACEMENT_3D('',#5970,#124,#13);
#6649=ADVANCED_FACE('',(#6650),#6657,.T.);
#6650=FACE_BOUND('',#6651,.T.);
#6651=EDGE_LOOP('',(#6652,#6009,#6655,#6656));
#6652=ORIENTED_EDGE('',*,*,#6653,.T.);
#6653=EDGE_CURVE('',#5964,#6006,#6654,.T.);
#6654=LINE('',#5965,#56);
#6655=ORIENTED_EDGE('',*,*,#6643,.F.);
#6656=ORIENTED_EDGE('',*,*,#5968,.F.);
#6657=PLANE('',#6658);
#6658=AXIS2_PLACEMENT_3D('',#5965,#13,#34);
#6659=ADVANCED_FACE('',(#6660),#6665,.T.);
#6660=FACE_BOUND('',#6661,.T.);
#6661=EDGE_LOOP('',(#6662,#6004,#6663,#6664));
#6662=ORIENTED_EDGE('',*,*,#6022,.T.);
#6663=ORIENTED_EDGE('',*,*,#6653,.F.);
#6664=ORIENTED_EDGE('',*,*,#5963,.F.);
#6665=PLANE('',#6666);
#6666=AXIS2_PLACEMENT_3D('',#5960,#34,#2058);
#6667=ADVANCED_FACE('',(#6668),#6675,.T.);
#6668=FACE_BOUND('',#6669,.T.);
#6669=EDGE_LOOP('',(#6670,#6104,#6673,#6674));
#6670=ORIENTED_EDGE('',*,*,#6671,.T.);
#6671=EDGE_CURVE('',#6059,#6101,#6672,.T.);
#6672=LINE('',#6060,#56);
#6673=ORIENTED_EDGE('',*,*,#6075,.F.);
#6674=ORIENTED_EDGE('',*,*,#6063,.F.);
#6675=PLANE('',#6676);
#6676=AXIS2_PLACEMENT_3D('',#6060,#124,#13);
#6677=ADVANCED_FACE('',(#6678),#6685,.T.);
#6678=FACE_BOUND('',#6679,.T.);
#6679=EDGE_LOOP('',(#6680,#6099,#6683,#6684));
#6680=ORIENTED_EDGE('',*,*,#6681,.T.);
#6681=EDGE_CURVE('',#6054,#6096,#6682,.T.);
#6682=LINE('',#6055,#56);
#6683=ORIENTED_EDGE('',*,*,#6671,.F.);
#6684=ORIENTED_EDGE('',*,*,#6058,.F.);
#6685=PLANE('',#6686);
#6686=AXIS2_PLACEMENT_3D('',#6055,#13,#34);
#6687=ADVANCED_FACE('',(#6688),#6693,.T.);
#6688=FACE_BOUND('',#6689,.T.);
#6689=EDGE_LOOP('',(#6690,#6094,#6691,#6692));
#6690=ORIENTED_EDGE('',*,*,#6112,.T.);
#6691=ORIENTED_EDGE('',*,*,#6681,.F.);
#6692=ORIENTED_EDGE('',*,*,#6053,.F.);
#6693=PLANE('',#6694);
#6694=AXIS2_PLACEMENT_3D('',#6050,#34,#2058);
#6695=ADVANCED_FACE('',(#6696),#6703,.T.);
#6696=FACE_BOUND('',#6697,.T.);
#6697=EDGE_LOOP('',(#6698,#6194,#6701,#6702));
#6698=ORIENTED_EDGE('',*,*,#6699,.T.);
#6699=EDGE_CURVE('',#6149,#6191,#6700,.T.);
#6700=LINE('',#6150,#56);
#6701=ORIENTED_EDGE('',*,*,#6165,.F.);
#6702=ORIENTED_EDGE('',*,*,#6153,.F.);
#6703=PLANE('',#6704);
#6704=AXIS2_PLACEMENT_3D('',#6150,#124,#13);
#6705=ADVANCED_FACE('',(#6706),#6713,.T.);
#6706=FACE_BOUND('',#6707,.T.);
#6707=EDGE_LOOP('',(#6708,#6189,#6711,#6712));
#6708=ORIENTED_EDGE('',*,*,#6709,.T.);
#6709=EDGE_CURVE('',#6144,#6186,#6710,.T.);
#6710=LINE('',#6145,#56);
#6711=ORIENTED_EDGE('',*,*,#6699,.F.);
#6712=ORIENTED_EDGE('',*,*,#6148,.F.);
#6713=PLANE('',#6714);
#6714=AXIS2_PLACEMENT_3D('',#6145,#13,#34);
#6715=ADVANCED_FACE('',(#6716),#6721,.T.);
#6716=FACE_BOUND('',#6717,.T.);
#6717=EDGE_LOOP('',(#6718,#6184,#6719,#6720));
#6718=ORIENTED_EDGE('',*,*,#6202,.T.);
#6719=ORIENTED_EDGE('',*,*,#6709,.F.);
#6720=ORIENTED_EDGE('',*,*,#6143,.F.);
#6721=PLANE('',#6722);
#6722=AXIS2_PLACEMENT_3D('',#6140,#34,#2058);
#6723=ADVANCED_FACE('',(#6724),#6731,.T.);
#6724=FACE_BOUND('',#6725,.T.);
#6725=EDGE_LOOP('',(#6726,#6284,#6729,#6730));
#6726=ORIENTED_EDGE('',*,*,#6727,.T.);
#6727=EDGE_CURVE('',#6239,#6281,#6728,.T.);
#6728=LINE('',#6240,#56);
#6729=ORIENTED_EDGE('',*,*,#6255,.F.);
#6730=ORIENTED_EDGE('',*,*,#6243,.F.);
#6731=PLANE('',#6732);
#6732=AXIS2_PLACEMENT_3D('',#6240,#124,#13);
#6733=ADVANCED_FACE('',(#6734),#6741,.T.);
#6734=FACE_BOUND('',#6735,.T.);
#6735=EDGE_LOOP('',(#6736,#6279,#6739,#6740));
#6736=ORIENTED_EDGE('',*,*,#6737,.T.);
#6737=EDGE_CURVE('',#6234,#6276,#6738,.T.);
#6738=LINE('',#6235,#56);
#6739=ORIENTED_EDGE('',*,*,#6727,.F.);
#6740=ORIENTED_EDGE('',*,*,#6238,.F.);
#6741=PLANE('',#6742);
#6742=AXIS2_PLACEMENT_3D('',#6235,#13,#34);
#6743=ADVANCED_FACE('',(#6744),#6749,.T.);
#6744=FACE_BOUND('',#6745,.T.);
#6745=EDGE_LOOP('',(#6746,#6274,#6747,#6748));
#6746=ORIENTED_EDGE('',*,*,#6292,.T.);
#6747=ORIENTED_EDGE('',*,*,#6737,.F.);
#6748=ORIENTED_EDGE('',*,*,#6233,.F.);
#6749=PLANE('',#6750);
#6750=AXIS2_PLACEMENT_3D('',#6230,#34,#2058);
#6751=ADVANCED_FACE('',(#6752),#6759,.T.);
#6752=FACE_BOUND('',#6753,.T.);
#6753=EDGE_LOOP('',(#6754,#6374,#6757,#6758));
#6754=ORIENTED_EDGE('',*,*,#6755,.T.);
#6755=EDGE_CURVE('',#6329,#6371,#6756,.T.);
#6756=LINE('',#6330,#56);
#6757=ORIENTED_EDGE('',*,*,#6345,.F.);
#6758=ORIENTED_EDGE('',*,*,#6333,.F.);
#6759=PLANE('',#6760);
#6760=AXIS2_PLACEMENT_3D('',#6330,#124,#13);
#6761=ADVANCED_FACE('',(#6762),#6769,.T.);
#6762=FACE_BOUND('',#6763,.T.);
#6763=EDGE_LOOP('',(#6764,#6369,#6767,#6768));
#6764=ORIENTED_EDGE('',*,*,#6765,.T.);
#6765=EDGE_CURVE('',#6324,#6366,#6766,.T.);
#6766=LINE('',#6325,#56);
#6767=ORIENTED_EDGE('',*,*,#6755,.F.);
#6768=ORIENTED_EDGE('',*,*,#6328,.F.);
#6769=PLANE('',#6770);
#6770=AXIS2_PLACEMENT_3D('',#6325,#13,#34);
#6771=ADVANCED_FACE('',(#6772),#6777,.T.);
#6772=FACE_BOUND('',#6773,.T.);
#6773=EDGE_LOOP('',(#6774,#6364,#6775,#6776));
#6774=ORIENTED_EDGE('',*,*,#6382,.T.);
#6775=ORIENTED_EDGE('',*,*,#6765,.F.);
#6776=ORIENTED_EDGE('',*,*,#6323,.F.);
#6777=PLANE('',#6778);
#6778=AXIS2_PLACEMENT_3D('',#6320,#34,#2058);
#6779=( GEOMETRIC_REPRESENTATION_CONTEXT(3) GLOBAL_UNCERTAINTY_ASSIGNED_CONTEXT((#6783)) GLOBAL_UNIT_ASSIGNED_CONTEXT((#6780,#6781,#6782)) REPRESENTATION_CONTEXT('Context #1','3D Context with UNIT and UNCERTAINTY') );
#6780=( LENGTH_UNIT() NAMED_UNIT(*) SI_UNIT(.MILLI.,.METRE.) );
#6781=( NAMED_UNIT(*) PLANE_ANGLE_UNIT() SI_UNIT($,.RADIAN.) );
#6782=( NAMED_UNIT(*) SI_UNIT($,.STERADIAN.) SOLID_ANGLE_UNIT() );
#6783=UNCERTAINTY_MEASURE_WITH_UNIT(LENGTH_MEASURE(1.E-07),#6780,'distance_accuracy_value','confusion accuracy');
#6784=MECHANICAL_DESIGN_GEOMETRIC_PRESENTATION_REPRESENTATION('',(#6785,#6795,#6796,#6797,#6798,#6799,#6800,#6801,#6802,#6811,#6812,#6813,#6814,#6815,#6816,#6817,#6818,#6819,#6820,#6821,#6822,#6823,#6824,#6825,#6826,#6827,#6828,#6829,#6830,#6831,#6832,#6833,#6834,#6835,#6836,#6837,#6838,#6839,#6840,#6841,#6842,#6843,#6844,#6845,#6846,#6847,#6848,#6849,#6850,#6851,#6852,#6853,#6854,#6855,#6856,#6857,#6858,#6859,#6860,#6861,#6862,#6863,#6864,#6865,#6866,#6867,#6868,#6869,#6870,#6871,#6872,#6873,#6874,#6875,#6876,#6877,#6878,#6879,#6880,#6881,#6882,#6883,#6884,#6885,#6886,#6887,#6888,#6889,#6890,#6891,#6892,#6893,#6894,#6895,#6896,#6897,#6898,#6899,#6900,#6901,#6902,#6903,#6904,#6905,#6906,#6907,#6908,#6909,#6910,#6911,#6912,#6913,#6914,#6915,#6916,#6917,#6918,#6919,#6920,#6921,#6922,#6923,#6924,#6925,#6926,#6927,#6928,#6929,#6930,#6931,#6932,#6933,#6934,#6935,#6936,#6937,#6938,#6939,#6940,#6941,#6942,#6943,#6944,#6945,#6946,#6947,#6948,#6949,#6950,#6951,#6952,#6953,#6954,#6955,#6956,#6957,#6958,#6959,#6960,#6961,#6962,#6963,#6964,#6965,#6966,#6967,#6968,#6969,#6970,#6971,#6972,#6973,#6974,#6975,#6976,#6977,#6978,#6979,#6980,#6981,#6982,#6983,#6984,#6985,#6986,#6987,#6988,#6989,#6990,#6991,#6992,#6993,#6994,#6995,#6996,#6997,#6998,#6999,#7000,#7001,#7002,#7003,#7004,#7005,#7006,#7007,#7008,#7009,#7010,#7011,#7012,#7013,#7014,#7015,#7016,#7017,#7018,#7019,#7020,#7021,#7022,#7023,#7024,#7025,#7026,#7027,#7028,#7029,#7030,#7031,#7032,#7033,#7034,#7035,#7036,#7037,#7038,#7039,#7040,#7041,#7042,#7043,#7044,#7045,#7046,#7047,#7048,#7049,#7050,#7051,#7052,#7053,#7054,#7055,#7056,#7057,#7058,#7059,#7060,#7061,#7062,#7063,#7064,#7065,#7066,#7067,#7068,#7069,#7070,#7071,#7072,#7073,#7074,#7075,#7076,#7077,#7078,#7079,#7080,#7081,#7082,#7083,#7084,#7085,#7086,#7087,#7088,#7089,#7090,#7091,#7092,#7093,#7094,#7095,#7096,#7097,#7098,#7099,#7100,#7101,#7102,#7103,#7104,#7105,#7106,#7107,#7108,#7109,#7110,#7111,#7112,#7113,#7114,#7115,#7116,#7117,#7118,#7119,#7120,#7121,#7122,#7123,#7124,#7125,#7126,#7127,#7128,#7129,#7130,#7131,#7132,#7133,#7134,#7135,#7136,#7137,#7138,#7139,#7140,#7141,#7142,#7143,#7144,#7145,#7146,#7147,#7148,#7149,#7150,#7151,#7152,#7153,#7154,#7155,#7156,#7157,#7158,#7159,#7160,#7161,#7162,#7163,#7164,#7165,#7166,#7167,#7168,#7169,#7170,#7171,#7172,#7173,#7174,#7175,#7176,#7177,#7178,#7179,#7180,#7181,#7182,#7183,#7184,#7185,#7186,#7187,#7188,#7189,#7190,#7191,#7192,#7193,#7194,#7195,#7196,#7197,#7198,#7199,#7200,#7201,#7202,#7203,#7204,#7205,#7206,#7207,#7208,#7209,#7210,#7211,#7212,#7213,#7214,#7215,#7216,#7217,#7218,#7219,#7220,#7221,#7222,#7223,#7224,#7225,#7226,#7227,#7228,#7229,#7230,#7231,#7232,#7233,#7234,#7235,#7236,#7237,#7238,#7239,#7240,#7241,#7242,#7243,#7244,#7245,#7246,#7247,#7248,#7249,#7250,#7251,#7252,#7253,#7254,#7255,#7256,#7257,#7258,#7259,#7260,#7261,#7262,#7263,#7264,#7265,#7266,#7267,#7268,#7269,#7270,#7271,#7272,#7273,#7274,#7275,#7276,#7277,#7278,#7279,#7280,#7281,#7282,#7283,#7284,#7285,#7286,#7287),#6779);
#6785=STYLED_ITEM('color',(#6786),#17);
#6786=PRESENTATION_STYLE_ASSIGNMENT((#6787,#6793));
#6787=SURFACE_STYLE_USAGE(.BOTH.,#6788);
#6788=SURFACE_SIDE_STYLE('',(#6789));
#6789=SURFACE_STYLE_FILL_AREA(#6790);
#6790=FILL_AREA_STYLE('',(#6791));
#6791=FILL_AREA_STYLE_COLOUR('',#6792);
#6792=COLOUR_RGB('',0.147999998088,0.145000001626,0.145000001626);
#6793=CURVE_STYLE('',#6794,POSITIVE_LENGTH_MEASURE(0.1),#6792);
#6794=DRAUGHTING_PRE_DEFINED_CURVE_FONT('continuous');
#6795=STYLED_ITEM('color',(#6786),#46);
#6796=STYLED_ITEM('color',(#6786),#85);
#6797=STYLED_ITEM('color',(#6786),#125);
#6798=STYLED_ITEM('color',(#6786),#137);
#6799=STYLED_ITEM('color',(#6786),#455);
#6800=STYLED_ITEM('color',(#6786),#466);
#6801=STYLED_ITEM('color',(#6786),#474);
#6802=OVER_RIDING_STYLED_ITEM('overriding color',(#6803),#517,#6801);
#6803=PRESENTATION_STYLE_ASSIGNMENT((#6804,#6810));
#6804=SURFACE_STYLE_USAGE(.BOTH.,#6805);
#6805=SURFACE_SIDE_STYLE('',(#6806));
#6806=SURFACE_STYLE_FILL_AREA(#6807);
#6807=FILL_AREA_STYLE('',(#6808));
#6808=FILL_AREA_STYLE_COLOUR('',#6809);
#6809=COLOUR_RGB('',0.858999988747,0.738000004258,0.496000005009);
#6810=CURVE_STYLE('',#6794,POSITIVE_LENGTH_MEASURE(0.1),#6809);
#6811=OVER_RIDING_STYLED_ITEM('overriding color',(#6803),#497,#6801);
#6812=OVER_RIDING_STYLED_ITEM('overriding color',(#6803),#559,#6801);
#6813=OVER_RIDING_STYLED_ITEM('overriding color',(#6803),#539,#6801);
#6814=OVER_RIDING_STYLED_ITEM('overriding color',(#6803),#601,#6801);
#6815=OVER_RIDING_STYLED_ITEM('overriding color',(#6803),#581,#6801);
#6816=OVER_RIDING_STYLED_ITEM('overriding color',(#6803),#643,#6801);
#6817=OVER_RIDING_STYLED_ITEM('overriding color',(#6803),#623,#6801);
#6818=OVER_RIDING_STYLED_ITEM('overriding color',(#6803),#685,#6801);
#6819=OVER_RIDING_STYLED_ITEM('overriding color',(#6803),#665,#6801);
#6820=OVER_RIDING_STYLED_ITEM('overriding color',(#6803),#727,#6801);
#6821=OVER_RIDING_STYLED_ITEM('overriding color',(#6803),#707,#6801);
#6822=OVER_RIDING_STYLED_ITEM('overriding color',(#6803),#769,#6801);
#6823=OVER_RIDING_STYLED_ITEM('overriding color',(#6803),#749,#6801);
#6824=OVER_RIDING_STYLED_ITEM('overriding color',(#6803),#811,#6801);
#6825=OVER_RIDING_STYLED_ITEM('overriding color',(#6803),#791,#6801);
#6826=OVER_RIDING_STYLED_ITEM('overriding color',(#6803),#853,#6801);
#6827=OVER_RIDING_STYLED_ITEM('overriding color',(#6803),#833,#6801);
#6828=OVER_RIDING_STYLED_ITEM('overriding color',(#6803),#895,#6801);
#6829=OVER_RIDING_STYLED_ITEM('overriding color',(#6803),#875,#6801);
#6830=OVER_RIDING_STYLED_ITEM('overriding color',(#6803),#937,#6801);
#6831=OVER_RIDING_STYLED_ITEM('overriding color',(#6803),#917,#6801);
#6832=OVER_RIDING_STYLED_ITEM('overriding color',(#6803),#979,#6801);
#6833=OVER_RIDING_STYLED_ITEM('overriding color',(#6803),#959,#6801);
#6834=OVER_RIDING_STYLED_ITEM('overriding color',(#6803),#1021,#6801);
#6835=OVER_RIDING_STYLED_ITEM('overriding color',(#6803),#1001,#6801);
#6836=OVER_RIDING_STYLED_ITEM('overriding color',(#6803),#1063,#6801);
#6837=OVER_RIDING_STYLED_ITEM('overriding color',(#6803),#1043,#6801);
#6838=STYLED_ITEM('color',(#6786),#1073);
#6839=STYLED_ITEM('color',(#6786),#1078);
#6840=STYLED_ITEM('color',(#6786),#1086);
#6841=STYLED_ITEM('color',(#6786),#1112);
#6842=STYLED_ITEM('color',(#6786),#1132);
#6843=STYLED_ITEM('color',(#6786),#1152);
#6844=STYLED_ITEM('color',(#6786),#1166);
#6845=STYLED_ITEM('color',(#6786),#1187);
#6846=STYLED_ITEM('color',(#6786),#1204);
#6847=STYLED_ITEM('color',(#6786),#1221);
#6848=STYLED_ITEM('color',(#6786),#1234);
#6849=STYLED_ITEM('color',(#6786),#1255);
#6850=STYLED_ITEM('color',(#6786),#1272);
#6851=STYLED_ITEM('color',(#6786),#1289);
#6852=STYLED_ITEM('color',(#6786),#1302);
#6853=STYLED_ITEM('color',(#6786),#1323);
#6854=STYLED_ITEM('color',(#6786),#1340);
#6855=STYLED_ITEM('color',(#6786),#1357);
#6856=STYLED_ITEM('color',(#6786),#1370);
#6857=STYLED_ITEM('color',(#6786),#1391);
#6858=STYLED_ITEM('color',(#6786),#1408);
#6859=STYLED_ITEM('color',(#6786),#1425);
#6860=STYLED_ITEM('color',(#6786),#1438);
#6861=STYLED_ITEM('color',(#6786),#1459);
#6862=STYLED_ITEM('color',(#6786),#1476);
#6863=STYLED_ITEM('color',(#6786),#1493);
#6864=STYLED_ITEM('color',(#6786),#1506);
#6865=STYLED_ITEM('color',(#6786),#1527);
#6866=STYLED_ITEM('color',(#6786),#1544);
#6867=STYLED_ITEM('color',(#6786),#1561);
#6868=STYLED_ITEM('color',(#6786),#1574);
#6869=STYLED_ITEM('color',(#6786),#1595);
#6870=STYLED_ITEM('color',(#6786),#1612);
#6871=STYLED_ITEM('color',(#6786),#1629);
#6872=STYLED_ITEM('color',(#6786),#1642);
#6873=STYLED_ITEM('color',(#6786),#1663);
#6874=STYLED_ITEM('color',(#6786),#1680);
#6875=STYLED_ITEM('color',(#6786),#1697);
#6876=STYLED_ITEM('color',(#6786),#1710);
#6877=STYLED_ITEM('color',(#6786),#1731);
#6878=STYLED_ITEM('color',(#6786),#1748);
#6879=STYLED_ITEM('color',(#6786),#1765);
#6880=STYLED_ITEM('color',(#6786),#1778);
#6881=STYLED_ITEM('color',(#6786),#1799);
#6882=STYLED_ITEM('color',(#6786),#1816);
#6883=STYLED_ITEM('color',(#6786),#1833);
#6884=STYLED_ITEM('color',(#6786),#1846);
#6885=STYLED_ITEM('color',(#6786),#1867);
#6886=STYLED_ITEM('color',(#6786),#1884);
#6887=STYLED_ITEM('color',(#6786),#1901);
#6888=STYLED_ITEM('color',(#6786),#1914);
#6889=STYLED_ITEM('color',(#6786),#1935);
#6890=STYLED_ITEM('color',(#6786),#1952);
#6891=STYLED_ITEM('color',(#6786),#1969);
#6892=STYLED_ITEM('color',(#6786),#1982);
#6893=STYLED_ITEM('color',(#6786),#2003);
#6894=STYLED_ITEM('color',(#6786),#2020);
#6895=STYLED_ITEM('color',(#6786),#2037);
#6896=STYLED_ITEM('color',(#6803),#2050);
#6897=STYLED_ITEM('color',(#6803),#2059);
#6898=STYLED_ITEM('color',(#6803),#2094);
#6899=STYLED_ITEM('color',(#6803),#2100);
#6900=STYLED_ITEM('color',(#6803),#2129);
#6901=STYLED_ITEM('color',(#6803),#2137);
#6902=STYLED_ITEM('color',(#6803),#2167);
#6903=STYLED_ITEM('color',(#6803),#2173);
#6904=STYLED_ITEM('color',(#6803),#2202);
#6905=STYLED_ITEM('color',(#6803),#2210);
#6906=STYLED_ITEM('color',(#6803),#2240);
#6907=STYLED_ITEM('color',(#6803),#2246);
#6908=STYLED_ITEM('color',(#6803),#2275);
#6909=STYLED_ITEM('color',(#6803),#2283);
#6910=STYLED_ITEM('color',(#6803),#2313);
#6911=STYLED_ITEM('color',(#6803),#2319);
#6912=STYLED_ITEM('color',(#6803),#2348);
#6913=STYLED_ITEM('color',(#6803),#2356);
#6914=STYLED_ITEM('color',(#6803),#2386);
#6915=STYLED_ITEM('color',(#6803),#2392);
#6916=STYLED_ITEM('color',(#6803),#2421);
#6917=STYLED_ITEM('color',(#6803),#2429);
#6918=STYLED_ITEM('color',(#6803),#2459);
#6919=STYLED_ITEM('color',(#6803),#2465);
#6920=STYLED_ITEM('color',(#6803),#2494);
#6921=STYLED_ITEM('color',(#6803),#2502);
#6922=STYLED_ITEM('color',(#6803),#2532);
#6923=STYLED_ITEM('color',(#6803),#2538);
#6924=STYLED_ITEM('color',(#6803),#2567);
#6925=STYLED_ITEM('color',(#6803),#2575);
#6926=STYLED_ITEM('color',(#6803),#2605);
#6927=STYLED_ITEM('color',(#6803),#2611);
#6928=STYLED_ITEM('color',(#6803),#2640);
#6929=STYLED_ITEM('color',(#6803),#2648);
#6930=STYLED_ITEM('color',(#6803),#2678);
#6931=STYLED_ITEM('color',(#6803),#2684);
#6932=STYLED_ITEM('color',(#6803),#2713);
#6933=STYLED_ITEM('color',(#6803),#2721);
#6934=STYLED_ITEM('color',(#6803),#2751);
#6935=STYLED_ITEM('color',(#6803),#2757);
#6936=STYLED_ITEM('color',(#6803),#2786);
#6937=STYLED_ITEM('color',(#6803),#2794);
#6938=STYLED_ITEM('color',(#6803),#2824);
#6939=STYLED_ITEM('color',(#6803),#2830);
#6940=STYLED_ITEM('color',(#6803),#2859);
#6941=STYLED_ITEM('color',(#6803),#2867);
#6942=STYLED_ITEM('color',(#6803),#2897);
#6943=STYLED_ITEM('color',(#6803),#2903);
#6944=STYLED_ITEM('color',(#6803),#2932);
#6945=STYLED_ITEM('color',(#6803),#2940);
#6946=STYLED_ITEM('color',(#6803),#2970);
#6947=STYLED_ITEM('color',(#6803),#2976);
#6948=STYLED_ITEM('color',(#6803),#3005);
#6949=STYLED_ITEM('color',(#6803),#3013);
#6950=STYLED_ITEM('color',(#6803),#3043);
#6951=STYLED_ITEM('color',(#6803),#3049);
#6952=STYLED_ITEM('color',(#6786),#3078);
#6953=STYLED_ITEM('color',(#6786),#3096);
#6954=OVER_RIDING_STYLED_ITEM('overriding color',(#6803),#3117,#6953);
#6955=OVER_RIDING_STYLED_ITEM('overriding color',(#6803),#3106,#6953);
#6956=STYLED_ITEM('color',(#6786),#3131);
#6957=STYLED_ITEM('color',(#6786),#3145);
#6958=OVER_RIDING_STYLED_ITEM('overriding color',(#6803),#3166,#6957);
#6959=OVER_RIDING_STYLED_ITEM('overriding color',(#6803),#3155,#6957);
#6960=STYLED_ITEM('color',(#6786),#3176);
#6961=STYLED_ITEM('color',(#6786),#3194);
#6962=OVER_RIDING_STYLED_ITEM('overriding color',(#6803),#3215,#6961);
#6963=OVER_RIDING_STYLED_ITEM('overriding color',(#6803),#3204,#6961);
#6964=STYLED_ITEM('color',(#6786),#3229);
#6965=STYLED_ITEM('color',(#6786),#3243);
#6966=OVER_RIDING_STYLED_ITEM('overriding color',(#6803),#3264,#6965);
#6967=OVER_RIDING_STYLED_ITEM('overriding color',(#6803),#3253,#6965);
#6968=STYLED_ITEM('color',(#6786),#3274);
#6969=STYLED_ITEM('color',(#6786),#3292);
#6970=OVER_RIDING_STYLED_ITEM('overriding color',(#6803),#3313,#6969);
#6971=OVER_RIDING_STYLED_ITEM('overriding color',(#6803),#3302,#6969);
#6972=STYLED_ITEM('color',(#6786),#3327);
#6973=STYLED_ITEM('color',(#6786),#3341);
#6974=OVER_RIDING_STYLED_ITEM('overriding color',(#6803),#3362,#6973);
#6975=OVER_RIDING_STYLED_ITEM('overriding color',(#6803),#3351,#6973);
#6976=STYLED_ITEM('color',(#6786),#3372);
#6977=STYLED_ITEM('color',(#6786),#3390);
#6978=OVER_RIDING_STYLED_ITEM('overriding color',(#6803),#3411,#6977);
#6979=OVER_RIDING_STYLED_ITEM('overriding color',(#6803),#3400,#6977);
#6980=STYLED_ITEM('color',(#6786),#3425);
#6981=STYLED_ITEM('color',(#6786),#3439);
#6982=OVER_RIDING_STYLED_ITEM('overriding color',(#6803),#3460,#6981);
#6983=OVER_RIDING_STYLED_ITEM('overriding color',(#6803),#3449,#6981);
#6984=STYLED_ITEM('color',(#6786),#3470);
#6985=STYLED_ITEM('color',(#6786),#3488);
#6986=OVER_RIDING_STYLED_ITEM('overriding color',(#6803),#3509,#6985);
#6987=OVER_RIDING_STYLED_ITEM('overriding color',(#6803),#3498,#6985);
#6988=STYLED_ITEM('color',(#6786),#3523);
#6989=STYLED_ITEM('color',(#6786),#3537);
#6990=OVER_RIDING_STYLED_ITEM('overriding color',(#6803),#3558,#6989);
#6991=OVER_RIDING_STYLED_ITEM('overriding color',(#6803),#3547,#6989);
#6992=STYLED_ITEM('color',(#6786),#3568);
#6993=STYLED_ITEM('color',(#6786),#3586);
#6994=OVER_RIDING_STYLED_ITEM('overriding color',(#6803),#3607,#6993);
#6995=OVER_RIDING_STYLED_ITEM('overriding color',(#6803),#3596,#6993);
#6996=STYLED_ITEM('color',(#6786),#3621);
#6997=STYLED_ITEM('color',(#6786),#3635);
#6998=OVER_RIDING_STYLED_ITEM('overriding color',(#6803),#3656,#6997);
#6999=OVER_RIDING_STYLED_ITEM('overriding color',(#6803),#3645,#6997);
#7000=STYLED_ITEM('color',(#6786),#3666);
#7001=STYLED_ITEM('color',(#6786),#3684);
#7002=OVER_RIDING_STYLED_ITEM('overriding color',(#6803),#3705,#7001);
#7003=OVER_RIDING_STYLED_ITEM('overriding color',(#6803),#3694,#7001);
#7004=STYLED_ITEM('color',(#6786),#3719);
#7005=STYLED_ITEM('color',(#6786),#3733);
#7006=OVER_RIDING_STYLED_ITEM('overriding color',(#6803),#3754,#7005);
#7007=OVER_RIDING_STYLED_ITEM('overriding color',(#6803),#3743,#7005);
#7008=STYLED_ITEM('color',(#6786),#3764);
#7009=STYLED_ITEM('color',(#6786),#3782);
#7010=OVER_RIDING_STYLED_ITEM('overriding color',(#6803),#3803,#7009);
#7011=OVER_RIDING_STYLED_ITEM('overriding color',(#6803),#3792,#7009);
#7012=STYLED_ITEM('color',(#6786),#3817);
#7013=STYLED_ITEM('color',(#6786),#3831);
#7014=OVER_RIDING_STYLED_ITEM('overriding color',(#6803),#3852,#7013);
#7015=OVER_RIDING_STYLED_ITEM('overriding color',(#6803),#3841,#7013);
#7016=STYLED_ITEM('color',(#6786),#3862);
#7017=STYLED_ITEM('color',(#6786),#3880);
#7018=OVER_RIDING_STYLED_ITEM('overriding color',(#6803),#3901,#7017);
#7019=OVER_RIDING_STYLED_ITEM('overriding color',(#6803),#3890,#7017);
#7020=STYLED_ITEM('color',(#6786),#3915);
#7021=STYLED_ITEM('color',(#6786),#3929);
#7022=OVER_RIDING_STYLED_ITEM('overriding color',(#6803),#3950,#7021);
#7023=OVER_RIDING_STYLED_ITEM('overriding color',(#6803),#3939,#7021);
#7024=STYLED_ITEM('color',(#6786),#3960);
#7025=STYLED_ITEM('color',(#6786),#3978);
#7026=OVER_RIDING_STYLED_ITEM('overriding color',(#6803),#3999,#7025);
#7027=OVER_RIDING_STYLED_ITEM('overriding color',(#6803),#3988,#7025);
#7028=STYLED_ITEM('color',(#6786),#4013);
#7029=STYLED_ITEM('color',(#6786),#4027);
#7030=OVER_RIDING_STYLED_ITEM('overriding color',(#6803),#4048,#7029);
#7031=OVER_RIDING_STYLED_ITEM('overriding color',(#6803),#4037,#7029);
#7032=STYLED_ITEM('color',(#6786),#4058);
#7033=STYLED_ITEM('color',(#6786),#4076);
#7034=OVER_RIDING_STYLED_ITEM('overriding color',(#6803),#4097,#7033);
#7035=OVER_RIDING_STYLED_ITEM('overriding color',(#6803),#4086,#7033);
#7036=STYLED_ITEM('color',(#6786),#4111);
#7037=STYLED_ITEM('color',(#6786),#4125);
#7038=OVER_RIDING_STYLED_ITEM('overriding color',(#6803),#4146,#7037);
#7039=OVER_RIDING_STYLED_ITEM('overriding color',(#6803),#4135,#7037);
#7040=STYLED_ITEM('color',(#6786),#4156);
#7041=STYLED_ITEM('color',(#6786),#4174);
#7042=OVER_RIDING_STYLED_ITEM('overriding color',(#6803),#4195,#7041);
#7043=OVER_RIDING_STYLED_ITEM('overriding color',(#6803),#4184,#7041);
#7044=STYLED_ITEM('color',(#6786),#4209);
#7045=STYLED_ITEM('color',(#6786),#4223);
#7046=OVER_RIDING_STYLED_ITEM('overriding color',(#6803),#4244,#7045);
#7047=OVER_RIDING_STYLED_ITEM('overriding color',(#6803),#4233,#7045);
#7048=STYLED_ITEM('color',(#6786),#4254);
#7049=STYLED_ITEM('color',(#6786),#4272);
#7050=OVER_RIDING_STYLED_ITEM('overriding color',(#6803),#4293,#7049);
#7051=OVER_RIDING_STYLED_ITEM('overriding color',(#6803),#4282,#7049);
#7052=STYLED_ITEM('color',(#6786),#4307);
#7053=STYLED_ITEM('color',(#6786),#4321);
#7054=OVER_RIDING_STYLED_ITEM('overriding color',(#6803),#4342,#7053);
#7055=OVER_RIDING_STYLED_ITEM('overriding color',(#6803),#4331,#7053);
#7056=STYLED_ITEM('color',(#6786),#4352);
#7057=STYLED_ITEM('color',(#6786),#4370);
#7058=OVER_RIDING_STYLED_ITEM('overriding color',(#6803),#4391,#7057);
#7059=OVER_RIDING_STYLED_ITEM('overriding color',(#6803),#4380,#7057);
#7060=STYLED_ITEM('color',(#6786),#4405);
#7061=STYLED_ITEM('color',(#6786),#4419);
#7062=OVER_RIDING_STYLED_ITEM('overriding color',(#6803),#4440,#7061);
#7063=OVER_RIDING_STYLED_ITEM('overriding color',(#6803),#4429,#7061);
#7064=STYLED_ITEM('color',(#6803),#4450);
#7065=STYLED_ITEM('color',(#6803),#4460);
#7066=STYLED_ITEM('color',(#6803),#4471);
#7067=STYLED_ITEM('color',(#6803),#4481);
#7068=STYLED_ITEM('color',(#6803),#4492);
#7069=STYLED_ITEM('color',(#6803),#4500);
#7070=STYLED_ITEM('color',(#6803),#4510);
#7071=STYLED_ITEM('color',(#6803),#4520);
#7072=STYLED_ITEM('color',(#6803),#4530);
#7073=STYLED_ITEM('color',(#6803),#4540);
#7074=STYLED_ITEM('color',(#6803),#4548);
#7075=STYLED_ITEM('color',(#6803),#4558);
#7076=STYLED_ITEM('color',(#6803),#4568);
#7077=STYLED_ITEM('color',(#6803),#4578);
#7078=STYLED_ITEM('color',(#6803),#4588);
#7079=STYLED_ITEM('color',(#6803),#4596);
#7080=STYLED_ITEM('color',(#6803),#4606);
#7081=STYLED_ITEM('color',(#6803),#4616);
#7082=STYLED_ITEM('color',(#6803),#4626);
#7083=STYLED_ITEM('color',(#6803),#4636);
#7084=STYLED_ITEM('color',(#6803),#4644);
#7085=STYLED_ITEM('color',(#6803),#4654);
#7086=STYLED_ITEM('color',(#6803),#4664);
#7087=STYLED_ITEM('color',(#6803),#4674);
#7088=STYLED_ITEM('color',(#6803),#4684);
#7089=STYLED_ITEM('color',(#6803),#4692);
#7090=STYLED_ITEM('color',(#6803),#4702);
#7091=STYLED_ITEM('color',(#6803),#4712);
#7092=STYLED_ITEM('color',(#6803),#4722);
#7093=STYLED_ITEM('color',(#6803),#4732);
#7094=STYLED_ITEM('color',(#6803),#4740);
#7095=STYLED_ITEM('color',(#6803),#4750);
#7096=STYLED_ITEM('color',(#6803),#4760);
#7097=STYLED_ITEM('color',(#6803),#4770);
#7098=STYLED_ITEM('color',(#6803),#4780);
#7099=STYLED_ITEM('color',(#6803),#4788);
#7100=STYLED_ITEM('color',(#6803),#4798);
#7101=STYLED_ITEM('color',(#6803),#4808);
#7102=STYLED_ITEM('color',(#6803),#4818);
#7103=STYLED_ITEM('color',(#6803),#4828);
#7104=STYLED_ITEM('color',(#6803),#4836);
#7105=STYLED_ITEM('color',(#6803),#4846);
#7106=STYLED_ITEM('color',(#6803),#4856);
#7107=STYLED_ITEM('color',(#6803),#4866);
#7108=STYLED_ITEM('color',(#6803),#4876);
#7109=STYLED_ITEM('color',(#6803),#4884);
#7110=STYLED_ITEM('color',(#6803),#4894);
#7111=STYLED_ITEM('color',(#6803),#4904);
#7112=STYLED_ITEM('color',(#6803),#4914);
#7113=STYLED_ITEM('color',(#6803),#4924);
#7114=STYLED_ITEM('color',(#6803),#4932);
#7115=STYLED_ITEM('color',(#6803),#4942);
#7116=STYLED_ITEM('color',(#6803),#4952);
#7117=STYLED_ITEM('color',(#6803),#4962);
#7118=STYLED_ITEM('color',(#6803),#4972);
#7119=STYLED_ITEM('color',(#6803),#4980);
#7120=STYLED_ITEM('color',(#6803),#4990);
#7121=STYLED_ITEM('color',(#6803),#5000);
#7122=STYLED_ITEM('color',(#6803),#5010);
#7123=STYLED_ITEM('color',(#6803),#5020);
#7124=STYLED_ITEM('color',(#6803),#5028);
#7125=STYLED_ITEM('color',(#6803),#5038);
#7126=STYLED_ITEM('color',(#6803),#5048);
#7127=STYLED_ITEM('color',(#6803),#5058);
#7128=STYLED_ITEM('color',(#6803),#5068);
#7129=STYLED_ITEM('color',(#6803),#5076);
#7130=STYLED_ITEM('color',(#6803),#5086);
#7131=STYLED_ITEM('color',(#6803),#5096);
#7132=STYLED_ITEM('color',(#6803),#5106);
#7133=STYLED_ITEM('color',(#6803),#5116);
#7134=STYLED_ITEM('color',(#6786),#5124);
#7135=OVER_RIDING_STYLED_ITEM('overriding color',(#6803),#5128,#7134);
#7136=STYLED_ITEM('color',(#6786),#5134);
#7137=OVER_RIDING_STYLED_ITEM('overriding color',(#6803),#5138,#7136);
#7138=STYLED_ITEM('color',(#6803),#5141);
#7139=STYLED_ITEM('color',(#6803),#5171);
#7140=STYLED_ITEM('color',(#6803),#5185);
#7141=STYLED_ITEM('color',(#6803),#5208);
#7142=STYLED_ITEM('color',(#6786),#5217);
#7143=OVER_RIDING_STYLED_ITEM('overriding color',(#6803),#5221,#7142);
#7144=STYLED_ITEM('color',(#6786),#5227);
#7145=OVER_RIDING_STYLED_ITEM('overriding color',(#6803),#5231,#7144);
#7146=STYLED_ITEM('color',(#6803),#5234);
#7147=STYLED_ITEM('color',(#6803),#5261);
#7148=STYLED_ITEM('color',(#6803),#5275);
#7149=STYLED_ITEM('color',(#6803),#5298);
#7150=STYLED_ITEM('color',(#6786),#5307);
#7151=OVER_RIDING_STYLED_ITEM('overriding color',(#6803),#5311,#7150);
#7152=STYLED_ITEM('color',(#6786),#5317);
#7153=OVER_RIDING_STYLED_ITEM('overriding color',(#6803),#5321,#7152);
#7154=STYLED_ITEM('color',(#6803),#5324);
#7155=STYLED_ITEM('color',(#6803),#5351);
#7156=STYLED_ITEM('color',(#6803),#5365);
#7157=STYLED_ITEM('color',(#6803),#5388);
#7158=STYLED_ITEM('color',(#6786),#5397);
#7159=OVER_RIDING_STYLED_ITEM('overriding color',(#6803),#5401,#7158);
#7160=STYLED_ITEM('color',(#6786),#5407);
#7161=OVER_RIDING_STYLED_ITEM('overriding color',(#6803),#5411,#7160);
#7162=STYLED_ITEM('color',(#6803),#5414);
#7163=STYLED_ITEM('color',(#6803),#5441);
#7164=STYLED_ITEM('color',(#6803),#5455);
#7165=STYLED_ITEM('color',(#6803),#5478);
#7166=STYLED_ITEM('color',(#6786),#5487);
#7167=OVER_RIDING_STYLED_ITEM('overriding color',(#6803),#5491,#7166);
#7168=STYLED_ITEM('color',(#6786),#5497);
#7169=OVER_RIDING_STYLED_ITEM('overriding color',(#6803),#5501,#7168);
#7170=STYLED_ITEM('color',(#6803),#5504);
#7171=STYLED_ITEM('color',(#6803),#5531);
#7172=STYLED_ITEM('color',(#6803),#5545);
#7173=STYLED_ITEM('color',(#6803),#5568);
#7174=STYLED_ITEM('color',(#6786),#5577);
#7175=OVER_RIDING_STYLED_ITEM('overriding color',(#6803),#5581,#7174);
#7176=STYLED_ITEM('color',(#6786),#5587);
#7177=OVER_RIDING_STYLED_ITEM('overriding color',(#6803),#5591,#7176);
#7178=STYLED_ITEM('color',(#6803),#5594);
#7179=STYLED_ITEM('color',(#6803),#5621);
#7180=STYLED_ITEM('color',(#6803),#5635);
#7181=STYLED_ITEM('color',(#6803),#5658);
#7182=STYLED_ITEM('color',(#6786),#5667);
#7183=OVER_RIDING_STYLED_ITEM('overriding color',(#6803),#5671,#7182);
#7184=STYLED_ITEM('color',(#6786),#5677);
#7185=OVER_RIDING_STYLED_ITEM('overriding color',(#6803),#5681,#7184);
#7186=STYLED_ITEM('color',(#6803),#5684);
#7187=STYLED_ITEM('color',(#6803),#5711);
#7188=STYLED_ITEM('color',(#6803),#5725);
#7189=STYLED_ITEM('color',(#6803),#5748);
#7190=STYLED_ITEM('color',(#6786),#5757);
#7191=OVER_RIDING_STYLED_ITEM('overriding color',(#6803),#5761,#7190);
#7192=STYLED_ITEM('color',(#6786),#5767);
#7193=OVER_RIDING_STYLED_ITEM('overriding color',(#6803),#5771,#7192);
#7194=STYLED_ITEM('color',(#6803),#5774);
#7195=STYLED_ITEM('color',(#6803),#5801);
#7196=STYLED_ITEM('color',(#6803),#5815);
#7197=STYLED_ITEM('color',(#6803),#5838);
#7198=STYLED_ITEM('color',(#6786),#5847);
#7199=OVER_RIDING_STYLED_ITEM('overriding color',(#6803),#5851,#7198);
#7200=STYLED_ITEM('color',(#6786),#5857);
#7201=OVER_RIDING_STYLED_ITEM('overriding color',(#6803),#5861,#7200);
#7202=STYLED_ITEM('color',(#6803),#5864);
#7203=STYLED_ITEM('color',(#6803),#5891);
#7204=STYLED_ITEM('color',(#6803),#5905);
#7205=STYLED_ITEM('color',(#6803),#5928);
#7206=STYLED_ITEM('color',(#6786),#5937);
#7207=OVER_RIDING_STYLED_ITEM('overriding color',(#6803),#5941,#7206);
#7208=STYLED_ITEM('color',(#6786),#5947);
#7209=OVER_RIDING_STYLED_ITEM('overriding color',(#6803),#5951,#7208);
#7210=STYLED_ITEM('color',(#6803),#5954);
#7211=STYLED_ITEM('color',(#6803),#5981);
#7212=STYLED_ITEM('color',(#6803),#5995);
#7213=STYLED_ITEM('color',(#6803),#6018);
#7214=STYLED_ITEM('color',(#6786),#6027);
#7215=OVER_RIDING_STYLED_ITEM('overriding color',(#6803),#6031,#7214);
#7216=STYLED_ITEM('color',(#6786),#6037);
#7217=OVER_RIDING_STYLED_ITEM('overriding color',(#6803),#6041,#7216);
#7218=STYLED_ITEM('color',(#6803),#6044);
#7219=STYLED_ITEM('color',(#6803),#6071);
#7220=STYLED_ITEM('color',(#6803),#6085);
#7221=STYLED_ITEM('color',(#6803),#6108);
#7222=STYLED_ITEM('color',(#6786),#6117);
#7223=OVER_RIDING_STYLED_ITEM('overriding color',(#6803),#6121,#7222);
#7224=STYLED_ITEM('color',(#6786),#6127);
#7225=OVER_RIDING_STYLED_ITEM('overriding color',(#6803),#6131,#7224);
#7226=STYLED_ITEM('color',(#6803),#6134);
#7227=STYLED_ITEM('color',(#6803),#6161);
#7228=STYLED_ITEM('color',(#6803),#6175);
#7229=STYLED_ITEM('color',(#6803),#6198);
#7230=STYLED_ITEM('color',(#6786),#6207);
#7231=OVER_RIDING_STYLED_ITEM('overriding color',(#6803),#6211,#7230);
#7232=STYLED_ITEM('color',(#6786),#6217);
#7233=OVER_RIDING_STYLED_ITEM('overriding color',(#6803),#6221,#7232);
#7234=STYLED_ITEM('color',(#6803),#6224);
#7235=STYLED_ITEM('color',(#6803),#6251);
#7236=STYLED_ITEM('color',(#6803),#6265);
#7237=STYLED_ITEM('color',(#6803),#6288);
#7238=STYLED_ITEM('color',(#6786),#6297);
#7239=OVER_RIDING_STYLED_ITEM('overriding color',(#6803),#6301,#7238);
#7240=STYLED_ITEM('color',(#6786),#6307);
#7241=OVER_RIDING_STYLED_ITEM('overriding color',(#6803),#6311,#7240);
#7242=STYLED_ITEM('color',(#6803),#6314);
#7243=STYLED_ITEM('color',(#6803),#6341);
#7244=STYLED_ITEM('color',(#6803),#6355);
#7245=STYLED_ITEM('color',(#6803),#6378);
#7246=STYLED_ITEM('color',(#6803),#6387);
#7247=STYLED_ITEM('color',(#6803),#6397);
#7248=STYLED_ITEM('color',(#6803),#6407);
#7249=STYLED_ITEM('color',(#6803),#6415);
#7250=STYLED_ITEM('color',(#6803),#6425);
#7251=STYLED_ITEM('color',(#6803),#6435);
#7252=STYLED_ITEM('color',(#6803),#6443);
#7253=STYLED_ITEM('color',(#6803),#6453);
#7254=STYLED_ITEM('color',(#6803),#6463);
#7255=STYLED_ITEM('color',(#6803),#6471);
#7256=STYLED_ITEM('color',(#6803),#6481);
#7257=STYLED_ITEM('color',(#6803),#6491);
#7258=STYLED_ITEM('color',(#6803),#6499);
#7259=STYLED_ITEM('color',(#6803),#6509);
#7260=STYLED_ITEM('color',(#6803),#6519);
#7261=STYLED_ITEM('color',(#6803),#6527);
#7262=STYLED_ITEM('color',(#6803),#6537);
#7263=STYLED_ITEM('color',(#6803),#6547);
#7264=STYLED_ITEM('color',(#6803),#6555);
#7265=STYLED_ITEM('color',(#6803),#6565);
#7266=STYLED_ITEM('color',(#6803),#6575);
#7267=STYLED_ITEM('color',(#6803),#6583);
#7268=STYLED_ITEM('color',(#6803),#6593);
#7269=STYLED_ITEM('color',(#6803),#6603);
#7270=STYLED_ITEM('color',(#6803),#6611);
#7271=STYLED_ITEM('color',(#6803),#6621);
#7272=STYLED_ITEM('color',(#6803),#6631);
#7273=STYLED_ITEM('color',(#6803),#6639);
#7274=STYLED_ITEM('color',(#6803),#6649);
#7275=STYLED_ITEM('color',(#6803),#6659);
#7276=STYLED_ITEM('color',(#6803),#6667);
#7277=STYLED_ITEM('color',(#6803),#6677);
#7278=STYLED_ITEM('color',(#6803),#6687);
#7279=STYLED_ITEM('color',(#6803),#6695);
#7280=STYLED_ITEM('color',(#6803),#6705);
#7281=STYLED_ITEM('color',(#6803),#6715);
#7282=STYLED_ITEM('color',(#6803),#6723);
#7283=STYLED_ITEM('color',(#6803),#6733);
#7284=STYLED_ITEM('color',(#6803),#6743);
#7285=STYLED_ITEM('color',(#6803),#6751);
#7286=STYLED_ITEM('color',(#6803),#6761);
#7287=STYLED_ITEM('color',(#6803),#6771);
ENDSEC;
END-ISO-10303-21;
