ISO-10303-21;
HEADER;
FILE_DESCRIPTION(('FreeCAD Model'),'2;1');
FILE_NAME('Open CASCADE Shape Model','2026-09-19T14:59:57',(
    'kicad StepUp'),('ksu MCAD'),'Open CASCADE STEP processor 7.8',
  'FreeCAD','Unknown');
FILE_SCHEMA(('AUTOMOTIVE_DESIGN { 1 0 10303 214 1 1 1 1 }'));
ENDSEC;
DATA;
#1 = APPLICATION_PROTOCOL_DEFINITION('international standard',
  'automotive_design',2000,#2);
#2 = APPLICATION_CONTEXT(
  'core data for automotive mechanical design processes');
#3 = SHAPE_DEFINITION_REPRESENTATION(#4,#10);
#4 = PRODUCT_DEFINITION_SHAPE('','',#5);
#5 = PRODUCT_DEFINITION('design','',#6,#9);
#6 = PRODUCT_DEFINITION_FORMATION('','',#7);
#7 = PRODUCT('SRP6540','SRP6540','',(#8));
#8 = PRODUCT_CONTEXT('',#2,'mechanical');
#9 = PRODUCT_DEFINITION_CONTEXT('part definition',#2,'design');
#10 = ADVANCED_BREP_SHAPE_REPRESENTATION('',(#11,#15),#4909);
#11 = AXIS2_PLACEMENT_3D('',#12,#13,#14);
#12 = CARTESIAN_POINT('',(0.,0.,0.));
#13 = DIRECTION('',(0.,0.,1.));
#14 = DIRECTION('',(1.,0.,-0.));
#15 = MANIFOLD_SOLID_BREP('',#16);
#16 = CLOSED_SHELL('',(#17,#157,#189,#213,#238,#285,#325,#349,#382,#399,
    #416,#428,#453,#477,#502,#542,#630,#798,#1588,#1619,#1643,#1667,
    #1691,#1715,#1739,#1763,#1787,#1811,#1835,#1859,#1883,#1907,#1931,
    #1955,#1972,#2078,#2406,#2896,#2918,#2935,#2952,#2969,#2986,#3003,
    #3020,#3037,#3054,#3066,#3088,#3105,#3122,#3139,#3156,#3173,#3190,
    #3207,#3224,#3241,#3258,#3275,#3292,#3309,#3326,#3343,#3360,#3377,
    #3394,#3411,#3428,#3445,#3462,#3479,#3496,#3513,#3530,#3547,#3564,
    #3581,#3598,#3615,#3632,#3649,#3666,#3683,#3700,#3717,#3734,#3746,
    #3768,#3785,#3802,#3819,#3836,#3853,#3870,#3887,#3904,#3921,#3938,
    #3955,#3972,#3989,#4006,#4023,#4040,#4057,#4074,#4091,#4108,#4125,
    #4142,#4159,#4176,#4193,#4210,#4227,#4244,#4261,#4278,#4295,#4312,
    #4329,#4346,#4363,#4380,#4397,#4414,#4426,#4448,#4465,#4482,#4499,
    #4516,#4533,#4550,#4567,#4584,#4601,#4618,#4635,#4652,#4669,#4686,
    #4703,#4720,#4737,#4754,#4766,#4806,#4830,#4863,#4880,#4897));
#17 = ADVANCED_FACE('',(#18),#152,.F.);
#18 = FACE_BOUND('',#19,.F.);
#19 = EDGE_LOOP('',(#20,#31,#39,#47,#55,#63,#71,#80,#88,#97,#105,#113,
    #121,#129,#137,#146));
#20 = ORIENTED_EDGE('',*,*,#21,.F.);
#21 = EDGE_CURVE('',#22,#24,#26,.T.);
#22 = VERTEX_POINT('',#23);
#23 = CARTESIAN_POINT('',(2.9972,-1.7653,-3.2893));
#24 = VERTEX_POINT('',#25);
#25 = CARTESIAN_POINT('',(3.2512,-1.7653,-3.0353));
#26 = CIRCLE('',#27,0.254);
#27 = AXIS2_PLACEMENT_3D('',#28,#29,#30);
#28 = CARTESIAN_POINT('',(2.9972,-1.7653,-3.0353));
#29 = DIRECTION('',(0.,-1.,0.));
#30 = DIRECTION('',(0.,0.,-1.));
#31 = ORIENTED_EDGE('',*,*,#32,.T.);
#32 = EDGE_CURVE('',#22,#33,#35,.T.);
#33 = VERTEX_POINT('',#34);
#34 = CARTESIAN_POINT('',(1.4986,-1.7653,-3.2893));
#35 = LINE('',#36,#37);
#36 = CARTESIAN_POINT('',(2.9972,-1.7653,-3.2893));
#37 = VECTOR('',#38,1.);
#38 = DIRECTION('',(-1.,0.,0.));
#39 = ORIENTED_EDGE('',*,*,#40,.T.);
#40 = EDGE_CURVE('',#33,#41,#43,.T.);
#41 = VERTEX_POINT('',#42);
#42 = CARTESIAN_POINT('',(1.4986,-1.7653,-1.8923));
#43 = LINE('',#44,#45);
#44 = CARTESIAN_POINT('',(1.4986,-1.7653,-3.2893));
#45 = VECTOR('',#46,1.);
#46 = DIRECTION('',(0.,0.,1.));
#47 = ORIENTED_EDGE('',*,*,#48,.T.);
#48 = EDGE_CURVE('',#41,#49,#51,.T.);
#49 = VERTEX_POINT('',#50);
#50 = CARTESIAN_POINT('',(-1.4986,-1.7653,-1.8923));
#51 = LINE('',#52,#53);
#52 = CARTESIAN_POINT('',(1.4986,-1.7653,-1.8923));
#53 = VECTOR('',#54,1.);
#54 = DIRECTION('',(-1.,0.,0.));
#55 = ORIENTED_EDGE('',*,*,#56,.F.);
#56 = EDGE_CURVE('',#57,#49,#59,.T.);
#57 = VERTEX_POINT('',#58);
#58 = CARTESIAN_POINT('',(-1.4986,-1.7653,-3.2893));
#59 = LINE('',#60,#61);
#60 = CARTESIAN_POINT('',(-1.4986,-1.7653,-3.2893));
#61 = VECTOR('',#62,1.);
#62 = DIRECTION('',(0.,0.,1.));
#63 = ORIENTED_EDGE('',*,*,#64,.T.);
#64 = EDGE_CURVE('',#57,#65,#67,.T.);
#65 = VERTEX_POINT('',#66);
#66 = CARTESIAN_POINT('',(-2.9972,-1.7653,-3.2893));
#67 = LINE('',#68,#69);
#68 = CARTESIAN_POINT('',(-1.4986,-1.7653,-3.2893));
#69 = VECTOR('',#70,1.);
#70 = DIRECTION('',(-1.,0.,0.));
#71 = ORIENTED_EDGE('',*,*,#72,.F.);
#72 = EDGE_CURVE('',#73,#65,#75,.T.);
#73 = VERTEX_POINT('',#74);
#74 = CARTESIAN_POINT('',(-3.2512,-1.7653,-3.0353));
#75 = CIRCLE('',#76,0.254);
#76 = AXIS2_PLACEMENT_3D('',#77,#78,#79);
#77 = CARTESIAN_POINT('',(-2.9972,-1.7653,-3.0353));
#78 = DIRECTION('',(0.,-1.,0.));
#79 = DIRECTION('',(-1.,0.,0.));
#80 = ORIENTED_EDGE('',*,*,#81,.T.);
#81 = EDGE_CURVE('',#73,#82,#84,.T.);
#82 = VERTEX_POINT('',#83);
#83 = CARTESIAN_POINT('',(-3.2512,-1.7653,3.0353));
#84 = LINE('',#85,#86);
#85 = CARTESIAN_POINT('',(-3.2512,-1.7653,-3.0353));
#86 = VECTOR('',#87,1.);
#87 = DIRECTION('',(0.,0.,1.));
#88 = ORIENTED_EDGE('',*,*,#89,.F.);
#89 = EDGE_CURVE('',#90,#82,#92,.T.);
#90 = VERTEX_POINT('',#91);
#91 = CARTESIAN_POINT('',(-2.9972,-1.7653,3.2893));
#92 = CIRCLE('',#93,0.254);
#93 = AXIS2_PLACEMENT_3D('',#94,#95,#96);
#94 = CARTESIAN_POINT('',(-2.9972,-1.7653,3.0353));
#95 = DIRECTION('',(0.,-1.,0.));
#96 = DIRECTION('',(0.,0.,1.));
#97 = ORIENTED_EDGE('',*,*,#98,.T.);
#98 = EDGE_CURVE('',#90,#99,#101,.T.);
#99 = VERTEX_POINT('',#100);
#100 = CARTESIAN_POINT('',(-1.4986,-1.7653,3.2893));
#101 = LINE('',#102,#103);
#102 = CARTESIAN_POINT('',(-2.9972,-1.7653,3.2893));
#103 = VECTOR('',#104,1.);
#104 = DIRECTION('',(1.,0.,0.));
#105 = ORIENTED_EDGE('',*,*,#106,.T.);
#106 = EDGE_CURVE('',#99,#107,#109,.T.);
#107 = VERTEX_POINT('',#108);
#108 = CARTESIAN_POINT('',(-1.4986,-1.7653,1.8923));
#109 = LINE('',#110,#111);
#110 = CARTESIAN_POINT('',(-1.4986,-1.7653,3.2893));
#111 = VECTOR('',#112,1.);
#112 = DIRECTION('',(0.,0.,-1.));
#113 = ORIENTED_EDGE('',*,*,#114,.F.);
#114 = EDGE_CURVE('',#115,#107,#117,.T.);
#115 = VERTEX_POINT('',#116);
#116 = CARTESIAN_POINT('',(1.4986,-1.7653,1.8923));
#117 = LINE('',#118,#119);
#118 = CARTESIAN_POINT('',(1.4986,-1.7653,1.8923));
#119 = VECTOR('',#120,1.);
#120 = DIRECTION('',(-1.,0.,0.));
#121 = ORIENTED_EDGE('',*,*,#122,.F.);
#122 = EDGE_CURVE('',#123,#115,#125,.T.);
#123 = VERTEX_POINT('',#124);
#124 = CARTESIAN_POINT('',(1.4986,-1.7653,3.2893));
#125 = LINE('',#126,#127);
#126 = CARTESIAN_POINT('',(1.4986,-1.7653,3.2893));
#127 = VECTOR('',#128,1.);
#128 = DIRECTION('',(0.,0.,-1.));
#129 = ORIENTED_EDGE('',*,*,#130,.T.);
#130 = EDGE_CURVE('',#123,#131,#133,.T.);
#131 = VERTEX_POINT('',#132);
#132 = CARTESIAN_POINT('',(2.9972,-1.7653,3.2893));
#133 = LINE('',#134,#135);
#134 = CARTESIAN_POINT('',(1.4986,-1.7653,3.2893));
#135 = VECTOR('',#136,1.);
#136 = DIRECTION('',(1.,0.,0.));
#137 = ORIENTED_EDGE('',*,*,#138,.F.);
#138 = EDGE_CURVE('',#139,#131,#141,.T.);
#139 = VERTEX_POINT('',#140);
#140 = CARTESIAN_POINT('',(3.2512,-1.7653,3.0353));
#141 = CIRCLE('',#142,0.254);
#142 = AXIS2_PLACEMENT_3D('',#143,#144,#145);
#143 = CARTESIAN_POINT('',(2.9972,-1.7653,3.0353));
#144 = DIRECTION('',(0.,-1.,0.));
#145 = DIRECTION('',(1.,0.,0.));
#146 = ORIENTED_EDGE('',*,*,#147,.T.);
#147 = EDGE_CURVE('',#139,#24,#148,.T.);
#148 = LINE('',#149,#150);
#149 = CARTESIAN_POINT('',(3.2512,-1.7653,3.0353));
#150 = VECTOR('',#151,1.);
#151 = DIRECTION('',(0.,0.,-1.));
#152 = PLANE('',#153);
#153 = AXIS2_PLACEMENT_3D('',#154,#155,#156);
#154 = CARTESIAN_POINT('',(0.,-1.7653,0.));
#155 = DIRECTION('',(0.,1.,0.));
#156 = DIRECTION('',(1.,0.,0.));
#157 = ADVANCED_FACE('',(#158),#184,.T.);
#158 = FACE_BOUND('',#159,.T.);
#159 = EDGE_LOOP('',(#160,#168,#177,#183));
#160 = ORIENTED_EDGE('',*,*,#161,.F.);
#161 = EDGE_CURVE('',#162,#22,#164,.T.);
#162 = VERTEX_POINT('',#163);
#163 = CARTESIAN_POINT('',(2.9972,1.7653,-3.2893));
#164 = LINE('',#165,#166);
#165 = CARTESIAN_POINT('',(2.9972,1.7653,-3.2893));
#166 = VECTOR('',#167,1.);
#167 = DIRECTION('',(0.,-1.,0.));
#168 = ORIENTED_EDGE('',*,*,#169,.F.);
#169 = EDGE_CURVE('',#170,#162,#172,.T.);
#170 = VERTEX_POINT('',#171);
#171 = CARTESIAN_POINT('',(3.2512,1.7653,-3.0353));
#172 = CIRCLE('',#173,0.254);
#173 = AXIS2_PLACEMENT_3D('',#174,#175,#176);
#174 = CARTESIAN_POINT('',(2.9972,1.7653,-3.0353));
#175 = DIRECTION('',(-0.,1.,0.));
#176 = DIRECTION('',(1.,0.,0.));
#177 = ORIENTED_EDGE('',*,*,#178,.T.);
#178 = EDGE_CURVE('',#170,#24,#179,.T.);
#179 = LINE('',#180,#181);
#180 = CARTESIAN_POINT('',(3.2512,1.7653,-3.0353));
#181 = VECTOR('',#182,1.);
#182 = DIRECTION('',(0.,-1.,0.));
#183 = ORIENTED_EDGE('',*,*,#21,.F.);
#184 = CYLINDRICAL_SURFACE('',#185,0.254);
#185 = AXIS2_PLACEMENT_3D('',#186,#187,#188);
#186 = CARTESIAN_POINT('',(2.9972,6.96379608,-3.0353));
#187 = DIRECTION('',(0.,-1.,0.));
#188 = DIRECTION('',(0.,0.,-1.));
#189 = ADVANCED_FACE('',(#190),#208,.T.);
#190 = FACE_BOUND('',#191,.F.);
#191 = EDGE_LOOP('',(#192,#193,#194,#202));
#192 = ORIENTED_EDGE('',*,*,#178,.T.);
#193 = ORIENTED_EDGE('',*,*,#147,.F.);
#194 = ORIENTED_EDGE('',*,*,#195,.F.);
#195 = EDGE_CURVE('',#196,#139,#198,.T.);
#196 = VERTEX_POINT('',#197);
#197 = CARTESIAN_POINT('',(3.2512,1.7653,3.0353));
#198 = LINE('',#199,#200);
#199 = CARTESIAN_POINT('',(3.2512,1.7653,3.0353));
#200 = VECTOR('',#201,1.);
#201 = DIRECTION('',(0.,-1.,0.));
#202 = ORIENTED_EDGE('',*,*,#203,.T.);
#203 = EDGE_CURVE('',#196,#170,#204,.T.);
#204 = LINE('',#205,#206);
#205 = CARTESIAN_POINT('',(3.2512,1.7653,3.0353));
#206 = VECTOR('',#207,1.);
#207 = DIRECTION('',(0.,0.,-1.));
#208 = PLANE('',#209);
#209 = AXIS2_PLACEMENT_3D('',#210,#211,#212);
#210 = CARTESIAN_POINT('',(3.2512,-1.7653,3.2893));
#211 = DIRECTION('',(1.,0.,0.));
#212 = DIRECTION('',(0.,0.,-1.));
#213 = ADVANCED_FACE('',(#214),#233,.T.);
#214 = FACE_BOUND('',#215,.T.);
#215 = EDGE_LOOP('',(#216,#217,#226,#232));
#216 = ORIENTED_EDGE('',*,*,#195,.F.);
#217 = ORIENTED_EDGE('',*,*,#218,.F.);
#218 = EDGE_CURVE('',#219,#196,#221,.T.);
#219 = VERTEX_POINT('',#220);
#220 = CARTESIAN_POINT('',(2.9972,1.7653,3.2893));
#221 = CIRCLE('',#222,0.254);
#222 = AXIS2_PLACEMENT_3D('',#223,#224,#225);
#223 = CARTESIAN_POINT('',(2.9972,1.7653,3.0353));
#224 = DIRECTION('',(0.,1.,0.));
#225 = DIRECTION('',(0.,-0.,1.));
#226 = ORIENTED_EDGE('',*,*,#227,.T.);
#227 = EDGE_CURVE('',#219,#131,#228,.T.);
#228 = LINE('',#229,#230);
#229 = CARTESIAN_POINT('',(2.9972,1.7653,3.2893));
#230 = VECTOR('',#231,1.);
#231 = DIRECTION('',(0.,-1.,0.));
#232 = ORIENTED_EDGE('',*,*,#138,.F.);
#233 = CYLINDRICAL_SURFACE('',#234,0.254);
#234 = AXIS2_PLACEMENT_3D('',#235,#236,#237);
#235 = CARTESIAN_POINT('',(2.9972,6.96379608,3.0353));
#236 = DIRECTION('',(0.,-1.,0.));
#237 = DIRECTION('',(1.,0.,0.));
#238 = ADVANCED_FACE('',(#239),#280,.T.);
#239 = FACE_BOUND('',#240,.F.);
#240 = EDGE_LOOP('',(#241,#242,#243,#251,#259,#265,#266,#274));
#241 = ORIENTED_EDGE('',*,*,#227,.T.);
#242 = ORIENTED_EDGE('',*,*,#130,.F.);
#243 = ORIENTED_EDGE('',*,*,#244,.T.);
#244 = EDGE_CURVE('',#123,#245,#247,.T.);
#245 = VERTEX_POINT('',#246);
#246 = CARTESIAN_POINT('',(1.4986,-0.4953,3.2893));
#247 = LINE('',#248,#249);
#248 = CARTESIAN_POINT('',(1.4986,-1.7653,3.2893));
#249 = VECTOR('',#250,1.);
#250 = DIRECTION('',(0.,1.,0.));
#251 = ORIENTED_EDGE('',*,*,#252,.F.);
#252 = EDGE_CURVE('',#253,#245,#255,.T.);
#253 = VERTEX_POINT('',#254);
#254 = CARTESIAN_POINT('',(-1.4986,-0.4953,3.2893));
#255 = LINE('',#256,#257);
#256 = CARTESIAN_POINT('',(-1.4986,-0.4953,3.2893));
#257 = VECTOR('',#258,1.);
#258 = DIRECTION('',(1.,0.,0.));
#259 = ORIENTED_EDGE('',*,*,#260,.F.);
#260 = EDGE_CURVE('',#99,#253,#261,.T.);
#261 = LINE('',#262,#263);
#262 = CARTESIAN_POINT('',(-1.4986,-1.7653,3.2893));
#263 = VECTOR('',#264,1.);
#264 = DIRECTION('',(0.,1.,0.));
#265 = ORIENTED_EDGE('',*,*,#98,.F.);
#266 = ORIENTED_EDGE('',*,*,#267,.F.);
#267 = EDGE_CURVE('',#268,#90,#270,.T.);
#268 = VERTEX_POINT('',#269);
#269 = CARTESIAN_POINT('',(-2.9972,1.7653,3.2893));
#270 = LINE('',#271,#272);
#271 = CARTESIAN_POINT('',(-2.9972,1.7653,3.2893));
#272 = VECTOR('',#273,1.);
#273 = DIRECTION('',(0.,-1.,0.));
#274 = ORIENTED_EDGE('',*,*,#275,.T.);
#275 = EDGE_CURVE('',#268,#219,#276,.T.);
#276 = LINE('',#277,#278);
#277 = CARTESIAN_POINT('',(-2.9972,1.7653,3.2893));
#278 = VECTOR('',#279,1.);
#279 = DIRECTION('',(1.,0.,0.));
#280 = PLANE('',#281);
#281 = AXIS2_PLACEMENT_3D('',#282,#283,#284);
#282 = CARTESIAN_POINT('',(-3.2512,-1.7653,3.2893));
#283 = DIRECTION('',(0.,0.,1.));
#284 = DIRECTION('',(1.,0.,-0.));
#285 = ADVANCED_FACE('',(#286),#320,.F.);
#286 = FACE_BOUND('',#287,.F.);
#287 = EDGE_LOOP('',(#288,#289,#290,#298,#306,#314));
#288 = ORIENTED_EDGE('',*,*,#244,.F.);
#289 = ORIENTED_EDGE('',*,*,#122,.T.);
#290 = ORIENTED_EDGE('',*,*,#291,.F.);
#291 = EDGE_CURVE('',#292,#115,#294,.T.);
#292 = VERTEX_POINT('',#293);
#293 = CARTESIAN_POINT('',(1.4986,-2.2225,1.8923));
#294 = LINE('',#295,#296);
#295 = CARTESIAN_POINT('',(1.4986,-2.2225,1.8923));
#296 = VECTOR('',#297,1.);
#297 = DIRECTION('',(0.,1.,0.));
#298 = ORIENTED_EDGE('',*,*,#299,.T.);
#299 = EDGE_CURVE('',#292,#300,#302,.T.);
#300 = VERTEX_POINT('',#301);
#301 = CARTESIAN_POINT('',(1.4986,-2.2225,3.5941));
#302 = LINE('',#303,#304);
#303 = CARTESIAN_POINT('',(1.4986,-2.2225,1.8923));
#304 = VECTOR('',#305,1.);
#305 = DIRECTION('',(0.,0.,1.));
#306 = ORIENTED_EDGE('',*,*,#307,.T.);
#307 = EDGE_CURVE('',#300,#308,#310,.T.);
#308 = VERTEX_POINT('',#309);
#309 = CARTESIAN_POINT('',(1.4986,-0.4953,3.5941));
#310 = LINE('',#311,#312);
#311 = CARTESIAN_POINT('',(1.4986,-2.2225,3.5941));
#312 = VECTOR('',#313,1.);
#313 = DIRECTION('',(0.,1.,0.));
#314 = ORIENTED_EDGE('',*,*,#315,.F.);
#315 = EDGE_CURVE('',#245,#308,#316,.T.);
#316 = LINE('',#317,#318);
#317 = CARTESIAN_POINT('',(1.4986,-0.4953,3.2893));
#318 = VECTOR('',#319,1.);
#319 = DIRECTION('',(0.,0.,1.));
#320 = PLANE('',#321);
#321 = AXIS2_PLACEMENT_3D('',#322,#323,#324);
#322 = CARTESIAN_POINT('',(1.4986,-1.7653,3.2893));
#323 = DIRECTION('',(-1.,0.,0.));
#324 = DIRECTION('',(0.,-1.,0.));
#325 = ADVANCED_FACE('',(#326),#344,.F.);
#326 = FACE_BOUND('',#327,.F.);
#327 = EDGE_LOOP('',(#328,#336,#342,#343));
#328 = ORIENTED_EDGE('',*,*,#329,.T.);
#329 = EDGE_CURVE('',#107,#330,#332,.T.);
#330 = VERTEX_POINT('',#331);
#331 = CARTESIAN_POINT('',(-1.4986,-2.2225,1.8923));
#332 = LINE('',#333,#334);
#333 = CARTESIAN_POINT('',(-1.4986,-1.7653,1.8923));
#334 = VECTOR('',#335,1.);
#335 = DIRECTION('',(0.,-1.,0.));
#336 = ORIENTED_EDGE('',*,*,#337,.T.);
#337 = EDGE_CURVE('',#330,#292,#338,.T.);
#338 = LINE('',#339,#340);
#339 = CARTESIAN_POINT('',(-1.4986,-2.2225,1.8923));
#340 = VECTOR('',#341,1.);
#341 = DIRECTION('',(1.,0.,0.));
#342 = ORIENTED_EDGE('',*,*,#291,.T.);
#343 = ORIENTED_EDGE('',*,*,#114,.T.);
#344 = PLANE('',#345);
#345 = AXIS2_PLACEMENT_3D('',#346,#347,#348);
#346 = CARTESIAN_POINT('',(0.,-1.7653,1.8923));
#347 = DIRECTION('',(0.,0.,1.));
#348 = DIRECTION('',(-1.,0.,0.));
#349 = ADVANCED_FACE('',(#350),#377,.F.);
#350 = FACE_BOUND('',#351,.F.);
#351 = EDGE_LOOP('',(#352,#360,#361,#362,#363,#371));
#352 = ORIENTED_EDGE('',*,*,#353,.F.);
#353 = EDGE_CURVE('',#330,#354,#356,.T.);
#354 = VERTEX_POINT('',#355);
#355 = CARTESIAN_POINT('',(-1.4986,-2.2225,3.5941));
#356 = LINE('',#357,#358);
#357 = CARTESIAN_POINT('',(-1.4986,-2.2225,1.8923));
#358 = VECTOR('',#359,1.);
#359 = DIRECTION('',(0.,0.,1.));
#360 = ORIENTED_EDGE('',*,*,#329,.F.);
#361 = ORIENTED_EDGE('',*,*,#106,.F.);
#362 = ORIENTED_EDGE('',*,*,#260,.T.);
#363 = ORIENTED_EDGE('',*,*,#364,.T.);
#364 = EDGE_CURVE('',#253,#365,#367,.T.);
#365 = VERTEX_POINT('',#366);
#366 = CARTESIAN_POINT('',(-1.4986,-0.4953,3.5941));
#367 = LINE('',#368,#369);
#368 = CARTESIAN_POINT('',(-1.4986,-0.4953,3.2893));
#369 = VECTOR('',#370,1.);
#370 = DIRECTION('',(0.,0.,1.));
#371 = ORIENTED_EDGE('',*,*,#372,.T.);
#372 = EDGE_CURVE('',#365,#354,#373,.T.);
#373 = LINE('',#374,#375);
#374 = CARTESIAN_POINT('',(-1.4986,-0.4953,3.5941));
#375 = VECTOR('',#376,1.);
#376 = DIRECTION('',(0.,-1.,0.));
#377 = PLANE('',#378);
#378 = AXIS2_PLACEMENT_3D('',#379,#380,#381);
#379 = CARTESIAN_POINT('',(-1.4986,-2.2225,3.2893));
#380 = DIRECTION('',(1.,0.,0.));
#381 = DIRECTION('',(-0.,1.,0.));
#382 = ADVANCED_FACE('',(#383),#394,.F.);
#383 = FACE_BOUND('',#384,.F.);
#384 = EDGE_LOOP('',(#385,#386,#387,#388));
#385 = ORIENTED_EDGE('',*,*,#299,.F.);
#386 = ORIENTED_EDGE('',*,*,#337,.F.);
#387 = ORIENTED_EDGE('',*,*,#353,.T.);
#388 = ORIENTED_EDGE('',*,*,#389,.F.);
#389 = EDGE_CURVE('',#300,#354,#390,.T.);
#390 = LINE('',#391,#392);
#391 = CARTESIAN_POINT('',(1.4986,-2.2225,3.5941));
#392 = VECTOR('',#393,1.);
#393 = DIRECTION('',(-1.,0.,0.));
#394 = PLANE('',#395);
#395 = AXIS2_PLACEMENT_3D('',#396,#397,#398);
#396 = CARTESIAN_POINT('',(1.4986,-2.2225,3.2893));
#397 = DIRECTION('',(0.,1.,0.));
#398 = DIRECTION('',(-1.,0.,0.));
#399 = ADVANCED_FACE('',(#400),#411,.F.);
#400 = FACE_BOUND('',#401,.F.);
#401 = EDGE_LOOP('',(#402,#403,#404,#405));
#402 = ORIENTED_EDGE('',*,*,#307,.F.);
#403 = ORIENTED_EDGE('',*,*,#389,.T.);
#404 = ORIENTED_EDGE('',*,*,#372,.F.);
#405 = ORIENTED_EDGE('',*,*,#406,.T.);
#406 = EDGE_CURVE('',#365,#308,#407,.T.);
#407 = LINE('',#408,#409);
#408 = CARTESIAN_POINT('',(-1.4986,-0.4953,3.5941));
#409 = VECTOR('',#410,1.);
#410 = DIRECTION('',(1.,0.,0.));
#411 = PLANE('',#412);
#412 = AXIS2_PLACEMENT_3D('',#413,#414,#415);
#413 = CARTESIAN_POINT('',(0.,-1.7653,3.5941));
#414 = DIRECTION('',(0.,0.,-1.));
#415 = DIRECTION('',(-1.,0.,0.));
#416 = ADVANCED_FACE('',(#417),#423,.F.);
#417 = FACE_BOUND('',#418,.F.);
#418 = EDGE_LOOP('',(#419,#420,#421,#422));
#419 = ORIENTED_EDGE('',*,*,#364,.F.);
#420 = ORIENTED_EDGE('',*,*,#252,.T.);
#421 = ORIENTED_EDGE('',*,*,#315,.T.);
#422 = ORIENTED_EDGE('',*,*,#406,.F.);
#423 = PLANE('',#424);
#424 = AXIS2_PLACEMENT_3D('',#425,#426,#427);
#425 = CARTESIAN_POINT('',(-1.4986,-0.4953,3.2893));
#426 = DIRECTION('',(0.,-1.,0.));
#427 = DIRECTION('',(1.,0.,0.));
#428 = ADVANCED_FACE('',(#429),#448,.T.);
#429 = FACE_BOUND('',#430,.T.);
#430 = EDGE_LOOP('',(#431,#432,#441,#447));
#431 = ORIENTED_EDGE('',*,*,#267,.F.);
#432 = ORIENTED_EDGE('',*,*,#433,.F.);
#433 = EDGE_CURVE('',#434,#268,#436,.T.);
#434 = VERTEX_POINT('',#435);
#435 = CARTESIAN_POINT('',(-3.2512,1.7653,3.0353));
#436 = CIRCLE('',#437,0.254);
#437 = AXIS2_PLACEMENT_3D('',#438,#439,#440);
#438 = CARTESIAN_POINT('',(-2.9972,1.7653,3.0353));
#439 = DIRECTION('',(0.,1.,0.));
#440 = DIRECTION('',(-1.,0.,0.));
#441 = ORIENTED_EDGE('',*,*,#442,.T.);
#442 = EDGE_CURVE('',#434,#82,#443,.T.);
#443 = LINE('',#444,#445);
#444 = CARTESIAN_POINT('',(-3.2512,1.7653,3.0353));
#445 = VECTOR('',#446,1.);
#446 = DIRECTION('',(0.,-1.,0.));
#447 = ORIENTED_EDGE('',*,*,#89,.F.);
#448 = CYLINDRICAL_SURFACE('',#449,0.254);
#449 = AXIS2_PLACEMENT_3D('',#450,#451,#452);
#450 = CARTESIAN_POINT('',(-2.9972,6.96379608,3.0353));
#451 = DIRECTION('',(0.,-1.,0.));
#452 = DIRECTION('',(0.,0.,1.));
#453 = ADVANCED_FACE('',(#454),#472,.T.);
#454 = FACE_BOUND('',#455,.F.);
#455 = EDGE_LOOP('',(#456,#457,#458,#466));
#456 = ORIENTED_EDGE('',*,*,#442,.T.);
#457 = ORIENTED_EDGE('',*,*,#81,.F.);
#458 = ORIENTED_EDGE('',*,*,#459,.F.);
#459 = EDGE_CURVE('',#460,#73,#462,.T.);
#460 = VERTEX_POINT('',#461);
#461 = CARTESIAN_POINT('',(-3.2512,1.7653,-3.0353));
#462 = LINE('',#463,#464);
#463 = CARTESIAN_POINT('',(-3.2512,1.7653,-3.0353));
#464 = VECTOR('',#465,1.);
#465 = DIRECTION('',(0.,-1.,0.));
#466 = ORIENTED_EDGE('',*,*,#467,.T.);
#467 = EDGE_CURVE('',#460,#434,#468,.T.);
#468 = LINE('',#469,#470);
#469 = CARTESIAN_POINT('',(-3.2512,1.7653,-3.0353));
#470 = VECTOR('',#471,1.);
#471 = DIRECTION('',(0.,0.,1.));
#472 = PLANE('',#473);
#473 = AXIS2_PLACEMENT_3D('',#474,#475,#476);
#474 = CARTESIAN_POINT('',(-3.2512,-1.7653,-3.2893));
#475 = DIRECTION('',(-1.,0.,0.));
#476 = DIRECTION('',(0.,0.,1.));
#477 = ADVANCED_FACE('',(#478),#497,.T.);
#478 = FACE_BOUND('',#479,.T.);
#479 = EDGE_LOOP('',(#480,#481,#490,#496));
#480 = ORIENTED_EDGE('',*,*,#459,.F.);
#481 = ORIENTED_EDGE('',*,*,#482,.F.);
#482 = EDGE_CURVE('',#483,#460,#485,.T.);
#483 = VERTEX_POINT('',#484);
#484 = CARTESIAN_POINT('',(-2.9972,1.7653,-3.2893));
#485 = CIRCLE('',#486,0.254);
#486 = AXIS2_PLACEMENT_3D('',#487,#488,#489);
#487 = CARTESIAN_POINT('',(-2.9972,1.7653,-3.0353));
#488 = DIRECTION('',(0.,1.,0.));
#489 = DIRECTION('',(0.,0.,-1.));
#490 = ORIENTED_EDGE('',*,*,#491,.T.);
#491 = EDGE_CURVE('',#483,#65,#492,.T.);
#492 = LINE('',#493,#494);
#493 = CARTESIAN_POINT('',(-2.9972,1.7653,-3.2893));
#494 = VECTOR('',#495,1.);
#495 = DIRECTION('',(0.,-1.,0.));
#496 = ORIENTED_EDGE('',*,*,#72,.F.);
#497 = CYLINDRICAL_SURFACE('',#498,0.254);
#498 = AXIS2_PLACEMENT_3D('',#499,#500,#501);
#499 = CARTESIAN_POINT('',(-2.9972,6.96379608,-3.0353));
#500 = DIRECTION('',(0.,-1.,0.));
#501 = DIRECTION('',(-1.,0.,0.));
#502 = ADVANCED_FACE('',(#503),#537,.T.);
#503 = FACE_BOUND('',#504,.F.);
#504 = EDGE_LOOP('',(#505,#506,#512,#513,#514,#522,#530,#536));
#505 = ORIENTED_EDGE('',*,*,#161,.F.);
#506 = ORIENTED_EDGE('',*,*,#507,.T.);
#507 = EDGE_CURVE('',#162,#483,#508,.T.);
#508 = LINE('',#509,#510);
#509 = CARTESIAN_POINT('',(2.9972,1.7653,-3.2893));
#510 = VECTOR('',#511,1.);
#511 = DIRECTION('',(-1.,0.,0.));
#512 = ORIENTED_EDGE('',*,*,#491,.T.);
#513 = ORIENTED_EDGE('',*,*,#64,.F.);
#514 = ORIENTED_EDGE('',*,*,#515,.T.);
#515 = EDGE_CURVE('',#57,#516,#518,.T.);
#516 = VERTEX_POINT('',#517);
#517 = CARTESIAN_POINT('',(-1.4986,-0.4953,-3.2893));
#518 = LINE('',#519,#520);
#519 = CARTESIAN_POINT('',(-1.4986,-1.7653,-3.2893));
#520 = VECTOR('',#521,1.);
#521 = DIRECTION('',(0.,1.,0.));
#522 = ORIENTED_EDGE('',*,*,#523,.T.);
#523 = EDGE_CURVE('',#516,#524,#526,.T.);
#524 = VERTEX_POINT('',#525);
#525 = CARTESIAN_POINT('',(1.4986,-0.4953,-3.2893));
#526 = LINE('',#527,#528);
#527 = CARTESIAN_POINT('',(-1.4986,-0.4953,-3.2893));
#528 = VECTOR('',#529,1.);
#529 = DIRECTION('',(1.,0.,0.));
#530 = ORIENTED_EDGE('',*,*,#531,.F.);
#531 = EDGE_CURVE('',#33,#524,#532,.T.);
#532 = LINE('',#533,#534);
#533 = CARTESIAN_POINT('',(1.4986,-1.7653,-3.2893));
#534 = VECTOR('',#535,1.);
#535 = DIRECTION('',(0.,1.,0.));
#536 = ORIENTED_EDGE('',*,*,#32,.F.);
#537 = PLANE('',#538);
#538 = AXIS2_PLACEMENT_3D('',#539,#540,#541);
#539 = CARTESIAN_POINT('',(3.2512,-1.7653,-3.2893));
#540 = DIRECTION('',(0.,0.,-1.));
#541 = DIRECTION('',(-1.,0.,0.));
#542 = ADVANCED_FACE('',(#543),#625,.T.);
#543 = FACE_BOUND('',#544,.F.);
#544 = EDGE_LOOP('',(#545,#555,#563,#571,#579,#587,#595,#603,#611,#619)
  );
#545 = ORIENTED_EDGE('',*,*,#546,.T.);
#546 = EDGE_CURVE('',#547,#549,#551,.T.);
#547 = VERTEX_POINT('',#548);
#548 = CARTESIAN_POINT('',(0.103761685216,1.7653,-1.547812537849));
#549 = VERTEX_POINT('',#550);
#550 = CARTESIAN_POINT('',(0.103761685216,1.7653,-2.301875));
#551 = LINE('',#552,#553);
#552 = CARTESIAN_POINT('',(0.103761685216,1.7653,-1.547812537849));
#553 = VECTOR('',#554,1.);
#554 = DIRECTION('',(0.,0.,-1.));
#555 = ORIENTED_EDGE('',*,*,#556,.T.);
#556 = EDGE_CURVE('',#549,#557,#559,.T.);
#557 = VERTEX_POINT('',#558);
#558 = CARTESIAN_POINT('',(0.711740449691,1.7653,-2.301875));
#559 = LINE('',#560,#561);
#560 = CARTESIAN_POINT('',(0.103761685216,1.7653,-2.301875));
#561 = VECTOR('',#562,1.);
#562 = DIRECTION('',(1.,0.,0.));
#563 = ORIENTED_EDGE('',*,*,#564,.T.);
#564 = EDGE_CURVE('',#557,#565,#567,.T.);
#565 = VERTEX_POINT('',#566);
#566 = CARTESIAN_POINT('',(0.711740449691,1.7653,-1.547812537849));
#567 = LINE('',#568,#569);
#568 = CARTESIAN_POINT('',(0.711740449691,1.7653,-2.301875));
#569 = VECTOR('',#570,1.);
#570 = DIRECTION('',(0.,0.,1.));
#571 = ORIENTED_EDGE('',*,*,#572,.T.);
#572 = EDGE_CURVE('',#565,#573,#575,.T.);
#573 = VERTEX_POINT('',#574);
#574 = CARTESIAN_POINT('',(0.671208539629,1.7653,-1.428750037849));
#575 = LINE('',#576,#577);
#576 = CARTESIAN_POINT('',(0.711740449691,1.7653,-1.547812537849));
#577 = VECTOR('',#578,1.);
#578 = DIRECTION('',(-0.322263763377,0.,0.94664991777));
#579 = ORIENTED_EDGE('',*,*,#580,.T.);
#580 = EDGE_CURVE('',#573,#581,#583,.T.);
#581 = VERTEX_POINT('',#582);
#582 = CARTESIAN_POINT('',(0.590144719505,1.7653,-1.349375));
#583 = LINE('',#584,#585);
#584 = CARTESIAN_POINT('',(0.671208539629,1.7653,-1.428750037849));
#585 = VECTOR('',#586,1.);
#586 = DIRECTION('',(-0.714510218035,0.,0.699625005502));
#587 = ORIENTED_EDGE('',*,*,#588,.T.);
#588 = EDGE_CURVE('',#581,#589,#591,.T.);
#589 = VERTEX_POINT('',#590);
#590 = CARTESIAN_POINT('',(0.46854898932,1.7653,-1.309687537849));
#591 = LINE('',#592,#593);
#592 = CARTESIAN_POINT('',(0.590144719505,1.7653,-1.349375));
#593 = VECTOR('',#594,1.);
#594 = DIRECTION('',(-0.950645279393,0.,0.310279797551));
#595 = ORIENTED_EDGE('',*,*,#596,.T.);
#596 = EDGE_CURVE('',#589,#597,#599,.T.);
#597 = VERTEX_POINT('',#598);
#598 = CARTESIAN_POINT('',(0.346953145587,1.7653,-1.309687537849));
#599 = LINE('',#600,#601);
#600 = CARTESIAN_POINT('',(0.46854898932,1.7653,-1.309687537849));
#601 = VECTOR('',#602,1.);
#602 = DIRECTION('',(-1.,0.,0.));
#603 = ORIENTED_EDGE('',*,*,#604,.T.);
#604 = EDGE_CURVE('',#597,#605,#607,.T.);
#605 = VERTEX_POINT('',#606);
#606 = CARTESIAN_POINT('',(0.225357415402,1.7653,-1.349375));
#607 = LINE('',#608,#609);
#608 = CARTESIAN_POINT('',(0.346953145587,1.7653,-1.309687537849));
#609 = VECTOR('',#610,1.);
#610 = DIRECTION('',(-0.950645279393,0.,-0.310279797551));
#611 = ORIENTED_EDGE('',*,*,#612,.T.);
#612 = EDGE_CURVE('',#605,#613,#615,.T.);
#613 = VERTEX_POINT('',#614);
#614 = CARTESIAN_POINT('',(0.144293595278,1.7653,-1.428750037849));
#615 = LINE('',#616,#617);
#616 = CARTESIAN_POINT('',(0.225357415402,1.7653,-1.349375));
#617 = VECTOR('',#618,1.);
#618 = DIRECTION('',(-0.714510218035,0.,-0.699625005502));
#619 = ORIENTED_EDGE('',*,*,#620,.T.);
#620 = EDGE_CURVE('',#613,#547,#621,.T.);
#621 = LINE('',#622,#623);
#622 = CARTESIAN_POINT('',(0.144293595278,1.7653,-1.428750037849));
#623 = VECTOR('',#624,1.);
#624 = DIRECTION('',(-0.322263763377,0.,-0.94664991777));
#625 = PLANE('',#626);
#626 = AXIS2_PLACEMENT_3D('',#627,#628,#629);
#627 = CARTESIAN_POINT('',(0.,1.7653,0.));
#628 = DIRECTION('',(0.,1.,0.));
#629 = DIRECTION('',(1.,0.,0.));
#630 = ADVANCED_FACE('',(#631),#793,.T.);
#631 = FACE_BOUND('',#632,.F.);
#632 = EDGE_LOOP('',(#633,#643,#651,#659,#667,#675,#683,#691,#699,#707,
    #715,#723,#731,#739,#747,#755,#763,#771,#779,#787));
#633 = ORIENTED_EDGE('',*,*,#634,.T.);
#634 = EDGE_CURVE('',#635,#637,#639,.T.);
#635 = VERTEX_POINT('',#636);
#636 = CARTESIAN_POINT('',(-0.179961685216,1.7653,2.2225));
#637 = VERTEX_POINT('',#638);
#638 = CARTESIAN_POINT('',(-0.301557472175,1.7653,2.262187348604));
#639 = LINE('',#640,#641);
#640 = CARTESIAN_POINT('',(-0.179961685216,1.7653,2.2225));
#641 = VECTOR('',#642,1.);
#642 = DIRECTION('',(-0.950645583971,0.,0.310278864373));
#643 = ORIENTED_EDGE('',*,*,#644,.T.);
#644 = EDGE_CURVE('',#637,#645,#647,.T.);
#645 = VERTEX_POINT('',#646);
#646 = CARTESIAN_POINT('',(-0.423153202361,1.7653,2.262187348604));
#647 = LINE('',#648,#649);
#648 = CARTESIAN_POINT('',(-0.301557472175,1.7653,2.262187348604));
#649 = VECTOR('',#650,1.);
#650 = DIRECTION('',(-1.,0.,0.));
#651 = ORIENTED_EDGE('',*,*,#652,.T.);
#652 = EDGE_CURVE('',#645,#653,#655,.T.);
#653 = VERTEX_POINT('',#654);
#654 = CARTESIAN_POINT('',(-0.544748932546,1.7653,2.2225));
#655 = LINE('',#656,#657);
#656 = CARTESIAN_POINT('',(-0.423153202361,1.7653,2.262187348604));
#657 = VECTOR('',#658,1.);
#658 = DIRECTION('',(-0.950645541239,0.,-0.310278995296));
#659 = ORIENTED_EDGE('',*,*,#660,.T.);
#660 = EDGE_CURVE('',#653,#661,#663,.T.);
#661 = VERTEX_POINT('',#662);
#662 = CARTESIAN_POINT('',(-0.666344691119,1.7653,2.143124848604));
#663 = LINE('',#664,#665);
#664 = CARTESIAN_POINT('',(-0.544748932546,1.7653,2.2225));
#665 = VECTOR('',#666,1.);
#666 = DIRECTION('',(-0.837378701723,0.,-0.546623188221));
#667 = ORIENTED_EDGE('',*,*,#668,.T.);
#668 = EDGE_CURVE('',#661,#669,#671,.T.);
#669 = VERTEX_POINT('',#670);
#670 = CARTESIAN_POINT('',(-0.747408511242,1.7653,2.024062348604));
#671 = LINE('',#672,#673);
#672 = CARTESIAN_POINT('',(-0.666344691119,1.7653,2.143124848604));
#673 = VECTOR('',#674,1.);
#674 = DIRECTION('',(-0.562790931242,0.,-0.8265992788));
#675 = ORIENTED_EDGE('',*,*,#676,.T.);
#676 = EDGE_CURVE('',#669,#677,#679,.T.);
#677 = VERTEX_POINT('',#678);
#678 = CARTESIAN_POINT('',(-0.787940421304,1.7653,1.904999848604));
#679 = LINE('',#680,#681);
#680 = CARTESIAN_POINT('',(-0.747408511242,1.7653,2.024062348604));
#681 = VECTOR('',#682,1.);
#682 = DIRECTION('',(-0.322263763377,0.,-0.94664991777));
#683 = ORIENTED_EDGE('',*,*,#684,.T.);
#684 = EDGE_CURVE('',#677,#685,#687,.T.);
#685 = VERTEX_POINT('',#686);
#686 = CARTESIAN_POINT('',(-0.787940421304,1.7653,1.6271875));
#687 = LINE('',#688,#689);
#688 = CARTESIAN_POINT('',(-0.787940421304,1.7653,1.904999848604));
#689 = VECTOR('',#690,1.);
#690 = DIRECTION('',(0.,0.,-1.));
#691 = ORIENTED_EDGE('',*,*,#692,.T.);
#692 = EDGE_CURVE('',#685,#693,#695,.T.);
#693 = VERTEX_POINT('',#694);
#694 = CARTESIAN_POINT('',(-0.747408511242,1.7653,1.508125));
#695 = LINE('',#696,#697);
#696 = CARTESIAN_POINT('',(-0.787940421304,1.7653,1.6271875));
#697 = VECTOR('',#698,1.);
#698 = DIRECTION('',(0.322263763377,0.,-0.94664991777));
#699 = ORIENTED_EDGE('',*,*,#700,.T.);
#700 = EDGE_CURVE('',#693,#701,#703,.T.);
#701 = VERTEX_POINT('',#702);
#702 = CARTESIAN_POINT('',(-0.666344691119,1.7653,1.3890625));
#703 = LINE('',#704,#705);
#704 = CARTESIAN_POINT('',(-0.747408511242,1.7653,1.508125));
#705 = VECTOR('',#706,1.);
#706 = DIRECTION('',(0.562790931242,0.,-0.8265992788));
#707 = ORIENTED_EDGE('',*,*,#708,.T.);
#708 = EDGE_CURVE('',#701,#709,#711,.T.);
#709 = VERTEX_POINT('',#710);
#710 = CARTESIAN_POINT('',(-0.544748932546,1.7653,1.309687348604));
#711 = LINE('',#712,#713);
#712 = CARTESIAN_POINT('',(-0.666344691119,1.7653,1.3890625));
#713 = VECTOR('',#714,1.);
#714 = DIRECTION('',(0.837378701723,0.,-0.546623188221));
#715 = ORIENTED_EDGE('',*,*,#716,.T.);
#716 = EDGE_CURVE('',#709,#717,#719,.T.);
#717 = VERTEX_POINT('',#718);
#718 = CARTESIAN_POINT('',(-0.423153202361,1.7653,1.27));
#719 = LINE('',#720,#721);
#720 = CARTESIAN_POINT('',(-0.544748932546,1.7653,1.309687348604));
#721 = VECTOR('',#722,1.);
#722 = DIRECTION('',(0.950645541239,0.,-0.310278995296));
#723 = ORIENTED_EDGE('',*,*,#724,.T.);
#724 = EDGE_CURVE('',#717,#725,#727,.T.);
#725 = VERTEX_POINT('',#726);
#726 = CARTESIAN_POINT('',(-0.301557472175,1.7653,1.27));
#727 = LINE('',#728,#729);
#728 = CARTESIAN_POINT('',(-0.423153202361,1.7653,1.27));
#729 = VECTOR('',#730,1.);
#730 = DIRECTION('',(1.,0.,0.));
#731 = ORIENTED_EDGE('',*,*,#732,.T.);
#732 = EDGE_CURVE('',#725,#733,#735,.T.);
#733 = VERTEX_POINT('',#734);
#734 = CARTESIAN_POINT('',(-0.179961685216,1.7653,1.309687348604));
#735 = LINE('',#736,#737);
#736 = CARTESIAN_POINT('',(-0.301557472175,1.7653,1.27));
#737 = VECTOR('',#738,1.);
#738 = DIRECTION('',(0.950645583971,0.,0.310278864373));
#739 = ORIENTED_EDGE('',*,*,#740,.T.);
#740 = EDGE_CURVE('',#733,#741,#743,.T.);
#741 = VERTEX_POINT('',#742);
#742 = CARTESIAN_POINT('',(-9.889786509275E-02,1.7653,1.3890625));
#743 = LINE('',#744,#745);
#744 = CARTESIAN_POINT('',(-0.179961685216,1.7653,1.309687348604));
#745 = VECTOR('',#746,1.);
#746 = DIRECTION('',(0.714509717736,0.,0.699625516445));
#747 = ORIENTED_EDGE('',*,*,#748,.T.);
#748 = EDGE_CURVE('',#741,#749,#751,.T.);
#749 = VERTEX_POINT('',#750);
#750 = CARTESIAN_POINT('',(-1.783404496908E-02,1.7653,1.508125));
#751 = LINE('',#752,#753);
#752 = CARTESIAN_POINT('',(-9.889786509275E-02,1.7653,1.3890625));
#753 = VECTOR('',#754,1.);
#754 = DIRECTION('',(0.562790931242,0.,0.8265992788));
#755 = ORIENTED_EDGE('',*,*,#756,.T.);
#756 = EDGE_CURVE('',#749,#757,#759,.T.);
#757 = VERTEX_POINT('',#758);
#758 = CARTESIAN_POINT('',(2.269786509275E-02,1.7653,1.6271875));
#759 = LINE('',#760,#761);
#760 = CARTESIAN_POINT('',(-1.783404496908E-02,1.7653,1.508125));
#761 = VECTOR('',#762,1.);
#762 = DIRECTION('',(0.322263763377,0.,0.94664991777));
#763 = ORIENTED_EDGE('',*,*,#764,.T.);
#764 = EDGE_CURVE('',#757,#765,#767,.T.);
#765 = VERTEX_POINT('',#766);
#766 = CARTESIAN_POINT('',(2.269786509275E-02,1.7653,1.904999848604));
#767 = LINE('',#768,#769);
#768 = CARTESIAN_POINT('',(2.269786509275E-02,1.7653,1.6271875));
#769 = VECTOR('',#770,1.);
#770 = DIRECTION('',(0.,0.,1.));
#771 = ORIENTED_EDGE('',*,*,#772,.T.);
#772 = EDGE_CURVE('',#765,#773,#775,.T.);
#773 = VERTEX_POINT('',#774);
#774 = CARTESIAN_POINT('',(-1.783404496908E-02,1.7653,2.024062348604));
#775 = LINE('',#776,#777);
#776 = CARTESIAN_POINT('',(2.269786509275E-02,1.7653,1.904999848604));
#777 = VECTOR('',#778,1.);
#778 = DIRECTION('',(-0.322263763377,0.,0.94664991777));
#779 = ORIENTED_EDGE('',*,*,#780,.T.);
#780 = EDGE_CURVE('',#773,#781,#783,.T.);
#781 = VERTEX_POINT('',#782);
#782 = CARTESIAN_POINT('',(-9.889786509275E-02,1.7653,2.143124848604));
#783 = LINE('',#784,#785);
#784 = CARTESIAN_POINT('',(-1.783404496908E-02,1.7653,2.024062348604));
#785 = VECTOR('',#786,1.);
#786 = DIRECTION('',(-0.562790931242,0.,0.8265992788));
#787 = ORIENTED_EDGE('',*,*,#788,.T.);
#788 = EDGE_CURVE('',#781,#635,#789,.T.);
#789 = LINE('',#790,#791);
#790 = CARTESIAN_POINT('',(-9.889786509275E-02,1.7653,2.143124848604));
#791 = VECTOR('',#792,1.);
#792 = DIRECTION('',(-0.714509717736,0.,0.699625516445));
#793 = PLANE('',#794);
#794 = AXIS2_PLACEMENT_3D('',#795,#796,#797);
#795 = CARTESIAN_POINT('',(0.,1.7653,0.));
#796 = DIRECTION('',(0.,1.,0.));
#797 = DIRECTION('',(1.,0.,0.));
#798 = ADVANCED_FACE('',(#799,#809,#939,#1261),#1583,.T.);
#799 = FACE_BOUND('',#800,.F.);
#800 = EDGE_LOOP('',(#801,#802,#803,#804,#805,#806,#807,#808));
#801 = ORIENTED_EDGE('',*,*,#169,.F.);
#802 = ORIENTED_EDGE('',*,*,#203,.F.);
#803 = ORIENTED_EDGE('',*,*,#218,.F.);
#804 = ORIENTED_EDGE('',*,*,#275,.F.);
#805 = ORIENTED_EDGE('',*,*,#433,.F.);
#806 = ORIENTED_EDGE('',*,*,#467,.F.);
#807 = ORIENTED_EDGE('',*,*,#482,.F.);
#808 = ORIENTED_EDGE('',*,*,#507,.F.);
#809 = FACE_BOUND('',#810,.F.);
#810 = EDGE_LOOP('',(#811,#821,#829,#837,#845,#853,#861,#869,#877,#885,
    #893,#901,#909,#917,#925,#933));
#811 = ORIENTED_EDGE('',*,*,#812,.T.);
#812 = EDGE_CURVE('',#813,#815,#817,.T.);
#813 = VERTEX_POINT('',#814);
#814 = CARTESIAN_POINT('',(-0.139429775155,1.7653,-2.301875));
#815 = VERTEX_POINT('',#816);
#816 = CARTESIAN_POINT('',(-0.139429775155,1.7653,-1.627187518925));
#817 = LINE('',#818,#819);
#818 = CARTESIAN_POINT('',(-0.139429775155,1.7653,-2.301875));
#819 = VECTOR('',#820,1.);
#820 = DIRECTION('',(0.,0.,1.));
#821 = ORIENTED_EDGE('',*,*,#822,.T.);
#822 = EDGE_CURVE('',#815,#823,#825,.T.);
#823 = VERTEX_POINT('',#824);
#824 = CARTESIAN_POINT('',(-0.9906,1.7653,-1.309687537849));
#825 = LINE('',#826,#827);
#826 = CARTESIAN_POINT('',(-0.139429775155,1.7653,-1.627187518925));
#827 = VECTOR('',#828,1.);
#828 = DIRECTION('',(-0.936938947553,0.,0.349493073693));
#829 = ORIENTED_EDGE('',*,*,#830,.T.);
#830 = EDGE_CURVE('',#823,#831,#833,.T.);
#831 = VERTEX_POINT('',#832);
#832 = CARTESIAN_POINT('',(-0.9906,1.7653,-1.031874962151));
#833 = LINE('',#834,#835);
#834 = CARTESIAN_POINT('',(-0.9906,1.7653,-1.309687537849));
#835 = VECTOR('',#836,1.);
#836 = DIRECTION('',(0.,0.,1.));
#837 = ORIENTED_EDGE('',*,*,#838,.T.);
#838 = EDGE_CURVE('',#831,#839,#841,.T.);
#839 = VERTEX_POINT('',#840);
#840 = CARTESIAN_POINT('',(-5.836595503092E-02,1.7653,-1.389062462151));
#841 = LINE('',#842,#843);
#842 = CARTESIAN_POINT('',(-0.9906,1.7653,-1.031874962151));
#843 = VECTOR('',#844,1.);
#844 = DIRECTION('',(0.933802645237,0.,-0.357788512601));
#845 = ORIENTED_EDGE('',*,*,#846,.T.);
#846 = EDGE_CURVE('',#839,#847,#849,.T.);
#847 = VERTEX_POINT('',#848);
#848 = CARTESIAN_POINT('',(2.269786509275E-02,1.7653,-1.2303125));
#849 = LINE('',#850,#851);
#850 = CARTESIAN_POINT('',(-5.836595503092E-02,1.7653,-1.389062462151));
#851 = VECTOR('',#852,1.);
#852 = DIRECTION('',(0.45477719955,0.,0.89060524295));
#853 = ORIENTED_EDGE('',*,*,#854,.T.);
#854 = EDGE_CURVE('',#847,#855,#857,.T.);
#855 = VERTEX_POINT('',#856);
#856 = CARTESIAN_POINT('',(0.18482550534,1.7653,-1.11125));
#857 = LINE('',#858,#859);
#858 = CARTESIAN_POINT('',(2.269786509275E-02,1.7653,-1.2303125));
#859 = VECTOR('',#860,1.);
#860 = DIRECTION('',(0.806004395831,0.,0.59190954875));
#861 = ORIENTED_EDGE('',*,*,#862,.T.);
#862 = EDGE_CURVE('',#855,#863,#865,.T.);
#863 = VERTEX_POINT('',#864);
#864 = CARTESIAN_POINT('',(0.306421235526,1.7653,-1.071562537849));
#865 = LINE('',#866,#867);
#866 = CARTESIAN_POINT('',(0.18482550534,1.7653,-1.11125));
#867 = VECTOR('',#868,1.);
#868 = DIRECTION('',(0.950645279393,0.,0.310279797551));
#869 = ORIENTED_EDGE('',*,*,#870,.T.);
#870 = EDGE_CURVE('',#863,#871,#873,.T.);
#871 = VERTEX_POINT('',#872);
#872 = CARTESIAN_POINT('',(0.46854898932,1.7653,-1.071562537849));
#873 = LINE('',#874,#875);
#874 = CARTESIAN_POINT('',(0.306421235526,1.7653,-1.071562537849));
#875 = VECTOR('',#876,1.);
#876 = DIRECTION('',(1.,0.,0.));
#877 = ORIENTED_EDGE('',*,*,#878,.T.);
#878 = EDGE_CURVE('',#871,#879,#881,.T.);
#879 = VERTEX_POINT('',#880);
#880 = CARTESIAN_POINT('',(0.590144719505,1.7653,-1.11125));
#881 = LINE('',#882,#883);
#882 = CARTESIAN_POINT('',(0.46854898932,1.7653,-1.071562537849));
#883 = VECTOR('',#884,1.);
#884 = DIRECTION('',(0.950645279393,0.,-0.310279797551));
#885 = ORIENTED_EDGE('',*,*,#886,.T.);
#886 = EDGE_CURVE('',#879,#887,#889,.T.);
#887 = VERTEX_POINT('',#888);
#888 = CARTESIAN_POINT('',(0.752272359753,1.7653,-1.2303125));
#889 = LINE('',#890,#891);
#890 = CARTESIAN_POINT('',(0.590144719505,1.7653,-1.11125));
#891 = VECTOR('',#892,1.);
#892 = DIRECTION('',(0.806004395831,0.,-0.59190954875));
#893 = ORIENTED_EDGE('',*,*,#894,.T.);
#894 = EDGE_CURVE('',#887,#895,#897,.T.);
#895 = VERTEX_POINT('',#896);
#896 = CARTESIAN_POINT('',(0.873868089938,1.7653,-1.389062462151));
#897 = LINE('',#898,#899);
#898 = CARTESIAN_POINT('',(0.752272359753,1.7653,-1.2303125));
#899 = VECTOR('',#900,1.);
#900 = DIRECTION('',(0.608076923474,0.,-0.793878111009));
#901 = ORIENTED_EDGE('',*,*,#902,.T.);
#902 = EDGE_CURVE('',#895,#903,#905,.T.);
#903 = VERTEX_POINT('',#904);
#904 = CARTESIAN_POINT('',(0.9144,1.7653,-1.5875));
#905 = LINE('',#906,#907);
#906 = CARTESIAN_POINT('',(0.873868089938,1.7653,-1.389062462151));
#907 = VECTOR('',#908,1.);
#908 = DIRECTION('',(0.200123318418,0.,-0.979770716763));
#909 = ORIENTED_EDGE('',*,*,#910,.T.);
#910 = EDGE_CURVE('',#903,#911,#913,.T.);
#911 = VERTEX_POINT('',#912);
#912 = CARTESIAN_POINT('',(0.9144,1.7653,-2.54));
#913 = LINE('',#914,#915);
#914 = CARTESIAN_POINT('',(0.9144,1.7653,-1.5875));
#915 = VECTOR('',#916,1.);
#916 = DIRECTION('',(0.,0.,-1.));
#917 = ORIENTED_EDGE('',*,*,#918,.T.);
#918 = EDGE_CURVE('',#911,#919,#921,.T.);
#919 = VERTEX_POINT('',#920);
#920 = CARTESIAN_POINT('',(-0.9906,1.7653,-2.54));
#921 = LINE('',#922,#923);
#922 = CARTESIAN_POINT('',(0.9144,1.7653,-2.54));
#923 = VECTOR('',#924,1.);
#924 = DIRECTION('',(-1.,0.,0.));
#925 = ORIENTED_EDGE('',*,*,#926,.T.);
#926 = EDGE_CURVE('',#919,#927,#929,.T.);
#927 = VERTEX_POINT('',#928);
#928 = CARTESIAN_POINT('',(-0.9906,1.7653,-2.301875));
#929 = LINE('',#930,#931);
#930 = CARTESIAN_POINT('',(-0.9906,1.7653,-2.54));
#931 = VECTOR('',#932,1.);
#932 = DIRECTION('',(0.,0.,1.));
#933 = ORIENTED_EDGE('',*,*,#934,.T.);
#934 = EDGE_CURVE('',#927,#813,#935,.T.);
#935 = LINE('',#936,#937);
#936 = CARTESIAN_POINT('',(-0.9906,1.7653,-2.301875));
#937 = VECTOR('',#938,1.);
#938 = DIRECTION('',(1.,0.,0.));
#939 = FACE_BOUND('',#940,.F.);
#940 = EDGE_LOOP('',(#941,#951,#959,#967,#975,#983,#991,#999,#1007,#1015
    ,#1023,#1031,#1039,#1047,#1055,#1063,#1071,#1079,#1087,#1095,#1103,
    #1111,#1119,#1127,#1135,#1143,#1151,#1159,#1167,#1175,#1183,#1191,
    #1199,#1207,#1215,#1223,#1231,#1239,#1247,#1255));
#941 = ORIENTED_EDGE('',*,*,#942,.T.);
#942 = EDGE_CURVE('',#943,#945,#947,.T.);
#943 = VERTEX_POINT('',#944);
#944 = CARTESIAN_POINT('',(-0.139429775155,1.7653,-0.436562575698));
#945 = VERTEX_POINT('',#946);
#946 = CARTESIAN_POINT('',(-1.783404496908E-02,1.7653,-0.2778125));
#947 = LINE('',#948,#949);
#948 = CARTESIAN_POINT('',(-0.139429775155,1.7653,-0.436562575698));
#949 = VECTOR('',#950,1.);
#950 = DIRECTION('',(0.608076649362,0.,0.793878320966));
#951 = ORIENTED_EDGE('',*,*,#952,.T.);
#952 = EDGE_CURVE('',#945,#953,#955,.T.);
#953 = VERTEX_POINT('',#954);
#954 = CARTESIAN_POINT('',(2.269786509275E-02,1.7653,-0.119062424302));
#955 = LINE('',#956,#957);
#956 = CARTESIAN_POINT('',(-1.783404496908E-02,1.7653,-0.2778125));
#957 = VECTOR('',#958,1.);
#958 = DIRECTION('',(0.247383106838,0.,0.968917745968));
#959 = ORIENTED_EDGE('',*,*,#960,.T.);
#960 = EDGE_CURVE('',#953,#961,#963,.T.);
#961 = VERTEX_POINT('',#962);
#962 = CARTESIAN_POINT('',(2.269786509275E-02,1.7653,0.119062575698));
#963 = LINE('',#964,#965);
#964 = CARTESIAN_POINT('',(2.269786509275E-02,1.7653,-0.119062424302));
#965 = VECTOR('',#966,1.);
#966 = DIRECTION('',(0.,0.,1.));
#967 = ORIENTED_EDGE('',*,*,#968,.T.);
#968 = EDGE_CURVE('',#961,#969,#971,.T.);
#969 = VERTEX_POINT('',#970);
#970 = CARTESIAN_POINT('',(-1.783404496908E-02,1.7653,0.277812424302));
#971 = LINE('',#972,#973);
#972 = CARTESIAN_POINT('',(2.269786509275E-02,1.7653,0.119062575698));
#973 = VECTOR('',#974,1.);
#974 = DIRECTION('',(-0.247383439065,0.,0.968917661144));
#975 = ORIENTED_EDGE('',*,*,#976,.T.);
#976 = EDGE_CURVE('',#969,#977,#979,.T.);
#977 = VERTEX_POINT('',#978);
#978 = CARTESIAN_POINT('',(-9.889786509275E-02,1.7653,0.396874924302));
#979 = LINE('',#980,#981);
#980 = CARTESIAN_POINT('',(-1.783404496908E-02,1.7653,0.277812424302));
#981 = VECTOR('',#982,1.);
#982 = DIRECTION('',(-0.562790931242,0.,0.8265992788));
#983 = ORIENTED_EDGE('',*,*,#984,.T.);
#984 = EDGE_CURVE('',#977,#985,#987,.T.);
#985 = VERTEX_POINT('',#986);
#986 = CARTESIAN_POINT('',(-0.220493595278,1.7653,0.476250075698));
#987 = LINE('',#988,#989);
#988 = CARTESIAN_POINT('',(-9.889786509275E-02,1.7653,0.396874924302));
#989 = VECTOR('',#990,1.);
#990 = DIRECTION('',(-0.837378643312,0.,0.546623277701));
#991 = ORIENTED_EDGE('',*,*,#992,.T.);
#992 = EDGE_CURVE('',#985,#993,#995,.T.);
#993 = VERTEX_POINT('',#994);
#994 = CARTESIAN_POINT('',(-0.342089382237,1.7653,0.515937424302));
#995 = LINE('',#996,#997);
#996 = CARTESIAN_POINT('',(-0.220493595278,1.7653,0.476250075698));
#997 = VECTOR('',#998,1.);
#998 = DIRECTION('',(-0.950645583971,0.,0.310278864373));
#999 = ORIENTED_EDGE('',*,*,#1000,.T.);
#1000 = EDGE_CURVE('',#993,#1001,#1003,.T.);
#1001 = VERTEX_POINT('',#1002);
#1002 = CARTESIAN_POINT('',(-0.423153202361,1.7653,0.515937424302));
#1003 = LINE('',#1004,#1005);
#1004 = CARTESIAN_POINT('',(-0.342089382237,1.7653,0.515937424302));
#1005 = VECTOR('',#1006,1.);
#1006 = DIRECTION('',(-1.,0.,0.));
#1007 = ORIENTED_EDGE('',*,*,#1008,.T.);
#1008 = EDGE_CURVE('',#1001,#1009,#1011,.T.);
#1009 = VERTEX_POINT('',#1010);
#1010 = CARTESIAN_POINT('',(-0.544748932546,1.7653,0.476250075698));
#1011 = LINE('',#1012,#1013);
#1012 = CARTESIAN_POINT('',(-0.423153202361,1.7653,0.515937424302));
#1013 = VECTOR('',#1014,1.);
#1014 = DIRECTION('',(-0.950645541239,0.,-0.310278995296));
#1015 = ORIENTED_EDGE('',*,*,#1016,.T.);
#1016 = EDGE_CURVE('',#1009,#1017,#1019,.T.);
#1017 = VERTEX_POINT('',#1018);
#1018 = CARTESIAN_POINT('',(-0.666344691119,1.7653,0.396874924302));
#1019 = LINE('',#1020,#1021);
#1020 = CARTESIAN_POINT('',(-0.544748932546,1.7653,0.476250075698));
#1021 = VECTOR('',#1022,1.);
#1022 = DIRECTION('',(-0.837378701723,0.,-0.546623188221));
#1023 = ORIENTED_EDGE('',*,*,#1024,.T.);
#1024 = EDGE_CURVE('',#1017,#1025,#1027,.T.);
#1025 = VERTEX_POINT('',#1026);
#1026 = CARTESIAN_POINT('',(-0.747408511242,1.7653,0.277812424302));
#1027 = LINE('',#1028,#1029);
#1028 = CARTESIAN_POINT('',(-0.666344691119,1.7653,0.396874924302));
#1029 = VECTOR('',#1030,1.);
#1030 = DIRECTION('',(-0.562790931242,0.,-0.8265992788));
#1031 = ORIENTED_EDGE('',*,*,#1032,.T.);
#1032 = EDGE_CURVE('',#1025,#1033,#1035,.T.);
#1033 = VERTEX_POINT('',#1034);
#1034 = CARTESIAN_POINT('',(-0.787940421304,1.7653,0.119062575698));
#1035 = LINE('',#1036,#1037);
#1036 = CARTESIAN_POINT('',(-0.747408511242,1.7653,0.277812424302));
#1037 = VECTOR('',#1038,1.);
#1038 = DIRECTION('',(-0.247383439065,0.,-0.968917661144));
#1039 = ORIENTED_EDGE('',*,*,#1040,.T.);
#1040 = EDGE_CURVE('',#1033,#1041,#1043,.T.);
#1041 = VERTEX_POINT('',#1042);
#1042 = CARTESIAN_POINT('',(-0.787940421304,1.7653,-0.119062424302));
#1043 = LINE('',#1044,#1045);
#1044 = CARTESIAN_POINT('',(-0.787940421304,1.7653,0.119062575698));
#1045 = VECTOR('',#1046,1.);
#1046 = DIRECTION('',(0.,0.,-1.));
#1047 = ORIENTED_EDGE('',*,*,#1048,.T.);
#1048 = EDGE_CURVE('',#1041,#1049,#1051,.T.);
#1049 = VERTEX_POINT('',#1050);
#1050 = CARTESIAN_POINT('',(-0.747408511242,1.7653,-0.2778125));
#1051 = LINE('',#1052,#1053);
#1052 = CARTESIAN_POINT('',(-0.787940421304,1.7653,-0.119062424302));
#1053 = VECTOR('',#1054,1.);
#1054 = DIRECTION('',(0.247383106838,0.,-0.968917745968));
#1055 = ORIENTED_EDGE('',*,*,#1056,.T.);
#1056 = EDGE_CURVE('',#1049,#1057,#1059,.T.);
#1057 = VERTEX_POINT('',#1058);
#1058 = CARTESIAN_POINT('',(-0.666344691119,1.7653,-0.396875));
#1059 = LINE('',#1060,#1061);
#1060 = CARTESIAN_POINT('',(-0.747408511242,1.7653,-0.2778125));
#1061 = VECTOR('',#1062,1.);
#1062 = DIRECTION('',(0.562790931242,0.,-0.8265992788));
#1063 = ORIENTED_EDGE('',*,*,#1064,.T.);
#1064 = EDGE_CURVE('',#1057,#1065,#1067,.T.);
#1065 = VERTEX_POINT('',#1066);
#1066 = CARTESIAN_POINT('',(-0.504217022484,1.7653,-0.476249924302));
#1067 = LINE('',#1068,#1069);
#1068 = CARTESIAN_POINT('',(-0.666344691119,1.7653,-0.396875));
#1069 = VECTOR('',#1070,1.);
#1070 = DIRECTION('',(0.898138293184,0.,-0.439713095457));
#1071 = ORIENTED_EDGE('',*,*,#1072,.T.);
#1072 = EDGE_CURVE('',#1065,#1073,#1075,.T.);
#1073 = VERTEX_POINT('',#1074);
#1074 = CARTESIAN_POINT('',(-0.504217022484,1.7653,-0.714375037849));
#1075 = LINE('',#1076,#1077);
#1076 = CARTESIAN_POINT('',(-0.504217022484,1.7653,-0.476249924302));
#1077 = VECTOR('',#1078,1.);
#1078 = DIRECTION('',(0.,0.,-1.));
#1079 = ORIENTED_EDGE('',*,*,#1080,.T.);
#1080 = EDGE_CURVE('',#1073,#1081,#1083,.T.);
#1081 = VERTEX_POINT('',#1082);
#1082 = CARTESIAN_POINT('',(-0.666344691119,1.7653,-0.635));
#1083 = LINE('',#1084,#1085);
#1084 = CARTESIAN_POINT('',(-0.504217022484,1.7653,-0.714375037849));
#1085 = VECTOR('',#1086,1.);
#1086 = DIRECTION('',(-0.898138044771,0.,0.439713602853));
#1087 = ORIENTED_EDGE('',*,*,#1088,.T.);
#1088 = EDGE_CURVE('',#1081,#1089,#1091,.T.);
#1089 = VERTEX_POINT('',#1090);
#1090 = CARTESIAN_POINT('',(-0.828472345559,1.7653,-0.5159375));
#1091 = LINE('',#1092,#1093);
#1092 = CARTESIAN_POINT('',(-0.666344691119,1.7653,-0.635));
#1093 = VECTOR('',#1094,1.);
#1094 = DIRECTION('',(-0.806004420553,0.,0.591909515086));
#1095 = ORIENTED_EDGE('',*,*,#1096,.T.);
#1096 = EDGE_CURVE('',#1089,#1097,#1099,.T.);
#1097 = VERTEX_POINT('',#1098);
#1098 = CARTESIAN_POINT('',(-0.95006808639,1.7653,-0.317500075698));
#1099 = LINE('',#1100,#1101);
#1100 = CARTESIAN_POINT('',(-0.828472345559,1.7653,-0.5159375));
#1101 = VECTOR('',#1102,1.);
#1102 = DIRECTION('',(-0.522477106747,0.,0.852653313443));
#1103 = ORIENTED_EDGE('',*,*,#1104,.T.);
#1104 = EDGE_CURVE('',#1097,#1105,#1107,.T.);
#1105 = VERTEX_POINT('',#1106);
#1106 = CARTESIAN_POINT('',(-0.9906,1.7653,-0.119062424302));
#1107 = LINE('',#1108,#1109);
#1108 = CARTESIAN_POINT('',(-0.95006808639,1.7653,-0.317500075698));
#1109 = VECTOR('',#1110,1.);
#1110 = DIRECTION('',(-0.200123225311,0.,0.97977073578));
#1111 = ORIENTED_EDGE('',*,*,#1112,.T.);
#1112 = EDGE_CURVE('',#1105,#1113,#1115,.T.);
#1113 = VERTEX_POINT('',#1114);
#1114 = CARTESIAN_POINT('',(-0.9906,1.7653,0.119062575698));
#1115 = LINE('',#1116,#1117);
#1116 = CARTESIAN_POINT('',(-0.9906,1.7653,-0.119062424302));
#1117 = VECTOR('',#1118,1.);
#1118 = DIRECTION('',(0.,0.,1.));
#1119 = ORIENTED_EDGE('',*,*,#1120,.T.);
#1120 = EDGE_CURVE('',#1113,#1121,#1123,.T.);
#1121 = VERTEX_POINT('',#1122);
#1122 = CARTESIAN_POINT('',(-0.95006808639,1.7653,0.3175));
#1123 = LINE('',#1124,#1125);
#1124 = CARTESIAN_POINT('',(-0.9906,1.7653,0.119062575698));
#1125 = VECTOR('',#1126,1.);
#1126 = DIRECTION('',(0.200123445161,0.,0.979770690874));
#1127 = ORIENTED_EDGE('',*,*,#1128,.T.);
#1128 = EDGE_CURVE('',#1121,#1129,#1131,.T.);
#1129 = VERTEX_POINT('',#1130);
#1130 = CARTESIAN_POINT('',(-0.828472345559,1.7653,0.515937424302));
#1131 = LINE('',#1132,#1133);
#1132 = CARTESIAN_POINT('',(-0.95006808639,1.7653,0.3175));
#1133 = VECTOR('',#1134,1.);
#1134 = DIRECTION('',(0.522477106747,0.,0.852653313443));
#1135 = ORIENTED_EDGE('',*,*,#1136,.T.);
#1136 = EDGE_CURVE('',#1129,#1137,#1139,.T.);
#1137 = VERTEX_POINT('',#1138);
#1138 = CARTESIAN_POINT('',(-0.666344691119,1.7653,0.634999924302));
#1139 = LINE('',#1140,#1141);
#1140 = CARTESIAN_POINT('',(-0.828472345559,1.7653,0.515937424302));
#1141 = VECTOR('',#1142,1.);
#1142 = DIRECTION('',(0.806004420553,0.,0.591909515086));
#1143 = ORIENTED_EDGE('',*,*,#1144,.T.);
#1144 = EDGE_CURVE('',#1137,#1145,#1147,.T.);
#1145 = VERTEX_POINT('',#1146);
#1146 = CARTESIAN_POINT('',(-0.463685112423,1.7653,0.714375075698));
#1147 = LINE('',#1148,#1149);
#1148 = CARTESIAN_POINT('',(-0.666344691119,1.7653,0.634999924302));
#1149 = VECTOR('',#1150,1.);
#1150 = DIRECTION('',(0.931128017143,0.,0.364692494701));
#1151 = ORIENTED_EDGE('',*,*,#1152,.T.);
#1152 = EDGE_CURVE('',#1145,#1153,#1155,.T.);
#1153 = VERTEX_POINT('',#1154);
#1154 = CARTESIAN_POINT('',(-0.301557472175,1.7653,0.714375075698));
#1155 = LINE('',#1156,#1157);
#1156 = CARTESIAN_POINT('',(-0.463685112423,1.7653,0.714375075698));
#1157 = VECTOR('',#1158,1.);
#1158 = DIRECTION('',(1.,0.,0.));
#1159 = ORIENTED_EDGE('',*,*,#1160,.T.);
#1160 = EDGE_CURVE('',#1153,#1161,#1163,.T.);
#1161 = VERTEX_POINT('',#1162);
#1162 = CARTESIAN_POINT('',(-9.889786509275E-02,1.7653,0.634999924302));
#1163 = LINE('',#1164,#1165);
#1164 = CARTESIAN_POINT('',(-0.301557472175,1.7653,0.714375075698));
#1165 = VECTOR('',#1166,1.);
#1166 = DIRECTION('',(0.93112803449,0.,-0.364692450412));
#1167 = ORIENTED_EDGE('',*,*,#1168,.T.);
#1168 = EDGE_CURVE('',#1161,#1169,#1171,.T.);
#1169 = VERTEX_POINT('',#1170);
#1170 = CARTESIAN_POINT('',(6.32297751546E-02,1.7653,0.515937424302));
#1171 = LINE('',#1172,#1173);
#1172 = CARTESIAN_POINT('',(-9.889786509275E-02,1.7653,0.634999924302));
#1173 = VECTOR('',#1174,1.);
#1174 = DIRECTION('',(0.806004395831,0.,-0.59190954875));
#1175 = ORIENTED_EDGE('',*,*,#1176,.T.);
#1176 = EDGE_CURVE('',#1169,#1177,#1179,.T.);
#1177 = VERTEX_POINT('',#1178);
#1178 = CARTESIAN_POINT('',(0.18482550534,1.7653,0.3175));
#1179 = LINE('',#1180,#1181);
#1180 = CARTESIAN_POINT('',(6.32297751546E-02,1.7653,0.515937424302));
#1181 = VECTOR('',#1182,1.);
#1182 = DIRECTION('',(0.522477073493,0.,-0.85265333382));
#1183 = ORIENTED_EDGE('',*,*,#1184,.T.);
#1184 = EDGE_CURVE('',#1177,#1185,#1187,.T.);
#1185 = VERTEX_POINT('',#1186);
#1186 = CARTESIAN_POINT('',(0.225357415402,1.7653,0.119062575698));
#1187 = LINE('',#1188,#1189);
#1188 = CARTESIAN_POINT('',(0.18482550534,1.7653,0.3175));
#1189 = VECTOR('',#1190,1.);
#1190 = DIRECTION('',(0.200123428343,0.,-0.97977069431));
#1191 = ORIENTED_EDGE('',*,*,#1192,.T.);
#1192 = EDGE_CURVE('',#1185,#1193,#1195,.T.);
#1193 = VERTEX_POINT('',#1194);
#1194 = CARTESIAN_POINT('',(0.225357415402,1.7653,-0.119062424302));
#1195 = LINE('',#1196,#1197);
#1196 = CARTESIAN_POINT('',(0.225357415402,1.7653,0.119062575698));
#1197 = VECTOR('',#1198,1.);
#1198 = DIRECTION('',(0.,0.,-1.));
#1199 = ORIENTED_EDGE('',*,*,#1200,.T.);
#1200 = EDGE_CURVE('',#1193,#1201,#1203,.T.);
#1201 = VERTEX_POINT('',#1202);
#1202 = CARTESIAN_POINT('',(0.18482550534,1.7653,-0.317500075698));
#1203 = LINE('',#1204,#1205);
#1204 = CARTESIAN_POINT('',(0.225357415402,1.7653,-0.119062424302));
#1205 = VECTOR('',#1206,1.);
#1206 = DIRECTION('',(-0.200123208493,0.,-0.979770739215));
#1207 = ORIENTED_EDGE('',*,*,#1208,.T.);
#1208 = EDGE_CURVE('',#1201,#1209,#1211,.T.);
#1209 = VERTEX_POINT('',#1210);
#1210 = CARTESIAN_POINT('',(6.32297751546E-02,1.7653,-0.5159375));
#1211 = LINE('',#1212,#1213);
#1212 = CARTESIAN_POINT('',(0.18482550534,1.7653,-0.317500075698));
#1213 = VECTOR('',#1214,1.);
#1214 = DIRECTION('',(-0.522477073493,0.,-0.85265333382));
#1215 = ORIENTED_EDGE('',*,*,#1216,.T.);
#1216 = EDGE_CURVE('',#1209,#1217,#1219,.T.);
#1217 = VERTEX_POINT('',#1218);
#1218 = CARTESIAN_POINT('',(0.711740449691,1.7653,-0.5159375));
#1219 = LINE('',#1220,#1221);
#1220 = CARTESIAN_POINT('',(6.32297751546E-02,1.7653,-0.5159375));
#1221 = VECTOR('',#1222,1.);
#1222 = DIRECTION('',(1.,0.,0.));
#1223 = ORIENTED_EDGE('',*,*,#1224,.T.);
#1224 = EDGE_CURVE('',#1217,#1225,#1227,.T.);
#1225 = VERTEX_POINT('',#1226);
#1226 = CARTESIAN_POINT('',(0.711740449691,1.7653,0.634999924302));
#1227 = LINE('',#1228,#1229);
#1228 = CARTESIAN_POINT('',(0.711740449691,1.7653,-0.5159375));
#1229 = VECTOR('',#1230,1.);
#1230 = DIRECTION('',(0.,0.,1.));
#1231 = ORIENTED_EDGE('',*,*,#1232,.T.);
#1232 = EDGE_CURVE('',#1225,#1233,#1235,.T.);
#1233 = VERTEX_POINT('',#1234);
#1234 = CARTESIAN_POINT('',(0.9144,1.7653,0.634999924302));
#1235 = LINE('',#1236,#1237);
#1236 = CARTESIAN_POINT('',(0.711740449691,1.7653,0.634999924302));
#1237 = VECTOR('',#1238,1.);
#1238 = DIRECTION('',(1.,0.,0.));
#1239 = ORIENTED_EDGE('',*,*,#1240,.T.);
#1240 = EDGE_CURVE('',#1233,#1241,#1243,.T.);
#1241 = VERTEX_POINT('',#1242);
#1242 = CARTESIAN_POINT('',(0.9144,1.7653,-0.714375037849));
#1243 = LINE('',#1244,#1245);
#1244 = CARTESIAN_POINT('',(0.9144,1.7653,0.634999924302));
#1245 = VECTOR('',#1246,1.);
#1246 = DIRECTION('',(0.,0.,-1.));
#1247 = ORIENTED_EDGE('',*,*,#1248,.T.);
#1248 = EDGE_CURVE('',#1241,#1249,#1251,.T.);
#1249 = VERTEX_POINT('',#1250);
#1250 = CARTESIAN_POINT('',(-0.139429775155,1.7653,-0.714375037849));
#1251 = LINE('',#1252,#1253);
#1252 = CARTESIAN_POINT('',(0.9144,1.7653,-0.714375037849));
#1253 = VECTOR('',#1254,1.);
#1254 = DIRECTION('',(-1.,0.,0.));
#1255 = ORIENTED_EDGE('',*,*,#1256,.T.);
#1256 = EDGE_CURVE('',#1249,#943,#1257,.T.);
#1257 = LINE('',#1258,#1259);
#1258 = CARTESIAN_POINT('',(-0.139429775155,1.7653,-0.714375037849));
#1259 = VECTOR('',#1260,1.);
#1260 = DIRECTION('',(0.,0.,1.));
#1261 = FACE_BOUND('',#1262,.F.);
#1262 = EDGE_LOOP('',(#1263,#1273,#1281,#1289,#1297,#1305,#1313,#1321,
    #1329,#1337,#1345,#1353,#1361,#1369,#1377,#1385,#1393,#1401,#1409,
    #1417,#1425,#1433,#1441,#1449,#1457,#1465,#1473,#1481,#1489,#1497,
    #1505,#1513,#1521,#1529,#1537,#1545,#1553,#1561,#1569,#1577));
#1263 = ORIENTED_EDGE('',*,*,#1264,.T.);
#1264 = EDGE_CURVE('',#1265,#1267,#1269,.T.);
#1265 = VERTEX_POINT('',#1266);
#1266 = CARTESIAN_POINT('',(-5.836595503092E-02,1.7653,2.381249848604));
#1267 = VERTEX_POINT('',#1268);
#1268 = CARTESIAN_POINT('',(6.32297751546E-02,1.7653,2.262187348604));
#1269 = LINE('',#1270,#1271);
#1270 = CARTESIAN_POINT('',(-5.836595503092E-02,1.7653,2.381249848604));
#1271 = VECTOR('',#1272,1.);
#1272 = DIRECTION('',(0.714510384802,0.,-0.699624835187));
#1273 = ORIENTED_EDGE('',*,*,#1274,.T.);
#1274 = EDGE_CURVE('',#1267,#1275,#1277,.T.);
#1275 = VERTEX_POINT('',#1276);
#1276 = CARTESIAN_POINT('',(0.18482550534,1.7653,2.063750151396));
#1277 = LINE('',#1278,#1279);
#1278 = CARTESIAN_POINT('',(6.32297751546E-02,1.7653,2.262187348604));
#1279 = VECTOR('',#1280,1.);
#1280 = DIRECTION('',(0.522477508198,0.,-0.852653067447));
#1281 = ORIENTED_EDGE('',*,*,#1282,.T.);
#1282 = EDGE_CURVE('',#1275,#1283,#1285,.T.);
#1283 = VERTEX_POINT('',#1284);
#1284 = CARTESIAN_POINT('',(0.225357415402,1.7653,1.8653125));
#1285 = LINE('',#1286,#1287);
#1286 = CARTESIAN_POINT('',(0.18482550534,1.7653,2.063750151396));
#1287 = VECTOR('',#1288,1.);
#1288 = DIRECTION('',(0.200123208493,0.,-0.979770739215));
#1289 = ORIENTED_EDGE('',*,*,#1290,.T.);
#1290 = EDGE_CURVE('',#1283,#1291,#1293,.T.);
#1291 = VERTEX_POINT('',#1292);
#1292 = CARTESIAN_POINT('',(0.225357415402,1.7653,1.666874848604));
#1293 = LINE('',#1294,#1295);
#1294 = CARTESIAN_POINT('',(0.225357415402,1.7653,1.8653125));
#1295 = VECTOR('',#1296,1.);
#1296 = DIRECTION('',(0.,0.,-1.));
#1297 = ORIENTED_EDGE('',*,*,#1298,.T.);
#1298 = EDGE_CURVE('',#1291,#1299,#1301,.T.);
#1299 = VERTEX_POINT('',#1300);
#1300 = CARTESIAN_POINT('',(0.18482550534,1.7653,1.468437651396));
#1301 = LINE('',#1302,#1303);
#1302 = CARTESIAN_POINT('',(0.225357415402,1.7653,1.666874848604));
#1303 = VECTOR('',#1304,1.);
#1304 = DIRECTION('',(-0.200123648195,0.,-0.979770649404));
#1305 = ORIENTED_EDGE('',*,*,#1306,.T.);
#1306 = EDGE_CURVE('',#1299,#1307,#1309,.T.);
#1307 = VERTEX_POINT('',#1308);
#1308 = CARTESIAN_POINT('',(2.269786509275E-02,1.7653,1.230312424302));
#1309 = LINE('',#1310,#1311);
#1310 = CARTESIAN_POINT('',(0.18482550534,1.7653,1.468437651396));
#1311 = VECTOR('',#1312,1.);
#1312 = DIRECTION('',(-0.56279056452,0.,-0.826599528483));
#1313 = ORIENTED_EDGE('',*,*,#1314,.T.);
#1314 = EDGE_CURVE('',#1307,#1315,#1317,.T.);
#1315 = VERTEX_POINT('',#1316);
#1316 = CARTESIAN_POINT('',(0.103761685216,1.7653,1.230312424302));
#1317 = LINE('',#1318,#1319);
#1318 = CARTESIAN_POINT('',(2.269786509275E-02,1.7653,1.230312424302));
#1319 = VECTOR('',#1320,1.);
#1320 = DIRECTION('',(1.,0.,0.));
#1321 = ORIENTED_EDGE('',*,*,#1322,.T.);
#1322 = EDGE_CURVE('',#1315,#1323,#1325,.T.);
#1323 = VERTEX_POINT('',#1324);
#1324 = CARTESIAN_POINT('',(0.346953145587,1.7653,1.27));
#1325 = LINE('',#1326,#1327);
#1326 = CARTESIAN_POINT('',(0.103761685216,1.7653,1.230312424302));
#1327 = VECTOR('',#1328,1.);
#1328 = DIRECTION('',(0.986943948288,0.,0.161064095744));
#1329 = ORIENTED_EDGE('',*,*,#1330,.T.);
#1330 = EDGE_CURVE('',#1323,#1331,#1333,.T.);
#1331 = VERTEX_POINT('',#1332);
#1332 = CARTESIAN_POINT('',(0.46854898932,1.7653,1.309687348604));
#1333 = LINE('',#1334,#1335);
#1334 = CARTESIAN_POINT('',(0.346953145587,1.7653,1.27));
#1335 = VECTOR('',#1336,1.);
#1336 = DIRECTION('',(0.950645626703,0.,0.31027873345));
#1337 = ORIENTED_EDGE('',*,*,#1338,.T.);
#1338 = EDGE_CURVE('',#1331,#1339,#1341,.T.);
#1339 = VERTEX_POINT('',#1340);
#1340 = CARTESIAN_POINT('',(0.590144719505,1.7653,1.3890625));
#1341 = LINE('',#1342,#1343);
#1342 = CARTESIAN_POINT('',(0.46854898932,1.7653,1.309687348604));
#1343 = VECTOR('',#1344,1.);
#1344 = DIRECTION('',(0.837378643312,0.,0.546623277701));
#1345 = ORIENTED_EDGE('',*,*,#1346,.T.);
#1346 = EDGE_CURVE('',#1339,#1347,#1349,.T.);
#1347 = VERTEX_POINT('',#1348);
#1348 = CARTESIAN_POINT('',(0.671208539629,1.7653,1.508125));
#1349 = LINE('',#1350,#1351);
#1350 = CARTESIAN_POINT('',(0.590144719505,1.7653,1.3890625));
#1351 = VECTOR('',#1352,1.);
#1352 = DIRECTION('',(0.562790931242,0.,0.8265992788));
#1353 = ORIENTED_EDGE('',*,*,#1354,.T.);
#1354 = EDGE_CURVE('',#1347,#1355,#1357,.T.);
#1355 = VERTEX_POINT('',#1356);
#1356 = CARTESIAN_POINT('',(0.711740449691,1.7653,1.6271875));
#1357 = LINE('',#1358,#1359);
#1358 = CARTESIAN_POINT('',(0.671208539629,1.7653,1.508125));
#1359 = VECTOR('',#1360,1.);
#1360 = DIRECTION('',(0.322263763377,0.,0.94664991777));
#1361 = ORIENTED_EDGE('',*,*,#1362,.T.);
#1362 = EDGE_CURVE('',#1355,#1363,#1365,.T.);
#1363 = VERTEX_POINT('',#1364);
#1364 = CARTESIAN_POINT('',(0.711740449691,1.7653,1.8653125));
#1365 = LINE('',#1366,#1367);
#1366 = CARTESIAN_POINT('',(0.711740449691,1.7653,1.6271875));
#1367 = VECTOR('',#1368,1.);
#1368 = DIRECTION('',(0.,0.,1.));
#1369 = ORIENTED_EDGE('',*,*,#1370,.T.);
#1370 = EDGE_CURVE('',#1363,#1371,#1373,.T.);
#1371 = VERTEX_POINT('',#1372);
#1372 = CARTESIAN_POINT('',(0.671208539629,1.7653,1.984375));
#1373 = LINE('',#1374,#1375);
#1374 = CARTESIAN_POINT('',(0.711740449691,1.7653,1.8653125));
#1375 = VECTOR('',#1376,1.);
#1376 = DIRECTION('',(-0.322263763377,0.,0.94664991777));
#1377 = ORIENTED_EDGE('',*,*,#1378,.T.);
#1378 = EDGE_CURVE('',#1371,#1379,#1381,.T.);
#1379 = VERTEX_POINT('',#1380);
#1380 = CARTESIAN_POINT('',(0.590144719505,1.7653,2.1034375));
#1381 = LINE('',#1382,#1383);
#1382 = CARTESIAN_POINT('',(0.671208539629,1.7653,1.984375));
#1383 = VECTOR('',#1384,1.);
#1384 = DIRECTION('',(-0.562790931242,0.,0.8265992788));
#1385 = ORIENTED_EDGE('',*,*,#1386,.T.);
#1386 = EDGE_CURVE('',#1379,#1387,#1389,.T.);
#1387 = VERTEX_POINT('',#1388);
#1388 = CARTESIAN_POINT('',(0.46854898932,1.7653,2.182812651396));
#1389 = LINE('',#1390,#1391);
#1390 = CARTESIAN_POINT('',(0.590144719505,1.7653,2.1034375));
#1391 = VECTOR('',#1392,1.);
#1392 = DIRECTION('',(-0.837378643312,0.,0.546623277701));
#1393 = ORIENTED_EDGE('',*,*,#1394,.T.);
#1394 = EDGE_CURVE('',#1387,#1395,#1397,.T.);
#1395 = VERTEX_POINT('',#1396);
#1396 = CARTESIAN_POINT('',(0.46854898932,1.7653,2.381249848604));
#1397 = LINE('',#1398,#1399);
#1398 = CARTESIAN_POINT('',(0.46854898932,1.7653,2.182812651396));
#1399 = VECTOR('',#1400,1.);
#1400 = DIRECTION('',(0.,0.,1.));
#1401 = ORIENTED_EDGE('',*,*,#1402,.T.);
#1402 = EDGE_CURVE('',#1395,#1403,#1405,.T.);
#1403 = VERTEX_POINT('',#1404);
#1404 = CARTESIAN_POINT('',(0.590144719505,1.7653,2.3415625));
#1405 = LINE('',#1406,#1407);
#1406 = CARTESIAN_POINT('',(0.46854898932,1.7653,2.381249848604));
#1407 = VECTOR('',#1408,1.);
#1408 = DIRECTION('',(0.950645541239,0.,-0.310278995296));
#1409 = ORIENTED_EDGE('',*,*,#1410,.T.);
#1410 = EDGE_CURVE('',#1403,#1411,#1413,.T.);
#1411 = VERTEX_POINT('',#1412);
#1412 = CARTESIAN_POINT('',(0.752272359753,1.7653,2.2225));
#1413 = LINE('',#1414,#1415);
#1414 = CARTESIAN_POINT('',(0.590144719505,1.7653,2.3415625));
#1415 = VECTOR('',#1416,1.);
#1416 = DIRECTION('',(0.806004395831,0.,-0.59190954875));
#1417 = ORIENTED_EDGE('',*,*,#1418,.T.);
#1418 = EDGE_CURVE('',#1411,#1419,#1421,.T.);
#1419 = VERTEX_POINT('',#1420);
#1420 = CARTESIAN_POINT('',(0.873868089938,1.7653,2.024062348604));
#1421 = LINE('',#1422,#1423);
#1422 = CARTESIAN_POINT('',(0.752272359753,1.7653,2.2225));
#1423 = VECTOR('',#1424,1.);
#1424 = DIRECTION('',(0.52247663879,0.,-0.852653600191));
#1425 = ORIENTED_EDGE('',*,*,#1426,.T.);
#1426 = EDGE_CURVE('',#1419,#1427,#1429,.T.);
#1427 = VERTEX_POINT('',#1428);
#1428 = CARTESIAN_POINT('',(0.9144,1.7653,1.825625151396));
#1429 = LINE('',#1430,#1431);
#1430 = CARTESIAN_POINT('',(0.873868089938,1.7653,2.024062348604));
#1431 = VECTOR('',#1432,1.);
#1432 = DIRECTION('',(0.200123648195,0.,-0.979770649404));
#1433 = ORIENTED_EDGE('',*,*,#1434,.T.);
#1434 = EDGE_CURVE('',#1427,#1435,#1437,.T.);
#1435 = VERTEX_POINT('',#1436);
#1436 = CARTESIAN_POINT('',(0.9144,1.7653,1.666874848604));
#1437 = LINE('',#1438,#1439);
#1438 = CARTESIAN_POINT('',(0.9144,1.7653,1.825625151396));
#1439 = VECTOR('',#1440,1.);
#1440 = DIRECTION('',(0.,0.,-1.));
#1441 = ORIENTED_EDGE('',*,*,#1442,.T.);
#1442 = EDGE_CURVE('',#1435,#1443,#1445,.T.);
#1443 = VERTEX_POINT('',#1444);
#1444 = CARTESIAN_POINT('',(0.873868089938,1.7653,1.468437651396));
#1445 = LINE('',#1446,#1447);
#1446 = CARTESIAN_POINT('',(0.9144,1.7653,1.666874848604));
#1447 = VECTOR('',#1448,1.);
#1448 = DIRECTION('',(-0.200123648195,0.,-0.979770649404));
#1449 = ORIENTED_EDGE('',*,*,#1450,.T.);
#1450 = EDGE_CURVE('',#1443,#1451,#1453,.T.);
#1451 = VERTEX_POINT('',#1452);
#1452 = CARTESIAN_POINT('',(0.752272359753,1.7653,1.27));
#1453 = LINE('',#1454,#1455);
#1454 = CARTESIAN_POINT('',(0.873868089938,1.7653,1.468437651396));
#1455 = VECTOR('',#1456,1.);
#1456 = DIRECTION('',(-0.52247663879,0.,-0.852653600191));
#1457 = ORIENTED_EDGE('',*,*,#1458,.T.);
#1458 = EDGE_CURVE('',#1451,#1459,#1461,.T.);
#1459 = VERTEX_POINT('',#1460);
#1460 = CARTESIAN_POINT('',(0.590144719505,1.7653,1.1509375));
#1461 = LINE('',#1462,#1463);
#1462 = CARTESIAN_POINT('',(0.752272359753,1.7653,1.27));
#1463 = VECTOR('',#1464,1.);
#1464 = DIRECTION('',(-0.806004395831,0.,-0.59190954875));
#1465 = ORIENTED_EDGE('',*,*,#1466,.T.);
#1466 = EDGE_CURVE('',#1459,#1467,#1469,.T.);
#1467 = VERTEX_POINT('',#1468);
#1468 = CARTESIAN_POINT('',(0.387485055649,1.7653,1.071562575698));
#1469 = LINE('',#1470,#1471);
#1470 = CARTESIAN_POINT('',(0.590144719505,1.7653,1.1509375));
#1471 = VECTOR('',#1472,1.);
#1472 = DIRECTION('',(-0.931128423492,0.,-0.364691457214));
#1473 = ORIENTED_EDGE('',*,*,#1474,.T.);
#1474 = EDGE_CURVE('',#1467,#1475,#1477,.T.);
#1475 = VERTEX_POINT('',#1476);
#1476 = CARTESIAN_POINT('',(0.103761685216,1.7653,1.031875));
#1477 = LINE('',#1478,#1479);
#1478 = CARTESIAN_POINT('',(0.387485055649,1.7653,1.071562575698));
#1479 = VECTOR('',#1480,1.);
#1480 = DIRECTION('',(-0.990357890074,0.,-0.138532485605));
#1481 = ORIENTED_EDGE('',*,*,#1482,.T.);
#1482 = EDGE_CURVE('',#1475,#1483,#1485,.T.);
#1483 = VERTEX_POINT('',#1484);
#1484 = CARTESIAN_POINT('',(-0.179961685216,1.7653,1.031875));
#1485 = LINE('',#1486,#1487);
#1486 = CARTESIAN_POINT('',(0.103761685216,1.7653,1.031875));
#1487 = VECTOR('',#1488,1.);
#1488 = DIRECTION('',(-1.,0.,0.));
#1489 = ORIENTED_EDGE('',*,*,#1490,.T.);
#1490 = EDGE_CURVE('',#1483,#1491,#1493,.T.);
#1491 = VERTEX_POINT('',#1492);
#1492 = CARTESIAN_POINT('',(-0.463685112423,1.7653,1.071562575698));
#1493 = LINE('',#1494,#1495);
#1494 = CARTESIAN_POINT('',(-0.179961685216,1.7653,1.031875));
#1495 = VECTOR('',#1496,1.);
#1496 = DIRECTION('',(-0.990357893877,0.,0.138532458417));
#1497 = ORIENTED_EDGE('',*,*,#1498,.T.);
#1498 = EDGE_CURVE('',#1491,#1499,#1501,.T.);
#1499 = VERTEX_POINT('',#1500);
#1500 = CARTESIAN_POINT('',(-0.666344691119,1.7653,1.1509375));
#1501 = LINE('',#1502,#1503);
#1502 = CARTESIAN_POINT('',(-0.463685112423,1.7653,1.071562575698));
#1503 = VECTOR('',#1504,1.);
#1504 = DIRECTION('',(-0.931128371453,0.,0.36469159008));
#1505 = ORIENTED_EDGE('',*,*,#1506,.T.);
#1506 = EDGE_CURVE('',#1499,#1507,#1509,.T.);
#1507 = VERTEX_POINT('',#1508);
#1508 = CARTESIAN_POINT('',(-0.828472345559,1.7653,1.27));
#1509 = LINE('',#1510,#1511);
#1510 = CARTESIAN_POINT('',(-0.666344691119,1.7653,1.1509375));
#1511 = VECTOR('',#1512,1.);
#1512 = DIRECTION('',(-0.806004420553,0.,0.591909515086));
#1513 = ORIENTED_EDGE('',*,*,#1514,.T.);
#1514 = EDGE_CURVE('',#1507,#1515,#1517,.T.);
#1515 = VERTEX_POINT('',#1516);
#1516 = CARTESIAN_POINT('',(-0.95006808639,1.7653,1.468437651396));
#1517 = LINE('',#1518,#1519);
#1518 = CARTESIAN_POINT('',(-0.828472345559,1.7653,1.27));
#1519 = VECTOR('',#1520,1.);
#1520 = DIRECTION('',(-0.522476672043,0.,0.852653579815));
#1521 = ORIENTED_EDGE('',*,*,#1522,.T.);
#1522 = EDGE_CURVE('',#1515,#1523,#1525,.T.);
#1523 = VERTEX_POINT('',#1524);
#1524 = CARTESIAN_POINT('',(-0.9906,1.7653,1.666874848604));
#1525 = LINE('',#1526,#1527);
#1526 = CARTESIAN_POINT('',(-0.95006808639,1.7653,1.468437651396));
#1527 = VECTOR('',#1528,1.);
#1528 = DIRECTION('',(-0.200123665013,0.,0.979770645969));
#1529 = ORIENTED_EDGE('',*,*,#1530,.T.);
#1530 = EDGE_CURVE('',#1523,#1531,#1533,.T.);
#1531 = VERTEX_POINT('',#1532);
#1532 = CARTESIAN_POINT('',(-0.9906,1.7653,1.8653125));
#1533 = LINE('',#1534,#1535);
#1534 = CARTESIAN_POINT('',(-0.9906,1.7653,1.666874848604));
#1535 = VECTOR('',#1536,1.);
#1536 = DIRECTION('',(0.,0.,1.));
#1537 = ORIENTED_EDGE('',*,*,#1538,.T.);
#1538 = EDGE_CURVE('',#1531,#1539,#1541,.T.);
#1539 = VERTEX_POINT('',#1540);
#1540 = CARTESIAN_POINT('',(-0.95006808639,1.7653,2.063750151396));
#1541 = LINE('',#1542,#1543);
#1542 = CARTESIAN_POINT('',(-0.9906,1.7653,1.8653125));
#1543 = VECTOR('',#1544,1.);
#1544 = DIRECTION('',(0.200123225311,0.,0.97977073578));
#1545 = ORIENTED_EDGE('',*,*,#1546,.T.);
#1546 = EDGE_CURVE('',#1539,#1547,#1549,.T.);
#1547 = VERTEX_POINT('',#1548);
#1548 = CARTESIAN_POINT('',(-0.828472345559,1.7653,2.262187348604));
#1549 = LINE('',#1550,#1551);
#1550 = CARTESIAN_POINT('',(-0.95006808639,1.7653,2.063750151396));
#1551 = VECTOR('',#1552,1.);
#1552 = DIRECTION('',(0.522477541451,0.,0.852653047071));
#1553 = ORIENTED_EDGE('',*,*,#1554,.T.);
#1554 = EDGE_CURVE('',#1547,#1555,#1557,.T.);
#1555 = VERTEX_POINT('',#1556);
#1556 = CARTESIAN_POINT('',(-0.666344691119,1.7653,2.381249848604));
#1557 = LINE('',#1558,#1559);
#1558 = CARTESIAN_POINT('',(-0.828472345559,1.7653,2.262187348604));
#1559 = VECTOR('',#1560,1.);
#1560 = DIRECTION('',(0.806004420553,0.,0.591909515086));
#1561 = ORIENTED_EDGE('',*,*,#1562,.T.);
#1562 = EDGE_CURVE('',#1555,#1563,#1565,.T.);
#1563 = VERTEX_POINT('',#1564);
#1564 = CARTESIAN_POINT('',(-0.463685112423,1.7653,2.460625));
#1565 = LINE('',#1566,#1567);
#1566 = CARTESIAN_POINT('',(-0.666344691119,1.7653,2.381249848604));
#1567 = VECTOR('',#1568,1.);
#1568 = DIRECTION('',(0.931128017143,0.,0.364692494701));
#1569 = ORIENTED_EDGE('',*,*,#1570,.T.);
#1570 = EDGE_CURVE('',#1563,#1571,#1573,.T.);
#1571 = VERTEX_POINT('',#1572);
#1572 = CARTESIAN_POINT('',(-0.26102550534,1.7653,2.460625));
#1573 = LINE('',#1574,#1575);
#1574 = CARTESIAN_POINT('',(-0.463685112423,1.7653,2.460625));
#1575 = VECTOR('',#1576,1.);
#1576 = DIRECTION('',(1.,0.,0.));
#1577 = ORIENTED_EDGE('',*,*,#1578,.T.);
#1578 = EDGE_CURVE('',#1571,#1265,#1579,.T.);
#1579 = LINE('',#1580,#1581);
#1580 = CARTESIAN_POINT('',(-0.26102550534,1.7653,2.460625));
#1581 = VECTOR('',#1582,1.);
#1582 = DIRECTION('',(0.931127999797,0.,-0.364692538989));
#1583 = PLANE('',#1584);
#1584 = AXIS2_PLACEMENT_3D('',#1585,#1586,#1587);
#1585 = CARTESIAN_POINT('',(0.,1.7653,0.));
#1586 = DIRECTION('',(0.,1.,0.));
#1587 = DIRECTION('',(1.,0.,0.));
#1588 = ADVANCED_FACE('',(#1589),#1614,.F.);
#1589 = FACE_BOUND('',#1590,.F.);
#1590 = EDGE_LOOP('',(#1591,#1592,#1600,#1608));
#1591 = ORIENTED_EDGE('',*,*,#812,.F.);
#1592 = ORIENTED_EDGE('',*,*,#1593,.T.);
#1593 = EDGE_CURVE('',#813,#1594,#1596,.T.);
#1594 = VERTEX_POINT('',#1595);
#1595 = CARTESIAN_POINT('',(-0.139429775155,1.7399,-2.301875));
#1596 = LINE('',#1597,#1598);
#1597 = CARTESIAN_POINT('',(-0.139429775155,1.7653,-2.301875));
#1598 = VECTOR('',#1599,1.);
#1599 = DIRECTION('',(0.,-1.,0.));
#1600 = ORIENTED_EDGE('',*,*,#1601,.T.);
#1601 = EDGE_CURVE('',#1594,#1602,#1604,.T.);
#1602 = VERTEX_POINT('',#1603);
#1603 = CARTESIAN_POINT('',(-0.139429775155,1.7399,-1.627187518925));
#1604 = LINE('',#1605,#1606);
#1605 = CARTESIAN_POINT('',(-0.139429775155,1.7399,-2.301875));
#1606 = VECTOR('',#1607,1.);
#1607 = DIRECTION('',(0.,0.,1.));
#1608 = ORIENTED_EDGE('',*,*,#1609,.F.);
#1609 = EDGE_CURVE('',#815,#1602,#1610,.T.);
#1610 = LINE('',#1611,#1612);
#1611 = CARTESIAN_POINT('',(-0.139429775155,1.7653,-1.627187518925));
#1612 = VECTOR('',#1613,1.);
#1613 = DIRECTION('',(0.,-1.,0.));
#1614 = PLANE('',#1615);
#1615 = AXIS2_PLACEMENT_3D('',#1616,#1617,#1618);
#1616 = CARTESIAN_POINT('',(-0.139429775155,1.7653,-2.301875));
#1617 = DIRECTION('',(-1.,0.,0.));
#1618 = DIRECTION('',(0.,0.,1.));
#1619 = ADVANCED_FACE('',(#1620),#1638,.F.);
#1620 = FACE_BOUND('',#1621,.F.);
#1621 = EDGE_LOOP('',(#1622,#1623,#1631,#1637));
#1622 = ORIENTED_EDGE('',*,*,#934,.F.);
#1623 = ORIENTED_EDGE('',*,*,#1624,.T.);
#1624 = EDGE_CURVE('',#927,#1625,#1627,.T.);
#1625 = VERTEX_POINT('',#1626);
#1626 = CARTESIAN_POINT('',(-0.9906,1.7399,-2.301875));
#1627 = LINE('',#1628,#1629);
#1628 = CARTESIAN_POINT('',(-0.9906,1.7653,-2.301875));
#1629 = VECTOR('',#1630,1.);
#1630 = DIRECTION('',(0.,-1.,0.));
#1631 = ORIENTED_EDGE('',*,*,#1632,.T.);
#1632 = EDGE_CURVE('',#1625,#1594,#1633,.T.);
#1633 = LINE('',#1634,#1635);
#1634 = CARTESIAN_POINT('',(-0.9906,1.7399,-2.301875));
#1635 = VECTOR('',#1636,1.);
#1636 = DIRECTION('',(1.,0.,0.));
#1637 = ORIENTED_EDGE('',*,*,#1593,.F.);
#1638 = PLANE('',#1639);
#1639 = AXIS2_PLACEMENT_3D('',#1640,#1641,#1642);
#1640 = CARTESIAN_POINT('',(-0.9906,1.7653,-2.301875));
#1641 = DIRECTION('',(0.,0.,1.));
#1642 = DIRECTION('',(1.,0.,-0.));
#1643 = ADVANCED_FACE('',(#1644),#1662,.F.);
#1644 = FACE_BOUND('',#1645,.F.);
#1645 = EDGE_LOOP('',(#1646,#1647,#1655,#1661));
#1646 = ORIENTED_EDGE('',*,*,#926,.F.);
#1647 = ORIENTED_EDGE('',*,*,#1648,.T.);
#1648 = EDGE_CURVE('',#919,#1649,#1651,.T.);
#1649 = VERTEX_POINT('',#1650);
#1650 = CARTESIAN_POINT('',(-0.9906,1.7399,-2.54));
#1651 = LINE('',#1652,#1653);
#1652 = CARTESIAN_POINT('',(-0.9906,1.7653,-2.54));
#1653 = VECTOR('',#1654,1.);
#1654 = DIRECTION('',(0.,-1.,0.));
#1655 = ORIENTED_EDGE('',*,*,#1656,.T.);
#1656 = EDGE_CURVE('',#1649,#1625,#1657,.T.);
#1657 = LINE('',#1658,#1659);
#1658 = CARTESIAN_POINT('',(-0.9906,1.7399,-2.54));
#1659 = VECTOR('',#1660,1.);
#1660 = DIRECTION('',(0.,0.,1.));
#1661 = ORIENTED_EDGE('',*,*,#1624,.F.);
#1662 = PLANE('',#1663);
#1663 = AXIS2_PLACEMENT_3D('',#1664,#1665,#1666);
#1664 = CARTESIAN_POINT('',(-0.9906,1.7653,-2.54));
#1665 = DIRECTION('',(-1.,0.,0.));
#1666 = DIRECTION('',(0.,0.,1.));
#1667 = ADVANCED_FACE('',(#1668),#1686,.F.);
#1668 = FACE_BOUND('',#1669,.F.);
#1669 = EDGE_LOOP('',(#1670,#1671,#1679,#1685));
#1670 = ORIENTED_EDGE('',*,*,#918,.F.);
#1671 = ORIENTED_EDGE('',*,*,#1672,.T.);
#1672 = EDGE_CURVE('',#911,#1673,#1675,.T.);
#1673 = VERTEX_POINT('',#1674);
#1674 = CARTESIAN_POINT('',(0.9144,1.7399,-2.54));
#1675 = LINE('',#1676,#1677);
#1676 = CARTESIAN_POINT('',(0.9144,1.7653,-2.54));
#1677 = VECTOR('',#1678,1.);
#1678 = DIRECTION('',(0.,-1.,0.));
#1679 = ORIENTED_EDGE('',*,*,#1680,.T.);
#1680 = EDGE_CURVE('',#1673,#1649,#1681,.T.);
#1681 = LINE('',#1682,#1683);
#1682 = CARTESIAN_POINT('',(0.9144,1.7399,-2.54));
#1683 = VECTOR('',#1684,1.);
#1684 = DIRECTION('',(-1.,0.,0.));
#1685 = ORIENTED_EDGE('',*,*,#1648,.F.);
#1686 = PLANE('',#1687);
#1687 = AXIS2_PLACEMENT_3D('',#1688,#1689,#1690);
#1688 = CARTESIAN_POINT('',(0.9144,1.7653,-2.54));
#1689 = DIRECTION('',(0.,0.,-1.));
#1690 = DIRECTION('',(-1.,0.,0.));
#1691 = ADVANCED_FACE('',(#1692),#1710,.F.);
#1692 = FACE_BOUND('',#1693,.F.);
#1693 = EDGE_LOOP('',(#1694,#1695,#1703,#1709));
#1694 = ORIENTED_EDGE('',*,*,#910,.F.);
#1695 = ORIENTED_EDGE('',*,*,#1696,.T.);
#1696 = EDGE_CURVE('',#903,#1697,#1699,.T.);
#1697 = VERTEX_POINT('',#1698);
#1698 = CARTESIAN_POINT('',(0.9144,1.7399,-1.5875));
#1699 = LINE('',#1700,#1701);
#1700 = CARTESIAN_POINT('',(0.9144,1.7653,-1.5875));
#1701 = VECTOR('',#1702,1.);
#1702 = DIRECTION('',(0.,-1.,0.));
#1703 = ORIENTED_EDGE('',*,*,#1704,.T.);
#1704 = EDGE_CURVE('',#1697,#1673,#1705,.T.);
#1705 = LINE('',#1706,#1707);
#1706 = CARTESIAN_POINT('',(0.9144,1.7399,-1.5875));
#1707 = VECTOR('',#1708,1.);
#1708 = DIRECTION('',(0.,0.,-1.));
#1709 = ORIENTED_EDGE('',*,*,#1672,.F.);
#1710 = PLANE('',#1711);
#1711 = AXIS2_PLACEMENT_3D('',#1712,#1713,#1714);
#1712 = CARTESIAN_POINT('',(0.9144,1.7653,-1.5875));
#1713 = DIRECTION('',(1.,0.,0.));
#1714 = DIRECTION('',(0.,0.,-1.));
#1715 = ADVANCED_FACE('',(#1716),#1734,.F.);
#1716 = FACE_BOUND('',#1717,.F.);
#1717 = EDGE_LOOP('',(#1718,#1719,#1727,#1733));
#1718 = ORIENTED_EDGE('',*,*,#902,.F.);
#1719 = ORIENTED_EDGE('',*,*,#1720,.T.);
#1720 = EDGE_CURVE('',#895,#1721,#1723,.T.);
#1721 = VERTEX_POINT('',#1722);
#1722 = CARTESIAN_POINT('',(0.873868089938,1.7399,-1.389062462151));
#1723 = LINE('',#1724,#1725);
#1724 = CARTESIAN_POINT('',(0.873868089938,1.7653,-1.389062462151));
#1725 = VECTOR('',#1726,1.);
#1726 = DIRECTION('',(0.,-1.,0.));
#1727 = ORIENTED_EDGE('',*,*,#1728,.T.);
#1728 = EDGE_CURVE('',#1721,#1697,#1729,.T.);
#1729 = LINE('',#1730,#1731);
#1730 = CARTESIAN_POINT('',(0.873868089938,1.7399,-1.389062462151));
#1731 = VECTOR('',#1732,1.);
#1732 = DIRECTION('',(0.200123318418,0.,-0.979770716763));
#1733 = ORIENTED_EDGE('',*,*,#1696,.F.);
#1734 = PLANE('',#1735);
#1735 = AXIS2_PLACEMENT_3D('',#1736,#1737,#1738);
#1736 = CARTESIAN_POINT('',(0.873868089938,1.7653,-1.389062462151));
#1737 = DIRECTION('',(0.979770716763,0.,0.200123318418));
#1738 = DIRECTION('',(0.200123318418,0.,-0.979770716763));
#1739 = ADVANCED_FACE('',(#1740),#1758,.F.);
#1740 = FACE_BOUND('',#1741,.F.);
#1741 = EDGE_LOOP('',(#1742,#1743,#1751,#1757));
#1742 = ORIENTED_EDGE('',*,*,#894,.F.);
#1743 = ORIENTED_EDGE('',*,*,#1744,.T.);
#1744 = EDGE_CURVE('',#887,#1745,#1747,.T.);
#1745 = VERTEX_POINT('',#1746);
#1746 = CARTESIAN_POINT('',(0.752272359753,1.7399,-1.2303125));
#1747 = LINE('',#1748,#1749);
#1748 = CARTESIAN_POINT('',(0.752272359753,1.7653,-1.2303125));
#1749 = VECTOR('',#1750,1.);
#1750 = DIRECTION('',(0.,-1.,0.));
#1751 = ORIENTED_EDGE('',*,*,#1752,.T.);
#1752 = EDGE_CURVE('',#1745,#1721,#1753,.T.);
#1753 = LINE('',#1754,#1755);
#1754 = CARTESIAN_POINT('',(0.752272359753,1.7399,-1.2303125));
#1755 = VECTOR('',#1756,1.);
#1756 = DIRECTION('',(0.608076923474,0.,-0.793878111009));
#1757 = ORIENTED_EDGE('',*,*,#1720,.F.);
#1758 = PLANE('',#1759);
#1759 = AXIS2_PLACEMENT_3D('',#1760,#1761,#1762);
#1760 = CARTESIAN_POINT('',(0.752272359753,1.7653,-1.2303125));
#1761 = DIRECTION('',(0.793878111009,0.,0.608076923474));
#1762 = DIRECTION('',(0.608076923474,0.,-0.793878111009));
#1763 = ADVANCED_FACE('',(#1764),#1782,.F.);
#1764 = FACE_BOUND('',#1765,.F.);
#1765 = EDGE_LOOP('',(#1766,#1767,#1775,#1781));
#1766 = ORIENTED_EDGE('',*,*,#886,.F.);
#1767 = ORIENTED_EDGE('',*,*,#1768,.T.);
#1768 = EDGE_CURVE('',#879,#1769,#1771,.T.);
#1769 = VERTEX_POINT('',#1770);
#1770 = CARTESIAN_POINT('',(0.590144719505,1.7399,-1.11125));
#1771 = LINE('',#1772,#1773);
#1772 = CARTESIAN_POINT('',(0.590144719505,1.7653,-1.11125));
#1773 = VECTOR('',#1774,1.);
#1774 = DIRECTION('',(0.,-1.,0.));
#1775 = ORIENTED_EDGE('',*,*,#1776,.T.);
#1776 = EDGE_CURVE('',#1769,#1745,#1777,.T.);
#1777 = LINE('',#1778,#1779);
#1778 = CARTESIAN_POINT('',(0.590144719505,1.7399,-1.11125));
#1779 = VECTOR('',#1780,1.);
#1780 = DIRECTION('',(0.806004395831,0.,-0.59190954875));
#1781 = ORIENTED_EDGE('',*,*,#1744,.F.);
#1782 = PLANE('',#1783);
#1783 = AXIS2_PLACEMENT_3D('',#1784,#1785,#1786);
#1784 = CARTESIAN_POINT('',(0.590144719505,1.7653,-1.11125));
#1785 = DIRECTION('',(0.59190954875,0.,0.806004395831));
#1786 = DIRECTION('',(0.806004395831,0.,-0.59190954875));
#1787 = ADVANCED_FACE('',(#1788),#1806,.F.);
#1788 = FACE_BOUND('',#1789,.F.);
#1789 = EDGE_LOOP('',(#1790,#1791,#1799,#1805));
#1790 = ORIENTED_EDGE('',*,*,#878,.F.);
#1791 = ORIENTED_EDGE('',*,*,#1792,.T.);
#1792 = EDGE_CURVE('',#871,#1793,#1795,.T.);
#1793 = VERTEX_POINT('',#1794);
#1794 = CARTESIAN_POINT('',(0.46854898932,1.7399,-1.071562537849));
#1795 = LINE('',#1796,#1797);
#1796 = CARTESIAN_POINT('',(0.46854898932,1.7653,-1.071562537849));
#1797 = VECTOR('',#1798,1.);
#1798 = DIRECTION('',(0.,-1.,0.));
#1799 = ORIENTED_EDGE('',*,*,#1800,.T.);
#1800 = EDGE_CURVE('',#1793,#1769,#1801,.T.);
#1801 = LINE('',#1802,#1803);
#1802 = CARTESIAN_POINT('',(0.46854898932,1.7399,-1.071562537849));
#1803 = VECTOR('',#1804,1.);
#1804 = DIRECTION('',(0.950645279393,0.,-0.310279797551));
#1805 = ORIENTED_EDGE('',*,*,#1768,.F.);
#1806 = PLANE('',#1807);
#1807 = AXIS2_PLACEMENT_3D('',#1808,#1809,#1810);
#1808 = CARTESIAN_POINT('',(0.46854898932,1.7653,-1.071562537849));
#1809 = DIRECTION('',(0.310279797551,0.,0.950645279393));
#1810 = DIRECTION('',(0.950645279393,0.,-0.310279797551));
#1811 = ADVANCED_FACE('',(#1812),#1830,.F.);
#1812 = FACE_BOUND('',#1813,.F.);
#1813 = EDGE_LOOP('',(#1814,#1815,#1823,#1829));
#1814 = ORIENTED_EDGE('',*,*,#870,.F.);
#1815 = ORIENTED_EDGE('',*,*,#1816,.T.);
#1816 = EDGE_CURVE('',#863,#1817,#1819,.T.);
#1817 = VERTEX_POINT('',#1818);
#1818 = CARTESIAN_POINT('',(0.306421235526,1.7399,-1.071562537849));
#1819 = LINE('',#1820,#1821);
#1820 = CARTESIAN_POINT('',(0.306421235526,1.7653,-1.071562537849));
#1821 = VECTOR('',#1822,1.);
#1822 = DIRECTION('',(0.,-1.,0.));
#1823 = ORIENTED_EDGE('',*,*,#1824,.T.);
#1824 = EDGE_CURVE('',#1817,#1793,#1825,.T.);
#1825 = LINE('',#1826,#1827);
#1826 = CARTESIAN_POINT('',(0.306421235526,1.7399,-1.071562537849));
#1827 = VECTOR('',#1828,1.);
#1828 = DIRECTION('',(1.,0.,0.));
#1829 = ORIENTED_EDGE('',*,*,#1792,.F.);
#1830 = PLANE('',#1831);
#1831 = AXIS2_PLACEMENT_3D('',#1832,#1833,#1834);
#1832 = CARTESIAN_POINT('',(0.306421235526,1.7653,-1.071562537849));
#1833 = DIRECTION('',(0.,0.,1.));
#1834 = DIRECTION('',(1.,0.,-0.));
#1835 = ADVANCED_FACE('',(#1836),#1854,.F.);
#1836 = FACE_BOUND('',#1837,.F.);
#1837 = EDGE_LOOP('',(#1838,#1839,#1847,#1853));
#1838 = ORIENTED_EDGE('',*,*,#862,.F.);
#1839 = ORIENTED_EDGE('',*,*,#1840,.T.);
#1840 = EDGE_CURVE('',#855,#1841,#1843,.T.);
#1841 = VERTEX_POINT('',#1842);
#1842 = CARTESIAN_POINT('',(0.18482550534,1.7399,-1.11125));
#1843 = LINE('',#1844,#1845);
#1844 = CARTESIAN_POINT('',(0.18482550534,1.7653,-1.11125));
#1845 = VECTOR('',#1846,1.);
#1846 = DIRECTION('',(0.,-1.,0.));
#1847 = ORIENTED_EDGE('',*,*,#1848,.T.);
#1848 = EDGE_CURVE('',#1841,#1817,#1849,.T.);
#1849 = LINE('',#1850,#1851);
#1850 = CARTESIAN_POINT('',(0.18482550534,1.7399,-1.11125));
#1851 = VECTOR('',#1852,1.);
#1852 = DIRECTION('',(0.950645279393,0.,0.310279797551));
#1853 = ORIENTED_EDGE('',*,*,#1816,.F.);
#1854 = PLANE('',#1855);
#1855 = AXIS2_PLACEMENT_3D('',#1856,#1857,#1858);
#1856 = CARTESIAN_POINT('',(0.18482550534,1.7653,-1.11125));
#1857 = DIRECTION('',(-0.310279797551,0.,0.950645279393));
#1858 = DIRECTION('',(0.950645279393,0.,0.310279797551));
#1859 = ADVANCED_FACE('',(#1860),#1878,.F.);
#1860 = FACE_BOUND('',#1861,.F.);
#1861 = EDGE_LOOP('',(#1862,#1863,#1871,#1877));
#1862 = ORIENTED_EDGE('',*,*,#854,.F.);
#1863 = ORIENTED_EDGE('',*,*,#1864,.T.);
#1864 = EDGE_CURVE('',#847,#1865,#1867,.T.);
#1865 = VERTEX_POINT('',#1866);
#1866 = CARTESIAN_POINT('',(2.269786509275E-02,1.7399,-1.2303125));
#1867 = LINE('',#1868,#1869);
#1868 = CARTESIAN_POINT('',(2.269786509275E-02,1.7653,-1.2303125));
#1869 = VECTOR('',#1870,1.);
#1870 = DIRECTION('',(0.,-1.,0.));
#1871 = ORIENTED_EDGE('',*,*,#1872,.T.);
#1872 = EDGE_CURVE('',#1865,#1841,#1873,.T.);
#1873 = LINE('',#1874,#1875);
#1874 = CARTESIAN_POINT('',(2.269786509275E-02,1.7399,-1.2303125));
#1875 = VECTOR('',#1876,1.);
#1876 = DIRECTION('',(0.806004395831,0.,0.59190954875));
#1877 = ORIENTED_EDGE('',*,*,#1840,.F.);
#1878 = PLANE('',#1879);
#1879 = AXIS2_PLACEMENT_3D('',#1880,#1881,#1882);
#1880 = CARTESIAN_POINT('',(2.269786509275E-02,1.7653,-1.2303125));
#1881 = DIRECTION('',(-0.59190954875,0.,0.806004395831));
#1882 = DIRECTION('',(0.806004395831,0.,0.59190954875));
#1883 = ADVANCED_FACE('',(#1884),#1902,.F.);
#1884 = FACE_BOUND('',#1885,.F.);
#1885 = EDGE_LOOP('',(#1886,#1887,#1895,#1901));
#1886 = ORIENTED_EDGE('',*,*,#846,.F.);
#1887 = ORIENTED_EDGE('',*,*,#1888,.T.);
#1888 = EDGE_CURVE('',#839,#1889,#1891,.T.);
#1889 = VERTEX_POINT('',#1890);
#1890 = CARTESIAN_POINT('',(-5.836595503092E-02,1.7399,-1.389062462151)
  );
#1891 = LINE('',#1892,#1893);
#1892 = CARTESIAN_POINT('',(-5.836595503092E-02,1.7653,-1.389062462151)
  );
#1893 = VECTOR('',#1894,1.);
#1894 = DIRECTION('',(0.,-1.,0.));
#1895 = ORIENTED_EDGE('',*,*,#1896,.T.);
#1896 = EDGE_CURVE('',#1889,#1865,#1897,.T.);
#1897 = LINE('',#1898,#1899);
#1898 = CARTESIAN_POINT('',(-5.836595503092E-02,1.7399,-1.389062462151)
  );
#1899 = VECTOR('',#1900,1.);
#1900 = DIRECTION('',(0.45477719955,0.,0.89060524295));
#1901 = ORIENTED_EDGE('',*,*,#1864,.F.);
#1902 = PLANE('',#1903);
#1903 = AXIS2_PLACEMENT_3D('',#1904,#1905,#1906);
#1904 = CARTESIAN_POINT('',(-5.836595503092E-02,1.7653,-1.389062462151)
  );
#1905 = DIRECTION('',(-0.89060524295,0.,0.45477719955));
#1906 = DIRECTION('',(0.45477719955,0.,0.89060524295));
#1907 = ADVANCED_FACE('',(#1908),#1926,.F.);
#1908 = FACE_BOUND('',#1909,.F.);
#1909 = EDGE_LOOP('',(#1910,#1911,#1919,#1925));
#1910 = ORIENTED_EDGE('',*,*,#838,.F.);
#1911 = ORIENTED_EDGE('',*,*,#1912,.T.);
#1912 = EDGE_CURVE('',#831,#1913,#1915,.T.);
#1913 = VERTEX_POINT('',#1914);
#1914 = CARTESIAN_POINT('',(-0.9906,1.7399,-1.031874962151));
#1915 = LINE('',#1916,#1917);
#1916 = CARTESIAN_POINT('',(-0.9906,1.7653,-1.031874962151));
#1917 = VECTOR('',#1918,1.);
#1918 = DIRECTION('',(0.,-1.,0.));
#1919 = ORIENTED_EDGE('',*,*,#1920,.T.);
#1920 = EDGE_CURVE('',#1913,#1889,#1921,.T.);
#1921 = LINE('',#1922,#1923);
#1922 = CARTESIAN_POINT('',(-0.9906,1.7399,-1.031874962151));
#1923 = VECTOR('',#1924,1.);
#1924 = DIRECTION('',(0.933802645237,0.,-0.357788512601));
#1925 = ORIENTED_EDGE('',*,*,#1888,.F.);
#1926 = PLANE('',#1927);
#1927 = AXIS2_PLACEMENT_3D('',#1928,#1929,#1930);
#1928 = CARTESIAN_POINT('',(-0.9906,1.7653,-1.031874962151));
#1929 = DIRECTION('',(0.357788512601,0.,0.933802645237));
#1930 = DIRECTION('',(0.933802645237,0.,-0.357788512601));
#1931 = ADVANCED_FACE('',(#1932),#1950,.F.);
#1932 = FACE_BOUND('',#1933,.F.);
#1933 = EDGE_LOOP('',(#1934,#1935,#1943,#1949));
#1934 = ORIENTED_EDGE('',*,*,#830,.F.);
#1935 = ORIENTED_EDGE('',*,*,#1936,.T.);
#1936 = EDGE_CURVE('',#823,#1937,#1939,.T.);
#1937 = VERTEX_POINT('',#1938);
#1938 = CARTESIAN_POINT('',(-0.9906,1.7399,-1.309687537849));
#1939 = LINE('',#1940,#1941);
#1940 = CARTESIAN_POINT('',(-0.9906,1.7653,-1.309687537849));
#1941 = VECTOR('',#1942,1.);
#1942 = DIRECTION('',(0.,-1.,0.));
#1943 = ORIENTED_EDGE('',*,*,#1944,.T.);
#1944 = EDGE_CURVE('',#1937,#1913,#1945,.T.);
#1945 = LINE('',#1946,#1947);
#1946 = CARTESIAN_POINT('',(-0.9906,1.7399,-1.309687537849));
#1947 = VECTOR('',#1948,1.);
#1948 = DIRECTION('',(0.,0.,1.));
#1949 = ORIENTED_EDGE('',*,*,#1912,.F.);
#1950 = PLANE('',#1951);
#1951 = AXIS2_PLACEMENT_3D('',#1952,#1953,#1954);
#1952 = CARTESIAN_POINT('',(-0.9906,1.7653,-1.309687537849));
#1953 = DIRECTION('',(-1.,0.,0.));
#1954 = DIRECTION('',(0.,0.,1.));
#1955 = ADVANCED_FACE('',(#1956),#1967,.F.);
#1956 = FACE_BOUND('',#1957,.F.);
#1957 = EDGE_LOOP('',(#1958,#1959,#1960,#1966));
#1958 = ORIENTED_EDGE('',*,*,#822,.F.);
#1959 = ORIENTED_EDGE('',*,*,#1609,.T.);
#1960 = ORIENTED_EDGE('',*,*,#1961,.T.);
#1961 = EDGE_CURVE('',#1602,#1937,#1962,.T.);
#1962 = LINE('',#1963,#1964);
#1963 = CARTESIAN_POINT('',(-0.139429775155,1.7399,-1.627187518925));
#1964 = VECTOR('',#1965,1.);
#1965 = DIRECTION('',(-0.936938947553,0.,0.349493073693));
#1966 = ORIENTED_EDGE('',*,*,#1936,.F.);
#1967 = PLANE('',#1968);
#1968 = AXIS2_PLACEMENT_3D('',#1969,#1970,#1971);
#1969 = CARTESIAN_POINT('',(-0.139429775155,1.7653,-1.627187518925));
#1970 = DIRECTION('',(-0.349493073693,0.,-0.936938947553));
#1971 = DIRECTION('',(-0.936938947553,0.,0.349493073693));
#1972 = ADVANCED_FACE('',(#1973,#1991),#2073,.T.);
#1973 = FACE_BOUND('',#1974,.F.);
#1974 = EDGE_LOOP('',(#1975,#1976,#1977,#1978,#1979,#1980,#1981,#1982,
    #1983,#1984,#1985,#1986,#1987,#1988,#1989,#1990));
#1975 = ORIENTED_EDGE('',*,*,#1601,.F.);
#1976 = ORIENTED_EDGE('',*,*,#1632,.F.);
#1977 = ORIENTED_EDGE('',*,*,#1656,.F.);
#1978 = ORIENTED_EDGE('',*,*,#1680,.F.);
#1979 = ORIENTED_EDGE('',*,*,#1704,.F.);
#1980 = ORIENTED_EDGE('',*,*,#1728,.F.);
#1981 = ORIENTED_EDGE('',*,*,#1752,.F.);
#1982 = ORIENTED_EDGE('',*,*,#1776,.F.);
#1983 = ORIENTED_EDGE('',*,*,#1800,.F.);
#1984 = ORIENTED_EDGE('',*,*,#1824,.F.);
#1985 = ORIENTED_EDGE('',*,*,#1848,.F.);
#1986 = ORIENTED_EDGE('',*,*,#1872,.F.);
#1987 = ORIENTED_EDGE('',*,*,#1896,.F.);
#1988 = ORIENTED_EDGE('',*,*,#1920,.F.);
#1989 = ORIENTED_EDGE('',*,*,#1944,.F.);
#1990 = ORIENTED_EDGE('',*,*,#1961,.F.);
#1991 = FACE_BOUND('',#1992,.F.);
#1992 = EDGE_LOOP('',(#1993,#2003,#2011,#2019,#2027,#2035,#2043,#2051,
    #2059,#2067));
#1993 = ORIENTED_EDGE('',*,*,#1994,.F.);
#1994 = EDGE_CURVE('',#1995,#1997,#1999,.T.);
#1995 = VERTEX_POINT('',#1996);
#1996 = CARTESIAN_POINT('',(0.103761685216,1.7399,-1.547812537849));
#1997 = VERTEX_POINT('',#1998);
#1998 = CARTESIAN_POINT('',(0.103761685216,1.7399,-2.301875));
#1999 = LINE('',#2000,#2001);
#2000 = CARTESIAN_POINT('',(0.103761685216,1.7399,-1.547812537849));
#2001 = VECTOR('',#2002,1.);
#2002 = DIRECTION('',(0.,0.,-1.));
#2003 = ORIENTED_EDGE('',*,*,#2004,.F.);
#2004 = EDGE_CURVE('',#2005,#1995,#2007,.T.);
#2005 = VERTEX_POINT('',#2006);
#2006 = CARTESIAN_POINT('',(0.144293595278,1.7399,-1.428750037849));
#2007 = LINE('',#2008,#2009);
#2008 = CARTESIAN_POINT('',(0.144293595278,1.7399,-1.428750037849));
#2009 = VECTOR('',#2010,1.);
#2010 = DIRECTION('',(-0.322263763377,0.,-0.94664991777));
#2011 = ORIENTED_EDGE('',*,*,#2012,.F.);
#2012 = EDGE_CURVE('',#2013,#2005,#2015,.T.);
#2013 = VERTEX_POINT('',#2014);
#2014 = CARTESIAN_POINT('',(0.225357415402,1.7399,-1.349375));
#2015 = LINE('',#2016,#2017);
#2016 = CARTESIAN_POINT('',(0.225357415402,1.7399,-1.349375));
#2017 = VECTOR('',#2018,1.);
#2018 = DIRECTION('',(-0.714510218035,0.,-0.699625005502));
#2019 = ORIENTED_EDGE('',*,*,#2020,.F.);
#2020 = EDGE_CURVE('',#2021,#2013,#2023,.T.);
#2021 = VERTEX_POINT('',#2022);
#2022 = CARTESIAN_POINT('',(0.346953145587,1.7399,-1.309687537849));
#2023 = LINE('',#2024,#2025);
#2024 = CARTESIAN_POINT('',(0.346953145587,1.7399,-1.309687537849));
#2025 = VECTOR('',#2026,1.);
#2026 = DIRECTION('',(-0.950645279393,0.,-0.310279797551));
#2027 = ORIENTED_EDGE('',*,*,#2028,.F.);
#2028 = EDGE_CURVE('',#2029,#2021,#2031,.T.);
#2029 = VERTEX_POINT('',#2030);
#2030 = CARTESIAN_POINT('',(0.46854898932,1.7399,-1.309687537849));
#2031 = LINE('',#2032,#2033);
#2032 = CARTESIAN_POINT('',(0.46854898932,1.7399,-1.309687537849));
#2033 = VECTOR('',#2034,1.);
#2034 = DIRECTION('',(-1.,0.,0.));
#2035 = ORIENTED_EDGE('',*,*,#2036,.F.);
#2036 = EDGE_CURVE('',#2037,#2029,#2039,.T.);
#2037 = VERTEX_POINT('',#2038);
#2038 = CARTESIAN_POINT('',(0.590144719505,1.7399,-1.349375));
#2039 = LINE('',#2040,#2041);
#2040 = CARTESIAN_POINT('',(0.590144719505,1.7399,-1.349375));
#2041 = VECTOR('',#2042,1.);
#2042 = DIRECTION('',(-0.950645279393,0.,0.310279797551));
#2043 = ORIENTED_EDGE('',*,*,#2044,.F.);
#2044 = EDGE_CURVE('',#2045,#2037,#2047,.T.);
#2045 = VERTEX_POINT('',#2046);
#2046 = CARTESIAN_POINT('',(0.671208539629,1.7399,-1.428750037849));
#2047 = LINE('',#2048,#2049);
#2048 = CARTESIAN_POINT('',(0.671208539629,1.7399,-1.428750037849));
#2049 = VECTOR('',#2050,1.);
#2050 = DIRECTION('',(-0.714510218035,0.,0.699625005502));
#2051 = ORIENTED_EDGE('',*,*,#2052,.F.);
#2052 = EDGE_CURVE('',#2053,#2045,#2055,.T.);
#2053 = VERTEX_POINT('',#2054);
#2054 = CARTESIAN_POINT('',(0.711740449691,1.7399,-1.547812537849));
#2055 = LINE('',#2056,#2057);
#2056 = CARTESIAN_POINT('',(0.711740449691,1.7399,-1.547812537849));
#2057 = VECTOR('',#2058,1.);
#2058 = DIRECTION('',(-0.322263763377,0.,0.94664991777));
#2059 = ORIENTED_EDGE('',*,*,#2060,.F.);
#2060 = EDGE_CURVE('',#2061,#2053,#2063,.T.);
#2061 = VERTEX_POINT('',#2062);
#2062 = CARTESIAN_POINT('',(0.711740449691,1.7399,-2.301875));
#2063 = LINE('',#2064,#2065);
#2064 = CARTESIAN_POINT('',(0.711740449691,1.7399,-2.301875));
#2065 = VECTOR('',#2066,1.);
#2066 = DIRECTION('',(0.,0.,1.));
#2067 = ORIENTED_EDGE('',*,*,#2068,.F.);
#2068 = EDGE_CURVE('',#1997,#2061,#2069,.T.);
#2069 = LINE('',#2070,#2071);
#2070 = CARTESIAN_POINT('',(0.103761685216,1.7399,-2.301875));
#2071 = VECTOR('',#2072,1.);
#2072 = DIRECTION('',(1.,0.,0.));
#2073 = PLANE('',#2074);
#2074 = AXIS2_PLACEMENT_3D('',#2075,#2076,#2077);
#2075 = CARTESIAN_POINT('',(0.,1.7399,0.));
#2076 = DIRECTION('',(0.,1.,0.));
#2077 = DIRECTION('',(0.,-0.,1.));
#2078 = ADVANCED_FACE('',(#2079),#2401,.T.);
#2079 = FACE_BOUND('',#2080,.F.);
#2080 = EDGE_LOOP('',(#2081,#2091,#2099,#2107,#2115,#2123,#2131,#2139,
    #2147,#2155,#2163,#2171,#2179,#2187,#2195,#2203,#2211,#2219,#2227,
    #2235,#2243,#2251,#2259,#2267,#2275,#2283,#2291,#2299,#2307,#2315,
    #2323,#2331,#2339,#2347,#2355,#2363,#2371,#2379,#2387,#2395));
#2081 = ORIENTED_EDGE('',*,*,#2082,.F.);
#2082 = EDGE_CURVE('',#2083,#2085,#2087,.T.);
#2083 = VERTEX_POINT('',#2084);
#2084 = CARTESIAN_POINT('',(-0.139429775155,1.7399,-0.436562575698));
#2085 = VERTEX_POINT('',#2086);
#2086 = CARTESIAN_POINT('',(-1.783404496908E-02,1.7399,-0.2778125));
#2087 = LINE('',#2088,#2089);
#2088 = CARTESIAN_POINT('',(-0.139429775155,1.7399,-0.436562575698));
#2089 = VECTOR('',#2090,1.);
#2090 = DIRECTION('',(0.608076649362,0.,0.793878320966));
#2091 = ORIENTED_EDGE('',*,*,#2092,.F.);
#2092 = EDGE_CURVE('',#2093,#2083,#2095,.T.);
#2093 = VERTEX_POINT('',#2094);
#2094 = CARTESIAN_POINT('',(-0.139429775155,1.7399,-0.714375037849));
#2095 = LINE('',#2096,#2097);
#2096 = CARTESIAN_POINT('',(-0.139429775155,1.7399,-0.714375037849));
#2097 = VECTOR('',#2098,1.);
#2098 = DIRECTION('',(0.,0.,1.));
#2099 = ORIENTED_EDGE('',*,*,#2100,.F.);
#2100 = EDGE_CURVE('',#2101,#2093,#2103,.T.);
#2101 = VERTEX_POINT('',#2102);
#2102 = CARTESIAN_POINT('',(0.9144,1.7399,-0.714375037849));
#2103 = LINE('',#2104,#2105);
#2104 = CARTESIAN_POINT('',(0.9144,1.7399,-0.714375037849));
#2105 = VECTOR('',#2106,1.);
#2106 = DIRECTION('',(-1.,0.,0.));
#2107 = ORIENTED_EDGE('',*,*,#2108,.F.);
#2108 = EDGE_CURVE('',#2109,#2101,#2111,.T.);
#2109 = VERTEX_POINT('',#2110);
#2110 = CARTESIAN_POINT('',(0.9144,1.7399,0.634999924302));
#2111 = LINE('',#2112,#2113);
#2112 = CARTESIAN_POINT('',(0.9144,1.7399,0.634999924302));
#2113 = VECTOR('',#2114,1.);
#2114 = DIRECTION('',(0.,0.,-1.));
#2115 = ORIENTED_EDGE('',*,*,#2116,.F.);
#2116 = EDGE_CURVE('',#2117,#2109,#2119,.T.);
#2117 = VERTEX_POINT('',#2118);
#2118 = CARTESIAN_POINT('',(0.711740449691,1.7399,0.634999924302));
#2119 = LINE('',#2120,#2121);
#2120 = CARTESIAN_POINT('',(0.711740449691,1.7399,0.634999924302));
#2121 = VECTOR('',#2122,1.);
#2122 = DIRECTION('',(1.,0.,0.));
#2123 = ORIENTED_EDGE('',*,*,#2124,.F.);
#2124 = EDGE_CURVE('',#2125,#2117,#2127,.T.);
#2125 = VERTEX_POINT('',#2126);
#2126 = CARTESIAN_POINT('',(0.711740449691,1.7399,-0.5159375));
#2127 = LINE('',#2128,#2129);
#2128 = CARTESIAN_POINT('',(0.711740449691,1.7399,-0.5159375));
#2129 = VECTOR('',#2130,1.);
#2130 = DIRECTION('',(0.,0.,1.));
#2131 = ORIENTED_EDGE('',*,*,#2132,.F.);
#2132 = EDGE_CURVE('',#2133,#2125,#2135,.T.);
#2133 = VERTEX_POINT('',#2134);
#2134 = CARTESIAN_POINT('',(6.32297751546E-02,1.7399,-0.5159375));
#2135 = LINE('',#2136,#2137);
#2136 = CARTESIAN_POINT('',(6.32297751546E-02,1.7399,-0.5159375));
#2137 = VECTOR('',#2138,1.);
#2138 = DIRECTION('',(1.,0.,0.));
#2139 = ORIENTED_EDGE('',*,*,#2140,.F.);
#2140 = EDGE_CURVE('',#2141,#2133,#2143,.T.);
#2141 = VERTEX_POINT('',#2142);
#2142 = CARTESIAN_POINT('',(0.18482550534,1.7399,-0.317500075698));
#2143 = LINE('',#2144,#2145);
#2144 = CARTESIAN_POINT('',(0.18482550534,1.7399,-0.317500075698));
#2145 = VECTOR('',#2146,1.);
#2146 = DIRECTION('',(-0.522477073493,0.,-0.85265333382));
#2147 = ORIENTED_EDGE('',*,*,#2148,.F.);
#2148 = EDGE_CURVE('',#2149,#2141,#2151,.T.);
#2149 = VERTEX_POINT('',#2150);
#2150 = CARTESIAN_POINT('',(0.225357415402,1.7399,-0.119062424302));
#2151 = LINE('',#2152,#2153);
#2152 = CARTESIAN_POINT('',(0.225357415402,1.7399,-0.119062424302));
#2153 = VECTOR('',#2154,1.);
#2154 = DIRECTION('',(-0.200123208493,0.,-0.979770739215));
#2155 = ORIENTED_EDGE('',*,*,#2156,.F.);
#2156 = EDGE_CURVE('',#2157,#2149,#2159,.T.);
#2157 = VERTEX_POINT('',#2158);
#2158 = CARTESIAN_POINT('',(0.225357415402,1.7399,0.119062575698));
#2159 = LINE('',#2160,#2161);
#2160 = CARTESIAN_POINT('',(0.225357415402,1.7399,0.119062575698));
#2161 = VECTOR('',#2162,1.);
#2162 = DIRECTION('',(0.,0.,-1.));
#2163 = ORIENTED_EDGE('',*,*,#2164,.F.);
#2164 = EDGE_CURVE('',#2165,#2157,#2167,.T.);
#2165 = VERTEX_POINT('',#2166);
#2166 = CARTESIAN_POINT('',(0.18482550534,1.7399,0.3175));
#2167 = LINE('',#2168,#2169);
#2168 = CARTESIAN_POINT('',(0.18482550534,1.7399,0.3175));
#2169 = VECTOR('',#2170,1.);
#2170 = DIRECTION('',(0.200123428343,0.,-0.97977069431));
#2171 = ORIENTED_EDGE('',*,*,#2172,.F.);
#2172 = EDGE_CURVE('',#2173,#2165,#2175,.T.);
#2173 = VERTEX_POINT('',#2174);
#2174 = CARTESIAN_POINT('',(6.32297751546E-02,1.7399,0.515937424302));
#2175 = LINE('',#2176,#2177);
#2176 = CARTESIAN_POINT('',(6.32297751546E-02,1.7399,0.515937424302));
#2177 = VECTOR('',#2178,1.);
#2178 = DIRECTION('',(0.522477073493,0.,-0.85265333382));
#2179 = ORIENTED_EDGE('',*,*,#2180,.F.);
#2180 = EDGE_CURVE('',#2181,#2173,#2183,.T.);
#2181 = VERTEX_POINT('',#2182);
#2182 = CARTESIAN_POINT('',(-9.889786509275E-02,1.7399,0.634999924302));
#2183 = LINE('',#2184,#2185);
#2184 = CARTESIAN_POINT('',(-9.889786509275E-02,1.7399,0.634999924302));
#2185 = VECTOR('',#2186,1.);
#2186 = DIRECTION('',(0.806004395831,0.,-0.59190954875));
#2187 = ORIENTED_EDGE('',*,*,#2188,.F.);
#2188 = EDGE_CURVE('',#2189,#2181,#2191,.T.);
#2189 = VERTEX_POINT('',#2190);
#2190 = CARTESIAN_POINT('',(-0.301557472175,1.7399,0.714375075698));
#2191 = LINE('',#2192,#2193);
#2192 = CARTESIAN_POINT('',(-0.301557472175,1.7399,0.714375075698));
#2193 = VECTOR('',#2194,1.);
#2194 = DIRECTION('',(0.93112803449,0.,-0.364692450412));
#2195 = ORIENTED_EDGE('',*,*,#2196,.F.);
#2196 = EDGE_CURVE('',#2197,#2189,#2199,.T.);
#2197 = VERTEX_POINT('',#2198);
#2198 = CARTESIAN_POINT('',(-0.463685112423,1.7399,0.714375075698));
#2199 = LINE('',#2200,#2201);
#2200 = CARTESIAN_POINT('',(-0.463685112423,1.7399,0.714375075698));
#2201 = VECTOR('',#2202,1.);
#2202 = DIRECTION('',(1.,0.,0.));
#2203 = ORIENTED_EDGE('',*,*,#2204,.F.);
#2204 = EDGE_CURVE('',#2205,#2197,#2207,.T.);
#2205 = VERTEX_POINT('',#2206);
#2206 = CARTESIAN_POINT('',(-0.666344691119,1.7399,0.634999924302));
#2207 = LINE('',#2208,#2209);
#2208 = CARTESIAN_POINT('',(-0.666344691119,1.7399,0.634999924302));
#2209 = VECTOR('',#2210,1.);
#2210 = DIRECTION('',(0.931128017143,0.,0.364692494701));
#2211 = ORIENTED_EDGE('',*,*,#2212,.F.);
#2212 = EDGE_CURVE('',#2213,#2205,#2215,.T.);
#2213 = VERTEX_POINT('',#2214);
#2214 = CARTESIAN_POINT('',(-0.828472345559,1.7399,0.515937424302));
#2215 = LINE('',#2216,#2217);
#2216 = CARTESIAN_POINT('',(-0.828472345559,1.7399,0.515937424302));
#2217 = VECTOR('',#2218,1.);
#2218 = DIRECTION('',(0.806004420553,0.,0.591909515086));
#2219 = ORIENTED_EDGE('',*,*,#2220,.F.);
#2220 = EDGE_CURVE('',#2221,#2213,#2223,.T.);
#2221 = VERTEX_POINT('',#2222);
#2222 = CARTESIAN_POINT('',(-0.95006808639,1.7399,0.3175));
#2223 = LINE('',#2224,#2225);
#2224 = CARTESIAN_POINT('',(-0.95006808639,1.7399,0.3175));
#2225 = VECTOR('',#2226,1.);
#2226 = DIRECTION('',(0.522477106747,0.,0.852653313443));
#2227 = ORIENTED_EDGE('',*,*,#2228,.F.);
#2228 = EDGE_CURVE('',#2229,#2221,#2231,.T.);
#2229 = VERTEX_POINT('',#2230);
#2230 = CARTESIAN_POINT('',(-0.9906,1.7399,0.119062575698));
#2231 = LINE('',#2232,#2233);
#2232 = CARTESIAN_POINT('',(-0.9906,1.7399,0.119062575698));
#2233 = VECTOR('',#2234,1.);
#2234 = DIRECTION('',(0.200123445161,0.,0.979770690874));
#2235 = ORIENTED_EDGE('',*,*,#2236,.F.);
#2236 = EDGE_CURVE('',#2237,#2229,#2239,.T.);
#2237 = VERTEX_POINT('',#2238);
#2238 = CARTESIAN_POINT('',(-0.9906,1.7399,-0.119062424302));
#2239 = LINE('',#2240,#2241);
#2240 = CARTESIAN_POINT('',(-0.9906,1.7399,-0.119062424302));
#2241 = VECTOR('',#2242,1.);
#2242 = DIRECTION('',(0.,0.,1.));
#2243 = ORIENTED_EDGE('',*,*,#2244,.F.);
#2244 = EDGE_CURVE('',#2245,#2237,#2247,.T.);
#2245 = VERTEX_POINT('',#2246);
#2246 = CARTESIAN_POINT('',(-0.95006808639,1.7399,-0.317500075698));
#2247 = LINE('',#2248,#2249);
#2248 = CARTESIAN_POINT('',(-0.95006808639,1.7399,-0.317500075698));
#2249 = VECTOR('',#2250,1.);
#2250 = DIRECTION('',(-0.200123225311,0.,0.97977073578));
#2251 = ORIENTED_EDGE('',*,*,#2252,.F.);
#2252 = EDGE_CURVE('',#2253,#2245,#2255,.T.);
#2253 = VERTEX_POINT('',#2254);
#2254 = CARTESIAN_POINT('',(-0.828472345559,1.7399,-0.5159375));
#2255 = LINE('',#2256,#2257);
#2256 = CARTESIAN_POINT('',(-0.828472345559,1.7399,-0.5159375));
#2257 = VECTOR('',#2258,1.);
#2258 = DIRECTION('',(-0.522477106747,0.,0.852653313443));
#2259 = ORIENTED_EDGE('',*,*,#2260,.F.);
#2260 = EDGE_CURVE('',#2261,#2253,#2263,.T.);
#2261 = VERTEX_POINT('',#2262);
#2262 = CARTESIAN_POINT('',(-0.666344691119,1.7399,-0.635));
#2263 = LINE('',#2264,#2265);
#2264 = CARTESIAN_POINT('',(-0.666344691119,1.7399,-0.635));
#2265 = VECTOR('',#2266,1.);
#2266 = DIRECTION('',(-0.806004420553,0.,0.591909515086));
#2267 = ORIENTED_EDGE('',*,*,#2268,.F.);
#2268 = EDGE_CURVE('',#2269,#2261,#2271,.T.);
#2269 = VERTEX_POINT('',#2270);
#2270 = CARTESIAN_POINT('',(-0.504217022484,1.7399,-0.714375037849));
#2271 = LINE('',#2272,#2273);
#2272 = CARTESIAN_POINT('',(-0.504217022484,1.7399,-0.714375037849));
#2273 = VECTOR('',#2274,1.);
#2274 = DIRECTION('',(-0.898138044771,0.,0.439713602853));
#2275 = ORIENTED_EDGE('',*,*,#2276,.F.);
#2276 = EDGE_CURVE('',#2277,#2269,#2279,.T.);
#2277 = VERTEX_POINT('',#2278);
#2278 = CARTESIAN_POINT('',(-0.504217022484,1.7399,-0.476249924302));
#2279 = LINE('',#2280,#2281);
#2280 = CARTESIAN_POINT('',(-0.504217022484,1.7399,-0.476249924302));
#2281 = VECTOR('',#2282,1.);
#2282 = DIRECTION('',(0.,0.,-1.));
#2283 = ORIENTED_EDGE('',*,*,#2284,.F.);
#2284 = EDGE_CURVE('',#2285,#2277,#2287,.T.);
#2285 = VERTEX_POINT('',#2286);
#2286 = CARTESIAN_POINT('',(-0.666344691119,1.7399,-0.396875));
#2287 = LINE('',#2288,#2289);
#2288 = CARTESIAN_POINT('',(-0.666344691119,1.7399,-0.396875));
#2289 = VECTOR('',#2290,1.);
#2290 = DIRECTION('',(0.898138293184,0.,-0.439713095457));
#2291 = ORIENTED_EDGE('',*,*,#2292,.F.);
#2292 = EDGE_CURVE('',#2293,#2285,#2295,.T.);
#2293 = VERTEX_POINT('',#2294);
#2294 = CARTESIAN_POINT('',(-0.747408511242,1.7399,-0.2778125));
#2295 = LINE('',#2296,#2297);
#2296 = CARTESIAN_POINT('',(-0.747408511242,1.7399,-0.2778125));
#2297 = VECTOR('',#2298,1.);
#2298 = DIRECTION('',(0.562790931242,0.,-0.8265992788));
#2299 = ORIENTED_EDGE('',*,*,#2300,.F.);
#2300 = EDGE_CURVE('',#2301,#2293,#2303,.T.);
#2301 = VERTEX_POINT('',#2302);
#2302 = CARTESIAN_POINT('',(-0.787940421304,1.7399,-0.119062424302));
#2303 = LINE('',#2304,#2305);
#2304 = CARTESIAN_POINT('',(-0.787940421304,1.7399,-0.119062424302));
#2305 = VECTOR('',#2306,1.);
#2306 = DIRECTION('',(0.247383106838,0.,-0.968917745968));
#2307 = ORIENTED_EDGE('',*,*,#2308,.F.);
#2308 = EDGE_CURVE('',#2309,#2301,#2311,.T.);
#2309 = VERTEX_POINT('',#2310);
#2310 = CARTESIAN_POINT('',(-0.787940421304,1.7399,0.119062575698));
#2311 = LINE('',#2312,#2313);
#2312 = CARTESIAN_POINT('',(-0.787940421304,1.7399,0.119062575698));
#2313 = VECTOR('',#2314,1.);
#2314 = DIRECTION('',(0.,0.,-1.));
#2315 = ORIENTED_EDGE('',*,*,#2316,.F.);
#2316 = EDGE_CURVE('',#2317,#2309,#2319,.T.);
#2317 = VERTEX_POINT('',#2318);
#2318 = CARTESIAN_POINT('',(-0.747408511242,1.7399,0.277812424302));
#2319 = LINE('',#2320,#2321);
#2320 = CARTESIAN_POINT('',(-0.747408511242,1.7399,0.277812424302));
#2321 = VECTOR('',#2322,1.);
#2322 = DIRECTION('',(-0.247383439065,0.,-0.968917661144));
#2323 = ORIENTED_EDGE('',*,*,#2324,.F.);
#2324 = EDGE_CURVE('',#2325,#2317,#2327,.T.);
#2325 = VERTEX_POINT('',#2326);
#2326 = CARTESIAN_POINT('',(-0.666344691119,1.7399,0.396874924302));
#2327 = LINE('',#2328,#2329);
#2328 = CARTESIAN_POINT('',(-0.666344691119,1.7399,0.396874924302));
#2329 = VECTOR('',#2330,1.);
#2330 = DIRECTION('',(-0.562790931242,0.,-0.8265992788));
#2331 = ORIENTED_EDGE('',*,*,#2332,.F.);
#2332 = EDGE_CURVE('',#2333,#2325,#2335,.T.);
#2333 = VERTEX_POINT('',#2334);
#2334 = CARTESIAN_POINT('',(-0.544748932546,1.7399,0.476250075698));
#2335 = LINE('',#2336,#2337);
#2336 = CARTESIAN_POINT('',(-0.544748932546,1.7399,0.476250075698));
#2337 = VECTOR('',#2338,1.);
#2338 = DIRECTION('',(-0.837378701723,0.,-0.546623188221));
#2339 = ORIENTED_EDGE('',*,*,#2340,.F.);
#2340 = EDGE_CURVE('',#2341,#2333,#2343,.T.);
#2341 = VERTEX_POINT('',#2342);
#2342 = CARTESIAN_POINT('',(-0.423153202361,1.7399,0.515937424302));
#2343 = LINE('',#2344,#2345);
#2344 = CARTESIAN_POINT('',(-0.423153202361,1.7399,0.515937424302));
#2345 = VECTOR('',#2346,1.);
#2346 = DIRECTION('',(-0.950645541239,0.,-0.310278995296));
#2347 = ORIENTED_EDGE('',*,*,#2348,.F.);
#2348 = EDGE_CURVE('',#2349,#2341,#2351,.T.);
#2349 = VERTEX_POINT('',#2350);
#2350 = CARTESIAN_POINT('',(-0.342089382237,1.7399,0.515937424302));
#2351 = LINE('',#2352,#2353);
#2352 = CARTESIAN_POINT('',(-0.342089382237,1.7399,0.515937424302));
#2353 = VECTOR('',#2354,1.);
#2354 = DIRECTION('',(-1.,0.,0.));
#2355 = ORIENTED_EDGE('',*,*,#2356,.F.);
#2356 = EDGE_CURVE('',#2357,#2349,#2359,.T.);
#2357 = VERTEX_POINT('',#2358);
#2358 = CARTESIAN_POINT('',(-0.220493595278,1.7399,0.476250075698));
#2359 = LINE('',#2360,#2361);
#2360 = CARTESIAN_POINT('',(-0.220493595278,1.7399,0.476250075698));
#2361 = VECTOR('',#2362,1.);
#2362 = DIRECTION('',(-0.950645583971,0.,0.310278864373));
#2363 = ORIENTED_EDGE('',*,*,#2364,.F.);
#2364 = EDGE_CURVE('',#2365,#2357,#2367,.T.);
#2365 = VERTEX_POINT('',#2366);
#2366 = CARTESIAN_POINT('',(-9.889786509275E-02,1.7399,0.396874924302));
#2367 = LINE('',#2368,#2369);
#2368 = CARTESIAN_POINT('',(-9.889786509275E-02,1.7399,0.396874924302));
#2369 = VECTOR('',#2370,1.);
#2370 = DIRECTION('',(-0.837378643312,0.,0.546623277701));
#2371 = ORIENTED_EDGE('',*,*,#2372,.F.);
#2372 = EDGE_CURVE('',#2373,#2365,#2375,.T.);
#2373 = VERTEX_POINT('',#2374);
#2374 = CARTESIAN_POINT('',(-1.783404496908E-02,1.7399,0.277812424302));
#2375 = LINE('',#2376,#2377);
#2376 = CARTESIAN_POINT('',(-1.783404496908E-02,1.7399,0.277812424302));
#2377 = VECTOR('',#2378,1.);
#2378 = DIRECTION('',(-0.562790931242,0.,0.8265992788));
#2379 = ORIENTED_EDGE('',*,*,#2380,.F.);
#2380 = EDGE_CURVE('',#2381,#2373,#2383,.T.);
#2381 = VERTEX_POINT('',#2382);
#2382 = CARTESIAN_POINT('',(2.269786509275E-02,1.7399,0.119062575698));
#2383 = LINE('',#2384,#2385);
#2384 = CARTESIAN_POINT('',(2.269786509275E-02,1.7399,0.119062575698));
#2385 = VECTOR('',#2386,1.);
#2386 = DIRECTION('',(-0.247383439065,0.,0.968917661144));
#2387 = ORIENTED_EDGE('',*,*,#2388,.F.);
#2388 = EDGE_CURVE('',#2389,#2381,#2391,.T.);
#2389 = VERTEX_POINT('',#2390);
#2390 = CARTESIAN_POINT('',(2.269786509275E-02,1.7399,-0.119062424302));
#2391 = LINE('',#2392,#2393);
#2392 = CARTESIAN_POINT('',(2.269786509275E-02,1.7399,-0.119062424302));
#2393 = VECTOR('',#2394,1.);
#2394 = DIRECTION('',(0.,0.,1.));
#2395 = ORIENTED_EDGE('',*,*,#2396,.F.);
#2396 = EDGE_CURVE('',#2085,#2389,#2397,.T.);
#2397 = LINE('',#2398,#2399);
#2398 = CARTESIAN_POINT('',(-1.783404496908E-02,1.7399,-0.2778125));
#2399 = VECTOR('',#2400,1.);
#2400 = DIRECTION('',(0.247383106838,0.,0.968917745968));
#2401 = PLANE('',#2402);
#2402 = AXIS2_PLACEMENT_3D('',#2403,#2404,#2405);
#2403 = CARTESIAN_POINT('',(0.,1.7399,0.));
#2404 = DIRECTION('',(0.,1.,0.));
#2405 = DIRECTION('',(0.,-0.,1.));
#2406 = ADVANCED_FACE('',(#2407,#2729),#2891,.T.);
#2407 = FACE_BOUND('',#2408,.F.);
#2408 = EDGE_LOOP('',(#2409,#2419,#2427,#2435,#2443,#2451,#2459,#2467,
    #2475,#2483,#2491,#2499,#2507,#2515,#2523,#2531,#2539,#2547,#2555,
    #2563,#2571,#2579,#2587,#2595,#2603,#2611,#2619,#2627,#2635,#2643,
    #2651,#2659,#2667,#2675,#2683,#2691,#2699,#2707,#2715,#2723));
#2409 = ORIENTED_EDGE('',*,*,#2410,.F.);
#2410 = EDGE_CURVE('',#2411,#2413,#2415,.T.);
#2411 = VERTEX_POINT('',#2412);
#2412 = CARTESIAN_POINT('',(-5.836595503092E-02,1.7399,2.381249848604));
#2413 = VERTEX_POINT('',#2414);
#2414 = CARTESIAN_POINT('',(6.32297751546E-02,1.7399,2.262187348604));
#2415 = LINE('',#2416,#2417);
#2416 = CARTESIAN_POINT('',(-5.836595503092E-02,1.7399,2.381249848604));
#2417 = VECTOR('',#2418,1.);
#2418 = DIRECTION('',(0.714510384802,0.,-0.699624835187));
#2419 = ORIENTED_EDGE('',*,*,#2420,.F.);
#2420 = EDGE_CURVE('',#2421,#2411,#2423,.T.);
#2421 = VERTEX_POINT('',#2422);
#2422 = CARTESIAN_POINT('',(-0.26102550534,1.7399,2.460625));
#2423 = LINE('',#2424,#2425);
#2424 = CARTESIAN_POINT('',(-0.26102550534,1.7399,2.460625));
#2425 = VECTOR('',#2426,1.);
#2426 = DIRECTION('',(0.931127999797,0.,-0.364692538989));
#2427 = ORIENTED_EDGE('',*,*,#2428,.F.);
#2428 = EDGE_CURVE('',#2429,#2421,#2431,.T.);
#2429 = VERTEX_POINT('',#2430);
#2430 = CARTESIAN_POINT('',(-0.463685112423,1.7399,2.460625));
#2431 = LINE('',#2432,#2433);
#2432 = CARTESIAN_POINT('',(-0.463685112423,1.7399,2.460625));
#2433 = VECTOR('',#2434,1.);
#2434 = DIRECTION('',(1.,0.,0.));
#2435 = ORIENTED_EDGE('',*,*,#2436,.F.);
#2436 = EDGE_CURVE('',#2437,#2429,#2439,.T.);
#2437 = VERTEX_POINT('',#2438);
#2438 = CARTESIAN_POINT('',(-0.666344691119,1.7399,2.381249848604));
#2439 = LINE('',#2440,#2441);
#2440 = CARTESIAN_POINT('',(-0.666344691119,1.7399,2.381249848604));
#2441 = VECTOR('',#2442,1.);
#2442 = DIRECTION('',(0.931128017143,0.,0.364692494701));
#2443 = ORIENTED_EDGE('',*,*,#2444,.F.);
#2444 = EDGE_CURVE('',#2445,#2437,#2447,.T.);
#2445 = VERTEX_POINT('',#2446);
#2446 = CARTESIAN_POINT('',(-0.828472345559,1.7399,2.262187348604));
#2447 = LINE('',#2448,#2449);
#2448 = CARTESIAN_POINT('',(-0.828472345559,1.7399,2.262187348604));
#2449 = VECTOR('',#2450,1.);
#2450 = DIRECTION('',(0.806004420553,0.,0.591909515086));
#2451 = ORIENTED_EDGE('',*,*,#2452,.F.);
#2452 = EDGE_CURVE('',#2453,#2445,#2455,.T.);
#2453 = VERTEX_POINT('',#2454);
#2454 = CARTESIAN_POINT('',(-0.95006808639,1.7399,2.063750151396));
#2455 = LINE('',#2456,#2457);
#2456 = CARTESIAN_POINT('',(-0.95006808639,1.7399,2.063750151396));
#2457 = VECTOR('',#2458,1.);
#2458 = DIRECTION('',(0.522477541451,0.,0.852653047071));
#2459 = ORIENTED_EDGE('',*,*,#2460,.F.);
#2460 = EDGE_CURVE('',#2461,#2453,#2463,.T.);
#2461 = VERTEX_POINT('',#2462);
#2462 = CARTESIAN_POINT('',(-0.9906,1.7399,1.8653125));
#2463 = LINE('',#2464,#2465);
#2464 = CARTESIAN_POINT('',(-0.9906,1.7399,1.8653125));
#2465 = VECTOR('',#2466,1.);
#2466 = DIRECTION('',(0.200123225311,0.,0.97977073578));
#2467 = ORIENTED_EDGE('',*,*,#2468,.F.);
#2468 = EDGE_CURVE('',#2469,#2461,#2471,.T.);
#2469 = VERTEX_POINT('',#2470);
#2470 = CARTESIAN_POINT('',(-0.9906,1.7399,1.666874848604));
#2471 = LINE('',#2472,#2473);
#2472 = CARTESIAN_POINT('',(-0.9906,1.7399,1.666874848604));
#2473 = VECTOR('',#2474,1.);
#2474 = DIRECTION('',(0.,0.,1.));
#2475 = ORIENTED_EDGE('',*,*,#2476,.F.);
#2476 = EDGE_CURVE('',#2477,#2469,#2479,.T.);
#2477 = VERTEX_POINT('',#2478);
#2478 = CARTESIAN_POINT('',(-0.95006808639,1.7399,1.468437651396));
#2479 = LINE('',#2480,#2481);
#2480 = CARTESIAN_POINT('',(-0.95006808639,1.7399,1.468437651396));
#2481 = VECTOR('',#2482,1.);
#2482 = DIRECTION('',(-0.200123665013,0.,0.979770645969));
#2483 = ORIENTED_EDGE('',*,*,#2484,.F.);
#2484 = EDGE_CURVE('',#2485,#2477,#2487,.T.);
#2485 = VERTEX_POINT('',#2486);
#2486 = CARTESIAN_POINT('',(-0.828472345559,1.7399,1.27));
#2487 = LINE('',#2488,#2489);
#2488 = CARTESIAN_POINT('',(-0.828472345559,1.7399,1.27));
#2489 = VECTOR('',#2490,1.);
#2490 = DIRECTION('',(-0.522476672043,0.,0.852653579815));
#2491 = ORIENTED_EDGE('',*,*,#2492,.F.);
#2492 = EDGE_CURVE('',#2493,#2485,#2495,.T.);
#2493 = VERTEX_POINT('',#2494);
#2494 = CARTESIAN_POINT('',(-0.666344691119,1.7399,1.1509375));
#2495 = LINE('',#2496,#2497);
#2496 = CARTESIAN_POINT('',(-0.666344691119,1.7399,1.1509375));
#2497 = VECTOR('',#2498,1.);
#2498 = DIRECTION('',(-0.806004420553,0.,0.591909515086));
#2499 = ORIENTED_EDGE('',*,*,#2500,.F.);
#2500 = EDGE_CURVE('',#2501,#2493,#2503,.T.);
#2501 = VERTEX_POINT('',#2502);
#2502 = CARTESIAN_POINT('',(-0.463685112423,1.7399,1.071562575698));
#2503 = LINE('',#2504,#2505);
#2504 = CARTESIAN_POINT('',(-0.463685112423,1.7399,1.071562575698));
#2505 = VECTOR('',#2506,1.);
#2506 = DIRECTION('',(-0.931128371453,0.,0.36469159008));
#2507 = ORIENTED_EDGE('',*,*,#2508,.F.);
#2508 = EDGE_CURVE('',#2509,#2501,#2511,.T.);
#2509 = VERTEX_POINT('',#2510);
#2510 = CARTESIAN_POINT('',(-0.179961685216,1.7399,1.031875));
#2511 = LINE('',#2512,#2513);
#2512 = CARTESIAN_POINT('',(-0.179961685216,1.7399,1.031875));
#2513 = VECTOR('',#2514,1.);
#2514 = DIRECTION('',(-0.990357893877,0.,0.138532458417));
#2515 = ORIENTED_EDGE('',*,*,#2516,.F.);
#2516 = EDGE_CURVE('',#2517,#2509,#2519,.T.);
#2517 = VERTEX_POINT('',#2518);
#2518 = CARTESIAN_POINT('',(0.103761685216,1.7399,1.031875));
#2519 = LINE('',#2520,#2521);
#2520 = CARTESIAN_POINT('',(0.103761685216,1.7399,1.031875));
#2521 = VECTOR('',#2522,1.);
#2522 = DIRECTION('',(-1.,0.,0.));
#2523 = ORIENTED_EDGE('',*,*,#2524,.F.);
#2524 = EDGE_CURVE('',#2525,#2517,#2527,.T.);
#2525 = VERTEX_POINT('',#2526);
#2526 = CARTESIAN_POINT('',(0.387485055649,1.7399,1.071562575698));
#2527 = LINE('',#2528,#2529);
#2528 = CARTESIAN_POINT('',(0.387485055649,1.7399,1.071562575698));
#2529 = VECTOR('',#2530,1.);
#2530 = DIRECTION('',(-0.990357890074,0.,-0.138532485605));
#2531 = ORIENTED_EDGE('',*,*,#2532,.F.);
#2532 = EDGE_CURVE('',#2533,#2525,#2535,.T.);
#2533 = VERTEX_POINT('',#2534);
#2534 = CARTESIAN_POINT('',(0.590144719505,1.7399,1.1509375));
#2535 = LINE('',#2536,#2537);
#2536 = CARTESIAN_POINT('',(0.590144719505,1.7399,1.1509375));
#2537 = VECTOR('',#2538,1.);
#2538 = DIRECTION('',(-0.931128423492,0.,-0.364691457214));
#2539 = ORIENTED_EDGE('',*,*,#2540,.F.);
#2540 = EDGE_CURVE('',#2541,#2533,#2543,.T.);
#2541 = VERTEX_POINT('',#2542);
#2542 = CARTESIAN_POINT('',(0.752272359753,1.7399,1.27));
#2543 = LINE('',#2544,#2545);
#2544 = CARTESIAN_POINT('',(0.752272359753,1.7399,1.27));
#2545 = VECTOR('',#2546,1.);
#2546 = DIRECTION('',(-0.806004395831,0.,-0.59190954875));
#2547 = ORIENTED_EDGE('',*,*,#2548,.F.);
#2548 = EDGE_CURVE('',#2549,#2541,#2551,.T.);
#2549 = VERTEX_POINT('',#2550);
#2550 = CARTESIAN_POINT('',(0.873868089938,1.7399,1.468437651396));
#2551 = LINE('',#2552,#2553);
#2552 = CARTESIAN_POINT('',(0.873868089938,1.7399,1.468437651396));
#2553 = VECTOR('',#2554,1.);
#2554 = DIRECTION('',(-0.52247663879,0.,-0.852653600191));
#2555 = ORIENTED_EDGE('',*,*,#2556,.F.);
#2556 = EDGE_CURVE('',#2557,#2549,#2559,.T.);
#2557 = VERTEX_POINT('',#2558);
#2558 = CARTESIAN_POINT('',(0.9144,1.7399,1.666874848604));
#2559 = LINE('',#2560,#2561);
#2560 = CARTESIAN_POINT('',(0.9144,1.7399,1.666874848604));
#2561 = VECTOR('',#2562,1.);
#2562 = DIRECTION('',(-0.200123648195,0.,-0.979770649404));
#2563 = ORIENTED_EDGE('',*,*,#2564,.F.);
#2564 = EDGE_CURVE('',#2565,#2557,#2567,.T.);
#2565 = VERTEX_POINT('',#2566);
#2566 = CARTESIAN_POINT('',(0.9144,1.7399,1.825625151396));
#2567 = LINE('',#2568,#2569);
#2568 = CARTESIAN_POINT('',(0.9144,1.7399,1.825625151396));
#2569 = VECTOR('',#2570,1.);
#2570 = DIRECTION('',(0.,0.,-1.));
#2571 = ORIENTED_EDGE('',*,*,#2572,.F.);
#2572 = EDGE_CURVE('',#2573,#2565,#2575,.T.);
#2573 = VERTEX_POINT('',#2574);
#2574 = CARTESIAN_POINT('',(0.873868089938,1.7399,2.024062348604));
#2575 = LINE('',#2576,#2577);
#2576 = CARTESIAN_POINT('',(0.873868089938,1.7399,2.024062348604));
#2577 = VECTOR('',#2578,1.);
#2578 = DIRECTION('',(0.200123648195,0.,-0.979770649404));
#2579 = ORIENTED_EDGE('',*,*,#2580,.F.);
#2580 = EDGE_CURVE('',#2581,#2573,#2583,.T.);
#2581 = VERTEX_POINT('',#2582);
#2582 = CARTESIAN_POINT('',(0.752272359753,1.7399,2.2225));
#2583 = LINE('',#2584,#2585);
#2584 = CARTESIAN_POINT('',(0.752272359753,1.7399,2.2225));
#2585 = VECTOR('',#2586,1.);
#2586 = DIRECTION('',(0.52247663879,0.,-0.852653600191));
#2587 = ORIENTED_EDGE('',*,*,#2588,.F.);
#2588 = EDGE_CURVE('',#2589,#2581,#2591,.T.);
#2589 = VERTEX_POINT('',#2590);
#2590 = CARTESIAN_POINT('',(0.590144719505,1.7399,2.3415625));
#2591 = LINE('',#2592,#2593);
#2592 = CARTESIAN_POINT('',(0.590144719505,1.7399,2.3415625));
#2593 = VECTOR('',#2594,1.);
#2594 = DIRECTION('',(0.806004395831,0.,-0.59190954875));
#2595 = ORIENTED_EDGE('',*,*,#2596,.F.);
#2596 = EDGE_CURVE('',#2597,#2589,#2599,.T.);
#2597 = VERTEX_POINT('',#2598);
#2598 = CARTESIAN_POINT('',(0.46854898932,1.7399,2.381249848604));
#2599 = LINE('',#2600,#2601);
#2600 = CARTESIAN_POINT('',(0.46854898932,1.7399,2.381249848604));
#2601 = VECTOR('',#2602,1.);
#2602 = DIRECTION('',(0.950645541239,0.,-0.310278995296));
#2603 = ORIENTED_EDGE('',*,*,#2604,.F.);
#2604 = EDGE_CURVE('',#2605,#2597,#2607,.T.);
#2605 = VERTEX_POINT('',#2606);
#2606 = CARTESIAN_POINT('',(0.46854898932,1.7399,2.182812651396));
#2607 = LINE('',#2608,#2609);
#2608 = CARTESIAN_POINT('',(0.46854898932,1.7399,2.182812651396));
#2609 = VECTOR('',#2610,1.);
#2610 = DIRECTION('',(0.,0.,1.));
#2611 = ORIENTED_EDGE('',*,*,#2612,.F.);
#2612 = EDGE_CURVE('',#2613,#2605,#2615,.T.);
#2613 = VERTEX_POINT('',#2614);
#2614 = CARTESIAN_POINT('',(0.590144719505,1.7399,2.1034375));
#2615 = LINE('',#2616,#2617);
#2616 = CARTESIAN_POINT('',(0.590144719505,1.7399,2.1034375));
#2617 = VECTOR('',#2618,1.);
#2618 = DIRECTION('',(-0.837378643312,0.,0.546623277701));
#2619 = ORIENTED_EDGE('',*,*,#2620,.F.);
#2620 = EDGE_CURVE('',#2621,#2613,#2623,.T.);
#2621 = VERTEX_POINT('',#2622);
#2622 = CARTESIAN_POINT('',(0.671208539629,1.7399,1.984375));
#2623 = LINE('',#2624,#2625);
#2624 = CARTESIAN_POINT('',(0.671208539629,1.7399,1.984375));
#2625 = VECTOR('',#2626,1.);
#2626 = DIRECTION('',(-0.562790931242,0.,0.8265992788));
#2627 = ORIENTED_EDGE('',*,*,#2628,.F.);
#2628 = EDGE_CURVE('',#2629,#2621,#2631,.T.);
#2629 = VERTEX_POINT('',#2630);
#2630 = CARTESIAN_POINT('',(0.711740449691,1.7399,1.8653125));
#2631 = LINE('',#2632,#2633);
#2632 = CARTESIAN_POINT('',(0.711740449691,1.7399,1.8653125));
#2633 = VECTOR('',#2634,1.);
#2634 = DIRECTION('',(-0.322263763377,0.,0.94664991777));
#2635 = ORIENTED_EDGE('',*,*,#2636,.F.);
#2636 = EDGE_CURVE('',#2637,#2629,#2639,.T.);
#2637 = VERTEX_POINT('',#2638);
#2638 = CARTESIAN_POINT('',(0.711740449691,1.7399,1.6271875));
#2639 = LINE('',#2640,#2641);
#2640 = CARTESIAN_POINT('',(0.711740449691,1.7399,1.6271875));
#2641 = VECTOR('',#2642,1.);
#2642 = DIRECTION('',(0.,0.,1.));
#2643 = ORIENTED_EDGE('',*,*,#2644,.F.);
#2644 = EDGE_CURVE('',#2645,#2637,#2647,.T.);
#2645 = VERTEX_POINT('',#2646);
#2646 = CARTESIAN_POINT('',(0.671208539629,1.7399,1.508125));
#2647 = LINE('',#2648,#2649);
#2648 = CARTESIAN_POINT('',(0.671208539629,1.7399,1.508125));
#2649 = VECTOR('',#2650,1.);
#2650 = DIRECTION('',(0.322263763377,0.,0.94664991777));
#2651 = ORIENTED_EDGE('',*,*,#2652,.F.);
#2652 = EDGE_CURVE('',#2653,#2645,#2655,.T.);
#2653 = VERTEX_POINT('',#2654);
#2654 = CARTESIAN_POINT('',(0.590144719505,1.7399,1.3890625));
#2655 = LINE('',#2656,#2657);
#2656 = CARTESIAN_POINT('',(0.590144719505,1.7399,1.3890625));
#2657 = VECTOR('',#2658,1.);
#2658 = DIRECTION('',(0.562790931242,0.,0.8265992788));
#2659 = ORIENTED_EDGE('',*,*,#2660,.F.);
#2660 = EDGE_CURVE('',#2661,#2653,#2663,.T.);
#2661 = VERTEX_POINT('',#2662);
#2662 = CARTESIAN_POINT('',(0.46854898932,1.7399,1.309687348604));
#2663 = LINE('',#2664,#2665);
#2664 = CARTESIAN_POINT('',(0.46854898932,1.7399,1.309687348604));
#2665 = VECTOR('',#2666,1.);
#2666 = DIRECTION('',(0.837378643312,0.,0.546623277701));
#2667 = ORIENTED_EDGE('',*,*,#2668,.F.);
#2668 = EDGE_CURVE('',#2669,#2661,#2671,.T.);
#2669 = VERTEX_POINT('',#2670);
#2670 = CARTESIAN_POINT('',(0.346953145587,1.7399,1.27));
#2671 = LINE('',#2672,#2673);
#2672 = CARTESIAN_POINT('',(0.346953145587,1.7399,1.27));
#2673 = VECTOR('',#2674,1.);
#2674 = DIRECTION('',(0.950645626703,0.,0.31027873345));
#2675 = ORIENTED_EDGE('',*,*,#2676,.F.);
#2676 = EDGE_CURVE('',#2677,#2669,#2679,.T.);
#2677 = VERTEX_POINT('',#2678);
#2678 = CARTESIAN_POINT('',(0.103761685216,1.7399,1.230312424302));
#2679 = LINE('',#2680,#2681);
#2680 = CARTESIAN_POINT('',(0.103761685216,1.7399,1.230312424302));
#2681 = VECTOR('',#2682,1.);
#2682 = DIRECTION('',(0.986943948288,0.,0.161064095744));
#2683 = ORIENTED_EDGE('',*,*,#2684,.F.);
#2684 = EDGE_CURVE('',#2685,#2677,#2687,.T.);
#2685 = VERTEX_POINT('',#2686);
#2686 = CARTESIAN_POINT('',(2.269786509275E-02,1.7399,1.230312424302));
#2687 = LINE('',#2688,#2689);
#2688 = CARTESIAN_POINT('',(2.269786509275E-02,1.7399,1.230312424302));
#2689 = VECTOR('',#2690,1.);
#2690 = DIRECTION('',(1.,0.,0.));
#2691 = ORIENTED_EDGE('',*,*,#2692,.F.);
#2692 = EDGE_CURVE('',#2693,#2685,#2695,.T.);
#2693 = VERTEX_POINT('',#2694);
#2694 = CARTESIAN_POINT('',(0.18482550534,1.7399,1.468437651396));
#2695 = LINE('',#2696,#2697);
#2696 = CARTESIAN_POINT('',(0.18482550534,1.7399,1.468437651396));
#2697 = VECTOR('',#2698,1.);
#2698 = DIRECTION('',(-0.56279056452,0.,-0.826599528483));
#2699 = ORIENTED_EDGE('',*,*,#2700,.F.);
#2700 = EDGE_CURVE('',#2701,#2693,#2703,.T.);
#2701 = VERTEX_POINT('',#2702);
#2702 = CARTESIAN_POINT('',(0.225357415402,1.7399,1.666874848604));
#2703 = LINE('',#2704,#2705);
#2704 = CARTESIAN_POINT('',(0.225357415402,1.7399,1.666874848604));
#2705 = VECTOR('',#2706,1.);
#2706 = DIRECTION('',(-0.200123648195,0.,-0.979770649404));
#2707 = ORIENTED_EDGE('',*,*,#2708,.F.);
#2708 = EDGE_CURVE('',#2709,#2701,#2711,.T.);
#2709 = VERTEX_POINT('',#2710);
#2710 = CARTESIAN_POINT('',(0.225357415402,1.7399,1.8653125));
#2711 = LINE('',#2712,#2713);
#2712 = CARTESIAN_POINT('',(0.225357415402,1.7399,1.8653125));
#2713 = VECTOR('',#2714,1.);
#2714 = DIRECTION('',(0.,0.,-1.));
#2715 = ORIENTED_EDGE('',*,*,#2716,.F.);
#2716 = EDGE_CURVE('',#2717,#2709,#2719,.T.);
#2717 = VERTEX_POINT('',#2718);
#2718 = CARTESIAN_POINT('',(0.18482550534,1.7399,2.063750151396));
#2719 = LINE('',#2720,#2721);
#2720 = CARTESIAN_POINT('',(0.18482550534,1.7399,2.063750151396));
#2721 = VECTOR('',#2722,1.);
#2722 = DIRECTION('',(0.200123208493,0.,-0.979770739215));
#2723 = ORIENTED_EDGE('',*,*,#2724,.F.);
#2724 = EDGE_CURVE('',#2413,#2717,#2725,.T.);
#2725 = LINE('',#2726,#2727);
#2726 = CARTESIAN_POINT('',(6.32297751546E-02,1.7399,2.262187348604));
#2727 = VECTOR('',#2728,1.);
#2728 = DIRECTION('',(0.522477508198,0.,-0.852653067447));
#2729 = FACE_BOUND('',#2730,.F.);
#2730 = EDGE_LOOP('',(#2731,#2741,#2749,#2757,#2765,#2773,#2781,#2789,
    #2797,#2805,#2813,#2821,#2829,#2837,#2845,#2853,#2861,#2869,#2877,
    #2885));
#2731 = ORIENTED_EDGE('',*,*,#2732,.F.);
#2732 = EDGE_CURVE('',#2733,#2735,#2737,.T.);
#2733 = VERTEX_POINT('',#2734);
#2734 = CARTESIAN_POINT('',(-0.179961685216,1.7399,2.2225));
#2735 = VERTEX_POINT('',#2736);
#2736 = CARTESIAN_POINT('',(-0.301557472175,1.7399,2.262187348604));
#2737 = LINE('',#2738,#2739);
#2738 = CARTESIAN_POINT('',(-0.179961685216,1.7399,2.2225));
#2739 = VECTOR('',#2740,1.);
#2740 = DIRECTION('',(-0.950645583971,0.,0.310278864373));
#2741 = ORIENTED_EDGE('',*,*,#2742,.F.);
#2742 = EDGE_CURVE('',#2743,#2733,#2745,.T.);
#2743 = VERTEX_POINT('',#2744);
#2744 = CARTESIAN_POINT('',(-9.889786509275E-02,1.7399,2.143124848604));
#2745 = LINE('',#2746,#2747);
#2746 = CARTESIAN_POINT('',(-9.889786509275E-02,1.7399,2.143124848604));
#2747 = VECTOR('',#2748,1.);
#2748 = DIRECTION('',(-0.714509717736,0.,0.699625516445));
#2749 = ORIENTED_EDGE('',*,*,#2750,.F.);
#2750 = EDGE_CURVE('',#2751,#2743,#2753,.T.);
#2751 = VERTEX_POINT('',#2752);
#2752 = CARTESIAN_POINT('',(-1.783404496908E-02,1.7399,2.024062348604));
#2753 = LINE('',#2754,#2755);
#2754 = CARTESIAN_POINT('',(-1.783404496908E-02,1.7399,2.024062348604));
#2755 = VECTOR('',#2756,1.);
#2756 = DIRECTION('',(-0.562790931242,0.,0.8265992788));
#2757 = ORIENTED_EDGE('',*,*,#2758,.F.);
#2758 = EDGE_CURVE('',#2759,#2751,#2761,.T.);
#2759 = VERTEX_POINT('',#2760);
#2760 = CARTESIAN_POINT('',(2.269786509275E-02,1.7399,1.904999848604));
#2761 = LINE('',#2762,#2763);
#2762 = CARTESIAN_POINT('',(2.269786509275E-02,1.7399,1.904999848604));
#2763 = VECTOR('',#2764,1.);
#2764 = DIRECTION('',(-0.322263763377,0.,0.94664991777));
#2765 = ORIENTED_EDGE('',*,*,#2766,.F.);
#2766 = EDGE_CURVE('',#2767,#2759,#2769,.T.);
#2767 = VERTEX_POINT('',#2768);
#2768 = CARTESIAN_POINT('',(2.269786509275E-02,1.7399,1.6271875));
#2769 = LINE('',#2770,#2771);
#2770 = CARTESIAN_POINT('',(2.269786509275E-02,1.7399,1.6271875));
#2771 = VECTOR('',#2772,1.);
#2772 = DIRECTION('',(0.,0.,1.));
#2773 = ORIENTED_EDGE('',*,*,#2774,.F.);
#2774 = EDGE_CURVE('',#2775,#2767,#2777,.T.);
#2775 = VERTEX_POINT('',#2776);
#2776 = CARTESIAN_POINT('',(-1.783404496908E-02,1.7399,1.508125));
#2777 = LINE('',#2778,#2779);
#2778 = CARTESIAN_POINT('',(-1.783404496908E-02,1.7399,1.508125));
#2779 = VECTOR('',#2780,1.);
#2780 = DIRECTION('',(0.322263763377,0.,0.94664991777));
#2781 = ORIENTED_EDGE('',*,*,#2782,.F.);
#2782 = EDGE_CURVE('',#2783,#2775,#2785,.T.);
#2783 = VERTEX_POINT('',#2784);
#2784 = CARTESIAN_POINT('',(-9.889786509275E-02,1.7399,1.3890625));
#2785 = LINE('',#2786,#2787);
#2786 = CARTESIAN_POINT('',(-9.889786509275E-02,1.7399,1.3890625));
#2787 = VECTOR('',#2788,1.);
#2788 = DIRECTION('',(0.562790931242,0.,0.8265992788));
#2789 = ORIENTED_EDGE('',*,*,#2790,.F.);
#2790 = EDGE_CURVE('',#2791,#2783,#2793,.T.);
#2791 = VERTEX_POINT('',#2792);
#2792 = CARTESIAN_POINT('',(-0.179961685216,1.7399,1.309687348604));
#2793 = LINE('',#2794,#2795);
#2794 = CARTESIAN_POINT('',(-0.179961685216,1.7399,1.309687348604));
#2795 = VECTOR('',#2796,1.);
#2796 = DIRECTION('',(0.714509717736,0.,0.699625516445));
#2797 = ORIENTED_EDGE('',*,*,#2798,.F.);
#2798 = EDGE_CURVE('',#2799,#2791,#2801,.T.);
#2799 = VERTEX_POINT('',#2800);
#2800 = CARTESIAN_POINT('',(-0.301557472175,1.7399,1.27));
#2801 = LINE('',#2802,#2803);
#2802 = CARTESIAN_POINT('',(-0.301557472175,1.7399,1.27));
#2803 = VECTOR('',#2804,1.);
#2804 = DIRECTION('',(0.950645583971,0.,0.310278864373));
#2805 = ORIENTED_EDGE('',*,*,#2806,.F.);
#2806 = EDGE_CURVE('',#2807,#2799,#2809,.T.);
#2807 = VERTEX_POINT('',#2808);
#2808 = CARTESIAN_POINT('',(-0.423153202361,1.7399,1.27));
#2809 = LINE('',#2810,#2811);
#2810 = CARTESIAN_POINT('',(-0.423153202361,1.7399,1.27));
#2811 = VECTOR('',#2812,1.);
#2812 = DIRECTION('',(1.,0.,0.));
#2813 = ORIENTED_EDGE('',*,*,#2814,.F.);
#2814 = EDGE_CURVE('',#2815,#2807,#2817,.T.);
#2815 = VERTEX_POINT('',#2816);
#2816 = CARTESIAN_POINT('',(-0.544748932546,1.7399,1.309687348604));
#2817 = LINE('',#2818,#2819);
#2818 = CARTESIAN_POINT('',(-0.544748932546,1.7399,1.309687348604));
#2819 = VECTOR('',#2820,1.);
#2820 = DIRECTION('',(0.950645541239,0.,-0.310278995296));
#2821 = ORIENTED_EDGE('',*,*,#2822,.F.);
#2822 = EDGE_CURVE('',#2823,#2815,#2825,.T.);
#2823 = VERTEX_POINT('',#2824);
#2824 = CARTESIAN_POINT('',(-0.666344691119,1.7399,1.3890625));
#2825 = LINE('',#2826,#2827);
#2826 = CARTESIAN_POINT('',(-0.666344691119,1.7399,1.3890625));
#2827 = VECTOR('',#2828,1.);
#2828 = DIRECTION('',(0.837378701723,0.,-0.546623188221));
#2829 = ORIENTED_EDGE('',*,*,#2830,.F.);
#2830 = EDGE_CURVE('',#2831,#2823,#2833,.T.);
#2831 = VERTEX_POINT('',#2832);
#2832 = CARTESIAN_POINT('',(-0.747408511242,1.7399,1.508125));
#2833 = LINE('',#2834,#2835);
#2834 = CARTESIAN_POINT('',(-0.747408511242,1.7399,1.508125));
#2835 = VECTOR('',#2836,1.);
#2836 = DIRECTION('',(0.562790931242,0.,-0.8265992788));
#2837 = ORIENTED_EDGE('',*,*,#2838,.F.);
#2838 = EDGE_CURVE('',#2839,#2831,#2841,.T.);
#2839 = VERTEX_POINT('',#2840);
#2840 = CARTESIAN_POINT('',(-0.787940421304,1.7399,1.6271875));
#2841 = LINE('',#2842,#2843);
#2842 = CARTESIAN_POINT('',(-0.787940421304,1.7399,1.6271875));
#2843 = VECTOR('',#2844,1.);
#2844 = DIRECTION('',(0.322263763377,0.,-0.94664991777));
#2845 = ORIENTED_EDGE('',*,*,#2846,.F.);
#2846 = EDGE_CURVE('',#2847,#2839,#2849,.T.);
#2847 = VERTEX_POINT('',#2848);
#2848 = CARTESIAN_POINT('',(-0.787940421304,1.7399,1.904999848604));
#2849 = LINE('',#2850,#2851);
#2850 = CARTESIAN_POINT('',(-0.787940421304,1.7399,1.904999848604));
#2851 = VECTOR('',#2852,1.);
#2852 = DIRECTION('',(0.,0.,-1.));
#2853 = ORIENTED_EDGE('',*,*,#2854,.F.);
#2854 = EDGE_CURVE('',#2855,#2847,#2857,.T.);
#2855 = VERTEX_POINT('',#2856);
#2856 = CARTESIAN_POINT('',(-0.747408511242,1.7399,2.024062348604));
#2857 = LINE('',#2858,#2859);
#2858 = CARTESIAN_POINT('',(-0.747408511242,1.7399,2.024062348604));
#2859 = VECTOR('',#2860,1.);
#2860 = DIRECTION('',(-0.322263763377,0.,-0.94664991777));
#2861 = ORIENTED_EDGE('',*,*,#2862,.F.);
#2862 = EDGE_CURVE('',#2863,#2855,#2865,.T.);
#2863 = VERTEX_POINT('',#2864);
#2864 = CARTESIAN_POINT('',(-0.666344691119,1.7399,2.143124848604));
#2865 = LINE('',#2866,#2867);
#2866 = CARTESIAN_POINT('',(-0.666344691119,1.7399,2.143124848604));
#2867 = VECTOR('',#2868,1.);
#2868 = DIRECTION('',(-0.562790931242,0.,-0.8265992788));
#2869 = ORIENTED_EDGE('',*,*,#2870,.F.);
#2870 = EDGE_CURVE('',#2871,#2863,#2873,.T.);
#2871 = VERTEX_POINT('',#2872);
#2872 = CARTESIAN_POINT('',(-0.544748932546,1.7399,2.2225));
#2873 = LINE('',#2874,#2875);
#2874 = CARTESIAN_POINT('',(-0.544748932546,1.7399,2.2225));
#2875 = VECTOR('',#2876,1.);
#2876 = DIRECTION('',(-0.837378701723,0.,-0.546623188221));
#2877 = ORIENTED_EDGE('',*,*,#2878,.F.);
#2878 = EDGE_CURVE('',#2879,#2871,#2881,.T.);
#2879 = VERTEX_POINT('',#2880);
#2880 = CARTESIAN_POINT('',(-0.423153202361,1.7399,2.262187348604));
#2881 = LINE('',#2882,#2883);
#2882 = CARTESIAN_POINT('',(-0.423153202361,1.7399,2.262187348604));
#2883 = VECTOR('',#2884,1.);
#2884 = DIRECTION('',(-0.950645541239,0.,-0.310278995296));
#2885 = ORIENTED_EDGE('',*,*,#2886,.F.);
#2886 = EDGE_CURVE('',#2735,#2879,#2887,.T.);
#2887 = LINE('',#2888,#2889);
#2888 = CARTESIAN_POINT('',(-0.301557472175,1.7399,2.262187348604));
#2889 = VECTOR('',#2890,1.);
#2890 = DIRECTION('',(-1.,0.,0.));
#2891 = PLANE('',#2892);
#2892 = AXIS2_PLACEMENT_3D('',#2893,#2894,#2895);
#2893 = CARTESIAN_POINT('',(0.,1.7399,0.));
#2894 = DIRECTION('',(0.,1.,0.));
#2895 = DIRECTION('',(0.,-0.,1.));
#2896 = ADVANCED_FACE('',(#2897),#2913,.F.);
#2897 = FACE_BOUND('',#2898,.F.);
#2898 = EDGE_LOOP('',(#2899,#2900,#2906,#2907));
#2899 = ORIENTED_EDGE('',*,*,#546,.F.);
#2900 = ORIENTED_EDGE('',*,*,#2901,.T.);
#2901 = EDGE_CURVE('',#547,#1995,#2902,.T.);
#2902 = LINE('',#2903,#2904);
#2903 = CARTESIAN_POINT('',(0.103761685216,1.7653,-1.547812537849));
#2904 = VECTOR('',#2905,1.);
#2905 = DIRECTION('',(0.,-1.,0.));
#2906 = ORIENTED_EDGE('',*,*,#1994,.T.);
#2907 = ORIENTED_EDGE('',*,*,#2908,.F.);
#2908 = EDGE_CURVE('',#549,#1997,#2909,.T.);
#2909 = LINE('',#2910,#2911);
#2910 = CARTESIAN_POINT('',(0.103761685216,1.7653,-2.301875));
#2911 = VECTOR('',#2912,1.);
#2912 = DIRECTION('',(0.,-1.,0.));
#2913 = PLANE('',#2914);
#2914 = AXIS2_PLACEMENT_3D('',#2915,#2916,#2917);
#2915 = CARTESIAN_POINT('',(0.103761685216,1.7653,-1.547812537849));
#2916 = DIRECTION('',(1.,0.,0.));
#2917 = DIRECTION('',(0.,0.,-1.));
#2918 = ADVANCED_FACE('',(#2919),#2930,.F.);
#2919 = FACE_BOUND('',#2920,.F.);
#2920 = EDGE_LOOP('',(#2921,#2922,#2928,#2929));
#2921 = ORIENTED_EDGE('',*,*,#620,.F.);
#2922 = ORIENTED_EDGE('',*,*,#2923,.T.);
#2923 = EDGE_CURVE('',#613,#2005,#2924,.T.);
#2924 = LINE('',#2925,#2926);
#2925 = CARTESIAN_POINT('',(0.144293595278,1.7653,-1.428750037849));
#2926 = VECTOR('',#2927,1.);
#2927 = DIRECTION('',(0.,-1.,0.));
#2928 = ORIENTED_EDGE('',*,*,#2004,.T.);
#2929 = ORIENTED_EDGE('',*,*,#2901,.F.);
#2930 = PLANE('',#2931);
#2931 = AXIS2_PLACEMENT_3D('',#2932,#2933,#2934);
#2932 = CARTESIAN_POINT('',(0.144293595278,1.7653,-1.428750037849));
#2933 = DIRECTION('',(0.94664991777,0.,-0.322263763377));
#2934 = DIRECTION('',(-0.322263763377,0.,-0.94664991777));
#2935 = ADVANCED_FACE('',(#2936),#2947,.F.);
#2936 = FACE_BOUND('',#2937,.F.);
#2937 = EDGE_LOOP('',(#2938,#2939,#2945,#2946));
#2938 = ORIENTED_EDGE('',*,*,#612,.F.);
#2939 = ORIENTED_EDGE('',*,*,#2940,.T.);
#2940 = EDGE_CURVE('',#605,#2013,#2941,.T.);
#2941 = LINE('',#2942,#2943);
#2942 = CARTESIAN_POINT('',(0.225357415402,1.7653,-1.349375));
#2943 = VECTOR('',#2944,1.);
#2944 = DIRECTION('',(0.,-1.,0.));
#2945 = ORIENTED_EDGE('',*,*,#2012,.T.);
#2946 = ORIENTED_EDGE('',*,*,#2923,.F.);
#2947 = PLANE('',#2948);
#2948 = AXIS2_PLACEMENT_3D('',#2949,#2950,#2951);
#2949 = CARTESIAN_POINT('',(0.225357415402,1.7653,-1.349375));
#2950 = DIRECTION('',(0.699625005502,0.,-0.714510218035));
#2951 = DIRECTION('',(-0.714510218035,0.,-0.699625005502));
#2952 = ADVANCED_FACE('',(#2953),#2964,.F.);
#2953 = FACE_BOUND('',#2954,.F.);
#2954 = EDGE_LOOP('',(#2955,#2956,#2962,#2963));
#2955 = ORIENTED_EDGE('',*,*,#604,.F.);
#2956 = ORIENTED_EDGE('',*,*,#2957,.T.);
#2957 = EDGE_CURVE('',#597,#2021,#2958,.T.);
#2958 = LINE('',#2959,#2960);
#2959 = CARTESIAN_POINT('',(0.346953145587,1.7653,-1.309687537849));
#2960 = VECTOR('',#2961,1.);
#2961 = DIRECTION('',(0.,-1.,0.));
#2962 = ORIENTED_EDGE('',*,*,#2020,.T.);
#2963 = ORIENTED_EDGE('',*,*,#2940,.F.);
#2964 = PLANE('',#2965);
#2965 = AXIS2_PLACEMENT_3D('',#2966,#2967,#2968);
#2966 = CARTESIAN_POINT('',(0.346953145587,1.7653,-1.309687537849));
#2967 = DIRECTION('',(0.310279797551,0.,-0.950645279393));
#2968 = DIRECTION('',(-0.950645279393,0.,-0.310279797551));
#2969 = ADVANCED_FACE('',(#2970),#2981,.F.);
#2970 = FACE_BOUND('',#2971,.F.);
#2971 = EDGE_LOOP('',(#2972,#2973,#2979,#2980));
#2972 = ORIENTED_EDGE('',*,*,#596,.F.);
#2973 = ORIENTED_EDGE('',*,*,#2974,.T.);
#2974 = EDGE_CURVE('',#589,#2029,#2975,.T.);
#2975 = LINE('',#2976,#2977);
#2976 = CARTESIAN_POINT('',(0.46854898932,1.7653,-1.309687537849));
#2977 = VECTOR('',#2978,1.);
#2978 = DIRECTION('',(0.,-1.,0.));
#2979 = ORIENTED_EDGE('',*,*,#2028,.T.);
#2980 = ORIENTED_EDGE('',*,*,#2957,.F.);
#2981 = PLANE('',#2982);
#2982 = AXIS2_PLACEMENT_3D('',#2983,#2984,#2985);
#2983 = CARTESIAN_POINT('',(0.46854898932,1.7653,-1.309687537849));
#2984 = DIRECTION('',(0.,0.,-1.));
#2985 = DIRECTION('',(-1.,0.,0.));
#2986 = ADVANCED_FACE('',(#2987),#2998,.F.);
#2987 = FACE_BOUND('',#2988,.F.);
#2988 = EDGE_LOOP('',(#2989,#2990,#2996,#2997));
#2989 = ORIENTED_EDGE('',*,*,#588,.F.);
#2990 = ORIENTED_EDGE('',*,*,#2991,.T.);
#2991 = EDGE_CURVE('',#581,#2037,#2992,.T.);
#2992 = LINE('',#2993,#2994);
#2993 = CARTESIAN_POINT('',(0.590144719505,1.7653,-1.349375));
#2994 = VECTOR('',#2995,1.);
#2995 = DIRECTION('',(0.,-1.,0.));
#2996 = ORIENTED_EDGE('',*,*,#2036,.T.);
#2997 = ORIENTED_EDGE('',*,*,#2974,.F.);
#2998 = PLANE('',#2999);
#2999 = AXIS2_PLACEMENT_3D('',#3000,#3001,#3002);
#3000 = CARTESIAN_POINT('',(0.590144719505,1.7653,-1.349375));
#3001 = DIRECTION('',(-0.310279797551,0.,-0.950645279393));
#3002 = DIRECTION('',(-0.950645279393,0.,0.310279797551));
#3003 = ADVANCED_FACE('',(#3004),#3015,.F.);
#3004 = FACE_BOUND('',#3005,.F.);
#3005 = EDGE_LOOP('',(#3006,#3007,#3013,#3014));
#3006 = ORIENTED_EDGE('',*,*,#580,.F.);
#3007 = ORIENTED_EDGE('',*,*,#3008,.T.);
#3008 = EDGE_CURVE('',#573,#2045,#3009,.T.);
#3009 = LINE('',#3010,#3011);
#3010 = CARTESIAN_POINT('',(0.671208539629,1.7653,-1.428750037849));
#3011 = VECTOR('',#3012,1.);
#3012 = DIRECTION('',(0.,-1.,0.));
#3013 = ORIENTED_EDGE('',*,*,#2044,.T.);
#3014 = ORIENTED_EDGE('',*,*,#2991,.F.);
#3015 = PLANE('',#3016);
#3016 = AXIS2_PLACEMENT_3D('',#3017,#3018,#3019);
#3017 = CARTESIAN_POINT('',(0.671208539629,1.7653,-1.428750037849));
#3018 = DIRECTION('',(-0.699625005502,0.,-0.714510218035));
#3019 = DIRECTION('',(-0.714510218035,0.,0.699625005502));
#3020 = ADVANCED_FACE('',(#3021),#3032,.F.);
#3021 = FACE_BOUND('',#3022,.F.);
#3022 = EDGE_LOOP('',(#3023,#3024,#3030,#3031));
#3023 = ORIENTED_EDGE('',*,*,#572,.F.);
#3024 = ORIENTED_EDGE('',*,*,#3025,.T.);
#3025 = EDGE_CURVE('',#565,#2053,#3026,.T.);
#3026 = LINE('',#3027,#3028);
#3027 = CARTESIAN_POINT('',(0.711740449691,1.7653,-1.547812537849));
#3028 = VECTOR('',#3029,1.);
#3029 = DIRECTION('',(0.,-1.,0.));
#3030 = ORIENTED_EDGE('',*,*,#2052,.T.);
#3031 = ORIENTED_EDGE('',*,*,#3008,.F.);
#3032 = PLANE('',#3033);
#3033 = AXIS2_PLACEMENT_3D('',#3034,#3035,#3036);
#3034 = CARTESIAN_POINT('',(0.711740449691,1.7653,-1.547812537849));
#3035 = DIRECTION('',(-0.94664991777,0.,-0.322263763377));
#3036 = DIRECTION('',(-0.322263763377,0.,0.94664991777));
#3037 = ADVANCED_FACE('',(#3038),#3049,.F.);
#3038 = FACE_BOUND('',#3039,.F.);
#3039 = EDGE_LOOP('',(#3040,#3041,#3047,#3048));
#3040 = ORIENTED_EDGE('',*,*,#564,.F.);
#3041 = ORIENTED_EDGE('',*,*,#3042,.T.);
#3042 = EDGE_CURVE('',#557,#2061,#3043,.T.);
#3043 = LINE('',#3044,#3045);
#3044 = CARTESIAN_POINT('',(0.711740449691,1.7653,-2.301875));
#3045 = VECTOR('',#3046,1.);
#3046 = DIRECTION('',(0.,-1.,0.));
#3047 = ORIENTED_EDGE('',*,*,#2060,.T.);
#3048 = ORIENTED_EDGE('',*,*,#3025,.F.);
#3049 = PLANE('',#3050);
#3050 = AXIS2_PLACEMENT_3D('',#3051,#3052,#3053);
#3051 = CARTESIAN_POINT('',(0.711740449691,1.7653,-2.301875));
#3052 = DIRECTION('',(-1.,0.,0.));
#3053 = DIRECTION('',(0.,0.,1.));
#3054 = ADVANCED_FACE('',(#3055),#3061,.F.);
#3055 = FACE_BOUND('',#3056,.F.);
#3056 = EDGE_LOOP('',(#3057,#3058,#3059,#3060));
#3057 = ORIENTED_EDGE('',*,*,#556,.F.);
#3058 = ORIENTED_EDGE('',*,*,#2908,.T.);
#3059 = ORIENTED_EDGE('',*,*,#2068,.T.);
#3060 = ORIENTED_EDGE('',*,*,#3042,.F.);
#3061 = PLANE('',#3062);
#3062 = AXIS2_PLACEMENT_3D('',#3063,#3064,#3065);
#3063 = CARTESIAN_POINT('',(0.103761685216,1.7653,-2.301875));
#3064 = DIRECTION('',(0.,0.,1.));
#3065 = DIRECTION('',(1.,0.,-0.));
#3066 = ADVANCED_FACE('',(#3067),#3083,.F.);
#3067 = FACE_BOUND('',#3068,.F.);
#3068 = EDGE_LOOP('',(#3069,#3070,#3076,#3077));
#3069 = ORIENTED_EDGE('',*,*,#942,.F.);
#3070 = ORIENTED_EDGE('',*,*,#3071,.T.);
#3071 = EDGE_CURVE('',#943,#2083,#3072,.T.);
#3072 = LINE('',#3073,#3074);
#3073 = CARTESIAN_POINT('',(-0.139429775155,1.7653,-0.436562575698));
#3074 = VECTOR('',#3075,1.);
#3075 = DIRECTION('',(0.,-1.,0.));
#3076 = ORIENTED_EDGE('',*,*,#2082,.T.);
#3077 = ORIENTED_EDGE('',*,*,#3078,.F.);
#3078 = EDGE_CURVE('',#945,#2085,#3079,.T.);
#3079 = LINE('',#3080,#3081);
#3080 = CARTESIAN_POINT('',(-1.783404496908E-02,1.7653,-0.2778125));
#3081 = VECTOR('',#3082,1.);
#3082 = DIRECTION('',(0.,-1.,0.));
#3083 = PLANE('',#3084);
#3084 = AXIS2_PLACEMENT_3D('',#3085,#3086,#3087);
#3085 = CARTESIAN_POINT('',(-0.139429775155,1.7653,-0.436562575698));
#3086 = DIRECTION('',(-0.793878320966,0.,0.608076649362));
#3087 = DIRECTION('',(0.608076649362,0.,0.793878320966));
#3088 = ADVANCED_FACE('',(#3089),#3100,.F.);
#3089 = FACE_BOUND('',#3090,.F.);
#3090 = EDGE_LOOP('',(#3091,#3092,#3098,#3099));
#3091 = ORIENTED_EDGE('',*,*,#1256,.F.);
#3092 = ORIENTED_EDGE('',*,*,#3093,.T.);
#3093 = EDGE_CURVE('',#1249,#2093,#3094,.T.);
#3094 = LINE('',#3095,#3096);
#3095 = CARTESIAN_POINT('',(-0.139429775155,1.7653,-0.714375037849));
#3096 = VECTOR('',#3097,1.);
#3097 = DIRECTION('',(0.,-1.,0.));
#3098 = ORIENTED_EDGE('',*,*,#2092,.T.);
#3099 = ORIENTED_EDGE('',*,*,#3071,.F.);
#3100 = PLANE('',#3101);
#3101 = AXIS2_PLACEMENT_3D('',#3102,#3103,#3104);
#3102 = CARTESIAN_POINT('',(-0.139429775155,1.7653,-0.714375037849));
#3103 = DIRECTION('',(-1.,0.,0.));
#3104 = DIRECTION('',(0.,0.,1.));
#3105 = ADVANCED_FACE('',(#3106),#3117,.F.);
#3106 = FACE_BOUND('',#3107,.F.);
#3107 = EDGE_LOOP('',(#3108,#3109,#3115,#3116));
#3108 = ORIENTED_EDGE('',*,*,#1248,.F.);
#3109 = ORIENTED_EDGE('',*,*,#3110,.T.);
#3110 = EDGE_CURVE('',#1241,#2101,#3111,.T.);
#3111 = LINE('',#3112,#3113);
#3112 = CARTESIAN_POINT('',(0.9144,1.7653,-0.714375037849));
#3113 = VECTOR('',#3114,1.);
#3114 = DIRECTION('',(0.,-1.,0.));
#3115 = ORIENTED_EDGE('',*,*,#2100,.T.);
#3116 = ORIENTED_EDGE('',*,*,#3093,.F.);
#3117 = PLANE('',#3118);
#3118 = AXIS2_PLACEMENT_3D('',#3119,#3120,#3121);
#3119 = CARTESIAN_POINT('',(0.9144,1.7653,-0.714375037849));
#3120 = DIRECTION('',(0.,0.,-1.));
#3121 = DIRECTION('',(-1.,0.,0.));
#3122 = ADVANCED_FACE('',(#3123),#3134,.F.);
#3123 = FACE_BOUND('',#3124,.F.);
#3124 = EDGE_LOOP('',(#3125,#3126,#3132,#3133));
#3125 = ORIENTED_EDGE('',*,*,#1240,.F.);
#3126 = ORIENTED_EDGE('',*,*,#3127,.T.);
#3127 = EDGE_CURVE('',#1233,#2109,#3128,.T.);
#3128 = LINE('',#3129,#3130);
#3129 = CARTESIAN_POINT('',(0.9144,1.7653,0.634999924302));
#3130 = VECTOR('',#3131,1.);
#3131 = DIRECTION('',(0.,-1.,0.));
#3132 = ORIENTED_EDGE('',*,*,#2108,.T.);
#3133 = ORIENTED_EDGE('',*,*,#3110,.F.);
#3134 = PLANE('',#3135);
#3135 = AXIS2_PLACEMENT_3D('',#3136,#3137,#3138);
#3136 = CARTESIAN_POINT('',(0.9144,1.7653,0.634999924302));
#3137 = DIRECTION('',(1.,0.,0.));
#3138 = DIRECTION('',(0.,0.,-1.));
#3139 = ADVANCED_FACE('',(#3140),#3151,.F.);
#3140 = FACE_BOUND('',#3141,.F.);
#3141 = EDGE_LOOP('',(#3142,#3143,#3149,#3150));
#3142 = ORIENTED_EDGE('',*,*,#1232,.F.);
#3143 = ORIENTED_EDGE('',*,*,#3144,.T.);
#3144 = EDGE_CURVE('',#1225,#2117,#3145,.T.);
#3145 = LINE('',#3146,#3147);
#3146 = CARTESIAN_POINT('',(0.711740449691,1.7653,0.634999924302));
#3147 = VECTOR('',#3148,1.);
#3148 = DIRECTION('',(0.,-1.,0.));
#3149 = ORIENTED_EDGE('',*,*,#2116,.T.);
#3150 = ORIENTED_EDGE('',*,*,#3127,.F.);
#3151 = PLANE('',#3152);
#3152 = AXIS2_PLACEMENT_3D('',#3153,#3154,#3155);
#3153 = CARTESIAN_POINT('',(0.711740449691,1.7653,0.634999924302));
#3154 = DIRECTION('',(0.,0.,1.));
#3155 = DIRECTION('',(1.,0.,-0.));
#3156 = ADVANCED_FACE('',(#3157),#3168,.F.);
#3157 = FACE_BOUND('',#3158,.F.);
#3158 = EDGE_LOOP('',(#3159,#3160,#3166,#3167));
#3159 = ORIENTED_EDGE('',*,*,#1224,.F.);
#3160 = ORIENTED_EDGE('',*,*,#3161,.T.);
#3161 = EDGE_CURVE('',#1217,#2125,#3162,.T.);
#3162 = LINE('',#3163,#3164);
#3163 = CARTESIAN_POINT('',(0.711740449691,1.7653,-0.5159375));
#3164 = VECTOR('',#3165,1.);
#3165 = DIRECTION('',(0.,-1.,0.));
#3166 = ORIENTED_EDGE('',*,*,#2124,.T.);
#3167 = ORIENTED_EDGE('',*,*,#3144,.F.);
#3168 = PLANE('',#3169);
#3169 = AXIS2_PLACEMENT_3D('',#3170,#3171,#3172);
#3170 = CARTESIAN_POINT('',(0.711740449691,1.7653,-0.5159375));
#3171 = DIRECTION('',(-1.,0.,0.));
#3172 = DIRECTION('',(0.,0.,1.));
#3173 = ADVANCED_FACE('',(#3174),#3185,.F.);
#3174 = FACE_BOUND('',#3175,.F.);
#3175 = EDGE_LOOP('',(#3176,#3177,#3183,#3184));
#3176 = ORIENTED_EDGE('',*,*,#1216,.F.);
#3177 = ORIENTED_EDGE('',*,*,#3178,.T.);
#3178 = EDGE_CURVE('',#1209,#2133,#3179,.T.);
#3179 = LINE('',#3180,#3181);
#3180 = CARTESIAN_POINT('',(6.32297751546E-02,1.7653,-0.5159375));
#3181 = VECTOR('',#3182,1.);
#3182 = DIRECTION('',(0.,-1.,0.));
#3183 = ORIENTED_EDGE('',*,*,#2132,.T.);
#3184 = ORIENTED_EDGE('',*,*,#3161,.F.);
#3185 = PLANE('',#3186);
#3186 = AXIS2_PLACEMENT_3D('',#3187,#3188,#3189);
#3187 = CARTESIAN_POINT('',(6.32297751546E-02,1.7653,-0.5159375));
#3188 = DIRECTION('',(0.,0.,1.));
#3189 = DIRECTION('',(1.,0.,-0.));
#3190 = ADVANCED_FACE('',(#3191),#3202,.F.);
#3191 = FACE_BOUND('',#3192,.F.);
#3192 = EDGE_LOOP('',(#3193,#3194,#3200,#3201));
#3193 = ORIENTED_EDGE('',*,*,#1208,.F.);
#3194 = ORIENTED_EDGE('',*,*,#3195,.T.);
#3195 = EDGE_CURVE('',#1201,#2141,#3196,.T.);
#3196 = LINE('',#3197,#3198);
#3197 = CARTESIAN_POINT('',(0.18482550534,1.7653,-0.317500075698));
#3198 = VECTOR('',#3199,1.);
#3199 = DIRECTION('',(0.,-1.,0.));
#3200 = ORIENTED_EDGE('',*,*,#2140,.T.);
#3201 = ORIENTED_EDGE('',*,*,#3178,.F.);
#3202 = PLANE('',#3203);
#3203 = AXIS2_PLACEMENT_3D('',#3204,#3205,#3206);
#3204 = CARTESIAN_POINT('',(0.18482550534,1.7653,-0.317500075698));
#3205 = DIRECTION('',(0.85265333382,0.,-0.522477073493));
#3206 = DIRECTION('',(-0.522477073493,0.,-0.85265333382));
#3207 = ADVANCED_FACE('',(#3208),#3219,.F.);
#3208 = FACE_BOUND('',#3209,.F.);
#3209 = EDGE_LOOP('',(#3210,#3211,#3217,#3218));
#3210 = ORIENTED_EDGE('',*,*,#1200,.F.);
#3211 = ORIENTED_EDGE('',*,*,#3212,.T.);
#3212 = EDGE_CURVE('',#1193,#2149,#3213,.T.);
#3213 = LINE('',#3214,#3215);
#3214 = CARTESIAN_POINT('',(0.225357415402,1.7653,-0.119062424302));
#3215 = VECTOR('',#3216,1.);
#3216 = DIRECTION('',(0.,-1.,0.));
#3217 = ORIENTED_EDGE('',*,*,#2148,.T.);
#3218 = ORIENTED_EDGE('',*,*,#3195,.F.);
#3219 = PLANE('',#3220);
#3220 = AXIS2_PLACEMENT_3D('',#3221,#3222,#3223);
#3221 = CARTESIAN_POINT('',(0.225357415402,1.7653,-0.119062424302));
#3222 = DIRECTION('',(0.979770739215,0.,-0.200123208493));
#3223 = DIRECTION('',(-0.200123208493,0.,-0.979770739215));
#3224 = ADVANCED_FACE('',(#3225),#3236,.F.);
#3225 = FACE_BOUND('',#3226,.F.);
#3226 = EDGE_LOOP('',(#3227,#3228,#3234,#3235));
#3227 = ORIENTED_EDGE('',*,*,#1192,.F.);
#3228 = ORIENTED_EDGE('',*,*,#3229,.T.);
#3229 = EDGE_CURVE('',#1185,#2157,#3230,.T.);
#3230 = LINE('',#3231,#3232);
#3231 = CARTESIAN_POINT('',(0.225357415402,1.7653,0.119062575698));
#3232 = VECTOR('',#3233,1.);
#3233 = DIRECTION('',(0.,-1.,0.));
#3234 = ORIENTED_EDGE('',*,*,#2156,.T.);
#3235 = ORIENTED_EDGE('',*,*,#3212,.F.);
#3236 = PLANE('',#3237);
#3237 = AXIS2_PLACEMENT_3D('',#3238,#3239,#3240);
#3238 = CARTESIAN_POINT('',(0.225357415402,1.7653,0.119062575698));
#3239 = DIRECTION('',(1.,0.,0.));
#3240 = DIRECTION('',(0.,0.,-1.));
#3241 = ADVANCED_FACE('',(#3242),#3253,.F.);
#3242 = FACE_BOUND('',#3243,.F.);
#3243 = EDGE_LOOP('',(#3244,#3245,#3251,#3252));
#3244 = ORIENTED_EDGE('',*,*,#1184,.F.);
#3245 = ORIENTED_EDGE('',*,*,#3246,.T.);
#3246 = EDGE_CURVE('',#1177,#2165,#3247,.T.);
#3247 = LINE('',#3248,#3249);
#3248 = CARTESIAN_POINT('',(0.18482550534,1.7653,0.3175));
#3249 = VECTOR('',#3250,1.);
#3250 = DIRECTION('',(0.,-1.,0.));
#3251 = ORIENTED_EDGE('',*,*,#2164,.T.);
#3252 = ORIENTED_EDGE('',*,*,#3229,.F.);
#3253 = PLANE('',#3254);
#3254 = AXIS2_PLACEMENT_3D('',#3255,#3256,#3257);
#3255 = CARTESIAN_POINT('',(0.18482550534,1.7653,0.3175));
#3256 = DIRECTION('',(0.97977069431,0.,0.200123428343));
#3257 = DIRECTION('',(0.200123428343,0.,-0.97977069431));
#3258 = ADVANCED_FACE('',(#3259),#3270,.F.);
#3259 = FACE_BOUND('',#3260,.F.);
#3260 = EDGE_LOOP('',(#3261,#3262,#3268,#3269));
#3261 = ORIENTED_EDGE('',*,*,#1176,.F.);
#3262 = ORIENTED_EDGE('',*,*,#3263,.T.);
#3263 = EDGE_CURVE('',#1169,#2173,#3264,.T.);
#3264 = LINE('',#3265,#3266);
#3265 = CARTESIAN_POINT('',(6.32297751546E-02,1.7653,0.515937424302));
#3266 = VECTOR('',#3267,1.);
#3267 = DIRECTION('',(0.,-1.,0.));
#3268 = ORIENTED_EDGE('',*,*,#2172,.T.);
#3269 = ORIENTED_EDGE('',*,*,#3246,.F.);
#3270 = PLANE('',#3271);
#3271 = AXIS2_PLACEMENT_3D('',#3272,#3273,#3274);
#3272 = CARTESIAN_POINT('',(6.32297751546E-02,1.7653,0.515937424302));
#3273 = DIRECTION('',(0.85265333382,0.,0.522477073493));
#3274 = DIRECTION('',(0.522477073493,0.,-0.85265333382));
#3275 = ADVANCED_FACE('',(#3276),#3287,.F.);
#3276 = FACE_BOUND('',#3277,.F.);
#3277 = EDGE_LOOP('',(#3278,#3279,#3285,#3286));
#3278 = ORIENTED_EDGE('',*,*,#1168,.F.);
#3279 = ORIENTED_EDGE('',*,*,#3280,.T.);
#3280 = EDGE_CURVE('',#1161,#2181,#3281,.T.);
#3281 = LINE('',#3282,#3283);
#3282 = CARTESIAN_POINT('',(-9.889786509275E-02,1.7653,0.634999924302));
#3283 = VECTOR('',#3284,1.);
#3284 = DIRECTION('',(0.,-1.,0.));
#3285 = ORIENTED_EDGE('',*,*,#2180,.T.);
#3286 = ORIENTED_EDGE('',*,*,#3263,.F.);
#3287 = PLANE('',#3288);
#3288 = AXIS2_PLACEMENT_3D('',#3289,#3290,#3291);
#3289 = CARTESIAN_POINT('',(-9.889786509275E-02,1.7653,0.634999924302));
#3290 = DIRECTION('',(0.59190954875,0.,0.806004395831));
#3291 = DIRECTION('',(0.806004395831,0.,-0.59190954875));
#3292 = ADVANCED_FACE('',(#3293),#3304,.F.);
#3293 = FACE_BOUND('',#3294,.F.);
#3294 = EDGE_LOOP('',(#3295,#3296,#3302,#3303));
#3295 = ORIENTED_EDGE('',*,*,#1160,.F.);
#3296 = ORIENTED_EDGE('',*,*,#3297,.T.);
#3297 = EDGE_CURVE('',#1153,#2189,#3298,.T.);
#3298 = LINE('',#3299,#3300);
#3299 = CARTESIAN_POINT('',(-0.301557472175,1.7653,0.714375075698));
#3300 = VECTOR('',#3301,1.);
#3301 = DIRECTION('',(0.,-1.,0.));
#3302 = ORIENTED_EDGE('',*,*,#2188,.T.);
#3303 = ORIENTED_EDGE('',*,*,#3280,.F.);
#3304 = PLANE('',#3305);
#3305 = AXIS2_PLACEMENT_3D('',#3306,#3307,#3308);
#3306 = CARTESIAN_POINT('',(-0.301557472175,1.7653,0.714375075698));
#3307 = DIRECTION('',(0.364692450412,0.,0.93112803449));
#3308 = DIRECTION('',(0.93112803449,0.,-0.364692450412));
#3309 = ADVANCED_FACE('',(#3310),#3321,.F.);
#3310 = FACE_BOUND('',#3311,.F.);
#3311 = EDGE_LOOP('',(#3312,#3313,#3319,#3320));
#3312 = ORIENTED_EDGE('',*,*,#1152,.F.);
#3313 = ORIENTED_EDGE('',*,*,#3314,.T.);
#3314 = EDGE_CURVE('',#1145,#2197,#3315,.T.);
#3315 = LINE('',#3316,#3317);
#3316 = CARTESIAN_POINT('',(-0.463685112423,1.7653,0.714375075698));
#3317 = VECTOR('',#3318,1.);
#3318 = DIRECTION('',(0.,-1.,0.));
#3319 = ORIENTED_EDGE('',*,*,#2196,.T.);
#3320 = ORIENTED_EDGE('',*,*,#3297,.F.);
#3321 = PLANE('',#3322);
#3322 = AXIS2_PLACEMENT_3D('',#3323,#3324,#3325);
#3323 = CARTESIAN_POINT('',(-0.463685112423,1.7653,0.714375075698));
#3324 = DIRECTION('',(0.,0.,1.));
#3325 = DIRECTION('',(1.,0.,-0.));
#3326 = ADVANCED_FACE('',(#3327),#3338,.F.);
#3327 = FACE_BOUND('',#3328,.F.);
#3328 = EDGE_LOOP('',(#3329,#3330,#3336,#3337));
#3329 = ORIENTED_EDGE('',*,*,#1144,.F.);
#3330 = ORIENTED_EDGE('',*,*,#3331,.T.);
#3331 = EDGE_CURVE('',#1137,#2205,#3332,.T.);
#3332 = LINE('',#3333,#3334);
#3333 = CARTESIAN_POINT('',(-0.666344691119,1.7653,0.634999924302));
#3334 = VECTOR('',#3335,1.);
#3335 = DIRECTION('',(0.,-1.,0.));
#3336 = ORIENTED_EDGE('',*,*,#2204,.T.);
#3337 = ORIENTED_EDGE('',*,*,#3314,.F.);
#3338 = PLANE('',#3339);
#3339 = AXIS2_PLACEMENT_3D('',#3340,#3341,#3342);
#3340 = CARTESIAN_POINT('',(-0.666344691119,1.7653,0.634999924302));
#3341 = DIRECTION('',(-0.364692494701,0.,0.931128017143));
#3342 = DIRECTION('',(0.931128017143,0.,0.364692494701));
#3343 = ADVANCED_FACE('',(#3344),#3355,.F.);
#3344 = FACE_BOUND('',#3345,.F.);
#3345 = EDGE_LOOP('',(#3346,#3347,#3353,#3354));
#3346 = ORIENTED_EDGE('',*,*,#1136,.F.);
#3347 = ORIENTED_EDGE('',*,*,#3348,.T.);
#3348 = EDGE_CURVE('',#1129,#2213,#3349,.T.);
#3349 = LINE('',#3350,#3351);
#3350 = CARTESIAN_POINT('',(-0.828472345559,1.7653,0.515937424302));
#3351 = VECTOR('',#3352,1.);
#3352 = DIRECTION('',(0.,-1.,0.));
#3353 = ORIENTED_EDGE('',*,*,#2212,.T.);
#3354 = ORIENTED_EDGE('',*,*,#3331,.F.);
#3355 = PLANE('',#3356);
#3356 = AXIS2_PLACEMENT_3D('',#3357,#3358,#3359);
#3357 = CARTESIAN_POINT('',(-0.828472345559,1.7653,0.515937424302));
#3358 = DIRECTION('',(-0.591909515086,0.,0.806004420553));
#3359 = DIRECTION('',(0.806004420553,0.,0.591909515086));
#3360 = ADVANCED_FACE('',(#3361),#3372,.F.);
#3361 = FACE_BOUND('',#3362,.F.);
#3362 = EDGE_LOOP('',(#3363,#3364,#3370,#3371));
#3363 = ORIENTED_EDGE('',*,*,#1128,.F.);
#3364 = ORIENTED_EDGE('',*,*,#3365,.T.);
#3365 = EDGE_CURVE('',#1121,#2221,#3366,.T.);
#3366 = LINE('',#3367,#3368);
#3367 = CARTESIAN_POINT('',(-0.95006808639,1.7653,0.3175));
#3368 = VECTOR('',#3369,1.);
#3369 = DIRECTION('',(0.,-1.,0.));
#3370 = ORIENTED_EDGE('',*,*,#2220,.T.);
#3371 = ORIENTED_EDGE('',*,*,#3348,.F.);
#3372 = PLANE('',#3373);
#3373 = AXIS2_PLACEMENT_3D('',#3374,#3375,#3376);
#3374 = CARTESIAN_POINT('',(-0.95006808639,1.7653,0.3175));
#3375 = DIRECTION('',(-0.852653313443,0.,0.522477106747));
#3376 = DIRECTION('',(0.522477106747,0.,0.852653313443));
#3377 = ADVANCED_FACE('',(#3378),#3389,.F.);
#3378 = FACE_BOUND('',#3379,.F.);
#3379 = EDGE_LOOP('',(#3380,#3381,#3387,#3388));
#3380 = ORIENTED_EDGE('',*,*,#1120,.F.);
#3381 = ORIENTED_EDGE('',*,*,#3382,.T.);
#3382 = EDGE_CURVE('',#1113,#2229,#3383,.T.);
#3383 = LINE('',#3384,#3385);
#3384 = CARTESIAN_POINT('',(-0.9906,1.7653,0.119062575698));
#3385 = VECTOR('',#3386,1.);
#3386 = DIRECTION('',(0.,-1.,0.));
#3387 = ORIENTED_EDGE('',*,*,#2228,.T.);
#3388 = ORIENTED_EDGE('',*,*,#3365,.F.);
#3389 = PLANE('',#3390);
#3390 = AXIS2_PLACEMENT_3D('',#3391,#3392,#3393);
#3391 = CARTESIAN_POINT('',(-0.9906,1.7653,0.119062575698));
#3392 = DIRECTION('',(-0.979770690874,0.,0.200123445161));
#3393 = DIRECTION('',(0.200123445161,0.,0.979770690874));
#3394 = ADVANCED_FACE('',(#3395),#3406,.F.);
#3395 = FACE_BOUND('',#3396,.F.);
#3396 = EDGE_LOOP('',(#3397,#3398,#3404,#3405));
#3397 = ORIENTED_EDGE('',*,*,#1112,.F.);
#3398 = ORIENTED_EDGE('',*,*,#3399,.T.);
#3399 = EDGE_CURVE('',#1105,#2237,#3400,.T.);
#3400 = LINE('',#3401,#3402);
#3401 = CARTESIAN_POINT('',(-0.9906,1.7653,-0.119062424302));
#3402 = VECTOR('',#3403,1.);
#3403 = DIRECTION('',(0.,-1.,0.));
#3404 = ORIENTED_EDGE('',*,*,#2236,.T.);
#3405 = ORIENTED_EDGE('',*,*,#3382,.F.);
#3406 = PLANE('',#3407);
#3407 = AXIS2_PLACEMENT_3D('',#3408,#3409,#3410);
#3408 = CARTESIAN_POINT('',(-0.9906,1.7653,-0.119062424302));
#3409 = DIRECTION('',(-1.,0.,0.));
#3410 = DIRECTION('',(0.,0.,1.));
#3411 = ADVANCED_FACE('',(#3412),#3423,.F.);
#3412 = FACE_BOUND('',#3413,.F.);
#3413 = EDGE_LOOP('',(#3414,#3415,#3421,#3422));
#3414 = ORIENTED_EDGE('',*,*,#1104,.F.);
#3415 = ORIENTED_EDGE('',*,*,#3416,.T.);
#3416 = EDGE_CURVE('',#1097,#2245,#3417,.T.);
#3417 = LINE('',#3418,#3419);
#3418 = CARTESIAN_POINT('',(-0.95006808639,1.7653,-0.317500075698));
#3419 = VECTOR('',#3420,1.);
#3420 = DIRECTION('',(0.,-1.,0.));
#3421 = ORIENTED_EDGE('',*,*,#2244,.T.);
#3422 = ORIENTED_EDGE('',*,*,#3399,.F.);
#3423 = PLANE('',#3424);
#3424 = AXIS2_PLACEMENT_3D('',#3425,#3426,#3427);
#3425 = CARTESIAN_POINT('',(-0.95006808639,1.7653,-0.317500075698));
#3426 = DIRECTION('',(-0.97977073578,0.,-0.200123225311));
#3427 = DIRECTION('',(-0.200123225311,0.,0.97977073578));
#3428 = ADVANCED_FACE('',(#3429),#3440,.F.);
#3429 = FACE_BOUND('',#3430,.F.);
#3430 = EDGE_LOOP('',(#3431,#3432,#3438,#3439));
#3431 = ORIENTED_EDGE('',*,*,#1096,.F.);
#3432 = ORIENTED_EDGE('',*,*,#3433,.T.);
#3433 = EDGE_CURVE('',#1089,#2253,#3434,.T.);
#3434 = LINE('',#3435,#3436);
#3435 = CARTESIAN_POINT('',(-0.828472345559,1.7653,-0.5159375));
#3436 = VECTOR('',#3437,1.);
#3437 = DIRECTION('',(0.,-1.,0.));
#3438 = ORIENTED_EDGE('',*,*,#2252,.T.);
#3439 = ORIENTED_EDGE('',*,*,#3416,.F.);
#3440 = PLANE('',#3441);
#3441 = AXIS2_PLACEMENT_3D('',#3442,#3443,#3444);
#3442 = CARTESIAN_POINT('',(-0.828472345559,1.7653,-0.5159375));
#3443 = DIRECTION('',(-0.852653313443,0.,-0.522477106747));
#3444 = DIRECTION('',(-0.522477106747,0.,0.852653313443));
#3445 = ADVANCED_FACE('',(#3446),#3457,.F.);
#3446 = FACE_BOUND('',#3447,.F.);
#3447 = EDGE_LOOP('',(#3448,#3449,#3455,#3456));
#3448 = ORIENTED_EDGE('',*,*,#1088,.F.);
#3449 = ORIENTED_EDGE('',*,*,#3450,.T.);
#3450 = EDGE_CURVE('',#1081,#2261,#3451,.T.);
#3451 = LINE('',#3452,#3453);
#3452 = CARTESIAN_POINT('',(-0.666344691119,1.7653,-0.635));
#3453 = VECTOR('',#3454,1.);
#3454 = DIRECTION('',(0.,-1.,0.));
#3455 = ORIENTED_EDGE('',*,*,#2260,.T.);
#3456 = ORIENTED_EDGE('',*,*,#3433,.F.);
#3457 = PLANE('',#3458);
#3458 = AXIS2_PLACEMENT_3D('',#3459,#3460,#3461);
#3459 = CARTESIAN_POINT('',(-0.666344691119,1.7653,-0.635));
#3460 = DIRECTION('',(-0.591909515086,0.,-0.806004420553));
#3461 = DIRECTION('',(-0.806004420553,0.,0.591909515086));
#3462 = ADVANCED_FACE('',(#3463),#3474,.F.);
#3463 = FACE_BOUND('',#3464,.F.);
#3464 = EDGE_LOOP('',(#3465,#3466,#3472,#3473));
#3465 = ORIENTED_EDGE('',*,*,#1080,.F.);
#3466 = ORIENTED_EDGE('',*,*,#3467,.T.);
#3467 = EDGE_CURVE('',#1073,#2269,#3468,.T.);
#3468 = LINE('',#3469,#3470);
#3469 = CARTESIAN_POINT('',(-0.504217022484,1.7653,-0.714375037849));
#3470 = VECTOR('',#3471,1.);
#3471 = DIRECTION('',(0.,-1.,0.));
#3472 = ORIENTED_EDGE('',*,*,#2268,.T.);
#3473 = ORIENTED_EDGE('',*,*,#3450,.F.);
#3474 = PLANE('',#3475);
#3475 = AXIS2_PLACEMENT_3D('',#3476,#3477,#3478);
#3476 = CARTESIAN_POINT('',(-0.504217022484,1.7653,-0.714375037849));
#3477 = DIRECTION('',(-0.439713602853,0.,-0.898138044771));
#3478 = DIRECTION('',(-0.898138044771,0.,0.439713602853));
#3479 = ADVANCED_FACE('',(#3480),#3491,.F.);
#3480 = FACE_BOUND('',#3481,.F.);
#3481 = EDGE_LOOP('',(#3482,#3483,#3489,#3490));
#3482 = ORIENTED_EDGE('',*,*,#1072,.F.);
#3483 = ORIENTED_EDGE('',*,*,#3484,.T.);
#3484 = EDGE_CURVE('',#1065,#2277,#3485,.T.);
#3485 = LINE('',#3486,#3487);
#3486 = CARTESIAN_POINT('',(-0.504217022484,1.7653,-0.476249924302));
#3487 = VECTOR('',#3488,1.);
#3488 = DIRECTION('',(0.,-1.,0.));
#3489 = ORIENTED_EDGE('',*,*,#2276,.T.);
#3490 = ORIENTED_EDGE('',*,*,#3467,.F.);
#3491 = PLANE('',#3492);
#3492 = AXIS2_PLACEMENT_3D('',#3493,#3494,#3495);
#3493 = CARTESIAN_POINT('',(-0.504217022484,1.7653,-0.476249924302));
#3494 = DIRECTION('',(1.,0.,0.));
#3495 = DIRECTION('',(0.,0.,-1.));
#3496 = ADVANCED_FACE('',(#3497),#3508,.F.);
#3497 = FACE_BOUND('',#3498,.F.);
#3498 = EDGE_LOOP('',(#3499,#3500,#3506,#3507));
#3499 = ORIENTED_EDGE('',*,*,#1064,.F.);
#3500 = ORIENTED_EDGE('',*,*,#3501,.T.);
#3501 = EDGE_CURVE('',#1057,#2285,#3502,.T.);
#3502 = LINE('',#3503,#3504);
#3503 = CARTESIAN_POINT('',(-0.666344691119,1.7653,-0.396875));
#3504 = VECTOR('',#3505,1.);
#3505 = DIRECTION('',(0.,-1.,0.));
#3506 = ORIENTED_EDGE('',*,*,#2284,.T.);
#3507 = ORIENTED_EDGE('',*,*,#3484,.F.);
#3508 = PLANE('',#3509);
#3509 = AXIS2_PLACEMENT_3D('',#3510,#3511,#3512);
#3510 = CARTESIAN_POINT('',(-0.666344691119,1.7653,-0.396875));
#3511 = DIRECTION('',(0.439713095457,0.,0.898138293184));
#3512 = DIRECTION('',(0.898138293184,0.,-0.439713095457));
#3513 = ADVANCED_FACE('',(#3514),#3525,.F.);
#3514 = FACE_BOUND('',#3515,.F.);
#3515 = EDGE_LOOP('',(#3516,#3517,#3523,#3524));
#3516 = ORIENTED_EDGE('',*,*,#1056,.F.);
#3517 = ORIENTED_EDGE('',*,*,#3518,.T.);
#3518 = EDGE_CURVE('',#1049,#2293,#3519,.T.);
#3519 = LINE('',#3520,#3521);
#3520 = CARTESIAN_POINT('',(-0.747408511242,1.7653,-0.2778125));
#3521 = VECTOR('',#3522,1.);
#3522 = DIRECTION('',(0.,-1.,0.));
#3523 = ORIENTED_EDGE('',*,*,#2292,.T.);
#3524 = ORIENTED_EDGE('',*,*,#3501,.F.);
#3525 = PLANE('',#3526);
#3526 = AXIS2_PLACEMENT_3D('',#3527,#3528,#3529);
#3527 = CARTESIAN_POINT('',(-0.747408511242,1.7653,-0.2778125));
#3528 = DIRECTION('',(0.8265992788,0.,0.562790931242));
#3529 = DIRECTION('',(0.562790931242,0.,-0.8265992788));
#3530 = ADVANCED_FACE('',(#3531),#3542,.F.);
#3531 = FACE_BOUND('',#3532,.F.);
#3532 = EDGE_LOOP('',(#3533,#3534,#3540,#3541));
#3533 = ORIENTED_EDGE('',*,*,#1048,.F.);
#3534 = ORIENTED_EDGE('',*,*,#3535,.T.);
#3535 = EDGE_CURVE('',#1041,#2301,#3536,.T.);
#3536 = LINE('',#3537,#3538);
#3537 = CARTESIAN_POINT('',(-0.787940421304,1.7653,-0.119062424302));
#3538 = VECTOR('',#3539,1.);
#3539 = DIRECTION('',(0.,-1.,0.));
#3540 = ORIENTED_EDGE('',*,*,#2300,.T.);
#3541 = ORIENTED_EDGE('',*,*,#3518,.F.);
#3542 = PLANE('',#3543);
#3543 = AXIS2_PLACEMENT_3D('',#3544,#3545,#3546);
#3544 = CARTESIAN_POINT('',(-0.787940421304,1.7653,-0.119062424302));
#3545 = DIRECTION('',(0.968917745968,0.,0.247383106838));
#3546 = DIRECTION('',(0.247383106838,0.,-0.968917745968));
#3547 = ADVANCED_FACE('',(#3548),#3559,.F.);
#3548 = FACE_BOUND('',#3549,.F.);
#3549 = EDGE_LOOP('',(#3550,#3551,#3557,#3558));
#3550 = ORIENTED_EDGE('',*,*,#1040,.F.);
#3551 = ORIENTED_EDGE('',*,*,#3552,.T.);
#3552 = EDGE_CURVE('',#1033,#2309,#3553,.T.);
#3553 = LINE('',#3554,#3555);
#3554 = CARTESIAN_POINT('',(-0.787940421304,1.7653,0.119062575698));
#3555 = VECTOR('',#3556,1.);
#3556 = DIRECTION('',(0.,-1.,0.));
#3557 = ORIENTED_EDGE('',*,*,#2308,.T.);
#3558 = ORIENTED_EDGE('',*,*,#3535,.F.);
#3559 = PLANE('',#3560);
#3560 = AXIS2_PLACEMENT_3D('',#3561,#3562,#3563);
#3561 = CARTESIAN_POINT('',(-0.787940421304,1.7653,0.119062575698));
#3562 = DIRECTION('',(1.,0.,0.));
#3563 = DIRECTION('',(0.,0.,-1.));
#3564 = ADVANCED_FACE('',(#3565),#3576,.F.);
#3565 = FACE_BOUND('',#3566,.F.);
#3566 = EDGE_LOOP('',(#3567,#3568,#3574,#3575));
#3567 = ORIENTED_EDGE('',*,*,#1032,.F.);
#3568 = ORIENTED_EDGE('',*,*,#3569,.T.);
#3569 = EDGE_CURVE('',#1025,#2317,#3570,.T.);
#3570 = LINE('',#3571,#3572);
#3571 = CARTESIAN_POINT('',(-0.747408511242,1.7653,0.277812424302));
#3572 = VECTOR('',#3573,1.);
#3573 = DIRECTION('',(0.,-1.,0.));
#3574 = ORIENTED_EDGE('',*,*,#2316,.T.);
#3575 = ORIENTED_EDGE('',*,*,#3552,.F.);
#3576 = PLANE('',#3577);
#3577 = AXIS2_PLACEMENT_3D('',#3578,#3579,#3580);
#3578 = CARTESIAN_POINT('',(-0.747408511242,1.7653,0.277812424302));
#3579 = DIRECTION('',(0.968917661144,0.,-0.247383439065));
#3580 = DIRECTION('',(-0.247383439065,0.,-0.968917661144));
#3581 = ADVANCED_FACE('',(#3582),#3593,.F.);
#3582 = FACE_BOUND('',#3583,.F.);
#3583 = EDGE_LOOP('',(#3584,#3585,#3591,#3592));
#3584 = ORIENTED_EDGE('',*,*,#1024,.F.);
#3585 = ORIENTED_EDGE('',*,*,#3586,.T.);
#3586 = EDGE_CURVE('',#1017,#2325,#3587,.T.);
#3587 = LINE('',#3588,#3589);
#3588 = CARTESIAN_POINT('',(-0.666344691119,1.7653,0.396874924302));
#3589 = VECTOR('',#3590,1.);
#3590 = DIRECTION('',(0.,-1.,0.));
#3591 = ORIENTED_EDGE('',*,*,#2324,.T.);
#3592 = ORIENTED_EDGE('',*,*,#3569,.F.);
#3593 = PLANE('',#3594);
#3594 = AXIS2_PLACEMENT_3D('',#3595,#3596,#3597);
#3595 = CARTESIAN_POINT('',(-0.666344691119,1.7653,0.396874924302));
#3596 = DIRECTION('',(0.8265992788,0.,-0.562790931242));
#3597 = DIRECTION('',(-0.562790931242,0.,-0.8265992788));
#3598 = ADVANCED_FACE('',(#3599),#3610,.F.);
#3599 = FACE_BOUND('',#3600,.F.);
#3600 = EDGE_LOOP('',(#3601,#3602,#3608,#3609));
#3601 = ORIENTED_EDGE('',*,*,#1016,.F.);
#3602 = ORIENTED_EDGE('',*,*,#3603,.T.);
#3603 = EDGE_CURVE('',#1009,#2333,#3604,.T.);
#3604 = LINE('',#3605,#3606);
#3605 = CARTESIAN_POINT('',(-0.544748932546,1.7653,0.476250075698));
#3606 = VECTOR('',#3607,1.);
#3607 = DIRECTION('',(0.,-1.,0.));
#3608 = ORIENTED_EDGE('',*,*,#2332,.T.);
#3609 = ORIENTED_EDGE('',*,*,#3586,.F.);
#3610 = PLANE('',#3611);
#3611 = AXIS2_PLACEMENT_3D('',#3612,#3613,#3614);
#3612 = CARTESIAN_POINT('',(-0.544748932546,1.7653,0.476250075698));
#3613 = DIRECTION('',(0.546623188221,0.,-0.837378701723));
#3614 = DIRECTION('',(-0.837378701723,0.,-0.546623188221));
#3615 = ADVANCED_FACE('',(#3616),#3627,.F.);
#3616 = FACE_BOUND('',#3617,.F.);
#3617 = EDGE_LOOP('',(#3618,#3619,#3625,#3626));
#3618 = ORIENTED_EDGE('',*,*,#1008,.F.);
#3619 = ORIENTED_EDGE('',*,*,#3620,.T.);
#3620 = EDGE_CURVE('',#1001,#2341,#3621,.T.);
#3621 = LINE('',#3622,#3623);
#3622 = CARTESIAN_POINT('',(-0.423153202361,1.7653,0.515937424302));
#3623 = VECTOR('',#3624,1.);
#3624 = DIRECTION('',(0.,-1.,0.));
#3625 = ORIENTED_EDGE('',*,*,#2340,.T.);
#3626 = ORIENTED_EDGE('',*,*,#3603,.F.);
#3627 = PLANE('',#3628);
#3628 = AXIS2_PLACEMENT_3D('',#3629,#3630,#3631);
#3629 = CARTESIAN_POINT('',(-0.423153202361,1.7653,0.515937424302));
#3630 = DIRECTION('',(0.310278995296,0.,-0.950645541239));
#3631 = DIRECTION('',(-0.950645541239,0.,-0.310278995296));
#3632 = ADVANCED_FACE('',(#3633),#3644,.F.);
#3633 = FACE_BOUND('',#3634,.F.);
#3634 = EDGE_LOOP('',(#3635,#3636,#3642,#3643));
#3635 = ORIENTED_EDGE('',*,*,#1000,.F.);
#3636 = ORIENTED_EDGE('',*,*,#3637,.T.);
#3637 = EDGE_CURVE('',#993,#2349,#3638,.T.);
#3638 = LINE('',#3639,#3640);
#3639 = CARTESIAN_POINT('',(-0.342089382237,1.7653,0.515937424302));
#3640 = VECTOR('',#3641,1.);
#3641 = DIRECTION('',(0.,-1.,0.));
#3642 = ORIENTED_EDGE('',*,*,#2348,.T.);
#3643 = ORIENTED_EDGE('',*,*,#3620,.F.);
#3644 = PLANE('',#3645);
#3645 = AXIS2_PLACEMENT_3D('',#3646,#3647,#3648);
#3646 = CARTESIAN_POINT('',(-0.342089382237,1.7653,0.515937424302));
#3647 = DIRECTION('',(0.,0.,-1.));
#3648 = DIRECTION('',(-1.,0.,0.));
#3649 = ADVANCED_FACE('',(#3650),#3661,.F.);
#3650 = FACE_BOUND('',#3651,.F.);
#3651 = EDGE_LOOP('',(#3652,#3653,#3659,#3660));
#3652 = ORIENTED_EDGE('',*,*,#992,.F.);
#3653 = ORIENTED_EDGE('',*,*,#3654,.T.);
#3654 = EDGE_CURVE('',#985,#2357,#3655,.T.);
#3655 = LINE('',#3656,#3657);
#3656 = CARTESIAN_POINT('',(-0.220493595278,1.7653,0.476250075698));
#3657 = VECTOR('',#3658,1.);
#3658 = DIRECTION('',(0.,-1.,0.));
#3659 = ORIENTED_EDGE('',*,*,#2356,.T.);
#3660 = ORIENTED_EDGE('',*,*,#3637,.F.);
#3661 = PLANE('',#3662);
#3662 = AXIS2_PLACEMENT_3D('',#3663,#3664,#3665);
#3663 = CARTESIAN_POINT('',(-0.220493595278,1.7653,0.476250075698));
#3664 = DIRECTION('',(-0.310278864373,0.,-0.950645583971));
#3665 = DIRECTION('',(-0.950645583971,0.,0.310278864373));
#3666 = ADVANCED_FACE('',(#3667),#3678,.F.);
#3667 = FACE_BOUND('',#3668,.F.);
#3668 = EDGE_LOOP('',(#3669,#3670,#3676,#3677));
#3669 = ORIENTED_EDGE('',*,*,#984,.F.);
#3670 = ORIENTED_EDGE('',*,*,#3671,.T.);
#3671 = EDGE_CURVE('',#977,#2365,#3672,.T.);
#3672 = LINE('',#3673,#3674);
#3673 = CARTESIAN_POINT('',(-9.889786509275E-02,1.7653,0.396874924302));
#3674 = VECTOR('',#3675,1.);
#3675 = DIRECTION('',(0.,-1.,0.));
#3676 = ORIENTED_EDGE('',*,*,#2364,.T.);
#3677 = ORIENTED_EDGE('',*,*,#3654,.F.);
#3678 = PLANE('',#3679);
#3679 = AXIS2_PLACEMENT_3D('',#3680,#3681,#3682);
#3680 = CARTESIAN_POINT('',(-9.889786509275E-02,1.7653,0.396874924302));
#3681 = DIRECTION('',(-0.546623277701,0.,-0.837378643312));
#3682 = DIRECTION('',(-0.837378643312,0.,0.546623277701));
#3683 = ADVANCED_FACE('',(#3684),#3695,.F.);
#3684 = FACE_BOUND('',#3685,.F.);
#3685 = EDGE_LOOP('',(#3686,#3687,#3693,#3694));
#3686 = ORIENTED_EDGE('',*,*,#976,.F.);
#3687 = ORIENTED_EDGE('',*,*,#3688,.T.);
#3688 = EDGE_CURVE('',#969,#2373,#3689,.T.);
#3689 = LINE('',#3690,#3691);
#3690 = CARTESIAN_POINT('',(-1.783404496908E-02,1.7653,0.277812424302));
#3691 = VECTOR('',#3692,1.);
#3692 = DIRECTION('',(0.,-1.,0.));
#3693 = ORIENTED_EDGE('',*,*,#2372,.T.);
#3694 = ORIENTED_EDGE('',*,*,#3671,.F.);
#3695 = PLANE('',#3696);
#3696 = AXIS2_PLACEMENT_3D('',#3697,#3698,#3699);
#3697 = CARTESIAN_POINT('',(-1.783404496908E-02,1.7653,0.277812424302));
#3698 = DIRECTION('',(-0.8265992788,0.,-0.562790931242));
#3699 = DIRECTION('',(-0.562790931242,0.,0.8265992788));
#3700 = ADVANCED_FACE('',(#3701),#3712,.F.);
#3701 = FACE_BOUND('',#3702,.F.);
#3702 = EDGE_LOOP('',(#3703,#3704,#3710,#3711));
#3703 = ORIENTED_EDGE('',*,*,#968,.F.);
#3704 = ORIENTED_EDGE('',*,*,#3705,.T.);
#3705 = EDGE_CURVE('',#961,#2381,#3706,.T.);
#3706 = LINE('',#3707,#3708);
#3707 = CARTESIAN_POINT('',(2.269786509275E-02,1.7653,0.119062575698));
#3708 = VECTOR('',#3709,1.);
#3709 = DIRECTION('',(0.,-1.,0.));
#3710 = ORIENTED_EDGE('',*,*,#2380,.T.);
#3711 = ORIENTED_EDGE('',*,*,#3688,.F.);
#3712 = PLANE('',#3713);
#3713 = AXIS2_PLACEMENT_3D('',#3714,#3715,#3716);
#3714 = CARTESIAN_POINT('',(2.269786509275E-02,1.7653,0.119062575698));
#3715 = DIRECTION('',(-0.968917661144,0.,-0.247383439065));
#3716 = DIRECTION('',(-0.247383439065,0.,0.968917661144));
#3717 = ADVANCED_FACE('',(#3718),#3729,.F.);
#3718 = FACE_BOUND('',#3719,.F.);
#3719 = EDGE_LOOP('',(#3720,#3721,#3727,#3728));
#3720 = ORIENTED_EDGE('',*,*,#960,.F.);
#3721 = ORIENTED_EDGE('',*,*,#3722,.T.);
#3722 = EDGE_CURVE('',#953,#2389,#3723,.T.);
#3723 = LINE('',#3724,#3725);
#3724 = CARTESIAN_POINT('',(2.269786509275E-02,1.7653,-0.119062424302));
#3725 = VECTOR('',#3726,1.);
#3726 = DIRECTION('',(0.,-1.,0.));
#3727 = ORIENTED_EDGE('',*,*,#2388,.T.);
#3728 = ORIENTED_EDGE('',*,*,#3705,.F.);
#3729 = PLANE('',#3730);
#3730 = AXIS2_PLACEMENT_3D('',#3731,#3732,#3733);
#3731 = CARTESIAN_POINT('',(2.269786509275E-02,1.7653,-0.119062424302));
#3732 = DIRECTION('',(-1.,0.,0.));
#3733 = DIRECTION('',(0.,0.,1.));
#3734 = ADVANCED_FACE('',(#3735),#3741,.F.);
#3735 = FACE_BOUND('',#3736,.F.);
#3736 = EDGE_LOOP('',(#3737,#3738,#3739,#3740));
#3737 = ORIENTED_EDGE('',*,*,#952,.F.);
#3738 = ORIENTED_EDGE('',*,*,#3078,.T.);
#3739 = ORIENTED_EDGE('',*,*,#2396,.T.);
#3740 = ORIENTED_EDGE('',*,*,#3722,.F.);
#3741 = PLANE('',#3742);
#3742 = AXIS2_PLACEMENT_3D('',#3743,#3744,#3745);
#3743 = CARTESIAN_POINT('',(-1.783404496908E-02,1.7653,-0.2778125));
#3744 = DIRECTION('',(-0.968917745968,0.,0.247383106838));
#3745 = DIRECTION('',(0.247383106838,0.,0.968917745968));
#3746 = ADVANCED_FACE('',(#3747),#3763,.F.);
#3747 = FACE_BOUND('',#3748,.F.);
#3748 = EDGE_LOOP('',(#3749,#3750,#3756,#3757));
#3749 = ORIENTED_EDGE('',*,*,#1264,.F.);
#3750 = ORIENTED_EDGE('',*,*,#3751,.T.);
#3751 = EDGE_CURVE('',#1265,#2411,#3752,.T.);
#3752 = LINE('',#3753,#3754);
#3753 = CARTESIAN_POINT('',(-5.836595503092E-02,1.7653,2.381249848604));
#3754 = VECTOR('',#3755,1.);
#3755 = DIRECTION('',(0.,-1.,0.));
#3756 = ORIENTED_EDGE('',*,*,#2410,.T.);
#3757 = ORIENTED_EDGE('',*,*,#3758,.F.);
#3758 = EDGE_CURVE('',#1267,#2413,#3759,.T.);
#3759 = LINE('',#3760,#3761);
#3760 = CARTESIAN_POINT('',(6.32297751546E-02,1.7653,2.262187348604));
#3761 = VECTOR('',#3762,1.);
#3762 = DIRECTION('',(0.,-1.,0.));
#3763 = PLANE('',#3764);
#3764 = AXIS2_PLACEMENT_3D('',#3765,#3766,#3767);
#3765 = CARTESIAN_POINT('',(-5.836595503092E-02,1.7653,2.381249848604));
#3766 = DIRECTION('',(0.699624835187,0.,0.714510384802));
#3767 = DIRECTION('',(0.714510384802,0.,-0.699624835187));
#3768 = ADVANCED_FACE('',(#3769),#3780,.F.);
#3769 = FACE_BOUND('',#3770,.F.);
#3770 = EDGE_LOOP('',(#3771,#3772,#3778,#3779));
#3771 = ORIENTED_EDGE('',*,*,#1578,.F.);
#3772 = ORIENTED_EDGE('',*,*,#3773,.T.);
#3773 = EDGE_CURVE('',#1571,#2421,#3774,.T.);
#3774 = LINE('',#3775,#3776);
#3775 = CARTESIAN_POINT('',(-0.26102550534,1.7653,2.460625));
#3776 = VECTOR('',#3777,1.);
#3777 = DIRECTION('',(0.,-1.,0.));
#3778 = ORIENTED_EDGE('',*,*,#2420,.T.);
#3779 = ORIENTED_EDGE('',*,*,#3751,.F.);
#3780 = PLANE('',#3781);
#3781 = AXIS2_PLACEMENT_3D('',#3782,#3783,#3784);
#3782 = CARTESIAN_POINT('',(-0.26102550534,1.7653,2.460625));
#3783 = DIRECTION('',(0.364692538989,0.,0.931127999797));
#3784 = DIRECTION('',(0.931127999797,0.,-0.364692538989));
#3785 = ADVANCED_FACE('',(#3786),#3797,.F.);
#3786 = FACE_BOUND('',#3787,.F.);
#3787 = EDGE_LOOP('',(#3788,#3789,#3795,#3796));
#3788 = ORIENTED_EDGE('',*,*,#1570,.F.);
#3789 = ORIENTED_EDGE('',*,*,#3790,.T.);
#3790 = EDGE_CURVE('',#1563,#2429,#3791,.T.);
#3791 = LINE('',#3792,#3793);
#3792 = CARTESIAN_POINT('',(-0.463685112423,1.7653,2.460625));
#3793 = VECTOR('',#3794,1.);
#3794 = DIRECTION('',(0.,-1.,0.));
#3795 = ORIENTED_EDGE('',*,*,#2428,.T.);
#3796 = ORIENTED_EDGE('',*,*,#3773,.F.);
#3797 = PLANE('',#3798);
#3798 = AXIS2_PLACEMENT_3D('',#3799,#3800,#3801);
#3799 = CARTESIAN_POINT('',(-0.463685112423,1.7653,2.460625));
#3800 = DIRECTION('',(0.,0.,1.));
#3801 = DIRECTION('',(1.,0.,-0.));
#3802 = ADVANCED_FACE('',(#3803),#3814,.F.);
#3803 = FACE_BOUND('',#3804,.F.);
#3804 = EDGE_LOOP('',(#3805,#3806,#3812,#3813));
#3805 = ORIENTED_EDGE('',*,*,#1562,.F.);
#3806 = ORIENTED_EDGE('',*,*,#3807,.T.);
#3807 = EDGE_CURVE('',#1555,#2437,#3808,.T.);
#3808 = LINE('',#3809,#3810);
#3809 = CARTESIAN_POINT('',(-0.666344691119,1.7653,2.381249848604));
#3810 = VECTOR('',#3811,1.);
#3811 = DIRECTION('',(0.,-1.,0.));
#3812 = ORIENTED_EDGE('',*,*,#2436,.T.);
#3813 = ORIENTED_EDGE('',*,*,#3790,.F.);
#3814 = PLANE('',#3815);
#3815 = AXIS2_PLACEMENT_3D('',#3816,#3817,#3818);
#3816 = CARTESIAN_POINT('',(-0.666344691119,1.7653,2.381249848604));
#3817 = DIRECTION('',(-0.364692494701,0.,0.931128017143));
#3818 = DIRECTION('',(0.931128017143,0.,0.364692494701));
#3819 = ADVANCED_FACE('',(#3820),#3831,.F.);
#3820 = FACE_BOUND('',#3821,.F.);
#3821 = EDGE_LOOP('',(#3822,#3823,#3829,#3830));
#3822 = ORIENTED_EDGE('',*,*,#1554,.F.);
#3823 = ORIENTED_EDGE('',*,*,#3824,.T.);
#3824 = EDGE_CURVE('',#1547,#2445,#3825,.T.);
#3825 = LINE('',#3826,#3827);
#3826 = CARTESIAN_POINT('',(-0.828472345559,1.7653,2.262187348604));
#3827 = VECTOR('',#3828,1.);
#3828 = DIRECTION('',(0.,-1.,0.));
#3829 = ORIENTED_EDGE('',*,*,#2444,.T.);
#3830 = ORIENTED_EDGE('',*,*,#3807,.F.);
#3831 = PLANE('',#3832);
#3832 = AXIS2_PLACEMENT_3D('',#3833,#3834,#3835);
#3833 = CARTESIAN_POINT('',(-0.828472345559,1.7653,2.262187348604));
#3834 = DIRECTION('',(-0.591909515086,0.,0.806004420553));
#3835 = DIRECTION('',(0.806004420553,0.,0.591909515086));
#3836 = ADVANCED_FACE('',(#3837),#3848,.F.);
#3837 = FACE_BOUND('',#3838,.F.);
#3838 = EDGE_LOOP('',(#3839,#3840,#3846,#3847));
#3839 = ORIENTED_EDGE('',*,*,#1546,.F.);
#3840 = ORIENTED_EDGE('',*,*,#3841,.T.);
#3841 = EDGE_CURVE('',#1539,#2453,#3842,.T.);
#3842 = LINE('',#3843,#3844);
#3843 = CARTESIAN_POINT('',(-0.95006808639,1.7653,2.063750151396));
#3844 = VECTOR('',#3845,1.);
#3845 = DIRECTION('',(0.,-1.,0.));
#3846 = ORIENTED_EDGE('',*,*,#2452,.T.);
#3847 = ORIENTED_EDGE('',*,*,#3824,.F.);
#3848 = PLANE('',#3849);
#3849 = AXIS2_PLACEMENT_3D('',#3850,#3851,#3852);
#3850 = CARTESIAN_POINT('',(-0.95006808639,1.7653,2.063750151396));
#3851 = DIRECTION('',(-0.852653047071,0.,0.522477541451));
#3852 = DIRECTION('',(0.522477541451,0.,0.852653047071));
#3853 = ADVANCED_FACE('',(#3854),#3865,.F.);
#3854 = FACE_BOUND('',#3855,.F.);
#3855 = EDGE_LOOP('',(#3856,#3857,#3863,#3864));
#3856 = ORIENTED_EDGE('',*,*,#1538,.F.);
#3857 = ORIENTED_EDGE('',*,*,#3858,.T.);
#3858 = EDGE_CURVE('',#1531,#2461,#3859,.T.);
#3859 = LINE('',#3860,#3861);
#3860 = CARTESIAN_POINT('',(-0.9906,1.7653,1.8653125));
#3861 = VECTOR('',#3862,1.);
#3862 = DIRECTION('',(0.,-1.,0.));
#3863 = ORIENTED_EDGE('',*,*,#2460,.T.);
#3864 = ORIENTED_EDGE('',*,*,#3841,.F.);
#3865 = PLANE('',#3866);
#3866 = AXIS2_PLACEMENT_3D('',#3867,#3868,#3869);
#3867 = CARTESIAN_POINT('',(-0.9906,1.7653,1.8653125));
#3868 = DIRECTION('',(-0.97977073578,0.,0.200123225311));
#3869 = DIRECTION('',(0.200123225311,0.,0.97977073578));
#3870 = ADVANCED_FACE('',(#3871),#3882,.F.);
#3871 = FACE_BOUND('',#3872,.F.);
#3872 = EDGE_LOOP('',(#3873,#3874,#3880,#3881));
#3873 = ORIENTED_EDGE('',*,*,#1530,.F.);
#3874 = ORIENTED_EDGE('',*,*,#3875,.T.);
#3875 = EDGE_CURVE('',#1523,#2469,#3876,.T.);
#3876 = LINE('',#3877,#3878);
#3877 = CARTESIAN_POINT('',(-0.9906,1.7653,1.666874848604));
#3878 = VECTOR('',#3879,1.);
#3879 = DIRECTION('',(0.,-1.,0.));
#3880 = ORIENTED_EDGE('',*,*,#2468,.T.);
#3881 = ORIENTED_EDGE('',*,*,#3858,.F.);
#3882 = PLANE('',#3883);
#3883 = AXIS2_PLACEMENT_3D('',#3884,#3885,#3886);
#3884 = CARTESIAN_POINT('',(-0.9906,1.7653,1.666874848604));
#3885 = DIRECTION('',(-1.,0.,0.));
#3886 = DIRECTION('',(0.,0.,1.));
#3887 = ADVANCED_FACE('',(#3888),#3899,.F.);
#3888 = FACE_BOUND('',#3889,.F.);
#3889 = EDGE_LOOP('',(#3890,#3891,#3897,#3898));
#3890 = ORIENTED_EDGE('',*,*,#1522,.F.);
#3891 = ORIENTED_EDGE('',*,*,#3892,.T.);
#3892 = EDGE_CURVE('',#1515,#2477,#3893,.T.);
#3893 = LINE('',#3894,#3895);
#3894 = CARTESIAN_POINT('',(-0.95006808639,1.7653,1.468437651396));
#3895 = VECTOR('',#3896,1.);
#3896 = DIRECTION('',(0.,-1.,2.081668171172E-14));
#3897 = ORIENTED_EDGE('',*,*,#2476,.T.);
#3898 = ORIENTED_EDGE('',*,*,#3875,.F.);
#3899 = PLANE('',#3900);
#3900 = AXIS2_PLACEMENT_3D('',#3901,#3902,#3903);
#3901 = CARTESIAN_POINT('',(-0.95006808639,1.7653,1.468437651396));
#3902 = DIRECTION('',(-0.979770645969,0.,-0.200123665013));
#3903 = DIRECTION('',(-0.200123665013,0.,0.979770645969));
#3904 = ADVANCED_FACE('',(#3905),#3916,.F.);
#3905 = FACE_BOUND('',#3906,.F.);
#3906 = EDGE_LOOP('',(#3907,#3908,#3914,#3915));
#3907 = ORIENTED_EDGE('',*,*,#1514,.F.);
#3908 = ORIENTED_EDGE('',*,*,#3909,.T.);
#3909 = EDGE_CURVE('',#1507,#2485,#3910,.T.);
#3910 = LINE('',#3911,#3912);
#3911 = CARTESIAN_POINT('',(-0.828472345559,1.7653,1.27));
#3912 = VECTOR('',#3913,1.);
#3913 = DIRECTION('',(0.,-1.,0.));
#3914 = ORIENTED_EDGE('',*,*,#2484,.T.);
#3915 = ORIENTED_EDGE('',*,*,#3892,.F.);
#3916 = PLANE('',#3917);
#3917 = AXIS2_PLACEMENT_3D('',#3918,#3919,#3920);
#3918 = CARTESIAN_POINT('',(-0.828472345559,1.7653,1.27));
#3919 = DIRECTION('',(-0.852653579815,0.,-0.522476672043));
#3920 = DIRECTION('',(-0.522476672043,0.,0.852653579815));
#3921 = ADVANCED_FACE('',(#3922),#3933,.F.);
#3922 = FACE_BOUND('',#3923,.F.);
#3923 = EDGE_LOOP('',(#3924,#3925,#3931,#3932));
#3924 = ORIENTED_EDGE('',*,*,#1506,.F.);
#3925 = ORIENTED_EDGE('',*,*,#3926,.T.);
#3926 = EDGE_CURVE('',#1499,#2493,#3927,.T.);
#3927 = LINE('',#3928,#3929);
#3928 = CARTESIAN_POINT('',(-0.666344691119,1.7653,1.1509375));
#3929 = VECTOR('',#3930,1.);
#3930 = DIRECTION('',(0.,-1.,0.));
#3931 = ORIENTED_EDGE('',*,*,#2492,.T.);
#3932 = ORIENTED_EDGE('',*,*,#3909,.F.);
#3933 = PLANE('',#3934);
#3934 = AXIS2_PLACEMENT_3D('',#3935,#3936,#3937);
#3935 = CARTESIAN_POINT('',(-0.666344691119,1.7653,1.1509375));
#3936 = DIRECTION('',(-0.591909515086,0.,-0.806004420553));
#3937 = DIRECTION('',(-0.806004420553,0.,0.591909515086));
#3938 = ADVANCED_FACE('',(#3939),#3950,.F.);
#3939 = FACE_BOUND('',#3940,.F.);
#3940 = EDGE_LOOP('',(#3941,#3942,#3948,#3949));
#3941 = ORIENTED_EDGE('',*,*,#1498,.F.);
#3942 = ORIENTED_EDGE('',*,*,#3943,.T.);
#3943 = EDGE_CURVE('',#1491,#2501,#3944,.T.);
#3944 = LINE('',#3945,#3946);
#3945 = CARTESIAN_POINT('',(-0.463685112423,1.7653,1.071562575698));
#3946 = VECTOR('',#3947,1.);
#3947 = DIRECTION('',(0.,-1.,0.));
#3948 = ORIENTED_EDGE('',*,*,#2500,.T.);
#3949 = ORIENTED_EDGE('',*,*,#3926,.F.);
#3950 = PLANE('',#3951);
#3951 = AXIS2_PLACEMENT_3D('',#3952,#3953,#3954);
#3952 = CARTESIAN_POINT('',(-0.463685112423,1.7653,1.071562575698));
#3953 = DIRECTION('',(-0.36469159008,0.,-0.931128371453));
#3954 = DIRECTION('',(-0.931128371453,0.,0.36469159008));
#3955 = ADVANCED_FACE('',(#3956),#3967,.F.);
#3956 = FACE_BOUND('',#3957,.F.);
#3957 = EDGE_LOOP('',(#3958,#3959,#3965,#3966));
#3958 = ORIENTED_EDGE('',*,*,#1490,.F.);
#3959 = ORIENTED_EDGE('',*,*,#3960,.T.);
#3960 = EDGE_CURVE('',#1483,#2509,#3961,.T.);
#3961 = LINE('',#3962,#3963);
#3962 = CARTESIAN_POINT('',(-0.179961685216,1.7653,1.031875));
#3963 = VECTOR('',#3964,1.);
#3964 = DIRECTION('',(0.,-1.,0.));
#3965 = ORIENTED_EDGE('',*,*,#2508,.T.);
#3966 = ORIENTED_EDGE('',*,*,#3943,.F.);
#3967 = PLANE('',#3968);
#3968 = AXIS2_PLACEMENT_3D('',#3969,#3970,#3971);
#3969 = CARTESIAN_POINT('',(-0.179961685216,1.7653,1.031875));
#3970 = DIRECTION('',(-0.138532458417,0.,-0.990357893877));
#3971 = DIRECTION('',(-0.990357893877,0.,0.138532458417));
#3972 = ADVANCED_FACE('',(#3973),#3984,.F.);
#3973 = FACE_BOUND('',#3974,.F.);
#3974 = EDGE_LOOP('',(#3975,#3976,#3982,#3983));
#3975 = ORIENTED_EDGE('',*,*,#1482,.F.);
#3976 = ORIENTED_EDGE('',*,*,#3977,.T.);
#3977 = EDGE_CURVE('',#1475,#2517,#3978,.T.);
#3978 = LINE('',#3979,#3980);
#3979 = CARTESIAN_POINT('',(0.103761685216,1.7653,1.031875));
#3980 = VECTOR('',#3981,1.);
#3981 = DIRECTION('',(0.,-1.,0.));
#3982 = ORIENTED_EDGE('',*,*,#2516,.T.);
#3983 = ORIENTED_EDGE('',*,*,#3960,.F.);
#3984 = PLANE('',#3985);
#3985 = AXIS2_PLACEMENT_3D('',#3986,#3987,#3988);
#3986 = CARTESIAN_POINT('',(0.103761685216,1.7653,1.031875));
#3987 = DIRECTION('',(0.,0.,-1.));
#3988 = DIRECTION('',(-1.,0.,0.));
#3989 = ADVANCED_FACE('',(#3990),#4001,.F.);
#3990 = FACE_BOUND('',#3991,.F.);
#3991 = EDGE_LOOP('',(#3992,#3993,#3999,#4000));
#3992 = ORIENTED_EDGE('',*,*,#1474,.F.);
#3993 = ORIENTED_EDGE('',*,*,#3994,.T.);
#3994 = EDGE_CURVE('',#1467,#2525,#3995,.T.);
#3995 = LINE('',#3996,#3997);
#3996 = CARTESIAN_POINT('',(0.387485055649,1.7653,1.071562575698));
#3997 = VECTOR('',#3998,1.);
#3998 = DIRECTION('',(0.,-1.,0.));
#3999 = ORIENTED_EDGE('',*,*,#2524,.T.);
#4000 = ORIENTED_EDGE('',*,*,#3977,.F.);
#4001 = PLANE('',#4002);
#4002 = AXIS2_PLACEMENT_3D('',#4003,#4004,#4005);
#4003 = CARTESIAN_POINT('',(0.387485055649,1.7653,1.071562575698));
#4004 = DIRECTION('',(0.138532485605,0.,-0.990357890074));
#4005 = DIRECTION('',(-0.990357890074,0.,-0.138532485605));
#4006 = ADVANCED_FACE('',(#4007),#4018,.F.);
#4007 = FACE_BOUND('',#4008,.F.);
#4008 = EDGE_LOOP('',(#4009,#4010,#4016,#4017));
#4009 = ORIENTED_EDGE('',*,*,#1466,.F.);
#4010 = ORIENTED_EDGE('',*,*,#4011,.T.);
#4011 = EDGE_CURVE('',#1459,#2533,#4012,.T.);
#4012 = LINE('',#4013,#4014);
#4013 = CARTESIAN_POINT('',(0.590144719505,1.7653,1.1509375));
#4014 = VECTOR('',#4015,1.);
#4015 = DIRECTION('',(0.,-1.,0.));
#4016 = ORIENTED_EDGE('',*,*,#2532,.T.);
#4017 = ORIENTED_EDGE('',*,*,#3994,.F.);
#4018 = PLANE('',#4019);
#4019 = AXIS2_PLACEMENT_3D('',#4020,#4021,#4022);
#4020 = CARTESIAN_POINT('',(0.590144719505,1.7653,1.1509375));
#4021 = DIRECTION('',(0.364691457214,0.,-0.931128423492));
#4022 = DIRECTION('',(-0.931128423492,0.,-0.364691457214));
#4023 = ADVANCED_FACE('',(#4024),#4035,.F.);
#4024 = FACE_BOUND('',#4025,.F.);
#4025 = EDGE_LOOP('',(#4026,#4027,#4033,#4034));
#4026 = ORIENTED_EDGE('',*,*,#1458,.F.);
#4027 = ORIENTED_EDGE('',*,*,#4028,.T.);
#4028 = EDGE_CURVE('',#1451,#2541,#4029,.T.);
#4029 = LINE('',#4030,#4031);
#4030 = CARTESIAN_POINT('',(0.752272359753,1.7653,1.27));
#4031 = VECTOR('',#4032,1.);
#4032 = DIRECTION('',(0.,-1.,0.));
#4033 = ORIENTED_EDGE('',*,*,#2540,.T.);
#4034 = ORIENTED_EDGE('',*,*,#4011,.F.);
#4035 = PLANE('',#4036);
#4036 = AXIS2_PLACEMENT_3D('',#4037,#4038,#4039);
#4037 = CARTESIAN_POINT('',(0.752272359753,1.7653,1.27));
#4038 = DIRECTION('',(0.59190954875,0.,-0.806004395831));
#4039 = DIRECTION('',(-0.806004395831,0.,-0.59190954875));
#4040 = ADVANCED_FACE('',(#4041),#4052,.F.);
#4041 = FACE_BOUND('',#4042,.F.);
#4042 = EDGE_LOOP('',(#4043,#4044,#4050,#4051));
#4043 = ORIENTED_EDGE('',*,*,#1450,.F.);
#4044 = ORIENTED_EDGE('',*,*,#4045,.T.);
#4045 = EDGE_CURVE('',#1443,#2549,#4046,.T.);
#4046 = LINE('',#4047,#4048);
#4047 = CARTESIAN_POINT('',(0.873868089938,1.7653,1.468437651396));
#4048 = VECTOR('',#4049,1.);
#4049 = DIRECTION('',(0.,-1.,0.));
#4050 = ORIENTED_EDGE('',*,*,#2548,.T.);
#4051 = ORIENTED_EDGE('',*,*,#4028,.F.);
#4052 = PLANE('',#4053);
#4053 = AXIS2_PLACEMENT_3D('',#4054,#4055,#4056);
#4054 = CARTESIAN_POINT('',(0.873868089938,1.7653,1.468437651396));
#4055 = DIRECTION('',(0.852653600191,0.,-0.52247663879));
#4056 = DIRECTION('',(-0.52247663879,0.,-0.852653600191));
#4057 = ADVANCED_FACE('',(#4058),#4069,.F.);
#4058 = FACE_BOUND('',#4059,.F.);
#4059 = EDGE_LOOP('',(#4060,#4061,#4067,#4068));
#4060 = ORIENTED_EDGE('',*,*,#1442,.F.);
#4061 = ORIENTED_EDGE('',*,*,#4062,.T.);
#4062 = EDGE_CURVE('',#1435,#2557,#4063,.T.);
#4063 = LINE('',#4064,#4065);
#4064 = CARTESIAN_POINT('',(0.9144,1.7653,1.666874848604));
#4065 = VECTOR('',#4066,1.);
#4066 = DIRECTION('',(0.,-1.,0.));
#4067 = ORIENTED_EDGE('',*,*,#2556,.T.);
#4068 = ORIENTED_EDGE('',*,*,#4045,.F.);
#4069 = PLANE('',#4070);
#4070 = AXIS2_PLACEMENT_3D('',#4071,#4072,#4073);
#4071 = CARTESIAN_POINT('',(0.9144,1.7653,1.666874848604));
#4072 = DIRECTION('',(0.979770649404,0.,-0.200123648195));
#4073 = DIRECTION('',(-0.200123648195,0.,-0.979770649404));
#4074 = ADVANCED_FACE('',(#4075),#4086,.F.);
#4075 = FACE_BOUND('',#4076,.F.);
#4076 = EDGE_LOOP('',(#4077,#4078,#4084,#4085));
#4077 = ORIENTED_EDGE('',*,*,#1434,.F.);
#4078 = ORIENTED_EDGE('',*,*,#4079,.T.);
#4079 = EDGE_CURVE('',#1427,#2565,#4080,.T.);
#4080 = LINE('',#4081,#4082);
#4081 = CARTESIAN_POINT('',(0.9144,1.7653,1.825625151396));
#4082 = VECTOR('',#4083,1.);
#4083 = DIRECTION('',(0.,-1.,0.));
#4084 = ORIENTED_EDGE('',*,*,#2564,.T.);
#4085 = ORIENTED_EDGE('',*,*,#4062,.F.);
#4086 = PLANE('',#4087);
#4087 = AXIS2_PLACEMENT_3D('',#4088,#4089,#4090);
#4088 = CARTESIAN_POINT('',(0.9144,1.7653,1.825625151396));
#4089 = DIRECTION('',(1.,0.,0.));
#4090 = DIRECTION('',(0.,0.,-1.));
#4091 = ADVANCED_FACE('',(#4092),#4103,.F.);
#4092 = FACE_BOUND('',#4093,.F.);
#4093 = EDGE_LOOP('',(#4094,#4095,#4101,#4102));
#4094 = ORIENTED_EDGE('',*,*,#1426,.F.);
#4095 = ORIENTED_EDGE('',*,*,#4096,.T.);
#4096 = EDGE_CURVE('',#1419,#2573,#4097,.T.);
#4097 = LINE('',#4098,#4099);
#4098 = CARTESIAN_POINT('',(0.873868089938,1.7653,2.024062348604));
#4099 = VECTOR('',#4100,1.);
#4100 = DIRECTION('',(0.,-1.,0.));
#4101 = ORIENTED_EDGE('',*,*,#2572,.T.);
#4102 = ORIENTED_EDGE('',*,*,#4079,.F.);
#4103 = PLANE('',#4104);
#4104 = AXIS2_PLACEMENT_3D('',#4105,#4106,#4107);
#4105 = CARTESIAN_POINT('',(0.873868089938,1.7653,2.024062348604));
#4106 = DIRECTION('',(0.979770649404,0.,0.200123648195));
#4107 = DIRECTION('',(0.200123648195,0.,-0.979770649404));
#4108 = ADVANCED_FACE('',(#4109),#4120,.F.);
#4109 = FACE_BOUND('',#4110,.F.);
#4110 = EDGE_LOOP('',(#4111,#4112,#4118,#4119));
#4111 = ORIENTED_EDGE('',*,*,#1418,.F.);
#4112 = ORIENTED_EDGE('',*,*,#4113,.T.);
#4113 = EDGE_CURVE('',#1411,#2581,#4114,.T.);
#4114 = LINE('',#4115,#4116);
#4115 = CARTESIAN_POINT('',(0.752272359753,1.7653,2.2225));
#4116 = VECTOR('',#4117,1.);
#4117 = DIRECTION('',(0.,-1.,0.));
#4118 = ORIENTED_EDGE('',*,*,#2580,.T.);
#4119 = ORIENTED_EDGE('',*,*,#4096,.F.);
#4120 = PLANE('',#4121);
#4121 = AXIS2_PLACEMENT_3D('',#4122,#4123,#4124);
#4122 = CARTESIAN_POINT('',(0.752272359753,1.7653,2.2225));
#4123 = DIRECTION('',(0.852653600191,0.,0.52247663879));
#4124 = DIRECTION('',(0.52247663879,0.,-0.852653600191));
#4125 = ADVANCED_FACE('',(#4126),#4137,.F.);
#4126 = FACE_BOUND('',#4127,.F.);
#4127 = EDGE_LOOP('',(#4128,#4129,#4135,#4136));
#4128 = ORIENTED_EDGE('',*,*,#1410,.F.);
#4129 = ORIENTED_EDGE('',*,*,#4130,.T.);
#4130 = EDGE_CURVE('',#1403,#2589,#4131,.T.);
#4131 = LINE('',#4132,#4133);
#4132 = CARTESIAN_POINT('',(0.590144719505,1.7653,2.3415625));
#4133 = VECTOR('',#4134,1.);
#4134 = DIRECTION('',(-1.040834085586E-14,-1.,0.));
#4135 = ORIENTED_EDGE('',*,*,#2588,.T.);
#4136 = ORIENTED_EDGE('',*,*,#4113,.F.);
#4137 = PLANE('',#4138);
#4138 = AXIS2_PLACEMENT_3D('',#4139,#4140,#4141);
#4139 = CARTESIAN_POINT('',(0.590144719505,1.7653,2.3415625));
#4140 = DIRECTION('',(0.59190954875,0.,0.806004395831));
#4141 = DIRECTION('',(0.806004395831,0.,-0.59190954875));
#4142 = ADVANCED_FACE('',(#4143),#4154,.F.);
#4143 = FACE_BOUND('',#4144,.F.);
#4144 = EDGE_LOOP('',(#4145,#4146,#4152,#4153));
#4145 = ORIENTED_EDGE('',*,*,#1402,.F.);
#4146 = ORIENTED_EDGE('',*,*,#4147,.T.);
#4147 = EDGE_CURVE('',#1395,#2597,#4148,.T.);
#4148 = LINE('',#4149,#4150);
#4149 = CARTESIAN_POINT('',(0.46854898932,1.7653,2.381249848604));
#4150 = VECTOR('',#4151,1.);
#4151 = DIRECTION('',(0.,-1.,0.));
#4152 = ORIENTED_EDGE('',*,*,#2596,.T.);
#4153 = ORIENTED_EDGE('',*,*,#4130,.F.);
#4154 = PLANE('',#4155);
#4155 = AXIS2_PLACEMENT_3D('',#4156,#4157,#4158);
#4156 = CARTESIAN_POINT('',(0.46854898932,1.7653,2.381249848604));
#4157 = DIRECTION('',(0.310278995296,0.,0.950645541239));
#4158 = DIRECTION('',(0.950645541239,0.,-0.310278995296));
#4159 = ADVANCED_FACE('',(#4160),#4171,.F.);
#4160 = FACE_BOUND('',#4161,.F.);
#4161 = EDGE_LOOP('',(#4162,#4163,#4169,#4170));
#4162 = ORIENTED_EDGE('',*,*,#1394,.F.);
#4163 = ORIENTED_EDGE('',*,*,#4164,.T.);
#4164 = EDGE_CURVE('',#1387,#2605,#4165,.T.);
#4165 = LINE('',#4166,#4167);
#4166 = CARTESIAN_POINT('',(0.46854898932,1.7653,2.182812651396));
#4167 = VECTOR('',#4168,1.);
#4168 = DIRECTION('',(0.,-1.,0.));
#4169 = ORIENTED_EDGE('',*,*,#2604,.T.);
#4170 = ORIENTED_EDGE('',*,*,#4147,.F.);
#4171 = PLANE('',#4172);
#4172 = AXIS2_PLACEMENT_3D('',#4173,#4174,#4175);
#4173 = CARTESIAN_POINT('',(0.46854898932,1.7653,2.182812651396));
#4174 = DIRECTION('',(-1.,0.,0.));
#4175 = DIRECTION('',(0.,0.,1.));
#4176 = ADVANCED_FACE('',(#4177),#4188,.F.);
#4177 = FACE_BOUND('',#4178,.F.);
#4178 = EDGE_LOOP('',(#4179,#4180,#4186,#4187));
#4179 = ORIENTED_EDGE('',*,*,#1386,.F.);
#4180 = ORIENTED_EDGE('',*,*,#4181,.T.);
#4181 = EDGE_CURVE('',#1379,#2613,#4182,.T.);
#4182 = LINE('',#4183,#4184);
#4183 = CARTESIAN_POINT('',(0.590144719505,1.7653,2.1034375));
#4184 = VECTOR('',#4185,1.);
#4185 = DIRECTION('',(0.,-1.,0.));
#4186 = ORIENTED_EDGE('',*,*,#2612,.T.);
#4187 = ORIENTED_EDGE('',*,*,#4164,.F.);
#4188 = PLANE('',#4189);
#4189 = AXIS2_PLACEMENT_3D('',#4190,#4191,#4192);
#4190 = CARTESIAN_POINT('',(0.590144719505,1.7653,2.1034375));
#4191 = DIRECTION('',(-0.546623277701,0.,-0.837378643312));
#4192 = DIRECTION('',(-0.837378643312,0.,0.546623277701));
#4193 = ADVANCED_FACE('',(#4194),#4205,.F.);
#4194 = FACE_BOUND('',#4195,.F.);
#4195 = EDGE_LOOP('',(#4196,#4197,#4203,#4204));
#4196 = ORIENTED_EDGE('',*,*,#1378,.F.);
#4197 = ORIENTED_EDGE('',*,*,#4198,.T.);
#4198 = EDGE_CURVE('',#1371,#2621,#4199,.T.);
#4199 = LINE('',#4200,#4201);
#4200 = CARTESIAN_POINT('',(0.671208539629,1.7653,1.984375));
#4201 = VECTOR('',#4202,1.);
#4202 = DIRECTION('',(0.,-1.,0.));
#4203 = ORIENTED_EDGE('',*,*,#2620,.T.);
#4204 = ORIENTED_EDGE('',*,*,#4181,.F.);
#4205 = PLANE('',#4206);
#4206 = AXIS2_PLACEMENT_3D('',#4207,#4208,#4209);
#4207 = CARTESIAN_POINT('',(0.671208539629,1.7653,1.984375));
#4208 = DIRECTION('',(-0.8265992788,0.,-0.562790931242));
#4209 = DIRECTION('',(-0.562790931242,0.,0.8265992788));
#4210 = ADVANCED_FACE('',(#4211),#4222,.F.);
#4211 = FACE_BOUND('',#4212,.F.);
#4212 = EDGE_LOOP('',(#4213,#4214,#4220,#4221));
#4213 = ORIENTED_EDGE('',*,*,#1370,.F.);
#4214 = ORIENTED_EDGE('',*,*,#4215,.T.);
#4215 = EDGE_CURVE('',#1363,#2629,#4216,.T.);
#4216 = LINE('',#4217,#4218);
#4217 = CARTESIAN_POINT('',(0.711740449691,1.7653,1.8653125));
#4218 = VECTOR('',#4219,1.);
#4219 = DIRECTION('',(0.,-1.,0.));
#4220 = ORIENTED_EDGE('',*,*,#2628,.T.);
#4221 = ORIENTED_EDGE('',*,*,#4198,.F.);
#4222 = PLANE('',#4223);
#4223 = AXIS2_PLACEMENT_3D('',#4224,#4225,#4226);
#4224 = CARTESIAN_POINT('',(0.711740449691,1.7653,1.8653125));
#4225 = DIRECTION('',(-0.94664991777,0.,-0.322263763377));
#4226 = DIRECTION('',(-0.322263763377,0.,0.94664991777));
#4227 = ADVANCED_FACE('',(#4228),#4239,.F.);
#4228 = FACE_BOUND('',#4229,.F.);
#4229 = EDGE_LOOP('',(#4230,#4231,#4237,#4238));
#4230 = ORIENTED_EDGE('',*,*,#1362,.F.);
#4231 = ORIENTED_EDGE('',*,*,#4232,.T.);
#4232 = EDGE_CURVE('',#1355,#2637,#4233,.T.);
#4233 = LINE('',#4234,#4235);
#4234 = CARTESIAN_POINT('',(0.711740449691,1.7653,1.6271875));
#4235 = VECTOR('',#4236,1.);
#4236 = DIRECTION('',(0.,-1.,0.));
#4237 = ORIENTED_EDGE('',*,*,#2636,.T.);
#4238 = ORIENTED_EDGE('',*,*,#4215,.F.);
#4239 = PLANE('',#4240);
#4240 = AXIS2_PLACEMENT_3D('',#4241,#4242,#4243);
#4241 = CARTESIAN_POINT('',(0.711740449691,1.7653,1.6271875));
#4242 = DIRECTION('',(-1.,0.,0.));
#4243 = DIRECTION('',(0.,0.,1.));
#4244 = ADVANCED_FACE('',(#4245),#4256,.F.);
#4245 = FACE_BOUND('',#4246,.F.);
#4246 = EDGE_LOOP('',(#4247,#4248,#4254,#4255));
#4247 = ORIENTED_EDGE('',*,*,#1354,.F.);
#4248 = ORIENTED_EDGE('',*,*,#4249,.T.);
#4249 = EDGE_CURVE('',#1347,#2645,#4250,.T.);
#4250 = LINE('',#4251,#4252);
#4251 = CARTESIAN_POINT('',(0.671208539629,1.7653,1.508125));
#4252 = VECTOR('',#4253,1.);
#4253 = DIRECTION('',(0.,-1.,0.));
#4254 = ORIENTED_EDGE('',*,*,#2644,.T.);
#4255 = ORIENTED_EDGE('',*,*,#4232,.F.);
#4256 = PLANE('',#4257);
#4257 = AXIS2_PLACEMENT_3D('',#4258,#4259,#4260);
#4258 = CARTESIAN_POINT('',(0.671208539629,1.7653,1.508125));
#4259 = DIRECTION('',(-0.94664991777,0.,0.322263763377));
#4260 = DIRECTION('',(0.322263763377,0.,0.94664991777));
#4261 = ADVANCED_FACE('',(#4262),#4273,.F.);
#4262 = FACE_BOUND('',#4263,.F.);
#4263 = EDGE_LOOP('',(#4264,#4265,#4271,#4272));
#4264 = ORIENTED_EDGE('',*,*,#1346,.F.);
#4265 = ORIENTED_EDGE('',*,*,#4266,.T.);
#4266 = EDGE_CURVE('',#1339,#2653,#4267,.T.);
#4267 = LINE('',#4268,#4269);
#4268 = CARTESIAN_POINT('',(0.590144719505,1.7653,1.3890625));
#4269 = VECTOR('',#4270,1.);
#4270 = DIRECTION('',(0.,-1.,0.));
#4271 = ORIENTED_EDGE('',*,*,#2652,.T.);
#4272 = ORIENTED_EDGE('',*,*,#4249,.F.);
#4273 = PLANE('',#4274);
#4274 = AXIS2_PLACEMENT_3D('',#4275,#4276,#4277);
#4275 = CARTESIAN_POINT('',(0.590144719505,1.7653,1.3890625));
#4276 = DIRECTION('',(-0.8265992788,0.,0.562790931242));
#4277 = DIRECTION('',(0.562790931242,0.,0.8265992788));
#4278 = ADVANCED_FACE('',(#4279),#4290,.F.);
#4279 = FACE_BOUND('',#4280,.F.);
#4280 = EDGE_LOOP('',(#4281,#4282,#4288,#4289));
#4281 = ORIENTED_EDGE('',*,*,#1338,.F.);
#4282 = ORIENTED_EDGE('',*,*,#4283,.T.);
#4283 = EDGE_CURVE('',#1331,#2661,#4284,.T.);
#4284 = LINE('',#4285,#4286);
#4285 = CARTESIAN_POINT('',(0.46854898932,1.7653,1.309687348604));
#4286 = VECTOR('',#4287,1.);
#4287 = DIRECTION('',(0.,-1.,0.));
#4288 = ORIENTED_EDGE('',*,*,#2660,.T.);
#4289 = ORIENTED_EDGE('',*,*,#4266,.F.);
#4290 = PLANE('',#4291);
#4291 = AXIS2_PLACEMENT_3D('',#4292,#4293,#4294);
#4292 = CARTESIAN_POINT('',(0.46854898932,1.7653,1.309687348604));
#4293 = DIRECTION('',(-0.546623277701,0.,0.837378643312));
#4294 = DIRECTION('',(0.837378643312,0.,0.546623277701));
#4295 = ADVANCED_FACE('',(#4296),#4307,.F.);
#4296 = FACE_BOUND('',#4297,.F.);
#4297 = EDGE_LOOP('',(#4298,#4299,#4305,#4306));
#4298 = ORIENTED_EDGE('',*,*,#1330,.F.);
#4299 = ORIENTED_EDGE('',*,*,#4300,.T.);
#4300 = EDGE_CURVE('',#1323,#2669,#4301,.T.);
#4301 = LINE('',#4302,#4303);
#4302 = CARTESIAN_POINT('',(0.346953145587,1.7653,1.27));
#4303 = VECTOR('',#4304,1.);
#4304 = DIRECTION('',(0.,-1.,0.));
#4305 = ORIENTED_EDGE('',*,*,#2668,.T.);
#4306 = ORIENTED_EDGE('',*,*,#4283,.F.);
#4307 = PLANE('',#4308);
#4308 = AXIS2_PLACEMENT_3D('',#4309,#4310,#4311);
#4309 = CARTESIAN_POINT('',(0.346953145587,1.7653,1.27));
#4310 = DIRECTION('',(-0.31027873345,0.,0.950645626703));
#4311 = DIRECTION('',(0.950645626703,0.,0.31027873345));
#4312 = ADVANCED_FACE('',(#4313),#4324,.F.);
#4313 = FACE_BOUND('',#4314,.F.);
#4314 = EDGE_LOOP('',(#4315,#4316,#4322,#4323));
#4315 = ORIENTED_EDGE('',*,*,#1322,.F.);
#4316 = ORIENTED_EDGE('',*,*,#4317,.T.);
#4317 = EDGE_CURVE('',#1315,#2677,#4318,.T.);
#4318 = LINE('',#4319,#4320);
#4319 = CARTESIAN_POINT('',(0.103761685216,1.7653,1.230312424302));
#4320 = VECTOR('',#4321,1.);
#4321 = DIRECTION('',(0.,-1.,0.));
#4322 = ORIENTED_EDGE('',*,*,#2676,.T.);
#4323 = ORIENTED_EDGE('',*,*,#4300,.F.);
#4324 = PLANE('',#4325);
#4325 = AXIS2_PLACEMENT_3D('',#4326,#4327,#4328);
#4326 = CARTESIAN_POINT('',(0.103761685216,1.7653,1.230312424302));
#4327 = DIRECTION('',(-0.161064095744,0.,0.986943948288));
#4328 = DIRECTION('',(0.986943948288,0.,0.161064095744));
#4329 = ADVANCED_FACE('',(#4330),#4341,.F.);
#4330 = FACE_BOUND('',#4331,.F.);
#4331 = EDGE_LOOP('',(#4332,#4333,#4339,#4340));
#4332 = ORIENTED_EDGE('',*,*,#1314,.F.);
#4333 = ORIENTED_EDGE('',*,*,#4334,.T.);
#4334 = EDGE_CURVE('',#1307,#2685,#4335,.T.);
#4335 = LINE('',#4336,#4337);
#4336 = CARTESIAN_POINT('',(2.269786509275E-02,1.7653,1.230312424302));
#4337 = VECTOR('',#4338,1.);
#4338 = DIRECTION('',(0.,-1.,0.));
#4339 = ORIENTED_EDGE('',*,*,#2684,.T.);
#4340 = ORIENTED_EDGE('',*,*,#4317,.F.);
#4341 = PLANE('',#4342);
#4342 = AXIS2_PLACEMENT_3D('',#4343,#4344,#4345);
#4343 = CARTESIAN_POINT('',(2.269786509275E-02,1.7653,1.230312424302));
#4344 = DIRECTION('',(0.,0.,1.));
#4345 = DIRECTION('',(1.,0.,-0.));
#4346 = ADVANCED_FACE('',(#4347),#4358,.F.);
#4347 = FACE_BOUND('',#4348,.F.);
#4348 = EDGE_LOOP('',(#4349,#4350,#4356,#4357));
#4349 = ORIENTED_EDGE('',*,*,#1306,.F.);
#4350 = ORIENTED_EDGE('',*,*,#4351,.T.);
#4351 = EDGE_CURVE('',#1299,#2693,#4352,.T.);
#4352 = LINE('',#4353,#4354);
#4353 = CARTESIAN_POINT('',(0.18482550534,1.7653,1.468437651396));
#4354 = VECTOR('',#4355,1.);
#4355 = DIRECTION('',(0.,-1.,2.081668171172E-14));
#4356 = ORIENTED_EDGE('',*,*,#2692,.T.);
#4357 = ORIENTED_EDGE('',*,*,#4334,.F.);
#4358 = PLANE('',#4359);
#4359 = AXIS2_PLACEMENT_3D('',#4360,#4361,#4362);
#4360 = CARTESIAN_POINT('',(0.18482550534,1.7653,1.468437651396));
#4361 = DIRECTION('',(0.826599528483,0.,-0.56279056452));
#4362 = DIRECTION('',(-0.56279056452,0.,-0.826599528483));
#4363 = ADVANCED_FACE('',(#4364),#4375,.F.);
#4364 = FACE_BOUND('',#4365,.F.);
#4365 = EDGE_LOOP('',(#4366,#4367,#4373,#4374));
#4366 = ORIENTED_EDGE('',*,*,#1298,.F.);
#4367 = ORIENTED_EDGE('',*,*,#4368,.T.);
#4368 = EDGE_CURVE('',#1291,#2701,#4369,.T.);
#4369 = LINE('',#4370,#4371);
#4370 = CARTESIAN_POINT('',(0.225357415402,1.7653,1.666874848604));
#4371 = VECTOR('',#4372,1.);
#4372 = DIRECTION('',(0.,-1.,0.));
#4373 = ORIENTED_EDGE('',*,*,#2700,.T.);
#4374 = ORIENTED_EDGE('',*,*,#4351,.F.);
#4375 = PLANE('',#4376);
#4376 = AXIS2_PLACEMENT_3D('',#4377,#4378,#4379);
#4377 = CARTESIAN_POINT('',(0.225357415402,1.7653,1.666874848604));
#4378 = DIRECTION('',(0.979770649404,0.,-0.200123648195));
#4379 = DIRECTION('',(-0.200123648195,0.,-0.979770649404));
#4380 = ADVANCED_FACE('',(#4381),#4392,.F.);
#4381 = FACE_BOUND('',#4382,.F.);
#4382 = EDGE_LOOP('',(#4383,#4384,#4390,#4391));
#4383 = ORIENTED_EDGE('',*,*,#1290,.F.);
#4384 = ORIENTED_EDGE('',*,*,#4385,.T.);
#4385 = EDGE_CURVE('',#1283,#2709,#4386,.T.);
#4386 = LINE('',#4387,#4388);
#4387 = CARTESIAN_POINT('',(0.225357415402,1.7653,1.8653125));
#4388 = VECTOR('',#4389,1.);
#4389 = DIRECTION('',(0.,-1.,0.));
#4390 = ORIENTED_EDGE('',*,*,#2708,.T.);
#4391 = ORIENTED_EDGE('',*,*,#4368,.F.);
#4392 = PLANE('',#4393);
#4393 = AXIS2_PLACEMENT_3D('',#4394,#4395,#4396);
#4394 = CARTESIAN_POINT('',(0.225357415402,1.7653,1.8653125));
#4395 = DIRECTION('',(1.,0.,0.));
#4396 = DIRECTION('',(0.,0.,-1.));
#4397 = ADVANCED_FACE('',(#4398),#4409,.F.);
#4398 = FACE_BOUND('',#4399,.F.);
#4399 = EDGE_LOOP('',(#4400,#4401,#4407,#4408));
#4400 = ORIENTED_EDGE('',*,*,#1282,.F.);
#4401 = ORIENTED_EDGE('',*,*,#4402,.T.);
#4402 = EDGE_CURVE('',#1275,#2717,#4403,.T.);
#4403 = LINE('',#4404,#4405);
#4404 = CARTESIAN_POINT('',(0.18482550534,1.7653,2.063750151396));
#4405 = VECTOR('',#4406,1.);
#4406 = DIRECTION('',(0.,-1.,0.));
#4407 = ORIENTED_EDGE('',*,*,#2716,.T.);
#4408 = ORIENTED_EDGE('',*,*,#4385,.F.);
#4409 = PLANE('',#4410);
#4410 = AXIS2_PLACEMENT_3D('',#4411,#4412,#4413);
#4411 = CARTESIAN_POINT('',(0.18482550534,1.7653,2.063750151396));
#4412 = DIRECTION('',(0.979770739215,0.,0.200123208493));
#4413 = DIRECTION('',(0.200123208493,0.,-0.979770739215));
#4414 = ADVANCED_FACE('',(#4415),#4421,.F.);
#4415 = FACE_BOUND('',#4416,.F.);
#4416 = EDGE_LOOP('',(#4417,#4418,#4419,#4420));
#4417 = ORIENTED_EDGE('',*,*,#1274,.F.);
#4418 = ORIENTED_EDGE('',*,*,#3758,.T.);
#4419 = ORIENTED_EDGE('',*,*,#2724,.T.);
#4420 = ORIENTED_EDGE('',*,*,#4402,.F.);
#4421 = PLANE('',#4422);
#4422 = AXIS2_PLACEMENT_3D('',#4423,#4424,#4425);
#4423 = CARTESIAN_POINT('',(6.32297751546E-02,1.7653,2.262187348604));
#4424 = DIRECTION('',(0.852653067447,0.,0.522477508198));
#4425 = DIRECTION('',(0.522477508198,0.,-0.852653067447));
#4426 = ADVANCED_FACE('',(#4427),#4443,.F.);
#4427 = FACE_BOUND('',#4428,.F.);
#4428 = EDGE_LOOP('',(#4429,#4430,#4436,#4437));
#4429 = ORIENTED_EDGE('',*,*,#634,.F.);
#4430 = ORIENTED_EDGE('',*,*,#4431,.T.);
#4431 = EDGE_CURVE('',#635,#2733,#4432,.T.);
#4432 = LINE('',#4433,#4434);
#4433 = CARTESIAN_POINT('',(-0.179961685216,1.7653,2.2225));
#4434 = VECTOR('',#4435,1.);
#4435 = DIRECTION('',(0.,-1.,0.));
#4436 = ORIENTED_EDGE('',*,*,#2732,.T.);
#4437 = ORIENTED_EDGE('',*,*,#4438,.F.);
#4438 = EDGE_CURVE('',#637,#2735,#4439,.T.);
#4439 = LINE('',#4440,#4441);
#4440 = CARTESIAN_POINT('',(-0.301557472175,1.7653,2.262187348604));
#4441 = VECTOR('',#4442,1.);
#4442 = DIRECTION('',(0.,-1.,0.));
#4443 = PLANE('',#4444);
#4444 = AXIS2_PLACEMENT_3D('',#4445,#4446,#4447);
#4445 = CARTESIAN_POINT('',(-0.179961685216,1.7653,2.2225));
#4446 = DIRECTION('',(-0.310278864373,0.,-0.950645583971));
#4447 = DIRECTION('',(-0.950645583971,0.,0.310278864373));
#4448 = ADVANCED_FACE('',(#4449),#4460,.F.);
#4449 = FACE_BOUND('',#4450,.F.);
#4450 = EDGE_LOOP('',(#4451,#4452,#4458,#4459));
#4451 = ORIENTED_EDGE('',*,*,#788,.F.);
#4452 = ORIENTED_EDGE('',*,*,#4453,.T.);
#4453 = EDGE_CURVE('',#781,#2743,#4454,.T.);
#4454 = LINE('',#4455,#4456);
#4455 = CARTESIAN_POINT('',(-9.889786509275E-02,1.7653,2.143124848604));
#4456 = VECTOR('',#4457,1.);
#4457 = DIRECTION('',(0.,-1.,0.));
#4458 = ORIENTED_EDGE('',*,*,#2742,.T.);
#4459 = ORIENTED_EDGE('',*,*,#4431,.F.);
#4460 = PLANE('',#4461);
#4461 = AXIS2_PLACEMENT_3D('',#4462,#4463,#4464);
#4462 = CARTESIAN_POINT('',(-9.889786509275E-02,1.7653,2.143124848604));
#4463 = DIRECTION('',(-0.699625516445,0.,-0.714509717736));
#4464 = DIRECTION('',(-0.714509717736,0.,0.699625516445));
#4465 = ADVANCED_FACE('',(#4466),#4477,.F.);
#4466 = FACE_BOUND('',#4467,.F.);
#4467 = EDGE_LOOP('',(#4468,#4469,#4475,#4476));
#4468 = ORIENTED_EDGE('',*,*,#780,.F.);
#4469 = ORIENTED_EDGE('',*,*,#4470,.T.);
#4470 = EDGE_CURVE('',#773,#2751,#4471,.T.);
#4471 = LINE('',#4472,#4473);
#4472 = CARTESIAN_POINT('',(-1.783404496908E-02,1.7653,2.024062348604));
#4473 = VECTOR('',#4474,1.);
#4474 = DIRECTION('',(0.,-1.,0.));
#4475 = ORIENTED_EDGE('',*,*,#2750,.T.);
#4476 = ORIENTED_EDGE('',*,*,#4453,.F.);
#4477 = PLANE('',#4478);
#4478 = AXIS2_PLACEMENT_3D('',#4479,#4480,#4481);
#4479 = CARTESIAN_POINT('',(-1.783404496908E-02,1.7653,2.024062348604));
#4480 = DIRECTION('',(-0.8265992788,0.,-0.562790931242));
#4481 = DIRECTION('',(-0.562790931242,0.,0.8265992788));
#4482 = ADVANCED_FACE('',(#4483),#4494,.F.);
#4483 = FACE_BOUND('',#4484,.F.);
#4484 = EDGE_LOOP('',(#4485,#4486,#4492,#4493));
#4485 = ORIENTED_EDGE('',*,*,#772,.F.);
#4486 = ORIENTED_EDGE('',*,*,#4487,.T.);
#4487 = EDGE_CURVE('',#765,#2759,#4488,.T.);
#4488 = LINE('',#4489,#4490);
#4489 = CARTESIAN_POINT('',(2.269786509275E-02,1.7653,1.904999848604));
#4490 = VECTOR('',#4491,1.);
#4491 = DIRECTION('',(0.,-1.,0.));
#4492 = ORIENTED_EDGE('',*,*,#2758,.T.);
#4493 = ORIENTED_EDGE('',*,*,#4470,.F.);
#4494 = PLANE('',#4495);
#4495 = AXIS2_PLACEMENT_3D('',#4496,#4497,#4498);
#4496 = CARTESIAN_POINT('',(2.269786509275E-02,1.7653,1.904999848604));
#4497 = DIRECTION('',(-0.94664991777,0.,-0.322263763377));
#4498 = DIRECTION('',(-0.322263763377,0.,0.94664991777));
#4499 = ADVANCED_FACE('',(#4500),#4511,.F.);
#4500 = FACE_BOUND('',#4501,.F.);
#4501 = EDGE_LOOP('',(#4502,#4503,#4509,#4510));
#4502 = ORIENTED_EDGE('',*,*,#764,.F.);
#4503 = ORIENTED_EDGE('',*,*,#4504,.T.);
#4504 = EDGE_CURVE('',#757,#2767,#4505,.T.);
#4505 = LINE('',#4506,#4507);
#4506 = CARTESIAN_POINT('',(2.269786509275E-02,1.7653,1.6271875));
#4507 = VECTOR('',#4508,1.);
#4508 = DIRECTION('',(0.,-1.,0.));
#4509 = ORIENTED_EDGE('',*,*,#2766,.T.);
#4510 = ORIENTED_EDGE('',*,*,#4487,.F.);
#4511 = PLANE('',#4512);
#4512 = AXIS2_PLACEMENT_3D('',#4513,#4514,#4515);
#4513 = CARTESIAN_POINT('',(2.269786509275E-02,1.7653,1.6271875));
#4514 = DIRECTION('',(-1.,0.,0.));
#4515 = DIRECTION('',(0.,0.,1.));
#4516 = ADVANCED_FACE('',(#4517),#4528,.F.);
#4517 = FACE_BOUND('',#4518,.F.);
#4518 = EDGE_LOOP('',(#4519,#4520,#4526,#4527));
#4519 = ORIENTED_EDGE('',*,*,#756,.F.);
#4520 = ORIENTED_EDGE('',*,*,#4521,.T.);
#4521 = EDGE_CURVE('',#749,#2775,#4522,.T.);
#4522 = LINE('',#4523,#4524);
#4523 = CARTESIAN_POINT('',(-1.783404496908E-02,1.7653,1.508125));
#4524 = VECTOR('',#4525,1.);
#4525 = DIRECTION('',(0.,-1.,0.));
#4526 = ORIENTED_EDGE('',*,*,#2774,.T.);
#4527 = ORIENTED_EDGE('',*,*,#4504,.F.);
#4528 = PLANE('',#4529);
#4529 = AXIS2_PLACEMENT_3D('',#4530,#4531,#4532);
#4530 = CARTESIAN_POINT('',(-1.783404496908E-02,1.7653,1.508125));
#4531 = DIRECTION('',(-0.94664991777,0.,0.322263763377));
#4532 = DIRECTION('',(0.322263763377,0.,0.94664991777));
#4533 = ADVANCED_FACE('',(#4534),#4545,.F.);
#4534 = FACE_BOUND('',#4535,.F.);
#4535 = EDGE_LOOP('',(#4536,#4537,#4543,#4544));
#4536 = ORIENTED_EDGE('',*,*,#748,.F.);
#4537 = ORIENTED_EDGE('',*,*,#4538,.T.);
#4538 = EDGE_CURVE('',#741,#2783,#4539,.T.);
#4539 = LINE('',#4540,#4541);
#4540 = CARTESIAN_POINT('',(-9.889786509275E-02,1.7653,1.3890625));
#4541 = VECTOR('',#4542,1.);
#4542 = DIRECTION('',(0.,-1.,0.));
#4543 = ORIENTED_EDGE('',*,*,#2782,.T.);
#4544 = ORIENTED_EDGE('',*,*,#4521,.F.);
#4545 = PLANE('',#4546);
#4546 = AXIS2_PLACEMENT_3D('',#4547,#4548,#4549);
#4547 = CARTESIAN_POINT('',(-9.889786509275E-02,1.7653,1.3890625));
#4548 = DIRECTION('',(-0.8265992788,0.,0.562790931242));
#4549 = DIRECTION('',(0.562790931242,0.,0.8265992788));
#4550 = ADVANCED_FACE('',(#4551),#4562,.F.);
#4551 = FACE_BOUND('',#4552,.F.);
#4552 = EDGE_LOOP('',(#4553,#4554,#4560,#4561));
#4553 = ORIENTED_EDGE('',*,*,#740,.F.);
#4554 = ORIENTED_EDGE('',*,*,#4555,.T.);
#4555 = EDGE_CURVE('',#733,#2791,#4556,.T.);
#4556 = LINE('',#4557,#4558);
#4557 = CARTESIAN_POINT('',(-0.179961685216,1.7653,1.309687348604));
#4558 = VECTOR('',#4559,1.);
#4559 = DIRECTION('',(0.,-1.,0.));
#4560 = ORIENTED_EDGE('',*,*,#2790,.T.);
#4561 = ORIENTED_EDGE('',*,*,#4538,.F.);
#4562 = PLANE('',#4563);
#4563 = AXIS2_PLACEMENT_3D('',#4564,#4565,#4566);
#4564 = CARTESIAN_POINT('',(-0.179961685216,1.7653,1.309687348604));
#4565 = DIRECTION('',(-0.699625516445,0.,0.714509717736));
#4566 = DIRECTION('',(0.714509717736,0.,0.699625516445));
#4567 = ADVANCED_FACE('',(#4568),#4579,.F.);
#4568 = FACE_BOUND('',#4569,.F.);
#4569 = EDGE_LOOP('',(#4570,#4571,#4577,#4578));
#4570 = ORIENTED_EDGE('',*,*,#732,.F.);
#4571 = ORIENTED_EDGE('',*,*,#4572,.T.);
#4572 = EDGE_CURVE('',#725,#2799,#4573,.T.);
#4573 = LINE('',#4574,#4575);
#4574 = CARTESIAN_POINT('',(-0.301557472175,1.7653,1.27));
#4575 = VECTOR('',#4576,1.);
#4576 = DIRECTION('',(0.,-1.,0.));
#4577 = ORIENTED_EDGE('',*,*,#2798,.T.);
#4578 = ORIENTED_EDGE('',*,*,#4555,.F.);
#4579 = PLANE('',#4580);
#4580 = AXIS2_PLACEMENT_3D('',#4581,#4582,#4583);
#4581 = CARTESIAN_POINT('',(-0.301557472175,1.7653,1.27));
#4582 = DIRECTION('',(-0.310278864373,0.,0.950645583971));
#4583 = DIRECTION('',(0.950645583971,0.,0.310278864373));
#4584 = ADVANCED_FACE('',(#4585),#4596,.F.);
#4585 = FACE_BOUND('',#4586,.F.);
#4586 = EDGE_LOOP('',(#4587,#4588,#4594,#4595));
#4587 = ORIENTED_EDGE('',*,*,#724,.F.);
#4588 = ORIENTED_EDGE('',*,*,#4589,.T.);
#4589 = EDGE_CURVE('',#717,#2807,#4590,.T.);
#4590 = LINE('',#4591,#4592);
#4591 = CARTESIAN_POINT('',(-0.423153202361,1.7653,1.27));
#4592 = VECTOR('',#4593,1.);
#4593 = DIRECTION('',(0.,-1.,0.));
#4594 = ORIENTED_EDGE('',*,*,#2806,.T.);
#4595 = ORIENTED_EDGE('',*,*,#4572,.F.);
#4596 = PLANE('',#4597);
#4597 = AXIS2_PLACEMENT_3D('',#4598,#4599,#4600);
#4598 = CARTESIAN_POINT('',(-0.423153202361,1.7653,1.27));
#4599 = DIRECTION('',(0.,0.,1.));
#4600 = DIRECTION('',(1.,0.,-0.));
#4601 = ADVANCED_FACE('',(#4602),#4613,.F.);
#4602 = FACE_BOUND('',#4603,.F.);
#4603 = EDGE_LOOP('',(#4604,#4605,#4611,#4612));
#4604 = ORIENTED_EDGE('',*,*,#716,.F.);
#4605 = ORIENTED_EDGE('',*,*,#4606,.T.);
#4606 = EDGE_CURVE('',#709,#2815,#4607,.T.);
#4607 = LINE('',#4608,#4609);
#4608 = CARTESIAN_POINT('',(-0.544748932546,1.7653,1.309687348604));
#4609 = VECTOR('',#4610,1.);
#4610 = DIRECTION('',(0.,-1.,0.));
#4611 = ORIENTED_EDGE('',*,*,#2814,.T.);
#4612 = ORIENTED_EDGE('',*,*,#4589,.F.);
#4613 = PLANE('',#4614);
#4614 = AXIS2_PLACEMENT_3D('',#4615,#4616,#4617);
#4615 = CARTESIAN_POINT('',(-0.544748932546,1.7653,1.309687348604));
#4616 = DIRECTION('',(0.310278995296,0.,0.950645541239));
#4617 = DIRECTION('',(0.950645541239,0.,-0.310278995296));
#4618 = ADVANCED_FACE('',(#4619),#4630,.F.);
#4619 = FACE_BOUND('',#4620,.F.);
#4620 = EDGE_LOOP('',(#4621,#4622,#4628,#4629));
#4621 = ORIENTED_EDGE('',*,*,#708,.F.);
#4622 = ORIENTED_EDGE('',*,*,#4623,.T.);
#4623 = EDGE_CURVE('',#701,#2823,#4624,.T.);
#4624 = LINE('',#4625,#4626);
#4625 = CARTESIAN_POINT('',(-0.666344691119,1.7653,1.3890625));
#4626 = VECTOR('',#4627,1.);
#4627 = DIRECTION('',(0.,-1.,0.));
#4628 = ORIENTED_EDGE('',*,*,#2822,.T.);
#4629 = ORIENTED_EDGE('',*,*,#4606,.F.);
#4630 = PLANE('',#4631);
#4631 = AXIS2_PLACEMENT_3D('',#4632,#4633,#4634);
#4632 = CARTESIAN_POINT('',(-0.666344691119,1.7653,1.3890625));
#4633 = DIRECTION('',(0.546623188221,0.,0.837378701723));
#4634 = DIRECTION('',(0.837378701723,0.,-0.546623188221));
#4635 = ADVANCED_FACE('',(#4636),#4647,.F.);
#4636 = FACE_BOUND('',#4637,.F.);
#4637 = EDGE_LOOP('',(#4638,#4639,#4645,#4646));
#4638 = ORIENTED_EDGE('',*,*,#700,.F.);
#4639 = ORIENTED_EDGE('',*,*,#4640,.T.);
#4640 = EDGE_CURVE('',#693,#2831,#4641,.T.);
#4641 = LINE('',#4642,#4643);
#4642 = CARTESIAN_POINT('',(-0.747408511242,1.7653,1.508125));
#4643 = VECTOR('',#4644,1.);
#4644 = DIRECTION('',(0.,-1.,-2.081668171172E-14));
#4645 = ORIENTED_EDGE('',*,*,#2830,.T.);
#4646 = ORIENTED_EDGE('',*,*,#4623,.F.);
#4647 = PLANE('',#4648);
#4648 = AXIS2_PLACEMENT_3D('',#4649,#4650,#4651);
#4649 = CARTESIAN_POINT('',(-0.747408511242,1.7653,1.508125));
#4650 = DIRECTION('',(0.8265992788,0.,0.562790931242));
#4651 = DIRECTION('',(0.562790931242,0.,-0.8265992788));
#4652 = ADVANCED_FACE('',(#4653),#4664,.F.);
#4653 = FACE_BOUND('',#4654,.F.);
#4654 = EDGE_LOOP('',(#4655,#4656,#4662,#4663));
#4655 = ORIENTED_EDGE('',*,*,#692,.F.);
#4656 = ORIENTED_EDGE('',*,*,#4657,.T.);
#4657 = EDGE_CURVE('',#685,#2839,#4658,.T.);
#4658 = LINE('',#4659,#4660);
#4659 = CARTESIAN_POINT('',(-0.787940421304,1.7653,1.6271875));
#4660 = VECTOR('',#4661,1.);
#4661 = DIRECTION('',(0.,-1.,0.));
#4662 = ORIENTED_EDGE('',*,*,#2838,.T.);
#4663 = ORIENTED_EDGE('',*,*,#4640,.F.);
#4664 = PLANE('',#4665);
#4665 = AXIS2_PLACEMENT_3D('',#4666,#4667,#4668);
#4666 = CARTESIAN_POINT('',(-0.787940421304,1.7653,1.6271875));
#4667 = DIRECTION('',(0.94664991777,0.,0.322263763377));
#4668 = DIRECTION('',(0.322263763377,0.,-0.94664991777));
#4669 = ADVANCED_FACE('',(#4670),#4681,.F.);
#4670 = FACE_BOUND('',#4671,.F.);
#4671 = EDGE_LOOP('',(#4672,#4673,#4679,#4680));
#4672 = ORIENTED_EDGE('',*,*,#684,.F.);
#4673 = ORIENTED_EDGE('',*,*,#4674,.T.);
#4674 = EDGE_CURVE('',#677,#2847,#4675,.T.);
#4675 = LINE('',#4676,#4677);
#4676 = CARTESIAN_POINT('',(-0.787940421304,1.7653,1.904999848604));
#4677 = VECTOR('',#4678,1.);
#4678 = DIRECTION('',(0.,-1.,0.));
#4679 = ORIENTED_EDGE('',*,*,#2846,.T.);
#4680 = ORIENTED_EDGE('',*,*,#4657,.F.);
#4681 = PLANE('',#4682);
#4682 = AXIS2_PLACEMENT_3D('',#4683,#4684,#4685);
#4683 = CARTESIAN_POINT('',(-0.787940421304,1.7653,1.904999848604));
#4684 = DIRECTION('',(1.,0.,0.));
#4685 = DIRECTION('',(0.,0.,-1.));
#4686 = ADVANCED_FACE('',(#4687),#4698,.F.);
#4687 = FACE_BOUND('',#4688,.F.);
#4688 = EDGE_LOOP('',(#4689,#4690,#4696,#4697));
#4689 = ORIENTED_EDGE('',*,*,#676,.F.);
#4690 = ORIENTED_EDGE('',*,*,#4691,.T.);
#4691 = EDGE_CURVE('',#669,#2855,#4692,.T.);
#4692 = LINE('',#4693,#4694);
#4693 = CARTESIAN_POINT('',(-0.747408511242,1.7653,2.024062348604));
#4694 = VECTOR('',#4695,1.);
#4695 = DIRECTION('',(0.,-1.,0.));
#4696 = ORIENTED_EDGE('',*,*,#2854,.T.);
#4697 = ORIENTED_EDGE('',*,*,#4674,.F.);
#4698 = PLANE('',#4699);
#4699 = AXIS2_PLACEMENT_3D('',#4700,#4701,#4702);
#4700 = CARTESIAN_POINT('',(-0.747408511242,1.7653,2.024062348604));
#4701 = DIRECTION('',(0.94664991777,0.,-0.322263763377));
#4702 = DIRECTION('',(-0.322263763377,0.,-0.94664991777));
#4703 = ADVANCED_FACE('',(#4704),#4715,.F.);
#4704 = FACE_BOUND('',#4705,.F.);
#4705 = EDGE_LOOP('',(#4706,#4707,#4713,#4714));
#4706 = ORIENTED_EDGE('',*,*,#668,.F.);
#4707 = ORIENTED_EDGE('',*,*,#4708,.T.);
#4708 = EDGE_CURVE('',#661,#2863,#4709,.T.);
#4709 = LINE('',#4710,#4711);
#4710 = CARTESIAN_POINT('',(-0.666344691119,1.7653,2.143124848604));
#4711 = VECTOR('',#4712,1.);
#4712 = DIRECTION('',(0.,-1.,0.));
#4713 = ORIENTED_EDGE('',*,*,#2862,.T.);
#4714 = ORIENTED_EDGE('',*,*,#4691,.F.);
#4715 = PLANE('',#4716);
#4716 = AXIS2_PLACEMENT_3D('',#4717,#4718,#4719);
#4717 = CARTESIAN_POINT('',(-0.666344691119,1.7653,2.143124848604));
#4718 = DIRECTION('',(0.8265992788,0.,-0.562790931242));
#4719 = DIRECTION('',(-0.562790931242,0.,-0.8265992788));
#4720 = ADVANCED_FACE('',(#4721),#4732,.F.);
#4721 = FACE_BOUND('',#4722,.F.);
#4722 = EDGE_LOOP('',(#4723,#4724,#4730,#4731));
#4723 = ORIENTED_EDGE('',*,*,#660,.F.);
#4724 = ORIENTED_EDGE('',*,*,#4725,.T.);
#4725 = EDGE_CURVE('',#653,#2871,#4726,.T.);
#4726 = LINE('',#4727,#4728);
#4727 = CARTESIAN_POINT('',(-0.544748932546,1.7653,2.2225));
#4728 = VECTOR('',#4729,1.);
#4729 = DIRECTION('',(0.,-1.,0.));
#4730 = ORIENTED_EDGE('',*,*,#2870,.T.);
#4731 = ORIENTED_EDGE('',*,*,#4708,.F.);
#4732 = PLANE('',#4733);
#4733 = AXIS2_PLACEMENT_3D('',#4734,#4735,#4736);
#4734 = CARTESIAN_POINT('',(-0.544748932546,1.7653,2.2225));
#4735 = DIRECTION('',(0.546623188221,0.,-0.837378701723));
#4736 = DIRECTION('',(-0.837378701723,0.,-0.546623188221));
#4737 = ADVANCED_FACE('',(#4738),#4749,.F.);
#4738 = FACE_BOUND('',#4739,.F.);
#4739 = EDGE_LOOP('',(#4740,#4741,#4747,#4748));
#4740 = ORIENTED_EDGE('',*,*,#652,.F.);
#4741 = ORIENTED_EDGE('',*,*,#4742,.T.);
#4742 = EDGE_CURVE('',#645,#2879,#4743,.T.);
#4743 = LINE('',#4744,#4745);
#4744 = CARTESIAN_POINT('',(-0.423153202361,1.7653,2.262187348604));
#4745 = VECTOR('',#4746,1.);
#4746 = DIRECTION('',(0.,-1.,0.));
#4747 = ORIENTED_EDGE('',*,*,#2878,.T.);
#4748 = ORIENTED_EDGE('',*,*,#4725,.F.);
#4749 = PLANE('',#4750);
#4750 = AXIS2_PLACEMENT_3D('',#4751,#4752,#4753);
#4751 = CARTESIAN_POINT('',(-0.423153202361,1.7653,2.262187348604));
#4752 = DIRECTION('',(0.310278995296,0.,-0.950645541239));
#4753 = DIRECTION('',(-0.950645541239,0.,-0.310278995296));
#4754 = ADVANCED_FACE('',(#4755),#4761,.F.);
#4755 = FACE_BOUND('',#4756,.F.);
#4756 = EDGE_LOOP('',(#4757,#4758,#4759,#4760));
#4757 = ORIENTED_EDGE('',*,*,#644,.F.);
#4758 = ORIENTED_EDGE('',*,*,#4438,.T.);
#4759 = ORIENTED_EDGE('',*,*,#2886,.T.);
#4760 = ORIENTED_EDGE('',*,*,#4742,.F.);
#4761 = PLANE('',#4762);
#4762 = AXIS2_PLACEMENT_3D('',#4763,#4764,#4765);
#4763 = CARTESIAN_POINT('',(-0.301557472175,1.7653,2.262187348604));
#4764 = DIRECTION('',(0.,0.,-1.));
#4765 = DIRECTION('',(-1.,0.,0.));
#4766 = ADVANCED_FACE('',(#4767),#4801,.T.);
#4767 = FACE_BOUND('',#4768,.F.);
#4768 = EDGE_LOOP('',(#4769,#4770,#4771,#4779,#4787,#4795));
#4769 = ORIENTED_EDGE('',*,*,#515,.F.);
#4770 = ORIENTED_EDGE('',*,*,#56,.T.);
#4771 = ORIENTED_EDGE('',*,*,#4772,.T.);
#4772 = EDGE_CURVE('',#49,#4773,#4775,.T.);
#4773 = VERTEX_POINT('',#4774);
#4774 = CARTESIAN_POINT('',(-1.4986,-2.2225,-1.8923));
#4775 = LINE('',#4776,#4777);
#4776 = CARTESIAN_POINT('',(-1.4986,-1.7653,-1.8923));
#4777 = VECTOR('',#4778,1.);
#4778 = DIRECTION('',(0.,-1.,0.));
#4779 = ORIENTED_EDGE('',*,*,#4780,.F.);
#4780 = EDGE_CURVE('',#4781,#4773,#4783,.T.);
#4781 = VERTEX_POINT('',#4782);
#4782 = CARTESIAN_POINT('',(-1.4986,-2.2225,-3.5941));
#4783 = LINE('',#4784,#4785);
#4784 = CARTESIAN_POINT('',(-1.4986,-2.2225,-3.5941));
#4785 = VECTOR('',#4786,1.);
#4786 = DIRECTION('',(0.,0.,1.));
#4787 = ORIENTED_EDGE('',*,*,#4788,.T.);
#4788 = EDGE_CURVE('',#4781,#4789,#4791,.T.);
#4789 = VERTEX_POINT('',#4790);
#4790 = CARTESIAN_POINT('',(-1.4986,-0.4953,-3.5941));
#4791 = LINE('',#4792,#4793);
#4792 = CARTESIAN_POINT('',(-1.4986,-2.2225,-3.5941));
#4793 = VECTOR('',#4794,1.);
#4794 = DIRECTION('',(0.,1.,0.));
#4795 = ORIENTED_EDGE('',*,*,#4796,.F.);
#4796 = EDGE_CURVE('',#516,#4789,#4797,.T.);
#4797 = LINE('',#4798,#4799);
#4798 = CARTESIAN_POINT('',(-1.4986,-0.4953,-3.2893));
#4799 = VECTOR('',#4800,1.);
#4800 = DIRECTION('',(0.,0.,-1.));
#4801 = PLANE('',#4802);
#4802 = AXIS2_PLACEMENT_3D('',#4803,#4804,#4805);
#4803 = CARTESIAN_POINT('',(-1.4986,-2.2225,-3.2893));
#4804 = DIRECTION('',(-1.,0.,0.));
#4805 = DIRECTION('',(0.,1.,0.));
#4806 = ADVANCED_FACE('',(#4807),#4825,.T.);
#4807 = FACE_BOUND('',#4808,.F.);
#4808 = EDGE_LOOP('',(#4809,#4810,#4818,#4824));
#4809 = ORIENTED_EDGE('',*,*,#48,.F.);
#4810 = ORIENTED_EDGE('',*,*,#4811,.F.);
#4811 = EDGE_CURVE('',#4812,#41,#4814,.T.);
#4812 = VERTEX_POINT('',#4813);
#4813 = CARTESIAN_POINT('',(1.4986,-2.2225,-1.8923));
#4814 = LINE('',#4815,#4816);
#4815 = CARTESIAN_POINT('',(1.4986,-2.2225,-1.8923));
#4816 = VECTOR('',#4817,1.);
#4817 = DIRECTION('',(0.,1.,0.));
#4818 = ORIENTED_EDGE('',*,*,#4819,.F.);
#4819 = EDGE_CURVE('',#4773,#4812,#4820,.T.);
#4820 = LINE('',#4821,#4822);
#4821 = CARTESIAN_POINT('',(-1.4986,-2.2225,-1.8923));
#4822 = VECTOR('',#4823,1.);
#4823 = DIRECTION('',(1.,0.,0.));
#4824 = ORIENTED_EDGE('',*,*,#4772,.F.);
#4825 = PLANE('',#4826);
#4826 = AXIS2_PLACEMENT_3D('',#4827,#4828,#4829);
#4827 = CARTESIAN_POINT('',(0.,-1.7653,-1.8923));
#4828 = DIRECTION('',(0.,0.,1.));
#4829 = DIRECTION('',(-1.,0.,0.));
#4830 = ADVANCED_FACE('',(#4831),#4858,.T.);
#4831 = FACE_BOUND('',#4832,.F.);
#4832 = EDGE_LOOP('',(#4833,#4841,#4842,#4843,#4844,#4852));
#4833 = ORIENTED_EDGE('',*,*,#4834,.T.);
#4834 = EDGE_CURVE('',#4835,#4812,#4837,.T.);
#4835 = VERTEX_POINT('',#4836);
#4836 = CARTESIAN_POINT('',(1.4986,-2.2225,-3.5941));
#4837 = LINE('',#4838,#4839);
#4838 = CARTESIAN_POINT('',(1.4986,-2.2225,-3.5941));
#4839 = VECTOR('',#4840,1.);
#4840 = DIRECTION('',(0.,0.,1.));
#4841 = ORIENTED_EDGE('',*,*,#4811,.T.);
#4842 = ORIENTED_EDGE('',*,*,#40,.F.);
#4843 = ORIENTED_EDGE('',*,*,#531,.T.);
#4844 = ORIENTED_EDGE('',*,*,#4845,.T.);
#4845 = EDGE_CURVE('',#524,#4846,#4848,.T.);
#4846 = VERTEX_POINT('',#4847);
#4847 = CARTESIAN_POINT('',(1.4986,-0.4953,-3.5941));
#4848 = LINE('',#4849,#4850);
#4849 = CARTESIAN_POINT('',(1.4986,-0.4953,-3.2893));
#4850 = VECTOR('',#4851,1.);
#4851 = DIRECTION('',(0.,0.,-1.));
#4852 = ORIENTED_EDGE('',*,*,#4853,.T.);
#4853 = EDGE_CURVE('',#4846,#4835,#4854,.T.);
#4854 = LINE('',#4855,#4856);
#4855 = CARTESIAN_POINT('',(1.4986,-0.4953,-3.5941));
#4856 = VECTOR('',#4857,1.);
#4857 = DIRECTION('',(0.,-1.,0.));
#4858 = PLANE('',#4859);
#4859 = AXIS2_PLACEMENT_3D('',#4860,#4861,#4862);
#4860 = CARTESIAN_POINT('',(1.4986,-1.7653,-3.2893));
#4861 = DIRECTION('',(1.,0.,0.));
#4862 = DIRECTION('',(0.,-1.,0.));
#4863 = ADVANCED_FACE('',(#4864),#4875,.T.);
#4864 = FACE_BOUND('',#4865,.F.);
#4865 = EDGE_LOOP('',(#4866,#4867,#4868,#4869));
#4866 = ORIENTED_EDGE('',*,*,#4780,.T.);
#4867 = ORIENTED_EDGE('',*,*,#4819,.T.);
#4868 = ORIENTED_EDGE('',*,*,#4834,.F.);
#4869 = ORIENTED_EDGE('',*,*,#4870,.T.);
#4870 = EDGE_CURVE('',#4835,#4781,#4871,.T.);
#4871 = LINE('',#4872,#4873);
#4872 = CARTESIAN_POINT('',(1.4986,-2.2225,-3.5941));
#4873 = VECTOR('',#4874,1.);
#4874 = DIRECTION('',(-1.,0.,0.));
#4875 = PLANE('',#4876);
#4876 = AXIS2_PLACEMENT_3D('',#4877,#4878,#4879);
#4877 = CARTESIAN_POINT('',(1.4986,-2.2225,-3.2893));
#4878 = DIRECTION('',(0.,-1.,0.));
#4879 = DIRECTION('',(-1.,0.,0.));
#4880 = ADVANCED_FACE('',(#4881),#4892,.T.);
#4881 = FACE_BOUND('',#4882,.F.);
#4882 = EDGE_LOOP('',(#4883,#4884,#4890,#4891));
#4883 = ORIENTED_EDGE('',*,*,#4853,.F.);
#4884 = ORIENTED_EDGE('',*,*,#4885,.F.);
#4885 = EDGE_CURVE('',#4789,#4846,#4886,.T.);
#4886 = LINE('',#4887,#4888);
#4887 = CARTESIAN_POINT('',(-1.4986,-0.4953,-3.5941));
#4888 = VECTOR('',#4889,1.);
#4889 = DIRECTION('',(1.,0.,0.));
#4890 = ORIENTED_EDGE('',*,*,#4788,.F.);
#4891 = ORIENTED_EDGE('',*,*,#4870,.F.);
#4892 = PLANE('',#4893);
#4893 = AXIS2_PLACEMENT_3D('',#4894,#4895,#4896);
#4894 = CARTESIAN_POINT('',(0.,-1.7653,-3.5941));
#4895 = DIRECTION('',(0.,0.,-1.));
#4896 = DIRECTION('',(-1.,0.,0.));
#4897 = ADVANCED_FACE('',(#4898),#4904,.T.);
#4898 = FACE_BOUND('',#4899,.F.);
#4899 = EDGE_LOOP('',(#4900,#4901,#4902,#4903));
#4900 = ORIENTED_EDGE('',*,*,#523,.F.);
#4901 = ORIENTED_EDGE('',*,*,#4796,.T.);
#4902 = ORIENTED_EDGE('',*,*,#4885,.T.);
#4903 = ORIENTED_EDGE('',*,*,#4845,.F.);
#4904 = PLANE('',#4905);
#4905 = AXIS2_PLACEMENT_3D('',#4906,#4907,#4908);
#4906 = CARTESIAN_POINT('',(-1.4986,-0.4953,-3.2893));
#4907 = DIRECTION('',(0.,1.,0.));
#4908 = DIRECTION('',(1.,0.,0.));
#4909 = ( GEOMETRIC_REPRESENTATION_CONTEXT(3) 
GLOBAL_UNCERTAINTY_ASSIGNED_CONTEXT((#4913)) 
GLOBAL_UNIT_ASSIGNED_CONTEXT((#4910,#4911,#4912)) REPRESENTATION_CONTEXT
('Context #1','3D Context with UNIT and UNCERTAINTY') );
#4910 = ( LENGTH_UNIT() NAMED_UNIT(*) SI_UNIT(.MILLI.,.METRE.) );
#4911 = ( NAMED_UNIT(*) PLANE_ANGLE_UNIT() SI_UNIT($,.RADIAN.) );
#4912 = ( NAMED_UNIT(*) SI_UNIT($,.STERADIAN.) SOLID_ANGLE_UNIT() );
#4913 = UNCERTAINTY_MEASURE_WITH_UNIT(LENGTH_MEASURE(1.E-07),#4910,
  'distance_accuracy_value','confusion accuracy');
#4914 = PRODUCT_RELATED_PRODUCT_CATEGORY('part',$,(#7));
#4915 = MECHANICAL_DESIGN_GEOMETRIC_PRESENTATION_REPRESENTATION('',(
    #4916,#4927,#4935,#4942,#4949,#4956,#4963,#4970,#4977,#4984,#4991,
    #4998,#5005),#4909);
#4916 = STYLED_ITEM('color',(#4917),#15);
#4917 = PRESENTATION_STYLE_ASSIGNMENT((#4918,#4924));
#4918 = SURFACE_STYLE_USAGE(.BOTH.,#4919);
#4919 = SURFACE_SIDE_STYLE('',(#4920));
#4920 = SURFACE_STYLE_FILL_AREA(#4921);
#4921 = FILL_AREA_STYLE('',(#4922));
#4922 = FILL_AREA_STYLE_COLOUR('',#4923);
#4923 = COLOUR_RGB('',0.116700000506,0.116700000506,0.116700000506);
#4924 = CURVE_STYLE('',#4925,POSITIVE_LENGTH_MEASURE(0.1),#4926);
#4925 = DRAUGHTING_PRE_DEFINED_CURVE_FONT('continuous');
#4926 = COLOUR_RGB('',9.803921802644E-02,9.803921802644E-02,
  9.803921802644E-02);
#4927 = OVER_RIDING_STYLED_ITEM('overriding color',(#4928),#285,#4916);
#4928 = PRESENTATION_STYLE_ASSIGNMENT((#4929));
#4929 = SURFACE_STYLE_USAGE(.BOTH.,#4930);
#4930 = SURFACE_SIDE_STYLE('',(#4931));
#4931 = SURFACE_STYLE_FILL_AREA(#4932);
#4932 = FILL_AREA_STYLE('',(#4933));
#4933 = FILL_AREA_STYLE_COLOUR('',#4934);
#4934 = COLOUR_RGB('',0.300000011149,0.300000011149,0.300000011149);
#4935 = OVER_RIDING_STYLED_ITEM('overriding color',(#4936),#325,#4916);
#4936 = PRESENTATION_STYLE_ASSIGNMENT((#4937));
#4937 = SURFACE_STYLE_USAGE(.BOTH.,#4938);
#4938 = SURFACE_SIDE_STYLE('',(#4939));
#4939 = SURFACE_STYLE_FILL_AREA(#4940);
#4940 = FILL_AREA_STYLE('',(#4941));
#4941 = FILL_AREA_STYLE_COLOUR('',#4934);
#4942 = OVER_RIDING_STYLED_ITEM('overriding color',(#4943),#349,#4916);
#4943 = PRESENTATION_STYLE_ASSIGNMENT((#4944));
#4944 = SURFACE_STYLE_USAGE(.BOTH.,#4945);
#4945 = SURFACE_SIDE_STYLE('',(#4946));
#4946 = SURFACE_STYLE_FILL_AREA(#4947);
#4947 = FILL_AREA_STYLE('',(#4948));
#4948 = FILL_AREA_STYLE_COLOUR('',#4934);
#4949 = OVER_RIDING_STYLED_ITEM('overriding color',(#4950),#382,#4916);
#4950 = PRESENTATION_STYLE_ASSIGNMENT((#4951));
#4951 = SURFACE_STYLE_USAGE(.BOTH.,#4952);
#4952 = SURFACE_SIDE_STYLE('',(#4953));
#4953 = SURFACE_STYLE_FILL_AREA(#4954);
#4954 = FILL_AREA_STYLE('',(#4955));
#4955 = FILL_AREA_STYLE_COLOUR('',#4934);
#4956 = OVER_RIDING_STYLED_ITEM('overriding color',(#4957),#399,#4916);
#4957 = PRESENTATION_STYLE_ASSIGNMENT((#4958));
#4958 = SURFACE_STYLE_USAGE(.BOTH.,#4959);
#4959 = SURFACE_SIDE_STYLE('',(#4960));
#4960 = SURFACE_STYLE_FILL_AREA(#4961);
#4961 = FILL_AREA_STYLE('',(#4962));
#4962 = FILL_AREA_STYLE_COLOUR('',#4934);
#4963 = OVER_RIDING_STYLED_ITEM('overriding color',(#4964),#416,#4916);
#4964 = PRESENTATION_STYLE_ASSIGNMENT((#4965));
#4965 = SURFACE_STYLE_USAGE(.BOTH.,#4966);
#4966 = SURFACE_SIDE_STYLE('',(#4967));
#4967 = SURFACE_STYLE_FILL_AREA(#4968);
#4968 = FILL_AREA_STYLE('',(#4969));
#4969 = FILL_AREA_STYLE_COLOUR('',#4934);
#4970 = OVER_RIDING_STYLED_ITEM('overriding color',(#4971),#4766,#4916);
#4971 = PRESENTATION_STYLE_ASSIGNMENT((#4972));
#4972 = SURFACE_STYLE_USAGE(.BOTH.,#4973);
#4973 = SURFACE_SIDE_STYLE('',(#4974));
#4974 = SURFACE_STYLE_FILL_AREA(#4975);
#4975 = FILL_AREA_STYLE('',(#4976));
#4976 = FILL_AREA_STYLE_COLOUR('',#4934);
#4977 = OVER_RIDING_STYLED_ITEM('overriding color',(#4978),#4806,#4916);
#4978 = PRESENTATION_STYLE_ASSIGNMENT((#4979));
#4979 = SURFACE_STYLE_USAGE(.BOTH.,#4980);
#4980 = SURFACE_SIDE_STYLE('',(#4981));
#4981 = SURFACE_STYLE_FILL_AREA(#4982);
#4982 = FILL_AREA_STYLE('',(#4983));
#4983 = FILL_AREA_STYLE_COLOUR('',#4934);
#4984 = OVER_RIDING_STYLED_ITEM('overriding color',(#4985),#4830,#4916);
#4985 = PRESENTATION_STYLE_ASSIGNMENT((#4986));
#4986 = SURFACE_STYLE_USAGE(.BOTH.,#4987);
#4987 = SURFACE_SIDE_STYLE('',(#4988));
#4988 = SURFACE_STYLE_FILL_AREA(#4989);
#4989 = FILL_AREA_STYLE('',(#4990));
#4990 = FILL_AREA_STYLE_COLOUR('',#4934);
#4991 = OVER_RIDING_STYLED_ITEM('overriding color',(#4992),#4863,#4916);
#4992 = PRESENTATION_STYLE_ASSIGNMENT((#4993));
#4993 = SURFACE_STYLE_USAGE(.BOTH.,#4994);
#4994 = SURFACE_SIDE_STYLE('',(#4995));
#4995 = SURFACE_STYLE_FILL_AREA(#4996);
#4996 = FILL_AREA_STYLE('',(#4997));
#4997 = FILL_AREA_STYLE_COLOUR('',#4934);
#4998 = OVER_RIDING_STYLED_ITEM('overriding color',(#4999),#4880,#4916);
#4999 = PRESENTATION_STYLE_ASSIGNMENT((#5000));
#5000 = SURFACE_STYLE_USAGE(.BOTH.,#5001);
#5001 = SURFACE_SIDE_STYLE('',(#5002));
#5002 = SURFACE_STYLE_FILL_AREA(#5003);
#5003 = FILL_AREA_STYLE('',(#5004));
#5004 = FILL_AREA_STYLE_COLOUR('',#4934);
#5005 = OVER_RIDING_STYLED_ITEM('overriding color',(#5006),#4897,#4916);
#5006 = PRESENTATION_STYLE_ASSIGNMENT((#5007));
#5007 = SURFACE_STYLE_USAGE(.BOTH.,#5008);
#5008 = SURFACE_SIDE_STYLE('',(#5009));
#5009 = SURFACE_STYLE_FILL_AREA(#5010);
#5010 = FILL_AREA_STYLE('',(#5011));
#5011 = FILL_AREA_STYLE_COLOUR('',#4934);
ENDSEC;
END-ISO-10303-21;
