DEBUG:KiBot 1.9.1 verbose level: 1 started on 2026-10-08 18:16:50.235142 (kibot - __main__.py:544)
DEBUG:Filtering warnings we always get on CI/CD (kibot - __main__.py:458)
DEBUG:Start of initialization (kibot - __main__.py:552)
DEBUG:Detected KiCad v10.0.5 (10.0.5-unknown-202607221313~667fa36054~ubuntu25.10.1 100000050) (kibot - __main__.py:362)
DEBUG:- Processing dependencies for `global` (kibot - dep_downloader.py:1090)
DEBUG:Importing from /usr/lib/python3/dist-packages/kibot (kibot - kiplot.py:84)
DEBUG:- Importing fil_alternatives (kibot - kiplot.py:92)
DEBUG:- Importing fil_base (kibot - kiplot.py:92)
DEBUG:- Importing fil_expand_text_vars (kibot - kiplot.py:92)
DEBUG:- Importing fil_field_modify (kibot - kiplot.py:92)
DEBUG:- Importing fil_field_rename (kibot - kiplot.py:92)
DEBUG:- Importing fil_generic (kibot - kiplot.py:92)
DEBUG:- Importing fil_rot_footprint (kibot - kiplot.py:92)
DEBUG:- Importing fil_separate_pins (kibot - kiplot.py:92)
DEBUG:- Importing fil_spec_to_field (kibot - kiplot.py:92)
DEBUG:- Importing fil_subparts (kibot - kiplot.py:92)
DEBUG:- Importing fil_urlify (kibot - kiplot.py:92)
DEBUG:- Importing fil_value_split (kibot - kiplot.py:92)
DEBUG:- Importing fil_var_rename (kibot - kiplot.py:92)
DEBUG:- Importing fil_var_rename_kicost (kibot - kiplot.py:92)
DEBUG:- Importing globals (kibot - kiplot.py:92)
DEBUG:- Importing out_any_diff (kibot - kiplot.py:92)
DEBUG:- Importing out_any_drill (kibot - kiplot.py:92)
DEBUG:- Importing out_any_layer (kibot - kiplot.py:92)
DEBUG:- Importing out_any_navigate_results (kibot - kiplot.py:92)
DEBUG:- Importing out_any_pcb_print (kibot - kiplot.py:92)
DEBUG:- Importing out_any_sch_print (kibot - kiplot.py:92)
DEBUG:- Importing out_any_stencil (kibot - kiplot.py:92)
DEBUG:- Importing out_base (kibot - kiplot.py:92)
DEBUG:- Importing out_base_3d (kibot - kiplot.py:92)
DEBUG:- Importing out_blender_export (kibot - kiplot.py:92)
DEBUG:- Processing dependencies for `out_blender_export` (kibot - dep_downloader.py:1090)
DEBUG:- Importing out_boardview (kibot - kiplot.py:92)
DEBUG:- Importing out_bom (kibot - kiplot.py:92)
DEBUG:- Processing dependencies for `out_bom` (kibot - dep_downloader.py:1090)
DEBUG:- Importing out_bom_labels (kibot - kiplot.py:92)
DEBUG:- Processing dependencies for `out_bom_labels` (kibot - dep_downloader.py:1090)
DEBUG:- Importing out_compress (kibot - kiplot.py:92)
DEBUG:- Processing dependencies for `out_compress` (kibot - dep_downloader.py:1090)
DEBUG:- Importing out_copy_files (kibot - kiplot.py:92)
DEBUG:- Importing out_diff (kibot - kiplot.py:92)
DEBUG:- Processing dependencies for `out_diff` (kibot - dep_downloader.py:1090)
DEBUG:- Importing out_download_datasheets (kibot - kiplot.py:92)
DEBUG:- Processing dependencies for `out_download_datasheets` (kibot - dep_downloader.py:1090)
DEBUG:- Importing out_dxf (kibot - kiplot.py:92)
DEBUG:- Importing out_dxf_sch_print (kibot - kiplot.py:92)
DEBUG:- Processing dependencies for `out_dxf_sch_print` (kibot - dep_downloader.py:1090)
DEBUG:- Importing out_excellon (kibot - kiplot.py:92)
DEBUG:- Importing out_export_3d (kibot - kiplot.py:92)
DEBUG:- Importing out_gencad (kibot - kiplot.py:92)
DEBUG:- Processing dependencies for `out_gencad` (kibot - dep_downloader.py:1090)
DEBUG:- Importing out_gerb_drill (kibot - kiplot.py:92)
DEBUG:- Importing out_gerber (kibot - kiplot.py:92)
DEBUG:- Importing out_hpgl (kibot - kiplot.py:92)
DEBUG:- Importing out_hpgl_sch_print (kibot - kiplot.py:92)
DEBUG:- Processing dependencies for `out_hpgl_sch_print` (kibot - dep_downloader.py:1090)
DEBUG:- Importing out_ibom (kibot - kiplot.py:92)
DEBUG:- Processing dependencies for `out_ibom` (kibot - dep_downloader.py:1090)
DEBUG:- Importing out_info (kibot - kiplot.py:92)
DEBUG:- Processing dependencies for `out_info` (kibot - dep_downloader.py:1090)
DEBUG:- Importing out_ipc2581 (kibot - kiplot.py:92)
DEBUG:- Importing out_jobset (kibot - kiplot.py:92)
DEBUG:- Importing out_kibom (kibot - kiplot.py:92)
DEBUG:- Processing dependencies for `out_kibom` (kibot - dep_downloader.py:1090)
DEBUG:- Importing out_kicad_site (kibot - kiplot.py:92)
DEBUG:- Importing out_kicanvas (kibot - kiplot.py:92)
DEBUG:- Importing out_kicost (kibot - kiplot.py:92)
DEBUG:- Processing dependencies for `out_kicost` (kibot - dep_downloader.py:1090)
DEBUG:- Importing out_kikit_present (kibot - kiplot.py:92)
DEBUG:- Processing dependencies for `out_kikit_present` (kibot - dep_downloader.py:1090)
DEBUG:- Importing out_kiri (kibot - kiplot.py:92)
DEBUG:- Processing dependencies for `out_kiri` (kibot - dep_downloader.py:1090)
DEBUG:- Importing out_navigate_results (kibot - kiplot.py:92)
DEBUG:- Processing dependencies for `out_navigate_results` (kibot - dep_downloader.py:1090)
DEBUG:- Importing out_navigate_results_rb (kibot - kiplot.py:92)
DEBUG:- Processing dependencies for `out_navigate_results_rb` (kibot - dep_downloader.py:1090)
DEBUG:- Importing out_netlist (kibot - kiplot.py:92)
DEBUG:- Processing dependencies for `out_netlist` (kibot - dep_downloader.py:1090)
DEBUG:- Importing out_odb (kibot - kiplot.py:92)
DEBUG:- Importing out_panelize (kibot - kiplot.py:92)
DEBUG:- Processing dependencies for `out_panelize` (kibot - dep_downloader.py:1090)
DEBUG:- Importing out_pcb2blender_tools (kibot - kiplot.py:92)
DEBUG:- Importing out_pcb_print (kibot - kiplot.py:92)
DEBUG:- Processing dependencies for `out_pcb_print` (kibot - dep_downloader.py:1090)
DEBUG:- Importing out_pcb_stats (kibot - kiplot.py:92)
DEBUG:- Importing out_pcb_variant (kibot - kiplot.py:92)
DEBUG:- Importing out_pcbdraw (kibot - kiplot.py:92)
DEBUG:- Processing dependencies for `out_pcbdraw` (kibot - dep_downloader.py:1090)
DEBUG:- Importing out_pdf (kibot - kiplot.py:92)
DEBUG:- Importing out_pdf_pcb_print (kibot - kiplot.py:92)
DEBUG:- Processing dependencies for `out_pdf_pcb_print` (kibot - dep_downloader.py:1090)
DEBUG:- Importing out_pdf_sch_print (kibot - kiplot.py:92)
DEBUG:- Processing dependencies for `out_pdf_sch_print` (kibot - dep_downloader.py:1090)
DEBUG:- Importing out_pdfunite (kibot - kiplot.py:92)
DEBUG:- Importing out_populate (kibot - kiplot.py:92)
DEBUG:- Importing out_position (kibot - kiplot.py:92)
DEBUG:- Importing out_ps (kibot - kiplot.py:92)
DEBUG:- Importing out_ps_sch_print (kibot - kiplot.py:92)
DEBUG:- Processing dependencies for `out_ps_sch_print` (kibot - dep_downloader.py:1090)
DEBUG:- Importing out_qr_lib (kibot - kiplot.py:92)
DEBUG:- Processing dependencies for `out_qr_lib` (kibot - dep_downloader.py:1090)
DEBUG:- Importing out_render_3d (kibot - kiplot.py:92)
DEBUG:- Processing dependencies for `out_render_3d` (kibot - dep_downloader.py:1090)
DEBUG:- Importing out_report (kibot - kiplot.py:92)
DEBUG:- Processing dependencies for `out_report` (kibot - dep_downloader.py:1090)
DEBUG:- Importing out_sch_variant (kibot - kiplot.py:92)
DEBUG:- Importing out_stencil_3d (kibot - kiplot.py:92)
DEBUG:- Processing dependencies for `out_stencil_3d` (kibot - dep_downloader.py:1090)
DEBUG:- Importing out_stencil_for_jig (kibot - kiplot.py:92)
DEBUG:- Processing dependencies for `out_stencil_for_jig` (kibot - dep_downloader.py:1090)
DEBUG:- Importing out_step (kibot - kiplot.py:92)
DEBUG:- Processing dependencies for `out_step` (kibot - dep_downloader.py:1090)
DEBUG:- Importing out_svg (kibot - kiplot.py:92)
DEBUG:- Importing out_svg_pcb_print (kibot - kiplot.py:92)
DEBUG:- Processing dependencies for `out_svg_pcb_print` (kibot - dep_downloader.py:1090)
DEBUG:- Importing out_svg_sch_print (kibot - kiplot.py:92)
DEBUG:- Processing dependencies for `out_svg_sch_print` (kibot - dep_downloader.py:1090)
DEBUG:- Importing out_vrml (kibot - kiplot.py:92)
DEBUG:- Processing dependencies for `out_vrml` (kibot - dep_downloader.py:1090)
DEBUG:- Importing pre_annotate_pcb (kibot - kiplot.py:92)
DEBUG:- Importing pre_annotate_power (kibot - kiplot.py:92)
DEBUG:- Importing pre_any_replace (kibot - kiplot.py:92)
DEBUG:- Importing pre_any_xrc (kibot - kiplot.py:92)
DEBUG:- Importing pre_base (kibot - kiplot.py:92)
DEBUG:- Importing pre_check_fields (kibot - kiplot.py:92)
DEBUG:- Importing pre_check_zone_fills (kibot - kiplot.py:92)
DEBUG:- Importing pre_consolidate_pcbs (kibot - kiplot.py:92)
DEBUG:- Importing pre_convert_pcb (kibot - kiplot.py:92)
DEBUG:- Processing dependencies for `pre_convert_pcb` (kibot - dep_downloader.py:1090)
DEBUG:- Importing pre_draw_fancy_stackup (kibot - kiplot.py:92)
DEBUG:- Importing pre_draw_stackup (kibot - kiplot.py:92)
DEBUG:- Importing pre_drc (kibot - kiplot.py:92)
DEBUG:- Importing pre_erc (kibot - kiplot.py:92)
DEBUG:- Importing pre_erc_warnings (kibot - kiplot.py:92)
DEBUG:- Importing pre_fill_zones (kibot - kiplot.py:92)
DEBUG:- Importing pre_filters (kibot - kiplot.py:92)
DEBUG:- Importing pre_ignore_unconnected (kibot - kiplot.py:92)
DEBUG:- Importing pre_include_table (kibot - kiplot.py:92)
DEBUG:- Importing pre_pcb_replace (kibot - kiplot.py:92)
DEBUG:- Processing dependencies for `pre_pcb_replace` (kibot - dep_downloader.py:1090)
DEBUG:- Importing pre_run_drc (kibot - kiplot.py:92)
DEBUG:- Processing dependencies for `pre_run_drc` (kibot - dep_downloader.py:1090)
DEBUG:- Importing pre_run_erc (kibot - kiplot.py:92)
DEBUG:- Processing dependencies for `pre_run_erc` (kibot - dep_downloader.py:1090)
DEBUG:- Importing pre_sch_replace (kibot - kiplot.py:92)
DEBUG:- Processing dependencies for `pre_sch_replace` (kibot - dep_downloader.py:1090)
DEBUG:- Importing pre_set_text_variables (kibot - kiplot.py:92)
DEBUG:- Processing dependencies for `pre_set_text_variables` (kibot - dep_downloader.py:1090)
DEBUG:- Importing pre_update_footprint (kibot - kiplot.py:92)
DEBUG:- Importing pre_update_pcb_characteristics (kibot - kiplot.py:92)
DEBUG:- Importing pre_update_qr (kibot - kiplot.py:92)
DEBUG:- Importing pre_update_stackup (kibot - kiplot.py:92)
DEBUG:- Importing pre_update_xml (kibot - kiplot.py:92)
DEBUG:- Processing dependencies for `pre_update_xml` (kibot - dep_downloader.py:1090)
DEBUG:- Importing var_base (kibot - kiplot.py:92)
DEBUG:- Importing var_ibom (kibot - kiplot.py:92)
DEBUG:- Importing var_kibom (kibot - kiplot.py:92)
DEBUG:- Importing var_kicad (kibot - kiplot.py:92)
DEBUG:- Importing var_kicost (kibot - kiplot.py:92)
DEBUG:Deactivating macros (kibot - kiplot.py:118)
DEBUG:End of initialization (kibot - __main__.py:558)
CI/CD environment detected
DEBUG:Using configuration file: `config.kibot.yaml` (kibot - __main__.py:289)
DEBUG:Using schematic: `/work/ktest.kicad_sch` (kibot - kiplot.py:1099)
DEBUG:Real schematic name: `/work/ktest.kicad_sch` (kibot - kiplot.py:1100)
DEBUG:Using PCB: `ktest.kicad_pcb` (kibot - kiplot.py:1130)
DEBUG:Real PCB name: `ktest.kicad_pcb` (kibot - kiplot.py:1131)
DEBUG:Starting to load the configuration (kibot - __main__.py:636)
DEBUG:Found local definitions (kibot - config_reader.py:653)
DEBUG:- Local definitions: {'RENDER_MODE': 'mid', 'RENDER_RUN_disabled': 'false', 'RENDER_RUN_low': 'true', 'RENDER_RUN_mid': 'true', 'RENDER_RUN_high': 'true', 'IMAGE_COMMENT_disabled': '#', 'IMAGE_COMMENT_low': '', 'IMAGE_COMMENT_mid': '', 'IMAGE_COMMENT_high': '', 'OVERVIEW_LAYERS_disabled': '[]', 'OVERVIEW_LAYERS_low': '[{layer: AssemblyOverview, color: "#000000"}]', 'OVERVIEW_LAYERS_mid': '[{layer: AssemblyOverview, color: "#000000"}]', 'OVERVIEW_LAYERS_high': '[{layer: AssemblyOverview, color: "#000000"}]', 'RENDER_SAMPLES_disabled': '1', 'RENDER_SAMPLES_low': '1', 'RENDER_SAMPLES_mid': '4', 'RENDER_SAMPLES_high': '8', 'RENDER_WIDTH_disabled': '100', 'RENDER_WIDTH_low': '240', 'RENDER_WIDTH_mid': '1080', 'RENDER_WIDTH_high': '1920', 'RENDER_HEIGHT_disabled': '100', 'RENDER_HEIGHT_low': '240', 'RENDER_HEIGHT_mid': '1080', 'RENDER_HEIGHT_high': '1920', 'FAB_OVERVIEW_LAYERS_disabled': '[]', 'FAB_OVERVIEW_LAYERS_low': '[{layer: FabricationRender, color: "#000000"}]', 'FAB_OVERVIEW_LAYERS_mid': '[{layer: FabricationRender, color: "#000000"}]', 'FAB_OVERVIEW_LAYERS_high': '[{layer: FabricationRender, color: "#000000"}]', 'ASSEMBLY_BOM_MODE': 'fitted'} (kibot - config_reader.py:663)
DEBUG:- Current definitions: {} (kibot - config_reader.py:664)
DEBUG:- Updated definitions: {'RENDER_MODE': 'mid', 'RENDER_RUN_disabled': 'false', 'RENDER_RUN_low': 'true', 'RENDER_RUN_mid': 'true', 'RENDER_RUN_high': 'true', 'IMAGE_COMMENT_disabled': '#', 'IMAGE_COMMENT_low': '', 'IMAGE_COMMENT_mid': '', 'IMAGE_COMMENT_high': '', 'OVERVIEW_LAYERS_disabled': '[]', 'OVERVIEW_LAYERS_low': '[{layer: AssemblyOverview, color: "#000000"}]', 'OVERVIEW_LAYERS_mid': '[{layer: AssemblyOverview, color: "#000000"}]', 'OVERVIEW_LAYERS_high': '[{layer: AssemblyOverview, color: "#000000"}]', 'RENDER_SAMPLES_disabled': '1', 'RENDER_SAMPLES_low': '1', 'RENDER_SAMPLES_mid': '4', 'RENDER_SAMPLES_high': '8', 'RENDER_WIDTH_disabled': '100', 'RENDER_WIDTH_low': '240', 'RENDER_WIDTH_mid': '1080', 'RENDER_WIDTH_high': '1920', 'RENDER_HEIGHT_disabled': '100', 'RENDER_HEIGHT_low': '240', 'RENDER_HEIGHT_mid': '1080', 'RENDER_HEIGHT_high': '1920', 'FAB_OVERVIEW_LAYERS_disabled': '[]', 'FAB_OVERVIEW_LAYERS_low': '[{layer: FabricationRender, color: "#000000"}]', 'FAB_OVERVIEW_LAYERS_mid': '[{layer: FabricationRender, color: "#000000"}]', 'FAB_OVERVIEW_LAYERS_high': '[{layer: FabricationRender, color: "#000000"}]', 'ASSEMBLY_BOM_MODE': 'fitted'} (kibot - config_reader.py:667)
DEBUG:Applying preprocessor definitions (kibot - config_reader.py:672)
DEBUG:- Applying CLI definitions: {'AUTO_LIGHT_ENERGY': '2.4024005999999996', 'PDF_MASK_TOP': '#BFBFDF80', 'PDF_MASK_BOTTOM': '#BFBFDF80'} (kibot - config_reader.py:679)
DEBUG:- Applying collected definitions: {'RENDER_MODE': 'mid', 'RENDER_RUN_disabled': 'false', 'RENDER_RUN_low': 'true', 'RENDER_RUN_mid': 'true', 'RENDER_RUN_high': 'true', 'IMAGE_COMMENT_disabled': '#', 'IMAGE_COMMENT_low': '', 'IMAGE_COMMENT_mid': '', 'IMAGE_COMMENT_high': '', 'OVERVIEW_LAYERS_disabled': '[]', 'OVERVIEW_LAYERS_low': '[{layer: AssemblyOverview, color: "#000000"}]', 'OVERVIEW_LAYERS_mid': '[{layer: AssemblyOverview, color: "#000000"}]', 'OVERVIEW_LAYERS_high': '[{layer: AssemblyOverview, color: "#000000"}]', 'RENDER_SAMPLES_disabled': '1', 'RENDER_SAMPLES_low': '1', 'RENDER_SAMPLES_mid': '4', 'RENDER_SAMPLES_high': '8', 'RENDER_WIDTH_disabled': '100', 'RENDER_WIDTH_low': '240', 'RENDER_WIDTH_mid': '1080', 'RENDER_WIDTH_high': '1920', 'RENDER_HEIGHT_disabled': '100', 'RENDER_HEIGHT_low': '240', 'RENDER_HEIGHT_mid': '1080', 'RENDER_HEIGHT_high': '1920', 'FAB_OVERVIEW_LAYERS_disabled': '[]', 'FAB_OVERVIEW_LAYERS_low': '[{layer: FabricationRender, color: "#000000"}]', 'FAB_OVERVIEW_LAYERS_mid': '[{layer: FabricationRender, color: "#000000"}]', 'FAB_OVERVIEW_LAYERS_high': '[{layer: FabricationRender, color: "#000000"}]', 'ASSEMBLY_BOM_MODE': 'fitted'} (kibot - config_reader.py:682)
DEBUG:- Applying CLI definitions: {'AUTO_LIGHT_ENERGY': '2.4024005999999996', 'PDF_MASK_TOP': '#BFBFDF80', 'PDF_MASK_BOTTOM': '#BFBFDF80'} (kibot - config_reader.py:679)
DEBUG:- Applying collected definitions: {'RENDER_MODE': 'mid', 'RENDER_RUN_disabled': 'false', 'RENDER_RUN_low': 'true', 'RENDER_RUN_mid': 'true', 'RENDER_RUN_high': 'true', 'IMAGE_COMMENT_disabled': '#', 'IMAGE_COMMENT_low': '', 'IMAGE_COMMENT_mid': '', 'IMAGE_COMMENT_high': '', 'OVERVIEW_LAYERS_disabled': '[]', 'OVERVIEW_LAYERS_low': '[{layer: AssemblyOverview, color: "#000000"}]', 'OVERVIEW_LAYERS_mid': '[{layer: AssemblyOverview, color: "#000000"}]', 'OVERVIEW_LAYERS_high': '[{layer: AssemblyOverview, color: "#000000"}]', 'RENDER_SAMPLES_disabled': '1', 'RENDER_SAMPLES_low': '1', 'RENDER_SAMPLES_mid': '4', 'RENDER_SAMPLES_high': '8', 'RENDER_WIDTH_disabled': '100', 'RENDER_WIDTH_low': '240', 'RENDER_WIDTH_mid': '1080', 'RENDER_WIDTH_high': '1920', 'RENDER_HEIGHT_disabled': '100', 'RENDER_HEIGHT_low': '240', 'RENDER_HEIGHT_mid': '1080', 'RENDER_HEIGHT_high': '1920', 'FAB_OVERVIEW_LAYERS_disabled': '[]', 'FAB_OVERVIEW_LAYERS_low': '[{layer: FabricationRender, color: "#000000"}]', 'FAB_OVERVIEW_LAYERS_mid': '[{layer: FabricationRender, color: "#000000"}]', 'FAB_OVERVIEW_LAYERS_high': '[{layer: FabricationRender, color: "#000000"}]', 'ASSEMBLY_BOM_MODE': 'fitted'} (kibot - config_reader.py:682)
DEBUG:Parsing global options: {'date_format': '%d/%m/%Y', 'date_time_format': '%d/%m/%Y', 'kicad_dnp_applied': True, 'cross_footprints_for_dnp': True, 'dnp_cross_top_layer': 'AssyDNPTop', 'dnp_cross_bottom_layer': 'AssyDNPBottom', 'set_text_variables_sheet_title': True, 'set_text_variables_sheet_title_default': ''} (kibot - config_reader.py:303)
DEBUG:Looking for stack-up information in the PCB (kibot.globals - globals.py:536)
DEBUG:- Found stack-up information (kibot.globals - globals.py:552)
DEBUG:- F.SilkS color: White (kibot.globals - globals.py:500)
DEBUG:- F.Mask color: Blue (kibot.globals - globals.py:508)
DEBUG:- B.Mask color: Blue (kibot.globals - globals.py:512)
DEBUG:- B.SilkS color: White (kibot.globals - globals.py:504)
DEBUG:- Copper finish: None (kibot.globals - globals.py:567)
DEBUG:- Impedance controlled: no (kibot.globals - globals.py:579)
DEBUG:- PCB Material/s: FR4 (kibot.globals - globals.py:588)
DEBUG:- Copper thickness: 35 (kibot.globals - globals.py:590)
DEBUG:Parsing filter `assembly_bom_top_only` (generic) (kibot - config_reader.py:254)
DEBUG:Parsing filter `assembly_bom_bottom_only` (generic) (kibot - config_reader.py:254)
DEBUG:Parsing preflight options: {'set_text_variables': [{'name': 'CONTENTS_LABEL', 'text': 'Contents'}], 'erc': {'dont_stop': True, 'dir': 'reports', 'format': ['HTML', 'JSON'], 'output': '%f-erc.%x'}, 'drc': {'dont_stop': True, 'dir': 'reports', 'format': ['HTML', 'JSON'], 'output': '%f-drc.%x'}, 'draw_fancy_stackup': {'layer': 'FabricationNotes', 'group_name': 'stackup'}} (kibot - config_reader.py:285)
DEBUG:Parsing preflight set_text_variables (kibot - config_reader.py:294)
DEBUG:Parsing preflight erc (kibot - config_reader.py:294)
DEBUG:Parsing preflight drc (kibot - config_reader.py:294)
DEBUG:Parsing preflight draw_fancy_stackup (kibot - config_reader.py:294)
DEBUG:Pre-parsing output options for `blender_render` (blender_export) (kibot - config_reader.py:171)
DEBUG:Pre-parsing output options for `blender_top` (blender_export) (kibot - config_reader.py:171)
DEBUG:Pre-parsing output options for `blender_bottom` (blender_export) (kibot - config_reader.py:171)
DEBUG:Pre-parsing output options for `blender_angled_top` (blender_export) (kibot - config_reader.py:171)
DEBUG:Pre-parsing output options for `blender_angled_bottom` (blender_export) (kibot - config_reader.py:171)
DEBUG:Pre-parsing output options for `blender_bare_top` (blender_export) (kibot - config_reader.py:171)
DEBUG:Pre-parsing output options for `blender_bare_bottom` (blender_export) (kibot - config_reader.py:171)
DEBUG:Pre-parsing output options for `schematic_pdf` (pdf_sch_print) (kibot - config_reader.py:171)
DEBUG:Pre-parsing output options for `drillmap` (excellon) (kibot - config_reader.py:171)
DEBUG:Pre-parsing output options for `pcb_fabrication_pdf` (pcb_print) (kibot - config_reader.py:171)
DEBUG:Pre-parsing output options for `parts_count_top` (report) (kibot - config_reader.py:171)
DEBUG:Pre-parsing output options for `parts_count_bottom` (report) (kibot - config_reader.py:171)
DEBUG:Pre-parsing output options for `assembly_bom_top` (bom) (kibot - config_reader.py:171)
DEBUG:Pre-parsing output options for `assembly_bom_bottom` (bom) (kibot - config_reader.py:171)
DEBUG:Pre-parsing output options for `pcb_assembly_pdf` (pcb_print) (kibot - config_reader.py:171)
DEBUG:Pre-parsing output options for `fabrication_gerbers` (gerber) (kibot - config_reader.py:171)
DEBUG:Pre-parsing output options for `fabrication_drills` (excellon) (kibot - config_reader.py:171)
DEBUG:Pre-parsing output options for `bom_csv` (bom) (kibot - config_reader.py:171)
DEBUG:Pre-parsing output options for `bom_xlsx` (bom) (kibot - config_reader.py:171)
DEBUG:Pre-parsing output options for `interactive_bom` (ibom) (kibot - config_reader.py:171)
DEBUG:Pre-parsing output options for `pick_and_place` (position) (kibot - config_reader.py:171)
DEBUG:Pre-parsing output options for `board_step` (export_3d) (kibot - config_reader.py:171)
DEBUG:Importing variants from the schematic (kibot - var_kicad.py:74)
DEBUG:Mapping schematic `ktest.kicad_sch` to UUID `f14ff7c3-fe34-4697-84b8-3cc06a5a3565` found in `/work/ktest.kicad_pro` (kibot - kiplot.py:319)
DEBUG:Loading sheet from /work/ktest.kicad_sch (kibot - v6_sch.py:2900)
DEBUG:Current text variables: {'DRAWING_NUMBER': 'NA', 'DRAWN': 'FLR', 'MATURITY': 'Concept', 'PROJECT': 'PROJNAME', 'RELEASED': 'FLR', 'REVIEWED': 'FLR', 'SHEET_TITLE_1': '', 'SHEET_TITLE_10': '', 'SHEET_TITLE_11': '', 'SHEET_TITLE_12': '', 'SHEET_TITLE_13': '', 'SHEET_TITLE_14': '', 'SHEET_TITLE_15': '', 'SHEET_TITLE_16': '', 'SHEET_TITLE_17': '', 'SHEET_TITLE_18': '', 'SHEET_TITLE_19': '', 'SHEET_TITLE_2': '', 'SHEET_TITLE_20': '', 'SHEET_TITLE_21': '', 'SHEET_TITLE_22': '', 'SHEET_TITLE_23': '', 'SHEET_TITLE_24': '', 'SHEET_TITLE_25': '', 'SHEET_TITLE_26': '', 'SHEET_TITLE_27': '', 'SHEET_TITLE_28': '', 'SHEET_TITLE_29': '', 'SHEET_TITLE_3': '', 'SHEET_TITLE_30': '', 'SHEET_TITLE_4': '', 'SHEET_TITLE_5': '', 'SHEET_TITLE_6': '', 'SHEET_TITLE_7': '', 'SHEET_TITLE_8': '', 'SHEET_TITLE_9': ''} (kibot.gs - gs.py:302)
DEBUG:SCH title: `1 kV strobe` (kibot - v6_sch.py:2466)
DEBUG:SCH date: `2026-10-06` (kibot - v6_sch.py:2467)
DEBUG:SCH revision: `0.0.1` (kibot - v6_sch.py:2468)
DEBUG:SCH company: `Example company` (kibot - v6_sch.py:2469)
DEBUG:Loading sheet from /work/System_overview.kicad_sch (kibot - v6_sch.py:2900)
DEBUG:Loading sheet from /work/Interface_servomotor.kicad_sch (kibot - v6_sch.py:2900)
DEBUG:Loading sheet from /work/Interface_Power_supply.kicad_sch (kibot - v6_sch.py:2900)
DEBUG:Loading sheet from /work/Block_diagram.kicad_sch (kibot - v6_sch.py:2900)
DEBUG:Loading sheet from /work/Interface_Limit_switches.kicad_sch (kibot - v6_sch.py:2900)
WARNING:(W188) Schematic page number `4` is not defined (kibot - v6_sch.py:2894)
WARNING:(W188) Schematic page number `5` is not defined (kibot - v6_sch.py:2894)
WARNING:(W188) Schematic page number `6` is not defined (kibot - v6_sch.py:2894)
WARNING:(W188) Schematic page number `7` is not defined (kibot - v6_sch.py:2894)
WARNING:(W188) Schematic page number `8` is not defined (kibot - v6_sch.py:2894)
WARNING:(W188) Schematic page number `9` is not defined (kibot - v6_sch.py:2894)
DEBUG:No font resources dir (kibot - kiplot.py:1378)
DEBUG:No color resources dir (kibot - kiplot.py:1399)
DEBUG:Starting outputs for board /work/ktest.kicad_pcb (kibot - kiplot.py:786)
DEBUG:Outputs before preflights: ['blender_top', 'blender_bottom', 'blender_angled_top', 'blender_angled_bottom', 'blender_bare_top', 'blender_bare_bottom', 'schematic_pdf', 'drillmap', 'pcb_fabrication_pdf', 'parts_count_top', 'parts_count_bottom', 'assembly_bom_top', 'assembly_bom_bottom', 'pcb_assembly_pdf', 'fabrication_gerbers', 'fabrication_drills', 'bom_csv', 'bom_xlsx', 'interactive_bom', 'pick_and_place', 'board_step'] (kibot - kiplot.py:833)
DEBUG:Preflight checks (kibot - kiplot.py:657)
DEBUG:Configuring preflight set_text_variables (kibot.pre_base - pre_base.py:145)
DEBUG:Configuring preflight erc (kibot.pre_base - pre_base.py:145)
DEBUG:Configuring preflight drc (kibot.pre_base - pre_base.py:145)
DEBUG:Configuring preflight draw_fancy_stackup (kibot.pre_base - pre_base.py:145)
DEBUG:Board loaded (kibot - kiplot.py:291)
DEBUG:Preflight apply set_text_variables (kibot.pre_base - pre_base.py:161)
DEBUG:- Current variables: {'DRAWING_NUMBER': 'NA', 'DRAWN': 'FLR', 'MATURITY': 'Concept', 'PROJECT': 'PROJNAME', 'RELEASED': 'FLR', 'REVIEWED': 'FLR', 'SHEET_TITLE_1': '1 kV strobe', 'SHEET_TITLE_10': 'Interface_Power_supply', 'SHEET_TITLE_11': 'Interface_servomotor', 'SHEET_TITLE_12': 'Interface_Limit_switches', 'SHEET_TITLE_13': '', 'SHEET_TITLE_14': '', 'SHEET_TITLE_15': '', 'SHEET_TITLE_16': '', 'SHEET_TITLE_17': '', 'SHEET_TITLE_18': '', 'SHEET_TITLE_19': '', 'SHEET_TITLE_2': 'System_overview', 'SHEET_TITLE_20': '', 'SHEET_TITLE_21': '', 'SHEET_TITLE_22': '', 'SHEET_TITLE_23': '', 'SHEET_TITLE_24': '', 'SHEET_TITLE_25': '', 'SHEET_TITLE_26': '', 'SHEET_TITLE_27': '', 'SHEET_TITLE_28': '', 'SHEET_TITLE_29': '', 'SHEET_TITLE_3': 'Block_diagram', 'SHEET_TITLE_30': '', 'SHEET_TITLE_4': '', 'SHEET_TITLE_5': '', 'SHEET_TITLE_6': '', 'SHEET_TITLE_7': '', 'SHEET_TITLE_8': '', 'SHEET_TITLE_9': '', 'SHEET_TITLE_31': '', 'SHEET_TITLE_32': '', 'SHEET_TITLE_33': '', 'SHEET_TITLE_34': '', 'SHEET_TITLE_35': '', 'SHEET_TITLE_36': '', 'SHEET_TITLE_37': '', 'SHEET_TITLE_38': '', 'SHEET_TITLE_39': '', 'SHEET_TITLE_40': ''} (kibot - pre_set_text_variables.py:141)
DEBUG:  - CONTENTS_LABEL -> Contents (kibot - pre_set_text_variables.py:173)
DEBUG:- Expanding %X patterns in variables (kibot - pre_set_text_variables.py:175)
DEBUG:- New list of variables: {'DRAWING_NUMBER': 'NA', 'DRAWN': 'FLR', 'MATURITY': 'Concept', 'PROJECT': 'PROJNAME', 'RELEASED': 'FLR', 'REVIEWED': 'FLR', 'SHEET_TITLE_1': '1 kV strobe', 'SHEET_TITLE_10': 'Interface_Power_supply', 'SHEET_TITLE_11': 'Interface_servomotor', 'SHEET_TITLE_12': 'Interface_Limit_switches', 'SHEET_TITLE_13': '', 'SHEET_TITLE_14': '', 'SHEET_TITLE_15': '', 'SHEET_TITLE_16': '', 'SHEET_TITLE_17': '', 'SHEET_TITLE_18': '', 'SHEET_TITLE_19': '', 'SHEET_TITLE_2': 'System_overview', 'SHEET_TITLE_20': '', 'SHEET_TITLE_21': '', 'SHEET_TITLE_22': '', 'SHEET_TITLE_23': '', 'SHEET_TITLE_24': '', 'SHEET_TITLE_25': '', 'SHEET_TITLE_26': '', 'SHEET_TITLE_27': '', 'SHEET_TITLE_28': '', 'SHEET_TITLE_29': '', 'SHEET_TITLE_3': 'Block_diagram', 'SHEET_TITLE_30': '', 'SHEET_TITLE_4': '', 'SHEET_TITLE_5': '', 'SHEET_TITLE_6': '', 'SHEET_TITLE_7': '', 'SHEET_TITLE_8': '', 'SHEET_TITLE_9': '', 'SHEET_TITLE_31': '', 'SHEET_TITLE_32': '', 'SHEET_TITLE_33': '', 'SHEET_TITLE_34': '', 'SHEET_TITLE_35': '', 'SHEET_TITLE_36': '', 'SHEET_TITLE_37': '', 'SHEET_TITLE_38': '', 'SHEET_TITLE_39': '', 'SHEET_TITLE_40': '', 'CONTENTS_LABEL': 'Contents'} (kibot - pre_set_text_variables.py:184)
DEBUG:Forcing PCB text variables reset (kibot - pre_set_text_variables.py:195)
DEBUG:Preflight apply erc (kibot.pre_base - pre_base.py:161)
DEBUG:Preflight apply drc (kibot.pre_base - pre_base.py:161)
DEBUG:Preflight apply draw_fancy_stackup (kibot.pre_base - pre_base.py:161)
DEBUG:Current PCB text variables cache: [(wxString('DRAWING_NUMBER'), wxString('NA')), (wxString('DRAWN'), wxString('FLR')), (wxString('MATURITY'), wxString('Concept')), (wxString('PROJECT'), wxString('PROJNAME')), (wxString('RELEASED'), wxString('FLR')), (wxString('REVIEWED'), wxString('FLR')), (wxString('SHEET_TITLE_1'), wxString('')), (wxString('SHEET_TITLE_10'), wxString('')), (wxString('SHEET_TITLE_11'), wxString('')), (wxString('SHEET_TITLE_12'), wxString('')), (wxString('SHEET_TITLE_13'), wxString('')), (wxString('SHEET_TITLE_14'), wxString('')), (wxString('SHEET_TITLE_15'), wxString('')), (wxString('SHEET_TITLE_16'), wxString('')), (wxString('SHEET_TITLE_17'), wxString('')), (wxString('SHEET_TITLE_18'), wxString('')), (wxString('SHEET_TITLE_19'), wxString('')), (wxString('SHEET_TITLE_2'), wxString('')), (wxString('SHEET_TITLE_20'), wxString('')), (wxString('SHEET_TITLE_21'), wxString('')), (wxString('SHEET_TITLE_22'), wxString('')), (wxString('SHEET_TITLE_23'), wxString('')), (wxString('SHEET_TITLE_24'), wxString('')), (wxString('SHEET_TITLE_25'), wxString('')), (wxString('SHEET_TITLE_26'), wxString('')), (wxString('SHEET_TITLE_27'), wxString('')), (wxString('SHEET_TITLE_28'), wxString('')), (wxString('SHEET_TITLE_29'), wxString('')), (wxString('SHEET_TITLE_3'), wxString('')), (wxString('SHEET_TITLE_30'), wxString('')), (wxString('SHEET_TITLE_4'), wxString('')), (wxString('SHEET_TITLE_5'), wxString('')), (wxString('SHEET_TITLE_6'), wxString('')), (wxString('SHEET_TITLE_7'), wxString('')), (wxString('SHEET_TITLE_8'), wxString('')), (wxString('SHEET_TITLE_9'), wxString(''))] (kibot - kiplot.py:244)
DEBUG:Removing cached text variables (kibot - kiplot.py:253)
DEBUG:Reloading the PCB to workaround KiCad bug #14360 (kibot - kiplot.py:259)
DEBUG:Board loaded (kibot - kiplot.py:291)
DEBUG:Drawing stackup (kibot - pre_draw_fancy_stackup.py:670)
DEBUG:- Found group @165.0,40.0 mm (100.0x80.0 mm) layer 53 (kibot - pre_draw_fancy_stackup.py:682)
DEBUG:Preflight run set_text_variables (kibot.pre_base - pre_base.py:165)
DEBUG:Preflight run erc (kibot.pre_base - pre_base.py:165)
DEBUG:Filtered warning: (W008) Unable to find KiCad configuration file `/root/.config/kicad/10.0/kicad_common.json` (kibot - log.py:130)
DEBUG:Using KICAD10_SYMBOL_DIR="/usr/share/kicad/symbols" (guessed) (kibot - config.py:433)
DEBUG:Using KICAD10_TEMPLATE_DIR="/usr/share/kicad/template" (guessed) (kibot - config.py:433)
DEBUG:Filtered warning: (W010) Unable to find KiCad user templates (kibot - log.py:130)
DEBUG:Using KICAD10_FOOTPRINT_DIR="/usr/share/kicad/footprints" (guessed) (kibot - config.py:433)
DEBUG:Filtered warning: (W010) Unable to find KiCad 3D models (kibot - log.py:130)
DEBUG:Using KICAD10_3RD_PARTY="/root/.local/share/kicad/10.0/3rdparty" (guessed) (kibot - config.py:433)
DEBUG:Exporting KIPRJMOD="/work" (kibot - config.py:479)
DEBUG:Also exporting KICAD6_SYMBOL_DIR="/usr/share/kicad/symbols" (kibot - config.py:487)
DEBUG:Also exporting KICAD7_SYMBOL_DIR="/usr/share/kicad/symbols" (kibot - config.py:487)
DEBUG:Also exporting KICAD8_SYMBOL_DIR="/usr/share/kicad/symbols" (kibot - config.py:487)
DEBUG:Also exporting KICAD9_SYMBOL_DIR="/usr/share/kicad/symbols" (kibot - config.py:487)
DEBUG:Also exporting KICAD6_TEMPLATE_DIR="/usr/share/kicad/template" (kibot - config.py:487)
DEBUG:Also exporting KICAD7_TEMPLATE_DIR="/usr/share/kicad/template" (kibot - config.py:487)
DEBUG:Also exporting KICAD8_TEMPLATE_DIR="/usr/share/kicad/template" (kibot - config.py:487)
DEBUG:Also exporting KICAD9_TEMPLATE_DIR="/usr/share/kicad/template" (kibot - config.py:487)
DEBUG:Also exporting KICAD6_FOOTPRINT_DIR="/usr/share/kicad/footprints" (kibot - config.py:487)
DEBUG:Also exporting KICAD7_FOOTPRINT_DIR="/usr/share/kicad/footprints" (kibot - config.py:487)
DEBUG:Also exporting KICAD8_FOOTPRINT_DIR="/usr/share/kicad/footprints" (kibot - config.py:487)
DEBUG:Also exporting KICAD9_FOOTPRINT_DIR="/usr/share/kicad/footprints" (kibot - config.py:487)
DEBUG:Also exporting KICAD6_3RD_PARTY="/root/.local/share/kicad/10.0/3rdparty" (kibot - config.py:487)
DEBUG:Also exporting KICAD7_3RD_PARTY="/root/.local/share/kicad/10.0/3rdparty" (kibot - config.py:487)
DEBUG:Also exporting KICAD8_3RD_PARTY="/root/.local/share/kicad/10.0/3rdparty" (kibot - config.py:487)
DEBUG:Also exporting KICAD9_3RD_PARTY="/root/.local/share/kicad/10.0/3rdparty" (kibot - config.py:487)
- Running the ERC
DEBUG:- Executing: kicad-cli sch erc -o /work/output/reports/ktest-erc.html --format json --severity-all --units mm /work/ktest.kicad_sch (kibot - kiplot.py:161)
DEBUG:- Output from command: Found 142 violations
Saved ERC Report to /work/output/reports/ktest-erc.html
 (kibot - kiplot.py:152)
DEBUG:Removing temporal files (kibot.pre_any_xrc - pre_any_xrc.py:361)
WARNING:(W142) 142 ERC warnings detected (kibot.pre_erc - pre_erc.py:148)
WARNING:(W142) (lib_symbol_issues) The current configuration does not include the symbol library 'personal'
    @(3.1242 mm, 0.3937 mm): Symbol Pwr01 [Cosmetic_PWR]
    Sheet: / (kibot.pre_erc - pre_erc.py:148)
WARNING:(W142) (lib_symbol_issues) The current configuration does not include the symbol library 'personal'
    @(3.1242 mm, 0.508 mm): Symbol Pwr02 [Cosmetic_GND]
    Sheet: / (kibot.pre_erc - pre_erc.py:148)
WARNING:(W142) (lib_symbol_issues) The current configuration does not include the symbol library 'personal'
    @(3.1369 mm, 1.3335 mm): Symbol Pwr03 [Cosmetic_PWR]
    Sheet: / (kibot.pre_erc - pre_erc.py:148)
WARNING:(W142) (lib_symbol_issues) The current configuration does not include the symbol library 'personal'
    @(3.1496 mm, 1.4478 mm): Symbol Pwr04 [Cosmetic_GND]
    Sheet: / (kibot.pre_erc - pre_erc.py:148)
WARNING:(W142) (lib_symbol_issues) The current configuration does not include the symbol library 'personal'
    @(3.1877 mm, 1.143 mm): Symbol Pwr05 [Cosmetic_GND]
    Sheet: / (kibot.pre_erc - pre_erc.py:148)
WARNING:(W142) (lib_symbol_issues) The current configuration does not include the symbol library 'personal'
    @(3.2385 mm, 0.8255 mm): Symbol Pwr06 [Cosmetic_PWR]
    Sheet: / (kibot.pre_erc - pre_erc.py:148)
WARNING:(W142) (footprint_link_issues) The current configuration does not include the footprint library 'Personal'
    @(3.2512 mm, 0.3429 mm): Symbol TFT1 [TFT_2.8_IN_320x240]
    Sheet: / (kibot.pre_erc - pre_erc.py:148)
WARNING:(W142) (lib_symbol_issues) The current configuration does not include the symbol library 'personal'
    @(3.2512 mm, 0.3429 mm): Symbol TFT1 [TFT_2.8_IN_320x240]
    Sheet: / (kibot.pre_erc - pre_erc.py:148)
WARNING:(W142) (lib_symbol_issues) The current configuration does not include the symbol library 'personal'
    @(3.2639 mm, 1.143 mm): Symbol Pwr07 [Cosmetic_GND]
    Sheet: / (kibot.pre_erc - pre_erc.py:148)
WARNING:(W142) (lib_symbol_issues) The current configuration does not include the symbol library 'personal'
    @(3.2639 mm, 1.4478 mm): Symbol Pwr08 [Cosmetic_GND]
    Sheet: / (kibot.pre_erc - pre_erc.py:148)
WARNING:(W142) (lib_symbol_issues) The current configuration does not include the symbol library 'personal'
    @(3.3528 mm, 0.8255 mm): Symbol Pwr09 [Cosmetic_PWR]
    Sheet: / (kibot.pre_erc - pre_erc.py:148)
WARNING:(W142) (lib_symbol_issues) The current configuration does not include the symbol library 'personal'
    @(3.3782 mm, 1.143 mm): Symbol Pwr010 [Cosmetic_GND]
    Sheet: / (kibot.pre_erc - pre_erc.py:148)
WARNING:(W142) (lib_symbol_issues) The current configuration does not include the symbol library 'personal'
    @(3.3782 mm, 1.4478 mm): Symbol Pwr011 [Cosmetic_GND]
    Sheet: / (kibot.pre_erc - pre_erc.py:148)
WARNING:(W142) (lib_symbol_issues) The current configuration does not include the symbol library 'personal'
    @(3.429 mm, 0.254 mm): Symbol P1 [Cosmetic_OUT]
    Sheet: / (kibot.pre_erc - pre_erc.py:148)
WARNING:(W142) (lib_symbol_issues) The current configuration does not include the symbol library 'personal'
    @(3.429 mm, 0.2794 mm): Symbol P2 [Cosmetic_OUT]
    Sheet: / (kibot.pre_erc - pre_erc.py:148)
WARNING:(W142) (lib_symbol_issues) The current configuration does not include the symbol library 'personal'
    @(3.429 mm, 0.3048 mm): Symbol P3 [Cosmetic_IN]
    Sheet: / (kibot.pre_erc - pre_erc.py:148)
WARNING:(W142) (lib_symbol_issues) The current configuration does not include the symbol library 'personal'
    @(3.429 mm, 0.3302 mm): Symbol P4 [Cosmetic_IN]
    Sheet: / (kibot.pre_erc - pre_erc.py:148)
WARNING:(W142) (lib_symbol_issues) The current configuration does not include the symbol library 'personal'
    @(3.429 mm, 0.3556 mm): Symbol P5 [Cosmetic_IN]
    Sheet: / (kibot.pre_erc - pre_erc.py:148)
WARNING:(W142) (lib_symbol_issues) The current configuration does not include the symbol library 'personal'
    @(3.429 mm, 0.381 mm): Symbol P6 [Cosmetic_OUT]
    Sheet: / (kibot.pre_erc - pre_erc.py:148)
WARNING:(W142) (lib_symbol_issues) The current configuration does not include the symbol library 'personal'
    @(3.429 mm, 0.4318 mm): Symbol P7 [Cosmetic_IN]
    Sheet: / (kibot.pre_erc - pre_erc.py:148)
WARNING:(W142) (lib_symbol_issues) The current configuration does not include the symbol library 'personal'
    @(3.429 mm, 0.4572 mm): Symbol P8 [Cosmetic_IN]
    Sheet: / (kibot.pre_erc - pre_erc.py:148)
WARNING:(W142) (lib_symbol_issues) The current configuration does not include the symbol library 'personal'
    @(3.429 mm, 0.4826 mm): Symbol P9 [Cosmetic_IN]
    Sheet: / (kibot.pre_erc - pre_erc.py:148)
WARNING:(W142) (lib_symbol_issues) The current configuration does not include the symbol library 'personal'
    @(3.429 mm, 0.508 mm): Symbol P10 [Cosmetic_IN]
    Sheet: / (kibot.pre_erc - pre_erc.py:148)
WARNING:(W142) (lib_symbol_issues) The current configuration does not include the symbol library 'personal'
    @(3.429 mm, 0.5334 mm): Symbol P11 [Cosmetic_IN]
    Sheet: / (kibot.pre_erc - pre_erc.py:148)
WARNING:(W142) (lib_symbol_issues) The current configuration does not include the symbol library 'personal'
    @(3.4544 mm, 1.7272 mm): Symbol Pwr012 [Cosmetic_GND]
    Sheet: / (kibot.pre_erc - pre_erc.py:148)
WARNING:(W142) (lib_symbol_issues) The current configuration does not include the symbol library 'personal'
    @(3.4925 mm, 1.143 mm): Symbol Pwr068 [Cosmetic_GND]
    Sheet: / (kibot.pre_erc - pre_erc.py:148)
WARNING:(W142) (lib_symbol_issues) The current configuration does not include the symbol library 'personal'
    @(3.5814 mm, 1.143 mm): Symbol Pwr013 [Cosmetic_GND]
    Sheet: / (kibot.pre_erc - pre_erc.py:148)
WARNING:(W142) (footprint_link_issues) The current configuration does not include the footprint library 'Personal'
    @(3.6322 mm, 0.254 mm): Symbol JP1 [R]
    Sheet: / (kibot.pre_erc - pre_erc.py:148)
WARNING:(W142) (footprint_link_issues) The current configuration does not include the footprint library 'Personal'
    @(3.6322 mm, 0.2794 mm): Symbol JP2 [R]
    Sheet: / (kibot.pre_erc - pre_erc.py:148)
WARNING:(W142) (footprint_link_issues) The current configuration does not include the footprint library 'Personal'
    @(3.6322 mm, 0.3048 mm): Symbol JP3 [R]
    Sheet: / (kibot.pre_erc - pre_erc.py:148)
WARNING:(W142) (footprint_link_issues) The current configuration does not include the footprint library 'Personal'
    @(3.6322 mm, 0.4572 mm): Symbol JP8 [R]
    Sheet: / (kibot.pre_erc - pre_erc.py:148)
WARNING:(W142) (footprint_link_issues) The current configuration does not include the footprint library 'Personal'
    @(3.6322 mm, 0.508 mm): Symbol JP10 [R]
    Sheet: / (kibot.pre_erc - pre_erc.py:148)
WARNING:(W142) (footprint_link_issues) The current configuration does not include the footprint library 'Personal'
    @(3.6322 mm, 0.5334 mm): Symbol JP11 [R]
    Sheet: / (kibot.pre_erc - pre_erc.py:148)
WARNING:(W142) (lib_symbol_issues) The current configuration does not include the symbol library 'personal'
    @(3.6449 mm, 1.7272 mm): Symbol Pwr014 [Cosmetic_GND]
    Sheet: / (kibot.pre_erc - pre_erc.py:148)
WARNING:(W142) (lib_symbol_issues) The current configuration does not include the symbol library 'personal'
    @(3.6576 mm, 0.5842 mm): Symbol Pwr015 [Cosmetic_GND]
    Sheet: / (kibot.pre_erc - pre_erc.py:148)
WARNING:(W142) (lib_symbol_issues) The current configuration does not include the symbol library 'personal'
    @(3.6576 mm, 1.524 mm): Symbol U1 [LMR380x0]
    Sheet: / (kibot.pre_erc - pre_erc.py:148)
WARNING:(W142) (lib_symbol_issues) The current configuration does not include the symbol library 'personal'
    @(3.6957 mm, 1.143 mm): Symbol Pwr016 [Cosmetic_GND]
    Sheet: / (kibot.pre_erc - pre_erc.py:148)
WARNING:(W142) (lib_symbol_issues) The current configuration does not include the symbol library 'personal'
    @(3.6957 mm, 1.7272 mm): Symbol Pwr017 [Cosmetic_GND]
    Sheet: / (kibot.pre_erc - pre_erc.py:148)
WARNING:(W142) (lib_symbol_issues) The current configuration does not include the symbol library 'personal'
    @(3.7973 mm, 0.9398 mm): Symbol P12 [Cosmetic_OUT]
    Sheet: / (kibot.pre_erc - pre_erc.py:148)
WARNING:(W142) (lib_symbol_issues) The current configuration does not include the symbol library 'personal'
    @(3.7973 mm, 1.016 mm): Symbol P13 [Cosmetic_OUT]
    Sheet: / (kibot.pre_erc - pre_erc.py:148)
WARNING:(W142) (lib_symbol_issues) The current configuration does not include the symbol library 'personal'
    @(3.9624 mm, 1.7272 mm): Symbol Pwr067 [Cosmetic_GND]
    Sheet: / (kibot.pre_erc - pre_erc.py:148)
WARNING:(W142) (lib_symbol_issues) The current configuration does not include the symbol library 'personal'
    @(4.0132 mm, 0.8509 mm): Symbol Pwr018 [Cosmetic_GND]
    Sheet: / (kibot.pre_erc - pre_erc.py:148)
WARNING:(W142) (footprint_link_issues) The current configuration does not include the footprint library 'Personal'
    @(4.0386 mm, 1.524 mm): Symbol L1 [L]
    Sheet: / (kibot.pre_erc - pre_erc.py:148)
WARNING:(W142) (lib_symbol_issues) The current configuration does not include the symbol library 'personal'
    @(4.0513 mm, 0.3048 mm): Symbol Pwr019 [Cosmetic_PWR]
    Sheet: / (kibot.pre_erc - pre_erc.py:148)
WARNING:(W142) (lib_symbol_issues) The current configuration does not include the symbol library 'personal'
    @(4.0767 mm, 0.4191 mm): Symbol Pwr020 [Cosmetic_GND]
    Sheet: / (kibot.pre_erc - pre_erc.py:148)
WARNING:(W142) (lib_symbol_issues) The current configuration does not include the symbol library 'personal'
    @(4.1021 mm, 0.8509 mm): Symbol Pwr021 [Cosmetic_GND]
    Sheet: / (kibot.pre_erc - pre_erc.py:148)
WARNING:(W142) (lib_symbol_issues) The current configuration does not include the symbol library 'personal'
    @(4.191 mm, 0.4191 mm): Symbol Pwr022 [Cosmetic_GND]
    Sheet: / (kibot.pre_erc - pre_erc.py:148)
WARNING:(W142) (lib_symbol_issues) The current configuration does not include the symbol library 'personal'
    @(4.191 mm, 0.8509 mm): Symbol Pwr023 [Cosmetic_GND]
    Sheet: / (kibot.pre_erc - pre_erc.py:148)
WARNING:(W142) (lib_symbol_issues) The current configuration does not include the symbol library 'personal'
    @(4.2037 mm, 1.7272 mm): Symbol Pwr024 [Cosmetic_GND]
    Sheet: / (kibot.pre_erc - pre_erc.py:148)
WARNING:(W142) (lib_symbol_issues) The current configuration does not include the symbol library 'personal'
    @(4.2926 mm, 1.7272 mm): Symbol Pwr025 [Cosmetic_GND]
    Sheet: / (kibot.pre_erc - pre_erc.py:148)
WARNING:(W142) (lib_symbol_issues) The current configuration does not include the symbol library 'personal'
    @(4.3434 mm, 0.5334 mm): Symbol Pwr026 [Cosmetic_PWR]
    Sheet: / (kibot.pre_erc - pre_erc.py:148)
WARNING:(W142) (lib_symbol_issues) The current configuration does not include the symbol library 'personal'
    @(4.3434 mm, 0.5969 mm): Symbol P14 [Cosmetic_IN]
    Sheet: / (kibot.pre_erc - pre_erc.py:148)
WARNING:(W142) (lib_symbol_issues) The current configuration does not include the symbol library 'personal'
    @(4.3434 mm, 0.7239 mm): Symbol P15 [Cosmetic_OUT]
    Sheet: / (kibot.pre_erc - pre_erc.py:148)
WARNING:(W142) (lib_symbol_issues) The current configuration does not include the symbol library 'personal'
    @(4.3434 mm, 0.7493 mm): Symbol P16 [Cosmetic_OUT]
    Sheet: / (kibot.pre_erc - pre_erc.py:148)
WARNING:(W142) (lib_symbol_issues) The current configuration does not include the symbol library 'personal'
    @(4.3434 mm, 0.7747 mm): Symbol P17 [Cosmetic_IN]
    Sheet: / (kibot.pre_erc - pre_erc.py:148)
WARNING:(W142) (lib_symbol_issues) The current configuration does not include the symbol library 'personal'
    @(4.3434 mm, 0.8001 mm): Symbol P18 [Cosmetic_IN]
    Sheet: / (kibot.pre_erc - pre_erc.py:148)
WARNING:(W142) (lib_symbol_issues) The current configuration does not include the symbol library 'personal'
    @(4.3434 mm, 0.8255 mm): Symbol P19 [Cosmetic_IN]
    Sheet: / (kibot.pre_erc - pre_erc.py:148)
WARNING:(W142) (lib_symbol_issues) The current configuration does not include the symbol library 'personal'
    @(4.3434 mm, 0.8509 mm): Symbol P20 [Cosmetic_IN]
    Sheet: / (kibot.pre_erc - pre_erc.py:148)
WARNING:(W142) (lib_symbol_issues) The current configuration does not include the symbol library 'personal'
    @(4.3942 mm, 0.4191 mm): Symbol Pwr027 [Cosmetic_GND]
    Sheet: / (kibot.pre_erc - pre_erc.py:148)
WARNING:(W142) (lib_symbol_issues) The current configuration does not include the symbol library 'personal'
    @(4.3942 mm, 1.7272 mm): Symbol Pwr028 [Cosmetic_GND]
    Sheet: / (kibot.pre_erc - pre_erc.py:148)
WARNING:(W142) (lib_symbol_issues) The current configuration does not include the symbol library 'personal'
    @(4.4577 mm, 1.1049 mm): Symbol Pwr029 [Cosmetic_GND]
    Sheet: / (kibot.pre_erc - pre_erc.py:148)
WARNING:(W142) (lib_symbol_issues) The current configuration does not include the symbol library 'personal'
    @(4.4958 mm, 1.7272 mm): Symbol Pwr030 [Cosmetic_GND]
    Sheet: / (kibot.pre_erc - pre_erc.py:148)
WARNING:(W142) (lib_symbol_issues) The current configuration does not include the symbol library 'personal'
    @(4.5085 mm, 0.4191 mm): Symbol Pwr031 [Cosmetic_GND]
    Sheet: / (kibot.pre_erc - pre_erc.py:148)
WARNING:(W142) (footprint_link_issues) The current configuration does not include the footprint library 'Personal'
    @(4.5593 mm, 1.524 mm): Symbol JP12 [R]
    Sheet: / (kibot.pre_erc - pre_erc.py:148)
WARNING:(W142) (lib_symbol_issues) The current configuration does not include the symbol library 'personal'
    @(4.6101 mm, 1.7272 mm): Symbol Pwr066 [Cosmetic_GND]
    Sheet: / (kibot.pre_erc - pre_erc.py:148)
WARNING:(W142) (lib_symbol_issues) The current configuration does not include the symbol library 'personal'
    @(4.6228 mm, 1.1049 mm): Symbol Pwr032 [Cosmetic_GND]
    Sheet: / (kibot.pre_erc - pre_erc.py:148)
WARNING:(W142) (lib_symbol_issues) The current configuration does not include the symbol library 'personal'
    @(4.6736 mm, 1.1049 mm): Symbol Pwr033 [Cosmetic_GND]
    Sheet: / (kibot.pre_erc - pre_erc.py:148)
WARNING:(W142) (lib_symbol_issues) The current configuration does not include the symbol library 'personal'
    @(4.6736 mm, 1.5113 mm): Symbol Pwr034 [Cosmetic_PWR_SRC]
    Sheet: / (kibot.pre_erc - pre_erc.py:148)
WARNING:(W142) (footprint_link_issues) The current configuration does not include the footprint library 'Personal'
    @(4.699 mm, 0.3175 mm): Symbol JP13 [R]
    Sheet: / (kibot.pre_erc - pre_erc.py:148)
WARNING:(W142) (lib_symbol_issues) The current configuration does not include the symbol library 'personal'
    @(4.8641 mm, 0.4318 mm): Symbol Pwr035 [Cosmetic_GND]
    Sheet: / (kibot.pre_erc - pre_erc.py:148)
WARNING:(W142) (lib_symbol_issues) The current configuration does not include the symbol library 'personal'
    @(4.8895 mm, 1.3716 mm): Symbol Pwr036 [Cosmetic_PWR]
    Sheet: / (kibot.pre_erc - pre_erc.py:148)
WARNING:(W142) (lib_symbol_issues) The current configuration does not include the symbol library 'personal'
    @(4.9022 mm, 1.4097 mm): Symbol Pwr037 [Cosmetic_GND]
    Sheet: / (kibot.pre_erc - pre_erc.py:148)
WARNING:(W142) (lib_symbol_issues) The current configuration does not include the symbol library 'personal'
    @(4.9022 mm, 1.4351 mm): Symbol P21 [Cosmetic_IN]
    Sheet: / (kibot.pre_erc - pre_erc.py:148)
WARNING:(W142) (lib_symbol_issues) The current configuration does not include the symbol library 'personal'
    @(4.9022 mm, 1.4605 mm): Symbol P22 [Cosmetic_OUT]
    Sheet: / (kibot.pre_erc - pre_erc.py:148)
WARNING:(W142) (lib_symbol_issues) The current configuration does not include the symbol library 'personal'
    @(4.9276 mm, 0.5969 mm): Symbol P23 [Cosmetic_IN]
    Sheet: / (kibot.pre_erc - pre_erc.py:148)
WARNING:(W142) (lib_symbol_issues) The current configuration does not include the symbol library 'personal'
    @(4.9276 mm, 0.6223 mm): Symbol P24 [Cosmetic_IN]
    Sheet: / (kibot.pre_erc - pre_erc.py:148)
WARNING:(W142) (lib_symbol_issues) The current configuration does not include the symbol library 'personal'
    @(4.9276 mm, 0.6477 mm): Symbol P25 [Cosmetic_OUT]
    Sheet: / (kibot.pre_erc - pre_erc.py:148)
WARNING:(W142) (lib_symbol_issues) The current configuration does not include the symbol library 'personal'
    @(4.9276 mm, 0.6731 mm): Symbol P26 [Cosmetic_IN]
    Sheet: / (kibot.pre_erc - pre_erc.py:148)
WARNING:(W142) (lib_symbol_issues) The current configuration does not include the symbol library 'personal'
    @(4.9276 mm, 0.6985 mm): Symbol P27 [Cosmetic_OUT]
    Sheet: / (kibot.pre_erc - pre_erc.py:148)
WARNING:(W142) (lib_symbol_issues) The current configuration does not include the symbol library 'personal'
    @(4.9276 mm, 0.7239 mm): Symbol P28 [Cosmetic_OUT]
    Sheet: / (kibot.pre_erc - pre_erc.py:148)
WARNING:(W142) (lib_symbol_issues) The current configuration does not include the symbol library 'personal'
    @(4.9276 mm, 0.7493 mm): Symbol P29 [Cosmetic_IN]
    Sheet: / (kibot.pre_erc - pre_erc.py:148)
WARNING:(W142) (lib_symbol_issues) The current configuration does not include the symbol library 'personal'
    @(4.9276 mm, 0.7747 mm): Symbol P30 [Cosmetic_OUT]
    Sheet: / (kibot.pre_erc - pre_erc.py:148)
WARNING:(W142) (lib_symbol_issues) The current configuration does not include the symbol library 'personal'
    @(4.9276 mm, 0.8001 mm): Symbol P31 [Cosmetic_OUT]
    Sheet: / (kibot.pre_erc - pre_erc.py:148)
WARNING:(W142) (lib_symbol_issues) The current configuration does not include the symbol library 'personal'
    @(4.9276 mm, 0.8255 mm): Symbol P32 [Cosmetic_OUT]
    Sheet: / (kibot.pre_erc - pre_erc.py:148)
WARNING:(W142) (lib_symbol_issues) The current configuration does not include the symbol library 'personal'
    @(4.9276 mm, 0.8509 mm): Symbol P33 [Cosmetic_OUT]
    Sheet: / (kibot.pre_erc - pre_erc.py:148)
WARNING:(W142) (lib_symbol_issues) The current configuration does not include the symbol library 'personal'
    @(4.9276 mm, 0.8763 mm): Symbol P34 [Cosmetic_IO]
    Sheet: / (kibot.pre_erc - pre_erc.py:148)
WARNING:(W142) (lib_symbol_issues) The current configuration does not include the symbol library 'personal'
    @(4.9276 mm, 0.9017 mm): Symbol P35 [Cosmetic_IO]
    Sheet: / (kibot.pre_erc - pre_erc.py:148)
WARNING:(W142) (lib_symbol_issues) The current configuration does not include the symbol library 'personal'
    @(4.9276 mm, 0.9271 mm): Symbol P36 [Cosmetic_IO]
    Sheet: / (kibot.pre_erc - pre_erc.py:148)
WARNING:(W142) (lib_symbol_issues) The current configuration does not include the symbol library 'personal'
    @(4.9276 mm, 0.9525 mm): Symbol P37 [Cosmetic_IN]
    Sheet: / (kibot.pre_erc - pre_erc.py:148)
WARNING:(W142) (lib_symbol_issues) The current configuration does not include the symbol library 'personal'
    @(4.9276 mm, 0.9779 mm): Symbol P38 [Cosmetic_IN]
    Sheet: / (kibot.pre_erc - pre_erc.py:148)
WARNING:(W142) (footprint_link_issues) The current configuration does not include the footprint library 'Personal'
    @(5.1943 mm, 1.4097 mm): Symbol J4 [Conn_02x05_Odd_Even]
    Sheet: / (kibot.pre_erc - pre_erc.py:148)
WARNING:(W142) (lib_symbol_issues) The current configuration does not include the symbol library 'personal'
    @(5.2197 mm, 0.4572 mm): Symbol P39 [Cosmetic_IN]
    Sheet: / (kibot.pre_erc - pre_erc.py:148)
WARNING:(W142) (lib_symbol_issues) The current configuration does not include the symbol library 'personal'
    @(5.2197 mm, 0.508 mm): Symbol P40 [Cosmetic_IN]
    Sheet: / (kibot.pre_erc - pre_erc.py:148)
WARNING:(W142) (lib_symbol_issues) The current configuration does not include the symbol library 'personal'
    @(5.2197 mm, 0.5588 mm): Symbol P41 [Cosmetic_IN]
    Sheet: / (kibot.pre_erc - pre_erc.py:148)
WARNING:(W142) (lib_symbol_issues) The current configuration does not include the symbol library 'personal'
    @(5.2197 mm, 0.6096 mm): Symbol P42 [Cosmetic_IN]
    Sheet: / (kibot.pre_erc - pre_erc.py:148)
WARNING:(W142) (lib_symbol_issues) The current configuration does not include the symbol library 'personal'
    @(5.2197 mm, 0.7747 mm): Symbol P43 [Cosmetic_OUT]
    Sheet: / (kibot.pre_erc - pre_erc.py:148)
WARNING:(W142) (lib_symbol_issues) The current configuration does not include the symbol library 'personal'
    @(5.2197 mm, 1.0287 mm): Symbol P44 [Cosmetic_OUT]
    Sheet: / (kibot.pre_erc - pre_erc.py:148)
WARNING:(W142) (lib_symbol_issues) The current configuration does not include the symbol library 'personal'
    @(5.2197 mm, 1.0541 mm): Symbol P45 [Cosmetic_OUT]
    Sheet: / (kibot.pre_erc - pre_erc.py:148)
WARNING:(W142) (lib_symbol_issues) The current configuration does not include the symbol library 'personal'
    @(5.2578 mm, 0.889 mm): Symbol Pwr069 [Cosmetic_GND]
    Sheet: / (kibot.pre_erc - pre_erc.py:148)
WARNING:(W142) (lib_symbol_issues) The current configuration does not include the symbol library 'personal'
    @(5.2705 mm, 1.1557 mm): Symbol Pwr070 [Cosmetic_GND]
    Sheet: / (kibot.pre_erc - pre_erc.py:148)
WARNING:(W142) (lib_symbol_issues) The current configuration does not include the symbol library 'personal'
    @(5.3467 mm, 0.6858 mm): Symbol Pwr038 [Cosmetic_PWR]
    Sheet: / (kibot.pre_erc - pre_erc.py:148)
WARNING:(W142) (lib_symbol_issues) The current configuration does not include the symbol library 'personal'
    @(5.3467 mm, 0.889 mm): Symbol Pwr039 [Cosmetic_GND]
    Sheet: / (kibot.pre_erc - pre_erc.py:148)
WARNING:(W142) (lib_symbol_issues) The current configuration does not include the symbol library 'personal'
    @(5.3848 mm, 1.4097 mm): Symbol Pwr040 [Cosmetic_GND]
    Sheet: / (kibot.pre_erc - pre_erc.py:148)
WARNING:(W142) (lib_symbol_issues) The current configuration does not include the symbol library 'personal'
    @(5.3848 mm, 1.4351 mm): Symbol P46 [Cosmetic_IO]
    Sheet: / (kibot.pre_erc - pre_erc.py:148)
WARNING:(W142) (lib_symbol_issues) The current configuration does not include the symbol library 'personal'
    @(5.3848 mm, 1.4605 mm): Symbol P47 [Cosmetic_OUT]
    Sheet: / (kibot.pre_erc - pre_erc.py:148)
WARNING:(W142) (lib_symbol_issues) The current configuration does not include the symbol library 'personal'
    @(5.3975 mm, 1.3716 mm): Symbol Pwr041 [Cosmetic_PWR]
    Sheet: / (kibot.pre_erc - pre_erc.py:148)
WARNING:(W142) (lib_symbol_issues) The current configuration does not include the symbol library 'personal'
    @(5.4229 mm, 0.889 mm): Symbol Pwr042 [Cosmetic_GND]
    Sheet: / (kibot.pre_erc - pre_erc.py:148)
WARNING:(W142) (lib_symbol_issues) The current configuration does not include the symbol library 'personal'
    @(5.4229 mm, 1.1557 mm): Symbol Pwr043 [Cosmetic_GND]
    Sheet: / (kibot.pre_erc - pre_erc.py:148)
WARNING:(W142) (lib_symbol_issues) The current configuration does not include the symbol library 'personal'
    @(5.461 mm, 2.413 mm): Symbol Pwr044 [Cosmetic_GND]
    Sheet: / (kibot.pre_erc - pre_erc.py:148)
WARNING:(W142) (footprint_link_issues) The current configuration does not include the footprint library 'Personal'
    @(5.4737 mm, 0.4572 mm): Symbol JP15 [R]
    Sheet: / (kibot.pre_erc - pre_erc.py:148)
WARNING:(W142) (footprint_link_issues) The current configuration does not include the footprint library 'Personal'
    @(5.4737 mm, 0.508 mm): Symbol JP16 [R]
    Sheet: / (kibot.pre_erc - pre_erc.py:148)
WARNING:(W142) (footprint_link_issues) The current configuration does not include the footprint library 'Personal'
    @(5.4737 mm, 0.5588 mm): Symbol JP17 [R]
    Sheet: / (kibot.pre_erc - pre_erc.py:148)
WARNING:(W142) (lib_symbol_issues) The current configuration does not include the symbol library 'personal'
    @(5.5372 mm, 0.2286 mm): Symbol Pwr045 [Cosmetic_PWR]
    Sheet: / (kibot.pre_erc - pre_erc.py:148)
WARNING:(W142) (lib_symbol_issues) The current configuration does not include the symbol library 'personal'
    @(5.5372 mm, 1.1557 mm): Symbol Pwr046 [Cosmetic_GND]
    Sheet: / (kibot.pre_erc - pre_erc.py:148)
WARNING:(W142) (footprint_link_issues) The current configuration does not include the footprint library 'Personal'
    @(5.5372 mm, 2.1717 mm): Symbol J5 [USB_C_Receptacle_USB2.0_16P]
    Sheet: / (kibot.pre_erc - pre_erc.py:148)
WARNING:(W142) (lib_symbol_issues) The current configuration does not include the symbol library 'personal'
    @(5.5372 mm, 2.413 mm): Symbol Pwr047 [Cosmetic_GND]
    Sheet: / (kibot.pre_erc - pre_erc.py:148)
WARNING:(W142) (lib_symbol_issues) The current configuration does not include the symbol library 'personal'
    @(5.588 mm, 0.3429 mm): Symbol Pwr048 [Cosmetic_GND]
    Sheet: / (kibot.pre_erc - pre_erc.py:148)
WARNING:(W142) (lib_symbol_issues) The current configuration does not include the symbol library 'personal'
    @(5.588 mm, 0.889 mm): Symbol Pwr049 [Cosmetic_GND]
    Sheet: / (kibot.pre_erc - pre_erc.py:148)
WARNING:(W142) (lib_symbol_issues) The current configuration does not include the symbol library 'personal'
    @(5.7023 mm, 0.3429 mm): Symbol Pwr050 [Cosmetic_GND]
    Sheet: / (kibot.pre_erc - pre_erc.py:148)
WARNING:(W142) (lib_symbol_issues) The current configuration does not include the symbol library 'personal'
    @(5.7023 mm, 1.1557 mm): Symbol Pwr051 [Cosmetic_GND]
    Sheet: / (kibot.pre_erc - pre_erc.py:148)
WARNING:(W142) (lib_symbol_issues) The current configuration does not include the symbol library 'personal'
    @(5.7658 mm, 0.7366 mm): Symbol Pwr052 [Cosmetic_GND]
    Sheet: / (kibot.pre_erc - pre_erc.py:148)
WARNING:(W142) (lib_symbol_issues) The current configuration does not include the symbol library 'personal'
    @(5.8039 mm, 0.7366 mm): Symbol Pwr053 [Cosmetic_GND]
    Sheet: / (kibot.pre_erc - pre_erc.py:148)
WARNING:(W142) (lib_symbol_issues) The current configuration does not include the symbol library 'personal'
    @(5.8166 mm, 1.1557 mm): Symbol Pwr054 [Cosmetic_GND]
    Sheet: / (kibot.pre_erc - pre_erc.py:148)
WARNING:(W142) (footprint_link_issues) The current configuration does not include the footprint library 'Personal'
    @(5.8166 mm, 2.1971 mm): Symbol JP21 [R]
    Sheet: / (kibot.pre_erc - pre_erc.py:148)
WARNING:(W142) (lib_symbol_issues) The current configuration does not include the symbol library 'personal'
    @(5.8293 mm, 0.5588 mm): Symbol U3 [VNH7070]
    Sheet: / (kibot.pre_erc - pre_erc.py:148)
WARNING:(W142) (lib_symbol_issues) The current configuration does not include the symbol library 'personal'
    @(5.8547 mm, 0.7366 mm): Symbol Pwr055 [Cosmetic_GND]
    Sheet: / (kibot.pre_erc - pre_erc.py:148)
WARNING:(W142) (lib_symbol_issues) The current configuration does not include the symbol library 'personal'
    @(5.8674 mm, 0.9652 mm): Symbol Pwr056 [Cosmetic_PWR]
    Sheet: / (kibot.pre_erc - pre_erc.py:148)
WARNING:(W142) (lib_symbol_issues) The current configuration does not include the symbol library 'personal'
    @(5.8928 mm, 0.7366 mm): Symbol Pwr057 [Cosmetic_GND]
    Sheet: / (kibot.pre_erc - pre_erc.py:148)
WARNING:(W142) (lib_symbol_issues) The current configuration does not include the symbol library 'personal'
    @(5.9182 mm, 2.1082 mm): Symbol Pwr058 [Cosmetic_GND]
    Sheet: / (kibot.pre_erc - pre_erc.py:148)
WARNING:(W142) (footprint_link_issues) The current configuration does not include the footprint library 'Personal'
    @(5.969 mm, 1.778 mm): Symbol J6 [Dell_DC_barrel_jack]
    Sheet: / (kibot.pre_erc - pre_erc.py:148)
WARNING:(W142) (lib_symbol_issues) The current configuration does not include the symbol library 'personal'
    @(5.969 mm, 1.778 mm): Symbol J6 [Dell_DC_barrel_jack]
    Sheet: / (kibot.pre_erc - pre_erc.py:148)
WARNING:(W142) (lib_symbol_issues) The current configuration does not include the symbol library 'personal'
    @(5.9944 mm, 1.1557 mm): Symbol Pwr059 [Cosmetic_GND]
    Sheet: / (kibot.pre_erc - pre_erc.py:148)
WARNING:(W142) (lib_symbol_issues) The current configuration does not include the symbol library 'personal'
    @(6.0071 mm, 2.0955 mm): Symbol Pwr060 [Cosmetic_PWR]
    Sheet: / (kibot.pre_erc - pre_erc.py:148)
WARNING:(W142) (lib_symbol_issues) The current configuration does not include the symbol library 'personal'
    @(6.0071 mm, 2.2733 mm): Symbol Pwr061 [Cosmetic_GND]
    Sheet: / (kibot.pre_erc - pre_erc.py:148)
WARNING:(W142) (lib_symbol_issues) The current configuration does not include the symbol library 'personal'
    @(6.0833 mm, 1.7272 mm): Symbol Pwr062 [Cosmetic_PWR_SRC]
    Sheet: / (kibot.pre_erc - pre_erc.py:148)
WARNING:(W142) (lib_symbol_issues) The current configuration does not include the symbol library 'personal'
    @(6.0833 mm, 1.8288 mm): Symbol Pwr063 [Cosmetic_GND]
    Sheet: / (kibot.pre_erc - pre_erc.py:148)
WARNING:(W142) (lib_symbol_issues) The current configuration does not include the symbol library 'personal'
    @(6.1468 mm, 2.1717 mm): Symbol P48 [Cosmetic_IO]
    Sheet: / (kibot.pre_erc - pre_erc.py:148)
WARNING:(W142) (lib_symbol_issues) The current configuration does not include the symbol library 'personal'
    @(6.1468 mm, 2.1971 mm): Symbol P49 [Cosmetic_IO]
    Sheet: / (kibot.pre_erc - pre_erc.py:148)
WARNING:(W142) (footprint_link_issues) The current configuration does not include the footprint library 'Personal'
    @(6.2103 mm, 1.778 mm): Symbol J8 [DC_barrel_assy]
    Sheet: / (kibot.pre_erc - pre_erc.py:148)
WARNING:(W142) (lib_symbol_issues) The current configuration does not include the symbol library 'personal'
    @(6.2103 mm, 1.778 mm): Symbol J8 [DC_barrel_assy]
    Sheet: / (kibot.pre_erc - pre_erc.py:148)
WARNING:(W142) (lib_symbol_issues) The current configuration does not include the symbol library 'personal'
    @(6.3246 mm, 1.7272 mm): Symbol Pwr064 [Cosmetic_PWR_SRC]
    Sheet: / (kibot.pre_erc - pre_erc.py:148)
WARNING:(W142) (lib_symbol_issues) The current configuration does not include the symbol library 'personal'
    @(6.3246 mm, 1.8161 mm): Symbol Pwr065 [Cosmetic_GND]
    Sheet: / (kibot.pre_erc - pre_erc.py:148)
DEBUG:Preflight run drc (kibot.pre_base - pre_base.py:165)
DEBUG:PCB title: `Example title` (kibot.gs - gs.py:586)
DEBUG:PCB date: `06/10/2026` (kibot.gs - gs.py:587)
DEBUG:PCB revision: `0.0.2` (kibot.gs - gs.py:588)
DEBUG:PCB company: `` (kibot.gs - gs.py:589)
DEBUG:PCB comment 1: `c1` (kibot.gs - gs.py:591)
DEBUG:PCB comment 2: `c2` (kibot.gs - gs.py:591)
DEBUG:PCB comment 3: `c3` (kibot.gs - gs.py:591)
DEBUG:PCB comment 4: `c4` (kibot.gs - gs.py:591)
DEBUG:PCB comment 5: `` (kibot.gs - gs.py:591)
DEBUG:PCB comment 6: `` (kibot.gs - gs.py:591)
DEBUG:PCB comment 7: `` (kibot.gs - gs.py:591)
DEBUG:PCB comment 8: `` (kibot.gs - gs.py:591)
DEBUG:PCB comment 9: `` (kibot.gs - gs.py:591)
- Running the DRC
DEBUG:- Executing: kicad-cli pcb drc -o /work/output/reports/ktest-drc.html --format json --severity-all --units mm --schematic-parity /work/ktest.kicad_pcb (kibot - kiplot.py:161)
DEBUG:- Output from command: 18:16:56: Font 'Verdana' not found; substituting 'DejaVu Sans Bold'.
18:16:56: Font 'Verdana' not found; substituting 'DejaVu Sans Book'.
Found 22 violations
Found 0 unconnected items
Found 0 schematic parity issues
Saved DRC Report to /work/output/reports/ktest-drc.html
 (kibot - kiplot.py:152)
DEBUG:Removing temporal files (kibot.pre_any_xrc - pre_any_xrc.py:361)
WARNING:(W145) 18 DRC warnings detected (kibot.pre_drc - pre_drc.py:152)
WARNING:(W145) (lib_footprint_issues) The current configuration does not include the footprint library 'Personal'
    @(96.758 mm, 97.43 mm): Footprint JP13
    Check: Violations (kibot.pre_drc - pre_drc.py:152)
WARNING:(W145) (lib_footprint_issues) The current configuration does not include the footprint library 'Personal'
    @(142.986 mm, 109.622 mm): Footprint L1
    Check: Violations (kibot.pre_drc - pre_drc.py:152)
WARNING:(W145) (lib_footprint_issues) The current configuration does not include the footprint library 'Personal'
    @(86.344 mm, 94.89 mm): Footprint JP8
    Check: Violations (kibot.pre_drc - pre_drc.py:152)
WARNING:(W145) (lib_footprint_issues) The current configuration does not include the footprint library 'Personal'
    @(86.344 mm, 78.634 mm): Footprint JP2
    Check: Violations (kibot.pre_drc - pre_drc.py:152)
WARNING:(W145) (lib_footprint_issues) The current configuration does not include the footprint library 'Personal'
    @(166.608 mm, 116.226 mm): Footprint J6
    Check: Violations (kibot.pre_drc - pre_drc.py:152)
WARNING:(W145) (lib_footprint_issues) The current configuration does not include the footprint library 'Personal'
    @(117.332 mm, 91.08 mm): Footprint JP15
    Check: Violations (kibot.pre_drc - pre_drc.py:152)
WARNING:(W145) (lib_footprint_issues) The current configuration does not include the footprint library 'Personal'
    @(117.332 mm, 93.112 mm): Footprint JP16
    Check: Violations (kibot.pre_drc - pre_drc.py:152)
WARNING:(W145) (lib_footprint_issues) The current configuration does not include the footprint library 'Personal'
    @(86.344 mm, 99.97 mm): Footprint JP10
    Check: Violations (kibot.pre_drc - pre_drc.py:152)
WARNING:(W145) (lib_footprint_issues) The current configuration does not include the footprint library 'Personal'
    @(110.982 mm, 103.526 mm): Footprint JP21
    Check: Violations (kibot.pre_drc - pre_drc.py:152)
WARNING:(W145) (lib_footprint_issues) The current configuration does not include the footprint library 'Personal'
    @(144.002 mm, 77.618 mm): Footprint J8
    Check: Violations (kibot.pre_drc - pre_drc.py:152)
WARNING:(W145) (lib_footprint_issues) The current configuration does not include the footprint library 'Personal'
    @(110.982 mm, 109.622 mm): Footprint J5
    Check: Violations (kibot.pre_drc - pre_drc.py:152)
WARNING:(W145) (lib_footprint_issues) The current configuration does not include the footprint library 'Personal'
    @(117.332 mm, 95.144 mm): Footprint JP17
    Check: Violations (kibot.pre_drc - pre_drc.py:152)
WARNING:(W145) (lib_footprint_issues) The current configuration does not include the footprint library 'Personal'
    @(86.344 mm, 102.51 mm): Footprint JP11
    Check: Violations (kibot.pre_drc - pre_drc.py:152)
WARNING:(W145) (lib_footprint_issues) The current configuration does not include the footprint library 'Personal'
    @(86.344 mm, 76.856 mm): Footprint JP1
    Check: Violations (kibot.pre_drc - pre_drc.py:152)
WARNING:(W145) (lib_footprint_issues) The current configuration does not include the footprint library 'Personal'
    @(86.344 mm, 80.412 mm): Footprint JP3
    Check: Violations (kibot.pre_drc - pre_drc.py:152)
WARNING:(W145) (lib_footprint_issues) The current configuration does not include the footprint library 'Personal'
    @(152.892 mm, 99.716 mm): Footprint JP12
    Check: Violations (kibot.pre_drc - pre_drc.py:152)
WARNING:(W145) (lib_footprint_issues) The current configuration does not include the footprint library 'Personal'
    @(121.1735 mm, 107.4376 mm): Footprint J4
    Check: Violations (kibot.pre_drc - pre_drc.py:152)
WARNING:(W145) (lib_footprint_issues) The current configuration does not include the footprint library 'Personal'
    @(118.72 mm, 91.212 mm): Footprint TFT1
    Check: Violations (kibot.pre_drc - pre_drc.py:152)
DEBUG:Preflight run draw_fancy_stackup (kibot.pre_base - pre_base.py:165)
DEBUG:Outputs after preflights: ['blender_top', 'blender_bottom', 'blender_angled_top', 'blender_angled_bottom', 'blender_bare_top', 'blender_bare_bottom', 'schematic_pdf', 'drillmap', 'pcb_fabrication_pdf', 'parts_count_top', 'parts_count_bottom', 'assembly_bom_top', 'assembly_bom_bottom', 'pcb_assembly_pdf', 'fabrication_gerbers', 'fabrication_drills', 'bom_csv', 'bom_xlsx', 'interactive_bom', 'pick_and_place', 'board_step'] (kibot - kiplot.py:836)
DEBUG:Outputs after sorting: ['blender_top', 'blender_bottom', 'blender_angled_top', 'blender_angled_bottom', 'blender_bare_top', 'blender_bare_bottom', 'schematic_pdf', 'drillmap', 'pcb_fabrication_pdf', 'parts_count_top', 'parts_count_bottom', 'assembly_bom_top', 'assembly_bom_bottom', 'pcb_assembly_pdf', 'fabrication_gerbers', 'fabrication_drills', 'bom_csv', 'bom_xlsx', 'interactive_bom', 'pick_and_place', 'board_step'] (kibot - kiplot.py:840)
DEBUG:Extending `blender_top` from `blender_render` (kibot - out_base.py:151)
- 'Board flat top view' (blender_top) [blender_export]
DEBUG:Output destination: /work/output/3d (kibot - kiplot.py:685)
DEBUG: - Creating VRML ... (kibot - out_blender_export.py:440)
DEBUG:Starting tool check for KiCad Automation tools (kibot - dep_downloader.py:866)
DEBUG:- Returning `/usr/bin/pcbnew_do` (kibot - dep_downloader.py:873)
DEBUG:Switching the PCB to 'Default' variant (kibot - out_base.py:1193)
DEBUG:Looking for LCSC field name (kibot - optionable.py:707)
DEBUG:- No LCSC field found (kibot - optionable.py:694)
DEBUG:Using  as LCSC field name (kibot - optionable.py:709)
DEBUG:Using `/root/.cache/kibot/3d` as dir for downloaded 3D models (kibot - out_base_3d.py:545)
DEBUG:Filtered warning: (W011) Missing default symbol library table (kibot - log.py:130)
DEBUG:Downloading `https://gitlab.com/api/v4/projects/21604637/repository/files/Capacitor_SMD.3dshapes%2FC_0603_1608Metric.step/raw?ref=10.0.5` (kibot - out_base_3d.py:189)
DEBUG:- Downloaded /root/.cache/kibot/3d/Capacitor_SMD.3dshapes/C_0603_1608Metric.step (43450) (kibot - out_base_3d.py:200)
DEBUG:Downloading `https://gitlab.com/api/v4/projects/21604637/repository/files/Resistor_SMD.3dshapes%2FR_0603_1608Metric.step/raw?ref=10.0.5` (kibot - out_base_3d.py:189)
DEBUG:- Downloaded /root/.cache/kibot/3d/Resistor_SMD.3dshapes/R_0603_1608Metric.step (40618) (kibot - out_base_3d.py:200)
DEBUG:Downloading `https://gitlab.com/api/v4/projects/21604637/repository/files/Capacitor_SMD.3dshapes%2FC_1210_3225Metric.step/raw?ref=10.0.5` (kibot - out_base_3d.py:189)
DEBUG:- Downloaded /root/.cache/kibot/3d/Capacitor_SMD.3dshapes/C_1210_3225Metric.step (43502) (kibot - out_base_3d.py:200)
WARNING:(W047) Missing 3D model for L1: `/mnt/Data/01_Engineering/10_Kicad_libraries/00_Personal/3D/SRP6540-100M.stp` (kibot - out_base_3d.py:592)
WARNING:(W047) Missing 3D model for L1: `/mnt/Data/01_Engineering/10_Kicad_libraries/00_Personal/3D/SRP6540.step` (kibot - out_base_3d.py:592)
DEBUG:Downloading `https://gitlab.com/api/v4/projects/21604637/repository/files/Resistor_THT.3dshapes%2FR_Axial_DIN0204_L3.6mm_D1.6mm_P5.08mm_Horizontal.step/raw?ref=10.0.5` (kibot - out_base_3d.py:189)
DEBUG:- Downloaded /root/.cache/kibot/3d/Resistor_THT.3dshapes/R_Axial_DIN0204_L3.6mm_D1.6mm_P5.08mm_Horizontal.step (37472) (kibot - out_base_3d.py:200)
WARNING:(W174) Missing WRL 3D model for resistor colors: `/root/.cache/kibot/3d/Resistor_THT.3dshapes/R_Axial_DIN0204_L3.6mm_D1.6mm_P5.08mm_Horizontal.step` (kibot - out_base_3d.py:413)
DEBUG:Downloading `https://gitlab.com/api/v4/projects/21604637/repository/files/Package_SO.3dshapes%2FHTSOP-8-1EP_3.9x4.9mm_P1.27mm.step/raw?ref=10.0.5` (kibot - out_base_3d.py:189)
DEBUG:- Downloaded /root/.cache/kibot/3d/Package_SO.3dshapes/HTSOP-8-1EP_3.9x4.9mm_P1.27mm.step (125787) (kibot - out_base_3d.py:200)
DEBUG:Downloading `https://gitlab.com/api/v4/projects/21604637/repository/files/Package_SO.3dshapes%2FHTSOP-8-1EP_3.9x4.9mm_Pitch1.27mm.step/raw?ref=10.0.5` (kibot - out_base_3d.py:189)
WARNING:(W048) Failed to download `https://gitlab.com/api/v4/projects/21604637/repository/files/Package_SO.3dshapes%2FHTSOP-8-1EP_3.9x4.9mm_Pitch1.27mm.step/raw?ref=10.0.5` (kibot - out_base_3d.py:196)
WARNING:(W047) Missing 3D model for U1: `${KICAD10_3DMODEL_DIR}/Package_SO.3dshapes/HTSOP-8-1EP_3.9x4.9mm_Pitch1.27mm.step` (kibot - out_base_3d.py:592)
WARNING:(W047) Missing 3D model for J6: `/mnt/Data/01_Engineering/10_Kicad_libraries/00_Personal/3D/Dell_DC_barrel_jack.step` (kibot - out_base_3d.py:592)
DEBUG:Downloading `https://gitlab.com/api/v4/projects/21604637/repository/files/Resistor_SMD.3dshapes%2FR_1206_3216Metric.step/raw?ref=10.0.5` (kibot - out_base_3d.py:189)
DEBUG:- Downloaded /root/.cache/kibot/3d/Resistor_SMD.3dshapes/R_1206_3216Metric.step (40414) (kibot - out_base_3d.py:200)
WARNING:(W047) Missing 3D model for J8: `/mnt/Data/01_Engineering/10_Kicad_libraries/00_Personal/3D/Barrel.step` (kibot - out_base_3d.py:592)
DEBUG:Downloading `https://gitlab.com/api/v4/projects/21604637/repository/files/Capacitor_SMD.3dshapes%2FC_1206_3216Metric.step/raw?ref=10.0.5` (kibot - out_base_3d.py:189)
DEBUG:- Downloaded /root/.cache/kibot/3d/Capacitor_SMD.3dshapes/C_1206_3216Metric.step (43450) (kibot - out_base_3d.py:200)
WARNING:(W047) Missing 3D model for J5: `/mnt/Data/01_Engineering/10_Kicad_libraries/00_Personal/3D/USB_type_C_vertical.step` (kibot - out_base_3d.py:592)
DEBUG:Downloading `https://gitlab.com/api/v4/projects/21604637/repository/files/Crystal.3dshapes%2FCrystal_SMD_3225-4Pin_3.2x2.5mm.step/raw?ref=10.0.5` (kibot - out_base_3d.py:189)
DEBUG:- Downloaded /root/.cache/kibot/3d/Crystal.3dshapes/Crystal_SMD_3225-4Pin_3.2x2.5mm.step (44789) (kibot - out_base_3d.py:200)
DEBUG:Downloading `https://gitlab.com/api/v4/projects/21604637/repository/files/Package_SO.3dshapes%2FJEITA_SOIC-16_3.9x9.9mm_P1.27mm.step/raw?ref=10.0.5` (kibot - out_base_3d.py:189)
DEBUG:- Downloaded /root/.cache/kibot/3d/Package_SO.3dshapes/JEITA_SOIC-16_3.9x9.9mm_P1.27mm.step (223250) (kibot - out_base_3d.py:200)
DEBUG:Downloading `https://gitlab.com/api/v4/projects/21604637/repository/files/Package_TO_SOT_SMD.3dshapes%2FSOT-23-6.step/raw?ref=10.0.5` (kibot - out_base_3d.py:189)
DEBUG:- Downloaded /root/.cache/kibot/3d/Package_TO_SOT_SMD.3dshapes/SOT-23-6.step (99639) (kibot - out_base_3d.py:200)
DEBUG:Downloading `https://gitlab.com/api/v4/projects/21604637/repository/files/Package_QFP.3dshapes%2FLQFP-32_7x7mm_P0.8mm.step/raw?ref=10.0.5` (kibot - out_base_3d.py:189)
DEBUG:- Downloaded /root/.cache/kibot/3d/Package_QFP.3dshapes/LQFP-32_7x7mm_P0.8mm.step (422757) (kibot - out_base_3d.py:200)
DEBUG:Downloading `https://gitlab.com/api/v4/projects/21604637/repository/files/Connector_JST.3dshapes%2FJST_XH_B4B-XH-A_1x04_P2.50mm_Vertical.step/raw?ref=10.0.5` (kibot - out_base_3d.py:189)
DEBUG:- Downloaded /root/.cache/kibot/3d/Connector_JST.3dshapes/JST_XH_B4B-XH-A_1x04_P2.50mm_Vertical.step (222777) (kibot - out_base_3d.py:200)
DEBUG:Downloading `https://gitlab.com/api/v4/projects/21604637/repository/files/Capacitor_SMD.3dshapes%2FCP_Elec_10x10.step/raw?ref=10.0.5` (kibot - out_base_3d.py:189)
DEBUG:- Downloaded /root/.cache/kibot/3d/Capacitor_SMD.3dshapes/CP_Elec_10x10.step (82045) (kibot - out_base_3d.py:200)
DEBUG:Downloading `https://gitlab.com/api/v4/projects/21604637/repository/files/Resistor_THT.3dshapes%2FR_Axial_DIN0204_L3.6mm_D1.6mm_P7.62mm_Horizontal.step/raw?ref=10.0.5` (kibot - out_base_3d.py:189)
DEBUG:- Downloaded /root/.cache/kibot/3d/Resistor_THT.3dshapes/R_Axial_DIN0204_L3.6mm_D1.6mm_P7.62mm_Horizontal.step (24507) (kibot - out_base_3d.py:200)
WARNING:(W174) Missing WRL 3D model for resistor colors: `/root/.cache/kibot/3d/Resistor_THT.3dshapes/R_Axial_DIN0204_L3.6mm_D1.6mm_P7.62mm_Horizontal.step` (kibot - out_base_3d.py:413)
DEBUG:Downloading `https://gitlab.com/api/v4/projects/21604637/repository/files/Connector_JST.3dshapes%2FJST_XH_B6B-XH-A_1x06_P2.50mm_Vertical.step/raw?ref=10.0.5` (kibot - out_base_3d.py:189)
DEBUG:- Downloaded /root/.cache/kibot/3d/Connector_JST.3dshapes/JST_XH_B6B-XH-A_1x06_P2.50mm_Vertical.step (295109) (kibot - out_base_3d.py:200)
DEBUG:Downloading `https://gitlab.com/api/v4/projects/21604637/repository/files/Package_TO_SOT_SMD.3dshapes%2FSOT-23.step/raw?ref=10.0.5` (kibot - out_base_3d.py:189)
DEBUG:- Downloaded /root/.cache/kibot/3d/Package_TO_SOT_SMD.3dshapes/SOT-23.step (60296) (kibot - out_base_3d.py:200)
WARNING:(W047) Missing 3D model for J4: `/mnt/Data/01_Engineering/10_Kicad_libraries/00_Personal/3D/SHF-105-01-L-D-RA-TR.stp` (kibot - out_base_3d.py:592)
WARNING:(W047) Missing 3D model for J4: `/work/lib/3D_models/SHF-105-01-L-D-RA-TR.stp` (kibot - out_base_3d.py:592)
WARNING:(W047) Missing 3D model for J4: `/media/data/01_Engineering/10_Kicad_libraries/00_Personal/3D/SHF-105-01-L-D-RA-TR.stp` (kibot - out_base_3d.py:592)
WARNING:(W047) Missing 3D model for J4: `/root/.local/share/kicad/10.0/3rdparty/SHF-105-01-L-D-RA-TR.stp` (kibot - out_base_3d.py:592)
DEBUG:Downloading `https://gitlab.com/api/v4/projects/21604637/repository/files/Connector_PinSocket_2.54mm.3dshapes%2FPinSocket_1x04_P2.54mm_Vertical.step/raw?ref=10.0.5` (kibot - out_base_3d.py:189)
DEBUG:- Downloaded /root/.cache/kibot/3d/Connector_PinSocket_2.54mm.3dshapes/PinSocket_1x04_P2.54mm_Vertical.step (90163) (kibot - out_base_3d.py:200)
DEBUG:Downloading `https://gitlab.com/api/v4/projects/21604637/repository/files/Connector_PinSocket_2.54mm.3dshapes%2FPinSocket_1x14_P2.54mm_Vertical.step/raw?ref=10.0.5` (kibot - out_base_3d.py:189)
DEBUG:- Downloaded /root/.cache/kibot/3d/Connector_PinSocket_2.54mm.3dshapes/PinSocket_1x14_P2.54mm_Vertical.step (290650) (kibot - out_base_3d.py:200)
WARNING:(W047) Missing 3D model for TFT1: `/mnt/Data/01_Engineering/10_Kicad_libraries/00_Personal/3D/Display_240x320_ILI9341_2.4in.step` (kibot - out_base_3d.py:592)
WARNING:(W098)  18 3D models downloaded or cached (kibot - out_base_3d.py:608)
DEBUG:Writing modified PCB to /work/kibot_9frqap22.kicad_pcb (kibot - gs.py:1089)
DEBUG:Copying project `/work/ktest.kicad_pro` to `/work/kibot_9frqap22.kicad_pro` (kibot.gs - gs.py:615)
DEBUG:Copying project local settings `/work/ktest.kicad_prl` to `/work/kibot_9frqap22.kicad_prl` (kibot.gs - gs.py:623)
DEBUG:Copying project custom design rules `/work/ktest.kicad_dru` to `/work/kibot_9frqap22.kicad_dru` (kibot.gs - gs.py:631)
DEBUG:Executing: /usr/bin/pcbnew_do -r -v export_vrml --output_name pcb.wrl -U meters --dir_models components -x 0 -y 0 -u millimeters /work/kibot_9frqap22.kicad_pcb /tmp/tmpuj253x0z (kibot - kiplot.py:194)
DEBUG:Output from command:
> ./kicad/include/properties/property.h(607): assert "m_choices.GetCount() > 0" failed in PROPERTY_ENUM(): No enum choices defined
> ./kicad/include/properties/property.h(607): assert "m_choices.GetCount() > 0" failed in PROPERTY_ENUM(): No enum choices defined
> ./kicad/include/properties/property.h(607): assert "m_choices.GetCount() > 0" failed in PROPERTY_ENUM(): No enum choices defined
>  (kibot - kiplot.py:208)
DEBUG:Removing temporal files (kibot - out_base.py:1123)
DEBUG:- File `/work/kibot_9frqap22.kicad_pcb` (kibot - out_base.py:1126)
DEBUG:- File `/work/kibot_9frqap22.kicad_pro` (kibot - out_base.py:1126)
DEBUG:- File `/work/kibot_9frqap22.kicad_prl` (kibot - out_base.py:1126)
DEBUG:- File `/work/kibot_9frqap22.kicad_dru` (kibot - out_base.py:1126)
DEBUG: - Creating SVG for layers ... (kibot - kiplot.py:770)
DEBUG:Switching the PCB to 'Default' variant (kibot - out_base.py:1193)
DEBUG:Configuring plot controller for output (kibot - out_any_layer.py:102)
DEBUG:Opening plot file for layer `F.Cu (0 'Front copper' F_Cu)` format `5` (kibot - out_any_layer.py:213)
DEBUG:Plotting layer `F.Cu (0 'Front copper' F_Cu)` to `/tmp/tmpuj253x0z/layers/F_Cu.svg` (kibot - out_any_layer.py:220)
DEBUG:Opening plot file for layer `B.Cu (2 'Bottom copper' B_Cu)` format `5` (kibot - out_any_layer.py:213)
DEBUG:Plotting layer `B.Cu (2 'Bottom copper' B_Cu)` to `/tmp/tmpuj253x0z/layers/B_Cu.svg` (kibot - out_any_layer.py:220)
DEBUG:Opening plot file for layer `F.Paste (13 'Front solder paste' F_Paste)` format `5` (kibot - out_any_layer.py:213)
DEBUG:Plotting layer `F.Paste (13 'Front solder paste' F_Paste)` to `/tmp/tmpuj253x0z/layers/F_Paste.svg` (kibot - out_any_layer.py:220)
DEBUG:Opening plot file for layer `B.Paste (15 'Bottom solder paste' B_Paste)` format `5` (kibot - out_any_layer.py:213)
DEBUG:Plotting layer `B.Paste (15 'Bottom solder paste' B_Paste)` to `/tmp/tmpuj253x0z/layers/B_Paste.svg` (kibot - out_any_layer.py:220)
DEBUG:Opening plot file for layer `F.Mask (1 'Front soldermask (negative)' F_Mask)` format `5` (kibot - out_any_layer.py:213)
DEBUG:Plotting layer `F.Mask (1 'Front soldermask (negative)' F_Mask)` to `/tmp/tmpuj253x0z/layers/F_Mask.svg` (kibot - out_any_layer.py:220)
DEBUG:Opening plot file for layer `B.Mask (3 'Bottom soldermask (negative)' B_Mask)` format `5` (kibot - out_any_layer.py:213)
DEBUG:Plotting layer `B.Mask (3 'Bottom soldermask (negative)' B_Mask)` to `/tmp/tmpuj253x0z/layers/B_Mask.svg` (kibot - out_any_layer.py:220)
DEBUG:Opening plot file for layer `F.SilkS (5 'Front silkscreen (artwork)' F_SilkS)` format `5` (kibot - out_any_layer.py:213)
DEBUG:Plotting layer `F.SilkS (5 'Front silkscreen (artwork)' F_SilkS)` to `/tmp/tmpuj253x0z/layers/F_SilkS.svg` (kibot - out_any_layer.py:220)
DEBUG:Opening plot file for layer `B.SilkS (7 'Bottom silkscreen (artwork)' B_SilkS)` format `5` (kibot - out_any_layer.py:213)
DEBUG:Plotting layer `B.SilkS (7 'Bottom silkscreen (artwork)' B_SilkS)` to `/tmp/tmpuj253x0z/layers/B_SilkS.svg` (kibot - out_any_layer.py:220)
DEBUG:Adjusting SVG viewBox to (73.975, 64.475, 102.05, 53.3) for width 10.205 cm and height 5.33 cm (kibot - out_svg.py:93)
DEBUG: - Creating Pads and boundary ... (kibot - kiplot.py:770)
DEBUG:Switching the PCB to 'Default' variant (kibot - out_base.py:1193)
DEBUG:Collected board definitions: {} (kibot - out_pcb2blender_tools.py:410)
DEBUG: - Creating the PCB3D ... (kibot - kiplot.py:770)
DEBUG:Collecting files (kibot - out_compress.py:256)
DEBUG:Output destination: /tmp/tmpuj253x0z (kibot - kiplot.py:685)
DEBUG:Output destination: /tmp/tmpuj253x0z/layers (kibot - kiplot.py:685)
DEBUG:Output destination: /tmp/tmpuj253x0z (kibot - kiplot.py:685)
DEBUG:Generating `/work/output/3d/ktest-blender_export.pcb3d` archive (kibot - out_compress.py:259)
DEBUG:Adding /tmp/tmpuj253x0z/pcb.wrl as pcb.wrl (kibot - out_compress.py:116)
DEBUG:Adding /tmp/tmpuj253x0z/components as components (kibot - out_compress.py:116)
DEBUG:Adding /tmp/tmpuj253x0z/components/PinSocket_1x04_P2.54mm_Vertical.wrl as components/PinSocket_1x04_P2.54mm_Vertical.wrl (kibot - out_compress.py:116)
DEBUG:Adding /tmp/tmpuj253x0z/components/C_1210_3225Metric.wrl as components/C_1210_3225Metric.wrl (kibot - out_compress.py:116)
DEBUG:Adding /tmp/tmpuj253x0z/components/JST_XH_B4B-XH-A_1x04_P2.50mm_Vertical.wrl as components/JST_XH_B4B-XH-A_1x04_P2.50mm_Vertical.wrl (kibot - out_compress.py:116)
DEBUG:Adding /tmp/tmpuj253x0z/components/CP_Elec_10x10.wrl as components/CP_Elec_10x10.wrl (kibot - out_compress.py:116)
DEBUG:Adding /tmp/tmpuj253x0z/components/R_0603_1608Metric.wrl as components/R_0603_1608Metric.wrl (kibot - out_compress.py:116)
DEBUG:Adding /tmp/tmpuj253x0z/components/JEITA_SOIC-16_3.9x9.9mm_P1.27mm.wrl as components/JEITA_SOIC-16_3.9x9.9mm_P1.27mm.wrl (kibot - out_compress.py:116)
DEBUG:Adding /tmp/tmpuj253x0z/components/R_1206_3216Metric.wrl as components/R_1206_3216Metric.wrl (kibot - out_compress.py:116)
DEBUG:Adding /tmp/tmpuj253x0z/components/SOT-23-6.wrl as components/SOT-23-6.wrl (kibot - out_compress.py:116)
DEBUG:Adding /tmp/tmpuj253x0z/components/JST_XH_B6B-XH-A_1x06_P2.50mm_Vertical.wrl as components/JST_XH_B6B-XH-A_1x06_P2.50mm_Vertical.wrl (kibot - out_compress.py:116)
DEBUG:Adding /tmp/tmpuj253x0z/components/SOT-23.wrl as components/SOT-23.wrl (kibot - out_compress.py:116)
DEBUG:Adding /tmp/tmpuj253x0z/components/R_Axial_DIN0204_L3.6mm_D1.6mm_P5.08mm_Horizontal.wrl as components/R_Axial_DIN0204_L3.6mm_D1.6mm_P5.08mm_Horizontal.wrl (kibot - out_compress.py:116)
DEBUG:Adding /tmp/tmpuj253x0z/components/R_Axial_DIN0204_L3.6mm_D1.6mm_P7.62mm_Horizontal.wrl as components/R_Axial_DIN0204_L3.6mm_D1.6mm_P7.62mm_Horizontal.wrl (kibot - out_compress.py:116)
DEBUG:Adding /tmp/tmpuj253x0z/components/LQFP-32_7x7mm_P0.8mm.wrl as components/LQFP-32_7x7mm_P0.8mm.wrl (kibot - out_compress.py:116)
DEBUG:Adding /tmp/tmpuj253x0z/components/C_0603_1608Metric.wrl as components/C_0603_1608Metric.wrl (kibot - out_compress.py:116)
DEBUG:Adding /tmp/tmpuj253x0z/components/PinSocket_1x14_P2.54mm_Vertical.wrl as components/PinSocket_1x14_P2.54mm_Vertical.wrl (kibot - out_compress.py:116)
DEBUG:Adding /tmp/tmpuj253x0z/components/Crystal_SMD_3225-4Pin_3.2x2.5mm.wrl as components/Crystal_SMD_3225-4Pin_3.2x2.5mm.wrl (kibot - out_compress.py:116)
DEBUG:Adding /tmp/tmpuj253x0z/components/HTSOP-8-1EP_3.9x4.9mm_P1.27mm.wrl as components/HTSOP-8-1EP_3.9x4.9mm_P1.27mm.wrl (kibot - out_compress.py:116)
DEBUG:Adding /tmp/tmpuj253x0z/components/C_1206_3216Metric.wrl as components/C_1206_3216Metric.wrl (kibot - out_compress.py:116)
DEBUG:Adding /tmp/tmpuj253x0z/layers/F_Cu.svg as layers/F_Cu.svg (kibot - out_compress.py:116)
DEBUG:Adding /tmp/tmpuj253x0z/layers/B_Cu.svg as layers/B_Cu.svg (kibot - out_compress.py:116)
DEBUG:Adding /tmp/tmpuj253x0z/layers/F_Paste.svg as layers/F_Paste.svg (kibot - out_compress.py:116)
DEBUG:Adding /tmp/tmpuj253x0z/layers/B_Paste.svg as layers/B_Paste.svg (kibot - out_compress.py:116)
DEBUG:Adding /tmp/tmpuj253x0z/layers/F_Mask.svg as layers/F_Mask.svg (kibot - out_compress.py:116)
DEBUG:Adding /tmp/tmpuj253x0z/layers/B_Mask.svg as layers/B_Mask.svg (kibot - out_compress.py:116)
DEBUG:Adding /tmp/tmpuj253x0z/layers/F_SilkS.svg as layers/F_SilkS.svg (kibot - out_compress.py:116)
DEBUG:Adding /tmp/tmpuj253x0z/layers/B_SilkS.svg as layers/B_SilkS.svg (kibot - out_compress.py:116)
DEBUG:Adding /tmp/tmpuj253x0z/layers/bounds as layers/bounds (kibot - out_compress.py:116)
DEBUG:Adding /tmp/tmpuj253x0z/pads/10n_C27_0_0 as pads/10n_C27_0_0 (kibot - out_compress.py:116)
DEBUG:Adding /tmp/tmpuj253x0z/pads/10n_C27_0_1 as pads/10n_C27_0_1 (kibot - out_compress.py:116)
DEBUG:Adding /tmp/tmpuj253x0z/pads/2k2_R10_1_0 as pads/2k2_R10_1_0 (kibot - out_compress.py:116)
DEBUG:Adding /tmp/tmpuj253x0z/pads/2k2_R10_1_1 as pads/2k2_R10_1_1 (kibot - out_compress.py:116)
DEBUG:Adding /tmp/tmpuj253x0z/pads/0R_JP13_2_0 as pads/0R_JP13_2_0 (kibot - out_compress.py:116)
DEBUG:Adding /tmp/tmpuj253x0z/pads/0R_JP13_2_1 as pads/0R_JP13_2_1 (kibot - out_compress.py:116)
DEBUG:Adding /tmp/tmpuj253x0z/pads/22p_C14_3_0 as pads/22p_C14_3_0 (kibot - out_compress.py:116)
DEBUG:Adding /tmp/tmpuj253x0z/pads/22p_C14_3_1 as pads/22p_C14_3_1 (kibot - out_compress.py:116)
DEBUG:Adding /tmp/tmpuj253x0z/pads/100n_C6_4_0 as pads/100n_C6_4_0 (kibot - out_compress.py:116)
DEBUG:Adding /tmp/tmpuj253x0z/pads/100n_C6_4_1 as pads/100n_C6_4_1 (kibot - out_compress.py:116)
DEBUG:Adding /tmp/tmpuj253x0z/pads/22u_C18_5_0 as pads/22u_C18_5_0 (kibot - out_compress.py:116)
DEBUG:Adding /tmp/tmpuj253x0z/pads/22u_C18_5_1 as pads/22u_C18_5_1 (kibot - out_compress.py:116)
DEBUG:Adding /tmp/tmpuj253x0z/pads/10k_R9_6_0 as pads/10k_R9_6_0 (kibot - out_compress.py:116)
DEBUG:Adding /tmp/tmpuj253x0z/pads/10k_R9_6_1 as pads/10k_R9_6_1 (kibot - out_compress.py:116)
DEBUG:Adding /tmp/tmpuj253x0z/pads/10u_L1_7_0 as pads/10u_L1_7_0 (kibot - out_compress.py:116)
DEBUG:Adding /tmp/tmpuj253x0z/pads/10u_L1_7_1 as pads/10u_L1_7_1 (kibot - out_compress.py:116)
DEBUG:Adding /tmp/tmpuj253x0z/pads/TestPoint_TP13_8_0 as pads/TestPoint_TP13_8_0 (kibot - out_compress.py:116)
DEBUG:Adding /tmp/tmpuj253x0z/pads/1n_C23_9_0 as pads/1n_C23_9_0 (kibot - out_compress.py:116)
DEBUG:Adding /tmp/tmpuj253x0z/pads/1n_C23_9_1 as pads/1n_C23_9_1 (kibot - out_compress.py:116)
DEBUG:Adding /tmp/tmpuj253x0z/pads/22p_C10_10_0 as pads/22p_C10_10_0 (kibot - out_compress.py:116)
DEBUG:Adding /tmp/tmpuj253x0z/pads/22p_C10_10_1 as pads/22p_C10_10_1 (kibot - out_compress.py:116)
DEBUG:Adding /tmp/tmpuj253x0z/pads/TestPoint_TP18_11_0 as pads/TestPoint_TP18_11_0 (kibot - out_compress.py:116)
DEBUG:Adding /tmp/tmpuj253x0z/pads/33p_C12_12_0 as pads/33p_C12_12_0 (kibot - out_compress.py:116)
DEBUG:Adding /tmp/tmpuj253x0z/pads/33p_C12_12_1 as pads/33p_C12_12_1 (kibot - out_compress.py:116)
DEBUG:Adding /tmp/tmpuj253x0z/pads/100n_C9_13_0 as pads/100n_C9_13_0 (kibot - out_compress.py:116)
DEBUG:Adding /tmp/tmpuj253x0z/pads/100n_C9_13_1 as pads/100n_C9_13_1 (kibot - out_compress.py:116)
DEBUG:Adding /tmp/tmpuj253x0z/pads/0R_JP9_14_0 as pads/0R_JP9_14_0 (kibot - out_compress.py:116)
DEBUG:Adding /tmp/tmpuj253x0z/pads/0R_JP9_14_1 as pads/0R_JP9_14_1 (kibot - out_compress.py:116)
DEBUG:Adding /tmp/tmpuj253x0z/pads/TestPoint_TP7_15_0 as pads/TestPoint_TP7_15_0 (kibot - out_compress.py:116)
DEBUG:Adding /tmp/tmpuj253x0z/pads/0R_JP20_16_0 as pads/0R_JP20_16_0 (kibot - out_compress.py:116)
DEBUG:Adding /tmp/tmpuj253x0z/pads/0R_JP20_16_1 as pads/0R_JP20_16_1 (kibot - out_compress.py:116)
DEBUG:Adding /tmp/tmpuj253x0z/pads/0R_JP8_17_0 as pads/0R_JP8_17_0 (kibot - out_compress.py:116)
DEBUG:Adding /tmp/tmpuj253x0z/pads/0R_JP8_17_1 as pads/0R_JP8_17_1 (kibot - out_compress.py:116)
DEBUG:Adding /tmp/tmpuj253x0z/pads/5k1_R14_18_0 as pads/5k1_R14_18_0 (kibot - out_compress.py:116)
DEBUG:Adding /tmp/tmpuj253x0z/pads/5k1_R14_18_1 as pads/5k1_R14_18_1 (kibot - out_compress.py:116)
DEBUG:Adding /tmp/tmpuj253x0z/pads/0R_JP2_19_0 as pads/0R_JP2_19_0 (kibot - out_compress.py:116)
DEBUG:Adding /tmp/tmpuj253x0z/pads/0R_JP2_19_1 as pads/0R_JP2_19_1 (kibot - out_compress.py:116)
DEBUG:Adding /tmp/tmpuj253x0z/pads/LMR380x0_U1_20_0 as pads/LMR380x0_U1_20_0 (kibot - out_compress.py:116)
DEBUG:Adding /tmp/tmpuj253x0z/pads/LMR380x0_U1_20_1 as pads/LMR380x0_U1_20_1 (kibot - out_compress.py:116)
DEBUG:Adding /tmp/tmpuj253x0z/pads/LMR380x0_U1_20_2 as pads/LMR380x0_U1_20_2 (kibot - out_compress.py:116)
DEBUG:Adding /tmp/tmpuj253x0z/pads/LMR380x0_U1_20_3 as pads/LMR380x0_U1_20_3 (kibot - out_compress.py:116)
DEBUG:Adding /tmp/tmpuj253x0z/pads/LMR380x0_U1_20_4 as pads/LMR380x0_U1_20_4 (kibot - out_compress.py:116)
DEBUG:Adding /tmp/tmpuj253x0z/pads/LMR380x0_U1_20_5 as pads/LMR380x0_U1_20_5 (kibot - out_compress.py:116)
DEBUG:Adding /tmp/tmpuj253x0z/pads/LMR380x0_U1_20_6 as pads/LMR380x0_U1_20_6 (kibot - out_compress.py:116)
DEBUG:Adding /tmp/tmpuj253x0z/pads/LMR380x0_U1_20_7 as pads/LMR380x0_U1_20_7 (kibot - out_compress.py:116)
DEBUG:Adding /tmp/tmpuj253x0z/pads/LMR380x0_U1_20_8 as pads/LMR380x0_U1_20_8 (kibot - out_compress.py:116)
DEBUG:Adding /tmp/tmpuj253x0z/pads/LMR380x0_U1_20_9 as pads/LMR380x0_U1_20_9 (kibot - out_compress.py:116)
DEBUG:Adding /tmp/tmpuj253x0z/pads/LMR380x0_U1_20_10 as pads/LMR380x0_U1_20_10 (kibot - out_compress.py:116)
DEBUG:Adding /tmp/tmpuj253x0z/pads/LMR380x0_U1_20_11 as pads/LMR380x0_U1_20_11 (kibot - out_compress.py:116)
DEBUG:Adding /tmp/tmpuj253x0z/pads/LMR380x0_U1_20_12 as pads/LMR380x0_U1_20_12 (kibot - out_compress.py:116)
DEBUG:Adding /tmp/tmpuj253x0z/pads/LMR380x0_U1_20_13 as pads/LMR380x0_U1_20_13 (kibot - out_compress.py:116)
DEBUG:Adding /tmp/tmpuj253x0z/pads/LMR380x0_U1_20_14 as pads/LMR380x0_U1_20_14 (kibot - out_compress.py:116)
DEBUG:Adding /tmp/tmpuj253x0z/pads/LMR380x0_U1_20_15 as pads/LMR380x0_U1_20_15 (kibot - out_compress.py:116)
DEBUG:Adding /tmp/tmpuj253x0z/pads/LMR380x0_U1_20_16 as pads/LMR380x0_U1_20_16 (kibot - out_compress.py:116)
DEBUG:Adding /tmp/tmpuj253x0z/pads/LMR380x0_U1_20_17 as pads/LMR380x0_U1_20_17 (kibot - out_compress.py:116)
DEBUG:Adding /tmp/tmpuj253x0z/pads/LMR380x0_U1_20_18 as pads/LMR380x0_U1_20_18 (kibot - out_compress.py:116)
DEBUG:Adding /tmp/tmpuj253x0z/pads/LMR380x0_U1_20_19 as pads/LMR380x0_U1_20_19 (kibot - out_compress.py:116)
DEBUG:Adding /tmp/tmpuj253x0z/pads/TestPoint_TP10_21_0 as pads/TestPoint_TP10_21_0 (kibot - out_compress.py:116)
DEBUG:Adding /tmp/tmpuj253x0z/pads/2k2_R12_22_0 as pads/2k2_R12_22_0 (kibot - out_compress.py:116)
DEBUG:Adding /tmp/tmpuj253x0z/pads/2k2_R12_22_1 as pads/2k2_R12_22_1 (kibot - out_compress.py:116)
DEBUG:Adding /tmp/tmpuj253x0z/pads/TestPoint_TP21_23_0 as pads/TestPoint_TP21_23_0 (kibot - out_compress.py:116)
DEBUG:Adding /tmp/tmpuj253x0z/pads/TestPoint_TP6_24_0 as pads/TestPoint_TP6_24_0 (kibot - out_compress.py:116)
DEBUG:Adding /tmp/tmpuj253x0z/pads/TestPoint_TP8_25_0 as pads/TestPoint_TP8_25_0 (kibot - out_compress.py:116)
DEBUG:Adding /tmp/tmpuj253x0z/pads/Dell_DC_jack_J6_26_0 as pads/Dell_DC_jack_J6_26_0 (kibot - out_compress.py:116)
DEBUG:Adding /tmp/tmpuj253x0z/pads/Dell_DC_jack_J6_26_1 as pads/Dell_DC_jack_J6_26_1 (kibot - out_compress.py:116)
DEBUG:Adding /tmp/tmpuj253x0z/pads/Dell_DC_jack_J6_26_2 as pads/Dell_DC_jack_J6_26_2 (kibot - out_compress.py:116)
DEBUG:Adding /tmp/tmpuj253x0z/pads/Dell_DC_jack_J6_26_3 as pads/Dell_DC_jack_J6_26_3 (kibot - out_compress.py:116)
DEBUG:Adding /tmp/tmpuj253x0z/pads/Dell_DC_jack_J6_26_4 as pads/Dell_DC_jack_J6_26_4 (kibot - out_compress.py:116)
DEBUG:Adding /tmp/tmpuj253x0z/pads/Dell_DC_jack_J6_26_5 as pads/Dell_DC_jack_J6_26_5 (kibot - out_compress.py:116)
DEBUG:Adding /tmp/tmpuj253x0z/pads/Dell_DC_jack_J6_26_6 as pads/Dell_DC_jack_J6_26_6 (kibot - out_compress.py:116)
DEBUG:Adding /tmp/tmpuj253x0z/pads/Dell_DC_jack_J6_26_7 as pads/Dell_DC_jack_J6_26_7 (kibot - out_compress.py:116)
DEBUG:Adding /tmp/tmpuj253x0z/pads/Dell_DC_jack_J6_26_8 as pads/Dell_DC_jack_J6_26_8 (kibot - out_compress.py:116)
DEBUG:Adding /tmp/tmpuj253x0z/pads/Dell_DC_jack_J6_26_9 as pads/Dell_DC_jack_J6_26_9 (kibot - out_compress.py:116)
DEBUG:Adding /tmp/tmpuj253x0z/pads/Dell_DC_jack_J6_26_10 as pads/Dell_DC_jack_J6_26_10 (kibot - out_compress.py:116)
DEBUG:Adding /tmp/tmpuj253x0z/pads/0R_JP15_27_0 as pads/0R_JP15_27_0 (kibot - out_compress.py:116)
DEBUG:Adding /tmp/tmpuj253x0z/pads/0R_JP15_27_1 as pads/0R_JP15_27_1 (kibot - out_compress.py:116)
DEBUG:Adding /tmp/tmpuj253x0z/pads/TestPoint_TP14_28_0 as pads/TestPoint_TP14_28_0 (kibot - out_compress.py:116)
DEBUG:Adding /tmp/tmpuj253x0z/pads/2k2_R13_29_0 as pads/2k2_R13_29_0 (kibot - out_compress.py:116)
DEBUG:Adding /tmp/tmpuj253x0z/pads/2k2_R13_29_1 as pads/2k2_R13_29_1 (kibot - out_compress.py:116)
DEBUG:Adding /tmp/tmpuj253x0z/pads/TestPoint_TP9_30_0 as pads/TestPoint_TP9_30_0 (kibot - out_compress.py:116)
DEBUG:Adding /tmp/tmpuj253x0z/pads/10n_C3_31_0 as pads/10n_C3_31_0 (kibot - out_compress.py:116)
DEBUG:Adding /tmp/tmpuj253x0z/pads/10n_C3_31_1 as pads/10n_C3_31_1 (kibot - out_compress.py:116)
DEBUG:Adding /tmp/tmpuj253x0z/pads/0R_JP14_32_0 as pads/0R_JP14_32_0 (kibot - out_compress.py:116)
DEBUG:Adding /tmp/tmpuj253x0z/pads/0R_JP14_32_1 as pads/0R_JP14_32_1 (kibot - out_compress.py:116)
DEBUG:Adding /tmp/tmpuj253x0z/pads/0R_JP16_33_0 as pads/0R_JP16_33_0 (kibot - out_compress.py:116)
DEBUG:Adding /tmp/tmpuj253x0z/pads/0R_JP16_33_1 as pads/0R_JP16_33_1 (kibot - out_compress.py:116)
DEBUG:Adding /tmp/tmpuj253x0z/pads/TestPoint_TP5_34_0 as pads/TestPoint_TP5_34_0 (kibot - out_compress.py:116)
DEBUG:Adding /tmp/tmpuj253x0z/pads/10k_R7_35_0 as pads/10k_R7_35_0 (kibot - out_compress.py:116)
DEBUG:Adding /tmp/tmpuj253x0z/pads/10k_R7_35_1 as pads/10k_R7_35_1 (kibot - out_compress.py:116)
DEBUG:Adding /tmp/tmpuj253x0z/pads/0R_JP5_36_0 as pads/0R_JP5_36_0 (kibot - out_compress.py:116)
DEBUG:Adding /tmp/tmpuj253x0z/pads/0R_JP5_36_1 as pads/0R_JP5_36_1 (kibot - out_compress.py:116)
DEBUG:Adding /tmp/tmpuj253x0z/pads/0R_JP10_37_0 as pads/0R_JP10_37_0 (kibot - out_compress.py:116)
DEBUG:Adding /tmp/tmpuj253x0z/pads/0R_JP10_37_1 as pads/0R_JP10_37_1 (kibot - out_compress.py:116)
DEBUG:Adding /tmp/tmpuj253x0z/pads/0R_JP21_38_0 as pads/0R_JP21_38_0 (kibot - out_compress.py:116)
DEBUG:Adding /tmp/tmpuj253x0z/pads/0R_JP21_38_1 as pads/0R_JP21_38_1 (kibot - out_compress.py:116)
DEBUG:Adding /tmp/tmpuj253x0z/pads/1u_C16_39_0 as pads/1u_C16_39_0 (kibot - out_compress.py:116)
DEBUG:Adding /tmp/tmpuj253x0z/pads/1u_C16_39_1 as pads/1u_C16_39_1 (kibot - out_compress.py:116)
DEBUG:Adding /tmp/tmpuj253x0z/pads/DC_barrel_assy_J8_40_0 as pads/DC_barrel_assy_J8_40_0 (kibot - out_compress.py:116)
DEBUG:Adding /tmp/tmpuj253x0z/pads/DC_barrel_assy_J8_40_1 as pads/DC_barrel_assy_J8_40_1 (kibot - out_compress.py:116)
DEBUG:Adding /tmp/tmpuj253x0z/pads/DC_barrel_assy_J8_40_2 as pads/DC_barrel_assy_J8_40_2 (kibot - out_compress.py:116)
DEBUG:Adding /tmp/tmpuj253x0z/pads/DC_barrel_assy_J8_40_3 as pads/DC_barrel_assy_J8_40_3 (kibot - out_compress.py:116)
DEBUG:Adding /tmp/tmpuj253x0z/pads/DC_barrel_assy_J8_40_4 as pads/DC_barrel_assy_J8_40_4 (kibot - out_compress.py:116)
DEBUG:Adding /tmp/tmpuj253x0z/pads/4_7u_C4_41_0 as pads/4_7u_C4_41_0 (kibot - out_compress.py:116)
DEBUG:Adding /tmp/tmpuj253x0z/pads/4_7u_C4_41_1 as pads/4_7u_C4_41_1 (kibot - out_compress.py:116)
DEBUG:Adding /tmp/tmpuj253x0z/pads/10n_C26_42_0 as pads/10n_C26_42_0 (kibot - out_compress.py:116)
DEBUG:Adding /tmp/tmpuj253x0z/pads/10n_C26_42_1 as pads/10n_C26_42_1 (kibot - out_compress.py:116)
DEBUG:Adding /tmp/tmpuj253x0z/pads/USB_C_Receptacle_USB2_0_16P_J5_43_0 as pads/USB_C_Receptacle_USB2_0_16P_J5_43_0 (kibot - out_compress.py:116)
DEBUG:Adding /tmp/tmpuj253x0z/pads/USB_C_Receptacle_USB2_0_16P_J5_43_1 as pads/USB_C_Receptacle_USB2_0_16P_J5_43_1 (kibot - out_compress.py:116)
DEBUG:Adding /tmp/tmpuj253x0z/pads/USB_C_Receptacle_USB2_0_16P_J5_43_2 as pads/USB_C_Receptacle_USB2_0_16P_J5_43_2 (kibot - out_compress.py:116)
DEBUG:Adding /tmp/tmpuj253x0z/pads/USB_C_Receptacle_USB2_0_16P_J5_43_3 as pads/USB_C_Receptacle_USB2_0_16P_J5_43_3 (kibot - out_compress.py:116)
DEBUG:Adding /tmp/tmpuj253x0z/pads/USB_C_Receptacle_USB2_0_16P_J5_43_4 as pads/USB_C_Receptacle_USB2_0_16P_J5_43_4 (kibot - out_compress.py:116)
DEBUG:Adding /tmp/tmpuj253x0z/pads/USB_C_Receptacle_USB2_0_16P_J5_43_5 as pads/USB_C_Receptacle_USB2_0_16P_J5_43_5 (kibot - out_compress.py:116)
DEBUG:Adding /tmp/tmpuj253x0z/pads/USB_C_Receptacle_USB2_0_16P_J5_43_6 as pads/USB_C_Receptacle_USB2_0_16P_J5_43_6 (kibot - out_compress.py:116)
DEBUG:Adding /tmp/tmpuj253x0z/pads/USB_C_Receptacle_USB2_0_16P_J5_43_7 as pads/USB_C_Receptacle_USB2_0_16P_J5_43_7 (kibot - out_compress.py:116)
DEBUG:Adding /tmp/tmpuj253x0z/pads/USB_C_Receptacle_USB2_0_16P_J5_43_8 as pads/USB_C_Receptacle_USB2_0_16P_J5_43_8 (kibot - out_compress.py:116)
DEBUG:Adding /tmp/tmpuj253x0z/pads/USB_C_Receptacle_USB2_0_16P_J5_43_9 as pads/USB_C_Receptacle_USB2_0_16P_J5_43_9 (kibot - out_compress.py:116)
DEBUG:Adding /tmp/tmpuj253x0z/pads/USB_C_Receptacle_USB2_0_16P_J5_43_10 as pads/USB_C_Receptacle_USB2_0_16P_J5_43_10 (kibot - out_compress.py:116)
DEBUG:Adding /tmp/tmpuj253x0z/pads/USB_C_Receptacle_USB2_0_16P_J5_43_11 as pads/USB_C_Receptacle_USB2_0_16P_J5_43_11 (kibot - out_compress.py:116)
DEBUG:Adding /tmp/tmpuj253x0z/pads/USB_C_Receptacle_USB2_0_16P_J5_43_12 as pads/USB_C_Receptacle_USB2_0_16P_J5_43_12 (kibot - out_compress.py:116)
DEBUG:Adding /tmp/tmpuj253x0z/pads/USB_C_Receptacle_USB2_0_16P_J5_43_13 as pads/USB_C_Receptacle_USB2_0_16P_J5_43_13 (kibot - out_compress.py:116)
DEBUG:Adding /tmp/tmpuj253x0z/pads/USB_C_Receptacle_USB2_0_16P_J5_43_14 as pads/USB_C_Receptacle_USB2_0_16P_J5_43_14 (kibot - out_compress.py:116)
DEBUG:Adding /tmp/tmpuj253x0z/pads/USB_C_Receptacle_USB2_0_16P_J5_43_15 as pads/USB_C_Receptacle_USB2_0_16P_J5_43_15 (kibot - out_compress.py:116)
DEBUG:Adding /tmp/tmpuj253x0z/pads/USB_C_Receptacle_USB2_0_16P_J5_43_16 as pads/USB_C_Receptacle_USB2_0_16P_J5_43_16 (kibot - out_compress.py:116)
DEBUG:Adding /tmp/tmpuj253x0z/pads/USB_C_Receptacle_USB2_0_16P_J5_43_17 as pads/USB_C_Receptacle_USB2_0_16P_J5_43_17 (kibot - out_compress.py:116)
DEBUG:Adding /tmp/tmpuj253x0z/pads/USB_C_Receptacle_USB2_0_16P_J5_43_18 as pads/USB_C_Receptacle_USB2_0_16P_J5_43_18 (kibot - out_compress.py:116)
DEBUG:Adding /tmp/tmpuj253x0z/pads/USB_C_Receptacle_USB2_0_16P_J5_43_19 as pads/USB_C_Receptacle_USB2_0_16P_J5_43_19 (kibot - out_compress.py:116)
DEBUG:Adding /tmp/tmpuj253x0z/pads/TestPoint_TP15_44_0 as pads/TestPoint_TP15_44_0 (kibot - out_compress.py:116)
DEBUG:Adding /tmp/tmpuj253x0z/pads/10k_R2_45_0 as pads/10k_R2_45_0 (kibot - out_compress.py:116)
DEBUG:Adding /tmp/tmpuj253x0z/pads/10k_R2_45_1 as pads/10k_R2_45_1 (kibot - out_compress.py:116)
DEBUG:Adding /tmp/tmpuj253x0z/pads/100n_C1_46_0 as pads/100n_C1_46_0 (kibot - out_compress.py:116)
DEBUG:Adding /tmp/tmpuj253x0z/pads/100n_C1_46_1 as pads/100n_C1_46_1 (kibot - out_compress.py:116)
DEBUG:Adding /tmp/tmpuj253x0z/pads/2k2_R5_47_0 as pads/2k2_R5_47_0 (kibot - out_compress.py:116)
DEBUG:Adding /tmp/tmpuj253x0z/pads/2k2_R5_47_1 as pads/2k2_R5_47_1 (kibot - out_compress.py:116)
DEBUG:Adding /tmp/tmpuj253x0z/pads/TestPoint_TP11_48_0 as pads/TestPoint_TP11_48_0 (kibot - out_compress.py:116)
DEBUG:Adding /tmp/tmpuj253x0z/pads/TestPoint_TP3_49_0 as pads/TestPoint_TP3_49_0 (kibot - out_compress.py:116)
DEBUG:Adding /tmp/tmpuj253x0z/pads/TestPoint_TP16_50_0 as pads/TestPoint_TP16_50_0 (kibot - out_compress.py:116)
DEBUG:Adding /tmp/tmpuj253x0z/pads/20_MHz_Y1_51_0 as pads/20_MHz_Y1_51_0 (kibot - out_compress.py:116)
DEBUG:Adding /tmp/tmpuj253x0z/pads/20_MHz_Y1_51_1 as pads/20_MHz_Y1_51_1 (kibot - out_compress.py:116)
DEBUG:Adding /tmp/tmpuj253x0z/pads/20_MHz_Y1_51_2 as pads/20_MHz_Y1_51_2 (kibot - out_compress.py:116)
DEBUG:Adding /tmp/tmpuj253x0z/pads/20_MHz_Y1_51_3 as pads/20_MHz_Y1_51_3 (kibot - out_compress.py:116)
DEBUG:Adding /tmp/tmpuj253x0z/pads/100n_C25_52_0 as pads/100n_C25_52_0 (kibot - out_compress.py:116)
DEBUG:Adding /tmp/tmpuj253x0z/pads/100n_C25_52_1 as pads/100n_C25_52_1 (kibot - out_compress.py:116)
DEBUG:Adding /tmp/tmpuj253x0z/pads/5k1_R15_53_0 as pads/5k1_R15_53_0 (kibot - out_compress.py:116)
DEBUG:Adding /tmp/tmpuj253x0z/pads/5k1_R15_53_1 as pads/5k1_R15_53_1 (kibot - out_compress.py:116)
DEBUG:Adding /tmp/tmpuj253x0z/pads/0R_JP6_54_0 as pads/0R_JP6_54_0 (kibot - out_compress.py:116)
DEBUG:Adding /tmp/tmpuj253x0z/pads/0R_JP6_54_1 as pads/0R_JP6_54_1 (kibot - out_compress.py:116)
DEBUG:Adding /tmp/tmpuj253x0z/pads/VNH7070_U3_55_0 as pads/VNH7070_U3_55_0 (kibot - out_compress.py:116)
DEBUG:Adding /tmp/tmpuj253x0z/pads/VNH7070_U3_55_1 as pads/VNH7070_U3_55_1 (kibot - out_compress.py:116)
DEBUG:Adding /tmp/tmpuj253x0z/pads/VNH7070_U3_55_2 as pads/VNH7070_U3_55_2 (kibot - out_compress.py:116)
DEBUG:Adding /tmp/tmpuj253x0z/pads/VNH7070_U3_55_3 as pads/VNH7070_U3_55_3 (kibot - out_compress.py:116)
DEBUG:Adding /tmp/tmpuj253x0z/pads/VNH7070_U3_55_4 as pads/VNH7070_U3_55_4 (kibot - out_compress.py:116)
DEBUG:Adding /tmp/tmpuj253x0z/pads/VNH7070_U3_55_5 as pads/VNH7070_U3_55_5 (kibot - out_compress.py:116)
DEBUG:Adding /tmp/tmpuj253x0z/pads/VNH7070_U3_55_6 as pads/VNH7070_U3_55_6 (kibot - out_compress.py:116)
DEBUG:Adding /tmp/tmpuj253x0z/pads/VNH7070_U3_55_7 as pads/VNH7070_U3_55_7 (kibot - out_compress.py:116)
DEBUG:Adding /tmp/tmpuj253x0z/pads/VNH7070_U3_55_8 as pads/VNH7070_U3_55_8 (kibot - out_compress.py:116)
DEBUG:Adding /tmp/tmpuj253x0z/pads/VNH7070_U3_55_9 as pads/VNH7070_U3_55_9 (kibot - out_compress.py:116)
DEBUG:Adding /tmp/tmpuj253x0z/pads/VNH7070_U3_55_10 as pads/VNH7070_U3_55_10 (kibot - out_compress.py:116)
DEBUG:Adding /tmp/tmpuj253x0z/pads/VNH7070_U3_55_11 as pads/VNH7070_U3_55_11 (kibot - out_compress.py:116)
DEBUG:Adding /tmp/tmpuj253x0z/pads/VNH7070_U3_55_12 as pads/VNH7070_U3_55_12 (kibot - out_compress.py:116)
DEBUG:Adding /tmp/tmpuj253x0z/pads/VNH7070_U3_55_13 as pads/VNH7070_U3_55_13 (kibot - out_compress.py:116)
DEBUG:Adding /tmp/tmpuj253x0z/pads/VNH7070_U3_55_14 as pads/VNH7070_U3_55_14 (kibot - out_compress.py:116)
DEBUG:Adding /tmp/tmpuj253x0z/pads/VNH7070_U3_55_15 as pads/VNH7070_U3_55_15 (kibot - out_compress.py:116)
DEBUG:Adding /tmp/tmpuj253x0z/pads/0R_JP19_56_0 as pads/0R_JP19_56_0 (kibot - out_compress.py:116)
DEBUG:Adding /tmp/tmpuj253x0z/pads/0R_JP19_56_1 as pads/0R_JP19_56_1 (kibot - out_compress.py:116)
DEBUG:Adding /tmp/tmpuj253x0z/pads/100n_C13_57_0 as pads/100n_C13_57_0 (kibot - out_compress.py:116)
DEBUG:Adding /tmp/tmpuj253x0z/pads/100n_C13_57_1 as pads/100n_C13_57_1 (kibot - out_compress.py:116)
DEBUG:Adding /tmp/tmpuj253x0z/pads/23_2k_R6_58_0 as pads/23_2k_R6_58_0 (kibot - out_compress.py:116)
DEBUG:Adding /tmp/tmpuj253x0z/pads/23_2k_R6_58_1 as pads/23_2k_R6_58_1 (kibot - out_compress.py:116)
DEBUG:Adding /tmp/tmpuj253x0z/pads/TestPoint_TP20_59_0 as pads/TestPoint_TP20_59_0 (kibot - out_compress.py:116)
DEBUG:Adding /tmp/tmpuj253x0z/pads/TestPoint_TP19_60_0 as pads/TestPoint_TP19_60_0 (kibot - out_compress.py:116)
DEBUG:Adding /tmp/tmpuj253x0z/pads/1u_C11_61_0 as pads/1u_C11_61_0 (kibot - out_compress.py:116)
DEBUG:Adding /tmp/tmpuj253x0z/pads/1u_C11_61_1 as pads/1u_C11_61_1 (kibot - out_compress.py:116)
DEBUG:Adding /tmp/tmpuj253x0z/pads/0R_JP7_62_0 as pads/0R_JP7_62_0 (kibot - out_compress.py:116)
DEBUG:Adding /tmp/tmpuj253x0z/pads/0R_JP7_62_1 as pads/0R_JP7_62_1 (kibot - out_compress.py:116)
DEBUG:Adding /tmp/tmpuj253x0z/pads/22u_C17_63_0 as pads/22u_C17_63_0 (kibot - out_compress.py:116)
DEBUG:Adding /tmp/tmpuj253x0z/pads/22u_C17_63_1 as pads/22u_C17_63_1 (kibot - out_compress.py:116)
DEBUG:Adding /tmp/tmpuj253x0z/pads/TestPoint_TP4_64_0 as pads/TestPoint_TP4_64_0 (kibot - out_compress.py:116)
DEBUG:Adding /tmp/tmpuj253x0z/pads/64_9k_R3_65_0 as pads/64_9k_R3_65_0 (kibot - out_compress.py:116)
DEBUG:Adding /tmp/tmpuj253x0z/pads/64_9k_R3_65_1 as pads/64_9k_R3_65_1 (kibot - out_compress.py:116)
DEBUG:Adding /tmp/tmpuj253x0z/pads/10n_C5_66_0 as pads/10n_C5_66_0 (kibot - out_compress.py:116)
DEBUG:Adding /tmp/tmpuj253x0z/pads/10n_C5_66_1 as pads/10n_C5_66_1 (kibot - out_compress.py:116)
DEBUG:Adding /tmp/tmpuj253x0z/pads/USBLC6_2SC6_U4_67_0 as pads/USBLC6_2SC6_U4_67_0 (kibot - out_compress.py:116)
DEBUG:Adding /tmp/tmpuj253x0z/pads/USBLC6_2SC6_U4_67_1 as pads/USBLC6_2SC6_U4_67_1 (kibot - out_compress.py:116)
DEBUG:Adding /tmp/tmpuj253x0z/pads/USBLC6_2SC6_U4_67_2 as pads/USBLC6_2SC6_U4_67_2 (kibot - out_compress.py:116)
DEBUG:Adding /tmp/tmpuj253x0z/pads/USBLC6_2SC6_U4_67_3 as pads/USBLC6_2SC6_U4_67_3 (kibot - out_compress.py:116)
DEBUG:Adding /tmp/tmpuj253x0z/pads/USBLC6_2SC6_U4_67_4 as pads/USBLC6_2SC6_U4_67_4 (kibot - out_compress.py:116)
DEBUG:Adding /tmp/tmpuj253x0z/pads/USBLC6_2SC6_U4_67_5 as pads/USBLC6_2SC6_U4_67_5 (kibot - out_compress.py:116)
DEBUG:Adding /tmp/tmpuj253x0z/pads/100n_C19_68_0 as pads/100n_C19_68_0 (kibot - out_compress.py:116)
DEBUG:Adding /tmp/tmpuj253x0z/pads/100n_C19_68_1 as pads/100n_C19_68_1 (kibot - out_compress.py:116)
DEBUG:Adding /tmp/tmpuj253x0z/pads/TestPoint_TP12_69_0 as pads/TestPoint_TP12_69_0 (kibot - out_compress.py:116)
DEBUG:Adding /tmp/tmpuj253x0z/pads/0R_JP17_70_0 as pads/0R_JP17_70_0 (kibot - out_compress.py:116)
DEBUG:Adding /tmp/tmpuj253x0z/pads/0R_JP17_70_1 as pads/0R_JP17_70_1 (kibot - out_compress.py:116)
DEBUG:Adding /tmp/tmpuj253x0z/pads/100n_C20_71_0 as pads/100n_C20_71_0 (kibot - out_compress.py:116)
DEBUG:Adding /tmp/tmpuj253x0z/pads/100n_C20_71_1 as pads/100n_C20_71_1 (kibot - out_compress.py:116)
DEBUG:Adding /tmp/tmpuj253x0z/pads/TestPoint_TP2_72_0 as pads/TestPoint_TP2_72_0 (kibot - out_compress.py:116)
DEBUG:Adding /tmp/tmpuj253x0z/pads/STM32G431K8Tx_U2_73_0 as pads/STM32G431K8Tx_U2_73_0 (kibot - out_compress.py:116)
DEBUG:Adding /tmp/tmpuj253x0z/pads/STM32G431K8Tx_U2_73_1 as pads/STM32G431K8Tx_U2_73_1 (kibot - out_compress.py:116)
DEBUG:Adding /tmp/tmpuj253x0z/pads/STM32G431K8Tx_U2_73_2 as pads/STM32G431K8Tx_U2_73_2 (kibot - out_compress.py:116)
DEBUG:Adding /tmp/tmpuj253x0z/pads/STM32G431K8Tx_U2_73_3 as pads/STM32G431K8Tx_U2_73_3 (kibot - out_compress.py:116)
DEBUG:Adding /tmp/tmpuj253x0z/pads/STM32G431K8Tx_U2_73_4 as pads/STM32G431K8Tx_U2_73_4 (kibot - out_compress.py:116)
DEBUG:Adding /tmp/tmpuj253x0z/pads/STM32G431K8Tx_U2_73_5 as pads/STM32G431K8Tx_U2_73_5 (kibot - out_compress.py:116)
DEBUG:Adding /tmp/tmpuj253x0z/pads/STM32G431K8Tx_U2_73_6 as pads/STM32G431K8Tx_U2_73_6 (kibot - out_compress.py:116)
DEBUG:Adding /tmp/tmpuj253x0z/pads/STM32G431K8Tx_U2_73_7 as pads/STM32G431K8Tx_U2_73_7 (kibot - out_compress.py:116)
DEBUG:Adding /tmp/tmpuj253x0z/pads/STM32G431K8Tx_U2_73_8 as pads/STM32G431K8Tx_U2_73_8 (kibot - out_compress.py:116)
DEBUG:Adding /tmp/tmpuj253x0z/pads/STM32G431K8Tx_U2_73_9 as pads/STM32G431K8Tx_U2_73_9 (kibot - out_compress.py:116)
DEBUG:Adding /tmp/tmpuj253x0z/pads/STM32G431K8Tx_U2_73_10 as pads/STM32G431K8Tx_U2_73_10 (kibot - out_compress.py:116)
DEBUG:Adding /tmp/tmpuj253x0z/pads/STM32G431K8Tx_U2_73_11 as pads/STM32G431K8Tx_U2_73_11 (kibot - out_compress.py:116)
DEBUG:Adding /tmp/tmpuj253x0z/pads/STM32G431K8Tx_U2_73_12 as pads/STM32G431K8Tx_U2_73_12 (kibot - out_compress.py:116)
DEBUG:Adding /tmp/tmpuj253x0z/pads/STM32G431K8Tx_U2_73_13 as pads/STM32G431K8Tx_U2_73_13 (kibot - out_compress.py:116)
DEBUG:Adding /tmp/tmpuj253x0z/pads/STM32G431K8Tx_U2_73_14 as pads/STM32G431K8Tx_U2_73_14 (kibot - out_compress.py:116)
DEBUG:Adding /tmp/tmpuj253x0z/pads/STM32G431K8Tx_U2_73_15 as pads/STM32G431K8Tx_U2_73_15 (kibot - out_compress.py:116)
DEBUG:Adding /tmp/tmpuj253x0z/pads/STM32G431K8Tx_U2_73_16 as pads/STM32G431K8Tx_U2_73_16 (kibot - out_compress.py:116)
DEBUG:Adding /tmp/tmpuj253x0z/pads/STM32G431K8Tx_U2_73_17 as pads/STM32G431K8Tx_U2_73_17 (kibot - out_compress.py:116)
DEBUG:Adding /tmp/tmpuj253x0z/pads/STM32G431K8Tx_U2_73_18 as pads/STM32G431K8Tx_U2_73_18 (kibot - out_compress.py:116)
DEBUG:Adding /tmp/tmpuj253x0z/pads/STM32G431K8Tx_U2_73_19 as pads/STM32G431K8Tx_U2_73_19 (kibot - out_compress.py:116)
DEBUG:Adding /tmp/tmpuj253x0z/pads/STM32G431K8Tx_U2_73_20 as pads/STM32G431K8Tx_U2_73_20 (kibot - out_compress.py:116)
DEBUG:Adding /tmp/tmpuj253x0z/pads/STM32G431K8Tx_U2_73_21 as pads/STM32G431K8Tx_U2_73_21 (kibot - out_compress.py:116)
DEBUG:Adding /tmp/tmpuj253x0z/pads/STM32G431K8Tx_U2_73_22 as pads/STM32G431K8Tx_U2_73_22 (kibot - out_compress.py:116)
DEBUG:Adding /tmp/tmpuj253x0z/pads/STM32G431K8Tx_U2_73_23 as pads/STM32G431K8Tx_U2_73_23 (kibot - out_compress.py:116)
DEBUG:Adding /tmp/tmpuj253x0z/pads/STM32G431K8Tx_U2_73_24 as pads/STM32G431K8Tx_U2_73_24 (kibot - out_compress.py:116)
DEBUG:Adding /tmp/tmpuj253x0z/pads/STM32G431K8Tx_U2_73_25 as pads/STM32G431K8Tx_U2_73_25 (kibot - out_compress.py:116)
DEBUG:Adding /tmp/tmpuj253x0z/pads/STM32G431K8Tx_U2_73_26 as pads/STM32G431K8Tx_U2_73_26 (kibot - out_compress.py:116)
DEBUG:Adding /tmp/tmpuj253x0z/pads/STM32G431K8Tx_U2_73_27 as pads/STM32G431K8Tx_U2_73_27 (kibot - out_compress.py:116)
DEBUG:Adding /tmp/tmpuj253x0z/pads/STM32G431K8Tx_U2_73_28 as pads/STM32G431K8Tx_U2_73_28 (kibot - out_compress.py:116)
DEBUG:Adding /tmp/tmpuj253x0z/pads/STM32G431K8Tx_U2_73_29 as pads/STM32G431K8Tx_U2_73_29 (kibot - out_compress.py:116)
DEBUG:Adding /tmp/tmpuj253x0z/pads/STM32G431K8Tx_U2_73_30 as pads/STM32G431K8Tx_U2_73_30 (kibot - out_compress.py:116)
DEBUG:Adding /tmp/tmpuj253x0z/pads/STM32G431K8Tx_U2_73_31 as pads/STM32G431K8Tx_U2_73_31 (kibot - out_compress.py:116)
DEBUG:Adding /tmp/tmpuj253x0z/pads/JST_B4B_XH_A_J1_74_0 as pads/JST_B4B_XH_A_J1_74_0 (kibot - out_compress.py:116)
DEBUG:Adding /tmp/tmpuj253x0z/pads/JST_B4B_XH_A_J1_74_1 as pads/JST_B4B_XH_A_J1_74_1 (kibot - out_compress.py:116)
DEBUG:Adding /tmp/tmpuj253x0z/pads/JST_B4B_XH_A_J1_74_2 as pads/JST_B4B_XH_A_J1_74_2 (kibot - out_compress.py:116)
DEBUG:Adding /tmp/tmpuj253x0z/pads/JST_B4B_XH_A_J1_74_3 as pads/JST_B4B_XH_A_J1_74_3 (kibot - out_compress.py:116)
DEBUG:Adding /tmp/tmpuj253x0z/pads/220u_C24_75_0 as pads/220u_C24_75_0 (kibot - out_compress.py:116)
DEBUG:Adding /tmp/tmpuj253x0z/pads/220u_C24_75_1 as pads/220u_C24_75_1 (kibot - out_compress.py:116)
DEBUG:Adding /tmp/tmpuj253x0z/pads/0R_JP11_76_0 as pads/0R_JP11_76_0 (kibot - out_compress.py:116)
DEBUG:Adding /tmp/tmpuj253x0z/pads/0R_JP11_76_1 as pads/0R_JP11_76_1 (kibot - out_compress.py:116)
DEBUG:Adding /tmp/tmpuj253x0z/pads/0R_JP18_77_0 as pads/0R_JP18_77_0 (kibot - out_compress.py:116)
DEBUG:Adding /tmp/tmpuj253x0z/pads/0R_JP18_77_1 as pads/0R_JP18_77_1 (kibot - out_compress.py:116)
DEBUG:Adding /tmp/tmpuj253x0z/pads/JST_B6B_XH_A_J7_78_0 as pads/JST_B6B_XH_A_J7_78_0 (kibot - out_compress.py:116)
DEBUG:Adding /tmp/tmpuj253x0z/pads/JST_B6B_XH_A_J7_78_1 as pads/JST_B6B_XH_A_J7_78_1 (kibot - out_compress.py:116)
DEBUG:Adding /tmp/tmpuj253x0z/pads/JST_B6B_XH_A_J7_78_2 as pads/JST_B6B_XH_A_J7_78_2 (kibot - out_compress.py:116)
DEBUG:Adding /tmp/tmpuj253x0z/pads/JST_B6B_XH_A_J7_78_3 as pads/JST_B6B_XH_A_J7_78_3 (kibot - out_compress.py:116)
DEBUG:Adding /tmp/tmpuj253x0z/pads/JST_B6B_XH_A_J7_78_4 as pads/JST_B6B_XH_A_J7_78_4 (kibot - out_compress.py:116)
DEBUG:Adding /tmp/tmpuj253x0z/pads/JST_B6B_XH_A_J7_78_5 as pads/JST_B6B_XH_A_J7_78_5 (kibot - out_compress.py:116)
DEBUG:Adding /tmp/tmpuj253x0z/pads/0R_JP4_79_0 as pads/0R_JP4_79_0 (kibot - out_compress.py:116)
DEBUG:Adding /tmp/tmpuj253x0z/pads/0R_JP4_79_1 as pads/0R_JP4_79_1 (kibot - out_compress.py:116)
DEBUG:Adding /tmp/tmpuj253x0z/pads/10k_R8_80_0 as pads/10k_R8_80_0 (kibot - out_compress.py:116)
DEBUG:Adding /tmp/tmpuj253x0z/pads/10k_R8_80_1 as pads/10k_R8_80_1 (kibot - out_compress.py:116)
DEBUG:Adding /tmp/tmpuj253x0z/pads/820_R11_81_0 as pads/820_R11_81_0 (kibot - out_compress.py:116)
DEBUG:Adding /tmp/tmpuj253x0z/pads/820_R11_81_1 as pads/820_R11_81_1 (kibot - out_compress.py:116)
DEBUG:Adding /tmp/tmpuj253x0z/pads/22u_C15_82_0 as pads/22u_C15_82_0 (kibot - out_compress.py:116)
DEBUG:Adding /tmp/tmpuj253x0z/pads/22u_C15_82_1 as pads/22u_C15_82_1 (kibot - out_compress.py:116)
DEBUG:Adding /tmp/tmpuj253x0z/pads/TestPoint_TP1_83_0 as pads/TestPoint_TP1_83_0 (kibot - out_compress.py:116)
DEBUG:Adding /tmp/tmpuj253x0z/pads/0R_JP1_84_0 as pads/0R_JP1_84_0 (kibot - out_compress.py:116)
DEBUG:Adding /tmp/tmpuj253x0z/pads/0R_JP1_84_1 as pads/0R_JP1_84_1 (kibot - out_compress.py:116)
DEBUG:Adding /tmp/tmpuj253x0z/pads/1n_C7_85_0 as pads/1n_C7_85_0 (kibot - out_compress.py:116)
DEBUG:Adding /tmp/tmpuj253x0z/pads/1n_C7_85_1 as pads/1n_C7_85_1 (kibot - out_compress.py:116)
DEBUG:Adding /tmp/tmpuj253x0z/pads/10k_R1_86_0 as pads/10k_R1_86_0 (kibot - out_compress.py:116)
DEBUG:Adding /tmp/tmpuj253x0z/pads/10k_R1_86_1 as pads/10k_R1_86_1 (kibot - out_compress.py:116)
DEBUG:Adding /tmp/tmpuj253x0z/pads/4_7u_C2_87_0 as pads/4_7u_C2_87_0 (kibot - out_compress.py:116)
DEBUG:Adding /tmp/tmpuj253x0z/pads/4_7u_C2_87_1 as pads/4_7u_C2_87_1 (kibot - out_compress.py:116)
DEBUG:Adding /tmp/tmpuj253x0z/pads/0R_JP22_88_0 as pads/0R_JP22_88_0 (kibot - out_compress.py:116)
DEBUG:Adding /tmp/tmpuj253x0z/pads/0R_JP22_88_1 as pads/0R_JP22_88_1 (kibot - out_compress.py:116)
DEBUG:Adding /tmp/tmpuj253x0z/pads/2k2_R4_89_0 as pads/2k2_R4_89_0 (kibot - out_compress.py:116)
DEBUG:Adding /tmp/tmpuj253x0z/pads/2k2_R4_89_1 as pads/2k2_R4_89_1 (kibot - out_compress.py:116)
DEBUG:Adding /tmp/tmpuj253x0z/pads/TestPoint_TP17_90_0 as pads/TestPoint_TP17_90_0 (kibot - out_compress.py:116)
DEBUG:Adding /tmp/tmpuj253x0z/pads/1n_C22_91_0 as pads/1n_C22_91_0 (kibot - out_compress.py:116)
DEBUG:Adding /tmp/tmpuj253x0z/pads/1n_C22_91_1 as pads/1n_C22_91_1 (kibot - out_compress.py:116)
DEBUG:Adding /tmp/tmpuj253x0z/pads/0R_JP3_92_0 as pads/0R_JP3_92_0 (kibot - out_compress.py:116)
DEBUG:Adding /tmp/tmpuj253x0z/pads/0R_JP3_92_1 as pads/0R_JP3_92_1 (kibot - out_compress.py:116)
DEBUG:Adding /tmp/tmpuj253x0z/pads/BAV99_D1_93_0 as pads/BAV99_D1_93_0 (kibot - out_compress.py:116)
DEBUG:Adding /tmp/tmpuj253x0z/pads/BAV99_D1_93_1 as pads/BAV99_D1_93_1 (kibot - out_compress.py:116)
DEBUG:Adding /tmp/tmpuj253x0z/pads/BAV99_D1_93_2 as pads/BAV99_D1_93_2 (kibot - out_compress.py:116)
DEBUG:Adding /tmp/tmpuj253x0z/pads/1n_C8_94_0 as pads/1n_C8_94_0 (kibot - out_compress.py:116)
DEBUG:Adding /tmp/tmpuj253x0z/pads/1n_C8_94_1 as pads/1n_C8_94_1 (kibot - out_compress.py:116)
DEBUG:Adding /tmp/tmpuj253x0z/pads/0R_JP12_95_0 as pads/0R_JP12_95_0 (kibot - out_compress.py:116)
DEBUG:Adding /tmp/tmpuj253x0z/pads/0R_JP12_95_1 as pads/0R_JP12_95_1 (kibot - out_compress.py:116)
DEBUG:Adding /tmp/tmpuj253x0z/pads/1n_C21_96_0 as pads/1n_C21_96_0 (kibot - out_compress.py:116)
DEBUG:Adding /tmp/tmpuj253x0z/pads/1n_C21_96_1 as pads/1n_C21_96_1 (kibot - out_compress.py:116)
DEBUG:Adding /tmp/tmpuj253x0z/pads/HX_JN1_27_2x5_WZ_H4_9_J4_97_0 as pads/HX_JN1_27_2x5_WZ_H4_9_J4_97_0 (kibot - out_compress.py:116)
DEBUG:Adding /tmp/tmpuj253x0z/pads/HX_JN1_27_2x5_WZ_H4_9_J4_97_1 as pads/HX_JN1_27_2x5_WZ_H4_9_J4_97_1 (kibot - out_compress.py:116)
DEBUG:Adding /tmp/tmpuj253x0z/pads/HX_JN1_27_2x5_WZ_H4_9_J4_97_2 as pads/HX_JN1_27_2x5_WZ_H4_9_J4_97_2 (kibot - out_compress.py:116)
DEBUG:Adding /tmp/tmpuj253x0z/pads/HX_JN1_27_2x5_WZ_H4_9_J4_97_3 as pads/HX_JN1_27_2x5_WZ_H4_9_J4_97_3 (kibot - out_compress.py:116)
DEBUG:Adding /tmp/tmpuj253x0z/pads/HX_JN1_27_2x5_WZ_H4_9_J4_97_4 as pads/HX_JN1_27_2x5_WZ_H4_9_J4_97_4 (kibot - out_compress.py:116)
DEBUG:Adding /tmp/tmpuj253x0z/pads/HX_JN1_27_2x5_WZ_H4_9_J4_97_5 as pads/HX_JN1_27_2x5_WZ_H4_9_J4_97_5 (kibot - out_compress.py:116)
DEBUG:Adding /tmp/tmpuj253x0z/pads/HX_JN1_27_2x5_WZ_H4_9_J4_97_6 as pads/HX_JN1_27_2x5_WZ_H4_9_J4_97_6 (kibot - out_compress.py:116)
DEBUG:Adding /tmp/tmpuj253x0z/pads/HX_JN1_27_2x5_WZ_H4_9_J4_97_7 as pads/HX_JN1_27_2x5_WZ_H4_9_J4_97_7 (kibot - out_compress.py:116)
DEBUG:Adding /tmp/tmpuj253x0z/pads/HX_JN1_27_2x5_WZ_H4_9_J4_97_8 as pads/HX_JN1_27_2x5_WZ_H4_9_J4_97_8 (kibot - out_compress.py:116)
DEBUG:Adding /tmp/tmpuj253x0z/pads/HX_JN1_27_2x5_WZ_H4_9_J4_97_9 as pads/HX_JN1_27_2x5_WZ_H4_9_J4_97_9 (kibot - out_compress.py:116)
DEBUG:Adding /tmp/tmpuj253x0z/pads/2_54_mm_header_J2_98_0 as pads/2_54_mm_header_J2_98_0 (kibot - out_compress.py:116)
DEBUG:Adding /tmp/tmpuj253x0z/pads/2_54_mm_header_J2_98_1 as pads/2_54_mm_header_J2_98_1 (kibot - out_compress.py:116)
DEBUG:Adding /tmp/tmpuj253x0z/pads/2_54_mm_header_J2_98_2 as pads/2_54_mm_header_J2_98_2 (kibot - out_compress.py:116)
DEBUG:Adding /tmp/tmpuj253x0z/pads/2_54_mm_header_J2_98_3 as pads/2_54_mm_header_J2_98_3 (kibot - out_compress.py:116)
DEBUG:Adding /tmp/tmpuj253x0z/pads/Conn_01x14_Pin_J3_99_0 as pads/Conn_01x14_Pin_J3_99_0 (kibot - out_compress.py:116)
DEBUG:Adding /tmp/tmpuj253x0z/pads/Conn_01x14_Pin_J3_99_1 as pads/Conn_01x14_Pin_J3_99_1 (kibot - out_compress.py:116)
DEBUG:Adding /tmp/tmpuj253x0z/pads/Conn_01x14_Pin_J3_99_2 as pads/Conn_01x14_Pin_J3_99_2 (kibot - out_compress.py:116)
DEBUG:Adding /tmp/tmpuj253x0z/pads/Conn_01x14_Pin_J3_99_3 as pads/Conn_01x14_Pin_J3_99_3 (kibot - out_compress.py:116)
DEBUG:Adding /tmp/tmpuj253x0z/pads/Conn_01x14_Pin_J3_99_4 as pads/Conn_01x14_Pin_J3_99_4 (kibot - out_compress.py:116)
DEBUG:Adding /tmp/tmpuj253x0z/pads/Conn_01x14_Pin_J3_99_5 as pads/Conn_01x14_Pin_J3_99_5 (kibot - out_compress.py:116)
DEBUG:Adding /tmp/tmpuj253x0z/pads/Conn_01x14_Pin_J3_99_6 as pads/Conn_01x14_Pin_J3_99_6 (kibot - out_compress.py:116)
DEBUG:Adding /tmp/tmpuj253x0z/pads/Conn_01x14_Pin_J3_99_7 as pads/Conn_01x14_Pin_J3_99_7 (kibot - out_compress.py:116)
DEBUG:Adding /tmp/tmpuj253x0z/pads/Conn_01x14_Pin_J3_99_8 as pads/Conn_01x14_Pin_J3_99_8 (kibot - out_compress.py:116)
DEBUG:Adding /tmp/tmpuj253x0z/pads/Conn_01x14_Pin_J3_99_9 as pads/Conn_01x14_Pin_J3_99_9 (kibot - out_compress.py:116)
DEBUG:Adding /tmp/tmpuj253x0z/pads/Conn_01x14_Pin_J3_99_10 as pads/Conn_01x14_Pin_J3_99_10 (kibot - out_compress.py:116)
DEBUG:Adding /tmp/tmpuj253x0z/pads/Conn_01x14_Pin_J3_99_11 as pads/Conn_01x14_Pin_J3_99_11 (kibot - out_compress.py:116)
DEBUG:Adding /tmp/tmpuj253x0z/pads/Conn_01x14_Pin_J3_99_12 as pads/Conn_01x14_Pin_J3_99_12 (kibot - out_compress.py:116)
DEBUG:Adding /tmp/tmpuj253x0z/pads/Conn_01x14_Pin_J3_99_13 as pads/Conn_01x14_Pin_J3_99_13 (kibot - out_compress.py:116)
DEBUG:Adding /tmp/tmpuj253x0z/pads/TFT_2_4in_320x240_TFT1_100_0 as pads/TFT_2_4in_320x240_TFT1_100_0 (kibot - out_compress.py:116)
DEBUG:Adding /tmp/tmpuj253x0z/pads/TFT_2_4in_320x240_TFT1_100_1 as pads/TFT_2_4in_320x240_TFT1_100_1 (kibot - out_compress.py:116)
DEBUG:Adding /tmp/tmpuj253x0z/pads/TFT_2_4in_320x240_TFT1_100_2 as pads/TFT_2_4in_320x240_TFT1_100_2 (kibot - out_compress.py:116)
DEBUG:Adding /tmp/tmpuj253x0z/pads/TFT_2_4in_320x240_TFT1_100_3 as pads/TFT_2_4in_320x240_TFT1_100_3 (kibot - out_compress.py:116)
DEBUG:Adding /tmp/tmpuj253x0z/layers/stackup as layers/stackup (kibot - out_compress.py:116)
DEBUG:Adding /tmp/tmpuj253x0z/boards as boards (kibot - out_compress.py:116)
DEBUG:Starting tool check for Blender (kibot - dep_downloader.py:866)
DEBUG:- Returning `/usr/bin/blender` (kibot - dep_downloader.py:873)
DEBUG:Starting tool check for ImageMagick (kibot - dep_downloader.py:866)
DEBUG:- Returning `/usr/bin/convert` (kibot - dep_downloader.py:873)
DEBUG:Scene:
{
  "auto_camera_z_axis_factor": 1.1,
  "fixed_auto_camera": false,
  "lights": [
    {
      "energy": 0.5,
      "name": "sunlight",
      "position": [
        -0.33316650000000003,
        0.33316650000000003,
        0.50025
      ],
      "type": "SUN"
    },
    {
      "energy": 2.4024005999999996,
      "name": "softbox1",
      "position": [
        -0.33316650000000003,
        0.33316650000000003,
        0.50025
      ],
      "type": "AREA"
    },
    {
      "energy": 2.4024005999999996,
      "name": "softbox2",
      "position": [
        0.33316650000000003,
        -0.33316650000000003,
        0.50025
      ],
      "type": "AREA"
    },
    {
      "energy": 2.4024005999999996,
      "name": "softbox3",
      "position": [
        -0.33316650000000003,
        -0.33316650000000003,
        0.50025
      ],
      "type": "AREA"
    },
    {
      "energy": 2.4024005999999996,
      "name": "softbox4",
      "position": [
        -0.33316650000000003,
        0.33316650000000003,
        0.50025
      ],
      "type": "AREA"
    }
  ],
  "point_of_view": [
    {
      "rotate_x": 0,
      "rotate_y": 0,
      "rotate_z": 0,
      "view": "z"
    }
  ],
  "render": {
    "background1": "#66667F",
    "background2": "#66667F",
    "resolution_x": 1080,
    "resolution_y": 1080,
    "samples": 4,
    "transparent_background": true
  }
} (kibot - out_blender_export.py:610)
DEBUG:- Executing: /usr/bin/blender -b --factory-startup -P /usr/lib/python3/dist-packages/kibot/blender_scripts/blender_export.py -- --format render --output /work/output/3d/ktest-3D_blendertop.png --scene /tmp/tmpkkfd_nix.json /work/output/3d/ktest-blender_export.pcb3d (kibot - kiplot.py:161)
DEBUG:- Output from command: Importing PCB3D file ...
Add-on not loaded: "pcb2blender_importer", cause: No module named 'pcb2blender_importer'
Add-on not loaded: "pcb3d_importer", cause: No module named 'pcb3d_importer'
Add-on not loaded: "bl_ext.blender_org.pcb3d_importer", cause: No module named 'bl_ext.blender_org.pcb3d_importer'
Skipping wheel for other system (win_arm64 != linux_x86_64): pillow-11.3.0-cp311-cp311-win_arm64.whl
Skipping wheel for other system (win_arm64 != linux_x86_64): skia_python-138.0-cp311-cp311-win_arm64.whl
Skipping wheel for other system (win_amd64 != linux_x86_64): skia_python-138.0-cp311-cp311-win_amd64.whl
Skipping wheel for other system (macosx_11_0_arm64 != linux_x86_64): pillow-11.3.0-cp311-cp311-macosx_11_0_arm64.whl
Skipping wheel for other system (macosx_11_0_arm64 != linux_x86_64): skia_python-138.0-cp311-cp311-macosx_11_0_arm64.whl
Skipping wheel for other system (macosx_10_10_x86_64 != linux_x86_64): pillow-11.3.0-cp311-cp311-macosx_10_10_x86_64.whl
Skipping wheel for other system (macosx_11_0_x86_64 != linux_x86_64): skia_python-138.0-cp311-cp311-macosx_11_0_x86_64.whl
Skipping wheel for other system (win_amd64 != linux_x86_64): pillow-11.3.0-cp311-cp311-win_amd64.whl
unknown drill shape '2'
unknown drill shape '2'
unknown drill shape '2'
unknown drill shape '2'
unknown drill shape '2'
unknown drill shape '2'
unknown drill shape '2'
unknown drill shape '2'
unknown drill shape '2'
unknown drill shape '2'
unknown drill shape '2'
unknown drill shape '2'
{
  "auto_camera_z_axis_factor": 1.1,
  "fixed_auto_camera": false,
  "lights": [
    {
      "energy": 0.5,
      "name": "sunlight",
      "position": [
        -0.33316650000000003,
        0.33316650000000003,
        0.50025
      ],
      "type": "SUN"
    },
    {
      "energy": 2.4024005999999996,
      "name": "softbox1",
      "position": [
        -0.33316650000000003,
        0.33316650000000003,
        0.50025
      ],
      "type": "AREA"
    },
    {
      "energy": 2.4024005999999996,
      "name": "softbox2",
      "position": [
        0.33316650000000003,
        -0.33316650000000003,
        0.50025
      ],
      "type": "AREA"
    },
    {
      "energy": 2.4024005999999996,
      "name": "softbox3",
      "position": [
        -0.33316650000000003,
        -0.33316650000000003,
        0.50025
      ],
      "type": "AREA"
    },
    {
      "energy": 2.4024005999999996,
      "name": "softbox4",
      "position": [
        -0.33316650000000003,
        0.33316650000000003,
        0.50025
      ],
      "type": "AREA"
    }
  ],
  "point_of_view": [
    {
      "rotate_x": 0,
      "rotate_y": 0,
      "rotate_z": 0,
      "view": "z"
    }
  ],
  "render": {
    "background1": "#66667F",
    "background2": "#66667F",
    "resolution_x": 1080,
    "resolution_y": 1080,
    "samples": 4,
    "transparent_background": true
  }
}
- Select all
- Initial rotations: (0, 0, 0)
- Creating camera kibot_camera at (0.0, 0.0, 10.0)
- Changing camera to focus the board
- Creating light sunlight at [-0.33316650000000003, 0.33316650000000003, 0.50025], type: SUN energy: 0.5
- Default energy: 10.0
- Creating light softbox1 at [-0.33316650000000003, 0.33316650000000003, 0.50025], type: AREA energy: 2.4024005999999996
- Default energy: 10.0
- Creating light softbox2 at [0.33316650000000003, -0.33316650000000003, 0.50025], type: AREA energy: 2.4024005999999996
- Default energy: 10.0
- Creating light softbox3 at [-0.33316650000000003, -0.33316650000000003, 0.50025], type: AREA energy: 2.4024005999999996
- Default energy: 10.0
- Creating light softbox4 at [-0.33316650000000003, 0.33316650000000003, 0.50025], type: AREA energy: 2.4024005999999996
- Default energy: 10.0
Original colour transform: AgX
Solder-mask texture adjustment: 1 shader node(s), strength=0.2
Softbox softbox1: size=0.400 x 0.600, energy=2.402, aimed at board centre
Softbox softbox2: size=0.400 x 0.600, energy=2.402, aimed at board centre
Softbox softbox3: size=0.400 x 0.600, energy=2.402, aimed at board centre
Softbox softbox4: size=0.400 x 0.600, energy=2.402, aimed at board centre
DARK MATERIAL 'SHAPE_1': (0.14702726900577545, 0.1441284716129303, 0.1441284716129303, 1.0) -> (0.022054091095924377, 0.021619271486997604, 0.021619271486997604, 1.0)
DARK MATERIAL 'SHAPE_1.005': (0.14702726900577545, 0.1441284716129303, 0.1441284716129303, 1.0) -> (0.022054091095924377, 0.021619271486997604, 0.021619271486997604, 1.0)
DARK MATERIAL 'SHAPE_1.007': (0.14702726900577545, 0.1441284716129303, 0.1441284716129303, 1.0) -> (0.022054091095924377, 0.021619271486997604, 0.021619271486997604, 1.0)
DARK MATERIAL 'SHAPE_1.009': (0.14702726900577545, 0.1441284716129303, 0.1441284716129303, 1.0) -> (0.022054091095924377, 0.021619271486997604, 0.021619271486997604, 1.0)
DARK MATERIAL 'SHAPE_1.012': (0.14702726900577545, 0.1441284716129303, 0.1441284716129303, 1.0) -> (0.022054091095924377, 0.021619271486997604, 0.021619271486997604, 1.0)
DARK MATERIAL 'SHAPE_1.014': (0.14702726900577545, 0.1441284716129303, 0.1441284716129303, 1.0) -> (0.022054091095924377, 0.021619271486997604, 0.021619271486997604, 1.0)
DARK MATERIAL 'SHAPE_1.016': (0.14702726900577545, 0.1441284716129303, 0.1441284716129303, 1.0) -> (0.022054091095924377, 0.021619271486997604, 0.021619271486997604, 1.0)
DARK MATERIAL 'SHAPE_14': (0.0802198201417923, 0.08437620848417282, 0.09305896610021591, 1.0) -> (0.012032972648739815, 0.012656431645154953, 0.013958845287561417, 1.0)
DARK MATERIAL 'SHAPE_14.001': (0.0802198201417923, 0.08437620848417282, 0.09305896610021591, 1.0) -> (0.012032972648739815, 0.012656431645154953, 0.013958845287561417, 1.0)
DARK MATERIAL 'SHAPE_19': (0.15896083414554596, 0.15896083414554596, 0.15896083414554596, 1.0) -> (0.023844124749302864, 0.023844124749302864, 0.023844124749302864, 1.0)
DARK MATERIAL 'SHAPE_4': (0.14702726900577545, 0.1441284716129303, 0.1441284716129303, 1.0) -> (0.022054091095924377, 0.021619271486997604, 0.021619271486997604, 1.0)
Darkened 11 component material(s)
MATERIAL_DIAG JST housing corrected: JST_XH_B4B-XH-A_1x04_P2.50mm_Vertical; contacts retained
MATERIAL_DIAG JST housing corrected: JST_XH_B6B-XH-A_1x06_P2.50mm_Vertical; contacts retained
Metal roughness floor: 0.25; adjusted 3 shader(s)
MATERIAL_DIAG 'SHAPE_1': {'Color': {'value': (0.022054091095924377, 0.021619271486997604, 0.021619271486997604, 1.0), 'linked': False}, 'Texture Strength': {'value': 0.5, 'linked': False}, 'Scratches': {'value': 0.5, 'linked': False}, 'Normal': {'value': (0.0, 0.0, 0.0), 'linked': False}}
MATERIAL_DIAG 'SHAPE_1.001': {'Color': {'value': (0.8227857351303101, 0.8148465752601624, 0.7758222222328186, 1.0), 'linked': False}, 'Texture Strength': {'value': 0.5, 'linked': False}, 'Scratches': {'value': 0.5, 'linked': False}, 'Normal': {'value': (0.0, 0.0, 0.0), 'linked': False}}
MATERIAL_DIAG 'SHAPE_1.002': {'Color': {'value': (0.8879231214523315, 0.8879231214523315, 0.8069522380828857, 1.0), 'linked': False}, 'Texture Strength': {'value': 0.5, 'linked': False}, 'Scratches': {'value': 0.5, 'linked': False}, 'Normal': {'value': (0.0, 0.0, 0.0), 'linked': False}}
MATERIAL_DIAG 'SHAPE_1.003': {'Color': {'value': (0.8227857351303101, 0.8148465752601624, 0.7758222222328186, 1.0), 'linked': False}, 'Texture Strength': {'value': 0.5, 'linked': False}, 'Scratches': {'value': 0.5, 'linked': False}, 'Normal': {'value': (0.0, 0.0, 0.0), 'linked': False}}
MATERIAL_DIAG 'SHAPE_1.004': {'Color': {'value': (0.8227857351303101, 0.8148465752601624, 0.7758222222328186, 1.0), 'linked': False}, 'Texture Strength': {'value': 0.5, 'linked': False}, 'Scratches': {'value': 0.5, 'linked': False}, 'Normal': {'value': (0.0, 0.0, 0.0), 'linked': False}}
MATERIAL_DIAG 'SHAPE_1.005': {'Color': {'value': (0.022054091095924377, 0.021619271486997604, 0.021619271486997604, 1.0), 'linked': False}, 'Texture Strength': {'value': 0.5, 'linked': False}, 'Scratches': {'value': 0.5, 'linked': False}, 'Normal': {'value': (0.0, 0.0, 0.0), 'linked': False}}
MATERIAL_DIAG 'SHAPE_1.006': {'Color': {'value': (0.8227857351303101, 0.8148465752601624, 0.7758222222328186, 1.0), 'linked': False}, 'Texture Strength': {'value': 0.5, 'linked': False}, 'Scratches': {'value': 0.5, 'linked': False}, 'Normal': {'value': (0.0, 0.0, 0.0), 'linked': False}}
MATERIAL_DIAG 'SHAPE_1.007': {'Color': {'value': (0.022054091095924377, 0.021619271486997604, 0.021619271486997604, 1.0), 'linked': False}, 'Texture Strength': {'value': 0.5, 'linked': False}, 'Scratches': {'value': 0.5, 'linked': False}, 'Normal': {'value': (0.0, 0.0, 0.0), 'linked': False}}
MATERIAL_DIAG 'SHAPE_1.008': {'Color': {'value': (0.8879231214523315, 0.8879231214523315, 0.8069522380828857, 1.0), 'linked': False}, 'Texture Strength': {'value': 0.5, 'linked': False}, 'Scratches': {'value': 0.5, 'linked': False}, 'Normal': {'value': (0.0, 0.0, 0.0), 'linked': False}}
MATERIAL_DIAG 'SHAPE_1.009': {'Color': {'value': (0.022054091095924377, 0.021619271486997604, 0.021619271486997604, 1.0), 'linked': False}, 'Texture Strength': {'value': 0.5, 'linked': False}, 'Scratches': {'value': 0.5, 'linked': False}, 'Normal': {'value': (0.0, 0.0, 0.0), 'linked': False}}
MATERIAL_DIAG 'SHAPE_1.010': {'Color': {'value': (0.8796223998069763, 0.7083757519721985, 0.4910208582878113, 1.0), 'linked': False}, 'Texture Strength': {'value': 0.5, 'linked': False}, 'Scratches': {'value': 0.5, 'linked': False}, 'Normal': {'value': (0.0, 0.0, 0.0), 'linked': False}}
MATERIAL_DIAG 'SHAPE_1.011': {'Color': {'value': (0.8796223998069763, 0.7083757519721985, 0.4910208582878113, 1.0), 'linked': False}, 'Texture Strength': {'value': 0.5, 'linked': False}, 'Scratches': {'value': 0.5, 'linked': False}, 'Normal': {'value': (0.0, 0.0, 0.0), 'linked': False}}
MATERIAL_DIAG 'SHAPE_1.012': {'Color': {'value': (0.022054091095924377, 0.021619271486997604, 0.021619271486997604, 1.0), 'linked': False}, 'Texture Strength': {'value': 0.5, 'linked': False}, 'Scratches': {'value': 0.5, 'linked': False}, 'Normal': {'value': (0.0, 0.0, 0.0), 'linked': False}}
MATERIAL_DIAG 'SHAPE_1.013': {'Color': {'value': (0.8227857351303101, 0.8148465752601624, 0.7758222222328186, 1.0), 'linked': False}, 'Texture Strength': {'value': 0.5, 'linked': False}, 'Scratches': {'value': 0.5, 'linked': False}, 'Normal': {'value': (0.0, 0.0, 0.0), 'linked': False}}
MATERIAL_DIAG 'SHAPE_1.014': {'Color': {'value': (0.022054091095924377, 0.021619271486997604, 0.021619271486997604, 1.0), 'linked': False}, 'Texture Strength': {'value': 0.5, 'linked': False}, 'Scratches': {'value': 0.5, 'linked': False}, 'Normal': {'value': (0.0, 0.0, 0.0), 'linked': False}}
MATERIAL_DIAG 'SHAPE_1.015': {'Color': {'value': (0.8227857351303101, 0.8148465752601624, 0.7758222222328186, 1.0), 'linked': False}, 'Texture Strength': {'value': 0.5, 'linked': False}, 'Scratches': {'value': 0.5, 'linked': False}, 'Normal': {'value': (0.0, 0.0, 0.0), 'linked': False}}
MATERIAL_DIAG 'SHAPE_1.016': {'Color': {'value': (0.022054091095924377, 0.021619271486997604, 0.021619271486997604, 1.0), 'linked': False}, 'Texture Strength': {'value': 0.5, 'linked': False}, 'Scratches': {'value': 0.5, 'linked': False}, 'Normal': {'value': (0.0, 0.0, 0.0), 'linked': False}}
MATERIAL_DIAG 'SHAPE_1.017': {'Color': {'value': (0.8227857351303101, 0.8148465752601624, 0.7758222222328186, 1.0), 'linked': False}, 'Texture Strength': {'value': 0.5, 'linked': False}, 'Scratches': {'value': 0.5, 'linked': False}, 'Normal': {'value': (0.0, 0.0, 0.0), 'linked': False}}
MATERIAL_DIAG 'SHAPE_10': {'Color': {'value': (0.8549926280975342, 0.7379103899002075, 0.4910208582878113, 1.0), 'linked': False}, 'Texture Strength': {'value': 0.5, 'linked': False}, 'Scratches': {'value': 0.5, 'linked': False}, 'Normal': {'value': (0.0, 0.0, 0.0), 'linked': False}}
MATERIAL_DIAG 'SHAPE_11': {'Color': {'value': (0.3762621283531189, 0.26635560393333435, 0.21223075687885284, 1.0), 'linked': False}, 'Texture Strength': {'value': 0.5, 'linked': False}, 'Scratches': {'value': 0.5, 'linked': False}, 'Normal': {'value': (0.0, 0.0, 0.0), 'linked': False}}
MATERIAL_DIAG 'SHAPE_11.001': {'Color': {'value': (0.3762621283531189, 0.26635560393333435, 0.21223075687885284, 1.0), 'linked': False}, 'Texture Strength': {'value': 0.5, 'linked': False}, 'Scratches': {'value': 0.5, 'linked': False}, 'Normal': {'value': (0.0, 0.0, 0.0), 'linked': False}}
MATERIAL_DIAG 'SHAPE_11.002': {'Color': {'value': (0.3762621283531189, 0.26635560393333435, 0.21223075687885284, 1.0), 'linked': False}, 'Texture Strength': {'value': 0.5, 'linked': False}, 'Scratches': {'value': 0.5, 'linked': False}, 'Normal': {'value': (0.0, 0.0, 0.0), 'linked': False}}
MATERIAL_DIAG 'SHAPE_117': {'Color': {'value': (0.68668532371521, 0.6583748459815979, 0.5972017645835876, 1.0), 'linked': False}, 'Texture Strength': {'value': 0.5, 'linked': False}, 'Scratches': {'value': 0.5, 'linked': False}, 'Normal': {'value': (0.0, 0.0, 0.0), 'linked': False}}
MATERIAL_DIAG 'SHAPE_14': {'Color': {'value': (0.012032972648739815, 0.012656431645154953, 0.013958845287561417, 1.0), 'linked': False}, 'Texture Strength': {'value': 0.5, 'linked': False}, 'Scratches': {'value': 0.5, 'linked': False}, 'Normal': {'value': (0.0, 0.0, 0.0), 'linked': False}}
MATERIAL_DIAG 'SHAPE_14.001': {'Color': {'value': (0.012032972648739815, 0.012656431645154953, 0.013958845287561417, 1.0), 'linked': False}, 'Texture Strength': {'value': 0.5, 'linked': False}, 'Scratches': {'value': 0.5, 'linked': False}, 'Normal': {'value': (0.0, 0.0, 0.0), 'linked': False}}
MATERIAL_DIAG 'SHAPE_147': {'Color': {'value': (0.68668532371521, 0.6583748459815979, 0.5972017645835876, 1.0), 'linked': False}, 'Texture Strength': {'value': 0.5, 'linked': False}, 'Scratches': {'value': 0.5, 'linked': False}, 'Normal': {'value': (0.0, 0.0, 0.0), 'linked': False}}
MATERIAL_DIAG 'SHAPE_15': {'Color': {'value': (0.8227857351303101, 0.8148465752601624, 0.7758222222328186, 1.0), 'linked': False}, 'Texture Strength': {'value': 0.5, 'linked': False}, 'Scratches': {'value': 0.5, 'linked': False}, 'Normal': {'value': (0.0, 0.0, 0.0), 'linked': False}}
MATERIAL_DIAG 'SHAPE_15.001': {'Color': {'value': (0.8227857351303101, 0.8148465752601624, 0.7758222222328186, 1.0), 'linked': False}, 'Texture Strength': {'value': 0.5, 'linked': False}, 'Scratches': {'value': 0.5, 'linked': False}, 'Normal': {'value': (0.0, 0.0, 0.0), 'linked': False}}
MATERIAL_DIAG 'SHAPE_15.002': {'Color': {'value': (0.8227857351303101, 0.8148465752601624, 0.7758222222328186, 1.0), 'linked': False}, 'Texture Strength': {'value': 0.5, 'linked': False}, 'Scratches': {'value': 0.5, 'linked': False}, 'Normal': {'value': (0.0, 0.0, 0.0), 'linked': False}}
MATERIAL_DIAG 'SHAPE_15.003': {'Color': {'value': (0.8227857351303101, 0.8148465752601624, 0.7758222222328186, 1.0), 'linked': False}, 'Texture Strength': {'value': 0.5, 'linked': False}, 'Scratches': {'value': 0.5, 'linked': False}, 'Normal': {'value': (0.0, 0.0, 0.0), 'linked': False}}
MATERIAL_DIAG 'SHAPE_19': {'Color': {'value': (0.023844124749302864, 0.023844124749302864, 0.023844124749302864, 1.0), 'linked': False}, 'Texture Strength': {'value': 0.5, 'linked': False}, 'Scratches': {'value': 0.5, 'linked': False}, 'Normal': {'value': (0.0, 0.0, 0.0), 'linked': False}}
MATERIAL_DIAG 'SHAPE_267': {'Color': {'value': (0.68668532371521, 0.6583748459815979, 0.5972017645835876, 1.0), 'linked': False}, 'Texture Strength': {'value': 0.5, 'linked': False}, 'Scratches': {'value': 0.5, 'linked': False}, 'Normal': {'value': (0.0, 0.0, 0.0), 'linked': False}}
MATERIAL_DIAG 'SHAPE_27': {'Color': {'value': (0.8549926280975342, 0.7379103899002075, 0.4910208582878113, 1.0), 'linked': False}, 'Texture Strength': {'value': 0.5, 'linked': False}, 'Scratches': {'value': 0.5, 'linked': False}, 'Normal': {'value': (0.0, 0.0, 0.0), 'linked': False}}
MATERIAL_DIAG 'SHAPE_4': {'Color': {'value': (0.022054091095924377, 0.021619271486997604, 0.021619271486997604, 1.0), 'linked': False}, 'Texture Strength': {'value': 0.5, 'linked': False}, 'Scratches': {'value': 0.5, 'linked': False}, 'Normal': {'value': (0.0, 0.0, 0.0), 'linked': False}}
MATERIAL_DIAG 'SHAPE_5': {'Color': {'value': (0.8227857351303101, 0.8148465752601624, 0.7758222222328186, 1.0), 'linked': False}, 'Texture Strength': {'value': 0.5, 'linked': False}, 'Scratches': {'value': 0.5, 'linked': False}, 'Normal': {'value': (0.0, 0.0, 0.0), 'linked': False}}
MATERIAL_DIAG 'SHAPE_507': {'Color': {'value': (0.68668532371521, 0.6583748459815979, 0.5972017645835876, 1.0), 'linked': False}, 'Texture Strength': {'value': 0.5, 'linked': False}, 'Scratches': {'value': 0.5, 'linked': False}, 'Normal': {'value': (0.0, 0.0, 0.0), 'linked': False}}
MATERIAL_DIAG 'SHAPE_6': {'Color': {'value': (0.8227857351303101, 0.8148465752601624, 0.7758222222328186, 1.0), 'linked': False}, 'Texture Strength': {'value': 0.5, 'linked': False}, 'Scratches': {'value': 0.5, 'linked': False}, 'Normal': {'value': (0.0, 0.0, 0.0), 'linked': False}}
MATERIAL_DIAG 'SHAPE_6.001': {'Color': {'value': (0.8227857351303101, 0.8148465752601624, 0.7758222222328186, 1.0), 'linked': False}, 'Texture Strength': {'value': 0.5, 'linked': False}, 'Scratches': {'value': 0.5, 'linked': False}, 'Normal': {'value': (0.0, 0.0, 0.0), 'linked': False}}
MATERIAL_DIAG 'SHAPE_62': {'Color': {'value': (0.8227857351303101, 0.8148465752601624, 0.7758222222328186, 1.0), 'linked': False}, 'Texture Strength': {'value': 0.5, 'linked': False}, 'Scratches': {'value': 0.5, 'linked': False}, 'Normal': {'value': (0.0, 0.0, 0.0), 'linked': False}}
MATERIAL_DIAG 'SHAPE_67': {'Color': {'value': (0.8549926280975342, 0.7379103899002075, 0.4910208582878113, 1.0), 'linked': False}, 'Texture Strength': {'value': 0.5, 'linked': False}, 'Scratches': {'value': 0.5, 'linked': False}, 'Normal': {'value': (0.0, 0.0, 0.0), 'linked': False}}
MATERIAL_DIAG 'SHAPE_69': {'Color': {'value': (0.68668532371521, 0.6583748459815979, 0.5972017645835876, 1.0), 'linked': False}, 'Texture Strength': {'value': 0.5, 'linked': False}, 'Scratches': {'value': 0.5, 'linked': False}, 'Normal': {'value': (0.0, 0.0, 0.0), 'linked': False}}
MATERIAL_DIAG 'SHAPE_74': {'Color': {'value': (0.8227857351303101, 0.8148465752601624, 0.7758222222328186, 1.0), 'linked': False}, 'Texture Strength': {'value': 0.5, 'linked': False}, 'Scratches': {'value': 0.5, 'linked': False}, 'Normal': {'value': (0.0, 0.0, 0.0), 'linked': False}}
MATERIAL_DIAG 'SHAPE_8': {'Color': {'value': (0.8879231214523315, 0.8879231214523315, 0.8069522380828857, 1.0), 'linked': False}, 'Texture Strength': {'value': 0.5, 'linked': False}, 'Scratches': {'value': 0.5, 'linked': False}, 'Normal': {'value': (0.0, 0.0, 0.0), 'linked': False}}
MATERIAL_DIAG 'SHAPE_8.001': {'Color': {'value': (0.8879231214523315, 0.8879231214523315, 0.8069522380828857, 1.0), 'linked': False}, 'Texture Strength': {'value': 0.5, 'linked': False}, 'Scratches': {'value': 0.5, 'linked': False}, 'Normal': {'value': (0.0, 0.0, 0.0), 'linked': False}}
Blender 4.2.4 LTS (hash e41b0e807a59 built 2024-11-19 00:31:24)
Fra:1 Mem:92.43M (Peak 92.43M) | Time:00:00.17 | Mem:0.00M, Peak:0.00M | Scene, ViewLayer | Synchronizing object | PCB_ktest-blender_export
Fra:1 Mem:92.44M (Peak 92.44M) | Time:00:00.17 | Mem:0.00M, Peak:0.00M | Scene, ViewLayer | Synchronizing object | C_0603_1608Metric
Fra:1 Mem:92.56M (Peak 92.56M) | Time:00:00.17 | Mem:0.00M, Peak:0.00M | Scene, ViewLayer | Synchronizing object | R_0603_1608Metric
Fra:1 Mem:92.79M (Peak 92.79M) | Time:00:00.17 | Mem:0.00M, Peak:0.00M | Scene, ViewLayer | Synchronizing object | C_0603_1608Metric.001
Fra:1 Mem:92.82M (Peak 92.82M) | Time:00:00.17 | Mem:0.00M, Peak:0.00M | Scene, ViewLayer | Synchronizing object | C_0603_1608Metric.002
Fra:1 Mem:92.82M (Peak 92.82M) | Time:00:00.17 | Mem:0.00M, Peak:0.00M | Scene, ViewLayer | Synchronizing object | C_1210_3225Metric
Fra:1 Mem:92.95M (Peak 92.95M) | Time:00:00.17 | Mem:0.00M, Peak:0.00M | Scene, ViewLayer | Synchronizing object | R_0603_1608Metric.001
Fra:1 Mem:93.20M (Peak 93.20M) | Time:00:00.17 | Mem:0.00M, Peak:0.00M | Scene, ViewLayer | Synchronizing object | C_0603_1608Metric.003
Fra:1 Mem:93.23M (Peak 93.23M) | Time:00:00.18 | Mem:0.00M, Peak:0.00M | Scene, ViewLayer | Synchronizing object | C_0603_1608Metric.004
Fra:1 Mem:93.26M (Peak 93.26M) | Time:00:00.18 | Mem:0.00M, Peak:0.00M | Scene, ViewLayer | Synchronizing object | C_0603_1608Metric.005
Fra:1 Mem:93.29M (Peak 93.29M) | Time:00:00.18 | Mem:0.00M, Peak:0.00M | Scene, ViewLayer | Synchronizing object | C_0603_1608Metric.006
Fra:1 Mem:93.33M (Peak 93.33M) | Time:00:00.18 | Mem:0.00M, Peak:0.00M | Scene, ViewLayer | Synchronizing object | R_Axial_DIN0204_L3.6mm_D1.6mm_P5.08mm_Horizontal
Fra:1 Mem:95.08M (Peak 95.08M) | Time:00:00.18 | Mem:0.00M, Peak:0.00M | Scene, ViewLayer | Synchronizing object | SOLDER_Conn_01x14_Pin_J3_99_13
Fra:1 Mem:95.18M (Peak 95.18M) | Time:00:00.18 | Mem:0.00M, Peak:0.00M | Scene, ViewLayer | Synchronizing object | R_0603_1608Metric.002
Fra:1 Mem:95.23M (Peak 95.23M) | Time:00:00.18 | Mem:0.00M, Peak:0.00M | Scene, ViewLayer | Synchronizing object | SOLDER_Conn_01x14_Pin_J3_99_12
Fra:1 Mem:95.36M (Peak 95.36M) | Time:00:00.18 | Mem:0.00M, Peak:0.00M | Scene, ViewLayer | Synchronizing object | SOLDER_Conn_01x14_Pin_J3_99_11
Fra:1 Mem:95.48M (Peak 95.48M) | Time:00:00.18 | Mem:0.00M, Peak:0.00M | Scene, ViewLayer | Synchronizing object | R_0603_1608Metric.003
Fra:1 Mem:95.52M (Peak 95.52M) | Time:00:00.18 | Mem:0.00M, Peak:0.00M | Scene, ViewLayer | Synchronizing object | SOLDER_Conn_01x14_Pin_J3_99_10
Fra:1 Mem:95.61M (Peak 95.61M) | Time:00:00.18 | Mem:0.00M, Peak:0.00M | Scene, ViewLayer | Synchronizing object | HTSOP-8-1EP_3.9x4.9mm_P1.27mm
Fra:1 Mem:95.69M (Peak 95.69M) | Time:00:00.18 | Mem:0.00M, Peak:0.00M | Scene, ViewLayer | Synchronizing object | R_0603_1608Metric.004
Fra:1 Mem:95.76M (Peak 95.76M) | Time:00:00.18 | Mem:0.00M, Peak:0.00M | Scene, ViewLayer | Synchronizing object | SOLDER_Conn_01x14_Pin_J3_99_9
Fra:1 Mem:95.80M (Peak 95.80M) | Time:00:00.18 | Mem:0.00M, Peak:0.00M | Scene, ViewLayer | Synchronizing object | R_0603_1608Metric.005
Fra:1 Mem:96.01M (Peak 96.01M) | Time:00:00.18 | Mem:0.00M, Peak:0.00M | Scene, ViewLayer | Synchronizing object | SOLDER_Conn_01x14_Pin_J3_99_8
Fra:1 Mem:96.13M (Peak 96.13M) | Time:00:00.18 | Mem:0.00M, Peak:0.00M | Scene, ViewLayer | Synchronizing object | SOLDER_Conn_01x14_Pin_J3_99_7
Fra:1 Mem:96.23M (Peak 96.23M) | Time:00:00.18 | Mem:0.00M, Peak:0.00M | Scene, ViewLayer | Synchronizing object | C_0603_1608Metric.007
Fra:1 Mem:96.26M (Peak 96.26M) | Time:00:00.18 | Mem:0.00M, Peak:0.00M | Scene, ViewLayer | Synchronizing object | R_1206_3216Metric
Fra:1 Mem:96.31M (Peak 96.31M) | Time:00:00.18 | Mem:0.00M, Peak:0.00M | Scene, ViewLayer | Synchronizing object | SOLDER_Conn_01x14_Pin_J3_99_6
Fra:1 Mem:96.42M (Peak 96.42M) | Time:00:00.18 | Mem:0.00M, Peak:0.00M | Scene, ViewLayer | Synchronizing object | R_0603_1608Metric.006
Fra:1 Mem:96.45M (Peak 96.45M) | Time:00:00.18 | Mem:0.00M, Peak:0.00M | Scene, ViewLayer | Synchronizing object | R_1206_3216Metric.001
Fra:1 Mem:96.47M (Peak 96.47M) | Time:00:00.18 | Mem:0.00M, Peak:0.00M | Scene, ViewLayer | Synchronizing object | C_0603_1608Metric.008
Fra:1 Mem:96.51M (Peak 96.51M) | Time:00:00.18 | Mem:0.00M, Peak:0.00M | Scene, ViewLayer | Synchronizing object | C_1206_3216Metric
Fra:1 Mem:96.55M (Peak 96.55M) | Time:00:00.18 | Mem:0.00M, Peak:0.00M | Scene, ViewLayer | Synchronizing object | C_0603_1608Metric.009
Fra:1 Mem:96.53M (Peak 96.55M) | Time:00:00.18 | Mem:0.00M, Peak:0.00M | Scene, ViewLayer | Synchronizing object | SOLDER_Conn_01x14_Pin_J3_99_5
Fra:1 Mem:96.69M (Peak 96.69M) | Time:00:00.18 | Mem:0.00M, Peak:0.00M | Scene, ViewLayer | Synchronizing object | R_0603_1608Metric.007
Fra:1 Mem:96.71M (Peak 96.71M) | Time:00:00.18 | Mem:0.00M, Peak:0.00M | Scene, ViewLayer | Synchronizing object | C_0603_1608Metric.010
Fra:1 Mem:96.79M (Peak 96.79M) | Time:00:00.18 | Mem:0.00M, Peak:0.00M | Scene, ViewLayer | Synchronizing object | SOLDER_Conn_01x14_Pin_J3_99_4
Fra:1 Mem:96.82M (Peak 96.82M) | Time:00:00.18 | Mem:0.00M, Peak:0.00M | Scene, ViewLayer | Synchronizing object | R_0603_1608Metric.008
Fra:1 Mem:97.07M (Peak 97.07M) | Time:00:00.18 | Mem:0.00M, Peak:0.00M | Scene, ViewLayer | Synchronizing object | Crystal_SMD_3225-4Pin_3.2x2.5mm
Fra:1 Mem:97.08M (Peak 97.08M) | Time:00:00.18 | Mem:0.00M, Peak:0.00M | Scene, ViewLayer | Synchronizing object | C_0603_1608Metric.011
Fra:1 Mem:97.19M (Peak 97.19M) | Time:00:00.18 | Mem:0.00M, Peak:0.00M | Scene, ViewLayer | Synchronizing object | R_0603_1608Metric.009
Fra:1 Mem:97.18M (Peak 97.19M) | Time:00:00.18 | Mem:0.00M, Peak:0.00M | Scene, ViewLayer | Synchronizing object | SOLDER_Conn_01x14_Pin_J3_99_3
Fra:1 Mem:97.62M (Peak 97.62M) | Time:00:00.18 | Mem:0.00M, Peak:0.00M | Scene, ViewLayer | Synchronizing object | R_0603_1608Metric.010
Fra:1 Mem:97.78M (Peak 97.78M) | Time:00:00.18 | Mem:0.00M, Peak:0.00M | Scene, ViewLayer | Synchronizing object | JEITA_SOIC-16_3.9x9.9mm_P1.27mm
Fra:1 Mem:97.92M (Peak 97.92M) | Time:00:00.18 | Mem:0.00M, Peak:0.00M | Scene, ViewLayer | Synchronizing object | SOLDER_Conn_01x14_Pin_J3_99_2
Fra:1 Mem:98.09M (Peak 98.09M) | Time:00:00.18 | Mem:0.00M, Peak:0.00M | Scene, ViewLayer | Synchronizing object | SOLDER_Conn_01x14_Pin_J3_99_1
Fra:1 Mem:98.75M (Peak 98.75M) | Time:00:00.18 | Mem:0.00M, Peak:0.00M | Scene, ViewLayer | Synchronizing object | SOLDER_Conn_01x14_Pin_J3_99_0
Fra:1 Mem:96.92M (Peak 98.75M) | Time:00:00.18 | Mem:0.00M, Peak:0.00M | Scene, ViewLayer | Synchronizing object | R_1206_3216Metric.002
Fra:1 Mem:96.99M (Peak 98.75M) | Time:00:00.18 | Mem:0.00M, Peak:0.00M | Scene, ViewLayer | Synchronizing object | C_0603_1608Metric.012
Fra:1 Mem:96.99M (Peak 98.75M) | Time:00:00.18 | Mem:0.00M, Peak:0.00M | Scene, ViewLayer | Synchronizing object | SOLDER_2_54_mm_header_J2_98_3
Fra:1 Mem:97.67M (Peak 98.75M) | Time:00:00.18 | Mem:0.00M, Peak:0.00M | Scene, ViewLayer | Synchronizing object | R_0603_1608Metric.011
Fra:1 Mem:97.69M (Peak 98.75M) | Time:00:00.18 | Mem:0.00M, Peak:0.00M | Scene, ViewLayer | Synchronizing object | C_0603_1608Metric.013
Fra:1 Mem:97.74M (Peak 98.75M) | Time:00:00.18 | Mem:0.00M, Peak:0.00M | Scene, ViewLayer | Synchronizing object | SOLDER_2_54_mm_header_J2_98_2
Fra:1 Mem:97.77M (Peak 98.75M) | Time:00:00.18 | Mem:0.00M, Peak:0.00M | Scene, ViewLayer | Synchronizing object | R_1206_3216Metric.003
Fra:1 Mem:97.93M (Peak 98.75M) | Time:00:00.18 | Mem:0.00M, Peak:0.00M | Scene, ViewLayer | Synchronizing object | C_1210_3225Metric.001
Fra:1 Mem:98.00M (Peak 98.75M) | Time:00:00.18 | Mem:0.00M, Peak:0.00M | Scene, ViewLayer | Synchronizing object | R_0603_1608Metric.012
Fra:1 Mem:97.98M (Peak 98.75M) | Time:00:00.18 | Mem:0.00M, Peak:0.00M | Scene, ViewLayer | Synchronizing object | SOLDER_2_54_mm_header_J2_98_1
Fra:1 Mem:98.03M (Peak 98.75M) | Time:00:00.18 | Mem:0.00M, Peak:0.00M | Scene, ViewLayer | Synchronizing object | C_0603_1608Metric.014
Fra:1 Mem:98.13M (Peak 98.75M) | Time:00:00.18 | Mem:0.00M, Peak:0.00M | Scene, ViewLayer | Synchronizing object | SOT-23-6
Fra:1 Mem:98.17M (Peak 98.75M) | Time:00:00.18 | Mem:0.00M, Peak:0.00M | Scene, ViewLayer | Synchronizing object | C_0603_1608Metric.015
Fra:1 Mem:98.26M (Peak 98.75M) | Time:00:00.18 | Mem:0.00M, Peak:0.00M | Scene, ViewLayer | Synchronizing object | C_0603_1608Metric.016
Fra:1 Mem:98.26M (Peak 98.75M) | Time:00:00.18 | Mem:0.00M, Peak:0.00M | Scene, ViewLayer | Synchronizing object | SOLDER_2_54_mm_header_J2_98_0
Fra:1 Mem:98.44M (Peak 98.75M) | Time:00:00.18 | Mem:0.00M, Peak:0.00M | Scene, ViewLayer | Synchronizing object | LQFP-32_7x7mm_P0.8mm
Fra:1 Mem:98.69M (Peak 98.75M) | Time:00:00.18 | Mem:0.00M, Peak:0.00M | Scene, ViewLayer | Synchronizing object | SOLDER_HX_JN1_27_2x5_WZ_H4_9_J4_97_9
Fra:1 Mem:98.70M (Peak 98.75M) | Time:00:00.18 | Mem:0.00M, Peak:0.00M | Scene, ViewLayer | Synchronizing object | JST_XH_B4B-XH-A_1x04_P2.50mm_Vertical
Fra:1 Mem:98.98M (Peak 98.98M) | Time:00:00.18 | Mem:0.00M, Peak:0.00M | Scene, ViewLayer | Synchronizing object | SOLDER_HX_JN1_27_2x5_WZ_H4_9_J4_97_8
Fra:1 Mem:99.08M (Peak 99.08M) | Time:00:00.18 | Mem:0.00M, Peak:0.00M | Scene, ViewLayer | Synchronizing object | CP_Elec_10x10
Fra:1 Mem:99.39M (Peak 99.39M) | Time:00:00.18 | Mem:0.00M, Peak:0.00M | Scene, ViewLayer | Synchronizing object | SOLDER_HX_JN1_27_2x5_WZ_H4_9_J4_97_7
Fra:1 Mem:99.67M (Peak 99.67M) | Time:00:00.18 | Mem:0.00M, Peak:0.00M | Scene, ViewLayer | Synchronizing object | SOLDER_HX_JN1_27_2x5_WZ_H4_9_J4_97_6
Fra:1 Mem:99.99M (Peak 99.99M) | Time:00:00.18 | Mem:0.00M, Peak:0.00M | Scene, ViewLayer | Synchronizing object | SOLDER_HX_JN1_27_2x5_WZ_H4_9_J4_97_5
Fra:1 Mem:100.22M (Peak 100.22M) | Time:00:00.18 | Mem:0.00M, Peak:0.00M | Scene, ViewLayer | Synchronizing object | SOLDER_HX_JN1_27_2x5_WZ_H4_9_J4_97_4
Fra:1 Mem:100.33M (Peak 100.33M) | Time:00:00.18 | Mem:0.00M, Peak:0.00M | Scene, ViewLayer | Synchronizing object | SOLDER_HX_JN1_27_2x5_WZ_H4_9_J4_97_3
Fra:1 Mem:100.24M (Peak 100.33M) | Time:00:00.18 | Mem:0.00M, Peak:0.00M | Scene, ViewLayer | Synchronizing object | R_Axial_DIN0204_L3.6mm_D1.6mm_P7.62mm_Horizontal
Fra:1 Mem:100.48M (Peak 100.48M) | Time:00:00.18 | Mem:0.00M, Peak:0.00M | Scene, ViewLayer | Synchronizing object | SOLDER_HX_JN1_27_2x5_WZ_H4_9_J4_97_2
Fra:1 Mem:100.81M (Peak 100.81M) | Time:00:00.19 | Mem:0.00M, Peak:0.00M | Scene, ViewLayer | Synchronizing object | SOLDER_HX_JN1_27_2x5_WZ_H4_9_J4_97_1
Fra:1 Mem:101.29M (Peak 101.29M) | Time:00:00.19 | Mem:0.00M, Peak:0.00M | Scene, ViewLayer | Synchronizing object | SOLDER_HX_JN1_27_2x5_WZ_H4_9_J4_97_0
Fra:1 Mem:101.42M (Peak 101.42M) | Time:00:00.19 | Mem:0.00M, Peak:0.00M | Scene, ViewLayer | Synchronizing object | SOLDER_1n_C21_96_1
Fra:1 Mem:101.45M (Peak 101.45M) | Time:00:00.19 | Mem:0.00M, Peak:0.00M | Scene, ViewLayer | Synchronizing object | SOLDER_1n_C21_96_0
Fra:1 Mem:101.47M (Peak 101.47M) | Time:00:00.19 | Mem:0.00M, Peak:0.00M | Scene, ViewLayer | Synchronizing object | SOLDER_1n_C8_94_1
Fra:1 Mem:101.51M (Peak 101.51M) | Time:00:00.19 | Mem:0.00M, Peak:0.00M | Scene, ViewLayer | Synchronizing object | SOLDER_1n_C8_94_0
Fra:1 Mem:101.54M (Peak 101.54M) | Time:00:00.19 | Mem:0.00M, Peak:0.00M | Scene, ViewLayer | Synchronizing object | SOLDER_BAV99_D1_93_2
Fra:1 Mem:101.57M (Peak 101.57M) | Time:00:00.19 | Mem:0.00M, Peak:0.00M | Scene, ViewLayer | Synchronizing object | JST_XH_B6B-XH-A_1x06_P2.50mm_Vertical
Fra:1 Mem:101.57M (Peak 101.57M) | Time:00:00.19 | Mem:0.00M, Peak:0.00M | Scene, ViewLayer | Synchronizing object | SOLDER_BAV99_D1_93_1
Fra:1 Mem:101.66M (Peak 101.66M) | Time:00:00.19 | Mem:0.00M, Peak:0.00M | Scene, ViewLayer | Synchronizing object | SOLDER_BAV99_D1_93_0
Fra:1 Mem:101.71M (Peak 101.71M) | Time:00:00.19 | Mem:0.00M, Peak:0.00M | Scene, ViewLayer | Synchronizing object | SOLDER_1n_C22_91_1
Fra:1 Mem:101.81M (Peak 101.81M) | Time:00:00.19 | Mem:0.00M, Peak:0.00M | Scene, ViewLayer | Synchronizing object | SOLDER_1n_C22_91_0
Fra:1 Mem:101.84M (Peak 101.84M) | Time:00:00.19 | Mem:0.00M, Peak:0.00M | Scene, ViewLayer | Synchronizing object | SOLDER_2k2_R4_89_1
Fra:1 Mem:101.89M (Peak 101.89M) | Time:00:00.19 | Mem:0.00M, Peak:0.00M | Scene, ViewLayer | Synchronizing object | SOLDER_2k2_R4_89_0
Fra:1 Mem:101.91M (Peak 101.91M) | Time:00:00.19 | Mem:0.00M, Peak:0.00M | Scene, ViewLayer | Synchronizing object | R_1206_3216Metric.004
Fra:1 Mem:102.00M (Peak 102.00M) | Time:00:00.19 | Mem:0.00M, Peak:0.00M | Scene, ViewLayer | Synchronizing object | SOLDER_0R_JP22_88_1
Fra:1 Mem:102.12M (Peak 102.12M) | Time:00:00.19 | Mem:0.00M, Peak:0.00M | Scene, ViewLayer | Synchronizing object | SOLDER_0R_JP22_88_0
Fra:1 Mem:102.25M (Peak 102.25M) | Time:00:00.19 | Mem:0.00M, Peak:0.00M | Scene, ViewLayer | Synchronizing object | SOLDER_4_7u_C2_87_1
Fra:1 Mem:102.28M (Peak 102.28M) | Time:00:00.19 | Mem:0.00M, Peak:0.00M | Scene, ViewLayer | Synchronizing object | SOLDER_4_7u_C2_87_0
Fra:1 Mem:102.30M (Peak 102.30M) | Time:00:00.19 | Mem:0.00M, Peak:0.00M | Scene, ViewLayer | Synchronizing object | SOLDER_10k_R1_86_1
Fra:1 Mem:102.33M (Peak 102.33M) | Time:00:00.19 | Mem:0.00M, Peak:0.00M | Scene, ViewLayer | Synchronizing object | SOLDER_10k_R1_86_0
Fra:1 Mem:102.36M (Peak 102.36M) | Time:00:00.19 | Mem:0.00M, Peak:0.00M | Scene, ViewLayer | Synchronizing object | SOLDER_1n_C7_85_1
Fra:1 Mem:102.39M (Peak 102.39M) | Time:00:00.19 | Mem:0.00M, Peak:0.00M | Scene, ViewLayer | Synchronizing object | SOLDER_1n_C7_85_0
Fra:1 Mem:102.42M (Peak 102.42M) | Time:00:00.19 | Mem:0.00M, Peak:0.00M | Scene, ViewLayer | Synchronizing object | R_0603_1608Metric.013
Fra:1 Mem:102.42M (Peak 102.42M) | Time:00:00.19 | Mem:0.00M, Peak:0.00M | Scene, ViewLayer | Synchronizing object | SOLDER_22u_C15_82_1
Fra:1 Mem:102.45M (Peak 102.45M) | Time:00:00.19 | Mem:0.00M, Peak:0.00M | Scene, ViewLayer | Synchronizing object | SOLDER_22u_C15_82_0
Fra:1 Mem:102.49M (Peak 102.49M) | Time:00:00.19 | Mem:0.00M, Peak:0.00M | Scene, ViewLayer | Synchronizing object | R_0603_1608Metric.014
Fra:1 Mem:102.53M (Peak 102.53M) | Time:00:00.19 | Mem:0.00M, Peak:0.00M | Scene, ViewLayer | Synchronizing object | SOLDER_820_R11_81_1
Fra:1 Mem:102.55M (Peak 102.55M) | Time:00:00.19 | Mem:0.00M, Peak:0.00M | Scene, ViewLayer | Synchronizing object | SOLDER_820_R11_81_0
Fra:1 Mem:102.55M (Peak 102.55M) | Time:00:00.19 | Mem:0.00M, Peak:0.00M | Scene, ViewLayer | Synchronizing object | C_1210_3225Metric.002
Fra:1 Mem:102.51M (Peak 102.55M) | Time:00:00.19 | Mem:0.00M, Peak:0.00M | Scene, ViewLayer | Synchronizing object | SOLDER_10k_R8_80_1
Fra:1 Mem:102.62M (Peak 102.62M) | Time:00:00.19 | Mem:0.00M, Peak:0.00M | Scene, ViewLayer | Synchronizing object | SOLDER_10k_R8_80_0
Fra:1 Mem:102.62M (Peak 102.62M) | Time:00:00.19 | Mem:0.00M, Peak:0.00M | Scene, ViewLayer | Synchronizing object | C_0603_1608Metric.017
Fra:1 Mem:102.68M (Peak 102.68M) | Time:00:00.19 | Mem:0.00M, Peak:0.00M | Scene, ViewLayer | Synchronizing object | SOLDER_0R_JP4_79_1
Fra:1 Mem:102.77M (Peak 102.77M) | Time:00:00.19 | Mem:0.00M, Peak:0.00M | Scene, ViewLayer | Synchronizing object | R_0603_1608Metric.015
Fra:1 Mem:102.79M (Peak 102.79M) | Time:00:00.19 | Mem:0.00M, Peak:0.00M | Scene, ViewLayer | Synchronizing object | SOLDER_0R_JP4_79_0
Fra:1 Mem:102.75M (Peak 102.79M) | Time:00:00.19 | Mem:0.00M, Peak:0.00M | Scene, ViewLayer | Synchronizing object | C_1206_3216Metric.001
Fra:1 Mem:102.76M (Peak 102.79M) | Time:00:00.19 | Mem:0.00M, Peak:0.00M | Scene, ViewLayer | Synchronizing object | SOLDER_JST_B6B_XH_A_J7_78_5
Fra:1 Mem:102.78M (Peak 102.79M) | Time:00:00.19 | Mem:0.00M, Peak:0.00M | Scene, ViewLayer | Synchronizing object | R_Axial_DIN0204_L3.6mm_D1.6mm_P7.62mm_Horizontal.001
Fra:1 Mem:103.04M (Peak 103.04M) | Time:00:00.19 | Mem:0.00M, Peak:0.00M | Scene, ViewLayer | Synchronizing object | SOLDER_JST_B6B_XH_A_J7_78_4
Fra:1 Mem:103.14M (Peak 103.14M) | Time:00:00.19 | Mem:0.00M, Peak:0.00M | Scene, ViewLayer | Synchronizing object | R_0603_1608Metric.016
Fra:1 Mem:103.22M (Peak 103.22M) | Time:00:00.19 | Mem:0.00M, Peak:0.00M | Scene, ViewLayer | Synchronizing object | C_0603_1608Metric.018
Fra:1 Mem:103.18M (Peak 103.22M) | Time:00:00.19 | Mem:0.00M, Peak:0.00M | Scene, ViewLayer | Synchronizing object | SOT-23
Fra:1 Mem:103.20M (Peak 103.22M) | Time:00:00.19 | Mem:0.00M, Peak:0.00M | Scene, ViewLayer | Synchronizing object | SOLDER_JST_B6B_XH_A_J7_78_3
Fra:1 Mem:103.30M (Peak 103.30M) | Time:00:00.19 | Mem:0.00M, Peak:0.00M | Scene, ViewLayer | Synchronizing object | C_0603_1608Metric.019
Fra:1 Mem:103.36M (Peak 103.36M) | Time:00:00.19 | Mem:0.00M, Peak:0.00M | Scene, ViewLayer | Synchronizing object | C_0603_1608Metric.020
Fra:1 Mem:103.44M (Peak 103.44M) | Time:00:00.19 | Mem:0.00M, Peak:0.00M | Scene, ViewLayer | Synchronizing object | PinSocket_1x04_P2.54mm_Vertical
Fra:1 Mem:103.45M (Peak 103.45M) | Time:00:00.19 | Mem:0.00M, Peak:0.00M | Scene, ViewLayer | Synchronizing object | PinSocket_1x14_P2.54mm_Vertical
Fra:1 Mem:103.63M (Peak 103.63M) | Time:00:00.19 | Mem:0.00M, Peak:0.00M | Scene, ViewLayer | Synchronizing object | SOLDER_JST_B6B_XH_A_J7_78_2
Fra:1 Mem:103.65M (Peak 103.65M) | Time:00:00.19 | Mem:0.00M, Peak:0.00M | Scene, ViewLayer | Synchronizing object | SOLDER_10n_C27_0_0
Fra:1 Mem:103.79M (Peak 103.79M) | Time:00:00.19 | Mem:0.00M, Peak:0.00M | Scene, ViewLayer | Synchronizing object | SOLDER_10n_C27_0_1
Fra:1 Mem:103.92M (Peak 103.92M) | Time:00:00.19 | Mem:0.00M, Peak:0.00M | Scene, ViewLayer | Synchronizing object | SOLDER_2k2_R10_1_0
Fra:1 Mem:103.99M (Peak 103.99M) | Time:00:00.19 | Mem:0.00M, Peak:0.00M | Scene, ViewLayer | Synchronizing object | SOLDER_2k2_R10_1_1
Fra:1 Mem:103.98M (Peak 103.99M) | Time:00:00.19 | Mem:0.00M, Peak:0.00M | Scene, ViewLayer | Synchronizing object | SOLDER_JST_B6B_XH_A_J7_78_1
Fra:1 Mem:104.10M (Peak 104.10M) | Time:00:00.19 | Mem:0.00M, Peak:0.00M | Scene, ViewLayer | Synchronizing object | SOLDER_22p_C14_3_0
Fra:1 Mem:104.13M (Peak 104.13M) | Time:00:00.19 | Mem:0.00M, Peak:0.00M | Scene, ViewLayer | Synchronizing object | SOLDER_22p_C14_3_1
Fra:1 Mem:104.16M (Peak 104.16M) | Time:00:00.19 | Mem:0.00M, Peak:0.00M | Scene, ViewLayer | Synchronizing object | SOLDER_100n_C6_4_0
Fra:1 Mem:104.41M (Peak 104.41M) | Time:00:00.19 | Mem:0.00M, Peak:0.00M | Scene, ViewLayer | Synchronizing object | SOLDER_JST_B6B_XH_A_J7_78_0
Fra:1 Mem:104.70M (Peak 104.70M) | Time:00:00.19 | Mem:0.00M, Peak:0.00M | Scene, ViewLayer | Synchronizing object | SOLDER_100n_C6_4_1
Fra:1 Mem:104.80M (Peak 104.80M) | Time:00:00.19 | Mem:0.00M, Peak:0.00M | Scene, ViewLayer | Synchronizing object | SOLDER_22u_C18_5_0
Fra:1 Mem:105.09M (Peak 105.09M) | Time:00:00.19 | Mem:0.00M, Peak:0.00M | Scene, ViewLayer | Synchronizing object | SOLDER_22u_C18_5_1
Fra:1 Mem:105.14M (Peak 105.14M) | Time:00:00.19 | Mem:0.00M, Peak:0.00M | Scene, ViewLayer | Synchronizing object | SOLDER_10k_R9_6_0
Fra:1 Mem:105.17M (Peak 105.17M) | Time:00:00.19 | Mem:0.00M, Peak:0.00M | Scene, ViewLayer | Synchronizing object | SOLDER_0R_JP18_77_1
Fra:1 Mem:105.27M (Peak 105.27M) | Time:00:00.19 | Mem:0.00M, Peak:0.00M | Scene, ViewLayer | Synchronizing object | SOLDER_10k_R9_6_1
Fra:1 Mem:105.30M (Peak 105.30M) | Time:00:00.19 | Mem:0.00M, Peak:0.00M | Scene, ViewLayer | Synchronizing object | SOLDER_10u_L1_7_0
Fra:1 Mem:105.33M (Peak 105.33M) | Time:00:00.19 | Mem:0.00M, Peak:0.00M | Scene, ViewLayer | Synchronizing object | SOLDER_10u_L1_7_1
Fra:1 Mem:105.38M (Peak 105.38M) | Time:00:00.19 | Mem:0.00M, Peak:0.00M | Scene, ViewLayer | Synchronizing object | SOLDER_1n_C23_9_0
Fra:1 Mem:105.41M (Peak 105.41M) | Time:00:00.19 | Mem:0.00M, Peak:0.00M | Scene, ViewLayer | Synchronizing object | SOLDER_0R_JP18_77_0
Fra:1 Mem:105.51M (Peak 105.51M) | Time:00:00.19 | Mem:0.00M, Peak:0.00M | Scene, ViewLayer | Synchronizing object | SOLDER_1n_C23_9_1
Fra:1 Mem:105.60M (Peak 105.60M) | Time:00:00.19 | Mem:0.00M, Peak:0.00M | Scene, ViewLayer | Synchronizing object | SOLDER_22p_C10_10_0
Fra:1 Mem:105.70M (Peak 105.70M) | Time:00:00.19 | Mem:0.00M, Peak:0.00M | Scene, ViewLayer | Synchronizing object | SOLDER_22p_C10_10_1
Fra:1 Mem:105.83M (Peak 105.83M) | Time:00:00.19 | Mem:0.00M, Peak:0.00M | Scene, ViewLayer | Synchronizing object | SOLDER_220u_C24_75_1
Fra:1 Mem:105.82M (Peak 105.83M) | Time:00:00.19 | Mem:0.00M, Peak:0.00M | Scene, ViewLayer | Synchronizing object | SOLDER_33p_C12_12_0
Fra:1 Mem:106.28M (Peak 106.28M) | Time:00:00.19 | Mem:0.00M, Peak:0.00M | Scene, ViewLayer | Synchronizing object | SOLDER_220u_C24_75_0
Fra:1 Mem:106.28M (Peak 106.28M) | Time:00:00.19 | Mem:0.00M, Peak:0.00M | Scene, ViewLayer | Synchronizing object | SOLDER_33p_C12_12_1
Fra:1 Mem:106.33M (Peak 106.33M) | Time:00:00.19 | Mem:0.00M, Peak:0.00M | Scene, ViewLayer | Synchronizing object | SOLDER_JST_B4B_XH_A_J1_74_3
Fra:1 Mem:106.36M (Peak 106.36M) | Time:00:00.19 | Mem:0.00M, Peak:0.00M | Scene, ViewLayer | Synchronizing object | SOLDER_100n_C9_13_0
Fra:1 Mem:106.46M (Peak 106.46M) | Time:00:00.19 | Mem:0.00M, Peak:0.00M | Scene, ViewLayer | Synchronizing object | SOLDER_100n_C9_13_1
Fra:1 Mem:106.49M (Peak 106.49M) | Time:00:00.19 | Mem:0.00M, Peak:0.00M | Scene, ViewLayer | Synchronizing object | SOLDER_0R_JP9_14_0
Fra:1 Mem:104.91M (Peak 106.49M) | Time:00:00.19 | Mem:0.00M, Peak:0.00M | Scene, ViewLayer | Synchronizing object | SOLDER_JST_B4B_XH_A_J1_74_2
Fra:1 Mem:105.04M (Peak 106.49M) | Time:00:00.19 | Mem:0.00M, Peak:0.00M | Scene, ViewLayer | Synchronizing object | SOLDER_0R_JP9_14_1
Fra:1 Mem:104.95M (Peak 106.49M) | Time:00:00.19 | Mem:0.00M, Peak:0.00M | Scene, ViewLayer | Synchronizing object | SOLDER_JST_B4B_XH_A_J1_74_1
Fra:1 Mem:105.04M (Peak 106.49M) | Time:00:00.19 | Mem:0.00M, Peak:0.00M | Scene, ViewLayer | Synchronizing object | SOLDER_0R_JP20_16_0
Fra:1 Mem:105.03M (Peak 106.49M) | Time:00:00.19 | Mem:0.00M, Peak:0.00M | Scene, ViewLayer | Synchronizing object | SOLDER_JST_B4B_XH_A_J1_74_0
Fra:1 Mem:105.17M (Peak 106.49M) | Time:00:00.19 | Mem:0.00M, Peak:0.00M | Scene, ViewLayer | Synchronizing object | SOLDER_0R_JP20_16_1
Fra:1 Mem:105.20M (Peak 106.49M) | Time:00:00.19 | Mem:0.00M, Peak:0.00M | Scene, ViewLayer | Synchronizing object | SOLDER_5k1_R14_18_0
Fra:1 Mem:105.23M (Peak 106.49M) | Time:00:00.19 | Mem:0.00M, Peak:0.00M | Scene, ViewLayer | Synchronizing object | SOLDER_5k1_R14_18_1
Fra:1 Mem:105.26M (Peak 106.49M) | Time:00:00.19 | Mem:0.00M, Peak:0.00M | Scene, ViewLayer | Synchronizing object | SOLDER_LMR380x0_U1_20_1
Fra:1 Mem:105.31M (Peak 106.49M) | Time:00:00.19 | Mem:0.00M, Peak:0.00M | Scene, ViewLayer | Synchronizing object | SOLDER_LMR380x0_U1_20_2
Fra:1 Mem:105.33M (Peak 106.49M) | Time:00:00.19 | Mem:0.00M, Peak:0.00M | Scene, ViewLayer | Synchronizing object | SOLDER_STM32G431K8Tx_U2_73_31
Fra:1 Mem:105.36M (Peak 106.49M) | Time:00:00.19 | Mem:0.00M, Peak:0.00M | Scene, ViewLayer | Synchronizing object | SOLDER_LMR380x0_U1_20_3
Fra:1 Mem:105.39M (Peak 106.49M) | Time:00:00.19 | Mem:0.00M, Peak:0.00M | Scene, ViewLayer | Synchronizing object | SOLDER_LMR380x0_U1_20_4
Fra:1 Mem:105.40M (Peak 106.49M) | Time:00:00.19 | Mem:0.00M, Peak:0.00M | Scene, ViewLayer | Synchronizing object | SOLDER_STM32G431K8Tx_U2_73_30
Fra:1 Mem:105.45M (Peak 106.49M) | Time:00:00.19 | Mem:0.00M, Peak:0.00M | Scene, ViewLayer | Synchronizing object | SOLDER_LMR380x0_U1_20_5
Fra:1 Mem:105.48M (Peak 106.49M) | Time:00:00.19 | Mem:0.00M, Peak:0.00M | Scene, ViewLayer | Synchronizing object | SOLDER_LMR380x0_U1_20_6
Fra:1 Mem:105.49M (Peak 106.49M) | Time:00:00.19 | Mem:0.00M, Peak:0.00M | Scene, ViewLayer | Synchronizing object | SOLDER_STM32G431K8Tx_U2_73_29
Fra:1 Mem:105.53M (Peak 106.49M) | Time:00:00.19 | Mem:0.00M, Peak:0.00M | Scene, ViewLayer | Synchronizing object | SOLDER_LMR380x0_U1_20_7
Fra:1 Mem:105.56M (Peak 106.49M) | Time:00:00.19 | Mem:0.00M, Peak:0.00M | Scene, ViewLayer | Synchronizing object | SOLDER_LMR380x0_U1_20_8
Fra:1 Mem:105.59M (Peak 106.49M) | Time:00:00.19 | Mem:0.00M, Peak:0.00M | Scene, ViewLayer | Synchronizing object | SOLDER_STM32G431K8Tx_U2_73_28
Fra:1 Mem:105.61M (Peak 106.49M) | Time:00:00.19 | Mem:0.00M, Peak:0.00M | Scene, ViewLayer | Synchronizing object | SOLDER_LMR380x0_U1_20_9
Fra:1 Mem:105.64M (Peak 106.49M) | Time:00:00.19 | Mem:0.00M, Peak:0.00M | Scene, ViewLayer | Synchronizing object | SOLDER_STM32G431K8Tx_U2_73_27
Fra:1 Mem:105.62M (Peak 106.49M) | Time:00:00.19 | Mem:0.00M, Peak:0.00M | Scene, ViewLayer | Synchronizing object | SOLDER_LMR380x0_U1_20_10
Fra:1 Mem:105.76M (Peak 106.49M) | Time:00:00.19 | Mem:0.00M, Peak:0.00M | Scene, ViewLayer | Synchronizing object | SOLDER_STM32G431K8Tx_U2_73_26
Fra:1 Mem:105.81M (Peak 106.49M) | Time:00:00.19 | Mem:0.00M, Peak:0.00M | Scene, ViewLayer | Synchronizing object | SOLDER_STM32G431K8Tx_U2_73_25
Fra:1 Mem:105.84M (Peak 106.49M) | Time:00:00.19 | Mem:0.00M, Peak:0.00M | Scene, ViewLayer | Synchronizing object | SOLDER_STM32G431K8Tx_U2_73_24
Fra:1 Mem:105.90M (Peak 106.49M) | Time:00:00.19 | Mem:0.00M, Peak:0.00M | Scene, ViewLayer | Synchronizing object | SOLDER_STM32G431K8Tx_U2_73_23
Fra:1 Mem:105.92M (Peak 106.49M) | Time:00:00.19 | Mem:0.00M, Peak:0.00M | Scene, ViewLayer | Synchronizing object | SOLDER_LMR380x0_U1_20_11
Fra:1 Mem:106.01M (Peak 106.49M) | Time:00:00.19 | Mem:0.00M, Peak:0.00M | Scene, ViewLayer | Synchronizing object | SOLDER_STM32G431K8Tx_U2_73_22
Fra:1 Mem:106.02M (Peak 106.49M) | Time:00:00.19 | Mem:0.00M, Peak:0.00M | Scene, ViewLayer | Synchronizing object | SOLDER_LMR380x0_U1_20_12
Fra:1 Mem:106.05M (Peak 106.49M) | Time:00:00.19 | Mem:0.00M, Peak:0.00M | Scene, ViewLayer | Synchronizing object | SOLDER_STM32G431K8Tx_U2_73_21
Fra:1 Mem:106.15M (Peak 106.49M) | Time:00:00.19 | Mem:0.00M, Peak:0.00M | Scene, ViewLayer | Synchronizing object | SOLDER_STM32G431K8Tx_U2_73_20
Fra:1 Mem:106.19M (Peak 106.49M) | Time:00:00.19 | Mem:0.00M, Peak:0.00M | Scene, ViewLayer | Synchronizing object | SOLDER_STM32G431K8Tx_U2_73_19
Fra:1 Mem:106.23M (Peak 106.49M) | Time:00:00.19 | Mem:0.00M, Peak:0.00M | Scene, ViewLayer | Synchronizing object | SOLDER_LMR380x0_U1_20_13
Fra:1 Mem:106.26M (Peak 106.49M) | Time:00:00.19 | Mem:0.00M, Peak:0.00M | Scene, ViewLayer | Synchronizing object | SOLDER_STM32G431K8Tx_U2_73_18
Fra:1 Mem:106.37M (Peak 106.49M) | Time:00:00.19 | Mem:0.00M, Peak:0.00M | Scene, ViewLayer | Synchronizing object | SOLDER_LMR380x0_U1_20_16
Fra:1 Mem:106.50M (Peak 106.50M) | Time:00:00.19 | Mem:0.00M, Peak:0.00M | Scene, ViewLayer | Synchronizing object | SOLDER_LMR380x0_U1_20_17
Fra:1 Mem:106.54M (Peak 106.54M) | Time:00:00.19 | Mem:0.00M, Peak:0.00M | Scene, ViewLayer | Synchronizing object | SOLDER_LMR380x0_U1_20_18
Fra:1 Mem:106.57M (Peak 106.57M) | Time:00:00.19 | Mem:0.00M, Peak:0.00M | Scene, ViewLayer | Synchronizing object | SOLDER_STM32G431K8Tx_U2_73_17
Fra:1 Mem:106.74M (Peak 106.74M) | Time:00:00.19 | Mem:0.00M, Peak:0.00M | Scene, ViewLayer | Synchronizing object | SOLDER_STM32G431K8Tx_U2_73_16
Fra:1 Mem:106.77M (Peak 106.77M) | Time:00:00.19 | Mem:0.00M, Peak:0.00M | Scene, ViewLayer | Synchronizing object | SOLDER_STM32G431K8Tx_U2_73_15
Fra:1 Mem:106.83M (Peak 106.83M) | Time:00:00.19 | Mem:0.00M, Peak:0.00M | Scene, ViewLayer | Synchronizing object | SOLDER_STM32G431K8Tx_U2_73_14
Fra:1 Mem:106.87M (Peak 106.87M) | Time:00:00.19 | Mem:0.00M, Peak:0.00M | Scene, ViewLayer | Synchronizing object | SOLDER_LMR380x0_U1_20_19
Fra:1 Mem:106.90M (Peak 106.90M) | Time:00:00.19 | Mem:0.00M, Peak:0.00M | Scene, ViewLayer | Synchronizing object | SOLDER_2k2_R12_22_0
Fra:1 Mem:106.91M (Peak 106.91M) | Time:00:00.19 | Mem:0.00M, Peak:0.00M | Scene, ViewLayer | Synchronizing object | SOLDER_STM32G431K8Tx_U2_73_13
Fra:1 Mem:107.04M (Peak 107.04M) | Time:00:00.19 | Mem:0.00M, Peak:0.00M | Scene, ViewLayer | Synchronizing object | SOLDER_2k2_R12_22_1
Fra:1 Mem:107.04M (Peak 107.04M) | Time:00:00.19 | Mem:0.00M, Peak:0.00M | Scene, ViewLayer | Synchronizing object | SOLDER_STM32G431K8Tx_U2_73_12
Fra:1 Mem:107.08M (Peak 107.08M) | Time:00:00.19 | Mem:0.00M, Peak:0.00M | Scene, ViewLayer | Synchronizing object | SOLDER_Dell_DC_jack_J6_26_4
Fra:1 Mem:107.12M (Peak 107.12M) | Time:00:00.19 | Mem:0.00M, Peak:0.00M | Scene, ViewLayer | Synchronizing object | SOLDER_STM32G431K8Tx_U2_73_11
Fra:1 Mem:107.23M (Peak 107.23M) | Time:00:00.19 | Mem:0.00M, Peak:0.00M | Scene, ViewLayer | Synchronizing object | SOLDER_STM32G431K8Tx_U2_73_10
Fra:1 Mem:107.26M (Peak 107.26M) | Time:00:00.19 | Mem:0.00M, Peak:0.00M | Scene, ViewLayer | Synchronizing object | SOLDER_2k2_R13_29_0
Fra:1 Mem:107.29M (Peak 107.29M) | Time:00:00.19 | Mem:0.00M, Peak:0.00M | Scene, ViewLayer | Synchronizing object | SOLDER_STM32G431K8Tx_U2_73_9
Fra:1 Mem:107.34M (Peak 107.34M) | Time:00:00.20 | Mem:0.00M, Peak:0.00M | Scene, ViewLayer | Synchronizing object | SOLDER_STM32G431K8Tx_U2_73_8
Fra:1 Mem:107.37M (Peak 107.37M) | Time:00:00.20 | Mem:0.00M, Peak:0.00M | Scene, ViewLayer | Synchronizing object | SOLDER_2k2_R13_29_1
Fra:1 Mem:107.40M (Peak 107.40M) | Time:00:00.20 | Mem:0.00M, Peak:0.00M | Scene, ViewLayer | Synchronizing object | SOLDER_STM32G431K8Tx_U2_73_7
Fra:1 Mem:107.41M (Peak 107.41M) | Time:00:00.20 | Mem:0.00M, Peak:0.00M | Scene, ViewLayer | Synchronizing object | SOLDER_10n_C3_31_0
Fra:1 Mem:107.45M (Peak 107.45M) | Time:00:00.20 | Mem:0.00M, Peak:0.00M | Scene, ViewLayer | Synchronizing object | SOLDER_10n_C3_31_1
Fra:1 Mem:107.48M (Peak 107.48M) | Time:00:00.20 | Mem:0.00M, Peak:0.00M | Scene, ViewLayer | Synchronizing object | SOLDER_STM32G431K8Tx_U2_73_6
Fra:1 Mem:107.51M (Peak 107.51M) | Time:00:00.20 | Mem:0.00M, Peak:0.00M | Scene, ViewLayer | Synchronizing object | SOLDER_0R_JP14_32_0
Fra:1 Mem:107.52M (Peak 107.52M) | Time:00:00.20 | Mem:0.00M, Peak:0.00M | Scene, ViewLayer | Synchronizing object | SOLDER_0R_JP14_32_1
Fra:1 Mem:107.56M (Peak 107.56M) | Time:00:00.20 | Mem:0.00M, Peak:0.00M | Scene, ViewLayer | Synchronizing object | SOLDER_STM32G431K8Tx_U2_73_5
Fra:1 Mem:107.60M (Peak 107.60M) | Time:00:00.20 | Mem:0.00M, Peak:0.00M | Scene, ViewLayer | Synchronizing object | SOLDER_10k_R7_35_0
Fra:1 Mem:107.61M (Peak 107.61M) | Time:00:00.20 | Mem:0.00M, Peak:0.00M | Scene, ViewLayer | Synchronizing object | SOLDER_10k_R7_35_1
Fra:1 Mem:107.64M (Peak 107.64M) | Time:00:00.20 | Mem:0.00M, Peak:0.00M | Scene, ViewLayer | Synchronizing object | SOLDER_STM32G431K8Tx_U2_73_4
Fra:1 Mem:107.69M (Peak 107.69M) | Time:00:00.20 | Mem:0.00M, Peak:0.00M | Scene, ViewLayer | Synchronizing object | SOLDER_0R_JP5_36_0
Fra:1 Mem:107.69M (Peak 107.69M) | Time:00:00.20 | Mem:0.00M, Peak:0.00M | Scene, ViewLayer | Synchronizing object | SOLDER_0R_JP5_36_1
Fra:1 Mem:107.73M (Peak 107.73M) | Time:00:00.20 | Mem:0.00M, Peak:0.00M | Scene, ViewLayer | Synchronizing object | SOLDER_STM32G431K8Tx_U2_73_3
Fra:1 Mem:107.77M (Peak 107.77M) | Time:00:00.20 | Mem:0.00M, Peak:0.00M | Scene, ViewLayer | Synchronizing object | SOLDER_1u_C16_39_0
Fra:1 Mem:107.78M (Peak 107.78M) | Time:00:00.20 | Mem:0.00M, Peak:0.00M | Scene, ViewLayer | Synchronizing object | SOLDER_1u_C16_39_1
Fra:1 Mem:107.79M (Peak 107.79M) | Time:00:00.20 | Mem:0.00M, Peak:0.00M | Scene, ViewLayer | Synchronizing object | SOLDER_STM32G431K8Tx_U2_73_2
Fra:1 Mem:107.85M (Peak 107.85M) | Time:00:00.20 | Mem:0.00M, Peak:0.00M | Scene, ViewLayer | Synchronizing object | SOLDER_DC_barrel_assy_J8_40_0
Fra:1 Mem:107.86M (Peak 107.86M) | Time:00:00.20 | Mem:0.00M, Peak:0.00M | Scene, ViewLayer | Synchronizing object | SOLDER_STM32G431K8Tx_U2_73_1
Fra:1 Mem:107.93M (Peak 107.93M) | Time:00:00.20 | Mem:0.00M, Peak:0.00M | Scene, ViewLayer | Synchronizing object | SOLDER_DC_barrel_assy_J8_40_4
Fra:1 Mem:107.94M (Peak 107.94M) | Time:00:00.20 | Mem:0.00M, Peak:0.00M | Scene, ViewLayer | Synchronizing object | SOLDER_STM32G431K8Tx_U2_73_0
Fra:1 Mem:107.98M (Peak 107.98M) | Time:00:00.20 | Mem:0.00M, Peak:0.00M | Scene, ViewLayer | Synchronizing object | SOLDER_4_7u_C4_41_0
Fra:1 Mem:108.01M (Peak 108.01M) | Time:00:00.20 | Mem:0.00M, Peak:0.00M | Scene, ViewLayer | Synchronizing object | SOLDER_4_7u_C4_41_1
Fra:1 Mem:108.02M (Peak 108.02M) | Time:00:00.20 | Mem:0.00M, Peak:0.00M | Scene, ViewLayer | Synchronizing object | SOLDER_100n_C20_71_1
Fra:1 Mem:108.07M (Peak 108.07M) | Time:00:00.20 | Mem:0.00M, Peak:0.00M | Scene, ViewLayer | Synchronizing object | SOLDER_10n_C26_42_0
Fra:1 Mem:108.10M (Peak 108.10M) | Time:00:00.20 | Mem:0.00M, Peak:0.00M | Scene, ViewLayer | Synchronizing object | SOLDER_10n_C26_42_1
Fra:1 Mem:108.11M (Peak 108.11M) | Time:00:00.20 | Mem:0.00M, Peak:0.00M | Scene, ViewLayer | Synchronizing object | SOLDER_100n_C20_71_0
Fra:1 Mem:108.15M (Peak 108.15M) | Time:00:00.20 | Mem:0.00M, Peak:0.00M | Scene, ViewLayer | Synchronizing object | SOLDER_USB_C_Receptacle_USB2_0_16P_J5_43_0
Fra:1 Mem:108.19M (Peak 108.19M) | Time:00:00.20 | Mem:0.00M, Peak:0.00M | Scene, ViewLayer | Synchronizing object | SOLDER_USB_C_Receptacle_USB2_0_16P_J5_43_1
Fra:1 Mem:108.24M (Peak 108.24M) | Time:00:00.20 | Mem:0.00M, Peak:0.00M | Scene, ViewLayer | Synchronizing object | SOLDER_100n_C19_68_1
Fra:1 Mem:108.39M (Peak 108.39M) | Time:00:00.20 | Mem:0.00M, Peak:0.00M | Scene, ViewLayer | Synchronizing object | SOLDER_100n_C19_68_0
Fra:1 Mem:108.42M (Peak 108.42M) | Time:00:00.20 | Mem:0.00M, Peak:0.00M | Scene, ViewLayer | Synchronizing object | SOLDER_USBLC6_2SC6_U4_67_5
Fra:1 Mem:108.46M (Peak 108.46M) | Time:00:00.20 | Mem:0.00M, Peak:0.00M | Scene, ViewLayer | Synchronizing object | SOLDER_USBLC6_2SC6_U4_67_4
Fra:1 Mem:108.53M (Peak 108.53M) | Time:00:00.20 | Mem:0.00M, Peak:0.00M | Scene, ViewLayer | Synchronizing object | SOLDER_USB_C_Receptacle_USB2_0_16P_J5_43_3
Fra:1 Mem:108.52M (Peak 108.53M) | Time:00:00.20 | Mem:0.00M, Peak:0.00M | Scene, ViewLayer | Synchronizing object | SOLDER_USBLC6_2SC6_U4_67_3
Fra:1 Mem:108.67M (Peak 108.67M) | Time:00:00.20 | Mem:0.00M, Peak:0.00M | Scene, ViewLayer | Synchronizing object | SOLDER_USBLC6_2SC6_U4_67_2
Fra:1 Mem:108.70M (Peak 108.70M) | Time:00:00.20 | Mem:0.00M, Peak:0.00M | Scene, ViewLayer | Synchronizing object | SOLDER_USB_C_Receptacle_USB2_0_16P_J5_43_4
Fra:1 Mem:108.73M (Peak 108.73M) | Time:00:00.20 | Mem:0.00M, Peak:0.00M | Scene, ViewLayer | Synchronizing object | SOLDER_USBLC6_2SC6_U4_67_1
Fra:1 Mem:108.83M (Peak 108.83M) | Time:00:00.20 | Mem:0.00M, Peak:0.00M | Scene, ViewLayer | Synchronizing object | SOLDER_USBLC6_2SC6_U4_67_0
Fra:1 Mem:108.89M (Peak 108.89M) | Time:00:00.20 | Mem:0.00M, Peak:0.00M | Scene, ViewLayer | Synchronizing object | SOLDER_USB_C_Receptacle_USB2_0_16P_J5_43_5
Fra:1 Mem:108.91M (Peak 108.91M) | Time:00:00.20 | Mem:0.00M, Peak:0.00M | Scene, ViewLayer | Synchronizing object | SOLDER_10n_C5_66_1
Fra:1 Mem:109.03M (Peak 109.03M) | Time:00:00.20 | Mem:0.00M, Peak:0.00M | Scene, ViewLayer | Synchronizing object | SOLDER_10n_C5_66_0
Fra:1 Mem:109.07M (Peak 109.07M) | Time:00:00.20 | Mem:0.00M, Peak:0.00M | Scene, ViewLayer | Synchronizing object | SOLDER_64_9k_R3_65_1
Fra:1 Mem:109.09M (Peak 109.09M) | Time:00:00.20 | Mem:0.00M, Peak:0.00M | Scene, ViewLayer | Synchronizing object | SOLDER_USB_C_Receptacle_USB2_0_16P_J5_43_6
Fra:1 Mem:109.17M (Peak 109.17M) | Time:00:00.20 | Mem:0.00M, Peak:0.00M | Scene, ViewLayer | Synchronizing object | SOLDER_64_9k_R3_65_0
Fra:1 Mem:109.24M (Peak 109.24M) | Time:00:00.20 | Mem:0.00M, Peak:0.00M | Scene, ViewLayer | Synchronizing object | SOLDER_USB_C_Receptacle_USB2_0_16P_J5_43_7
Fra:1 Mem:109.35M (Peak 109.35M) | Time:00:00.20 | Mem:0.00M, Peak:0.00M | Scene, ViewLayer | Synchronizing object | SOLDER_22u_C17_63_1
Fra:1 Mem:109.38M (Peak 109.38M) | Time:00:00.20 | Mem:0.00M, Peak:0.00M | Scene, ViewLayer | Synchronizing object | SOLDER_22u_C17_63_0
Fra:1 Mem:109.43M (Peak 109.43M) | Time:00:00.20 | Mem:0.00M, Peak:0.00M | Scene, ViewLayer | Synchronizing object | SOLDER_0R_JP7_62_1
Fra:1 Mem:109.45M (Peak 109.45M) | Time:00:00.20 | Mem:0.00M, Peak:0.00M | Scene, ViewLayer | Synchronizing object | SOLDER_USB_C_Receptacle_USB2_0_16P_J5_43_8
Fra:1 Mem:109.50M (Peak 109.50M) | Time:00:00.20 | Mem:0.00M, Peak:0.00M | Scene, ViewLayer | Synchronizing object | SOLDER_0R_JP7_62_0
Fra:1 Mem:109.63M (Peak 109.63M) | Time:00:00.20 | Mem:0.00M, Peak:0.00M | Scene, ViewLayer | Synchronizing object | SOLDER_1u_C11_61_1
Fra:1 Mem:109.66M (Peak 109.66M) | Time:00:00.20 | Mem:0.00M, Peak:0.00M | Scene, ViewLayer | Synchronizing object | SOLDER_1u_C11_61_0
Fra:1 Mem:109.71M (Peak 109.71M) | Time:00:00.20 | Mem:0.00M, Peak:0.00M | Scene, ViewLayer | Synchronizing object | SOLDER_USB_C_Receptacle_USB2_0_16P_J5_43_9
Fra:1 Mem:109.74M (Peak 109.74M) | Time:00:00.20 | Mem:0.00M, Peak:0.00M | Scene, ViewLayer | Synchronizing object | SOLDER_23_2k_R6_58_1
Fra:1 Mem:109.81M (Peak 109.81M) | Time:00:00.20 | Mem:0.00M, Peak:0.00M | Scene, ViewLayer | Synchronizing object | SOLDER_USB_C_Receptacle_USB2_0_16P_J5_43_10
Fra:1 Mem:109.92M (Peak 109.92M) | Time:00:00.20 | Mem:0.00M, Peak:0.00M | Scene, ViewLayer | Synchronizing object | SOLDER_23_2k_R6_58_0
Fra:1 Mem:109.95M (Peak 109.95M) | Time:00:00.20 | Mem:0.00M, Peak:0.00M | Scene, ViewLayer | Synchronizing object | SOLDER_100n_C13_57_1
Fra:1 Mem:109.99M (Peak 109.99M) | Time:00:00.20 | Mem:0.00M, Peak:0.00M | Scene, ViewLayer | Synchronizing object | SOLDER_100n_C13_57_0
Fra:1 Mem:110.02M (Peak 110.02M) | Time:00:00.20 | Mem:0.00M, Peak:0.00M | Scene, ViewLayer | Synchronizing object | SOLDER_USB_C_Receptacle_USB2_0_16P_J5_43_11
Fra:1 Mem:110.08M (Peak 110.08M) | Time:00:00.20 | Mem:0.00M, Peak:0.00M | Scene, ViewLayer | Synchronizing object | SOLDER_0R_JP19_56_1
Fra:1 Mem:110.18M (Peak 110.18M) | Time:00:00.20 | Mem:0.00M, Peak:0.00M | Scene, ViewLayer | Synchronizing object | SOLDER_USB_C_Receptacle_USB2_0_16P_J5_43_12
Fra:1 Mem:110.28M (Peak 110.28M) | Time:00:00.20 | Mem:0.00M, Peak:0.00M | Scene, ViewLayer | Synchronizing object | SOLDER_0R_JP19_56_0
Fra:1 Mem:110.31M (Peak 110.31M) | Time:00:00.20 | Mem:0.00M, Peak:0.00M | Scene, ViewLayer | Synchronizing object | SOLDER_VNH7070_U3_55_15
Fra:1 Mem:110.36M (Peak 110.36M) | Time:00:00.20 | Mem:0.00M, Peak:0.00M | Scene, ViewLayer | Synchronizing object | SOLDER_VNH7070_U3_55_14
Fra:1 Mem:110.39M (Peak 110.39M) | Time:00:00.20 | Mem:0.00M, Peak:0.00M | Scene, ViewLayer | Synchronizing object | SOLDER_USB_C_Receptacle_USB2_0_16P_J5_43_13
Fra:1 Mem:110.45M (Peak 110.45M) | Time:00:00.20 | Mem:0.00M, Peak:0.00M | Scene, ViewLayer | Synchronizing object | SOLDER_VNH7070_U3_55_13
Fra:1 Mem:110.54M (Peak 110.54M) | Time:00:00.20 | Mem:0.00M, Peak:0.00M | Scene, ViewLayer | Synchronizing object | SOLDER_USB_C_Receptacle_USB2_0_16P_J5_43_14
Fra:1 Mem:110.57M (Peak 110.57M) | Time:00:00.20 | Mem:0.00M, Peak:0.00M | Scene, ViewLayer | Synchronizing object | SOLDER_VNH7070_U3_55_12
Fra:1 Mem:110.67M (Peak 110.67M) | Time:00:00.20 | Mem:0.00M, Peak:0.00M | Scene, ViewLayer | Synchronizing object | SOLDER_VNH7070_U3_55_11
Fra:1 Mem:110.73M (Peak 110.73M) | Time:00:00.20 | Mem:0.00M, Peak:0.00M | Scene, ViewLayer | Synchronizing object | SOLDER_VNH7070_U3_55_10
Fra:1 Mem:110.75M (Peak 110.75M) | Time:00:00.20 | Mem:0.00M, Peak:0.00M | Scene, ViewLayer | Synchronizing object | SOLDER_USB_C_Receptacle_USB2_0_16P_J5_43_15
Fra:1 Mem:110.87M (Peak 110.87M) | Time:00:00.20 | Mem:0.00M, Peak:0.00M | Scene, ViewLayer | Synchronizing object | SOLDER_VNH7070_U3_55_9
Fra:1 Mem:110.91M (Peak 110.91M) | Time:00:00.20 | Mem:0.00M, Peak:0.00M | Scene, ViewLayer | Synchronizing object | SOLDER_VNH7070_U3_55_8
Fra:1 Mem:111.02M (Peak 111.02M) | Time:00:00.20 | Mem:0.00M, Peak:0.00M | Scene, ViewLayer | Synchronizing object | SOLDER_10k_R2_45_0
Fra:1 Mem:111.08M (Peak 111.08M) | Time:00:00.20 | Mem:0.00M, Peak:0.00M | Scene, ViewLayer | Synchronizing object | SOLDER_VNH7070_U3_55_6
Fra:1 Mem:111.14M (Peak 111.14M) | Time:00:00.20 | Mem:0.00M, Peak:0.00M | Scene, ViewLayer | Synchronizing object | SOLDER_VNH7070_U3_55_5
Fra:1 Mem:111.18M (Peak 111.18M) | Time:00:00.20 | Mem:0.00M, Peak:0.00M | Scene, ViewLayer | Synchronizing object | SOLDER_10k_R2_45_1
Fra:1 Mem:111.17M (Peak 111.18M) | Time:00:00.20 | Mem:0.00M, Peak:0.00M | Scene, ViewLayer | Synchronizing object | SOLDER_100n_C1_46_0
Fra:1 Mem:111.22M (Peak 111.22M) | Time:00:00.20 | Mem:0.00M, Peak:0.00M | Scene, ViewLayer | Synchronizing object | SOLDER_VNH7070_U3_55_4
Fra:1 Mem:111.25M (Peak 111.25M) | Time:00:00.20 | Mem:0.00M, Peak:0.00M | Scene, ViewLayer | Synchronizing object | SOLDER_100n_C1_46_1
Fra:1 Mem:111.27M (Peak 111.27M) | Time:00:00.20 | Mem:0.00M, Peak:0.00M | Scene, ViewLayer | Synchronizing object | SOLDER_2k2_R5_47_0
Fra:1 Mem:111.28M (Peak 111.28M) | Time:00:00.20 | Mem:0.00M, Peak:0.00M | Scene, ViewLayer | Synchronizing object | SOLDER_VNH7070_U3_55_3
Fra:1 Mem:111.33M (Peak 111.33M) | Time:00:00.20 | Mem:0.00M, Peak:0.00M | Scene, ViewLayer | Synchronizing object | SOLDER_2k2_R5_47_1
Fra:1 Mem:111.35M (Peak 111.35M) | Time:00:00.20 | Mem:0.00M, Peak:0.00M | Scene, ViewLayer | Synchronizing object | SOLDER_20_MHz_Y1_51_0
Fra:1 Mem:111.36M (Peak 111.36M) | Time:00:00.20 | Mem:0.00M, Peak:0.00M | Scene, ViewLayer | Synchronizing object | SOLDER_VNH7070_U3_55_2
Fra:1 Mem:111.43M (Peak 111.43M) | Time:00:00.20 | Mem:0.00M, Peak:0.00M | Scene, ViewLayer | Synchronizing object | SOLDER_20_MHz_Y1_51_1
Fra:1 Mem:111.43M (Peak 111.43M) | Time:00:00.20 | Mem:0.00M, Peak:0.00M | Scene, ViewLayer | Synchronizing object | SOLDER_VNH7070_U3_55_1
Fra:1 Mem:111.50M (Peak 111.50M) | Time:00:00.20 | Mem:0.00M, Peak:0.00M | Scene, ViewLayer | Synchronizing object | SOLDER_20_MHz_Y1_51_3
Fra:1 Mem:111.53M (Peak 111.53M) | Time:00:00.20 | Mem:0.00M, Peak:0.00M | Scene, ViewLayer | Synchronizing object | SOLDER_VNH7070_U3_55_0
Fra:1 Mem:111.54M (Peak 111.54M) | Time:00:00.20 | Mem:0.00M, Peak:0.00M | Scene, ViewLayer | Synchronizing object | SOLDER_100n_C25_52_0
Fra:1 Mem:111.59M (Peak 111.59M) | Time:00:00.20 | Mem:0.00M, Peak:0.00M | Scene, ViewLayer | Synchronizing object | SOLDER_0R_JP6_54_1
Fra:1 Mem:111.61M (Peak 111.61M) | Time:00:00.20 | Mem:0.00M, Peak:0.00M | Scene, ViewLayer | Synchronizing object | SOLDER_100n_C25_52_1
Fra:1 Mem:111.64M (Peak 111.64M) | Time:00:00.20 | Mem:0.00M, Peak:0.00M | Scene, ViewLayer | Synchronizing object | SOLDER_5k1_R15_53_0
Fra:1 Mem:111.67M (Peak 111.67M) | Time:00:00.20 | Mem:0.00M, Peak:0.00M | Scene, ViewLayer | Synchronizing object | SOLDER_5k1_R15_53_1
Fra:1 Mem:111.69M (Peak 111.69M) | Time:00:00.20 | Mem:0.00M, Peak:0.00M | Scene, ViewLayer | Synchronizing object | SOLDER_0R_JP6_54_0
Fra:1 Mem:111.76M (Peak 111.76M) | Time:00:00.20 | Mem:0.00M, Peak:0.00M | Scene, ViewLayer | Initializing
Fra:1 Mem:89.73M (Peak 111.76M) | Time:00:00.20 | Mem:0.00M, Peak:0.00M | Scene, ViewLayer | Updating Images | Loading ktest-blender_export_SilkS.png
Fra:1 Mem:89.73M (Peak 111.76M) | Time:00:00.20 | Mem:0.00M, Peak:0.00M | Scene, ViewLayer | Updating Images | Loading ktest-blender_export_Mask.png
Fra:1 Mem:89.73M (Peak 111.76M) | Time:00:00.20 | Mem:0.00M, Peak:0.00M | Scene, ViewLayer | Updating Images | Loading ktest-blender_export_Cu.png
Fra:1 Mem:179.32M (Peak 388.55M) | Time:00:00.38 | Mem:99.60M, Peak:99.60M | Scene, ViewLayer | Waiting for render to start
Fra:1 Mem:179.32M (Peak 388.55M) | Time:00:00.38 | Mem:99.60M, Peak:99.60M | Scene, ViewLayer | Loading render kernels (may take a few minutes the first time)
Fra:1 Mem:179.32M (Peak 388.55M) | Time:00:00.38 | Mem:99.60M, Peak:99.60M | Scene, ViewLayer | Updating Scene
Fra:1 Mem:179.32M (Peak 388.55M) | Time:00:00.38 | Mem:99.60M, Peak:99.60M | Scene, ViewLayer | Updating Shaders
Fra:1 Mem:179.58M (Peak 388.55M) | Time:00:00.38 | Mem:99.77M, Peak:99.77M | Scene, ViewLayer | Updating Procedurals
Fra:1 Mem:179.58M (Peak 388.55M) | Time:00:00.38 | Mem:99.77M, Peak:99.77M | Scene, ViewLayer | Updating Background
Fra:1 Mem:179.58M (Peak 388.55M) | Time:00:00.38 | Mem:99.77M, Peak:99.77M | Scene, ViewLayer | Updating Camera
Fra:1 Mem:179.58M (Peak 388.55M) | Time:00:00.38 | Mem:99.77M, Peak:99.77M | Scene, ViewLayer | Updating Meshes Flags
Fra:1 Mem:179.58M (Peak 388.55M) | Time:00:00.38 | Mem:99.77M, Peak:99.77M | Scene, ViewLayer | Updating Objects
Fra:1 Mem:179.58M (Peak 388.55M) | Time:00:00.38 | Mem:99.77M, Peak:99.77M | Scene, ViewLayer | Updating Objects | Copying Transformations to device
Fra:1 Mem:179.66M (Peak 388.55M) | Time:00:00.38 | Mem:99.84M, Peak:99.84M | Scene, ViewLayer | Updating Objects | Applying Static Transformations
Fra:1 Mem:179.66M (Peak 388.55M) | Time:00:00.38 | Mem:99.84M, Peak:99.84M | Scene, ViewLayer | Updating Particle Systems
Fra:1 Mem:179.66M (Peak 388.55M) | Time:00:00.38 | Mem:99.84M, Peak:99.84M | Scene, ViewLayer | Updating Particle Systems | Copying Particles to device
Fra:1 Mem:179.66M (Peak 388.55M) | Time:00:00.38 | Mem:99.84M, Peak:99.84M | Scene, ViewLayer | Updating Meshes
Fra:1 Mem:184.18M (Peak 388.55M) | Time:00:00.39 | Mem:99.84M, Peak:99.84M | Scene, ViewLayer | Updating Mesh | Computing attributes
Fra:1 Mem:186.81M (Peak 388.55M) | Time:00:00.39 | Mem:99.86M, Peak:99.86M | Scene, ViewLayer | Updating Mesh | Copying Attributes to device
Fra:1 Mem:186.76M (Peak 388.55M) | Time:00:00.39 | Mem:102.42M, Peak:102.42M | Scene, ViewLayer | Updating Geometry BVH PCB_ktest-blender_export 1/1 | Building BVH
Fra:1 Mem:186.76M (Peak 388.55M) | Time:00:00.39 | Mem:102.96M, Peak:102.96M | Scene, ViewLayer | Updating Geometry BVH PCB_ktest-blender_export 1/1 | Building BVH 0%
Fra:1 Mem:186.76M (Peak 388.55M) | Time:00:00.39 | Mem:103.60M, Peak:104.13M | Scene, ViewLayer | Updating Scene BVH | Building
Fra:1 Mem:186.77M (Peak 388.55M) | Time:00:00.39 | Mem:103.60M, Peak:104.13M | Scene, ViewLayer | Updating Scene BVH | Building BVH
Fra:1 Mem:186.77M (Peak 388.55M) | Time:00:00.43 | Mem:121.36M, Peak:129.87M | Scene, ViewLayer | Updating Scene BVH | Copying BVH to device
Fra:1 Mem:186.77M (Peak 388.55M) | Time:00:00.43 | Mem:121.36M, Peak:129.87M | Scene, ViewLayer | Updating Mesh | Computing normals
Fra:1 Mem:197.83M (Peak 388.55M) | Time:00:00.43 | Mem:121.36M, Peak:129.87M | Scene, ViewLayer | Updating Mesh | Copying Mesh to device
Fra:1 Mem:197.83M (Peak 388.55M) | Time:00:00.43 | Mem:132.42M, Peak:132.42M | Scene, ViewLayer | Updating Objects Flags
Fra:1 Mem:197.83M (Peak 388.55M) | Time:00:00.43 | Mem:132.43M, Peak:132.43M | Scene, ViewLayer | Updating Primitive Offsets
Fra:1 Mem:197.83M (Peak 388.55M) | Time:00:00.43 | Mem:132.43M, Peak:132.43M | Scene, ViewLayer | Updating Images
Fra:1 Mem:197.83M (Peak 388.55M) | Time:00:00.43 | Mem:132.43M, Peak:132.43M | Scene, ViewLayer | Updating Camera Volume
Fra:1 Mem:197.83M (Peak 388.55M) | Time:00:00.43 | Mem:132.43M, Peak:132.43M | Scene, ViewLayer | Updating Lookup Tables
Fra:1 Mem:197.83M (Peak 388.55M) | Time:00:00.43 | Mem:132.51M, Peak:132.51M | Scene, ViewLayer | Updating Lights
Fra:1 Mem:197.83M (Peak 388.55M) | Time:00:00.43 | Mem:132.51M, Peak:132.51M | Scene, ViewLayer | Updating Lights | Computing tree
Fra:1 Mem:197.84M (Peak 388.55M) | Time:00:00.43 | Mem:132.51M, Peak:132.51M | Scene, ViewLayer | Updating Integrator
Fra:1 Mem:197.84M (Peak 388.55M) | Time:00:00.43 | Mem:132.51M, Peak:132.51M | Scene, ViewLayer | Updating Film
Fra:1 Mem:197.84M (Peak 388.55M) | Time:00:00.43 | Mem:132.43M, Peak:132.51M | Scene, ViewLayer | Updating Lookup Tables
Fra:1 Mem:197.84M (Peak 388.55M) | Time:00:00.43 | Mem:132.52M, Peak:132.52M | Scene, ViewLayer | Updating Baking
Fra:1 Mem:197.84M (Peak 388.55M) | Time:00:00.43 | Mem:132.52M, Peak:132.52M | Scene, ViewLayer | Updating Device | Writing constant memory
Fra:1 Mem:197.85M (Peak 388.55M) | Time:00:00.43 | Mem:132.52M, Peak:132.52M | Scene, ViewLayer | Loading denoising kernels (may take a few minutes the first time)
Fra:1 Mem:197.85M (Peak 388.55M) | Time:00:00.43 | Mem:132.52M, Peak:132.52M | Scene, ViewLayer | Sample 0/4
Fra:1 Mem:282.40M (Peak 388.55M) | Time:00:06.53 | Remaining:00:18.28 | Mem:217.07M, Peak:217.07M | Scene, ViewLayer | Sample 1/4
Fra:1 Mem:318.00M (Peak 388.55M) | Time:00:31.83 | Mem:217.07M, Peak:217.07M | Scene, ViewLayer | Sample 4/4
Fra:1 Mem:318.00M (Peak 388.55M) | Time:00:31.83 | Mem:217.07M, Peak:217.07M | Scene, ViewLayer | Finished
Saved: '/work/output/3d/ktest-3D_blendertop.png'
Time: 00:31.96 (Saving: 00:00.12)

Exporting /work/output/3d/ktest-3D_blendertop.png in render format
- Render
batch job finished, exiting

Blender quit
 (kibot - kiplot.py:152)
DEBUG:- Executing: /usr/bin/convert /work/output/3d/ktest-3D_blendertop.png -trim +repage -trim +repage /work/output/3d/ktest-3D_blendertop.png (kibot - kiplot.py:161)
DEBUG:- Output from command: convert: eXIf: duplicate `/work/output/3d/ktest-3D_blendertop.png' @ warning/png.c/MagickPNGWarningHandler/1525.
 (kibot - kiplot.py:152)
DEBUG:Extending `blender_bottom` from `blender_render` (kibot - out_base.py:151)
- 'Board flat bottom view' (blender_bottom) [blender_export]
DEBUG:Output destination: /work/output/3d (kibot - kiplot.py:685)
DEBUG: - Creating VRML ... (kibot - out_blender_export.py:440)
DEBUG:Starting tool check for KiCad Automation tools (kibot - dep_downloader.py:866)
DEBUG:- Returning `/usr/bin/pcbnew_do` (kibot - dep_downloader.py:873)
DEBUG:Switching the PCB to 'Default' variant (kibot - out_base.py:1193)
DEBUG:Looking for LCSC field name (kibot - optionable.py:707)
DEBUG:Using  as LCSC field name (kibot - optionable.py:709)
DEBUG:Using `/root/.cache/kibot/3d` as dir for downloaded 3D models (kibot - out_base_3d.py:545)
DEBUG:Using cached model `/root/.cache/kibot/3d/Capacitor_SMD.3dshapes/C_0603_1608Metric.step` (43450) (kibot - out_base_3d.py:187)
DEBUG:Using cached model `/root/.cache/kibot/3d/Resistor_SMD.3dshapes/R_0603_1608Metric.step` (40618) (kibot - out_base_3d.py:187)
DEBUG:Using cached model `/root/.cache/kibot/3d/Capacitor_SMD.3dshapes/C_1210_3225Metric.step` (43502) (kibot - out_base_3d.py:187)
DEBUG:Using cached model `/root/.cache/kibot/3d/Resistor_THT.3dshapes/R_Axial_DIN0204_L3.6mm_D1.6mm_P5.08mm_Horizontal.step` (37472) (kibot - out_base_3d.py:187)
DEBUG:Using cached model `/root/.cache/kibot/3d/Package_SO.3dshapes/HTSOP-8-1EP_3.9x4.9mm_P1.27mm.step` (125787) (kibot - out_base_3d.py:187)
DEBUG:Downloading `https://gitlab.com/api/v4/projects/21604637/repository/files/Package_SO.3dshapes%2FHTSOP-8-1EP_3.9x4.9mm_Pitch1.27mm.step/raw?ref=10.0.5` (kibot - out_base_3d.py:189)
DEBUG:Using cached model `/root/.cache/kibot/3d/Resistor_SMD.3dshapes/R_1206_3216Metric.step` (40414) (kibot - out_base_3d.py:187)
DEBUG:Using cached model `/root/.cache/kibot/3d/Capacitor_SMD.3dshapes/C_1206_3216Metric.step` (43450) (kibot - out_base_3d.py:187)
DEBUG:Using cached model `/root/.cache/kibot/3d/Crystal.3dshapes/Crystal_SMD_3225-4Pin_3.2x2.5mm.step` (44789) (kibot - out_base_3d.py:187)
DEBUG:Using cached model `/root/.cache/kibot/3d/Package_SO.3dshapes/JEITA_SOIC-16_3.9x9.9mm_P1.27mm.step` (223250) (kibot - out_base_3d.py:187)
DEBUG:Using cached model `/root/.cache/kibot/3d/Package_TO_SOT_SMD.3dshapes/SOT-23-6.step` (99639) (kibot - out_base_3d.py:187)
DEBUG:Using cached model `/root/.cache/kibot/3d/Package_QFP.3dshapes/LQFP-32_7x7mm_P0.8mm.step` (422757) (kibot - out_base_3d.py:187)
DEBUG:Using cached model `/root/.cache/kibot/3d/Connector_JST.3dshapes/JST_XH_B4B-XH-A_1x04_P2.50mm_Vertical.step` (222777) (kibot - out_base_3d.py:187)
DEBUG:Using cached model `/root/.cache/kibot/3d/Capacitor_SMD.3dshapes/CP_Elec_10x10.step` (82045) (kibot - out_base_3d.py:187)
DEBUG:Using cached model `/root/.cache/kibot/3d/Resistor_THT.3dshapes/R_Axial_DIN0204_L3.6mm_D1.6mm_P7.62mm_Horizontal.step` (24507) (kibot - out_base_3d.py:187)
DEBUG:Using cached model `/root/.cache/kibot/3d/Connector_JST.3dshapes/JST_XH_B6B-XH-A_1x06_P2.50mm_Vertical.step` (295109) (kibot - out_base_3d.py:187)
DEBUG:Using cached model `/root/.cache/kibot/3d/Package_TO_SOT_SMD.3dshapes/SOT-23.step` (60296) (kibot - out_base_3d.py:187)
DEBUG:Using cached model `/root/.cache/kibot/3d/Connector_PinSocket_2.54mm.3dshapes/PinSocket_1x04_P2.54mm_Vertical.step` (90163) (kibot - out_base_3d.py:187)
DEBUG:Using cached model `/root/.cache/kibot/3d/Connector_PinSocket_2.54mm.3dshapes/PinSocket_1x14_P2.54mm_Vertical.step` (290650) (kibot - out_base_3d.py:187)
DEBUG:Writing modified PCB to /work/kibot_42uxfdfj.kicad_pcb (kibot - gs.py:1089)
DEBUG:Copying project `/work/ktest.kicad_pro` to `/work/kibot_42uxfdfj.kicad_pro` (kibot.gs - gs.py:615)
DEBUG:Copying project local settings `/work/ktest.kicad_prl` to `/work/kibot_42uxfdfj.kicad_prl` (kibot.gs - gs.py:623)
DEBUG:Copying project custom design rules `/work/ktest.kicad_dru` to `/work/kibot_42uxfdfj.kicad_dru` (kibot.gs - gs.py:631)
DEBUG:Executing: /usr/bin/pcbnew_do -r -v export_vrml --output_name pcb.wrl -U meters --dir_models components -x 0 -y 0 -u millimeters /work/kibot_42uxfdfj.kicad_pcb /tmp/tmp55zry2jn (kibot - kiplot.py:194)
DEBUG:Output from command:
> ./kicad/include/properties/property.h(607): assert "m_choices.GetCount() > 0" failed in PROPERTY_ENUM(): No enum choices defined
> ./kicad/include/properties/property.h(607): assert "m_choices.GetCount() > 0" failed in PROPERTY_ENUM(): No enum choices defined
> ./kicad/include/properties/property.h(607): assert "m_choices.GetCount() > 0" failed in PROPERTY_ENUM(): No enum choices defined
>  (kibot - kiplot.py:208)
DEBUG:Removing temporal files (kibot - out_base.py:1123)
DEBUG:- File `/work/kibot_42uxfdfj.kicad_pcb` (kibot - out_base.py:1126)
DEBUG:- File `/work/kibot_42uxfdfj.kicad_pro` (kibot - out_base.py:1126)
DEBUG:- File `/work/kibot_42uxfdfj.kicad_prl` (kibot - out_base.py:1126)
DEBUG:- File `/work/kibot_42uxfdfj.kicad_dru` (kibot - out_base.py:1126)
DEBUG: - Creating SVG for layers ... (kibot - kiplot.py:770)
DEBUG:Switching the PCB to 'Default' variant (kibot - out_base.py:1193)
DEBUG:Configuring plot controller for output (kibot - out_any_layer.py:102)
DEBUG:Opening plot file for layer `F.Cu (0 'Front copper' F_Cu)` format `5` (kibot - out_any_layer.py:213)
DEBUG:Plotting layer `F.Cu (0 'Front copper' F_Cu)` to `/tmp/tmp55zry2jn/layers/F_Cu.svg` (kibot - out_any_layer.py:220)
DEBUG:Opening plot file for layer `B.Cu (2 'Bottom copper' B_Cu)` format `5` (kibot - out_any_layer.py:213)
DEBUG:Plotting layer `B.Cu (2 'Bottom copper' B_Cu)` to `/tmp/tmp55zry2jn/layers/B_Cu.svg` (kibot - out_any_layer.py:220)
DEBUG:Opening plot file for layer `F.Paste (13 'Front solder paste' F_Paste)` format `5` (kibot - out_any_layer.py:213)
DEBUG:Plotting layer `F.Paste (13 'Front solder paste' F_Paste)` to `/tmp/tmp55zry2jn/layers/F_Paste.svg` (kibot - out_any_layer.py:220)
DEBUG:Opening plot file for layer `B.Paste (15 'Bottom solder paste' B_Paste)` format `5` (kibot - out_any_layer.py:213)
DEBUG:Plotting layer `B.Paste (15 'Bottom solder paste' B_Paste)` to `/tmp/tmp55zry2jn/layers/B_Paste.svg` (kibot - out_any_layer.py:220)
DEBUG:Opening plot file for layer `F.Mask (1 'Front soldermask (negative)' F_Mask)` format `5` (kibot - out_any_layer.py:213)
DEBUG:Plotting layer `F.Mask (1 'Front soldermask (negative)' F_Mask)` to `/tmp/tmp55zry2jn/layers/F_Mask.svg` (kibot - out_any_layer.py:220)
DEBUG:Opening plot file for layer `B.Mask (3 'Bottom soldermask (negative)' B_Mask)` format `5` (kibot - out_any_layer.py:213)
DEBUG:Plotting layer `B.Mask (3 'Bottom soldermask (negative)' B_Mask)` to `/tmp/tmp55zry2jn/layers/B_Mask.svg` (kibot - out_any_layer.py:220)
DEBUG:Opening plot file for layer `F.SilkS (5 'Front silkscreen (artwork)' F_SilkS)` format `5` (kibot - out_any_layer.py:213)
DEBUG:Plotting layer `F.SilkS (5 'Front silkscreen (artwork)' F_SilkS)` to `/tmp/tmp55zry2jn/layers/F_SilkS.svg` (kibot - out_any_layer.py:220)
DEBUG:Opening plot file for layer `B.SilkS (7 'Bottom silkscreen (artwork)' B_SilkS)` format `5` (kibot - out_any_layer.py:213)
DEBUG:Plotting layer `B.SilkS (7 'Bottom silkscreen (artwork)' B_SilkS)` to `/tmp/tmp55zry2jn/layers/B_SilkS.svg` (kibot - out_any_layer.py:220)
DEBUG:Adjusting SVG viewBox to (73.975, 64.475, 102.05, 53.3) for width 10.205 cm and height 5.33 cm (kibot - out_svg.py:93)
DEBUG: - Creating Pads and boundary ... (kibot - kiplot.py:770)
DEBUG:Switching the PCB to 'Default' variant (kibot - out_base.py:1193)
DEBUG:Collected board definitions: {} (kibot - out_pcb2blender_tools.py:410)
DEBUG: - Creating the PCB3D ... (kibot - kiplot.py:770)
DEBUG:Collecting files (kibot - out_compress.py:256)
DEBUG:Output destination: /tmp/tmp55zry2jn (kibot - kiplot.py:685)
DEBUG:Output destination: /tmp/tmp55zry2jn/layers (kibot - kiplot.py:685)
DEBUG:Output destination: /tmp/tmp55zry2jn (kibot - kiplot.py:685)
DEBUG:Generating `/work/output/3d/ktest-blender_export.pcb3d` archive (kibot - out_compress.py:259)
DEBUG:Adding /tmp/tmp55zry2jn/pcb.wrl as pcb.wrl (kibot - out_compress.py:116)
DEBUG:Adding /tmp/tmp55zry2jn/components as components (kibot - out_compress.py:116)
DEBUG:Adding /tmp/tmp55zry2jn/components/PinSocket_1x04_P2.54mm_Vertical.wrl as components/PinSocket_1x04_P2.54mm_Vertical.wrl (kibot - out_compress.py:116)
DEBUG:Adding /tmp/tmp55zry2jn/components/C_1210_3225Metric.wrl as components/C_1210_3225Metric.wrl (kibot - out_compress.py:116)
DEBUG:Adding /tmp/tmp55zry2jn/components/JST_XH_B4B-XH-A_1x04_P2.50mm_Vertical.wrl as components/JST_XH_B4B-XH-A_1x04_P2.50mm_Vertical.wrl (kibot - out_compress.py:116)
DEBUG:Adding /tmp/tmp55zry2jn/components/CP_Elec_10x10.wrl as components/CP_Elec_10x10.wrl (kibot - out_compress.py:116)
DEBUG:Adding /tmp/tmp55zry2jn/components/R_0603_1608Metric.wrl as components/R_0603_1608Metric.wrl (kibot - out_compress.py:116)
DEBUG:Adding /tmp/tmp55zry2jn/components/JEITA_SOIC-16_3.9x9.9mm_P1.27mm.wrl as components/JEITA_SOIC-16_3.9x9.9mm_P1.27mm.wrl (kibot - out_compress.py:116)
DEBUG:Adding /tmp/tmp55zry2jn/components/R_1206_3216Metric.wrl as components/R_1206_3216Metric.wrl (kibot - out_compress.py:116)
DEBUG:Adding /tmp/tmp55zry2jn/components/SOT-23-6.wrl as components/SOT-23-6.wrl (kibot - out_compress.py:116)
DEBUG:Adding /tmp/tmp55zry2jn/components/JST_XH_B6B-XH-A_1x06_P2.50mm_Vertical.wrl as components/JST_XH_B6B-XH-A_1x06_P2.50mm_Vertical.wrl (kibot - out_compress.py:116)
DEBUG:Adding /tmp/tmp55zry2jn/components/SOT-23.wrl as components/SOT-23.wrl (kibot - out_compress.py:116)
DEBUG:Adding /tmp/tmp55zry2jn/components/R_Axial_DIN0204_L3.6mm_D1.6mm_P5.08mm_Horizontal.wrl as components/R_Axial_DIN0204_L3.6mm_D1.6mm_P5.08mm_Horizontal.wrl (kibot - out_compress.py:116)
DEBUG:Adding /tmp/tmp55zry2jn/components/R_Axial_DIN0204_L3.6mm_D1.6mm_P7.62mm_Horizontal.wrl as components/R_Axial_DIN0204_L3.6mm_D1.6mm_P7.62mm_Horizontal.wrl (kibot - out_compress.py:116)
DEBUG:Adding /tmp/tmp55zry2jn/components/LQFP-32_7x7mm_P0.8mm.wrl as components/LQFP-32_7x7mm_P0.8mm.wrl (kibot - out_compress.py:116)
DEBUG:Adding /tmp/tmp55zry2jn/components/C_0603_1608Metric.wrl as components/C_0603_1608Metric.wrl (kibot - out_compress.py:116)
DEBUG:Adding /tmp/tmp55zry2jn/components/PinSocket_1x14_P2.54mm_Vertical.wrl as components/PinSocket_1x14_P2.54mm_Vertical.wrl (kibot - out_compress.py:116)
DEBUG:Adding /tmp/tmp55zry2jn/components/Crystal_SMD_3225-4Pin_3.2x2.5mm.wrl as components/Crystal_SMD_3225-4Pin_3.2x2.5mm.wrl (kibot - out_compress.py:116)
DEBUG:Adding /tmp/tmp55zry2jn/components/HTSOP-8-1EP_3.9x4.9mm_P1.27mm.wrl as components/HTSOP-8-1EP_3.9x4.9mm_P1.27mm.wrl (kibot - out_compress.py:116)
DEBUG:Adding /tmp/tmp55zry2jn/components/C_1206_3216Metric.wrl as components/C_1206_3216Metric.wrl (kibot - out_compress.py:116)
DEBUG:Adding /tmp/tmp55zry2jn/layers/F_Cu.svg as layers/F_Cu.svg (kibot - out_compress.py:116)
DEBUG:Adding /tmp/tmp55zry2jn/layers/B_Cu.svg as layers/B_Cu.svg (kibot - out_compress.py:116)
DEBUG:Adding /tmp/tmp55zry2jn/layers/F_Paste.svg as layers/F_Paste.svg (kibot - out_compress.py:116)
DEBUG:Adding /tmp/tmp55zry2jn/layers/B_Paste.svg as layers/B_Paste.svg (kibot - out_compress.py:116)
DEBUG:Adding /tmp/tmp55zry2jn/layers/F_Mask.svg as layers/F_Mask.svg (kibot - out_compress.py:116)
DEBUG:Adding /tmp/tmp55zry2jn/layers/B_Mask.svg as layers/B_Mask.svg (kibot - out_compress.py:116)
DEBUG:Adding /tmp/tmp55zry2jn/layers/F_SilkS.svg as layers/F_SilkS.svg (kibot - out_compress.py:116)
DEBUG:Adding /tmp/tmp55zry2jn/layers/B_SilkS.svg as layers/B_SilkS.svg (kibot - out_compress.py:116)
DEBUG:Adding /tmp/tmp55zry2jn/layers/bounds as layers/bounds (kibot - out_compress.py:116)
DEBUG:Adding /tmp/tmp55zry2jn/pads/10n_C27_0_0 as pads/10n_C27_0_0 (kibot - out_compress.py:116)
DEBUG:Adding /tmp/tmp55zry2jn/pads/10n_C27_0_1 as pads/10n_C27_0_1 (kibot - out_compress.py:116)
DEBUG:Adding /tmp/tmp55zry2jn/pads/2k2_R10_1_0 as pads/2k2_R10_1_0 (kibot - out_compress.py:116)
DEBUG:Adding /tmp/tmp55zry2jn/pads/2k2_R10_1_1 as pads/2k2_R10_1_1 (kibot - out_compress.py:116)
DEBUG:Adding /tmp/tmp55zry2jn/pads/0R_JP13_2_0 as pads/0R_JP13_2_0 (kibot - out_compress.py:116)
DEBUG:Adding /tmp/tmp55zry2jn/pads/0R_JP13_2_1 as pads/0R_JP13_2_1 (kibot - out_compress.py:116)
DEBUG:Adding /tmp/tmp55zry2jn/pads/22p_C14_3_0 as pads/22p_C14_3_0 (kibot - out_compress.py:116)
DEBUG:Adding /tmp/tmp55zry2jn/pads/22p_C14_3_1 as pads/22p_C14_3_1 (kibot - out_compress.py:116)
DEBUG:Adding /tmp/tmp55zry2jn/pads/100n_C6_4_0 as pads/100n_C6_4_0 (kibot - out_compress.py:116)
DEBUG:Adding /tmp/tmp55zry2jn/pads/100n_C6_4_1 as pads/100n_C6_4_1 (kibot - out_compress.py:116)
DEBUG:Adding /tmp/tmp55zry2jn/pads/22u_C18_5_0 as pads/22u_C18_5_0 (kibot - out_compress.py:116)
DEBUG:Adding /tmp/tmp55zry2jn/pads/22u_C18_5_1 as pads/22u_C18_5_1 (kibot - out_compress.py:116)
DEBUG:Adding /tmp/tmp55zry2jn/pads/10k_R9_6_0 as pads/10k_R9_6_0 (kibot - out_compress.py:116)
DEBUG:Adding /tmp/tmp55zry2jn/pads/10k_R9_6_1 as pads/10k_R9_6_1 (kibot - out_compress.py:116)
DEBUG:Adding /tmp/tmp55zry2jn/pads/10u_L1_7_0 as pads/10u_L1_7_0 (kibot - out_compress.py:116)
DEBUG:Adding /tmp/tmp55zry2jn/pads/10u_L1_7_1 as pads/10u_L1_7_1 (kibot - out_compress.py:116)
DEBUG:Adding /tmp/tmp55zry2jn/pads/TestPoint_TP13_8_0 as pads/TestPoint_TP13_8_0 (kibot - out_compress.py:116)
DEBUG:Adding /tmp/tmp55zry2jn/pads/1n_C23_9_0 as pads/1n_C23_9_0 (kibot - out_compress.py:116)
DEBUG:Adding /tmp/tmp55zry2jn/pads/1n_C23_9_1 as pads/1n_C23_9_1 (kibot - out_compress.py:116)
DEBUG:Adding /tmp/tmp55zry2jn/pads/22p_C10_10_0 as pads/22p_C10_10_0 (kibot - out_compress.py:116)
DEBUG:Adding /tmp/tmp55zry2jn/pads/22p_C10_10_1 as pads/22p_C10_10_1 (kibot - out_compress.py:116)
DEBUG:Adding /tmp/tmp55zry2jn/pads/TestPoint_TP18_11_0 as pads/TestPoint_TP18_11_0 (kibot - out_compress.py:116)
DEBUG:Adding /tmp/tmp55zry2jn/pads/33p_C12_12_0 as pads/33p_C12_12_0 (kibot - out_compress.py:116)
DEBUG:Adding /tmp/tmp55zry2jn/pads/33p_C12_12_1 as pads/33p_C12_12_1 (kibot - out_compress.py:116)
DEBUG:Adding /tmp/tmp55zry2jn/pads/100n_C9_13_0 as pads/100n_C9_13_0 (kibot - out_compress.py:116)
DEBUG:Adding /tmp/tmp55zry2jn/pads/100n_C9_13_1 as pads/100n_C9_13_1 (kibot - out_compress.py:116)
DEBUG:Adding /tmp/tmp55zry2jn/pads/0R_JP9_14_0 as pads/0R_JP9_14_0 (kibot - out_compress.py:116)
DEBUG:Adding /tmp/tmp55zry2jn/pads/0R_JP9_14_1 as pads/0R_JP9_14_1 (kibot - out_compress.py:116)
DEBUG:Adding /tmp/tmp55zry2jn/pads/TestPoint_TP7_15_0 as pads/TestPoint_TP7_15_0 (kibot - out_compress.py:116)
DEBUG:Adding /tmp/tmp55zry2jn/pads/0R_JP20_16_0 as pads/0R_JP20_16_0 (kibot - out_compress.py:116)
DEBUG:Adding /tmp/tmp55zry2jn/pads/0R_JP20_16_1 as pads/0R_JP20_16_1 (kibot - out_compress.py:116)
DEBUG:Adding /tmp/tmp55zry2jn/pads/0R_JP8_17_0 as pads/0R_JP8_17_0 (kibot - out_compress.py:116)
DEBUG:Adding /tmp/tmp55zry2jn/pads/0R_JP8_17_1 as pads/0R_JP8_17_1 (kibot - out_compress.py:116)
DEBUG:Adding /tmp/tmp55zry2jn/pads/5k1_R14_18_0 as pads/5k1_R14_18_0 (kibot - out_compress.py:116)
DEBUG:Adding /tmp/tmp55zry2jn/pads/5k1_R14_18_1 as pads/5k1_R14_18_1 (kibot - out_compress.py:116)
DEBUG:Adding /tmp/tmp55zry2jn/pads/0R_JP2_19_0 as pads/0R_JP2_19_0 (kibot - out_compress.py:116)
DEBUG:Adding /tmp/tmp55zry2jn/pads/0R_JP2_19_1 as pads/0R_JP2_19_1 (kibot - out_compress.py:116)
DEBUG:Adding /tmp/tmp55zry2jn/pads/LMR380x0_U1_20_0 as pads/LMR380x0_U1_20_0 (kibot - out_compress.py:116)
DEBUG:Adding /tmp/tmp55zry2jn/pads/LMR380x0_U1_20_1 as pads/LMR380x0_U1_20_1 (kibot - out_compress.py:116)
DEBUG:Adding /tmp/tmp55zry2jn/pads/LMR380x0_U1_20_2 as pads/LMR380x0_U1_20_2 (kibot - out_compress.py:116)
DEBUG:Adding /tmp/tmp55zry2jn/pads/LMR380x0_U1_20_3 as pads/LMR380x0_U1_20_3 (kibot - out_compress.py:116)
DEBUG:Adding /tmp/tmp55zry2jn/pads/LMR380x0_U1_20_4 as pads/LMR380x0_U1_20_4 (kibot - out_compress.py:116)
DEBUG:Adding /tmp/tmp55zry2jn/pads/LMR380x0_U1_20_5 as pads/LMR380x0_U1_20_5 (kibot - out_compress.py:116)
DEBUG:Adding /tmp/tmp55zry2jn/pads/LMR380x0_U1_20_6 as pads/LMR380x0_U1_20_6 (kibot - out_compress.py:116)
DEBUG:Adding /tmp/tmp55zry2jn/pads/LMR380x0_U1_20_7 as pads/LMR380x0_U1_20_7 (kibot - out_compress.py:116)
DEBUG:Adding /tmp/tmp55zry2jn/pads/LMR380x0_U1_20_8 as pads/LMR380x0_U1_20_8 (kibot - out_compress.py:116)
DEBUG:Adding /tmp/tmp55zry2jn/pads/LMR380x0_U1_20_9 as pads/LMR380x0_U1_20_9 (kibot - out_compress.py:116)
DEBUG:Adding /tmp/tmp55zry2jn/pads/LMR380x0_U1_20_10 as pads/LMR380x0_U1_20_10 (kibot - out_compress.py:116)
DEBUG:Adding /tmp/tmp55zry2jn/pads/LMR380x0_U1_20_11 as pads/LMR380x0_U1_20_11 (kibot - out_compress.py:116)
DEBUG:Adding /tmp/tmp55zry2jn/pads/LMR380x0_U1_20_12 as pads/LMR380x0_U1_20_12 (kibot - out_compress.py:116)
DEBUG:Adding /tmp/tmp55zry2jn/pads/LMR380x0_U1_20_13 as pads/LMR380x0_U1_20_13 (kibot - out_compress.py:116)
DEBUG:Adding /tmp/tmp55zry2jn/pads/LMR380x0_U1_20_14 as pads/LMR380x0_U1_20_14 (kibot - out_compress.py:116)
DEBUG:Adding /tmp/tmp55zry2jn/pads/LMR380x0_U1_20_15 as pads/LMR380x0_U1_20_15 (kibot - out_compress.py:116)
DEBUG:Adding /tmp/tmp55zry2jn/pads/LMR380x0_U1_20_16 as pads/LMR380x0_U1_20_16 (kibot - out_compress.py:116)
DEBUG:Adding /tmp/tmp55zry2jn/pads/LMR380x0_U1_20_17 as pads/LMR380x0_U1_20_17 (kibot - out_compress.py:116)
DEBUG:Adding /tmp/tmp55zry2jn/pads/LMR380x0_U1_20_18 as pads/LMR380x0_U1_20_18 (kibot - out_compress.py:116)
DEBUG:Adding /tmp/tmp55zry2jn/pads/LMR380x0_U1_20_19 as pads/LMR380x0_U1_20_19 (kibot - out_compress.py:116)
DEBUG:Adding /tmp/tmp55zry2jn/pads/TestPoint_TP10_21_0 as pads/TestPoint_TP10_21_0 (kibot - out_compress.py:116)
DEBUG:Adding /tmp/tmp55zry2jn/pads/2k2_R12_22_0 as pads/2k2_R12_22_0 (kibot - out_compress.py:116)
DEBUG:Adding /tmp/tmp55zry2jn/pads/2k2_R12_22_1 as pads/2k2_R12_22_1 (kibot - out_compress.py:116)
DEBUG:Adding /tmp/tmp55zry2jn/pads/TestPoint_TP21_23_0 as pads/TestPoint_TP21_23_0 (kibot - out_compress.py:116)
DEBUG:Adding /tmp/tmp55zry2jn/pads/TestPoint_TP6_24_0 as pads/TestPoint_TP6_24_0 (kibot - out_compress.py:116)
DEBUG:Adding /tmp/tmp55zry2jn/pads/TestPoint_TP8_25_0 as pads/TestPoint_TP8_25_0 (kibot - out_compress.py:116)
DEBUG:Adding /tmp/tmp55zry2jn/pads/Dell_DC_jack_J6_26_0 as pads/Dell_DC_jack_J6_26_0 (kibot - out_compress.py:116)
DEBUG:Adding /tmp/tmp55zry2jn/pads/Dell_DC_jack_J6_26_1 as pads/Dell_DC_jack_J6_26_1 (kibot - out_compress.py:116)
DEBUG:Adding /tmp/tmp55zry2jn/pads/Dell_DC_jack_J6_26_2 as pads/Dell_DC_jack_J6_26_2 (kibot - out_compress.py:116)
DEBUG:Adding /tmp/tmp55zry2jn/pads/Dell_DC_jack_J6_26_3 as pads/Dell_DC_jack_J6_26_3 (kibot - out_compress.py:116)
DEBUG:Adding /tmp/tmp55zry2jn/pads/Dell_DC_jack_J6_26_4 as pads/Dell_DC_jack_J6_26_4 (kibot - out_compress.py:116)
DEBUG:Adding /tmp/tmp55zry2jn/pads/Dell_DC_jack_J6_26_5 as pads/Dell_DC_jack_J6_26_5 (kibot - out_compress.py:116)
DEBUG:Adding /tmp/tmp55zry2jn/pads/Dell_DC_jack_J6_26_6 as pads/Dell_DC_jack_J6_26_6 (kibot - out_compress.py:116)
DEBUG:Adding /tmp/tmp55zry2jn/pads/Dell_DC_jack_J6_26_7 as pads/Dell_DC_jack_J6_26_7 (kibot - out_compress.py:116)
DEBUG:Adding /tmp/tmp55zry2jn/pads/Dell_DC_jack_J6_26_8 as pads/Dell_DC_jack_J6_26_8 (kibot - out_compress.py:116)
DEBUG:Adding /tmp/tmp55zry2jn/pads/Dell_DC_jack_J6_26_9 as pads/Dell_DC_jack_J6_26_9 (kibot - out_compress.py:116)
DEBUG:Adding /tmp/tmp55zry2jn/pads/Dell_DC_jack_J6_26_10 as pads/Dell_DC_jack_J6_26_10 (kibot - out_compress.py:116)
DEBUG:Adding /tmp/tmp55zry2jn/pads/0R_JP15_27_0 as pads/0R_JP15_27_0 (kibot - out_compress.py:116)
DEBUG:Adding /tmp/tmp55zry2jn/pads/0R_JP15_27_1 as pads/0R_JP15_27_1 (kibot - out_compress.py:116)
DEBUG:Adding /tmp/tmp55zry2jn/pads/TestPoint_TP14_28_0 as pads/TestPoint_TP14_28_0 (kibot - out_compress.py:116)
DEBUG:Adding /tmp/tmp55zry2jn/pads/2k2_R13_29_0 as pads/2k2_R13_29_0 (kibot - out_compress.py:116)
DEBUG:Adding /tmp/tmp55zry2jn/pads/2k2_R13_29_1 as pads/2k2_R13_29_1 (kibot - out_compress.py:116)
DEBUG:Adding /tmp/tmp55zry2jn/pads/TestPoint_TP9_30_0 as pads/TestPoint_TP9_30_0 (kibot - out_compress.py:116)
DEBUG:Adding /tmp/tmp55zry2jn/pads/10n_C3_31_0 as pads/10n_C3_31_0 (kibot - out_compress.py:116)
DEBUG:Adding /tmp/tmp55zry2jn/pads/10n_C3_31_1 as pads/10n_C3_31_1 (kibot - out_compress.py:116)
DEBUG:Adding /tmp/tmp55zry2jn/pads/0R_JP14_32_0 as pads/0R_JP14_32_0 (kibot - out_compress.py:116)
DEBUG:Adding /tmp/tmp55zry2jn/pads/0R_JP14_32_1 as pads/0R_JP14_32_1 (kibot - out_compress.py:116)
DEBUG:Adding /tmp/tmp55zry2jn/pads/0R_JP16_33_0 as pads/0R_JP16_33_0 (kibot - out_compress.py:116)
DEBUG:Adding /tmp/tmp55zry2jn/pads/0R_JP16_33_1 as pads/0R_JP16_33_1 (kibot - out_compress.py:116)
DEBUG:Adding /tmp/tmp55zry2jn/pads/TestPoint_TP5_34_0 as pads/TestPoint_TP5_34_0 (kibot - out_compress.py:116)
DEBUG:Adding /tmp/tmp55zry2jn/pads/10k_R7_35_0 as pads/10k_R7_35_0 (kibot - out_compress.py:116)
DEBUG:Adding /tmp/tmp55zry2jn/pads/10k_R7_35_1 as pads/10k_R7_35_1 (kibot - out_compress.py:116)
DEBUG:Adding /tmp/tmp55zry2jn/pads/0R_JP5_36_0 as pads/0R_JP5_36_0 (kibot - out_compress.py:116)
DEBUG:Adding /tmp/tmp55zry2jn/pads/0R_JP5_36_1 as pads/0R_JP5_36_1 (kibot - out_compress.py:116)
DEBUG:Adding /tmp/tmp55zry2jn/pads/0R_JP10_37_0 as pads/0R_JP10_37_0 (kibot - out_compress.py:116)
DEBUG:Adding /tmp/tmp55zry2jn/pads/0R_JP10_37_1 as pads/0R_JP10_37_1 (kibot - out_compress.py:116)
DEBUG:Adding /tmp/tmp55zry2jn/pads/0R_JP21_38_0 as pads/0R_JP21_38_0 (kibot - out_compress.py:116)
DEBUG:Adding /tmp/tmp55zry2jn/pads/0R_JP21_38_1 as pads/0R_JP21_38_1 (kibot - out_compress.py:116)
DEBUG:Adding /tmp/tmp55zry2jn/pads/1u_C16_39_0 as pads/1u_C16_39_0 (kibot - out_compress.py:116)
DEBUG:Adding /tmp/tmp55zry2jn/pads/1u_C16_39_1 as pads/1u_C16_39_1 (kibot - out_compress.py:116)
DEBUG:Adding /tmp/tmp55zry2jn/pads/DC_barrel_assy_J8_40_0 as pads/DC_barrel_assy_J8_40_0 (kibot - out_compress.py:116)
DEBUG:Adding /tmp/tmp55zry2jn/pads/DC_barrel_assy_J8_40_1 as pads/DC_barrel_assy_J8_40_1 (kibot - out_compress.py:116)
DEBUG:Adding /tmp/tmp55zry2jn/pads/DC_barrel_assy_J8_40_2 as pads/DC_barrel_assy_J8_40_2 (kibot - out_compress.py:116)
DEBUG:Adding /tmp/tmp55zry2jn/pads/DC_barrel_assy_J8_40_3 as pads/DC_barrel_assy_J8_40_3 (kibot - out_compress.py:116)
DEBUG:Adding /tmp/tmp55zry2jn/pads/DC_barrel_assy_J8_40_4 as pads/DC_barrel_assy_J8_40_4 (kibot - out_compress.py:116)
DEBUG:Adding /tmp/tmp55zry2jn/pads/4_7u_C4_41_0 as pads/4_7u_C4_41_0 (kibot - out_compress.py:116)
DEBUG:Adding /tmp/tmp55zry2jn/pads/4_7u_C4_41_1 as pads/4_7u_C4_41_1 (kibot - out_compress.py:116)
DEBUG:Adding /tmp/tmp55zry2jn/pads/10n_C26_42_0 as pads/10n_C26_42_0 (kibot - out_compress.py:116)
DEBUG:Adding /tmp/tmp55zry2jn/pads/10n_C26_42_1 as pads/10n_C26_42_1 (kibot - out_compress.py:116)
DEBUG:Adding /tmp/tmp55zry2jn/pads/USB_C_Receptacle_USB2_0_16P_J5_43_0 as pads/USB_C_Receptacle_USB2_0_16P_J5_43_0 (kibot - out_compress.py:116)
DEBUG:Adding /tmp/tmp55zry2jn/pads/USB_C_Receptacle_USB2_0_16P_J5_43_1 as pads/USB_C_Receptacle_USB2_0_16P_J5_43_1 (kibot - out_compress.py:116)
DEBUG:Adding /tmp/tmp55zry2jn/pads/USB_C_Receptacle_USB2_0_16P_J5_43_2 as pads/USB_C_Receptacle_USB2_0_16P_J5_43_2 (kibot - out_compress.py:116)
DEBUG:Adding /tmp/tmp55zry2jn/pads/USB_C_Receptacle_USB2_0_16P_J5_43_3 as pads/USB_C_Receptacle_USB2_0_16P_J5_43_3 (kibot - out_compress.py:116)
DEBUG:Adding /tmp/tmp55zry2jn/pads/USB_C_Receptacle_USB2_0_16P_J5_43_4 as pads/USB_C_Receptacle_USB2_0_16P_J5_43_4 (kibot - out_compress.py:116)
DEBUG:Adding /tmp/tmp55zry2jn/pads/USB_C_Receptacle_USB2_0_16P_J5_43_5 as pads/USB_C_Receptacle_USB2_0_16P_J5_43_5 (kibot - out_compress.py:116)
DEBUG:Adding /tmp/tmp55zry2jn/pads/USB_C_Receptacle_USB2_0_16P_J5_43_6 as pads/USB_C_Receptacle_USB2_0_16P_J5_43_6 (kibot - out_compress.py:116)
DEBUG:Adding /tmp/tmp55zry2jn/pads/USB_C_Receptacle_USB2_0_16P_J5_43_7 as pads/USB_C_Receptacle_USB2_0_16P_J5_43_7 (kibot - out_compress.py:116)
DEBUG:Adding /tmp/tmp55zry2jn/pads/USB_C_Receptacle_USB2_0_16P_J5_43_8 as pads/USB_C_Receptacle_USB2_0_16P_J5_43_8 (kibot - out_compress.py:116)
DEBUG:Adding /tmp/tmp55zry2jn/pads/USB_C_Receptacle_USB2_0_16P_J5_43_9 as pads/USB_C_Receptacle_USB2_0_16P_J5_43_9 (kibot - out_compress.py:116)
DEBUG:Adding /tmp/tmp55zry2jn/pads/USB_C_Receptacle_USB2_0_16P_J5_43_10 as pads/USB_C_Receptacle_USB2_0_16P_J5_43_10 (kibot - out_compress.py:116)
DEBUG:Adding /tmp/tmp55zry2jn/pads/USB_C_Receptacle_USB2_0_16P_J5_43_11 as pads/USB_C_Receptacle_USB2_0_16P_J5_43_11 (kibot - out_compress.py:116)
DEBUG:Adding /tmp/tmp55zry2jn/pads/USB_C_Receptacle_USB2_0_16P_J5_43_12 as pads/USB_C_Receptacle_USB2_0_16P_J5_43_12 (kibot - out_compress.py:116)
DEBUG:Adding /tmp/tmp55zry2jn/pads/USB_C_Receptacle_USB2_0_16P_J5_43_13 as pads/USB_C_Receptacle_USB2_0_16P_J5_43_13 (kibot - out_compress.py:116)
DEBUG:Adding /tmp/tmp55zry2jn/pads/USB_C_Receptacle_USB2_0_16P_J5_43_14 as pads/USB_C_Receptacle_USB2_0_16P_J5_43_14 (kibot - out_compress.py:116)
DEBUG:Adding /tmp/tmp55zry2jn/pads/USB_C_Receptacle_USB2_0_16P_J5_43_15 as pads/USB_C_Receptacle_USB2_0_16P_J5_43_15 (kibot - out_compress.py:116)
DEBUG:Adding /tmp/tmp55zry2jn/pads/USB_C_Receptacle_USB2_0_16P_J5_43_16 as pads/USB_C_Receptacle_USB2_0_16P_J5_43_16 (kibot - out_compress.py:116)
DEBUG:Adding /tmp/tmp55zry2jn/pads/USB_C_Receptacle_USB2_0_16P_J5_43_17 as pads/USB_C_Receptacle_USB2_0_16P_J5_43_17 (kibot - out_compress.py:116)
DEBUG:Adding /tmp/tmp55zry2jn/pads/USB_C_Receptacle_USB2_0_16P_J5_43_18 as pads/USB_C_Receptacle_USB2_0_16P_J5_43_18 (kibot - out_compress.py:116)
DEBUG:Adding /tmp/tmp55zry2jn/pads/USB_C_Receptacle_USB2_0_16P_J5_43_19 as pads/USB_C_Receptacle_USB2_0_16P_J5_43_19 (kibot - out_compress.py:116)
DEBUG:Adding /tmp/tmp55zry2jn/pads/TestPoint_TP15_44_0 as pads/TestPoint_TP15_44_0 (kibot - out_compress.py:116)
DEBUG:Adding /tmp/tmp55zry2jn/pads/10k_R2_45_0 as pads/10k_R2_45_0 (kibot - out_compress.py:116)
DEBUG:Adding /tmp/tmp55zry2jn/pads/10k_R2_45_1 as pads/10k_R2_45_1 (kibot - out_compress.py:116)
DEBUG:Adding /tmp/tmp55zry2jn/pads/100n_C1_46_0 as pads/100n_C1_46_0 (kibot - out_compress.py:116)
DEBUG:Adding /tmp/tmp55zry2jn/pads/100n_C1_46_1 as pads/100n_C1_46_1 (kibot - out_compress.py:116)
DEBUG:Adding /tmp/tmp55zry2jn/pads/2k2_R5_47_0 as pads/2k2_R5_47_0 (kibot - out_compress.py:116)
DEBUG:Adding /tmp/tmp55zry2jn/pads/2k2_R5_47_1 as pads/2k2_R5_47_1 (kibot - out_compress.py:116)
DEBUG:Adding /tmp/tmp55zry2jn/pads/TestPoint_TP11_48_0 as pads/TestPoint_TP11_48_0 (kibot - out_compress.py:116)
DEBUG:Adding /tmp/tmp55zry2jn/pads/TestPoint_TP3_49_0 as pads/TestPoint_TP3_49_0 (kibot - out_compress.py:116)
DEBUG:Adding /tmp/tmp55zry2jn/pads/TestPoint_TP16_50_0 as pads/TestPoint_TP16_50_0 (kibot - out_compress.py:116)
DEBUG:Adding /tmp/tmp55zry2jn/pads/20_MHz_Y1_51_0 as pads/20_MHz_Y1_51_0 (kibot - out_compress.py:116)
DEBUG:Adding /tmp/tmp55zry2jn/pads/20_MHz_Y1_51_1 as pads/20_MHz_Y1_51_1 (kibot - out_compress.py:116)
DEBUG:Adding /tmp/tmp55zry2jn/pads/20_MHz_Y1_51_2 as pads/20_MHz_Y1_51_2 (kibot - out_compress.py:116)
DEBUG:Adding /tmp/tmp55zry2jn/pads/20_MHz_Y1_51_3 as pads/20_MHz_Y1_51_3 (kibot - out_compress.py:116)
DEBUG:Adding /tmp/tmp55zry2jn/pads/100n_C25_52_0 as pads/100n_C25_52_0 (kibot - out_compress.py:116)
DEBUG:Adding /tmp/tmp55zry2jn/pads/100n_C25_52_1 as pads/100n_C25_52_1 (kibot - out_compress.py:116)
DEBUG:Adding /tmp/tmp55zry2jn/pads/5k1_R15_53_0 as pads/5k1_R15_53_0 (kibot - out_compress.py:116)
DEBUG:Adding /tmp/tmp55zry2jn/pads/5k1_R15_53_1 as pads/5k1_R15_53_1 (kibot - out_compress.py:116)
DEBUG:Adding /tmp/tmp55zry2jn/pads/0R_JP6_54_0 as pads/0R_JP6_54_0 (kibot - out_compress.py:116)
DEBUG:Adding /tmp/tmp55zry2jn/pads/0R_JP6_54_1 as pads/0R_JP6_54_1 (kibot - out_compress.py:116)
DEBUG:Adding /tmp/tmp55zry2jn/pads/VNH7070_U3_55_0 as pads/VNH7070_U3_55_0 (kibot - out_compress.py:116)
DEBUG:Adding /tmp/tmp55zry2jn/pads/VNH7070_U3_55_1 as pads/VNH7070_U3_55_1 (kibot - out_compress.py:116)
DEBUG:Adding /tmp/tmp55zry2jn/pads/VNH7070_U3_55_2 as pads/VNH7070_U3_55_2 (kibot - out_compress.py:116)
DEBUG:Adding /tmp/tmp55zry2jn/pads/VNH7070_U3_55_3 as pads/VNH7070_U3_55_3 (kibot - out_compress.py:116)
DEBUG:Adding /tmp/tmp55zry2jn/pads/VNH7070_U3_55_4 as pads/VNH7070_U3_55_4 (kibot - out_compress.py:116)
DEBUG:Adding /tmp/tmp55zry2jn/pads/VNH7070_U3_55_5 as pads/VNH7070_U3_55_5 (kibot - out_compress.py:116)
DEBUG:Adding /tmp/tmp55zry2jn/pads/VNH7070_U3_55_6 as pads/VNH7070_U3_55_6 (kibot - out_compress.py:116)
DEBUG:Adding /tmp/tmp55zry2jn/pads/VNH7070_U3_55_7 as pads/VNH7070_U3_55_7 (kibot - out_compress.py:116)
DEBUG:Adding /tmp/tmp55zry2jn/pads/VNH7070_U3_55_8 as pads/VNH7070_U3_55_8 (kibot - out_compress.py:116)
DEBUG:Adding /tmp/tmp55zry2jn/pads/VNH7070_U3_55_9 as pads/VNH7070_U3_55_9 (kibot - out_compress.py:116)
DEBUG:Adding /tmp/tmp55zry2jn/pads/VNH7070_U3_55_10 as pads/VNH7070_U3_55_10 (kibot - out_compress.py:116)
DEBUG:Adding /tmp/tmp55zry2jn/pads/VNH7070_U3_55_11 as pads/VNH7070_U3_55_11 (kibot - out_compress.py:116)
DEBUG:Adding /tmp/tmp55zry2jn/pads/VNH7070_U3_55_12 as pads/VNH7070_U3_55_12 (kibot - out_compress.py:116)
DEBUG:Adding /tmp/tmp55zry2jn/pads/VNH7070_U3_55_13 as pads/VNH7070_U3_55_13 (kibot - out_compress.py:116)
DEBUG:Adding /tmp/tmp55zry2jn/pads/VNH7070_U3_55_14 as pads/VNH7070_U3_55_14 (kibot - out_compress.py:116)
DEBUG:Adding /tmp/tmp55zry2jn/pads/VNH7070_U3_55_15 as pads/VNH7070_U3_55_15 (kibot - out_compress.py:116)
DEBUG:Adding /tmp/tmp55zry2jn/pads/0R_JP19_56_0 as pads/0R_JP19_56_0 (kibot - out_compress.py:116)
DEBUG:Adding /tmp/tmp55zry2jn/pads/0R_JP19_56_1 as pads/0R_JP19_56_1 (kibot - out_compress.py:116)
DEBUG:Adding /tmp/tmp55zry2jn/pads/100n_C13_57_0 as pads/100n_C13_57_0 (kibot - out_compress.py:116)
DEBUG:Adding /tmp/tmp55zry2jn/pads/100n_C13_57_1 as pads/100n_C13_57_1 (kibot - out_compress.py:116)
DEBUG:Adding /tmp/tmp55zry2jn/pads/23_2k_R6_58_0 as pads/23_2k_R6_58_0 (kibot - out_compress.py:116)
DEBUG:Adding /tmp/tmp55zry2jn/pads/23_2k_R6_58_1 as pads/23_2k_R6_58_1 (kibot - out_compress.py:116)
DEBUG:Adding /tmp/tmp55zry2jn/pads/TestPoint_TP20_59_0 as pads/TestPoint_TP20_59_0 (kibot - out_compress.py:116)
DEBUG:Adding /tmp/tmp55zry2jn/pads/TestPoint_TP19_60_0 as pads/TestPoint_TP19_60_0 (kibot - out_compress.py:116)
DEBUG:Adding /tmp/tmp55zry2jn/pads/1u_C11_61_0 as pads/1u_C11_61_0 (kibot - out_compress.py:116)
DEBUG:Adding /tmp/tmp55zry2jn/pads/1u_C11_61_1 as pads/1u_C11_61_1 (kibot - out_compress.py:116)
DEBUG:Adding /tmp/tmp55zry2jn/pads/0R_JP7_62_0 as pads/0R_JP7_62_0 (kibot - out_compress.py:116)
DEBUG:Adding /tmp/tmp55zry2jn/pads/0R_JP7_62_1 as pads/0R_JP7_62_1 (kibot - out_compress.py:116)
DEBUG:Adding /tmp/tmp55zry2jn/pads/22u_C17_63_0 as pads/22u_C17_63_0 (kibot - out_compress.py:116)
DEBUG:Adding /tmp/tmp55zry2jn/pads/22u_C17_63_1 as pads/22u_C17_63_1 (kibot - out_compress.py:116)
DEBUG:Adding /tmp/tmp55zry2jn/pads/TestPoint_TP4_64_0 as pads/TestPoint_TP4_64_0 (kibot - out_compress.py:116)
DEBUG:Adding /tmp/tmp55zry2jn/pads/64_9k_R3_65_0 as pads/64_9k_R3_65_0 (kibot - out_compress.py:116)
DEBUG:Adding /tmp/tmp55zry2jn/pads/64_9k_R3_65_1 as pads/64_9k_R3_65_1 (kibot - out_compress.py:116)
DEBUG:Adding /tmp/tmp55zry2jn/pads/10n_C5_66_0 as pads/10n_C5_66_0 (kibot - out_compress.py:116)
DEBUG:Adding /tmp/tmp55zry2jn/pads/10n_C5_66_1 as pads/10n_C5_66_1 (kibot - out_compress.py:116)
DEBUG:Adding /tmp/tmp55zry2jn/pads/USBLC6_2SC6_U4_67_0 as pads/USBLC6_2SC6_U4_67_0 (kibot - out_compress.py:116)
DEBUG:Adding /tmp/tmp55zry2jn/pads/USBLC6_2SC6_U4_67_1 as pads/USBLC6_2SC6_U4_67_1 (kibot - out_compress.py:116)
DEBUG:Adding /tmp/tmp55zry2jn/pads/USBLC6_2SC6_U4_67_2 as pads/USBLC6_2SC6_U4_67_2 (kibot - out_compress.py:116)
DEBUG:Adding /tmp/tmp55zry2jn/pads/USBLC6_2SC6_U4_67_3 as pads/USBLC6_2SC6_U4_67_3 (kibot - out_compress.py:116)
DEBUG:Adding /tmp/tmp55zry2jn/pads/USBLC6_2SC6_U4_67_4 as pads/USBLC6_2SC6_U4_67_4 (kibot - out_compress.py:116)
DEBUG:Adding /tmp/tmp55zry2jn/pads/USBLC6_2SC6_U4_67_5 as pads/USBLC6_2SC6_U4_67_5 (kibot - out_compress.py:116)
DEBUG:Adding /tmp/tmp55zry2jn/pads/100n_C19_68_0 as pads/100n_C19_68_0 (kibot - out_compress.py:116)
DEBUG:Adding /tmp/tmp55zry2jn/pads/100n_C19_68_1 as pads/100n_C19_68_1 (kibot - out_compress.py:116)
DEBUG:Adding /tmp/tmp55zry2jn/pads/TestPoint_TP12_69_0 as pads/TestPoint_TP12_69_0 (kibot - out_compress.py:116)
DEBUG:Adding /tmp/tmp55zry2jn/pads/0R_JP17_70_0 as pads/0R_JP17_70_0 (kibot - out_compress.py:116)
DEBUG:Adding /tmp/tmp55zry2jn/pads/0R_JP17_70_1 as pads/0R_JP17_70_1 (kibot - out_compress.py:116)
DEBUG:Adding /tmp/tmp55zry2jn/pads/100n_C20_71_0 as pads/100n_C20_71_0 (kibot - out_compress.py:116)
DEBUG:Adding /tmp/tmp55zry2jn/pads/100n_C20_71_1 as pads/100n_C20_71_1 (kibot - out_compress.py:116)
DEBUG:Adding /tmp/tmp55zry2jn/pads/TestPoint_TP2_72_0 as pads/TestPoint_TP2_72_0 (kibot - out_compress.py:116)
DEBUG:Adding /tmp/tmp55zry2jn/pads/STM32G431K8Tx_U2_73_0 as pads/STM32G431K8Tx_U2_73_0 (kibot - out_compress.py:116)
DEBUG:Adding /tmp/tmp55zry2jn/pads/STM32G431K8Tx_U2_73_1 as pads/STM32G431K8Tx_U2_73_1 (kibot - out_compress.py:116)
DEBUG:Adding /tmp/tmp55zry2jn/pads/STM32G431K8Tx_U2_73_2 as pads/STM32G431K8Tx_U2_73_2 (kibot - out_compress.py:116)
DEBUG:Adding /tmp/tmp55zry2jn/pads/STM32G431K8Tx_U2_73_3 as pads/STM32G431K8Tx_U2_73_3 (kibot - out_compress.py:116)
DEBUG:Adding /tmp/tmp55zry2jn/pads/STM32G431K8Tx_U2_73_4 as pads/STM32G431K8Tx_U2_73_4 (kibot - out_compress.py:116)
DEBUG:Adding /tmp/tmp55zry2jn/pads/STM32G431K8Tx_U2_73_5 as pads/STM32G431K8Tx_U2_73_5 (kibot - out_compress.py:116)
DEBUG:Adding /tmp/tmp55zry2jn/pads/STM32G431K8Tx_U2_73_6 as pads/STM32G431K8Tx_U2_73_6 (kibot - out_compress.py:116)
DEBUG:Adding /tmp/tmp55zry2jn/pads/STM32G431K8Tx_U2_73_7 as pads/STM32G431K8Tx_U2_73_7 (kibot - out_compress.py:116)
DEBUG:Adding /tmp/tmp55zry2jn/pads/STM32G431K8Tx_U2_73_8 as pads/STM32G431K8Tx_U2_73_8 (kibot - out_compress.py:116)
DEBUG:Adding /tmp/tmp55zry2jn/pads/STM32G431K8Tx_U2_73_9 as pads/STM32G431K8Tx_U2_73_9 (kibot - out_compress.py:116)
DEBUG:Adding /tmp/tmp55zry2jn/pads/STM32G431K8Tx_U2_73_10 as pads/STM32G431K8Tx_U2_73_10 (kibot - out_compress.py:116)
DEBUG:Adding /tmp/tmp55zry2jn/pads/STM32G431K8Tx_U2_73_11 as pads/STM32G431K8Tx_U2_73_11 (kibot - out_compress.py:116)
DEBUG:Adding /tmp/tmp55zry2jn/pads/STM32G431K8Tx_U2_73_12 as pads/STM32G431K8Tx_U2_73_12 (kibot - out_compress.py:116)
DEBUG:Adding /tmp/tmp55zry2jn/pads/STM32G431K8Tx_U2_73_13 as pads/STM32G431K8Tx_U2_73_13 (kibot - out_compress.py:116)
DEBUG:Adding /tmp/tmp55zry2jn/pads/STM32G431K8Tx_U2_73_14 as pads/STM32G431K8Tx_U2_73_14 (kibot - out_compress.py:116)
DEBUG:Adding /tmp/tmp55zry2jn/pads/STM32G431K8Tx_U2_73_15 as pads/STM32G431K8Tx_U2_73_15 (kibot - out_compress.py:116)
DEBUG:Adding /tmp/tmp55zry2jn/pads/STM32G431K8Tx_U2_73_16 as pads/STM32G431K8Tx_U2_73_16 (kibot - out_compress.py:116)
DEBUG:Adding /tmp/tmp55zry2jn/pads/STM32G431K8Tx_U2_73_17 as pads/STM32G431K8Tx_U2_73_17 (kibot - out_compress.py:116)
DEBUG:Adding /tmp/tmp55zry2jn/pads/STM32G431K8Tx_U2_73_18 as pads/STM32G431K8Tx_U2_73_18 (kibot - out_compress.py:116)
DEBUG:Adding /tmp/tmp55zry2jn/pads/STM32G431K8Tx_U2_73_19 as pads/STM32G431K8Tx_U2_73_19 (kibot - out_compress.py:116)
DEBUG:Adding /tmp/tmp55zry2jn/pads/STM32G431K8Tx_U2_73_20 as pads/STM32G431K8Tx_U2_73_20 (kibot - out_compress.py:116)
DEBUG:Adding /tmp/tmp55zry2jn/pads/STM32G431K8Tx_U2_73_21 as pads/STM32G431K8Tx_U2_73_21 (kibot - out_compress.py:116)
DEBUG:Adding /tmp/tmp55zry2jn/pads/STM32G431K8Tx_U2_73_22 as pads/STM32G431K8Tx_U2_73_22 (kibot - out_compress.py:116)
DEBUG:Adding /tmp/tmp55zry2jn/pads/STM32G431K8Tx_U2_73_23 as pads/STM32G431K8Tx_U2_73_23 (kibot - out_compress.py:116)
DEBUG:Adding /tmp/tmp55zry2jn/pads/STM32G431K8Tx_U2_73_24 as pads/STM32G431K8Tx_U2_73_24 (kibot - out_compress.py:116)
DEBUG:Adding /tmp/tmp55zry2jn/pads/STM32G431K8Tx_U2_73_25 as pads/STM32G431K8Tx_U2_73_25 (kibot - out_compress.py:116)
DEBUG:Adding /tmp/tmp55zry2jn/pads/STM32G431K8Tx_U2_73_26 as pads/STM32G431K8Tx_U2_73_26 (kibot - out_compress.py:116)
DEBUG:Adding /tmp/tmp55zry2jn/pads/STM32G431K8Tx_U2_73_27 as pads/STM32G431K8Tx_U2_73_27 (kibot - out_compress.py:116)
DEBUG:Adding /tmp/tmp55zry2jn/pads/STM32G431K8Tx_U2_73_28 as pads/STM32G431K8Tx_U2_73_28 (kibot - out_compress.py:116)
DEBUG:Adding /tmp/tmp55zry2jn/pads/STM32G431K8Tx_U2_73_29 as pads/STM32G431K8Tx_U2_73_29 (kibot - out_compress.py:116)
DEBUG:Adding /tmp/tmp55zry2jn/pads/STM32G431K8Tx_U2_73_30 as pads/STM32G431K8Tx_U2_73_30 (kibot - out_compress.py:116)
DEBUG:Adding /tmp/tmp55zry2jn/pads/STM32G431K8Tx_U2_73_31 as pads/STM32G431K8Tx_U2_73_31 (kibot - out_compress.py:116)
DEBUG:Adding /tmp/tmp55zry2jn/pads/JST_B4B_XH_A_J1_74_0 as pads/JST_B4B_XH_A_J1_74_0 (kibot - out_compress.py:116)
DEBUG:Adding /tmp/tmp55zry2jn/pads/JST_B4B_XH_A_J1_74_1 as pads/JST_B4B_XH_A_J1_74_1 (kibot - out_compress.py:116)
DEBUG:Adding /tmp/tmp55zry2jn/pads/JST_B4B_XH_A_J1_74_2 as pads/JST_B4B_XH_A_J1_74_2 (kibot - out_compress.py:116)
DEBUG:Adding /tmp/tmp55zry2jn/pads/JST_B4B_XH_A_J1_74_3 as pads/JST_B4B_XH_A_J1_74_3 (kibot - out_compress.py:116)
DEBUG:Adding /tmp/tmp55zry2jn/pads/220u_C24_75_0 as pads/220u_C24_75_0 (kibot - out_compress.py:116)
DEBUG:Adding /tmp/tmp55zry2jn/pads/220u_C24_75_1 as pads/220u_C24_75_1 (kibot - out_compress.py:116)
DEBUG:Adding /tmp/tmp55zry2jn/pads/0R_JP11_76_0 as pads/0R_JP11_76_0 (kibot - out_compress.py:116)
DEBUG:Adding /tmp/tmp55zry2jn/pads/0R_JP11_76_1 as pads/0R_JP11_76_1 (kibot - out_compress.py:116)
DEBUG:Adding /tmp/tmp55zry2jn/pads/0R_JP18_77_0 as pads/0R_JP18_77_0 (kibot - out_compress.py:116)
DEBUG:Adding /tmp/tmp55zry2jn/pads/0R_JP18_77_1 as pads/0R_JP18_77_1 (kibot - out_compress.py:116)
DEBUG:Adding /tmp/tmp55zry2jn/pads/JST_B6B_XH_A_J7_78_0 as pads/JST_B6B_XH_A_J7_78_0 (kibot - out_compress.py:116)
DEBUG:Adding /tmp/tmp55zry2jn/pads/JST_B6B_XH_A_J7_78_1 as pads/JST_B6B_XH_A_J7_78_1 (kibot - out_compress.py:116)
DEBUG:Adding /tmp/tmp55zry2jn/pads/JST_B6B_XH_A_J7_78_2 as pads/JST_B6B_XH_A_J7_78_2 (kibot - out_compress.py:116)
DEBUG:Adding /tmp/tmp55zry2jn/pads/JST_B6B_XH_A_J7_78_3 as pads/JST_B6B_XH_A_J7_78_3 (kibot - out_compress.py:116)
DEBUG:Adding /tmp/tmp55zry2jn/pads/JST_B6B_XH_A_J7_78_4 as pads/JST_B6B_XH_A_J7_78_4 (kibot - out_compress.py:116)
DEBUG:Adding /tmp/tmp55zry2jn/pads/JST_B6B_XH_A_J7_78_5 as pads/JST_B6B_XH_A_J7_78_5 (kibot - out_compress.py:116)
DEBUG:Adding /tmp/tmp55zry2jn/pads/0R_JP4_79_0 as pads/0R_JP4_79_0 (kibot - out_compress.py:116)
DEBUG:Adding /tmp/tmp55zry2jn/pads/0R_JP4_79_1 as pads/0R_JP4_79_1 (kibot - out_compress.py:116)
DEBUG:Adding /tmp/tmp55zry2jn/pads/10k_R8_80_0 as pads/10k_R8_80_0 (kibot - out_compress.py:116)
DEBUG:Adding /tmp/tmp55zry2jn/pads/10k_R8_80_1 as pads/10k_R8_80_1 (kibot - out_compress.py:116)
DEBUG:Adding /tmp/tmp55zry2jn/pads/820_R11_81_0 as pads/820_R11_81_0 (kibot - out_compress.py:116)
DEBUG:Adding /tmp/tmp55zry2jn/pads/820_R11_81_1 as pads/820_R11_81_1 (kibot - out_compress.py:116)
DEBUG:Adding /tmp/tmp55zry2jn/pads/22u_C15_82_0 as pads/22u_C15_82_0 (kibot - out_compress.py:116)
DEBUG:Adding /tmp/tmp55zry2jn/pads/22u_C15_82_1 as pads/22u_C15_82_1 (kibot - out_compress.py:116)
DEBUG:Adding /tmp/tmp55zry2jn/pads/TestPoint_TP1_83_0 as pads/TestPoint_TP1_83_0 (kibot - out_compress.py:116)
DEBUG:Adding /tmp/tmp55zry2jn/pads/0R_JP1_84_0 as pads/0R_JP1_84_0 (kibot - out_compress.py:116)
DEBUG:Adding /tmp/tmp55zry2jn/pads/0R_JP1_84_1 as pads/0R_JP1_84_1 (kibot - out_compress.py:116)
DEBUG:Adding /tmp/tmp55zry2jn/pads/1n_C7_85_0 as pads/1n_C7_85_0 (kibot - out_compress.py:116)
DEBUG:Adding /tmp/tmp55zry2jn/pads/1n_C7_85_1 as pads/1n_C7_85_1 (kibot - out_compress.py:116)
DEBUG:Adding /tmp/tmp55zry2jn/pads/10k_R1_86_0 as pads/10k_R1_86_0 (kibot - out_compress.py:116)
DEBUG:Adding /tmp/tmp55zry2jn/pads/10k_R1_86_1 as pads/10k_R1_86_1 (kibot - out_compress.py:116)
DEBUG:Adding /tmp/tmp55zry2jn/pads/4_7u_C2_87_0 as pads/4_7u_C2_87_0 (kibot - out_compress.py:116)
DEBUG:Adding /tmp/tmp55zry2jn/pads/4_7u_C2_87_1 as pads/4_7u_C2_87_1 (kibot - out_compress.py:116)
DEBUG:Adding /tmp/tmp55zry2jn/pads/0R_JP22_88_0 as pads/0R_JP22_88_0 (kibot - out_compress.py:116)
DEBUG:Adding /tmp/tmp55zry2jn/pads/0R_JP22_88_1 as pads/0R_JP22_88_1 (kibot - out_compress.py:116)
DEBUG:Adding /tmp/tmp55zry2jn/pads/2k2_R4_89_0 as pads/2k2_R4_89_0 (kibot - out_compress.py:116)
DEBUG:Adding /tmp/tmp55zry2jn/pads/2k2_R4_89_1 as pads/2k2_R4_89_1 (kibot - out_compress.py:116)
DEBUG:Adding /tmp/tmp55zry2jn/pads/TestPoint_TP17_90_0 as pads/TestPoint_TP17_90_0 (kibot - out_compress.py:116)
DEBUG:Adding /tmp/tmp55zry2jn/pads/1n_C22_91_0 as pads/1n_C22_91_0 (kibot - out_compress.py:116)
DEBUG:Adding /tmp/tmp55zry2jn/pads/1n_C22_91_1 as pads/1n_C22_91_1 (kibot - out_compress.py:116)
DEBUG:Adding /tmp/tmp55zry2jn/pads/0R_JP3_92_0 as pads/0R_JP3_92_0 (kibot - out_compress.py:116)
DEBUG:Adding /tmp/tmp55zry2jn/pads/0R_JP3_92_1 as pads/0R_JP3_92_1 (kibot - out_compress.py:116)
DEBUG:Adding /tmp/tmp55zry2jn/pads/BAV99_D1_93_0 as pads/BAV99_D1_93_0 (kibot - out_compress.py:116)
DEBUG:Adding /tmp/tmp55zry2jn/pads/BAV99_D1_93_1 as pads/BAV99_D1_93_1 (kibot - out_compress.py:116)
DEBUG:Adding /tmp/tmp55zry2jn/pads/BAV99_D1_93_2 as pads/BAV99_D1_93_2 (kibot - out_compress.py:116)
DEBUG:Adding /tmp/tmp55zry2jn/pads/1n_C8_94_0 as pads/1n_C8_94_0 (kibot - out_compress.py:116)
DEBUG:Adding /tmp/tmp55zry2jn/pads/1n_C8_94_1 as pads/1n_C8_94_1 (kibot - out_compress.py:116)
DEBUG:Adding /tmp/tmp55zry2jn/pads/0R_JP12_95_0 as pads/0R_JP12_95_0 (kibot - out_compress.py:116)
DEBUG:Adding /tmp/tmp55zry2jn/pads/0R_JP12_95_1 as pads/0R_JP12_95_1 (kibot - out_compress.py:116)
DEBUG:Adding /tmp/tmp55zry2jn/pads/1n_C21_96_0 as pads/1n_C21_96_0 (kibot - out_compress.py:116)
DEBUG:Adding /tmp/tmp55zry2jn/pads/1n_C21_96_1 as pads/1n_C21_96_1 (kibot - out_compress.py:116)
DEBUG:Adding /tmp/tmp55zry2jn/pads/HX_JN1_27_2x5_WZ_H4_9_J4_97_0 as pads/HX_JN1_27_2x5_WZ_H4_9_J4_97_0 (kibot - out_compress.py:116)
DEBUG:Adding /tmp/tmp55zry2jn/pads/HX_JN1_27_2x5_WZ_H4_9_J4_97_1 as pads/HX_JN1_27_2x5_WZ_H4_9_J4_97_1 (kibot - out_compress.py:116)
DEBUG:Adding /tmp/tmp55zry2jn/pads/HX_JN1_27_2x5_WZ_H4_9_J4_97_2 as pads/HX_JN1_27_2x5_WZ_H4_9_J4_97_2 (kibot - out_compress.py:116)
DEBUG:Adding /tmp/tmp55zry2jn/pads/HX_JN1_27_2x5_WZ_H4_9_J4_97_3 as pads/HX_JN1_27_2x5_WZ_H4_9_J4_97_3 (kibot - out_compress.py:116)
DEBUG:Adding /tmp/tmp55zry2jn/pads/HX_JN1_27_2x5_WZ_H4_9_J4_97_4 as pads/HX_JN1_27_2x5_WZ_H4_9_J4_97_4 (kibot - out_compress.py:116)
DEBUG:Adding /tmp/tmp55zry2jn/pads/HX_JN1_27_2x5_WZ_H4_9_J4_97_5 as pads/HX_JN1_27_2x5_WZ_H4_9_J4_97_5 (kibot - out_compress.py:116)
DEBUG:Adding /tmp/tmp55zry2jn/pads/HX_JN1_27_2x5_WZ_H4_9_J4_97_6 as pads/HX_JN1_27_2x5_WZ_H4_9_J4_97_6 (kibot - out_compress.py:116)
DEBUG:Adding /tmp/tmp55zry2jn/pads/HX_JN1_27_2x5_WZ_H4_9_J4_97_7 as pads/HX_JN1_27_2x5_WZ_H4_9_J4_97_7 (kibot - out_compress.py:116)
DEBUG:Adding /tmp/tmp55zry2jn/pads/HX_JN1_27_2x5_WZ_H4_9_J4_97_8 as pads/HX_JN1_27_2x5_WZ_H4_9_J4_97_8 (kibot - out_compress.py:116)
DEBUG:Adding /tmp/tmp55zry2jn/pads/HX_JN1_27_2x5_WZ_H4_9_J4_97_9 as pads/HX_JN1_27_2x5_WZ_H4_9_J4_97_9 (kibot - out_compress.py:116)
DEBUG:Adding /tmp/tmp55zry2jn/pads/2_54_mm_header_J2_98_0 as pads/2_54_mm_header_J2_98_0 (kibot - out_compress.py:116)
DEBUG:Adding /tmp/tmp55zry2jn/pads/2_54_mm_header_J2_98_1 as pads/2_54_mm_header_J2_98_1 (kibot - out_compress.py:116)
DEBUG:Adding /tmp/tmp55zry2jn/pads/2_54_mm_header_J2_98_2 as pads/2_54_mm_header_J2_98_2 (kibot - out_compress.py:116)
DEBUG:Adding /tmp/tmp55zry2jn/pads/2_54_mm_header_J2_98_3 as pads/2_54_mm_header_J2_98_3 (kibot - out_compress.py:116)
DEBUG:Adding /tmp/tmp55zry2jn/pads/Conn_01x14_Pin_J3_99_0 as pads/Conn_01x14_Pin_J3_99_0 (kibot - out_compress.py:116)
DEBUG:Adding /tmp/tmp55zry2jn/pads/Conn_01x14_Pin_J3_99_1 as pads/Conn_01x14_Pin_J3_99_1 (kibot - out_compress.py:116)
DEBUG:Adding /tmp/tmp55zry2jn/pads/Conn_01x14_Pin_J3_99_2 as pads/Conn_01x14_Pin_J3_99_2 (kibot - out_compress.py:116)
DEBUG:Adding /tmp/tmp55zry2jn/pads/Conn_01x14_Pin_J3_99_3 as pads/Conn_01x14_Pin_J3_99_3 (kibot - out_compress.py:116)
DEBUG:Adding /tmp/tmp55zry2jn/pads/Conn_01x14_Pin_J3_99_4 as pads/Conn_01x14_Pin_J3_99_4 (kibot - out_compress.py:116)
DEBUG:Adding /tmp/tmp55zry2jn/pads/Conn_01x14_Pin_J3_99_5 as pads/Conn_01x14_Pin_J3_99_5 (kibot - out_compress.py:116)
DEBUG:Adding /tmp/tmp55zry2jn/pads/Conn_01x14_Pin_J3_99_6 as pads/Conn_01x14_Pin_J3_99_6 (kibot - out_compress.py:116)
DEBUG:Adding /tmp/tmp55zry2jn/pads/Conn_01x14_Pin_J3_99_7 as pads/Conn_01x14_Pin_J3_99_7 (kibot - out_compress.py:116)
DEBUG:Adding /tmp/tmp55zry2jn/pads/Conn_01x14_Pin_J3_99_8 as pads/Conn_01x14_Pin_J3_99_8 (kibot - out_compress.py:116)
DEBUG:Adding /tmp/tmp55zry2jn/pads/Conn_01x14_Pin_J3_99_9 as pads/Conn_01x14_Pin_J3_99_9 (kibot - out_compress.py:116)
DEBUG:Adding /tmp/tmp55zry2jn/pads/Conn_01x14_Pin_J3_99_10 as pads/Conn_01x14_Pin_J3_99_10 (kibot - out_compress.py:116)
DEBUG:Adding /tmp/tmp55zry2jn/pads/Conn_01x14_Pin_J3_99_11 as pads/Conn_01x14_Pin_J3_99_11 (kibot - out_compress.py:116)
DEBUG:Adding /tmp/tmp55zry2jn/pads/Conn_01x14_Pin_J3_99_12 as pads/Conn_01x14_Pin_J3_99_12 (kibot - out_compress.py:116)
DEBUG:Adding /tmp/tmp55zry2jn/pads/Conn_01x14_Pin_J3_99_13 as pads/Conn_01x14_Pin_J3_99_13 (kibot - out_compress.py:116)
DEBUG:Adding /tmp/tmp55zry2jn/pads/TFT_2_4in_320x240_TFT1_100_0 as pads/TFT_2_4in_320x240_TFT1_100_0 (kibot - out_compress.py:116)
DEBUG:Adding /tmp/tmp55zry2jn/pads/TFT_2_4in_320x240_TFT1_100_1 as pads/TFT_2_4in_320x240_TFT1_100_1 (kibot - out_compress.py:116)
DEBUG:Adding /tmp/tmp55zry2jn/pads/TFT_2_4in_320x240_TFT1_100_2 as pads/TFT_2_4in_320x240_TFT1_100_2 (kibot - out_compress.py:116)
DEBUG:Adding /tmp/tmp55zry2jn/pads/TFT_2_4in_320x240_TFT1_100_3 as pads/TFT_2_4in_320x240_TFT1_100_3 (kibot - out_compress.py:116)
DEBUG:Adding /tmp/tmp55zry2jn/layers/stackup as layers/stackup (kibot - out_compress.py:116)
DEBUG:Adding /tmp/tmp55zry2jn/boards as boards (kibot - out_compress.py:116)
DEBUG:Starting tool check for Blender (kibot - dep_downloader.py:866)
DEBUG:- Returning `/usr/bin/blender` (kibot - dep_downloader.py:873)
DEBUG:Starting tool check for ImageMagick (kibot - dep_downloader.py:866)
DEBUG:- Returning `/usr/bin/convert` (kibot - dep_downloader.py:873)
DEBUG:Scene:
{
  "auto_camera_z_axis_factor": 1.1,
  "fixed_auto_camera": false,
  "lights": [
    {
      "energy": 0.5,
      "name": "sunlight",
      "position": [
        -0.33316650000000003,
        0.33316650000000003,
        0.50025
      ],
      "type": "SUN"
    },
    {
      "energy": 2.4024005999999996,
      "name": "softbox1",
      "position": [
        -0.33316650000000003,
        0.33316650000000003,
        0.50025
      ],
      "type": "AREA"
    },
    {
      "energy": 2.4024005999999996,
      "name": "softbox2",
      "position": [
        0.33316650000000003,
        -0.33316650000000003,
        0.50025
      ],
      "type": "AREA"
    },
    {
      "energy": 2.4024005999999996,
      "name": "softbox3",
      "position": [
        -0.33316650000000003,
        -0.33316650000000003,
        0.50025
      ],
      "type": "AREA"
    },
    {
      "energy": 2.4024005999999996,
      "name": "softbox4",
      "position": [
        -0.33316650000000003,
        0.33316650000000003,
        0.50025
      ],
      "type": "AREA"
    }
  ],
  "point_of_view": [
    {
      "rotate_x": 0,
      "rotate_y": 0,
      "rotate_z": 0,
      "view": "Z"
    }
  ],
  "render": {
    "background1": "#66667F",
    "background2": "#66667F",
    "resolution_x": 1080,
    "resolution_y": 1080,
    "samples": 4,
    "transparent_background": true
  }
} (kibot - out_blender_export.py:610)
DEBUG:- Executing: /usr/bin/blender -b --factory-startup -P /usr/lib/python3/dist-packages/kibot/blender_scripts/blender_export.py -- --format render --output /work/output/3d/ktest-3D_blenderbottom.png --scene /tmp/tmpdk1dgbd6.json /work/output/3d/ktest-blender_export.pcb3d (kibot - kiplot.py:161)
DEBUG:- Output from command: Importing PCB3D file ...
Add-on not loaded: "pcb2blender_importer", cause: No module named 'pcb2blender_importer'
Add-on not loaded: "pcb3d_importer", cause: No module named 'pcb3d_importer'
Add-on not loaded: "bl_ext.blender_org.pcb3d_importer", cause: No module named 'bl_ext.blender_org.pcb3d_importer'
Skipping wheel for other system (win_arm64 != linux_x86_64): pillow-11.3.0-cp311-cp311-win_arm64.whl
Skipping wheel for other system (win_arm64 != linux_x86_64): skia_python-138.0-cp311-cp311-win_arm64.whl
Skipping wheel for other system (win_amd64 != linux_x86_64): skia_python-138.0-cp311-cp311-win_amd64.whl
Skipping wheel for other system (macosx_11_0_arm64 != linux_x86_64): pillow-11.3.0-cp311-cp311-macosx_11_0_arm64.whl
Skipping wheel for other system (macosx_11_0_arm64 != linux_x86_64): skia_python-138.0-cp311-cp311-macosx_11_0_arm64.whl
Skipping wheel for other system (macosx_10_10_x86_64 != linux_x86_64): pillow-11.3.0-cp311-cp311-macosx_10_10_x86_64.whl
Skipping wheel for other system (macosx_11_0_x86_64 != linux_x86_64): skia_python-138.0-cp311-cp311-macosx_11_0_x86_64.whl
Skipping wheel for other system (win_amd64 != linux_x86_64): pillow-11.3.0-cp311-cp311-win_amd64.whl
unknown drill shape '2'
unknown drill shape '2'
unknown drill shape '2'
unknown drill shape '2'
unknown drill shape '2'
unknown drill shape '2'
unknown drill shape '2'
unknown drill shape '2'
unknown drill shape '2'
unknown drill shape '2'
unknown drill shape '2'
unknown drill shape '2'
{
  "auto_camera_z_axis_factor": 1.1,
  "fixed_auto_camera": false,
  "lights": [
    {
      "energy": 0.5,
      "name": "sunlight",
      "position": [
        -0.33316650000000003,
        0.33316650000000003,
        0.50025
      ],
      "type": "SUN"
    },
    {
      "energy": 2.4024005999999996,
      "name": "softbox1",
      "position": [
        -0.33316650000000003,
        0.33316650000000003,
        0.50025
      ],
      "type": "AREA"
    },
    {
      "energy": 2.4024005999999996,
      "name": "softbox2",
      "position": [
        0.33316650000000003,
        -0.33316650000000003,
        0.50025
      ],
      "type": "AREA"
    },
    {
      "energy": 2.4024005999999996,
      "name": "softbox3",
      "position": [
        -0.33316650000000003,
        -0.33316650000000003,
        0.50025
      ],
      "type": "AREA"
    },
    {
      "energy": 2.4024005999999996,
      "name": "softbox4",
      "position": [
        -0.33316650000000003,
        0.33316650000000003,
        0.50025
      ],
      "type": "AREA"
    }
  ],
  "point_of_view": [
    {
      "rotate_x": 0,
      "rotate_y": 0,
      "rotate_z": 0,
      "view": "Z"
    }
  ],
  "render": {
    "background1": "#66667F",
    "background2": "#66667F",
    "resolution_x": 1080,
    "resolution_y": 1080,
    "samples": 4,
    "transparent_background": true
  }
}
- Select all
- Initial rotations: (0, 180, 0)
- Creating camera kibot_camera at (0.0, 0.0, 10.0)
- Changing camera to focus the board
- Creating light sunlight at [-0.33316650000000003, 0.33316650000000003, 0.50025], type: SUN energy: 0.5
- Default energy: 10.0
- Creating light softbox1 at [-0.33316650000000003, 0.33316650000000003, 0.50025], type: AREA energy: 2.4024005999999996
- Default energy: 10.0
- Creating light softbox2 at [0.33316650000000003, -0.33316650000000003, 0.50025], type: AREA energy: 2.4024005999999996
- Default energy: 10.0
- Creating light softbox3 at [-0.33316650000000003, -0.33316650000000003, 0.50025], type: AREA energy: 2.4024005999999996
- Default energy: 10.0
- Creating light softbox4 at [-0.33316650000000003, 0.33316650000000003, 0.50025], type: AREA energy: 2.4024005999999996
- Default energy: 10.0
Original colour transform: AgX
Solder-mask texture adjustment: 1 shader node(s), strength=0.2
Softbox softbox1: size=0.400 x 0.600, energy=2.402, aimed at board centre
Softbox softbox2: size=0.400 x 0.600, energy=2.402, aimed at board centre
Softbox softbox3: size=0.400 x 0.600, energy=2.402, aimed at board centre
Softbox softbox4: size=0.400 x 0.600, energy=2.402, aimed at board centre
DARK MATERIAL 'SHAPE_1': (0.14702726900577545, 0.1441284716129303, 0.1441284716129303, 1.0) -> (0.022054091095924377, 0.021619271486997604, 0.021619271486997604, 1.0)
DARK MATERIAL 'SHAPE_1.005': (0.14702726900577545, 0.1441284716129303, 0.1441284716129303, 1.0) -> (0.022054091095924377, 0.021619271486997604, 0.021619271486997604, 1.0)
DARK MATERIAL 'SHAPE_1.007': (0.14702726900577545, 0.1441284716129303, 0.1441284716129303, 1.0) -> (0.022054091095924377, 0.021619271486997604, 0.021619271486997604, 1.0)
DARK MATERIAL 'SHAPE_1.009': (0.14702726900577545, 0.1441284716129303, 0.1441284716129303, 1.0) -> (0.022054091095924377, 0.021619271486997604, 0.021619271486997604, 1.0)
DARK MATERIAL 'SHAPE_1.012': (0.14702726900577545, 0.1441284716129303, 0.1441284716129303, 1.0) -> (0.022054091095924377, 0.021619271486997604, 0.021619271486997604, 1.0)
DARK MATERIAL 'SHAPE_1.014': (0.14702726900577545, 0.1441284716129303, 0.1441284716129303, 1.0) -> (0.022054091095924377, 0.021619271486997604, 0.021619271486997604, 1.0)
DARK MATERIAL 'SHAPE_1.016': (0.14702726900577545, 0.1441284716129303, 0.1441284716129303, 1.0) -> (0.022054091095924377, 0.021619271486997604, 0.021619271486997604, 1.0)
DARK MATERIAL 'SHAPE_14': (0.0802198201417923, 0.08437620848417282, 0.09305896610021591, 1.0) -> (0.012032972648739815, 0.012656431645154953, 0.013958845287561417, 1.0)
DARK MATERIAL 'SHAPE_14.001': (0.0802198201417923, 0.08437620848417282, 0.09305896610021591, 1.0) -> (0.012032972648739815, 0.012656431645154953, 0.013958845287561417, 1.0)
DARK MATERIAL 'SHAPE_19': (0.15896083414554596, 0.15896083414554596, 0.15896083414554596, 1.0) -> (0.023844124749302864, 0.023844124749302864, 0.023844124749302864, 1.0)
DARK MATERIAL 'SHAPE_4': (0.14702726900577545, 0.1441284716129303, 0.1441284716129303, 1.0) -> (0.022054091095924377, 0.021619271486997604, 0.021619271486997604, 1.0)
Darkened 11 component material(s)
MATERIAL_DIAG JST housing corrected: JST_XH_B4B-XH-A_1x04_P2.50mm_Vertical; contacts retained
MATERIAL_DIAG JST housing corrected: JST_XH_B6B-XH-A_1x06_P2.50mm_Vertical; contacts retained
Metal roughness floor: 0.25; adjusted 3 shader(s)
MATERIAL_DIAG 'SHAPE_1': {'Color': {'value': (0.022054091095924377, 0.021619271486997604, 0.021619271486997604, 1.0), 'linked': False}, 'Texture Strength': {'value': 0.5, 'linked': False}, 'Scratches': {'value': 0.5, 'linked': False}, 'Normal': {'value': (0.0, 0.0, 0.0), 'linked': False}}
MATERIAL_DIAG 'SHAPE_1.001': {'Color': {'value': (0.8227857351303101, 0.8148465752601624, 0.7758222222328186, 1.0), 'linked': False}, 'Texture Strength': {'value': 0.5, 'linked': False}, 'Scratches': {'value': 0.5, 'linked': False}, 'Normal': {'value': (0.0, 0.0, 0.0), 'linked': False}}
MATERIAL_DIAG 'SHAPE_1.002': {'Color': {'value': (0.8879231214523315, 0.8879231214523315, 0.8069522380828857, 1.0), 'linked': False}, 'Texture Strength': {'value': 0.5, 'linked': False}, 'Scratches': {'value': 0.5, 'linked': False}, 'Normal': {'value': (0.0, 0.0, 0.0), 'linked': False}}
MATERIAL_DIAG 'SHAPE_1.003': {'Color': {'value': (0.8227857351303101, 0.8148465752601624, 0.7758222222328186, 1.0), 'linked': False}, 'Texture Strength': {'value': 0.5, 'linked': False}, 'Scratches': {'value': 0.5, 'linked': False}, 'Normal': {'value': (0.0, 0.0, 0.0), 'linked': False}}
MATERIAL_DIAG 'SHAPE_1.004': {'Color': {'value': (0.8227857351303101, 0.8148465752601624, 0.7758222222328186, 1.0), 'linked': False}, 'Texture Strength': {'value': 0.5, 'linked': False}, 'Scratches': {'value': 0.5, 'linked': False}, 'Normal': {'value': (0.0, 0.0, 0.0), 'linked': False}}
MATERIAL_DIAG 'SHAPE_1.005': {'Color': {'value': (0.022054091095924377, 0.021619271486997604, 0.021619271486997604, 1.0), 'linked': False}, 'Texture Strength': {'value': 0.5, 'linked': False}, 'Scratches': {'value': 0.5, 'linked': False}, 'Normal': {'value': (0.0, 0.0, 0.0), 'linked': False}}
MATERIAL_DIAG 'SHAPE_1.006': {'Color': {'value': (0.8227857351303101, 0.8148465752601624, 0.7758222222328186, 1.0), 'linked': False}, 'Texture Strength': {'value': 0.5, 'linked': False}, 'Scratches': {'value': 0.5, 'linked': False}, 'Normal': {'value': (0.0, 0.0, 0.0), 'linked': False}}
MATERIAL_DIAG 'SHAPE_1.007': {'Color': {'value': (0.022054091095924377, 0.021619271486997604, 0.021619271486997604, 1.0), 'linked': False}, 'Texture Strength': {'value': 0.5, 'linked': False}, 'Scratches': {'value': 0.5, 'linked': False}, 'Normal': {'value': (0.0, 0.0, 0.0), 'linked': False}}
MATERIAL_DIAG 'SHAPE_1.008': {'Color': {'value': (0.8879231214523315, 0.8879231214523315, 0.8069522380828857, 1.0), 'linked': False}, 'Texture Strength': {'value': 0.5, 'linked': False}, 'Scratches': {'value': 0.5, 'linked': False}, 'Normal': {'value': (0.0, 0.0, 0.0), 'linked': False}}
MATERIAL_DIAG 'SHAPE_1.009': {'Color': {'value': (0.022054091095924377, 0.021619271486997604, 0.021619271486997604, 1.0), 'linked': False}, 'Texture Strength': {'value': 0.5, 'linked': False}, 'Scratches': {'value': 0.5, 'linked': False}, 'Normal': {'value': (0.0, 0.0, 0.0), 'linked': False}}
MATERIAL_DIAG 'SHAPE_1.010': {'Color': {'value': (0.8796223998069763, 0.7083757519721985, 0.4910208582878113, 1.0), 'linked': False}, 'Texture Strength': {'value': 0.5, 'linked': False}, 'Scratches': {'value': 0.5, 'linked': False}, 'Normal': {'value': (0.0, 0.0, 0.0), 'linked': False}}
MATERIAL_DIAG 'SHAPE_1.011': {'Color': {'value': (0.8796223998069763, 0.7083757519721985, 0.4910208582878113, 1.0), 'linked': False}, 'Texture Strength': {'value': 0.5, 'linked': False}, 'Scratches': {'value': 0.5, 'linked': False}, 'Normal': {'value': (0.0, 0.0, 0.0), 'linked': False}}
MATERIAL_DIAG 'SHAPE_1.012': {'Color': {'value': (0.022054091095924377, 0.021619271486997604, 0.021619271486997604, 1.0), 'linked': False}, 'Texture Strength': {'value': 0.5, 'linked': False}, 'Scratches': {'value': 0.5, 'linked': False}, 'Normal': {'value': (0.0, 0.0, 0.0), 'linked': False}}
MATERIAL_DIAG 'SHAPE_1.013': {'Color': {'value': (0.8227857351303101, 0.8148465752601624, 0.7758222222328186, 1.0), 'linked': False}, 'Texture Strength': {'value': 0.5, 'linked': False}, 'Scratches': {'value': 0.5, 'linked': False}, 'Normal': {'value': (0.0, 0.0, 0.0), 'linked': False}}
MATERIAL_DIAG 'SHAPE_1.014': {'Color': {'value': (0.022054091095924377, 0.021619271486997604, 0.021619271486997604, 1.0), 'linked': False}, 'Texture Strength': {'value': 0.5, 'linked': False}, 'Scratches': {'value': 0.5, 'linked': False}, 'Normal': {'value': (0.0, 0.0, 0.0), 'linked': False}}
MATERIAL_DIAG 'SHAPE_1.015': {'Color': {'value': (0.8227857351303101, 0.8148465752601624, 0.7758222222328186, 1.0), 'linked': False}, 'Texture Strength': {'value': 0.5, 'linked': False}, 'Scratches': {'value': 0.5, 'linked': False}, 'Normal': {'value': (0.0, 0.0, 0.0), 'linked': False}}
MATERIAL_DIAG 'SHAPE_1.016': {'Color': {'value': (0.022054091095924377, 0.021619271486997604, 0.021619271486997604, 1.0), 'linked': False}, 'Texture Strength': {'value': 0.5, 'linked': False}, 'Scratches': {'value': 0.5, 'linked': False}, 'Normal': {'value': (0.0, 0.0, 0.0), 'linked': False}}
MATERIAL_DIAG 'SHAPE_1.017': {'Color': {'value': (0.8227857351303101, 0.8148465752601624, 0.7758222222328186, 1.0), 'linked': False}, 'Texture Strength': {'value': 0.5, 'linked': False}, 'Scratches': {'value': 0.5, 'linked': False}, 'Normal': {'value': (0.0, 0.0, 0.0), 'linked': False}}
MATERIAL_DIAG 'SHAPE_10': {'Color': {'value': (0.8549926280975342, 0.7379103899002075, 0.4910208582878113, 1.0), 'linked': False}, 'Texture Strength': {'value': 0.5, 'linked': False}, 'Scratches': {'value': 0.5, 'linked': False}, 'Normal': {'value': (0.0, 0.0, 0.0), 'linked': False}}
MATERIAL_DIAG 'SHAPE_11': {'Color': {'value': (0.3762621283531189, 0.26635560393333435, 0.21223075687885284, 1.0), 'linked': False}, 'Texture Strength': {'value': 0.5, 'linked': False}, 'Scratches': {'value': 0.5, 'linked': False}, 'Normal': {'value': (0.0, 0.0, 0.0), 'linked': False}}
MATERIAL_DIAG 'SHAPE_11.001': {'Color': {'value': (0.3762621283531189, 0.26635560393333435, 0.21223075687885284, 1.0), 'linked': False}, 'Texture Strength': {'value': 0.5, 'linked': False}, 'Scratches': {'value': 0.5, 'linked': False}, 'Normal': {'value': (0.0, 0.0, 0.0), 'linked': False}}
MATERIAL_DIAG 'SHAPE_11.002': {'Color': {'value': (0.3762621283531189, 0.26635560393333435, 0.21223075687885284, 1.0), 'linked': False}, 'Texture Strength': {'value': 0.5, 'linked': False}, 'Scratches': {'value': 0.5, 'linked': False}, 'Normal': {'value': (0.0, 0.0, 0.0), 'linked': False}}
MATERIAL_DIAG 'SHAPE_117': {'Color': {'value': (0.68668532371521, 0.6583748459815979, 0.5972017645835876, 1.0), 'linked': False}, 'Texture Strength': {'value': 0.5, 'linked': False}, 'Scratches': {'value': 0.5, 'linked': False}, 'Normal': {'value': (0.0, 0.0, 0.0), 'linked': False}}
MATERIAL_DIAG 'SHAPE_14': {'Color': {'value': (0.012032972648739815, 0.012656431645154953, 0.013958845287561417, 1.0), 'linked': False}, 'Texture Strength': {'value': 0.5, 'linked': False}, 'Scratches': {'value': 0.5, 'linked': False}, 'Normal': {'value': (0.0, 0.0, 0.0), 'linked': False}}
MATERIAL_DIAG 'SHAPE_14.001': {'Color': {'value': (0.012032972648739815, 0.012656431645154953, 0.013958845287561417, 1.0), 'linked': False}, 'Texture Strength': {'value': 0.5, 'linked': False}, 'Scratches': {'value': 0.5, 'linked': False}, 'Normal': {'value': (0.0, 0.0, 0.0), 'linked': False}}
MATERIAL_DIAG 'SHAPE_147': {'Color': {'value': (0.68668532371521, 0.6583748459815979, 0.5972017645835876, 1.0), 'linked': False}, 'Texture Strength': {'value': 0.5, 'linked': False}, 'Scratches': {'value': 0.5, 'linked': False}, 'Normal': {'value': (0.0, 0.0, 0.0), 'linked': False}}
MATERIAL_DIAG 'SHAPE_15': {'Color': {'value': (0.8227857351303101, 0.8148465752601624, 0.7758222222328186, 1.0), 'linked': False}, 'Texture Strength': {'value': 0.5, 'linked': False}, 'Scratches': {'value': 0.5, 'linked': False}, 'Normal': {'value': (0.0, 0.0, 0.0), 'linked': False}}
MATERIAL_DIAG 'SHAPE_15.001': {'Color': {'value': (0.8227857351303101, 0.8148465752601624, 0.7758222222328186, 1.0), 'linked': False}, 'Texture Strength': {'value': 0.5, 'linked': False}, 'Scratches': {'value': 0.5, 'linked': False}, 'Normal': {'value': (0.0, 0.0, 0.0), 'linked': False}}
MATERIAL_DIAG 'SHAPE_15.002': {'Color': {'value': (0.8227857351303101, 0.8148465752601624, 0.7758222222328186, 1.0), 'linked': False}, 'Texture Strength': {'value': 0.5, 'linked': False}, 'Scratches': {'value': 0.5, 'linked': False}, 'Normal': {'value': (0.0, 0.0, 0.0), 'linked': False}}
MATERIAL_DIAG 'SHAPE_15.003': {'Color': {'value': (0.8227857351303101, 0.8148465752601624, 0.7758222222328186, 1.0), 'linked': False}, 'Texture Strength': {'value': 0.5, 'linked': False}, 'Scratches': {'value': 0.5, 'linked': False}, 'Normal': {'value': (0.0, 0.0, 0.0), 'linked': False}}
MATERIAL_DIAG 'SHAPE_19': {'Color': {'value': (0.023844124749302864, 0.023844124749302864, 0.023844124749302864, 1.0), 'linked': False}, 'Texture Strength': {'value': 0.5, 'linked': False}, 'Scratches': {'value': 0.5, 'linked': False}, 'Normal': {'value': (0.0, 0.0, 0.0), 'linked': False}}
MATERIAL_DIAG 'SHAPE_267': {'Color': {'value': (0.68668532371521, 0.6583748459815979, 0.5972017645835876, 1.0), 'linked': False}, 'Texture Strength': {'value': 0.5, 'linked': False}, 'Scratches': {'value': 0.5, 'linked': False}, 'Normal': {'value': (0.0, 0.0, 0.0), 'linked': False}}
MATERIAL_DIAG 'SHAPE_27': {'Color': {'value': (0.8549926280975342, 0.7379103899002075, 0.4910208582878113, 1.0), 'linked': False}, 'Texture Strength': {'value': 0.5, 'linked': False}, 'Scratches': {'value': 0.5, 'linked': False}, 'Normal': {'value': (0.0, 0.0, 0.0), 'linked': False}}
MATERIAL_DIAG 'SHAPE_4': {'Color': {'value': (0.022054091095924377, 0.021619271486997604, 0.021619271486997604, 1.0), 'linked': False}, 'Texture Strength': {'value': 0.5, 'linked': False}, 'Scratches': {'value': 0.5, 'linked': False}, 'Normal': {'value': (0.0, 0.0, 0.0), 'linked': False}}
MATERIAL_DIAG 'SHAPE_5': {'Color': {'value': (0.8227857351303101, 0.8148465752601624, 0.7758222222328186, 1.0), 'linked': False}, 'Texture Strength': {'value': 0.5, 'linked': False}, 'Scratches': {'value': 0.5, 'linked': False}, 'Normal': {'value': (0.0, 0.0, 0.0), 'linked': False}}
MATERIAL_DIAG 'SHAPE_507': {'Color': {'value': (0.68668532371521, 0.6583748459815979, 0.5972017645835876, 1.0), 'linked': False}, 'Texture Strength': {'value': 0.5, 'linked': False}, 'Scratches': {'value': 0.5, 'linked': False}, 'Normal': {'value': (0.0, 0.0, 0.0), 'linked': False}}
MATERIAL_DIAG 'SHAPE_6': {'Color': {'value': (0.8227857351303101, 0.8148465752601624, 0.7758222222328186, 1.0), 'linked': False}, 'Texture Strength': {'value': 0.5, 'linked': False}, 'Scratches': {'value': 0.5, 'linked': False}, 'Normal': {'value': (0.0, 0.0, 0.0), 'linked': False}}
MATERIAL_DIAG 'SHAPE_6.001': {'Color': {'value': (0.8227857351303101, 0.8148465752601624, 0.7758222222328186, 1.0), 'linked': False}, 'Texture Strength': {'value': 0.5, 'linked': False}, 'Scratches': {'value': 0.5, 'linked': False}, 'Normal': {'value': (0.0, 0.0, 0.0), 'linked': False}}
MATERIAL_DIAG 'SHAPE_62': {'Color': {'value': (0.8227857351303101, 0.8148465752601624, 0.7758222222328186, 1.0), 'linked': False}, 'Texture Strength': {'value': 0.5, 'linked': False}, 'Scratches': {'value': 0.5, 'linked': False}, 'Normal': {'value': (0.0, 0.0, 0.0), 'linked': False}}
MATERIAL_DIAG 'SHAPE_67': {'Color': {'value': (0.8549926280975342, 0.7379103899002075, 0.4910208582878113, 1.0), 'linked': False}, 'Texture Strength': {'value': 0.5, 'linked': False}, 'Scratches': {'value': 0.5, 'linked': False}, 'Normal': {'value': (0.0, 0.0, 0.0), 'linked': False}}
MATERIAL_DIAG 'SHAPE_69': {'Color': {'value': (0.68668532371521, 0.6583748459815979, 0.5972017645835876, 1.0), 'linked': False}, 'Texture Strength': {'value': 0.5, 'linked': False}, 'Scratches': {'value': 0.5, 'linked': False}, 'Normal': {'value': (0.0, 0.0, 0.0), 'linked': False}}
MATERIAL_DIAG 'SHAPE_74': {'Color': {'value': (0.8227857351303101, 0.8148465752601624, 0.7758222222328186, 1.0), 'linked': False}, 'Texture Strength': {'value': 0.5, 'linked': False}, 'Scratches': {'value': 0.5, 'linked': False}, 'Normal': {'value': (0.0, 0.0, 0.0), 'linked': False}}
MATERIAL_DIAG 'SHAPE_8': {'Color': {'value': (0.8879231214523315, 0.8879231214523315, 0.8069522380828857, 1.0), 'linked': False}, 'Texture Strength': {'value': 0.5, 'linked': False}, 'Scratches': {'value': 0.5, 'linked': False}, 'Normal': {'value': (0.0, 0.0, 0.0), 'linked': False}}
MATERIAL_DIAG 'SHAPE_8.001': {'Color': {'value': (0.8879231214523315, 0.8879231214523315, 0.8069522380828857, 1.0), 'linked': False}, 'Texture Strength': {'value': 0.5, 'linked': False}, 'Scratches': {'value': 0.5, 'linked': False}, 'Normal': {'value': (0.0, 0.0, 0.0), 'linked': False}}
Blender 4.2.4 LTS (hash e41b0e807a59 built 2024-11-19 00:31:24)
Fra:1 Mem:92.45M (Peak 92.45M) | Time:00:00.17 | Mem:0.00M, Peak:0.00M | Scene, ViewLayer | Synchronizing object | PCB_ktest-blender_export
Fra:1 Mem:92.45M (Peak 92.45M) | Time:00:00.17 | Mem:0.00M, Peak:0.00M | Scene, ViewLayer | Synchronizing object | C_0603_1608Metric
Fra:1 Mem:92.58M (Peak 92.58M) | Time:00:00.17 | Mem:0.00M, Peak:0.00M | Scene, ViewLayer | Synchronizing object | R_0603_1608Metric
Fra:1 Mem:92.80M (Peak 92.80M) | Time:00:00.17 | Mem:0.00M, Peak:0.00M | Scene, ViewLayer | Synchronizing object | C_0603_1608Metric.001
Fra:1 Mem:92.84M (Peak 92.84M) | Time:00:00.17 | Mem:0.00M, Peak:0.00M | Scene, ViewLayer | Synchronizing object | C_0603_1608Metric.002
Fra:1 Mem:92.84M (Peak 92.84M) | Time:00:00.17 | Mem:0.00M, Peak:0.00M | Scene, ViewLayer | Synchronizing object | C_1210_3225Metric
Fra:1 Mem:92.92M (Peak 92.92M) | Time:00:00.17 | Mem:0.00M, Peak:0.00M | Scene, ViewLayer | Synchronizing object | R_0603_1608Metric.001
Fra:1 Mem:92.96M (Peak 92.96M) | Time:00:00.17 | Mem:0.00M, Peak:0.00M | Scene, ViewLayer | Synchronizing object | C_0603_1608Metric.003
Fra:1 Mem:93.01M (Peak 93.01M) | Time:00:00.17 | Mem:0.00M, Peak:0.00M | Scene, ViewLayer | Synchronizing object | C_0603_1608Metric.004
Fra:1 Mem:93.04M (Peak 93.04M) | Time:00:00.17 | Mem:0.00M, Peak:0.00M | Scene, ViewLayer | Synchronizing object | C_0603_1608Metric.005
Fra:1 Mem:93.04M (Peak 93.04M) | Time:00:00.17 | Mem:0.00M, Peak:0.00M | Scene, ViewLayer | Synchronizing object | C_0603_1608Metric.006
Fra:1 Mem:93.31M (Peak 93.31M) | Time:00:00.17 | Mem:0.00M, Peak:0.00M | Scene, ViewLayer | Synchronizing object | R_Axial_DIN0204_L3.6mm_D1.6mm_P5.08mm_Horizontal
Fra:1 Mem:93.53M (Peak 93.53M) | Time:00:00.18 | Mem:0.00M, Peak:0.00M | Scene, ViewLayer | Synchronizing object | R_0603_1608Metric.002
Fra:1 Mem:93.56M (Peak 93.56M) | Time:00:00.18 | Mem:0.00M, Peak:0.00M | Scene, ViewLayer | Synchronizing object | R_0603_1608Metric.003
Fra:1 Mem:93.56M (Peak 93.56M) | Time:00:00.18 | Mem:0.00M, Peak:0.00M | Scene, ViewLayer | Synchronizing object | HTSOP-8-1EP_3.9x4.9mm_P1.27mm
Fra:1 Mem:93.66M (Peak 93.66M) | Time:00:00.18 | Mem:0.00M, Peak:0.00M | Scene, ViewLayer | Synchronizing object | R_0603_1608Metric.004
Fra:1 Mem:95.24M (Peak 95.24M) | Time:00:00.18 | Mem:0.00M, Peak:0.00M | Scene, ViewLayer | Synchronizing object | R_0603_1608Metric.005
Fra:1 Mem:95.38M (Peak 95.38M) | Time:00:00.18 | Mem:0.00M, Peak:0.00M | Scene, ViewLayer | Synchronizing object | C_0603_1608Metric.007
Fra:1 Mem:95.40M (Peak 95.40M) | Time:00:00.18 | Mem:0.00M, Peak:0.00M | Scene, ViewLayer | Synchronizing object | R_1206_3216Metric
Fra:1 Mem:95.41M (Peak 95.41M) | Time:00:00.18 | Mem:0.00M, Peak:0.00M | Scene, ViewLayer | Synchronizing object | SOLDER_Conn_01x14_Pin_J3_99_13
Fra:1 Mem:95.57M (Peak 95.57M) | Time:00:00.18 | Mem:0.00M, Peak:0.00M | Scene, ViewLayer | Synchronizing object | SOLDER_Conn_01x14_Pin_J3_99_12
Fra:1 Mem:95.70M (Peak 95.70M) | Time:00:00.18 | Mem:0.00M, Peak:0.00M | Scene, ViewLayer | Synchronizing object | SOLDER_Conn_01x14_Pin_J3_99_11
Fra:1 Mem:95.81M (Peak 95.81M) | Time:00:00.18 | Mem:0.00M, Peak:0.00M | Scene, ViewLayer | Synchronizing object | R_0603_1608Metric.006
Fra:1 Mem:95.88M (Peak 95.88M) | Time:00:00.18 | Mem:0.00M, Peak:0.00M | Scene, ViewLayer | Synchronizing object | R_1206_3216Metric.001
Fra:1 Mem:95.86M (Peak 95.88M) | Time:00:00.18 | Mem:0.00M, Peak:0.00M | Scene, ViewLayer | Synchronizing object | SOLDER_Conn_01x14_Pin_J3_99_10
Fra:1 Mem:95.91M (Peak 95.91M) | Time:00:00.18 | Mem:0.00M, Peak:0.00M | Scene, ViewLayer | Synchronizing object | C_0603_1608Metric.008
Fra:1 Mem:95.99M (Peak 95.99M) | Time:00:00.18 | Mem:0.00M, Peak:0.00M | Scene, ViewLayer | Synchronizing object | C_1206_3216Metric
Fra:1 Mem:96.01M (Peak 96.01M) | Time:00:00.18 | Mem:0.00M, Peak:0.00M | Scene, ViewLayer | Synchronizing object | C_0603_1608Metric.009
Fra:1 Mem:96.06M (Peak 96.06M) | Time:00:00.18 | Mem:0.00M, Peak:0.00M | Scene, ViewLayer | Synchronizing object | R_0603_1608Metric.007
Fra:1 Mem:96.06M (Peak 96.06M) | Time:00:00.18 | Mem:0.00M, Peak:0.00M | Scene, ViewLayer | Synchronizing object | C_0603_1608Metric.010
Fra:1 Mem:96.12M (Peak 96.12M) | Time:00:00.18 | Mem:0.00M, Peak:0.00M | Scene, ViewLayer | Synchronizing object | R_0603_1608Metric.008
Fra:1 Mem:96.15M (Peak 96.15M) | Time:00:00.18 | Mem:0.00M, Peak:0.00M | Scene, ViewLayer | Synchronizing object | Crystal_SMD_3225-4Pin_3.2x2.5mm
Fra:1 Mem:96.19M (Peak 96.19M) | Time:00:00.18 | Mem:0.00M, Peak:0.00M | Scene, ViewLayer | Synchronizing object | C_0603_1608Metric.011
Fra:1 Mem:96.26M (Peak 96.26M) | Time:00:00.18 | Mem:0.00M, Peak:0.00M | Scene, ViewLayer | Synchronizing object | SOLDER_Conn_01x14_Pin_J3_99_9
Fra:1 Mem:96.34M (Peak 96.34M) | Time:00:00.18 | Mem:0.00M, Peak:0.00M | Scene, ViewLayer | Synchronizing object | R_0603_1608Metric.009
Fra:1 Mem:96.37M (Peak 96.37M) | Time:00:00.18 | Mem:0.00M, Peak:0.00M | Scene, ViewLayer | Synchronizing object | R_0603_1608Metric.010
Fra:1 Mem:96.42M (Peak 96.42M) | Time:00:00.18 | Mem:0.00M, Peak:0.00M | Scene, ViewLayer | Synchronizing object | JEITA_SOIC-16_3.9x9.9mm_P1.27mm
Fra:1 Mem:96.43M (Peak 96.43M) | Time:00:00.18 | Mem:0.00M, Peak:0.00M | Scene, ViewLayer | Synchronizing object | SOLDER_Conn_01x14_Pin_J3_99_8
Fra:1 Mem:96.45M (Peak 96.45M) | Time:00:00.18 | Mem:0.00M, Peak:0.00M | Scene, ViewLayer | Synchronizing object | R_1206_3216Metric.002
Fra:1 Mem:96.70M (Peak 96.70M) | Time:00:00.18 | Mem:0.00M, Peak:0.00M | Scene, ViewLayer | Synchronizing object | C_0603_1608Metric.012
Fra:1 Mem:96.74M (Peak 96.74M) | Time:00:00.18 | Mem:0.00M, Peak:0.00M | Scene, ViewLayer | Synchronizing object | R_0603_1608Metric.011
Fra:1 Mem:96.78M (Peak 96.78M) | Time:00:00.18 | Mem:0.00M, Peak:0.00M | Scene, ViewLayer | Synchronizing object | SOLDER_Conn_01x14_Pin_J3_99_7
Fra:1 Mem:96.93M (Peak 96.93M) | Time:00:00.18 | Mem:0.00M, Peak:0.00M | Scene, ViewLayer | Synchronizing object | C_0603_1608Metric.013
Fra:1 Mem:97.09M (Peak 97.09M) | Time:00:00.18 | Mem:0.00M, Peak:0.00M | Scene, ViewLayer | Synchronizing object | R_1206_3216Metric.003
Fra:1 Mem:97.14M (Peak 97.14M) | Time:00:00.18 | Mem:0.00M, Peak:0.00M | Scene, ViewLayer | Synchronizing object | C_1210_3225Metric.001
Fra:1 Mem:97.18M (Peak 97.18M) | Time:00:00.18 | Mem:0.00M, Peak:0.00M | Scene, ViewLayer | Synchronizing object | R_0603_1608Metric.012
Fra:1 Mem:97.20M (Peak 97.20M) | Time:00:00.18 | Mem:0.00M, Peak:0.00M | Scene, ViewLayer | Synchronizing object | C_0603_1608Metric.014
Fra:1 Mem:97.05M (Peak 97.20M) | Time:00:00.18 | Mem:0.00M, Peak:0.00M | Scene, ViewLayer | Synchronizing object | SOT-23-6
Fra:1 Mem:97.26M (Peak 97.26M) | Time:00:00.18 | Mem:0.00M, Peak:0.00M | Scene, ViewLayer | Synchronizing object | C_0603_1608Metric.015
Fra:1 Mem:97.41M (Peak 97.41M) | Time:00:00.18 | Mem:0.00M, Peak:0.00M | Scene, ViewLayer | Synchronizing object | C_0603_1608Metric.016
Fra:1 Mem:97.41M (Peak 97.41M) | Time:00:00.18 | Mem:0.00M, Peak:0.00M | Scene, ViewLayer | Synchronizing object | LQFP-32_7x7mm_P0.8mm
Fra:1 Mem:97.78M (Peak 97.78M) | Time:00:00.18 | Mem:0.00M, Peak:0.00M | Scene, ViewLayer | Synchronizing object | JST_XH_B4B-XH-A_1x04_P2.50mm_Vertical
Fra:1 Mem:98.89M (Peak 98.89M) | Time:00:00.18 | Mem:0.00M, Peak:0.00M | Scene, ViewLayer | Synchronizing object | SOLDER_Conn_01x14_Pin_J3_99_5
Fra:1 Mem:99.20M (Peak 99.20M) | Time:00:00.18 | Mem:0.00M, Peak:0.00M | Scene, ViewLayer | Synchronizing object | SOLDER_Conn_01x14_Pin_J3_99_4
Fra:1 Mem:98.18M (Peak 99.20M) | Time:00:00.18 | Mem:0.00M, Peak:0.00M | Scene, ViewLayer | Synchronizing object | SOLDER_Conn_01x14_Pin_J3_99_3
Fra:1 Mem:98.37M (Peak 99.20M) | Time:00:00.18 | Mem:0.00M, Peak:0.00M | Scene, ViewLayer | Synchronizing object | SOLDER_Conn_01x14_Pin_J3_99_2
Fra:1 Mem:98.69M (Peak 99.20M) | Time:00:00.18 | Mem:0.00M, Peak:0.00M | Scene, ViewLayer | Synchronizing object | SOLDER_Conn_01x14_Pin_J3_99_1
Fra:1 Mem:98.83M (Peak 99.20M) | Time:00:00.18 | Mem:0.00M, Peak:0.00M | Scene, ViewLayer | Synchronizing object | SOLDER_Conn_01x14_Pin_J3_99_0
Fra:1 Mem:98.92M (Peak 99.20M) | Time:00:00.18 | Mem:0.00M, Peak:0.00M | Scene, ViewLayer | Synchronizing object | CP_Elec_10x10
Fra:1 Mem:99.23M (Peak 99.23M) | Time:00:00.18 | Mem:0.00M, Peak:0.00M | Scene, ViewLayer | Synchronizing object | SOLDER_2_54_mm_header_J2_98_3
Fra:1 Mem:99.47M (Peak 99.47M) | Time:00:00.18 | Mem:0.00M, Peak:0.00M | Scene, ViewLayer | Synchronizing object | SOLDER_2_54_mm_header_J2_98_2
Fra:1 Mem:99.72M (Peak 99.72M) | Time:00:00.18 | Mem:0.00M, Peak:0.00M | Scene, ViewLayer | Synchronizing object | SOLDER_2_54_mm_header_J2_98_1
Fra:1 Mem:99.74M (Peak 99.74M) | Time:00:00.18 | Mem:0.00M, Peak:0.00M | Scene, ViewLayer | Synchronizing object | R_Axial_DIN0204_L3.6mm_D1.6mm_P7.62mm_Horizontal
Fra:1 Mem:99.66M (Peak 99.74M) | Time:00:00.18 | Mem:0.00M, Peak:0.00M | Scene, ViewLayer | Synchronizing object | JST_XH_B6B-XH-A_1x06_P2.50mm_Vertical
Fra:1 Mem:100.14M (Peak 100.14M) | Time:00:00.18 | Mem:0.00M, Peak:0.00M | Scene, ViewLayer | Synchronizing object | R_1206_3216Metric.004
Fra:1 Mem:100.19M (Peak 100.19M) | Time:00:00.18 | Mem:0.00M, Peak:0.00M | Scene, ViewLayer | Synchronizing object | R_0603_1608Metric.013
Fra:1 Mem:100.24M (Peak 100.24M) | Time:00:00.18 | Mem:0.00M, Peak:0.00M | Scene, ViewLayer | Synchronizing object | SOLDER_2_54_mm_header_J2_98_0
Fra:1 Mem:100.26M (Peak 100.26M) | Time:00:00.18 | Mem:0.00M, Peak:0.00M | Scene, ViewLayer | Synchronizing object | R_0603_1608Metric.014
Fra:1 Mem:100.38M (Peak 100.38M) | Time:00:00.18 | Mem:0.00M, Peak:0.00M | Scene, ViewLayer | Synchronizing object | C_1210_3225Metric.002
Fra:1 Mem:100.45M (Peak 100.45M) | Time:00:00.18 | Mem:0.00M, Peak:0.00M | Scene, ViewLayer | Synchronizing object | C_0603_1608Metric.017
Fra:1 Mem:100.55M (Peak 100.55M) | Time:00:00.18 | Mem:0.00M, Peak:0.00M | Scene, ViewLayer | Synchronizing object | SOLDER_HX_JN1_27_2x5_WZ_H4_9_J4_97_9
Fra:1 Mem:100.67M (Peak 100.67M) | Time:00:00.19 | Mem:0.00M, Peak:0.00M | Scene, ViewLayer | Synchronizing object | SOLDER_HX_JN1_27_2x5_WZ_H4_9_J4_97_8
Fra:1 Mem:100.79M (Peak 100.79M) | Time:00:00.19 | Mem:0.00M, Peak:0.00M | Scene, ViewLayer | Synchronizing object | SOLDER_HX_JN1_27_2x5_WZ_H4_9_J4_97_7
Fra:1 Mem:100.92M (Peak 100.92M) | Time:00:00.19 | Mem:0.00M, Peak:0.00M | Scene, ViewLayer | Synchronizing object | SOLDER_HX_JN1_27_2x5_WZ_H4_9_J4_97_6
Fra:1 Mem:101.02M (Peak 101.02M) | Time:00:00.19 | Mem:0.00M, Peak:0.00M | Scene, ViewLayer | Synchronizing object | R_0603_1608Metric.015
Fra:1 Mem:101.55M (Peak 101.55M) | Time:00:00.19 | Mem:0.00M, Peak:0.00M | Scene, ViewLayer | Synchronizing object | C_1206_3216Metric.001
Fra:1 Mem:101.54M (Peak 101.55M) | Time:00:00.19 | Mem:0.00M, Peak:0.00M | Scene, ViewLayer | Synchronizing object | SOLDER_HX_JN1_27_2x5_WZ_H4_9_J4_97_5
Fra:1 Mem:101.66M (Peak 101.66M) | Time:00:00.19 | Mem:0.00M, Peak:0.00M | Scene, ViewLayer | Synchronizing object | R_Axial_DIN0204_L3.6mm_D1.6mm_P7.62mm_Horizontal.001
Fra:1 Mem:102.09M (Peak 102.09M) | Time:00:00.19 | Mem:0.00M, Peak:0.00M | Scene, ViewLayer | Synchronizing object | SOLDER_HX_JN1_27_2x5_WZ_H4_9_J4_97_4
Fra:1 Mem:102.18M (Peak 102.18M) | Time:00:00.19 | Mem:0.00M, Peak:0.00M | Scene, ViewLayer | Synchronizing object | R_0603_1608Metric.016
Fra:1 Mem:102.21M (Peak 102.21M) | Time:00:00.19 | Mem:0.00M, Peak:0.00M | Scene, ViewLayer | Synchronizing object | C_0603_1608Metric.018
Fra:1 Mem:102.36M (Peak 102.36M) | Time:00:00.19 | Mem:0.00M, Peak:0.00M | Scene, ViewLayer | Synchronizing object | SOT-23
Fra:1 Mem:102.38M (Peak 102.38M) | Time:00:00.19 | Mem:0.00M, Peak:0.00M | Scene, ViewLayer | Synchronizing object | C_0603_1608Metric.019
Fra:1 Mem:102.93M (Peak 102.93M) | Time:00:00.19 | Mem:0.00M, Peak:0.00M | Scene, ViewLayer | Synchronizing object | C_0603_1608Metric.020
Fra:1 Mem:102.95M (Peak 102.95M) | Time:00:00.19 | Mem:0.00M, Peak:0.00M | Scene, ViewLayer | Synchronizing object | PinSocket_1x04_P2.54mm_Vertical
Fra:1 Mem:102.97M (Peak 102.97M) | Time:00:00.19 | Mem:0.00M, Peak:0.00M | Scene, ViewLayer | Synchronizing object | PinSocket_1x14_P2.54mm_Vertical
Fra:1 Mem:101.42M (Peak 102.97M) | Time:00:00.19 | Mem:0.00M, Peak:0.00M | Scene, ViewLayer | Synchronizing object | SOLDER_10n_C27_0_0
Fra:1 Mem:101.23M (Peak 102.97M) | Time:00:00.19 | Mem:0.00M, Peak:0.00M | Scene, ViewLayer | Synchronizing object | SOLDER_10n_C27_0_1
Fra:1 Mem:101.61M (Peak 102.97M) | Time:00:00.19 | Mem:0.00M, Peak:0.00M | Scene, ViewLayer | Synchronizing object | SOLDER_2k2_R10_1_0
Fra:1 Mem:101.44M (Peak 102.97M) | Time:00:00.19 | Mem:0.00M, Peak:0.00M | Scene, ViewLayer | Synchronizing object | SOLDER_2k2_R10_1_1
Fra:1 Mem:101.47M (Peak 102.97M) | Time:00:00.19 | Mem:0.00M, Peak:0.00M | Scene, ViewLayer | Synchronizing object | SOLDER_22p_C14_3_0
Fra:1 Mem:101.82M (Peak 102.97M) | Time:00:00.19 | Mem:0.00M, Peak:0.00M | Scene, ViewLayer | Synchronizing object | SOLDER_22p_C14_3_1
Fra:1 Mem:101.84M (Peak 102.97M) | Time:00:00.19 | Mem:0.00M, Peak:0.00M | Scene, ViewLayer | Synchronizing object | SOLDER_100n_C6_4_0
Fra:1 Mem:101.84M (Peak 102.97M) | Time:00:00.19 | Mem:0.00M, Peak:0.00M | Scene, ViewLayer | Synchronizing object | SOLDER_100n_C6_4_1
Fra:1 Mem:101.50M (Peak 102.97M) | Time:00:00.19 | Mem:0.00M, Peak:0.00M | Scene, ViewLayer | Synchronizing object | SOLDER_22u_C18_5_0
Fra:1 Mem:101.50M (Peak 102.97M) | Time:00:00.19 | Mem:0.00M, Peak:0.00M | Scene, ViewLayer | Synchronizing object | SOLDER_10k_R9_6_0
Fra:1 Mem:101.58M (Peak 102.97M) | Time:00:00.19 | Mem:0.00M, Peak:0.00M | Scene, ViewLayer | Synchronizing object | SOLDER_10k_R9_6_1
Fra:1 Mem:101.59M (Peak 102.97M) | Time:00:00.19 | Mem:0.00M, Peak:0.00M | Scene, ViewLayer | Synchronizing object | SOLDER_10u_L1_7_0
Fra:1 Mem:101.61M (Peak 102.97M) | Time:00:00.19 | Mem:0.00M, Peak:0.00M | Scene, ViewLayer | Synchronizing object | SOLDER_10u_L1_7_1
Fra:1 Mem:101.66M (Peak 102.97M) | Time:00:00.19 | Mem:0.00M, Peak:0.00M | Scene, ViewLayer | Synchronizing object | SOLDER_1n_C23_9_0
Fra:1 Mem:101.67M (Peak 102.97M) | Time:00:00.19 | Mem:0.00M, Peak:0.00M | Scene, ViewLayer | Synchronizing object | SOLDER_1n_C23_9_1
Fra:1 Mem:101.71M (Peak 102.97M) | Time:00:00.19 | Mem:0.00M, Peak:0.00M | Scene, ViewLayer | Synchronizing object | SOLDER_22p_C10_10_0
Fra:1 Mem:101.75M (Peak 102.97M) | Time:00:00.19 | Mem:0.00M, Peak:0.00M | Scene, ViewLayer | Synchronizing object | SOLDER_22p_C10_10_1
Fra:1 Mem:101.77M (Peak 102.97M) | Time:00:00.19 | Mem:0.00M, Peak:0.00M | Scene, ViewLayer | Synchronizing object | SOLDER_33p_C12_12_0
Fra:1 Mem:101.78M (Peak 102.97M) | Time:00:00.19 | Mem:0.00M, Peak:0.00M | Scene, ViewLayer | Synchronizing object | SOLDER_33p_C12_12_1
Fra:1 Mem:101.84M (Peak 102.97M) | Time:00:00.19 | Mem:0.00M, Peak:0.00M | Scene, ViewLayer | Synchronizing object | SOLDER_100n_C9_13_0
Fra:1 Mem:101.84M (Peak 102.97M) | Time:00:00.19 | Mem:0.00M, Peak:0.00M | Scene, ViewLayer | Synchronizing object | SOLDER_100n_C9_13_1
Fra:1 Mem:101.89M (Peak 102.97M) | Time:00:00.19 | Mem:0.00M, Peak:0.00M | Scene, ViewLayer | Synchronizing object | SOLDER_0R_JP9_14_0
Fra:1 Mem:101.93M (Peak 102.97M) | Time:00:00.19 | Mem:0.00M, Peak:0.00M | Scene, ViewLayer | Synchronizing object | SOLDER_0R_JP9_14_1
Fra:1 Mem:102.11M (Peak 102.97M) | Time:00:00.19 | Mem:0.00M, Peak:0.00M | Scene, ViewLayer | Synchronizing object | SOLDER_0R_JP20_16_0
Fra:1 Mem:102.15M (Peak 102.97M) | Time:00:00.19 | Mem:0.00M, Peak:0.00M | Scene, ViewLayer | Synchronizing object | SOLDER_0R_JP20_16_1
Fra:1 Mem:102.23M (Peak 102.97M) | Time:00:00.19 | Mem:0.00M, Peak:0.00M | Scene, ViewLayer | Synchronizing object | SOLDER_5k1_R14_18_0
Fra:1 Mem:102.24M (Peak 102.97M) | Time:00:00.19 | Mem:0.00M, Peak:0.00M | Scene, ViewLayer | Synchronizing object | SOLDER_5k1_R14_18_1
Fra:1 Mem:102.26M (Peak 102.97M) | Time:00:00.19 | Mem:0.00M, Peak:0.00M | Scene, ViewLayer | Synchronizing object | SOLDER_LMR380x0_U1_20_2
Fra:1 Mem:102.32M (Peak 102.97M) | Time:00:00.19 | Mem:0.00M, Peak:0.00M | Scene, ViewLayer | Synchronizing object | SOLDER_LMR380x0_U1_20_3
Fra:1 Mem:102.32M (Peak 102.97M) | Time:00:00.19 | Mem:0.00M, Peak:0.00M | Scene, ViewLayer | Synchronizing object | SOLDER_HX_JN1_27_2x5_WZ_H4_9_J4_97_3
Fra:1 Mem:102.36M (Peak 102.97M) | Time:00:00.19 | Mem:0.00M, Peak:0.00M | Scene, ViewLayer | Synchronizing object | SOLDER_LMR380x0_U1_20_4
Fra:1 Mem:102.37M (Peak 102.97M) | Time:00:00.19 | Mem:0.00M, Peak:0.00M | Scene, ViewLayer | Synchronizing object | SOLDER_LMR380x0_U1_20_5
Fra:1 Mem:102.49M (Peak 102.97M) | Time:00:00.19 | Mem:0.00M, Peak:0.00M | Scene, ViewLayer | Synchronizing object | SOLDER_LMR380x0_U1_20_6
Fra:1 Mem:102.50M (Peak 102.97M) | Time:00:00.19 | Mem:0.00M, Peak:0.00M | Scene, ViewLayer | Synchronizing object | SOLDER_LMR380x0_U1_20_7
Fra:1 Mem:102.54M (Peak 102.97M) | Time:00:00.19 | Mem:0.00M, Peak:0.00M | Scene, ViewLayer | Synchronizing object | SOLDER_LMR380x0_U1_20_8
Fra:1 Mem:102.55M (Peak 102.97M) | Time:00:00.19 | Mem:0.00M, Peak:0.00M | Scene, ViewLayer | Synchronizing object | SOLDER_LMR380x0_U1_20_9
Fra:1 Mem:102.60M (Peak 102.97M) | Time:00:00.19 | Mem:0.00M, Peak:0.00M | Scene, ViewLayer | Synchronizing object | SOLDER_LMR380x0_U1_20_10
Fra:1 Mem:102.65M (Peak 102.97M) | Time:00:00.19 | Mem:0.00M, Peak:0.00M | Scene, ViewLayer | Synchronizing object | SOLDER_LMR380x0_U1_20_11
Fra:1 Mem:102.83M (Peak 102.97M) | Time:00:00.19 | Mem:0.00M, Peak:0.00M | Scene, ViewLayer | Synchronizing object | SOLDER_HX_JN1_27_2x5_WZ_H4_9_J4_97_2
Fra:1 Mem:103.00M (Peak 103.00M) | Time:00:00.19 | Mem:0.00M, Peak:0.00M | Scene, ViewLayer | Synchronizing object | SOLDER_LMR380x0_U1_20_12
Fra:1 Mem:103.00M (Peak 103.00M) | Time:00:00.19 | Mem:0.00M, Peak:0.00M | Scene, ViewLayer | Synchronizing object | SOLDER_LMR380x0_U1_20_13
Fra:1 Mem:103.20M (Peak 103.20M) | Time:00:00.19 | Mem:0.00M, Peak:0.00M | Scene, ViewLayer | Synchronizing object | SOLDER_HX_JN1_27_2x5_WZ_H4_9_J4_97_1
Fra:1 Mem:103.37M (Peak 103.37M) | Time:00:00.19 | Mem:0.00M, Peak:0.00M | Scene, ViewLayer | Synchronizing object | SOLDER_LMR380x0_U1_20_16
Fra:1 Mem:103.38M (Peak 103.38M) | Time:00:00.19 | Mem:0.00M, Peak:0.00M | Scene, ViewLayer | Synchronizing object | SOLDER_LMR380x0_U1_20_17
Fra:1 Mem:103.58M (Peak 103.58M) | Time:00:00.19 | Mem:0.00M, Peak:0.00M | Scene, ViewLayer | Synchronizing object | SOLDER_HX_JN1_27_2x5_WZ_H4_9_J4_97_0
Fra:1 Mem:103.73M (Peak 103.73M) | Time:00:00.19 | Mem:0.00M, Peak:0.00M | Scene, ViewLayer | Synchronizing object | SOLDER_LMR380x0_U1_20_18
Fra:1 Mem:103.76M (Peak 103.76M) | Time:00:00.19 | Mem:0.00M, Peak:0.00M | Scene, ViewLayer | Synchronizing object | SOLDER_LMR380x0_U1_20_19
Fra:1 Mem:103.95M (Peak 103.95M) | Time:00:00.19 | Mem:0.00M, Peak:0.00M | Scene, ViewLayer | Synchronizing object | SOLDER_1n_C21_96_1
Fra:1 Mem:104.03M (Peak 104.03M) | Time:00:00.19 | Mem:0.00M, Peak:0.00M | Scene, ViewLayer | Synchronizing object | SOLDER_2k2_R12_22_0
Fra:1 Mem:104.06M (Peak 104.06M) | Time:00:00.19 | Mem:0.00M, Peak:0.00M | Scene, ViewLayer | Synchronizing object | SOLDER_2k2_R12_22_1
Fra:1 Mem:104.06M (Peak 104.06M) | Time:00:00.19 | Mem:0.00M, Peak:0.00M | Scene, ViewLayer | Synchronizing object | SOLDER_1n_C21_96_0
Fra:1 Mem:104.11M (Peak 104.11M) | Time:00:00.19 | Mem:0.00M, Peak:0.00M | Scene, ViewLayer | Synchronizing object | SOLDER_Dell_DC_jack_J6_26_4
Fra:1 Mem:104.14M (Peak 104.14M) | Time:00:00.19 | Mem:0.00M, Peak:0.00M | Scene, ViewLayer | Synchronizing object | SOLDER_2k2_R13_29_0
Fra:1 Mem:104.23M (Peak 104.23M) | Time:00:00.19 | Mem:0.00M, Peak:0.00M | Scene, ViewLayer | Synchronizing object | SOLDER_1n_C8_94_1
Fra:1 Mem:104.27M (Peak 104.27M) | Time:00:00.19 | Mem:0.00M, Peak:0.00M | Scene, ViewLayer | Synchronizing object | SOLDER_1n_C8_94_0
Fra:1 Mem:104.30M (Peak 104.30M) | Time:00:00.19 | Mem:0.00M, Peak:0.00M | Scene, ViewLayer | Synchronizing object | SOLDER_2k2_R13_29_1
Fra:1 Mem:104.37M (Peak 104.37M) | Time:00:00.19 | Mem:0.00M, Peak:0.00M | Scene, ViewLayer | Synchronizing object | SOLDER_BAV99_D1_93_2
Fra:1 Mem:104.39M (Peak 104.39M) | Time:00:00.19 | Mem:0.00M, Peak:0.00M | Scene, ViewLayer | Synchronizing object | SOLDER_10n_C3_31_0
Fra:1 Mem:104.42M (Peak 104.42M) | Time:00:00.19 | Mem:0.00M, Peak:0.00M | Scene, ViewLayer | Synchronizing object | SOLDER_10n_C3_31_1
Fra:1 Mem:104.44M (Peak 104.44M) | Time:00:00.19 | Mem:0.00M, Peak:0.00M | Scene, ViewLayer | Synchronizing object | SOLDER_0R_JP14_32_0
Fra:1 Mem:104.44M (Peak 104.44M) | Time:00:00.19 | Mem:0.00M, Peak:0.00M | Scene, ViewLayer | Synchronizing object | SOLDER_0R_JP14_32_1
Fra:1 Mem:104.49M (Peak 104.49M) | Time:00:00.19 | Mem:0.00M, Peak:0.00M | Scene, ViewLayer | Synchronizing object | SOLDER_10k_R7_35_0
Fra:1 Mem:104.52M (Peak 104.52M) | Time:00:00.19 | Mem:0.00M, Peak:0.00M | Scene, ViewLayer | Synchronizing object | SOLDER_BAV99_D1_93_1
Fra:1 Mem:104.52M (Peak 104.52M) | Time:00:00.19 | Mem:0.00M, Peak:0.00M | Scene, ViewLayer | Synchronizing object | SOLDER_10k_R7_35_1
Fra:1 Mem:104.57M (Peak 104.57M) | Time:00:00.19 | Mem:0.00M, Peak:0.00M | Scene, ViewLayer | Synchronizing object | SOLDER_0R_JP5_36_0
Fra:1 Mem:104.60M (Peak 104.60M) | Time:00:00.19 | Mem:0.00M, Peak:0.00M | Scene, ViewLayer | Synchronizing object | SOLDER_BAV99_D1_93_0
Fra:1 Mem:104.61M (Peak 104.61M) | Time:00:00.19 | Mem:0.00M, Peak:0.00M | Scene, ViewLayer | Synchronizing object | SOLDER_0R_JP5_36_1
Fra:1 Mem:104.65M (Peak 104.65M) | Time:00:00.19 | Mem:0.00M, Peak:0.00M | Scene, ViewLayer | Synchronizing object | SOLDER_1u_C16_39_0
Fra:1 Mem:104.68M (Peak 104.68M) | Time:00:00.19 | Mem:0.00M, Peak:0.00M | Scene, ViewLayer | Synchronizing object | SOLDER_1n_C22_91_1
Fra:1 Mem:104.69M (Peak 104.69M) | Time:00:00.19 | Mem:0.00M, Peak:0.00M | Scene, ViewLayer | Synchronizing object | SOLDER_1u_C16_39_1
Fra:1 Mem:104.73M (Peak 104.73M) | Time:00:00.19 | Mem:0.00M, Peak:0.00M | Scene, ViewLayer | Synchronizing object | SOLDER_DC_barrel_assy_J8_40_0
Fra:1 Mem:104.77M (Peak 104.77M) | Time:00:00.19 | Mem:0.00M, Peak:0.00M | Scene, ViewLayer | Synchronizing object | SOLDER_1n_C22_91_0
Fra:1 Mem:104.77M (Peak 104.77M) | Time:00:00.19 | Mem:0.00M, Peak:0.00M | Scene, ViewLayer | Synchronizing object | SOLDER_DC_barrel_assy_J8_40_2
Fra:1 Mem:104.82M (Peak 104.82M) | Time:00:00.19 | Mem:0.00M, Peak:0.00M | Scene, ViewLayer | Synchronizing object | SOLDER_DC_barrel_assy_J8_40_4
Fra:1 Mem:104.85M (Peak 104.85M) | Time:00:00.19 | Mem:0.00M, Peak:0.00M | Scene, ViewLayer | Synchronizing object | SOLDER_2k2_R4_89_1
Fra:1 Mem:104.86M (Peak 104.86M) | Time:00:00.19 | Mem:0.00M, Peak:0.00M | Scene, ViewLayer | Synchronizing object | SOLDER_4_7u_C4_41_0
Fra:1 Mem:104.92M (Peak 104.92M) | Time:00:00.19 | Mem:0.00M, Peak:0.00M | Scene, ViewLayer | Synchronizing object | SOLDER_4_7u_C4_41_1
Fra:1 Mem:104.96M (Peak 104.96M) | Time:00:00.19 | Mem:0.00M, Peak:0.00M | Scene, ViewLayer | Synchronizing object | SOLDER_10n_C26_42_0
Fra:1 Mem:104.97M (Peak 104.97M) | Time:00:00.19 | Mem:0.00M, Peak:0.00M | Scene, ViewLayer | Synchronizing object | SOLDER_10n_C26_42_1
Fra:1 Mem:104.99M (Peak 104.99M) | Time:00:00.19 | Mem:0.00M, Peak:0.00M | Scene, ViewLayer | Synchronizing object | SOLDER_USB_C_Receptacle_USB2_0_16P_J5_43_0
Fra:1 Mem:105.11M (Peak 105.11M) | Time:00:00.19 | Mem:0.00M, Peak:0.00M | Scene, ViewLayer | Synchronizing object | SOLDER_USB_C_Receptacle_USB2_0_16P_J5_43_1
Fra:1 Mem:105.22M (Peak 105.22M) | Time:00:00.19 | Mem:0.00M, Peak:0.00M | Scene, ViewLayer | Synchronizing object | SOLDER_USB_C_Receptacle_USB2_0_16P_J5_43_2
Fra:1 Mem:105.36M (Peak 105.36M) | Time:00:00.19 | Mem:0.00M, Peak:0.00M | Scene, ViewLayer | Synchronizing object | SOLDER_USB_C_Receptacle_USB2_0_16P_J5_43_3
Fra:1 Mem:105.47M (Peak 105.47M) | Time:00:00.19 | Mem:0.00M, Peak:0.00M | Scene, ViewLayer | Synchronizing object | SOLDER_USB_C_Receptacle_USB2_0_16P_J5_43_4
Fra:1 Mem:105.62M (Peak 105.62M) | Time:00:00.19 | Mem:0.00M, Peak:0.00M | Scene, ViewLayer | Synchronizing object | SOLDER_USB_C_Receptacle_USB2_0_16P_J5_43_5
Fra:1 Mem:105.72M (Peak 105.72M) | Time:00:00.19 | Mem:0.00M, Peak:0.00M | Scene, ViewLayer | Synchronizing object | SOLDER_USB_C_Receptacle_USB2_0_16P_J5_43_6
Fra:1 Mem:105.77M (Peak 105.77M) | Time:00:00.19 | Mem:0.00M, Peak:0.00M | Scene, ViewLayer | Synchronizing object | SOLDER_USB_C_Receptacle_USB2_0_16P_J5_43_7
Fra:1 Mem:105.97M (Peak 105.97M) | Time:00:00.19 | Mem:0.00M, Peak:0.00M | Scene, ViewLayer | Synchronizing object | SOLDER_USB_C_Receptacle_USB2_0_16P_J5_43_8
Fra:1 Mem:106.12M (Peak 106.12M) | Time:00:00.19 | Mem:0.00M, Peak:0.00M | Scene, ViewLayer | Synchronizing object | SOLDER_USB_C_Receptacle_USB2_0_16P_J5_43_9
Fra:1 Mem:106.15M (Peak 106.15M) | Time:00:00.19 | Mem:0.00M, Peak:0.00M | Scene, ViewLayer | Synchronizing object | SOLDER_USB_C_Receptacle_USB2_0_16P_J5_43_10
Fra:1 Mem:106.35M (Peak 106.35M) | Time:00:00.19 | Mem:0.00M, Peak:0.00M | Scene, ViewLayer | Synchronizing object | SOLDER_USB_C_Receptacle_USB2_0_16P_J5_43_11
Fra:1 Mem:106.49M (Peak 106.49M) | Time:00:00.19 | Mem:0.00M, Peak:0.00M | Scene, ViewLayer | Synchronizing object | SOLDER_USB_C_Receptacle_USB2_0_16P_J5_43_12
Fra:1 Mem:106.60M (Peak 106.60M) | Time:00:00.19 | Mem:0.00M, Peak:0.00M | Scene, ViewLayer | Synchronizing object | SOLDER_USB_C_Receptacle_USB2_0_16P_J5_43_13
Fra:1 Mem:106.72M (Peak 106.72M) | Time:00:00.19 | Mem:0.00M, Peak:0.00M | Scene, ViewLayer | Synchronizing object | SOLDER_USB_C_Receptacle_USB2_0_16P_J5_43_14
Fra:1 Mem:106.85M (Peak 106.85M) | Time:00:00.19 | Mem:0.00M, Peak:0.00M | Scene, ViewLayer | Synchronizing object | SOLDER_USB_C_Receptacle_USB2_0_16P_J5_43_15
Fra:1 Mem:106.97M (Peak 106.97M) | Time:00:00.19 | Mem:0.00M, Peak:0.00M | Scene, ViewLayer | Synchronizing object | SOLDER_10k_R2_45_0
Fra:1 Mem:107.03M (Peak 107.03M) | Time:00:00.19 | Mem:0.00M, Peak:0.00M | Scene, ViewLayer | Synchronizing object | SOLDER_10k_R2_45_1
Fra:1 Mem:107.05M (Peak 107.05M) | Time:00:00.19 | Mem:0.00M, Peak:0.00M | Scene, ViewLayer | Synchronizing object | SOLDER_100n_C1_46_0
Fra:1 Mem:107.12M (Peak 107.12M) | Time:00:00.19 | Mem:0.00M, Peak:0.00M | Scene, ViewLayer | Synchronizing object | SOLDER_100n_C1_46_1
Fra:1 Mem:107.12M (Peak 107.12M) | Time:00:00.19 | Mem:0.00M, Peak:0.00M | Scene, ViewLayer | Synchronizing object | SOLDER_2k2_R5_47_0
Fra:1 Mem:107.14M (Peak 107.14M) | Time:00:00.19 | Mem:0.00M, Peak:0.00M | Scene, ViewLayer | Synchronizing object | SOLDER_2k2_R5_47_1
Fra:1 Mem:107.18M (Peak 107.18M) | Time:00:00.19 | Mem:0.00M, Peak:0.00M | Scene, ViewLayer | Synchronizing object | SOLDER_20_MHz_Y1_51_0
Fra:1 Mem:107.21M (Peak 107.21M) | Time:00:00.19 | Mem:0.00M, Peak:0.00M | Scene, ViewLayer | Synchronizing object | SOLDER_20_MHz_Y1_51_1
Fra:1 Mem:107.22M (Peak 107.22M) | Time:00:00.19 | Mem:0.00M, Peak:0.00M | Scene, ViewLayer | Synchronizing object | SOLDER_20_MHz_Y1_51_2
Fra:1 Mem:107.26M (Peak 107.26M) | Time:00:00.19 | Mem:0.00M, Peak:0.00M | Scene, ViewLayer | Synchronizing object | SOLDER_20_MHz_Y1_51_3
Fra:1 Mem:107.30M (Peak 107.30M) | Time:00:00.19 | Mem:0.00M, Peak:0.00M | Scene, ViewLayer | Synchronizing object | SOLDER_100n_C25_52_0
Fra:1 Mem:107.31M (Peak 107.31M) | Time:00:00.19 | Mem:0.00M, Peak:0.00M | Scene, ViewLayer | Synchronizing object | SOLDER_100n_C25_52_1
Fra:1 Mem:107.35M (Peak 107.35M) | Time:00:00.19 | Mem:0.00M, Peak:0.00M | Scene, ViewLayer | Synchronizing object | SOLDER_5k1_R15_53_0
Fra:1 Mem:107.38M (Peak 107.38M) | Time:00:00.19 | Mem:0.00M, Peak:0.00M | Scene, ViewLayer | Synchronizing object | SOLDER_5k1_R15_53_1
Fra:1 Mem:107.40M (Peak 107.40M) | Time:00:00.19 | Mem:0.00M, Peak:0.00M | Scene, ViewLayer | Synchronizing object | SOLDER_0R_JP6_54_0
Fra:1 Mem:107.43M (Peak 107.43M) | Time:00:00.19 | Mem:0.00M, Peak:0.00M | Scene, ViewLayer | Synchronizing object | SOLDER_0R_JP6_54_1
Fra:1 Mem:107.46M (Peak 107.46M) | Time:00:00.19 | Mem:0.00M, Peak:0.00M | Scene, ViewLayer | Synchronizing object | SOLDER_VNH7070_U3_55_0
Fra:1 Mem:107.49M (Peak 107.49M) | Time:00:00.19 | Mem:0.00M, Peak:0.00M | Scene, ViewLayer | Synchronizing object | SOLDER_VNH7070_U3_55_1
Fra:1 Mem:107.52M (Peak 107.52M) | Time:00:00.19 | Mem:0.00M, Peak:0.00M | Scene, ViewLayer | Synchronizing object | SOLDER_VNH7070_U3_55_2
Fra:1 Mem:107.53M (Peak 107.53M) | Time:00:00.19 | Mem:0.00M, Peak:0.00M | Scene, ViewLayer | Synchronizing object | SOLDER_VNH7070_U3_55_3
Fra:1 Mem:107.57M (Peak 107.57M) | Time:00:00.19 | Mem:0.00M, Peak:0.00M | Scene, ViewLayer | Synchronizing object | SOLDER_VNH7070_U3_55_4
Fra:1 Mem:107.60M (Peak 107.60M) | Time:00:00.19 | Mem:0.00M, Peak:0.00M | Scene, ViewLayer | Synchronizing object | SOLDER_VNH7070_U3_55_5
Fra:1 Mem:107.63M (Peak 107.63M) | Time:00:00.19 | Mem:0.00M, Peak:0.00M | Scene, ViewLayer | Synchronizing object | SOLDER_VNH7070_U3_55_6
Fra:1 Mem:107.66M (Peak 107.66M) | Time:00:00.20 | Mem:0.00M, Peak:0.00M | Scene, ViewLayer | Synchronizing object | SOLDER_VNH7070_U3_55_7
Fra:1 Mem:107.67M (Peak 107.67M) | Time:00:00.20 | Mem:0.00M, Peak:0.00M | Scene, ViewLayer | Synchronizing object | SOLDER_VNH7070_U3_55_8
Fra:1 Mem:107.71M (Peak 107.71M) | Time:00:00.20 | Mem:0.00M, Peak:0.00M | Scene, ViewLayer | Synchronizing object | SOLDER_VNH7070_U3_55_9
Fra:1 Mem:107.75M (Peak 107.75M) | Time:00:00.20 | Mem:0.00M, Peak:0.00M | Scene, ViewLayer | Synchronizing object | SOLDER_VNH7070_U3_55_10
Fra:1 Mem:107.75M (Peak 107.75M) | Time:00:00.20 | Mem:0.00M, Peak:0.00M | Scene, ViewLayer | Synchronizing object | SOLDER_VNH7070_U3_55_11
Fra:1 Mem:107.80M (Peak 107.80M) | Time:00:00.20 | Mem:0.00M, Peak:0.00M | Scene, ViewLayer | Synchronizing object | SOLDER_VNH7070_U3_55_12
Fra:1 Mem:107.83M (Peak 107.83M) | Time:00:00.20 | Mem:0.00M, Peak:0.00M | Scene, ViewLayer | Synchronizing object | SOLDER_VNH7070_U3_55_13
Fra:1 Mem:107.86M (Peak 107.86M) | Time:00:00.20 | Mem:0.00M, Peak:0.00M | Scene, ViewLayer | Synchronizing object | SOLDER_VNH7070_U3_55_14
Fra:1 Mem:107.89M (Peak 107.89M) | Time:00:00.20 | Mem:0.00M, Peak:0.00M | Scene, ViewLayer | Synchronizing object | SOLDER_2k2_R4_89_0
Fra:1 Mem:107.90M (Peak 107.90M) | Time:00:00.20 | Mem:0.00M, Peak:0.00M | Scene, ViewLayer | Synchronizing object | SOLDER_VNH7070_U3_55_15
Fra:1 Mem:107.94M (Peak 107.94M) | Time:00:00.20 | Mem:0.00M, Peak:0.00M | Scene, ViewLayer | Synchronizing object | SOLDER_0R_JP19_56_0
Fra:1 Mem:107.97M (Peak 107.97M) | Time:00:00.20 | Mem:0.00M, Peak:0.00M | Scene, ViewLayer | Synchronizing object | SOLDER_0R_JP22_88_1
Fra:1 Mem:108.00M (Peak 108.00M) | Time:00:00.20 | Mem:0.00M, Peak:0.00M | Scene, ViewLayer | Synchronizing object | SOLDER_0R_JP19_56_1
Fra:1 Mem:108.08M (Peak 108.08M) | Time:00:00.20 | Mem:0.00M, Peak:0.00M | Scene, ViewLayer | Synchronizing object | SOLDER_100n_C13_57_0
Fra:1 Mem:108.13M (Peak 108.13M) | Time:00:00.20 | Mem:0.00M, Peak:0.00M | Scene, ViewLayer | Synchronizing object | SOLDER_100n_C13_57_1
Fra:1 Mem:108.16M (Peak 108.16M) | Time:00:00.20 | Mem:0.00M, Peak:0.00M | Scene, ViewLayer | Synchronizing object | SOLDER_23_2k_R6_58_0
Fra:1 Mem:108.19M (Peak 108.19M) | Time:00:00.20 | Mem:0.00M, Peak:0.00M | Scene, ViewLayer | Synchronizing object | SOLDER_23_2k_R6_58_1
Fra:1 Mem:108.21M (Peak 108.21M) | Time:00:00.20 | Mem:0.00M, Peak:0.00M | Scene, ViewLayer | Synchronizing object | SOLDER_1u_C11_61_0
Fra:1 Mem:108.24M (Peak 108.24M) | Time:00:00.20 | Mem:0.00M, Peak:0.00M | Scene, ViewLayer | Synchronizing object | SOLDER_1u_C11_61_1
Fra:1 Mem:108.30M (Peak 108.30M) | Time:00:00.20 | Mem:0.00M, Peak:0.00M | Scene, ViewLayer | Synchronizing object | SOLDER_0R_JP7_62_0
Fra:1 Mem:108.33M (Peak 108.33M) | Time:00:00.20 | Mem:0.00M, Peak:0.00M | Scene, ViewLayer | Synchronizing object | SOLDER_0R_JP22_88_0
Fra:1 Mem:108.35M (Peak 108.35M) | Time:00:00.20 | Mem:0.00M, Peak:0.00M | Scene, ViewLayer | Synchronizing object | SOLDER_0R_JP7_62_1
Fra:1 Mem:108.43M (Peak 108.43M) | Time:00:00.20 | Mem:0.00M, Peak:0.00M | Scene, ViewLayer | Synchronizing object | SOLDER_22u_C17_63_0
Fra:1 Mem:108.48M (Peak 108.48M) | Time:00:00.20 | Mem:0.00M, Peak:0.00M | Scene, ViewLayer | Synchronizing object | SOLDER_22u_C17_63_1
Fra:1 Mem:108.51M (Peak 108.51M) | Time:00:00.20 | Mem:0.00M, Peak:0.00M | Scene, ViewLayer | Synchronizing object | SOLDER_64_9k_R3_65_0
Fra:1 Mem:108.57M (Peak 108.57M) | Time:00:00.20 | Mem:0.00M, Peak:0.00M | Scene, ViewLayer | Synchronizing object | SOLDER_4_7u_C2_87_1
Fra:1 Mem:108.57M (Peak 108.57M) | Time:00:00.20 | Mem:0.00M, Peak:0.00M | Scene, ViewLayer | Synchronizing object | SOLDER_64_9k_R3_65_1
Fra:1 Mem:108.61M (Peak 108.61M) | Time:00:00.20 | Mem:0.00M, Peak:0.00M | Scene, ViewLayer | Synchronizing object | SOLDER_10n_C5_66_0
Fra:1 Mem:108.64M (Peak 108.64M) | Time:00:00.20 | Mem:0.00M, Peak:0.00M | Scene, ViewLayer | Synchronizing object | SOLDER_4_7u_C2_87_0
Fra:1 Mem:108.65M (Peak 108.65M) | Time:00:00.20 | Mem:0.00M, Peak:0.00M | Scene, ViewLayer | Synchronizing object | SOLDER_10n_C5_66_1
Fra:1 Mem:108.68M (Peak 108.68M) | Time:00:00.20 | Mem:0.00M, Peak:0.00M | Scene, ViewLayer | Synchronizing object | SOLDER_USBLC6_2SC6_U4_67_0
Fra:1 Mem:108.73M (Peak 108.73M) | Time:00:00.20 | Mem:0.00M, Peak:0.00M | Scene, ViewLayer | Synchronizing object | SOLDER_10k_R1_86_1
Fra:1 Mem:108.73M (Peak 108.73M) | Time:00:00.20 | Mem:0.00M, Peak:0.00M | Scene, ViewLayer | Synchronizing object | SOLDER_USBLC6_2SC6_U4_67_1
Fra:1 Mem:108.76M (Peak 108.76M) | Time:00:00.20 | Mem:0.00M, Peak:0.00M | Scene, ViewLayer | Synchronizing object | SOLDER_USBLC6_2SC6_U4_67_2
Fra:1 Mem:108.81M (Peak 108.81M) | Time:00:00.20 | Mem:0.00M, Peak:0.00M | Scene, ViewLayer | Synchronizing object | SOLDER_10k_R1_86_0
Fra:1 Mem:108.84M (Peak 108.84M) | Time:00:00.20 | Mem:0.00M, Peak:0.00M | Scene, ViewLayer | Synchronizing object | SOLDER_USBLC6_2SC6_U4_67_3
Fra:1 Mem:108.87M (Peak 108.87M) | Time:00:00.20 | Mem:0.00M, Peak:0.00M | Scene, ViewLayer | Synchronizing object | SOLDER_1n_C7_85_1
Fra:1 Mem:108.90M (Peak 108.90M) | Time:00:00.20 | Mem:0.00M, Peak:0.00M | Scene, ViewLayer | Synchronizing object | SOLDER_USBLC6_2SC6_U4_67_4
Fra:1 Mem:108.93M (Peak 108.93M) | Time:00:00.20 | Mem:0.00M, Peak:0.00M | Scene, ViewLayer | Synchronizing object | SOLDER_1n_C7_85_0
Fra:1 Mem:108.96M (Peak 108.96M) | Time:00:00.20 | Mem:0.00M, Peak:0.00M | Scene, ViewLayer | Synchronizing object | SOLDER_USBLC6_2SC6_U4_67_5
Fra:1 Mem:108.98M (Peak 108.98M) | Time:00:00.20 | Mem:0.00M, Peak:0.00M | Scene, ViewLayer | Synchronizing object | SOLDER_100n_C19_68_0
Fra:1 Mem:109.00M (Peak 109.00M) | Time:00:00.20 | Mem:0.00M, Peak:0.00M | Scene, ViewLayer | Synchronizing object | SOLDER_100n_C19_68_1
Fra:1 Mem:109.01M (Peak 109.01M) | Time:00:00.20 | Mem:0.00M, Peak:0.00M | Scene, ViewLayer | Synchronizing object | SOLDER_100n_C20_71_0
Fra:1 Mem:109.06M (Peak 109.06M) | Time:00:00.20 | Mem:0.00M, Peak:0.00M | Scene, ViewLayer | Synchronizing object | SOLDER_100n_C20_71_1
Fra:1 Mem:109.09M (Peak 109.09M) | Time:00:00.20 | Mem:0.00M, Peak:0.00M | Scene, ViewLayer | Synchronizing object | SOLDER_STM32G431K8Tx_U2_73_0
Fra:1 Mem:109.10M (Peak 109.10M) | Time:00:00.20 | Mem:0.00M, Peak:0.00M | Scene, ViewLayer | Synchronizing object | SOLDER_STM32G431K8Tx_U2_73_1
Fra:1 Mem:109.15M (Peak 109.15M) | Time:00:00.20 | Mem:0.00M, Peak:0.00M | Scene, ViewLayer | Synchronizing object | SOLDER_STM32G431K8Tx_U2_73_2
Fra:1 Mem:109.17M (Peak 109.17M) | Time:00:00.20 | Mem:0.00M, Peak:0.00M | Scene, ViewLayer | Synchronizing object | SOLDER_STM32G431K8Tx_U2_73_3
Fra:1 Mem:109.21M (Peak 109.21M) | Time:00:00.20 | Mem:0.00M, Peak:0.00M | Scene, ViewLayer | Synchronizing object | SOLDER_STM32G431K8Tx_U2_73_4
Fra:1 Mem:109.21M (Peak 109.21M) | Time:00:00.20 | Mem:0.00M, Peak:0.00M | Scene, ViewLayer | Synchronizing object | SOLDER_STM32G431K8Tx_U2_73_5
Fra:1 Mem:109.26M (Peak 109.26M) | Time:00:00.20 | Mem:0.00M, Peak:0.00M | Scene, ViewLayer | Synchronizing object | SOLDER_STM32G431K8Tx_U2_73_6
Fra:1 Mem:109.30M (Peak 109.30M) | Time:00:00.20 | Mem:0.00M, Peak:0.00M | Scene, ViewLayer | Synchronizing object | SOLDER_STM32G431K8Tx_U2_73_7
Fra:1 Mem:109.30M (Peak 109.30M) | Time:00:00.20 | Mem:0.00M, Peak:0.00M | Scene, ViewLayer | Synchronizing object | SOLDER_STM32G431K8Tx_U2_73_8
Fra:1 Mem:109.34M (Peak 109.34M) | Time:00:00.20 | Mem:0.00M, Peak:0.00M | Scene, ViewLayer | Synchronizing object | SOLDER_STM32G431K8Tx_U2_73_9
Fra:1 Mem:109.38M (Peak 109.38M) | Time:00:00.20 | Mem:0.00M, Peak:0.00M | Scene, ViewLayer | Synchronizing object | SOLDER_STM32G431K8Tx_U2_73_10
Fra:1 Mem:109.38M (Peak 109.38M) | Time:00:00.20 | Mem:0.00M, Peak:0.00M | Scene, ViewLayer | Synchronizing object | SOLDER_STM32G431K8Tx_U2_73_11
Fra:1 Mem:109.43M (Peak 109.43M) | Time:00:00.20 | Mem:0.00M, Peak:0.00M | Scene, ViewLayer | Synchronizing object | SOLDER_STM32G431K8Tx_U2_73_12
Fra:1 Mem:109.46M (Peak 109.46M) | Time:00:00.20 | Mem:0.00M, Peak:0.00M | Scene, ViewLayer | Synchronizing object | SOLDER_STM32G431K8Tx_U2_73_13
Fra:1 Mem:109.48M (Peak 109.48M) | Time:00:00.20 | Mem:0.00M, Peak:0.00M | Scene, ViewLayer | Synchronizing object | SOLDER_STM32G431K8Tx_U2_73_14
Fra:1 Mem:109.49M (Peak 109.49M) | Time:00:00.20 | Mem:0.00M, Peak:0.00M | Scene, ViewLayer | Synchronizing object | SOLDER_STM32G431K8Tx_U2_73_15
Fra:1 Mem:109.56M (Peak 109.56M) | Time:00:00.20 | Mem:0.00M, Peak:0.00M | Scene, ViewLayer | Synchronizing object | SOLDER_STM32G431K8Tx_U2_73_16
Fra:1 Mem:109.55M (Peak 109.56M) | Time:00:00.20 | Mem:0.00M, Peak:0.00M | Scene, ViewLayer | Synchronizing object | SOLDER_STM32G431K8Tx_U2_73_17
Fra:1 Mem:109.56M (Peak 109.56M) | Time:00:00.20 | Mem:0.00M, Peak:0.00M | Scene, ViewLayer | Synchronizing object | SOLDER_STM32G431K8Tx_U2_73_18
Fra:1 Mem:109.63M (Peak 109.63M) | Time:00:00.20 | Mem:0.00M, Peak:0.00M | Scene, ViewLayer | Synchronizing object | SOLDER_STM32G431K8Tx_U2_73_19
Fra:1 Mem:109.64M (Peak 109.64M) | Time:00:00.20 | Mem:0.00M, Peak:0.00M | Scene, ViewLayer | Synchronizing object | SOLDER_STM32G431K8Tx_U2_73_20
Fra:1 Mem:109.66M (Peak 109.66M) | Time:00:00.20 | Mem:0.00M, Peak:0.00M | Scene, ViewLayer | Synchronizing object | SOLDER_STM32G431K8Tx_U2_73_21
Fra:1 Mem:109.71M (Peak 109.71M) | Time:00:00.20 | Mem:0.00M, Peak:0.00M | Scene, ViewLayer | Synchronizing object | SOLDER_STM32G431K8Tx_U2_73_22
Fra:1 Mem:109.72M (Peak 109.72M) | Time:00:00.20 | Mem:0.00M, Peak:0.00M | Scene, ViewLayer | Synchronizing object | SOLDER_STM32G431K8Tx_U2_73_23
Fra:1 Mem:109.76M (Peak 109.76M) | Time:00:00.20 | Mem:0.00M, Peak:0.00M | Scene, ViewLayer | Synchronizing object | SOLDER_STM32G431K8Tx_U2_73_24
Fra:1 Mem:109.80M (Peak 109.80M) | Time:00:00.20 | Mem:0.00M, Peak:0.00M | Scene, ViewLayer | Synchronizing object | SOLDER_STM32G431K8Tx_U2_73_25
Fra:1 Mem:109.80M (Peak 109.80M) | Time:00:00.20 | Mem:0.00M, Peak:0.00M | Scene, ViewLayer | Synchronizing object | SOLDER_STM32G431K8Tx_U2_73_26
Fra:1 Mem:109.85M (Peak 109.85M) | Time:00:00.20 | Mem:0.00M, Peak:0.00M | Scene, ViewLayer | Synchronizing object | SOLDER_STM32G431K8Tx_U2_73_27
Fra:1 Mem:109.88M (Peak 109.88M) | Time:00:00.20 | Mem:0.00M, Peak:0.00M | Scene, ViewLayer | Synchronizing object | SOLDER_STM32G431K8Tx_U2_73_28
Fra:1 Mem:109.88M (Peak 109.88M) | Time:00:00.20 | Mem:0.00M, Peak:0.00M | Scene, ViewLayer | Synchronizing object | SOLDER_STM32G431K8Tx_U2_73_29
Fra:1 Mem:109.93M (Peak 109.93M) | Time:00:00.20 | Mem:0.00M, Peak:0.00M | Scene, ViewLayer | Synchronizing object | SOLDER_STM32G431K8Tx_U2_73_30
Fra:1 Mem:109.96M (Peak 109.96M) | Time:00:00.20 | Mem:0.00M, Peak:0.00M | Scene, ViewLayer | Synchronizing object | SOLDER_STM32G431K8Tx_U2_73_31
Fra:1 Mem:109.97M (Peak 109.97M) | Time:00:00.20 | Mem:0.00M, Peak:0.00M | Scene, ViewLayer | Synchronizing object | SOLDER_JST_B4B_XH_A_J1_74_0
Fra:1 Mem:110.09M (Peak 110.09M) | Time:00:00.20 | Mem:0.00M, Peak:0.00M | Scene, ViewLayer | Synchronizing object | SOLDER_JST_B4B_XH_A_J1_74_1
Fra:1 Mem:110.12M (Peak 110.12M) | Time:00:00.20 | Mem:0.00M, Peak:0.00M | Scene, ViewLayer | Synchronizing object | SOLDER_JST_B4B_XH_A_J1_74_2
Fra:1 Mem:110.34M (Peak 110.34M) | Time:00:00.20 | Mem:0.00M, Peak:0.00M | Scene, ViewLayer | Synchronizing object | SOLDER_JST_B4B_XH_A_J1_74_3
Fra:1 Mem:110.47M (Peak 110.47M) | Time:00:00.20 | Mem:0.00M, Peak:0.00M | Scene, ViewLayer | Synchronizing object | SOLDER_220u_C24_75_0
Fra:1 Mem:110.49M (Peak 110.49M) | Time:00:00.20 | Mem:0.00M, Peak:0.00M | Scene, ViewLayer | Synchronizing object | SOLDER_220u_C24_75_1
Fra:1 Mem:110.52M (Peak 110.52M) | Time:00:00.20 | Mem:0.00M, Peak:0.00M | Scene, ViewLayer | Synchronizing object | SOLDER_0R_JP18_77_0
Fra:1 Mem:110.60M (Peak 110.60M) | Time:00:00.20 | Mem:0.00M, Peak:0.00M | Scene, ViewLayer | Synchronizing object | SOLDER_0R_JP18_77_1
Fra:1 Mem:110.77M (Peak 110.77M) | Time:00:00.20 | Mem:0.00M, Peak:0.00M | Scene, ViewLayer | Synchronizing object | SOLDER_JST_B6B_XH_A_J7_78_0
Fra:1 Mem:110.80M (Peak 110.80M) | Time:00:00.20 | Mem:0.00M, Peak:0.00M | Scene, ViewLayer | Synchronizing object | SOLDER_22u_C15_82_0
Fra:1 Mem:110.93M (Peak 110.93M) | Time:00:00.20 | Mem:0.00M, Peak:0.00M | Scene, ViewLayer | Synchronizing object | SOLDER_820_R11_81_1
Fra:1 Mem:110.93M (Peak 110.93M) | Time:00:00.20 | Mem:0.00M, Peak:0.00M | Scene, ViewLayer | Synchronizing object | SOLDER_JST_B6B_XH_A_J7_78_1
Fra:1 Mem:111.05M (Peak 111.05M) | Time:00:00.20 | Mem:0.00M, Peak:0.00M | Scene, ViewLayer | Synchronizing object | SOLDER_820_R11_81_0
Fra:1 Mem:111.10M (Peak 111.10M) | Time:00:00.20 | Mem:0.00M, Peak:0.00M | Scene, ViewLayer | Synchronizing object | SOLDER_10k_R8_80_1
Fra:1 Mem:111.13M (Peak 111.13M) | Time:00:00.20 | Mem:0.00M, Peak:0.00M | Scene, ViewLayer | Synchronizing object | SOLDER_JST_B6B_XH_A_J7_78_2
Fra:1 Mem:111.18M (Peak 111.18M) | Time:00:00.20 | Mem:0.00M, Peak:0.00M | Scene, ViewLayer | Synchronizing object | SOLDER_10k_R8_80_0
Fra:1 Mem:111.29M (Peak 111.29M) | Time:00:00.20 | Mem:0.00M, Peak:0.00M | Scene, ViewLayer | Synchronizing object | SOLDER_0R_JP4_79_1
Fra:1 Mem:111.32M (Peak 111.32M) | Time:00:00.20 | Mem:0.00M, Peak:0.00M | Scene, ViewLayer | Synchronizing object | SOLDER_JST_B6B_XH_A_J7_78_3
Fra:1 Mem:111.49M (Peak 111.49M) | Time:00:00.20 | Mem:0.00M, Peak:0.00M | Scene, ViewLayer | Synchronizing object | SOLDER_JST_B6B_XH_A_J7_78_4
Fra:1 Mem:111.50M (Peak 111.50M) | Time:00:00.20 | Mem:0.00M, Peak:0.00M | Scene, ViewLayer | Synchronizing object | SOLDER_JST_B6B_XH_A_J7_78_5
Fra:1 Mem:111.77M (Peak 111.77M) | Time:00:00.20 | Mem:0.00M, Peak:0.00M | Scene, ViewLayer | Initializing
Fra:1 Mem:89.75M (Peak 111.77M) | Time:00:00.20 | Mem:0.00M, Peak:0.00M | Scene, ViewLayer | Updating Images | Loading ktest-blender_export_SilkS.png
Fra:1 Mem:89.75M (Peak 111.77M) | Time:00:00.20 | Mem:0.00M, Peak:0.00M | Scene, ViewLayer | Updating Images | Loading ktest-blender_export_Cu.png
Fra:1 Mem:179.34M (Peak 322.17M) | Time:00:00.38 | Mem:99.60M, Peak:99.60M | Scene, ViewLayer | Waiting for render to start
Fra:1 Mem:179.34M (Peak 322.17M) | Time:00:00.38 | Mem:99.60M, Peak:99.60M | Scene, ViewLayer | Loading render kernels (may take a few minutes the first time)
Fra:1 Mem:179.34M (Peak 322.17M) | Time:00:00.38 | Mem:99.60M, Peak:99.60M | Scene, ViewLayer | Updating Scene
Fra:1 Mem:179.34M (Peak 322.17M) | Time:00:00.38 | Mem:99.60M, Peak:99.60M | Scene, ViewLayer | Updating Shaders
Fra:1 Mem:179.60M (Peak 322.17M) | Time:00:00.38 | Mem:99.77M, Peak:99.77M | Scene, ViewLayer | Updating Procedurals
Fra:1 Mem:179.60M (Peak 322.17M) | Time:00:00.38 | Mem:99.77M, Peak:99.77M | Scene, ViewLayer | Updating Background
Fra:1 Mem:179.60M (Peak 322.17M) | Time:00:00.38 | Mem:99.77M, Peak:99.77M | Scene, ViewLayer | Updating Camera
Fra:1 Mem:179.60M (Peak 322.17M) | Time:00:00.38 | Mem:99.77M, Peak:99.77M | Scene, ViewLayer | Updating Meshes Flags
Fra:1 Mem:179.60M (Peak 322.17M) | Time:00:00.38 | Mem:99.77M, Peak:99.77M | Scene, ViewLayer | Updating Objects
Fra:1 Mem:179.60M (Peak 322.17M) | Time:00:00.38 | Mem:99.77M, Peak:99.77M | Scene, ViewLayer | Updating Objects | Copying Transformations to device
Fra:1 Mem:179.67M (Peak 322.17M) | Time:00:00.39 | Mem:99.84M, Peak:99.84M | Scene, ViewLayer | Updating Objects | Applying Static Transformations
Fra:1 Mem:179.67M (Peak 322.17M) | Time:00:00.39 | Mem:99.84M, Peak:99.84M | Scene, ViewLayer | Updating Particle Systems
Fra:1 Mem:179.67M (Peak 322.17M) | Time:00:00.39 | Mem:99.84M, Peak:99.84M | Scene, ViewLayer | Updating Particle Systems | Copying Particles to device
Fra:1 Mem:179.67M (Peak 322.17M) | Time:00:00.39 | Mem:99.84M, Peak:99.84M | Scene, ViewLayer | Updating Meshes
Fra:1 Mem:184.19M (Peak 322.17M) | Time:00:00.39 | Mem:99.84M, Peak:99.84M | Scene, ViewLayer | Updating Mesh | Computing attributes
Fra:1 Mem:186.82M (Peak 322.17M) | Time:00:00.39 | Mem:99.86M, Peak:99.86M | Scene, ViewLayer | Updating Mesh | Copying Attributes to device
Fra:1 Mem:186.78M (Peak 322.17M) | Time:00:00.39 | Mem:102.42M, Peak:102.42M | Scene, ViewLayer | Updating Geometry BVH PCB_ktest-blender_export 1/1 | Building BVH
Fra:1 Mem:186.78M (Peak 322.17M) | Time:00:00.39 | Mem:102.96M, Peak:102.96M | Scene, ViewLayer | Updating Geometry BVH PCB_ktest-blender_export 1/1 | Building BVH 0%
Fra:1 Mem:186.78M (Peak 322.17M) | Time:00:00.40 | Mem:103.60M, Peak:104.13M | Scene, ViewLayer | Updating Scene BVH | Building
Fra:1 Mem:186.78M (Peak 322.17M) | Time:00:00.40 | Mem:103.60M, Peak:104.13M | Scene, ViewLayer | Updating Scene BVH | Building BVH
Fra:1 Mem:186.78M (Peak 322.17M) | Time:00:00.43 | Mem:121.36M, Peak:129.87M | Scene, ViewLayer | Updating Scene BVH | Copying BVH to device
Fra:1 Mem:186.78M (Peak 322.17M) | Time:00:00.43 | Mem:121.36M, Peak:129.87M | Scene, ViewLayer | Updating Mesh | Computing normals
Fra:1 Mem:197.85M (Peak 322.17M) | Time:00:00.43 | Mem:121.36M, Peak:129.87M | Scene, ViewLayer | Updating Mesh | Copying Mesh to device
Fra:1 Mem:197.85M (Peak 322.17M) | Time:00:00.43 | Mem:132.42M, Peak:132.42M | Scene, ViewLayer | Updating Objects Flags
Fra:1 Mem:197.85M (Peak 322.17M) | Time:00:00.43 | Mem:132.43M, Peak:132.43M | Scene, ViewLayer | Updating Primitive Offsets
Fra:1 Mem:197.85M (Peak 322.17M) | Time:00:00.44 | Mem:132.43M, Peak:132.43M | Scene, ViewLayer | Updating Images
Fra:1 Mem:197.85M (Peak 322.17M) | Time:00:00.44 | Mem:132.43M, Peak:132.43M | Scene, ViewLayer | Updating Camera Volume
Fra:1 Mem:197.85M (Peak 322.17M) | Time:00:00.44 | Mem:132.43M, Peak:132.43M | Scene, ViewLayer | Updating Lookup Tables
Fra:1 Mem:197.85M (Peak 322.17M) | Time:00:00.44 | Mem:132.51M, Peak:132.51M | Scene, ViewLayer | Updating Lights
Fra:1 Mem:197.85M (Peak 322.17M) | Time:00:00.44 | Mem:132.51M, Peak:132.51M | Scene, ViewLayer | Updating Lights | Computing tree
Fra:1 Mem:197.85M (Peak 322.17M) | Time:00:00.44 | Mem:132.51M, Peak:132.51M | Scene, ViewLayer | Updating Integrator
Fra:1 Mem:197.85M (Peak 322.17M) | Time:00:00.44 | Mem:132.51M, Peak:132.51M | Scene, ViewLayer | Updating Film
Fra:1 Mem:197.86M (Peak 322.17M) | Time:00:00.44 | Mem:132.43M, Peak:132.51M | Scene, ViewLayer | Updating Lookup Tables
Fra:1 Mem:197.86M (Peak 322.17M) | Time:00:00.44 | Mem:132.52M, Peak:132.52M | Scene, ViewLayer | Updating Baking
Fra:1 Mem:197.86M (Peak 322.17M) | Time:00:00.44 | Mem:132.52M, Peak:132.52M | Scene, ViewLayer | Updating Device | Writing constant memory
Fra:1 Mem:197.86M (Peak 322.17M) | Time:00:00.44 | Mem:132.52M, Peak:132.52M | Scene, ViewLayer | Loading denoising kernels (may take a few minutes the first time)
Fra:1 Mem:197.86M (Peak 322.17M) | Time:00:00.44 | Mem:132.52M, Peak:132.52M | Scene, ViewLayer | Sample 0/4
Fra:1 Mem:282.42M (Peak 322.17M) | Time:00:07.16 | Remaining:00:20.16 | Mem:217.07M, Peak:217.07M | Scene, ViewLayer | Sample 1/4
Fra:1 Mem:318.02M (Peak 371.41M) | Time:00:34.20 | Mem:217.07M, Peak:217.07M | Scene, ViewLayer | Sample 4/4
Fra:1 Mem:318.02M (Peak 371.41M) | Time:00:34.20 | Mem:217.07M, Peak:217.07M | Scene, ViewLayer | Finished
Saved: '/work/output/3d/ktest-3D_blenderbottom.png'
Time: 00:34.32 (Saving: 00:00.11)

Exporting /work/output/3d/ktest-3D_blenderbottom.png in render format
- Render
batch job finished, exiting

Blender quit
 (kibot - kiplot.py:152)
DEBUG:- Executing: /usr/bin/convert /work/output/3d/ktest-3D_blenderbottom.png -trim +repage -trim +repage /work/output/3d/ktest-3D_blenderbottom.png (kibot - kiplot.py:161)
DEBUG:- Output from command: convert: eXIf: duplicate `/work/output/3d/ktest-3D_blenderbottom.png' @ warning/png.c/MagickPNGWarningHandler/1525.
 (kibot - kiplot.py:152)
DEBUG:Extending `blender_angled_top` from `blender_render` (kibot - out_base.py:151)
- 'Board angled top view' (blender_angled_top) [blender_export]
DEBUG:Output destination: /work/output/3d (kibot - kiplot.py:685)
DEBUG: - Creating VRML ... (kibot - out_blender_export.py:440)
DEBUG:Starting tool check for KiCad Automation tools (kibot - dep_downloader.py:866)
DEBUG:- Returning `/usr/bin/pcbnew_do` (kibot - dep_downloader.py:873)
DEBUG:Switching the PCB to 'Default' variant (kibot - out_base.py:1193)
DEBUG:Looking for LCSC field name (kibot - optionable.py:707)
DEBUG:Using  as LCSC field name (kibot - optionable.py:709)
DEBUG:Using `/root/.cache/kibot/3d` as dir for downloaded 3D models (kibot - out_base_3d.py:545)
DEBUG:Using cached model `/root/.cache/kibot/3d/Capacitor_SMD.3dshapes/C_0603_1608Metric.step` (43450) (kibot - out_base_3d.py:187)
DEBUG:Using cached model `/root/.cache/kibot/3d/Resistor_SMD.3dshapes/R_0603_1608Metric.step` (40618) (kibot - out_base_3d.py:187)
DEBUG:Using cached model `/root/.cache/kibot/3d/Capacitor_SMD.3dshapes/C_1210_3225Metric.step` (43502) (kibot - out_base_3d.py:187)
DEBUG:Using cached model `/root/.cache/kibot/3d/Resistor_THT.3dshapes/R_Axial_DIN0204_L3.6mm_D1.6mm_P5.08mm_Horizontal.step` (37472) (kibot - out_base_3d.py:187)
DEBUG:Using cached model `/root/.cache/kibot/3d/Package_SO.3dshapes/HTSOP-8-1EP_3.9x4.9mm_P1.27mm.step` (125787) (kibot - out_base_3d.py:187)
DEBUG:Downloading `https://gitlab.com/api/v4/projects/21604637/repository/files/Package_SO.3dshapes%2FHTSOP-8-1EP_3.9x4.9mm_Pitch1.27mm.step/raw?ref=10.0.5` (kibot - out_base_3d.py:189)
DEBUG:Using cached model `/root/.cache/kibot/3d/Resistor_SMD.3dshapes/R_1206_3216Metric.step` (40414) (kibot - out_base_3d.py:187)
DEBUG:Using cached model `/root/.cache/kibot/3d/Capacitor_SMD.3dshapes/C_1206_3216Metric.step` (43450) (kibot - out_base_3d.py:187)
DEBUG:Using cached model `/root/.cache/kibot/3d/Crystal.3dshapes/Crystal_SMD_3225-4Pin_3.2x2.5mm.step` (44789) (kibot - out_base_3d.py:187)
DEBUG:Using cached model `/root/.cache/kibot/3d/Package_SO.3dshapes/JEITA_SOIC-16_3.9x9.9mm_P1.27mm.step` (223250) (kibot - out_base_3d.py:187)
DEBUG:Using cached model `/root/.cache/kibot/3d/Package_TO_SOT_SMD.3dshapes/SOT-23-6.step` (99639) (kibot - out_base_3d.py:187)
DEBUG:Using cached model `/root/.cache/kibot/3d/Package_QFP.3dshapes/LQFP-32_7x7mm_P0.8mm.step` (422757) (kibot - out_base_3d.py:187)
DEBUG:Using cached model `/root/.cache/kibot/3d/Connector_JST.3dshapes/JST_XH_B4B-XH-A_1x04_P2.50mm_Vertical.step` (222777) (kibot - out_base_3d.py:187)
DEBUG:Using cached model `/root/.cache/kibot/3d/Capacitor_SMD.3dshapes/CP_Elec_10x10.step` (82045) (kibot - out_base_3d.py:187)
DEBUG:Using cached model `/root/.cache/kibot/3d/Resistor_THT.3dshapes/R_Axial_DIN0204_L3.6mm_D1.6mm_P7.62mm_Horizontal.step` (24507) (kibot - out_base_3d.py:187)
DEBUG:Using cached model `/root/.cache/kibot/3d/Connector_JST.3dshapes/JST_XH_B6B-XH-A_1x06_P2.50mm_Vertical.step` (295109) (kibot - out_base_3d.py:187)
DEBUG:Using cached model `/root/.cache/kibot/3d/Package_TO_SOT_SMD.3dshapes/SOT-23.step` (60296) (kibot - out_base_3d.py:187)
DEBUG:Using cached model `/root/.cache/kibot/3d/Connector_PinSocket_2.54mm.3dshapes/PinSocket_1x04_P2.54mm_Vertical.step` (90163) (kibot - out_base_3d.py:187)
DEBUG:Using cached model `/root/.cache/kibot/3d/Connector_PinSocket_2.54mm.3dshapes/PinSocket_1x14_P2.54mm_Vertical.step` (290650) (kibot - out_base_3d.py:187)
DEBUG:Writing modified PCB to /work/kibot_wd_w12zu.kicad_pcb (kibot - gs.py:1089)
DEBUG:Copying project `/work/ktest.kicad_pro` to `/work/kibot_wd_w12zu.kicad_pro` (kibot.gs - gs.py:615)
DEBUG:Copying project local settings `/work/ktest.kicad_prl` to `/work/kibot_wd_w12zu.kicad_prl` (kibot.gs - gs.py:623)
DEBUG:Copying project custom design rules `/work/ktest.kicad_dru` to `/work/kibot_wd_w12zu.kicad_dru` (kibot.gs - gs.py:631)
DEBUG:Executing: /usr/bin/pcbnew_do -r -v export_vrml --output_name pcb.wrl -U meters --dir_models components -x 0 -y 0 -u millimeters /work/kibot_wd_w12zu.kicad_pcb /tmp/tmp4znhtxk1 (kibot - kiplot.py:194)
DEBUG:Output from command:
> ./kicad/include/properties/property.h(607): assert "m_choices.GetCount() > 0" failed in PROPERTY_ENUM(): No enum choices defined
> ./kicad/include/properties/property.h(607): assert "m_choices.GetCount() > 0" failed in PROPERTY_ENUM(): No enum choices defined
> ./kicad/include/properties/property.h(607): assert "m_choices.GetCount() > 0" failed in PROPERTY_ENUM(): No enum choices defined
>  (kibot - kiplot.py:208)
DEBUG:Removing temporal files (kibot - out_base.py:1123)
DEBUG:- File `/work/kibot_wd_w12zu.kicad_pcb` (kibot - out_base.py:1126)
DEBUG:- File `/work/kibot_wd_w12zu.kicad_pro` (kibot - out_base.py:1126)
DEBUG:- File `/work/kibot_wd_w12zu.kicad_prl` (kibot - out_base.py:1126)
DEBUG:- File `/work/kibot_wd_w12zu.kicad_dru` (kibot - out_base.py:1126)
DEBUG: - Creating SVG for layers ... (kibot - kiplot.py:770)
DEBUG:Switching the PCB to 'Default' variant (kibot - out_base.py:1193)
DEBUG:Configuring plot controller for output (kibot - out_any_layer.py:102)
DEBUG:Opening plot file for layer `F.Cu (0 'Front copper' F_Cu)` format `5` (kibot - out_any_layer.py:213)
DEBUG:Plotting layer `F.Cu (0 'Front copper' F_Cu)` to `/tmp/tmp4znhtxk1/layers/F_Cu.svg` (kibot - out_any_layer.py:220)
DEBUG:Opening plot file for layer `B.Cu (2 'Bottom copper' B_Cu)` format `5` (kibot - out_any_layer.py:213)
DEBUG:Plotting layer `B.Cu (2 'Bottom copper' B_Cu)` to `/tmp/tmp4znhtxk1/layers/B_Cu.svg` (kibot - out_any_layer.py:220)
DEBUG:Opening plot file for layer `F.Paste (13 'Front solder paste' F_Paste)` format `5` (kibot - out_any_layer.py:213)
DEBUG:Plotting layer `F.Paste (13 'Front solder paste' F_Paste)` to `/tmp/tmp4znhtxk1/layers/F_Paste.svg` (kibot - out_any_layer.py:220)
DEBUG:Opening plot file for layer `B.Paste (15 'Bottom solder paste' B_Paste)` format `5` (kibot - out_any_layer.py:213)
DEBUG:Plotting layer `B.Paste (15 'Bottom solder paste' B_Paste)` to `/tmp/tmp4znhtxk1/layers/B_Paste.svg` (kibot - out_any_layer.py:220)
DEBUG:Opening plot file for layer `F.Mask (1 'Front soldermask (negative)' F_Mask)` format `5` (kibot - out_any_layer.py:213)
DEBUG:Plotting layer `F.Mask (1 'Front soldermask (negative)' F_Mask)` to `/tmp/tmp4znhtxk1/layers/F_Mask.svg` (kibot - out_any_layer.py:220)
DEBUG:Opening plot file for layer `B.Mask (3 'Bottom soldermask (negative)' B_Mask)` format `5` (kibot - out_any_layer.py:213)
DEBUG:Plotting layer `B.Mask (3 'Bottom soldermask (negative)' B_Mask)` to `/tmp/tmp4znhtxk1/layers/B_Mask.svg` (kibot - out_any_layer.py:220)
DEBUG:Opening plot file for layer `F.SilkS (5 'Front silkscreen (artwork)' F_SilkS)` format `5` (kibot - out_any_layer.py:213)
DEBUG:Plotting layer `F.SilkS (5 'Front silkscreen (artwork)' F_SilkS)` to `/tmp/tmp4znhtxk1/layers/F_SilkS.svg` (kibot - out_any_layer.py:220)
DEBUG:Opening plot file for layer `B.SilkS (7 'Bottom silkscreen (artwork)' B_SilkS)` format `5` (kibot - out_any_layer.py:213)
DEBUG:Plotting layer `B.SilkS (7 'Bottom silkscreen (artwork)' B_SilkS)` to `/tmp/tmp4znhtxk1/layers/B_SilkS.svg` (kibot - out_any_layer.py:220)
DEBUG:Adjusting SVG viewBox to (73.975, 64.475, 102.05, 53.3) for width 10.205 cm and height 5.33 cm (kibot - out_svg.py:93)
DEBUG: - Creating Pads and boundary ... (kibot - kiplot.py:770)
DEBUG:Switching the PCB to 'Default' variant (kibot - out_base.py:1193)
DEBUG:Collected board definitions: {} (kibot - out_pcb2blender_tools.py:410)
DEBUG: - Creating the PCB3D ... (kibot - kiplot.py:770)
DEBUG:Collecting files (kibot - out_compress.py:256)
DEBUG:Output destination: /tmp/tmp4znhtxk1 (kibot - kiplot.py:685)
DEBUG:Output destination: /tmp/tmp4znhtxk1/layers (kibot - kiplot.py:685)
DEBUG:Output destination: /tmp/tmp4znhtxk1 (kibot - kiplot.py:685)
DEBUG:Generating `/work/output/3d/ktest-blender_export.pcb3d` archive (kibot - out_compress.py:259)
DEBUG:Adding /tmp/tmp4znhtxk1/pcb.wrl as pcb.wrl (kibot - out_compress.py:116)
DEBUG:Adding /tmp/tmp4znhtxk1/components as components (kibot - out_compress.py:116)
DEBUG:Adding /tmp/tmp4znhtxk1/components/PinSocket_1x04_P2.54mm_Vertical.wrl as components/PinSocket_1x04_P2.54mm_Vertical.wrl (kibot - out_compress.py:116)
DEBUG:Adding /tmp/tmp4znhtxk1/components/C_1210_3225Metric.wrl as components/C_1210_3225Metric.wrl (kibot - out_compress.py:116)
DEBUG:Adding /tmp/tmp4znhtxk1/components/JST_XH_B4B-XH-A_1x04_P2.50mm_Vertical.wrl as components/JST_XH_B4B-XH-A_1x04_P2.50mm_Vertical.wrl (kibot - out_compress.py:116)
DEBUG:Adding /tmp/tmp4znhtxk1/components/CP_Elec_10x10.wrl as components/CP_Elec_10x10.wrl (kibot - out_compress.py:116)
DEBUG:Adding /tmp/tmp4znhtxk1/components/R_0603_1608Metric.wrl as components/R_0603_1608Metric.wrl (kibot - out_compress.py:116)
DEBUG:Adding /tmp/tmp4znhtxk1/components/JEITA_SOIC-16_3.9x9.9mm_P1.27mm.wrl as components/JEITA_SOIC-16_3.9x9.9mm_P1.27mm.wrl (kibot - out_compress.py:116)
DEBUG:Adding /tmp/tmp4znhtxk1/components/R_1206_3216Metric.wrl as components/R_1206_3216Metric.wrl (kibot - out_compress.py:116)
DEBUG:Adding /tmp/tmp4znhtxk1/components/SOT-23-6.wrl as components/SOT-23-6.wrl (kibot - out_compress.py:116)
DEBUG:Adding /tmp/tmp4znhtxk1/components/JST_XH_B6B-XH-A_1x06_P2.50mm_Vertical.wrl as components/JST_XH_B6B-XH-A_1x06_P2.50mm_Vertical.wrl (kibot - out_compress.py:116)
DEBUG:Adding /tmp/tmp4znhtxk1/components/SOT-23.wrl as components/SOT-23.wrl (kibot - out_compress.py:116)
DEBUG:Adding /tmp/tmp4znhtxk1/components/R_Axial_DIN0204_L3.6mm_D1.6mm_P5.08mm_Horizontal.wrl as components/R_Axial_DIN0204_L3.6mm_D1.6mm_P5.08mm_Horizontal.wrl (kibot - out_compress.py:116)
DEBUG:Adding /tmp/tmp4znhtxk1/components/R_Axial_DIN0204_L3.6mm_D1.6mm_P7.62mm_Horizontal.wrl as components/R_Axial_DIN0204_L3.6mm_D1.6mm_P7.62mm_Horizontal.wrl (kibot - out_compress.py:116)
DEBUG:Adding /tmp/tmp4znhtxk1/components/LQFP-32_7x7mm_P0.8mm.wrl as components/LQFP-32_7x7mm_P0.8mm.wrl (kibot - out_compress.py:116)
DEBUG:Adding /tmp/tmp4znhtxk1/components/C_0603_1608Metric.wrl as components/C_0603_1608Metric.wrl (kibot - out_compress.py:116)
DEBUG:Adding /tmp/tmp4znhtxk1/components/PinSocket_1x14_P2.54mm_Vertical.wrl as components/PinSocket_1x14_P2.54mm_Vertical.wrl (kibot - out_compress.py:116)
DEBUG:Adding /tmp/tmp4znhtxk1/components/Crystal_SMD_3225-4Pin_3.2x2.5mm.wrl as components/Crystal_SMD_3225-4Pin_3.2x2.5mm.wrl (kibot - out_compress.py:116)
DEBUG:Adding /tmp/tmp4znhtxk1/components/HTSOP-8-1EP_3.9x4.9mm_P1.27mm.wrl as components/HTSOP-8-1EP_3.9x4.9mm_P1.27mm.wrl (kibot - out_compress.py:116)
DEBUG:Adding /tmp/tmp4znhtxk1/components/C_1206_3216Metric.wrl as components/C_1206_3216Metric.wrl (kibot - out_compress.py:116)
DEBUG:Adding /tmp/tmp4znhtxk1/layers/F_Cu.svg as layers/F_Cu.svg (kibot - out_compress.py:116)
DEBUG:Adding /tmp/tmp4znhtxk1/layers/B_Cu.svg as layers/B_Cu.svg (kibot - out_compress.py:116)
DEBUG:Adding /tmp/tmp4znhtxk1/layers/F_Paste.svg as layers/F_Paste.svg (kibot - out_compress.py:116)
DEBUG:Adding /tmp/tmp4znhtxk1/layers/B_Paste.svg as layers/B_Paste.svg (kibot - out_compress.py:116)
DEBUG:Adding /tmp/tmp4znhtxk1/layers/F_Mask.svg as layers/F_Mask.svg (kibot - out_compress.py:116)
DEBUG:Adding /tmp/tmp4znhtxk1/layers/B_Mask.svg as layers/B_Mask.svg (kibot - out_compress.py:116)
DEBUG:Adding /tmp/tmp4znhtxk1/layers/F_SilkS.svg as layers/F_SilkS.svg (kibot - out_compress.py:116)
DEBUG:Adding /tmp/tmp4znhtxk1/layers/B_SilkS.svg as layers/B_SilkS.svg (kibot - out_compress.py:116)
DEBUG:Adding /tmp/tmp4znhtxk1/layers/bounds as layers/bounds (kibot - out_compress.py:116)
DEBUG:Adding /tmp/tmp4znhtxk1/pads/10n_C27_0_0 as pads/10n_C27_0_0 (kibot - out_compress.py:116)
DEBUG:Adding /tmp/tmp4znhtxk1/pads/10n_C27_0_1 as pads/10n_C27_0_1 (kibot - out_compress.py:116)
DEBUG:Adding /tmp/tmp4znhtxk1/pads/2k2_R10_1_0 as pads/2k2_R10_1_0 (kibot - out_compress.py:116)
DEBUG:Adding /tmp/tmp4znhtxk1/pads/2k2_R10_1_1 as pads/2k2_R10_1_1 (kibot - out_compress.py:116)
DEBUG:Adding /tmp/tmp4znhtxk1/pads/0R_JP13_2_0 as pads/0R_JP13_2_0 (kibot - out_compress.py:116)
DEBUG:Adding /tmp/tmp4znhtxk1/pads/0R_JP13_2_1 as pads/0R_JP13_2_1 (kibot - out_compress.py:116)
DEBUG:Adding /tmp/tmp4znhtxk1/pads/22p_C14_3_0 as pads/22p_C14_3_0 (kibot - out_compress.py:116)
DEBUG:Adding /tmp/tmp4znhtxk1/pads/22p_C14_3_1 as pads/22p_C14_3_1 (kibot - out_compress.py:116)
DEBUG:Adding /tmp/tmp4znhtxk1/pads/100n_C6_4_0 as pads/100n_C6_4_0 (kibot - out_compress.py:116)
DEBUG:Adding /tmp/tmp4znhtxk1/pads/100n_C6_4_1 as pads/100n_C6_4_1 (kibot - out_compress.py:116)
DEBUG:Adding /tmp/tmp4znhtxk1/pads/22u_C18_5_0 as pads/22u_C18_5_0 (kibot - out_compress.py:116)
DEBUG:Adding /tmp/tmp4znhtxk1/pads/22u_C18_5_1 as pads/22u_C18_5_1 (kibot - out_compress.py:116)
DEBUG:Adding /tmp/tmp4znhtxk1/pads/10k_R9_6_0 as pads/10k_R9_6_0 (kibot - out_compress.py:116)
DEBUG:Adding /tmp/tmp4znhtxk1/pads/10k_R9_6_1 as pads/10k_R9_6_1 (kibot - out_compress.py:116)
DEBUG:Adding /tmp/tmp4znhtxk1/pads/10u_L1_7_0 as pads/10u_L1_7_0 (kibot - out_compress.py:116)
DEBUG:Adding /tmp/tmp4znhtxk1/pads/10u_L1_7_1 as pads/10u_L1_7_1 (kibot - out_compress.py:116)
DEBUG:Adding /tmp/tmp4znhtxk1/pads/TestPoint_TP13_8_0 as pads/TestPoint_TP13_8_0 (kibot - out_compress.py:116)
DEBUG:Adding /tmp/tmp4znhtxk1/pads/1n_C23_9_0 as pads/1n_C23_9_0 (kibot - out_compress.py:116)
DEBUG:Adding /tmp/tmp4znhtxk1/pads/1n_C23_9_1 as pads/1n_C23_9_1 (kibot - out_compress.py:116)
DEBUG:Adding /tmp/tmp4znhtxk1/pads/22p_C10_10_0 as pads/22p_C10_10_0 (kibot - out_compress.py:116)
DEBUG:Adding /tmp/tmp4znhtxk1/pads/22p_C10_10_1 as pads/22p_C10_10_1 (kibot - out_compress.py:116)
DEBUG:Adding /tmp/tmp4znhtxk1/pads/TestPoint_TP18_11_0 as pads/TestPoint_TP18_11_0 (kibot - out_compress.py:116)
DEBUG:Adding /tmp/tmp4znhtxk1/pads/33p_C12_12_0 as pads/33p_C12_12_0 (kibot - out_compress.py:116)
DEBUG:Adding /tmp/tmp4znhtxk1/pads/33p_C12_12_1 as pads/33p_C12_12_1 (kibot - out_compress.py:116)
DEBUG:Adding /tmp/tmp4znhtxk1/pads/100n_C9_13_0 as pads/100n_C9_13_0 (kibot - out_compress.py:116)
DEBUG:Adding /tmp/tmp4znhtxk1/pads/100n_C9_13_1 as pads/100n_C9_13_1 (kibot - out_compress.py:116)
DEBUG:Adding /tmp/tmp4znhtxk1/pads/0R_JP9_14_0 as pads/0R_JP9_14_0 (kibot - out_compress.py:116)
DEBUG:Adding /tmp/tmp4znhtxk1/pads/0R_JP9_14_1 as pads/0R_JP9_14_1 (kibot - out_compress.py:116)
DEBUG:Adding /tmp/tmp4znhtxk1/pads/TestPoint_TP7_15_0 as pads/TestPoint_TP7_15_0 (kibot - out_compress.py:116)
DEBUG:Adding /tmp/tmp4znhtxk1/pads/0R_JP20_16_0 as pads/0R_JP20_16_0 (kibot - out_compress.py:116)
DEBUG:Adding /tmp/tmp4znhtxk1/pads/0R_JP20_16_1 as pads/0R_JP20_16_1 (kibot - out_compress.py:116)
DEBUG:Adding /tmp/tmp4znhtxk1/pads/0R_JP8_17_0 as pads/0R_JP8_17_0 (kibot - out_compress.py:116)
DEBUG:Adding /tmp/tmp4znhtxk1/pads/0R_JP8_17_1 as pads/0R_JP8_17_1 (kibot - out_compress.py:116)
DEBUG:Adding /tmp/tmp4znhtxk1/pads/5k1_R14_18_0 as pads/5k1_R14_18_0 (kibot - out_compress.py:116)
DEBUG:Adding /tmp/tmp4znhtxk1/pads/5k1_R14_18_1 as pads/5k1_R14_18_1 (kibot - out_compress.py:116)
DEBUG:Adding /tmp/tmp4znhtxk1/pads/0R_JP2_19_0 as pads/0R_JP2_19_0 (kibot - out_compress.py:116)
DEBUG:Adding /tmp/tmp4znhtxk1/pads/0R_JP2_19_1 as pads/0R_JP2_19_1 (kibot - out_compress.py:116)
DEBUG:Adding /tmp/tmp4znhtxk1/pads/LMR380x0_U1_20_0 as pads/LMR380x0_U1_20_0 (kibot - out_compress.py:116)
DEBUG:Adding /tmp/tmp4znhtxk1/pads/LMR380x0_U1_20_1 as pads/LMR380x0_U1_20_1 (kibot - out_compress.py:116)
DEBUG:Adding /tmp/tmp4znhtxk1/pads/LMR380x0_U1_20_2 as pads/LMR380x0_U1_20_2 (kibot - out_compress.py:116)
DEBUG:Adding /tmp/tmp4znhtxk1/pads/LMR380x0_U1_20_3 as pads/LMR380x0_U1_20_3 (kibot - out_compress.py:116)
DEBUG:Adding /tmp/tmp4znhtxk1/pads/LMR380x0_U1_20_4 as pads/LMR380x0_U1_20_4 (kibot - out_compress.py:116)
DEBUG:Adding /tmp/tmp4znhtxk1/pads/LMR380x0_U1_20_5 as pads/LMR380x0_U1_20_5 (kibot - out_compress.py:116)
DEBUG:Adding /tmp/tmp4znhtxk1/pads/LMR380x0_U1_20_6 as pads/LMR380x0_U1_20_6 (kibot - out_compress.py:116)
DEBUG:Adding /tmp/tmp4znhtxk1/pads/LMR380x0_U1_20_7 as pads/LMR380x0_U1_20_7 (kibot - out_compress.py:116)
DEBUG:Adding /tmp/tmp4znhtxk1/pads/LMR380x0_U1_20_8 as pads/LMR380x0_U1_20_8 (kibot - out_compress.py:116)
DEBUG:Adding /tmp/tmp4znhtxk1/pads/LMR380x0_U1_20_9 as pads/LMR380x0_U1_20_9 (kibot - out_compress.py:116)
DEBUG:Adding /tmp/tmp4znhtxk1/pads/LMR380x0_U1_20_10 as pads/LMR380x0_U1_20_10 (kibot - out_compress.py:116)
DEBUG:Adding /tmp/tmp4znhtxk1/pads/LMR380x0_U1_20_11 as pads/LMR380x0_U1_20_11 (kibot - out_compress.py:116)
DEBUG:Adding /tmp/tmp4znhtxk1/pads/LMR380x0_U1_20_12 as pads/LMR380x0_U1_20_12 (kibot - out_compress.py:116)
DEBUG:Adding /tmp/tmp4znhtxk1/pads/LMR380x0_U1_20_13 as pads/LMR380x0_U1_20_13 (kibot - out_compress.py:116)
DEBUG:Adding /tmp/tmp4znhtxk1/pads/LMR380x0_U1_20_14 as pads/LMR380x0_U1_20_14 (kibot - out_compress.py:116)
DEBUG:Adding /tmp/tmp4znhtxk1/pads/LMR380x0_U1_20_15 as pads/LMR380x0_U1_20_15 (kibot - out_compress.py:116)
DEBUG:Adding /tmp/tmp4znhtxk1/pads/LMR380x0_U1_20_16 as pads/LMR380x0_U1_20_16 (kibot - out_compress.py:116)
DEBUG:Adding /tmp/tmp4znhtxk1/pads/LMR380x0_U1_20_17 as pads/LMR380x0_U1_20_17 (kibot - out_compress.py:116)
DEBUG:Adding /tmp/tmp4znhtxk1/pads/LMR380x0_U1_20_18 as pads/LMR380x0_U1_20_18 (kibot - out_compress.py:116)
DEBUG:Adding /tmp/tmp4znhtxk1/pads/LMR380x0_U1_20_19 as pads/LMR380x0_U1_20_19 (kibot - out_compress.py:116)
DEBUG:Adding /tmp/tmp4znhtxk1/pads/TestPoint_TP10_21_0 as pads/TestPoint_TP10_21_0 (kibot - out_compress.py:116)
DEBUG:Adding /tmp/tmp4znhtxk1/pads/2k2_R12_22_0 as pads/2k2_R12_22_0 (kibot - out_compress.py:116)
DEBUG:Adding /tmp/tmp4znhtxk1/pads/2k2_R12_22_1 as pads/2k2_R12_22_1 (kibot - out_compress.py:116)
DEBUG:Adding /tmp/tmp4znhtxk1/pads/TestPoint_TP21_23_0 as pads/TestPoint_TP21_23_0 (kibot - out_compress.py:116)
DEBUG:Adding /tmp/tmp4znhtxk1/pads/TestPoint_TP6_24_0 as pads/TestPoint_TP6_24_0 (kibot - out_compress.py:116)
DEBUG:Adding /tmp/tmp4znhtxk1/pads/TestPoint_TP8_25_0 as pads/TestPoint_TP8_25_0 (kibot - out_compress.py:116)
DEBUG:Adding /tmp/tmp4znhtxk1/pads/Dell_DC_jack_J6_26_0 as pads/Dell_DC_jack_J6_26_0 (kibot - out_compress.py:116)
DEBUG:Adding /tmp/tmp4znhtxk1/pads/Dell_DC_jack_J6_26_1 as pads/Dell_DC_jack_J6_26_1 (kibot - out_compress.py:116)
DEBUG:Adding /tmp/tmp4znhtxk1/pads/Dell_DC_jack_J6_26_2 as pads/Dell_DC_jack_J6_26_2 (kibot - out_compress.py:116)
DEBUG:Adding /tmp/tmp4znhtxk1/pads/Dell_DC_jack_J6_26_3 as pads/Dell_DC_jack_J6_26_3 (kibot - out_compress.py:116)
DEBUG:Adding /tmp/tmp4znhtxk1/pads/Dell_DC_jack_J6_26_4 as pads/Dell_DC_jack_J6_26_4 (kibot - out_compress.py:116)
DEBUG:Adding /tmp/tmp4znhtxk1/pads/Dell_DC_jack_J6_26_5 as pads/Dell_DC_jack_J6_26_5 (kibot - out_compress.py:116)
DEBUG:Adding /tmp/tmp4znhtxk1/pads/Dell_DC_jack_J6_26_6 as pads/Dell_DC_jack_J6_26_6 (kibot - out_compress.py:116)
DEBUG:Adding /tmp/tmp4znhtxk1/pads/Dell_DC_jack_J6_26_7 as pads/Dell_DC_jack_J6_26_7 (kibot - out_compress.py:116)
DEBUG:Adding /tmp/tmp4znhtxk1/pads/Dell_DC_jack_J6_26_8 as pads/Dell_DC_jack_J6_26_8 (kibot - out_compress.py:116)
DEBUG:Adding /tmp/tmp4znhtxk1/pads/Dell_DC_jack_J6_26_9 as pads/Dell_DC_jack_J6_26_9 (kibot - out_compress.py:116)
DEBUG:Adding /tmp/tmp4znhtxk1/pads/Dell_DC_jack_J6_26_10 as pads/Dell_DC_jack_J6_26_10 (kibot - out_compress.py:116)
DEBUG:Adding /tmp/tmp4znhtxk1/pads/0R_JP15_27_0 as pads/0R_JP15_27_0 (kibot - out_compress.py:116)
DEBUG:Adding /tmp/tmp4znhtxk1/pads/0R_JP15_27_1 as pads/0R_JP15_27_1 (kibot - out_compress.py:116)
DEBUG:Adding /tmp/tmp4znhtxk1/pads/TestPoint_TP14_28_0 as pads/TestPoint_TP14_28_0 (kibot - out_compress.py:116)
DEBUG:Adding /tmp/tmp4znhtxk1/pads/2k2_R13_29_0 as pads/2k2_R13_29_0 (kibot - out_compress.py:116)
DEBUG:Adding /tmp/tmp4znhtxk1/pads/2k2_R13_29_1 as pads/2k2_R13_29_1 (kibot - out_compress.py:116)
DEBUG:Adding /tmp/tmp4znhtxk1/pads/TestPoint_TP9_30_0 as pads/TestPoint_TP9_30_0 (kibot - out_compress.py:116)
DEBUG:Adding /tmp/tmp4znhtxk1/pads/10n_C3_31_0 as pads/10n_C3_31_0 (kibot - out_compress.py:116)
DEBUG:Adding /tmp/tmp4znhtxk1/pads/10n_C3_31_1 as pads/10n_C3_31_1 (kibot - out_compress.py:116)
DEBUG:Adding /tmp/tmp4znhtxk1/pads/0R_JP14_32_0 as pads/0R_JP14_32_0 (kibot - out_compress.py:116)
DEBUG:Adding /tmp/tmp4znhtxk1/pads/0R_JP14_32_1 as pads/0R_JP14_32_1 (kibot - out_compress.py:116)
DEBUG:Adding /tmp/tmp4znhtxk1/pads/0R_JP16_33_0 as pads/0R_JP16_33_0 (kibot - out_compress.py:116)
DEBUG:Adding /tmp/tmp4znhtxk1/pads/0R_JP16_33_1 as pads/0R_JP16_33_1 (kibot - out_compress.py:116)
DEBUG:Adding /tmp/tmp4znhtxk1/pads/TestPoint_TP5_34_0 as pads/TestPoint_TP5_34_0 (kibot - out_compress.py:116)
DEBUG:Adding /tmp/tmp4znhtxk1/pads/10k_R7_35_0 as pads/10k_R7_35_0 (kibot - out_compress.py:116)
DEBUG:Adding /tmp/tmp4znhtxk1/pads/10k_R7_35_1 as pads/10k_R7_35_1 (kibot - out_compress.py:116)
DEBUG:Adding /tmp/tmp4znhtxk1/pads/0R_JP5_36_0 as pads/0R_JP5_36_0 (kibot - out_compress.py:116)
DEBUG:Adding /tmp/tmp4znhtxk1/pads/0R_JP5_36_1 as pads/0R_JP5_36_1 (kibot - out_compress.py:116)
DEBUG:Adding /tmp/tmp4znhtxk1/pads/0R_JP10_37_0 as pads/0R_JP10_37_0 (kibot - out_compress.py:116)
DEBUG:Adding /tmp/tmp4znhtxk1/pads/0R_JP10_37_1 as pads/0R_JP10_37_1 (kibot - out_compress.py:116)
DEBUG:Adding /tmp/tmp4znhtxk1/pads/0R_JP21_38_0 as pads/0R_JP21_38_0 (kibot - out_compress.py:116)
DEBUG:Adding /tmp/tmp4znhtxk1/pads/0R_JP21_38_1 as pads/0R_JP21_38_1 (kibot - out_compress.py:116)
DEBUG:Adding /tmp/tmp4znhtxk1/pads/1u_C16_39_0 as pads/1u_C16_39_0 (kibot - out_compress.py:116)
DEBUG:Adding /tmp/tmp4znhtxk1/pads/1u_C16_39_1 as pads/1u_C16_39_1 (kibot - out_compress.py:116)
DEBUG:Adding /tmp/tmp4znhtxk1/pads/DC_barrel_assy_J8_40_0 as pads/DC_barrel_assy_J8_40_0 (kibot - out_compress.py:116)
DEBUG:Adding /tmp/tmp4znhtxk1/pads/DC_barrel_assy_J8_40_1 as pads/DC_barrel_assy_J8_40_1 (kibot - out_compress.py:116)
DEBUG:Adding /tmp/tmp4znhtxk1/pads/DC_barrel_assy_J8_40_2 as pads/DC_barrel_assy_J8_40_2 (kibot - out_compress.py:116)
DEBUG:Adding /tmp/tmp4znhtxk1/pads/DC_barrel_assy_J8_40_3 as pads/DC_barrel_assy_J8_40_3 (kibot - out_compress.py:116)
DEBUG:Adding /tmp/tmp4znhtxk1/pads/DC_barrel_assy_J8_40_4 as pads/DC_barrel_assy_J8_40_4 (kibot - out_compress.py:116)
DEBUG:Adding /tmp/tmp4znhtxk1/pads/4_7u_C4_41_0 as pads/4_7u_C4_41_0 (kibot - out_compress.py:116)
DEBUG:Adding /tmp/tmp4znhtxk1/pads/4_7u_C4_41_1 as pads/4_7u_C4_41_1 (kibot - out_compress.py:116)
DEBUG:Adding /tmp/tmp4znhtxk1/pads/10n_C26_42_0 as pads/10n_C26_42_0 (kibot - out_compress.py:116)
DEBUG:Adding /tmp/tmp4znhtxk1/pads/10n_C26_42_1 as pads/10n_C26_42_1 (kibot - out_compress.py:116)
DEBUG:Adding /tmp/tmp4znhtxk1/pads/USB_C_Receptacle_USB2_0_16P_J5_43_0 as pads/USB_C_Receptacle_USB2_0_16P_J5_43_0 (kibot - out_compress.py:116)
DEBUG:Adding /tmp/tmp4znhtxk1/pads/USB_C_Receptacle_USB2_0_16P_J5_43_1 as pads/USB_C_Receptacle_USB2_0_16P_J5_43_1 (kibot - out_compress.py:116)
DEBUG:Adding /tmp/tmp4znhtxk1/pads/USB_C_Receptacle_USB2_0_16P_J5_43_2 as pads/USB_C_Receptacle_USB2_0_16P_J5_43_2 (kibot - out_compress.py:116)
DEBUG:Adding /tmp/tmp4znhtxk1/pads/USB_C_Receptacle_USB2_0_16P_J5_43_3 as pads/USB_C_Receptacle_USB2_0_16P_J5_43_3 (kibot - out_compress.py:116)
DEBUG:Adding /tmp/tmp4znhtxk1/pads/USB_C_Receptacle_USB2_0_16P_J5_43_4 as pads/USB_C_Receptacle_USB2_0_16P_J5_43_4 (kibot - out_compress.py:116)
DEBUG:Adding /tmp/tmp4znhtxk1/pads/USB_C_Receptacle_USB2_0_16P_J5_43_5 as pads/USB_C_Receptacle_USB2_0_16P_J5_43_5 (kibot - out_compress.py:116)
DEBUG:Adding /tmp/tmp4znhtxk1/pads/USB_C_Receptacle_USB2_0_16P_J5_43_6 as pads/USB_C_Receptacle_USB2_0_16P_J5_43_6 (kibot - out_compress.py:116)
DEBUG:Adding /tmp/tmp4znhtxk1/pads/USB_C_Receptacle_USB2_0_16P_J5_43_7 as pads/USB_C_Receptacle_USB2_0_16P_J5_43_7 (kibot - out_compress.py:116)
DEBUG:Adding /tmp/tmp4znhtxk1/pads/USB_C_Receptacle_USB2_0_16P_J5_43_8 as pads/USB_C_Receptacle_USB2_0_16P_J5_43_8 (kibot - out_compress.py:116)
DEBUG:Adding /tmp/tmp4znhtxk1/pads/USB_C_Receptacle_USB2_0_16P_J5_43_9 as pads/USB_C_Receptacle_USB2_0_16P_J5_43_9 (kibot - out_compress.py:116)
DEBUG:Adding /tmp/tmp4znhtxk1/pads/USB_C_Receptacle_USB2_0_16P_J5_43_10 as pads/USB_C_Receptacle_USB2_0_16P_J5_43_10 (kibot - out_compress.py:116)
DEBUG:Adding /tmp/tmp4znhtxk1/pads/USB_C_Receptacle_USB2_0_16P_J5_43_11 as pads/USB_C_Receptacle_USB2_0_16P_J5_43_11 (kibot - out_compress.py:116)
DEBUG:Adding /tmp/tmp4znhtxk1/pads/USB_C_Receptacle_USB2_0_16P_J5_43_12 as pads/USB_C_Receptacle_USB2_0_16P_J5_43_12 (kibot - out_compress.py:116)
DEBUG:Adding /tmp/tmp4znhtxk1/pads/USB_C_Receptacle_USB2_0_16P_J5_43_13 as pads/USB_C_Receptacle_USB2_0_16P_J5_43_13 (kibot - out_compress.py:116)
DEBUG:Adding /tmp/tmp4znhtxk1/pads/USB_C_Receptacle_USB2_0_16P_J5_43_14 as pads/USB_C_Receptacle_USB2_0_16P_J5_43_14 (kibot - out_compress.py:116)
DEBUG:Adding /tmp/tmp4znhtxk1/pads/USB_C_Receptacle_USB2_0_16P_J5_43_15 as pads/USB_C_Receptacle_USB2_0_16P_J5_43_15 (kibot - out_compress.py:116)
DEBUG:Adding /tmp/tmp4znhtxk1/pads/USB_C_Receptacle_USB2_0_16P_J5_43_16 as pads/USB_C_Receptacle_USB2_0_16P_J5_43_16 (kibot - out_compress.py:116)
DEBUG:Adding /tmp/tmp4znhtxk1/pads/USB_C_Receptacle_USB2_0_16P_J5_43_17 as pads/USB_C_Receptacle_USB2_0_16P_J5_43_17 (kibot - out_compress.py:116)
DEBUG:Adding /tmp/tmp4znhtxk1/pads/USB_C_Receptacle_USB2_0_16P_J5_43_18 as pads/USB_C_Receptacle_USB2_0_16P_J5_43_18 (kibot - out_compress.py:116)
DEBUG:Adding /tmp/tmp4znhtxk1/pads/USB_C_Receptacle_USB2_0_16P_J5_43_19 as pads/USB_C_Receptacle_USB2_0_16P_J5_43_19 (kibot - out_compress.py:116)
DEBUG:Adding /tmp/tmp4znhtxk1/pads/TestPoint_TP15_44_0 as pads/TestPoint_TP15_44_0 (kibot - out_compress.py:116)
DEBUG:Adding /tmp/tmp4znhtxk1/pads/10k_R2_45_0 as pads/10k_R2_45_0 (kibot - out_compress.py:116)
DEBUG:Adding /tmp/tmp4znhtxk1/pads/10k_R2_45_1 as pads/10k_R2_45_1 (kibot - out_compress.py:116)
DEBUG:Adding /tmp/tmp4znhtxk1/pads/100n_C1_46_0 as pads/100n_C1_46_0 (kibot - out_compress.py:116)
DEBUG:Adding /tmp/tmp4znhtxk1/pads/100n_C1_46_1 as pads/100n_C1_46_1 (kibot - out_compress.py:116)
DEBUG:Adding /tmp/tmp4znhtxk1/pads/2k2_R5_47_0 as pads/2k2_R5_47_0 (kibot - out_compress.py:116)
DEBUG:Adding /tmp/tmp4znhtxk1/pads/2k2_R5_47_1 as pads/2k2_R5_47_1 (kibot - out_compress.py:116)
DEBUG:Adding /tmp/tmp4znhtxk1/pads/TestPoint_TP11_48_0 as pads/TestPoint_TP11_48_0 (kibot - out_compress.py:116)
DEBUG:Adding /tmp/tmp4znhtxk1/pads/TestPoint_TP3_49_0 as pads/TestPoint_TP3_49_0 (kibot - out_compress.py:116)
DEBUG:Adding /tmp/tmp4znhtxk1/pads/TestPoint_TP16_50_0 as pads/TestPoint_TP16_50_0 (kibot - out_compress.py:116)
DEBUG:Adding /tmp/tmp4znhtxk1/pads/20_MHz_Y1_51_0 as pads/20_MHz_Y1_51_0 (kibot - out_compress.py:116)
DEBUG:Adding /tmp/tmp4znhtxk1/pads/20_MHz_Y1_51_1 as pads/20_MHz_Y1_51_1 (kibot - out_compress.py:116)
DEBUG:Adding /tmp/tmp4znhtxk1/pads/20_MHz_Y1_51_2 as pads/20_MHz_Y1_51_2 (kibot - out_compress.py:116)
DEBUG:Adding /tmp/tmp4znhtxk1/pads/20_MHz_Y1_51_3 as pads/20_MHz_Y1_51_3 (kibot - out_compress.py:116)
DEBUG:Adding /tmp/tmp4znhtxk1/pads/100n_C25_52_0 as pads/100n_C25_52_0 (kibot - out_compress.py:116)
DEBUG:Adding /tmp/tmp4znhtxk1/pads/100n_C25_52_1 as pads/100n_C25_52_1 (kibot - out_compress.py:116)
DEBUG:Adding /tmp/tmp4znhtxk1/pads/5k1_R15_53_0 as pads/5k1_R15_53_0 (kibot - out_compress.py:116)
DEBUG:Adding /tmp/tmp4znhtxk1/pads/5k1_R15_53_1 as pads/5k1_R15_53_1 (kibot - out_compress.py:116)
DEBUG:Adding /tmp/tmp4znhtxk1/pads/0R_JP6_54_0 as pads/0R_JP6_54_0 (kibot - out_compress.py:116)
DEBUG:Adding /tmp/tmp4znhtxk1/pads/0R_JP6_54_1 as pads/0R_JP6_54_1 (kibot - out_compress.py:116)
DEBUG:Adding /tmp/tmp4znhtxk1/pads/VNH7070_U3_55_0 as pads/VNH7070_U3_55_0 (kibot - out_compress.py:116)
DEBUG:Adding /tmp/tmp4znhtxk1/pads/VNH7070_U3_55_1 as pads/VNH7070_U3_55_1 (kibot - out_compress.py:116)
DEBUG:Adding /tmp/tmp4znhtxk1/pads/VNH7070_U3_55_2 as pads/VNH7070_U3_55_2 (kibot - out_compress.py:116)
DEBUG:Adding /tmp/tmp4znhtxk1/pads/VNH7070_U3_55_3 as pads/VNH7070_U3_55_3 (kibot - out_compress.py:116)
DEBUG:Adding /tmp/tmp4znhtxk1/pads/VNH7070_U3_55_4 as pads/VNH7070_U3_55_4 (kibot - out_compress.py:116)
DEBUG:Adding /tmp/tmp4znhtxk1/pads/VNH7070_U3_55_5 as pads/VNH7070_U3_55_5 (kibot - out_compress.py:116)
DEBUG:Adding /tmp/tmp4znhtxk1/pads/VNH7070_U3_55_6 as pads/VNH7070_U3_55_6 (kibot - out_compress.py:116)
DEBUG:Adding /tmp/tmp4znhtxk1/pads/VNH7070_U3_55_7 as pads/VNH7070_U3_55_7 (kibot - out_compress.py:116)
DEBUG:Adding /tmp/tmp4znhtxk1/pads/VNH7070_U3_55_8 as pads/VNH7070_U3_55_8 (kibot - out_compress.py:116)
DEBUG:Adding /tmp/tmp4znhtxk1/pads/VNH7070_U3_55_9 as pads/VNH7070_U3_55_9 (kibot - out_compress.py:116)
DEBUG:Adding /tmp/tmp4znhtxk1/pads/VNH7070_U3_55_10 as pads/VNH7070_U3_55_10 (kibot - out_compress.py:116)
DEBUG:Adding /tmp/tmp4znhtxk1/pads/VNH7070_U3_55_11 as pads/VNH7070_U3_55_11 (kibot - out_compress.py:116)
DEBUG:Adding /tmp/tmp4znhtxk1/pads/VNH7070_U3_55_12 as pads/VNH7070_U3_55_12 (kibot - out_compress.py:116)
DEBUG:Adding /tmp/tmp4znhtxk1/pads/VNH7070_U3_55_13 as pads/VNH7070_U3_55_13 (kibot - out_compress.py:116)
DEBUG:Adding /tmp/tmp4znhtxk1/pads/VNH7070_U3_55_14 as pads/VNH7070_U3_55_14 (kibot - out_compress.py:116)
DEBUG:Adding /tmp/tmp4znhtxk1/pads/VNH7070_U3_55_15 as pads/VNH7070_U3_55_15 (kibot - out_compress.py:116)
DEBUG:Adding /tmp/tmp4znhtxk1/pads/0R_JP19_56_0 as pads/0R_JP19_56_0 (kibot - out_compress.py:116)
DEBUG:Adding /tmp/tmp4znhtxk1/pads/0R_JP19_56_1 as pads/0R_JP19_56_1 (kibot - out_compress.py:116)
DEBUG:Adding /tmp/tmp4znhtxk1/pads/100n_C13_57_0 as pads/100n_C13_57_0 (kibot - out_compress.py:116)
DEBUG:Adding /tmp/tmp4znhtxk1/pads/100n_C13_57_1 as pads/100n_C13_57_1 (kibot - out_compress.py:116)
DEBUG:Adding /tmp/tmp4znhtxk1/pads/23_2k_R6_58_0 as pads/23_2k_R6_58_0 (kibot - out_compress.py:116)
DEBUG:Adding /tmp/tmp4znhtxk1/pads/23_2k_R6_58_1 as pads/23_2k_R6_58_1 (kibot - out_compress.py:116)
DEBUG:Adding /tmp/tmp4znhtxk1/pads/TestPoint_TP20_59_0 as pads/TestPoint_TP20_59_0 (kibot - out_compress.py:116)
DEBUG:Adding /tmp/tmp4znhtxk1/pads/TestPoint_TP19_60_0 as pads/TestPoint_TP19_60_0 (kibot - out_compress.py:116)
DEBUG:Adding /tmp/tmp4znhtxk1/pads/1u_C11_61_0 as pads/1u_C11_61_0 (kibot - out_compress.py:116)
DEBUG:Adding /tmp/tmp4znhtxk1/pads/1u_C11_61_1 as pads/1u_C11_61_1 (kibot - out_compress.py:116)
DEBUG:Adding /tmp/tmp4znhtxk1/pads/0R_JP7_62_0 as pads/0R_JP7_62_0 (kibot - out_compress.py:116)
DEBUG:Adding /tmp/tmp4znhtxk1/pads/0R_JP7_62_1 as pads/0R_JP7_62_1 (kibot - out_compress.py:116)
DEBUG:Adding /tmp/tmp4znhtxk1/pads/22u_C17_63_0 as pads/22u_C17_63_0 (kibot - out_compress.py:116)
DEBUG:Adding /tmp/tmp4znhtxk1/pads/22u_C17_63_1 as pads/22u_C17_63_1 (kibot - out_compress.py:116)
DEBUG:Adding /tmp/tmp4znhtxk1/pads/TestPoint_TP4_64_0 as pads/TestPoint_TP4_64_0 (kibot - out_compress.py:116)
DEBUG:Adding /tmp/tmp4znhtxk1/pads/64_9k_R3_65_0 as pads/64_9k_R3_65_0 (kibot - out_compress.py:116)
DEBUG:Adding /tmp/tmp4znhtxk1/pads/64_9k_R3_65_1 as pads/64_9k_R3_65_1 (kibot - out_compress.py:116)
DEBUG:Adding /tmp/tmp4znhtxk1/pads/10n_C5_66_0 as pads/10n_C5_66_0 (kibot - out_compress.py:116)
DEBUG:Adding /tmp/tmp4znhtxk1/pads/10n_C5_66_1 as pads/10n_C5_66_1 (kibot - out_compress.py:116)
DEBUG:Adding /tmp/tmp4znhtxk1/pads/USBLC6_2SC6_U4_67_0 as pads/USBLC6_2SC6_U4_67_0 (kibot - out_compress.py:116)
DEBUG:Adding /tmp/tmp4znhtxk1/pads/USBLC6_2SC6_U4_67_1 as pads/USBLC6_2SC6_U4_67_1 (kibot - out_compress.py:116)
DEBUG:Adding /tmp/tmp4znhtxk1/pads/USBLC6_2SC6_U4_67_2 as pads/USBLC6_2SC6_U4_67_2 (kibot - out_compress.py:116)
DEBUG:Adding /tmp/tmp4znhtxk1/pads/USBLC6_2SC6_U4_67_3 as pads/USBLC6_2SC6_U4_67_3 (kibot - out_compress.py:116)
DEBUG:Adding /tmp/tmp4znhtxk1/pads/USBLC6_2SC6_U4_67_4 as pads/USBLC6_2SC6_U4_67_4 (kibot - out_compress.py:116)
DEBUG:Adding /tmp/tmp4znhtxk1/pads/USBLC6_2SC6_U4_67_5 as pads/USBLC6_2SC6_U4_67_5 (kibot - out_compress.py:116)
DEBUG:Adding /tmp/tmp4znhtxk1/pads/100n_C19_68_0 as pads/100n_C19_68_0 (kibot - out_compress.py:116)
DEBUG:Adding /tmp/tmp4znhtxk1/pads/100n_C19_68_1 as pads/100n_C19_68_1 (kibot - out_compress.py:116)
DEBUG:Adding /tmp/tmp4znhtxk1/pads/TestPoint_TP12_69_0 as pads/TestPoint_TP12_69_0 (kibot - out_compress.py:116)
DEBUG:Adding /tmp/tmp4znhtxk1/pads/0R_JP17_70_0 as pads/0R_JP17_70_0 (kibot - out_compress.py:116)
DEBUG:Adding /tmp/tmp4znhtxk1/pads/0R_JP17_70_1 as pads/0R_JP17_70_1 (kibot - out_compress.py:116)
DEBUG:Adding /tmp/tmp4znhtxk1/pads/100n_C20_71_0 as pads/100n_C20_71_0 (kibot - out_compress.py:116)
DEBUG:Adding /tmp/tmp4znhtxk1/pads/100n_C20_71_1 as pads/100n_C20_71_1 (kibot - out_compress.py:116)
DEBUG:Adding /tmp/tmp4znhtxk1/pads/TestPoint_TP2_72_0 as pads/TestPoint_TP2_72_0 (kibot - out_compress.py:116)
DEBUG:Adding /tmp/tmp4znhtxk1/pads/STM32G431K8Tx_U2_73_0 as pads/STM32G431K8Tx_U2_73_0 (kibot - out_compress.py:116)
DEBUG:Adding /tmp/tmp4znhtxk1/pads/STM32G431K8Tx_U2_73_1 as pads/STM32G431K8Tx_U2_73_1 (kibot - out_compress.py:116)
DEBUG:Adding /tmp/tmp4znhtxk1/pads/STM32G431K8Tx_U2_73_2 as pads/STM32G431K8Tx_U2_73_2 (kibot - out_compress.py:116)
DEBUG:Adding /tmp/tmp4znhtxk1/pads/STM32G431K8Tx_U2_73_3 as pads/STM32G431K8Tx_U2_73_3 (kibot - out_compress.py:116)
DEBUG:Adding /tmp/tmp4znhtxk1/pads/STM32G431K8Tx_U2_73_4 as pads/STM32G431K8Tx_U2_73_4 (kibot - out_compress.py:116)
DEBUG:Adding /tmp/tmp4znhtxk1/pads/STM32G431K8Tx_U2_73_5 as pads/STM32G431K8Tx_U2_73_5 (kibot - out_compress.py:116)
DEBUG:Adding /tmp/tmp4znhtxk1/pads/STM32G431K8Tx_U2_73_6 as pads/STM32G431K8Tx_U2_73_6 (kibot - out_compress.py:116)
DEBUG:Adding /tmp/tmp4znhtxk1/pads/STM32G431K8Tx_U2_73_7 as pads/STM32G431K8Tx_U2_73_7 (kibot - out_compress.py:116)
DEBUG:Adding /tmp/tmp4znhtxk1/pads/STM32G431K8Tx_U2_73_8 as pads/STM32G431K8Tx_U2_73_8 (kibot - out_compress.py:116)
DEBUG:Adding /tmp/tmp4znhtxk1/pads/STM32G431K8Tx_U2_73_9 as pads/STM32G431K8Tx_U2_73_9 (kibot - out_compress.py:116)
DEBUG:Adding /tmp/tmp4znhtxk1/pads/STM32G431K8Tx_U2_73_10 as pads/STM32G431K8Tx_U2_73_10 (kibot - out_compress.py:116)
DEBUG:Adding /tmp/tmp4znhtxk1/pads/STM32G431K8Tx_U2_73_11 as pads/STM32G431K8Tx_U2_73_11 (kibot - out_compress.py:116)
DEBUG:Adding /tmp/tmp4znhtxk1/pads/STM32G431K8Tx_U2_73_12 as pads/STM32G431K8Tx_U2_73_12 (kibot - out_compress.py:116)
DEBUG:Adding /tmp/tmp4znhtxk1/pads/STM32G431K8Tx_U2_73_13 as pads/STM32G431K8Tx_U2_73_13 (kibot - out_compress.py:116)
DEBUG:Adding /tmp/tmp4znhtxk1/pads/STM32G431K8Tx_U2_73_14 as pads/STM32G431K8Tx_U2_73_14 (kibot - out_compress.py:116)
DEBUG:Adding /tmp/tmp4znhtxk1/pads/STM32G431K8Tx_U2_73_15 as pads/STM32G431K8Tx_U2_73_15 (kibot - out_compress.py:116)
DEBUG:Adding /tmp/tmp4znhtxk1/pads/STM32G431K8Tx_U2_73_16 as pads/STM32G431K8Tx_U2_73_16 (kibot - out_compress.py:116)
DEBUG:Adding /tmp/tmp4znhtxk1/pads/STM32G431K8Tx_U2_73_17 as pads/STM32G431K8Tx_U2_73_17 (kibot - out_compress.py:116)
DEBUG:Adding /tmp/tmp4znhtxk1/pads/STM32G431K8Tx_U2_73_18 as pads/STM32G431K8Tx_U2_73_18 (kibot - out_compress.py:116)
DEBUG:Adding /tmp/tmp4znhtxk1/pads/STM32G431K8Tx_U2_73_19 as pads/STM32G431K8Tx_U2_73_19 (kibot - out_compress.py:116)
DEBUG:Adding /tmp/tmp4znhtxk1/pads/STM32G431K8Tx_U2_73_20 as pads/STM32G431K8Tx_U2_73_20 (kibot - out_compress.py:116)
DEBUG:Adding /tmp/tmp4znhtxk1/pads/STM32G431K8Tx_U2_73_21 as pads/STM32G431K8Tx_U2_73_21 (kibot - out_compress.py:116)
DEBUG:Adding /tmp/tmp4znhtxk1/pads/STM32G431K8Tx_U2_73_22 as pads/STM32G431K8Tx_U2_73_22 (kibot - out_compress.py:116)
DEBUG:Adding /tmp/tmp4znhtxk1/pads/STM32G431K8Tx_U2_73_23 as pads/STM32G431K8Tx_U2_73_23 (kibot - out_compress.py:116)
DEBUG:Adding /tmp/tmp4znhtxk1/pads/STM32G431K8Tx_U2_73_24 as pads/STM32G431K8Tx_U2_73_24 (kibot - out_compress.py:116)
DEBUG:Adding /tmp/tmp4znhtxk1/pads/STM32G431K8Tx_U2_73_25 as pads/STM32G431K8Tx_U2_73_25 (kibot - out_compress.py:116)
DEBUG:Adding /tmp/tmp4znhtxk1/pads/STM32G431K8Tx_U2_73_26 as pads/STM32G431K8Tx_U2_73_26 (kibot - out_compress.py:116)
DEBUG:Adding /tmp/tmp4znhtxk1/pads/STM32G431K8Tx_U2_73_27 as pads/STM32G431K8Tx_U2_73_27 (kibot - out_compress.py:116)
DEBUG:Adding /tmp/tmp4znhtxk1/pads/STM32G431K8Tx_U2_73_28 as pads/STM32G431K8Tx_U2_73_28 (kibot - out_compress.py:116)
DEBUG:Adding /tmp/tmp4znhtxk1/pads/STM32G431K8Tx_U2_73_29 as pads/STM32G431K8Tx_U2_73_29 (kibot - out_compress.py:116)
DEBUG:Adding /tmp/tmp4znhtxk1/pads/STM32G431K8Tx_U2_73_30 as pads/STM32G431K8Tx_U2_73_30 (kibot - out_compress.py:116)
DEBUG:Adding /tmp/tmp4znhtxk1/pads/STM32G431K8Tx_U2_73_31 as pads/STM32G431K8Tx_U2_73_31 (kibot - out_compress.py:116)
DEBUG:Adding /tmp/tmp4znhtxk1/pads/JST_B4B_XH_A_J1_74_0 as pads/JST_B4B_XH_A_J1_74_0 (kibot - out_compress.py:116)
DEBUG:Adding /tmp/tmp4znhtxk1/pads/JST_B4B_XH_A_J1_74_1 as pads/JST_B4B_XH_A_J1_74_1 (kibot - out_compress.py:116)
DEBUG:Adding /tmp/tmp4znhtxk1/pads/JST_B4B_XH_A_J1_74_2 as pads/JST_B4B_XH_A_J1_74_2 (kibot - out_compress.py:116)
DEBUG:Adding /tmp/tmp4znhtxk1/pads/JST_B4B_XH_A_J1_74_3 as pads/JST_B4B_XH_A_J1_74_3 (kibot - out_compress.py:116)
DEBUG:Adding /tmp/tmp4znhtxk1/pads/220u_C24_75_0 as pads/220u_C24_75_0 (kibot - out_compress.py:116)
DEBUG:Adding /tmp/tmp4znhtxk1/pads/220u_C24_75_1 as pads/220u_C24_75_1 (kibot - out_compress.py:116)
DEBUG:Adding /tmp/tmp4znhtxk1/pads/0R_JP11_76_0 as pads/0R_JP11_76_0 (kibot - out_compress.py:116)
DEBUG:Adding /tmp/tmp4znhtxk1/pads/0R_JP11_76_1 as pads/0R_JP11_76_1 (kibot - out_compress.py:116)
DEBUG:Adding /tmp/tmp4znhtxk1/pads/0R_JP18_77_0 as pads/0R_JP18_77_0 (kibot - out_compress.py:116)
DEBUG:Adding /tmp/tmp4znhtxk1/pads/0R_JP18_77_1 as pads/0R_JP18_77_1 (kibot - out_compress.py:116)
DEBUG:Adding /tmp/tmp4znhtxk1/pads/JST_B6B_XH_A_J7_78_0 as pads/JST_B6B_XH_A_J7_78_0 (kibot - out_compress.py:116)
DEBUG:Adding /tmp/tmp4znhtxk1/pads/JST_B6B_XH_A_J7_78_1 as pads/JST_B6B_XH_A_J7_78_1 (kibot - out_compress.py:116)
DEBUG:Adding /tmp/tmp4znhtxk1/pads/JST_B6B_XH_A_J7_78_2 as pads/JST_B6B_XH_A_J7_78_2 (kibot - out_compress.py:116)
DEBUG:Adding /tmp/tmp4znhtxk1/pads/JST_B6B_XH_A_J7_78_3 as pads/JST_B6B_XH_A_J7_78_3 (kibot - out_compress.py:116)
DEBUG:Adding /tmp/tmp4znhtxk1/pads/JST_B6B_XH_A_J7_78_4 as pads/JST_B6B_XH_A_J7_78_4 (kibot - out_compress.py:116)
DEBUG:Adding /tmp/tmp4znhtxk1/pads/JST_B6B_XH_A_J7_78_5 as pads/JST_B6B_XH_A_J7_78_5 (kibot - out_compress.py:116)
DEBUG:Adding /tmp/tmp4znhtxk1/pads/0R_JP4_79_0 as pads/0R_JP4_79_0 (kibot - out_compress.py:116)
DEBUG:Adding /tmp/tmp4znhtxk1/pads/0R_JP4_79_1 as pads/0R_JP4_79_1 (kibot - out_compress.py:116)
DEBUG:Adding /tmp/tmp4znhtxk1/pads/10k_R8_80_0 as pads/10k_R8_80_0 (kibot - out_compress.py:116)
DEBUG:Adding /tmp/tmp4znhtxk1/pads/10k_R8_80_1 as pads/10k_R8_80_1 (kibot - out_compress.py:116)
DEBUG:Adding /tmp/tmp4znhtxk1/pads/820_R11_81_0 as pads/820_R11_81_0 (kibot - out_compress.py:116)
DEBUG:Adding /tmp/tmp4znhtxk1/pads/820_R11_81_1 as pads/820_R11_81_1 (kibot - out_compress.py:116)
DEBUG:Adding /tmp/tmp4znhtxk1/pads/22u_C15_82_0 as pads/22u_C15_82_0 (kibot - out_compress.py:116)
DEBUG:Adding /tmp/tmp4znhtxk1/pads/22u_C15_82_1 as pads/22u_C15_82_1 (kibot - out_compress.py:116)
DEBUG:Adding /tmp/tmp4znhtxk1/pads/TestPoint_TP1_83_0 as pads/TestPoint_TP1_83_0 (kibot - out_compress.py:116)
DEBUG:Adding /tmp/tmp4znhtxk1/pads/0R_JP1_84_0 as pads/0R_JP1_84_0 (kibot - out_compress.py:116)
DEBUG:Adding /tmp/tmp4znhtxk1/pads/0R_JP1_84_1 as pads/0R_JP1_84_1 (kibot - out_compress.py:116)
DEBUG:Adding /tmp/tmp4znhtxk1/pads/1n_C7_85_0 as pads/1n_C7_85_0 (kibot - out_compress.py:116)
DEBUG:Adding /tmp/tmp4znhtxk1/pads/1n_C7_85_1 as pads/1n_C7_85_1 (kibot - out_compress.py:116)
DEBUG:Adding /tmp/tmp4znhtxk1/pads/10k_R1_86_0 as pads/10k_R1_86_0 (kibot - out_compress.py:116)
DEBUG:Adding /tmp/tmp4znhtxk1/pads/10k_R1_86_1 as pads/10k_R1_86_1 (kibot - out_compress.py:116)
DEBUG:Adding /tmp/tmp4znhtxk1/pads/4_7u_C2_87_0 as pads/4_7u_C2_87_0 (kibot - out_compress.py:116)
DEBUG:Adding /tmp/tmp4znhtxk1/pads/4_7u_C2_87_1 as pads/4_7u_C2_87_1 (kibot - out_compress.py:116)
DEBUG:Adding /tmp/tmp4znhtxk1/pads/0R_JP22_88_0 as pads/0R_JP22_88_0 (kibot - out_compress.py:116)
DEBUG:Adding /tmp/tmp4znhtxk1/pads/0R_JP22_88_1 as pads/0R_JP22_88_1 (kibot - out_compress.py:116)
DEBUG:Adding /tmp/tmp4znhtxk1/pads/2k2_R4_89_0 as pads/2k2_R4_89_0 (kibot - out_compress.py:116)
DEBUG:Adding /tmp/tmp4znhtxk1/pads/2k2_R4_89_1 as pads/2k2_R4_89_1 (kibot - out_compress.py:116)
DEBUG:Adding /tmp/tmp4znhtxk1/pads/TestPoint_TP17_90_0 as pads/TestPoint_TP17_90_0 (kibot - out_compress.py:116)
DEBUG:Adding /tmp/tmp4znhtxk1/pads/1n_C22_91_0 as pads/1n_C22_91_0 (kibot - out_compress.py:116)
DEBUG:Adding /tmp/tmp4znhtxk1/pads/1n_C22_91_1 as pads/1n_C22_91_1 (kibot - out_compress.py:116)
DEBUG:Adding /tmp/tmp4znhtxk1/pads/0R_JP3_92_0 as pads/0R_JP3_92_0 (kibot - out_compress.py:116)
DEBUG:Adding /tmp/tmp4znhtxk1/pads/0R_JP3_92_1 as pads/0R_JP3_92_1 (kibot - out_compress.py:116)
DEBUG:Adding /tmp/tmp4znhtxk1/pads/BAV99_D1_93_0 as pads/BAV99_D1_93_0 (kibot - out_compress.py:116)
DEBUG:Adding /tmp/tmp4znhtxk1/pads/BAV99_D1_93_1 as pads/BAV99_D1_93_1 (kibot - out_compress.py:116)
DEBUG:Adding /tmp/tmp4znhtxk1/pads/BAV99_D1_93_2 as pads/BAV99_D1_93_2 (kibot - out_compress.py:116)
DEBUG:Adding /tmp/tmp4znhtxk1/pads/1n_C8_94_0 as pads/1n_C8_94_0 (kibot - out_compress.py:116)
DEBUG:Adding /tmp/tmp4znhtxk1/pads/1n_C8_94_1 as pads/1n_C8_94_1 (kibot - out_compress.py:116)
DEBUG:Adding /tmp/tmp4znhtxk1/pads/0R_JP12_95_0 as pads/0R_JP12_95_0 (kibot - out_compress.py:116)
DEBUG:Adding /tmp/tmp4znhtxk1/pads/0R_JP12_95_1 as pads/0R_JP12_95_1 (kibot - out_compress.py:116)
DEBUG:Adding /tmp/tmp4znhtxk1/pads/1n_C21_96_0 as pads/1n_C21_96_0 (kibot - out_compress.py:116)
DEBUG:Adding /tmp/tmp4znhtxk1/pads/1n_C21_96_1 as pads/1n_C21_96_1 (kibot - out_compress.py:116)
DEBUG:Adding /tmp/tmp4znhtxk1/pads/HX_JN1_27_2x5_WZ_H4_9_J4_97_0 as pads/HX_JN1_27_2x5_WZ_H4_9_J4_97_0 (kibot - out_compress.py:116)
DEBUG:Adding /tmp/tmp4znhtxk1/pads/HX_JN1_27_2x5_WZ_H4_9_J4_97_1 as pads/HX_JN1_27_2x5_WZ_H4_9_J4_97_1 (kibot - out_compress.py:116)
DEBUG:Adding /tmp/tmp4znhtxk1/pads/HX_JN1_27_2x5_WZ_H4_9_J4_97_2 as pads/HX_JN1_27_2x5_WZ_H4_9_J4_97_2 (kibot - out_compress.py:116)
DEBUG:Adding /tmp/tmp4znhtxk1/pads/HX_JN1_27_2x5_WZ_H4_9_J4_97_3 as pads/HX_JN1_27_2x5_WZ_H4_9_J4_97_3 (kibot - out_compress.py:116)
DEBUG:Adding /tmp/tmp4znhtxk1/pads/HX_JN1_27_2x5_WZ_H4_9_J4_97_4 as pads/HX_JN1_27_2x5_WZ_H4_9_J4_97_4 (kibot - out_compress.py:116)
DEBUG:Adding /tmp/tmp4znhtxk1/pads/HX_JN1_27_2x5_WZ_H4_9_J4_97_5 as pads/HX_JN1_27_2x5_WZ_H4_9_J4_97_5 (kibot - out_compress.py:116)
DEBUG:Adding /tmp/tmp4znhtxk1/pads/HX_JN1_27_2x5_WZ_H4_9_J4_97_6 as pads/HX_JN1_27_2x5_WZ_H4_9_J4_97_6 (kibot - out_compress.py:116)
DEBUG:Adding /tmp/tmp4znhtxk1/pads/HX_JN1_27_2x5_WZ_H4_9_J4_97_7 as pads/HX_JN1_27_2x5_WZ_H4_9_J4_97_7 (kibot - out_compress.py:116)
DEBUG:Adding /tmp/tmp4znhtxk1/pads/HX_JN1_27_2x5_WZ_H4_9_J4_97_8 as pads/HX_JN1_27_2x5_WZ_H4_9_J4_97_8 (kibot - out_compress.py:116)
DEBUG:Adding /tmp/tmp4znhtxk1/pads/HX_JN1_27_2x5_WZ_H4_9_J4_97_9 as pads/HX_JN1_27_2x5_WZ_H4_9_J4_97_9 (kibot - out_compress.py:116)
DEBUG:Adding /tmp/tmp4znhtxk1/pads/2_54_mm_header_J2_98_0 as pads/2_54_mm_header_J2_98_0 (kibot - out_compress.py:116)
DEBUG:Adding /tmp/tmp4znhtxk1/pads/2_54_mm_header_J2_98_1 as pads/2_54_mm_header_J2_98_1 (kibot - out_compress.py:116)
DEBUG:Adding /tmp/tmp4znhtxk1/pads/2_54_mm_header_J2_98_2 as pads/2_54_mm_header_J2_98_2 (kibot - out_compress.py:116)
DEBUG:Adding /tmp/tmp4znhtxk1/pads/2_54_mm_header_J2_98_3 as pads/2_54_mm_header_J2_98_3 (kibot - out_compress.py:116)
DEBUG:Adding /tmp/tmp4znhtxk1/pads/Conn_01x14_Pin_J3_99_0 as pads/Conn_01x14_Pin_J3_99_0 (kibot - out_compress.py:116)
DEBUG:Adding /tmp/tmp4znhtxk1/pads/Conn_01x14_Pin_J3_99_1 as pads/Conn_01x14_Pin_J3_99_1 (kibot - out_compress.py:116)
DEBUG:Adding /tmp/tmp4znhtxk1/pads/Conn_01x14_Pin_J3_99_2 as pads/Conn_01x14_Pin_J3_99_2 (kibot - out_compress.py:116)
DEBUG:Adding /tmp/tmp4znhtxk1/pads/Conn_01x14_Pin_J3_99_3 as pads/Conn_01x14_Pin_J3_99_3 (kibot - out_compress.py:116)
DEBUG:Adding /tmp/tmp4znhtxk1/pads/Conn_01x14_Pin_J3_99_4 as pads/Conn_01x14_Pin_J3_99_4 (kibot - out_compress.py:116)
DEBUG:Adding /tmp/tmp4znhtxk1/pads/Conn_01x14_Pin_J3_99_5 as pads/Conn_01x14_Pin_J3_99_5 (kibot - out_compress.py:116)
DEBUG:Adding /tmp/tmp4znhtxk1/pads/Conn_01x14_Pin_J3_99_6 as pads/Conn_01x14_Pin_J3_99_6 (kibot - out_compress.py:116)
DEBUG:Adding /tmp/tmp4znhtxk1/pads/Conn_01x14_Pin_J3_99_7 as pads/Conn_01x14_Pin_J3_99_7 (kibot - out_compress.py:116)
DEBUG:Adding /tmp/tmp4znhtxk1/pads/Conn_01x14_Pin_J3_99_8 as pads/Conn_01x14_Pin_J3_99_8 (kibot - out_compress.py:116)
DEBUG:Adding /tmp/tmp4znhtxk1/pads/Conn_01x14_Pin_J3_99_9 as pads/Conn_01x14_Pin_J3_99_9 (kibot - out_compress.py:116)
DEBUG:Adding /tmp/tmp4znhtxk1/pads/Conn_01x14_Pin_J3_99_10 as pads/Conn_01x14_Pin_J3_99_10 (kibot - out_compress.py:116)
DEBUG:Adding /tmp/tmp4znhtxk1/pads/Conn_01x14_Pin_J3_99_11 as pads/Conn_01x14_Pin_J3_99_11 (kibot - out_compress.py:116)
DEBUG:Adding /tmp/tmp4znhtxk1/pads/Conn_01x14_Pin_J3_99_12 as pads/Conn_01x14_Pin_J3_99_12 (kibot - out_compress.py:116)
DEBUG:Adding /tmp/tmp4znhtxk1/pads/Conn_01x14_Pin_J3_99_13 as pads/Conn_01x14_Pin_J3_99_13 (kibot - out_compress.py:116)
DEBUG:Adding /tmp/tmp4znhtxk1/pads/TFT_2_4in_320x240_TFT1_100_0 as pads/TFT_2_4in_320x240_TFT1_100_0 (kibot - out_compress.py:116)
DEBUG:Adding /tmp/tmp4znhtxk1/pads/TFT_2_4in_320x240_TFT1_100_1 as pads/TFT_2_4in_320x240_TFT1_100_1 (kibot - out_compress.py:116)
DEBUG:Adding /tmp/tmp4znhtxk1/pads/TFT_2_4in_320x240_TFT1_100_2 as pads/TFT_2_4in_320x240_TFT1_100_2 (kibot - out_compress.py:116)
DEBUG:Adding /tmp/tmp4znhtxk1/pads/TFT_2_4in_320x240_TFT1_100_3 as pads/TFT_2_4in_320x240_TFT1_100_3 (kibot - out_compress.py:116)
DEBUG:Adding /tmp/tmp4znhtxk1/layers/stackup as layers/stackup (kibot - out_compress.py:116)
DEBUG:Adding /tmp/tmp4znhtxk1/boards as boards (kibot - out_compress.py:116)
DEBUG:Starting tool check for Blender (kibot - dep_downloader.py:866)
DEBUG:- Returning `/usr/bin/blender` (kibot - dep_downloader.py:873)
DEBUG:Starting tool check for ImageMagick (kibot - dep_downloader.py:866)
DEBUG:- Returning `/usr/bin/convert` (kibot - dep_downloader.py:873)
DEBUG:Scene:
{
  "auto_camera_z_axis_factor": 1.1,
  "fixed_auto_camera": false,
  "lights": [
    {
      "energy": 0.5,
      "name": "sunlight",
      "position": [
        -0.33316650000000003,
        0.33316650000000003,
        0.50025
      ],
      "type": "SUN"
    },
    {
      "energy": 2.4024005999999996,
      "name": "softbox1",
      "position": [
        -0.33316650000000003,
        0.33316650000000003,
        0.50025
      ],
      "type": "AREA"
    },
    {
      "energy": 2.4024005999999996,
      "name": "softbox2",
      "position": [
        0.33316650000000003,
        -0.33316650000000003,
        0.50025
      ],
      "type": "AREA"
    },
    {
      "energy": 2.4024005999999996,
      "name": "softbox3",
      "position": [
        -0.33316650000000003,
        -0.33316650000000003,
        0.50025
      ],
      "type": "AREA"
    },
    {
      "energy": 2.4024005999999996,
      "name": "softbox4",
      "position": [
        -0.33316650000000003,
        0.33316650000000003,
        0.50025
      ],
      "type": "AREA"
    }
  ],
  "point_of_view": [
    {
      "rotate_x": -15,
      "rotate_y": -25,
      "rotate_z": 0,
      "view": "z"
    }
  ],
  "render": {
    "background1": "#66667F",
    "background2": "#66667F",
    "resolution_x": 1080,
    "resolution_y": 1080,
    "samples": 4,
    "transparent_background": true
  }
} (kibot - out_blender_export.py:610)
DEBUG:- Executing: /usr/bin/blender -b --factory-startup -P /usr/lib/python3/dist-packages/kibot/blender_scripts/blender_export.py -- --format render --output /work/output/3d/ktest-3D_blenderangled_top.png --scene /tmp/tmp1bfi1rrw.json /work/output/3d/ktest-blender_export.pcb3d (kibot - kiplot.py:161)
DEBUG:- Output from command: Importing PCB3D file ...
Add-on not loaded: "pcb2blender_importer", cause: No module named 'pcb2blender_importer'
Add-on not loaded: "pcb3d_importer", cause: No module named 'pcb3d_importer'
Add-on not loaded: "bl_ext.blender_org.pcb3d_importer", cause: No module named 'bl_ext.blender_org.pcb3d_importer'
Skipping wheel for other system (win_arm64 != linux_x86_64): pillow-11.3.0-cp311-cp311-win_arm64.whl
Skipping wheel for other system (win_arm64 != linux_x86_64): skia_python-138.0-cp311-cp311-win_arm64.whl
Skipping wheel for other system (win_amd64 != linux_x86_64): skia_python-138.0-cp311-cp311-win_amd64.whl
Skipping wheel for other system (macosx_11_0_arm64 != linux_x86_64): pillow-11.3.0-cp311-cp311-macosx_11_0_arm64.whl
Skipping wheel for other system (macosx_11_0_arm64 != linux_x86_64): skia_python-138.0-cp311-cp311-macosx_11_0_arm64.whl
Skipping wheel for other system (macosx_10_10_x86_64 != linux_x86_64): pillow-11.3.0-cp311-cp311-macosx_10_10_x86_64.whl
Skipping wheel for other system (macosx_11_0_x86_64 != linux_x86_64): skia_python-138.0-cp311-cp311-macosx_11_0_x86_64.whl
Skipping wheel for other system (win_amd64 != linux_x86_64): pillow-11.3.0-cp311-cp311-win_amd64.whl
unknown drill shape '2'
unknown drill shape '2'
unknown drill shape '2'
unknown drill shape '2'
unknown drill shape '2'
unknown drill shape '2'
unknown drill shape '2'
unknown drill shape '2'
unknown drill shape '2'
unknown drill shape '2'
unknown drill shape '2'
unknown drill shape '2'
{
  "auto_camera_z_axis_factor": 1.1,
  "fixed_auto_camera": false,
  "lights": [
    {
      "energy": 0.5,
      "name": "sunlight",
      "position": [
        -0.33316650000000003,
        0.33316650000000003,
        0.50025
      ],
      "type": "SUN"
    },
    {
      "energy": 2.4024005999999996,
      "name": "softbox1",
      "position": [
        -0.33316650000000003,
        0.33316650000000003,
        0.50025
      ],
      "type": "AREA"
    },
    {
      "energy": 2.4024005999999996,
      "name": "softbox2",
      "position": [
        0.33316650000000003,
        -0.33316650000000003,
        0.50025
      ],
      "type": "AREA"
    },
    {
      "energy": 2.4024005999999996,
      "name": "softbox3",
      "position": [
        -0.33316650000000003,
        -0.33316650000000003,
        0.50025
      ],
      "type": "AREA"
    },
    {
      "energy": 2.4024005999999996,
      "name": "softbox4",
      "position": [
        -0.33316650000000003,
        0.33316650000000003,
        0.50025
      ],
      "type": "AREA"
    }
  ],
  "point_of_view": [
    {
      "rotate_x": -15,
      "rotate_y": -25,
      "rotate_z": 0,
      "view": "z"
    }
  ],
  "render": {
    "background1": "#66667F",
    "background2": "#66667F",
    "resolution_x": 1080,
    "resolution_y": 1080,
    "samples": 4,
    "transparent_background": true
  }
}
- Select all
- Initial rotations: (-15, -25, 0)
- Creating camera kibot_camera at (0.0, 0.0, 10.0)
- Changing camera to focus the board
- Creating light sunlight at [-0.33316650000000003, 0.33316650000000003, 0.50025], type: SUN energy: 0.5
- Default energy: 10.0
- Creating light softbox1 at [-0.33316650000000003, 0.33316650000000003, 0.50025], type: AREA energy: 2.4024005999999996
- Default energy: 10.0
- Creating light softbox2 at [0.33316650000000003, -0.33316650000000003, 0.50025], type: AREA energy: 2.4024005999999996
- Default energy: 10.0
- Creating light softbox3 at [-0.33316650000000003, -0.33316650000000003, 0.50025], type: AREA energy: 2.4024005999999996
- Default energy: 10.0
- Creating light softbox4 at [-0.33316650000000003, 0.33316650000000003, 0.50025], type: AREA energy: 2.4024005999999996
- Default energy: 10.0
Original colour transform: AgX
Solder-mask texture adjustment: 1 shader node(s), strength=0.2
Softbox softbox1: size=0.388 x 0.581, energy=2.402, aimed at board centre
Softbox softbox2: size=0.388 x 0.581, energy=2.402, aimed at board centre
Softbox softbox3: size=0.388 x 0.581, energy=2.402, aimed at board centre
Softbox softbox4: size=0.388 x 0.581, energy=2.402, aimed at board centre
DARK MATERIAL 'SHAPE_1': (0.14702726900577545, 0.1441284716129303, 0.1441284716129303, 1.0) -> (0.022054091095924377, 0.021619271486997604, 0.021619271486997604, 1.0)
DARK MATERIAL 'SHAPE_1.005': (0.14702726900577545, 0.1441284716129303, 0.1441284716129303, 1.0) -> (0.022054091095924377, 0.021619271486997604, 0.021619271486997604, 1.0)
DARK MATERIAL 'SHAPE_1.007': (0.14702726900577545, 0.1441284716129303, 0.1441284716129303, 1.0) -> (0.022054091095924377, 0.021619271486997604, 0.021619271486997604, 1.0)
DARK MATERIAL 'SHAPE_1.009': (0.14702726900577545, 0.1441284716129303, 0.1441284716129303, 1.0) -> (0.022054091095924377, 0.021619271486997604, 0.021619271486997604, 1.0)
DARK MATERIAL 'SHAPE_1.012': (0.14702726900577545, 0.1441284716129303, 0.1441284716129303, 1.0) -> (0.022054091095924377, 0.021619271486997604, 0.021619271486997604, 1.0)
DARK MATERIAL 'SHAPE_1.014': (0.14702726900577545, 0.1441284716129303, 0.1441284716129303, 1.0) -> (0.022054091095924377, 0.021619271486997604, 0.021619271486997604, 1.0)
DARK MATERIAL 'SHAPE_1.016': (0.14702726900577545, 0.1441284716129303, 0.1441284716129303, 1.0) -> (0.022054091095924377, 0.021619271486997604, 0.021619271486997604, 1.0)
DARK MATERIAL 'SHAPE_14': (0.0802198201417923, 0.08437620848417282, 0.09305896610021591, 1.0) -> (0.012032972648739815, 0.012656431645154953, 0.013958845287561417, 1.0)
DARK MATERIAL 'SHAPE_14.001': (0.0802198201417923, 0.08437620848417282, 0.09305896610021591, 1.0) -> (0.012032972648739815, 0.012656431645154953, 0.013958845287561417, 1.0)
DARK MATERIAL 'SHAPE_19': (0.15896083414554596, 0.15896083414554596, 0.15896083414554596, 1.0) -> (0.023844124749302864, 0.023844124749302864, 0.023844124749302864, 1.0)
DARK MATERIAL 'SHAPE_4': (0.14702726900577545, 0.1441284716129303, 0.1441284716129303, 1.0) -> (0.022054091095924377, 0.021619271486997604, 0.021619271486997604, 1.0)
Darkened 11 component material(s)
MATERIAL_DIAG JST housing corrected: JST_XH_B4B-XH-A_1x04_P2.50mm_Vertical; contacts retained
MATERIAL_DIAG JST housing corrected: JST_XH_B6B-XH-A_1x06_P2.50mm_Vertical; contacts retained
Metal roughness floor: 0.25; adjusted 3 shader(s)
MATERIAL_DIAG 'SHAPE_1': {'Color': {'value': (0.022054091095924377, 0.021619271486997604, 0.021619271486997604, 1.0), 'linked': False}, 'Texture Strength': {'value': 0.5, 'linked': False}, 'Scratches': {'value': 0.5, 'linked': False}, 'Normal': {'value': (0.0, 0.0, 0.0), 'linked': False}}
MATERIAL_DIAG 'SHAPE_1.001': {'Color': {'value': (0.8227857351303101, 0.8148465752601624, 0.7758222222328186, 1.0), 'linked': False}, 'Texture Strength': {'value': 0.5, 'linked': False}, 'Scratches': {'value': 0.5, 'linked': False}, 'Normal': {'value': (0.0, 0.0, 0.0), 'linked': False}}
MATERIAL_DIAG 'SHAPE_1.002': {'Color': {'value': (0.8879231214523315, 0.8879231214523315, 0.8069522380828857, 1.0), 'linked': False}, 'Texture Strength': {'value': 0.5, 'linked': False}, 'Scratches': {'value': 0.5, 'linked': False}, 'Normal': {'value': (0.0, 0.0, 0.0), 'linked': False}}
MATERIAL_DIAG 'SHAPE_1.003': {'Color': {'value': (0.8227857351303101, 0.8148465752601624, 0.7758222222328186, 1.0), 'linked': False}, 'Texture Strength': {'value': 0.5, 'linked': False}, 'Scratches': {'value': 0.5, 'linked': False}, 'Normal': {'value': (0.0, 0.0, 0.0), 'linked': False}}
MATERIAL_DIAG 'SHAPE_1.004': {'Color': {'value': (0.8227857351303101, 0.8148465752601624, 0.7758222222328186, 1.0), 'linked': False}, 'Texture Strength': {'value': 0.5, 'linked': False}, 'Scratches': {'value': 0.5, 'linked': False}, 'Normal': {'value': (0.0, 0.0, 0.0), 'linked': False}}
MATERIAL_DIAG 'SHAPE_1.005': {'Color': {'value': (0.022054091095924377, 0.021619271486997604, 0.021619271486997604, 1.0), 'linked': False}, 'Texture Strength': {'value': 0.5, 'linked': False}, 'Scratches': {'value': 0.5, 'linked': False}, 'Normal': {'value': (0.0, 0.0, 0.0), 'linked': False}}
MATERIAL_DIAG 'SHAPE_1.006': {'Color': {'value': (0.8227857351303101, 0.8148465752601624, 0.7758222222328186, 1.0), 'linked': False}, 'Texture Strength': {'value': 0.5, 'linked': False}, 'Scratches': {'value': 0.5, 'linked': False}, 'Normal': {'value': (0.0, 0.0, 0.0), 'linked': False}}
MATERIAL_DIAG 'SHAPE_1.007': {'Color': {'value': (0.022054091095924377, 0.021619271486997604, 0.021619271486997604, 1.0), 'linked': False}, 'Texture Strength': {'value': 0.5, 'linked': False}, 'Scratches': {'value': 0.5, 'linked': False}, 'Normal': {'value': (0.0, 0.0, 0.0), 'linked': False}}
MATERIAL_DIAG 'SHAPE_1.008': {'Color': {'value': (0.8879231214523315, 0.8879231214523315, 0.8069522380828857, 1.0), 'linked': False}, 'Texture Strength': {'value': 0.5, 'linked': False}, 'Scratches': {'value': 0.5, 'linked': False}, 'Normal': {'value': (0.0, 0.0, 0.0), 'linked': False}}
MATERIAL_DIAG 'SHAPE_1.009': {'Color': {'value': (0.022054091095924377, 0.021619271486997604, 0.021619271486997604, 1.0), 'linked': False}, 'Texture Strength': {'value': 0.5, 'linked': False}, 'Scratches': {'value': 0.5, 'linked': False}, 'Normal': {'value': (0.0, 0.0, 0.0), 'linked': False}}
MATERIAL_DIAG 'SHAPE_1.010': {'Color': {'value': (0.8796223998069763, 0.7083757519721985, 0.4910208582878113, 1.0), 'linked': False}, 'Texture Strength': {'value': 0.5, 'linked': False}, 'Scratches': {'value': 0.5, 'linked': False}, 'Normal': {'value': (0.0, 0.0, 0.0), 'linked': False}}
MATERIAL_DIAG 'SHAPE_1.011': {'Color': {'value': (0.8796223998069763, 0.7083757519721985, 0.4910208582878113, 1.0), 'linked': False}, 'Texture Strength': {'value': 0.5, 'linked': False}, 'Scratches': {'value': 0.5, 'linked': False}, 'Normal': {'value': (0.0, 0.0, 0.0), 'linked': False}}
MATERIAL_DIAG 'SHAPE_1.012': {'Color': {'value': (0.022054091095924377, 0.021619271486997604, 0.021619271486997604, 1.0), 'linked': False}, 'Texture Strength': {'value': 0.5, 'linked': False}, 'Scratches': {'value': 0.5, 'linked': False}, 'Normal': {'value': (0.0, 0.0, 0.0), 'linked': False}}
MATERIAL_DIAG 'SHAPE_1.013': {'Color': {'value': (0.8227857351303101, 0.8148465752601624, 0.7758222222328186, 1.0), 'linked': False}, 'Texture Strength': {'value': 0.5, 'linked': False}, 'Scratches': {'value': 0.5, 'linked': False}, 'Normal': {'value': (0.0, 0.0, 0.0), 'linked': False}}
MATERIAL_DIAG 'SHAPE_1.014': {'Color': {'value': (0.022054091095924377, 0.021619271486997604, 0.021619271486997604, 1.0), 'linked': False}, 'Texture Strength': {'value': 0.5, 'linked': False}, 'Scratches': {'value': 0.5, 'linked': False}, 'Normal': {'value': (0.0, 0.0, 0.0), 'linked': False}}
MATERIAL_DIAG 'SHAPE_1.015': {'Color': {'value': (0.8227857351303101, 0.8148465752601624, 0.7758222222328186, 1.0), 'linked': False}, 'Texture Strength': {'value': 0.5, 'linked': False}, 'Scratches': {'value': 0.5, 'linked': False}, 'Normal': {'value': (0.0, 0.0, 0.0), 'linked': False}}
MATERIAL_DIAG 'SHAPE_1.016': {'Color': {'value': (0.022054091095924377, 0.021619271486997604, 0.021619271486997604, 1.0), 'linked': False}, 'Texture Strength': {'value': 0.5, 'linked': False}, 'Scratches': {'value': 0.5, 'linked': False}, 'Normal': {'value': (0.0, 0.0, 0.0), 'linked': False}}
MATERIAL_DIAG 'SHAPE_1.017': {'Color': {'value': (0.8227857351303101, 0.8148465752601624, 0.7758222222328186, 1.0), 'linked': False}, 'Texture Strength': {'value': 0.5, 'linked': False}, 'Scratches': {'value': 0.5, 'linked': False}, 'Normal': {'value': (0.0, 0.0, 0.0), 'linked': False}}
MATERIAL_DIAG 'SHAPE_10': {'Color': {'value': (0.8549926280975342, 0.7379103899002075, 0.4910208582878113, 1.0), 'linked': False}, 'Texture Strength': {'value': 0.5, 'linked': False}, 'Scratches': {'value': 0.5, 'linked': False}, 'Normal': {'value': (0.0, 0.0, 0.0), 'linked': False}}
MATERIAL_DIAG 'SHAPE_11': {'Color': {'value': (0.3762621283531189, 0.26635560393333435, 0.21223075687885284, 1.0), 'linked': False}, 'Texture Strength': {'value': 0.5, 'linked': False}, 'Scratches': {'value': 0.5, 'linked': False}, 'Normal': {'value': (0.0, 0.0, 0.0), 'linked': False}}
MATERIAL_DIAG 'SHAPE_11.001': {'Color': {'value': (0.3762621283531189, 0.26635560393333435, 0.21223075687885284, 1.0), 'linked': False}, 'Texture Strength': {'value': 0.5, 'linked': False}, 'Scratches': {'value': 0.5, 'linked': False}, 'Normal': {'value': (0.0, 0.0, 0.0), 'linked': False}}
MATERIAL_DIAG 'SHAPE_11.002': {'Color': {'value': (0.3762621283531189, 0.26635560393333435, 0.21223075687885284, 1.0), 'linked': False}, 'Texture Strength': {'value': 0.5, 'linked': False}, 'Scratches': {'value': 0.5, 'linked': False}, 'Normal': {'value': (0.0, 0.0, 0.0), 'linked': False}}
MATERIAL_DIAG 'SHAPE_117': {'Color': {'value': (0.68668532371521, 0.6583748459815979, 0.5972017645835876, 1.0), 'linked': False}, 'Texture Strength': {'value': 0.5, 'linked': False}, 'Scratches': {'value': 0.5, 'linked': False}, 'Normal': {'value': (0.0, 0.0, 0.0), 'linked': False}}
MATERIAL_DIAG 'SHAPE_14': {'Color': {'value': (0.012032972648739815, 0.012656431645154953, 0.013958845287561417, 1.0), 'linked': False}, 'Texture Strength': {'value': 0.5, 'linked': False}, 'Scratches': {'value': 0.5, 'linked': False}, 'Normal': {'value': (0.0, 0.0, 0.0), 'linked': False}}
MATERIAL_DIAG 'SHAPE_14.001': {'Color': {'value': (0.012032972648739815, 0.012656431645154953, 0.013958845287561417, 1.0), 'linked': False}, 'Texture Strength': {'value': 0.5, 'linked': False}, 'Scratches': {'value': 0.5, 'linked': False}, 'Normal': {'value': (0.0, 0.0, 0.0), 'linked': False}}
MATERIAL_DIAG 'SHAPE_147': {'Color': {'value': (0.68668532371521, 0.6583748459815979, 0.5972017645835876, 1.0), 'linked': False}, 'Texture Strength': {'value': 0.5, 'linked': False}, 'Scratches': {'value': 0.5, 'linked': False}, 'Normal': {'value': (0.0, 0.0, 0.0), 'linked': False}}
MATERIAL_DIAG 'SHAPE_15': {'Color': {'value': (0.8227857351303101, 0.8148465752601624, 0.7758222222328186, 1.0), 'linked': False}, 'Texture Strength': {'value': 0.5, 'linked': False}, 'Scratches': {'value': 0.5, 'linked': False}, 'Normal': {'value': (0.0, 0.0, 0.0), 'linked': False}}
MATERIAL_DIAG 'SHAPE_15.001': {'Color': {'value': (0.8227857351303101, 0.8148465752601624, 0.7758222222328186, 1.0), 'linked': False}, 'Texture Strength': {'value': 0.5, 'linked': False}, 'Scratches': {'value': 0.5, 'linked': False}, 'Normal': {'value': (0.0, 0.0, 0.0), 'linked': False}}
MATERIAL_DIAG 'SHAPE_15.002': {'Color': {'value': (0.8227857351303101, 0.8148465752601624, 0.7758222222328186, 1.0), 'linked': False}, 'Texture Strength': {'value': 0.5, 'linked': False}, 'Scratches': {'value': 0.5, 'linked': False}, 'Normal': {'value': (0.0, 0.0, 0.0), 'linked': False}}
MATERIAL_DIAG 'SHAPE_15.003': {'Color': {'value': (0.8227857351303101, 0.8148465752601624, 0.7758222222328186, 1.0), 'linked': False}, 'Texture Strength': {'value': 0.5, 'linked': False}, 'Scratches': {'value': 0.5, 'linked': False}, 'Normal': {'value': (0.0, 0.0, 0.0), 'linked': False}}
MATERIAL_DIAG 'SHAPE_19': {'Color': {'value': (0.023844124749302864, 0.023844124749302864, 0.023844124749302864, 1.0), 'linked': False}, 'Texture Strength': {'value': 0.5, 'linked': False}, 'Scratches': {'value': 0.5, 'linked': False}, 'Normal': {'value': (0.0, 0.0, 0.0), 'linked': False}}
MATERIAL_DIAG 'SHAPE_267': {'Color': {'value': (0.68668532371521, 0.6583748459815979, 0.5972017645835876, 1.0), 'linked': False}, 'Texture Strength': {'value': 0.5, 'linked': False}, 'Scratches': {'value': 0.5, 'linked': False}, 'Normal': {'value': (0.0, 0.0, 0.0), 'linked': False}}
MATERIAL_DIAG 'SHAPE_27': {'Color': {'value': (0.8549926280975342, 0.7379103899002075, 0.4910208582878113, 1.0), 'linked': False}, 'Texture Strength': {'value': 0.5, 'linked': False}, 'Scratches': {'value': 0.5, 'linked': False}, 'Normal': {'value': (0.0, 0.0, 0.0), 'linked': False}}
MATERIAL_DIAG 'SHAPE_4': {'Color': {'value': (0.022054091095924377, 0.021619271486997604, 0.021619271486997604, 1.0), 'linked': False}, 'Texture Strength': {'value': 0.5, 'linked': False}, 'Scratches': {'value': 0.5, 'linked': False}, 'Normal': {'value': (0.0, 0.0, 0.0), 'linked': False}}
MATERIAL_DIAG 'SHAPE_5': {'Color': {'value': (0.8227857351303101, 0.8148465752601624, 0.7758222222328186, 1.0), 'linked': False}, 'Texture Strength': {'value': 0.5, 'linked': False}, 'Scratches': {'value': 0.5, 'linked': False}, 'Normal': {'value': (0.0, 0.0, 0.0), 'linked': False}}
MATERIAL_DIAG 'SHAPE_507': {'Color': {'value': (0.68668532371521, 0.6583748459815979, 0.5972017645835876, 1.0), 'linked': False}, 'Texture Strength': {'value': 0.5, 'linked': False}, 'Scratches': {'value': 0.5, 'linked': False}, 'Normal': {'value': (0.0, 0.0, 0.0), 'linked': False}}
MATERIAL_DIAG 'SHAPE_6': {'Color': {'value': (0.8227857351303101, 0.8148465752601624, 0.7758222222328186, 1.0), 'linked': False}, 'Texture Strength': {'value': 0.5, 'linked': False}, 'Scratches': {'value': 0.5, 'linked': False}, 'Normal': {'value': (0.0, 0.0, 0.0), 'linked': False}}
MATERIAL_DIAG 'SHAPE_6.001': {'Color': {'value': (0.8227857351303101, 0.8148465752601624, 0.7758222222328186, 1.0), 'linked': False}, 'Texture Strength': {'value': 0.5, 'linked': False}, 'Scratches': {'value': 0.5, 'linked': False}, 'Normal': {'value': (0.0, 0.0, 0.0), 'linked': False}}
MATERIAL_DIAG 'SHAPE_62': {'Color': {'value': (0.8227857351303101, 0.8148465752601624, 0.7758222222328186, 1.0), 'linked': False}, 'Texture Strength': {'value': 0.5, 'linked': False}, 'Scratches': {'value': 0.5, 'linked': False}, 'Normal': {'value': (0.0, 0.0, 0.0), 'linked': False}}
MATERIAL_DIAG 'SHAPE_67': {'Color': {'value': (0.8549926280975342, 0.7379103899002075, 0.4910208582878113, 1.0), 'linked': False}, 'Texture Strength': {'value': 0.5, 'linked': False}, 'Scratches': {'value': 0.5, 'linked': False}, 'Normal': {'value': (0.0, 0.0, 0.0), 'linked': False}}
MATERIAL_DIAG 'SHAPE_69': {'Color': {'value': (0.68668532371521, 0.6583748459815979, 0.5972017645835876, 1.0), 'linked': False}, 'Texture Strength': {'value': 0.5, 'linked': False}, 'Scratches': {'value': 0.5, 'linked': False}, 'Normal': {'value': (0.0, 0.0, 0.0), 'linked': False}}
MATERIAL_DIAG 'SHAPE_74': {'Color': {'value': (0.8227857351303101, 0.8148465752601624, 0.7758222222328186, 1.0), 'linked': False}, 'Texture Strength': {'value': 0.5, 'linked': False}, 'Scratches': {'value': 0.5, 'linked': False}, 'Normal': {'value': (0.0, 0.0, 0.0), 'linked': False}}
MATERIAL_DIAG 'SHAPE_8': {'Color': {'value': (0.8879231214523315, 0.8879231214523315, 0.8069522380828857, 1.0), 'linked': False}, 'Texture Strength': {'value': 0.5, 'linked': False}, 'Scratches': {'value': 0.5, 'linked': False}, 'Normal': {'value': (0.0, 0.0, 0.0), 'linked': False}}
MATERIAL_DIAG 'SHAPE_8.001': {'Color': {'value': (0.8879231214523315, 0.8879231214523315, 0.8069522380828857, 1.0), 'linked': False}, 'Texture Strength': {'value': 0.5, 'linked': False}, 'Scratches': {'value': 0.5, 'linked': False}, 'Normal': {'value': (0.0, 0.0, 0.0), 'linked': False}}
Blender 4.2.4 LTS (hash e41b0e807a59 built 2024-11-19 00:31:24)
Fra:1 Mem:92.47M (Peak 92.47M) | Time:00:00.17 | Mem:0.00M, Peak:0.00M | Scene, ViewLayer | Synchronizing object | PCB_ktest-blender_export
Fra:1 Mem:92.47M (Peak 92.47M) | Time:00:00.17 | Mem:0.00M, Peak:0.00M | Scene, ViewLayer | Synchronizing object | C_0603_1608Metric
Fra:1 Mem:92.59M (Peak 92.59M) | Time:00:00.17 | Mem:0.00M, Peak:0.00M | Scene, ViewLayer | Synchronizing object | R_0603_1608Metric
Fra:1 Mem:92.64M (Peak 92.64M) | Time:00:00.17 | Mem:0.00M, Peak:0.00M | Scene, ViewLayer | Synchronizing object | C_0603_1608Metric.001
Fra:1 Mem:92.67M (Peak 92.67M) | Time:00:00.17 | Mem:0.00M, Peak:0.00M | Scene, ViewLayer | Synchronizing object | C_0603_1608Metric.002
Fra:1 Mem:92.68M (Peak 92.68M) | Time:00:00.17 | Mem:0.00M, Peak:0.00M | Scene, ViewLayer | Synchronizing object | C_1210_3225Metric
Fra:1 Mem:92.72M (Peak 92.72M) | Time:00:00.17 | Mem:0.00M, Peak:0.00M | Scene, ViewLayer | Synchronizing object | R_0603_1608Metric.001
Fra:1 Mem:92.77M (Peak 92.77M) | Time:00:00.17 | Mem:0.00M, Peak:0.00M | Scene, ViewLayer | Synchronizing object | C_0603_1608Metric.003
Fra:1 Mem:92.80M (Peak 92.80M) | Time:00:00.17 | Mem:0.00M, Peak:0.00M | Scene, ViewLayer | Synchronizing object | C_0603_1608Metric.004
Fra:1 Mem:92.82M (Peak 92.82M) | Time:00:00.17 | Mem:0.00M, Peak:0.00M | Scene, ViewLayer | Synchronizing object | C_0603_1608Metric.005
Fra:1 Mem:92.84M (Peak 92.84M) | Time:00:00.17 | Mem:0.00M, Peak:0.00M | Scene, ViewLayer | Synchronizing object | C_0603_1608Metric.006
Fra:1 Mem:92.87M (Peak 92.87M) | Time:00:00.17 | Mem:0.00M, Peak:0.00M | Scene, ViewLayer | Synchronizing object | R_Axial_DIN0204_L3.6mm_D1.6mm_P5.08mm_Horizontal
Fra:1 Mem:92.94M (Peak 92.94M) | Time:00:00.17 | Mem:0.00M, Peak:0.00M | Scene, ViewLayer | Synchronizing object | R_0603_1608Metric.002
Fra:1 Mem:93.01M (Peak 93.01M) | Time:00:00.17 | Mem:0.00M, Peak:0.00M | Scene, ViewLayer | Synchronizing object | R_0603_1608Metric.003
Fra:1 Mem:93.13M (Peak 93.13M) | Time:00:00.17 | Mem:0.00M, Peak:0.00M | Scene, ViewLayer | Synchronizing object | HTSOP-8-1EP_3.9x4.9mm_P1.27mm
Fra:1 Mem:93.28M (Peak 93.28M) | Time:00:00.17 | Mem:0.00M, Peak:0.00M | Scene, ViewLayer | Synchronizing object | R_0603_1608Metric.004
Fra:1 Mem:93.37M (Peak 93.37M) | Time:00:00.17 | Mem:0.00M, Peak:0.00M | Scene, ViewLayer | Synchronizing object | R_0603_1608Metric.005
Fra:1 Mem:93.36M (Peak 93.37M) | Time:00:00.17 | Mem:0.00M, Peak:0.00M | Scene, ViewLayer | Synchronizing object | C_0603_1608Metric.007
Fra:1 Mem:93.40M (Peak 93.40M) | Time:00:00.17 | Mem:0.00M, Peak:0.00M | Scene, ViewLayer | Synchronizing object | R_1206_3216Metric
Fra:1 Mem:93.42M (Peak 93.42M) | Time:00:00.17 | Mem:0.00M, Peak:0.00M | Scene, ViewLayer | Synchronizing object | R_0603_1608Metric.006
Fra:1 Mem:93.47M (Peak 93.47M) | Time:00:00.17 | Mem:0.00M, Peak:0.00M | Scene, ViewLayer | Synchronizing object | R_1206_3216Metric.001
Fra:1 Mem:93.47M (Peak 93.47M) | Time:00:00.17 | Mem:0.00M, Peak:0.00M | Scene, ViewLayer | Synchronizing object | C_0603_1608Metric.008
Fra:1 Mem:93.52M (Peak 93.52M) | Time:00:00.17 | Mem:0.00M, Peak:0.00M | Scene, ViewLayer | Synchronizing object | C_1206_3216Metric
Fra:1 Mem:93.76M (Peak 93.76M) | Time:00:00.17 | Mem:0.00M, Peak:0.00M | Scene, ViewLayer | Synchronizing object | SOLDER_Conn_01x14_Pin_J3_99_13
Fra:1 Mem:93.79M (Peak 93.79M) | Time:00:00.17 | Mem:0.00M, Peak:0.00M | Scene, ViewLayer | Synchronizing object | R_0603_1608Metric.007
Fra:1 Mem:93.88M (Peak 93.88M) | Time:00:00.17 | Mem:0.00M, Peak:0.00M | Scene, ViewLayer | Synchronizing object | C_0603_1608Metric.010
Fra:1 Mem:93.98M (Peak 93.98M) | Time:00:00.17 | Mem:0.00M, Peak:0.00M | Scene, ViewLayer | Synchronizing object | SOLDER_Conn_01x14_Pin_J3_99_12
Fra:1 Mem:94.08M (Peak 94.08M) | Time:00:00.17 | Mem:0.00M, Peak:0.00M | Scene, ViewLayer | Synchronizing object | R_0603_1608Metric.008
Fra:1 Mem:94.11M (Peak 94.11M) | Time:00:00.17 | Mem:0.00M, Peak:0.00M | Scene, ViewLayer | Synchronizing object | Crystal_SMD_3225-4Pin_3.2x2.5mm
Fra:1 Mem:94.26M (Peak 94.26M) | Time:00:00.17 | Mem:0.00M, Peak:0.00M | Scene, ViewLayer | Synchronizing object | SOLDER_Conn_01x14_Pin_J3_99_11
Fra:1 Mem:94.35M (Peak 94.35M) | Time:00:00.17 | Mem:0.00M, Peak:0.00M | Scene, ViewLayer | Synchronizing object | C_0603_1608Metric.011
Fra:1 Mem:94.37M (Peak 94.37M) | Time:00:00.17 | Mem:0.00M, Peak:0.00M | Scene, ViewLayer | Synchronizing object | R_0603_1608Metric.009
Fra:1 Mem:94.57M (Peak 94.57M) | Time:00:00.17 | Mem:0.00M, Peak:0.00M | Scene, ViewLayer | Synchronizing object | SOLDER_Conn_01x14_Pin_J3_99_10
Fra:1 Mem:94.70M (Peak 94.70M) | Time:00:00.18 | Mem:0.00M, Peak:0.00M | Scene, ViewLayer | Synchronizing object | R_0603_1608Metric.010
Fra:1 Mem:94.71M (Peak 94.71M) | Time:00:00.18 | Mem:0.00M, Peak:0.00M | Scene, ViewLayer | Synchronizing object | JEITA_SOIC-16_3.9x9.9mm_P1.27mm
Fra:1 Mem:94.78M (Peak 94.78M) | Time:00:00.18 | Mem:0.00M, Peak:0.00M | Scene, ViewLayer | Synchronizing object | SOLDER_Conn_01x14_Pin_J3_99_9
Fra:1 Mem:94.94M (Peak 94.94M) | Time:00:00.18 | Mem:0.00M, Peak:0.00M | Scene, ViewLayer | Synchronizing object | R_1206_3216Metric.002
Fra:1 Mem:95.03M (Peak 95.03M) | Time:00:00.18 | Mem:0.00M, Peak:0.00M | Scene, ViewLayer | Synchronizing object | C_0603_1608Metric.012
Fra:1 Mem:95.10M (Peak 95.10M) | Time:00:00.18 | Mem:0.00M, Peak:0.00M | Scene, ViewLayer | Synchronizing object | R_0603_1608Metric.011
Fra:1 Mem:95.08M (Peak 95.10M) | Time:00:00.18 | Mem:0.00M, Peak:0.00M | Scene, ViewLayer | Synchronizing object | SOLDER_Conn_01x14_Pin_J3_99_8
Fra:1 Mem:95.42M (Peak 95.42M) | Time:00:00.18 | Mem:0.00M, Peak:0.00M | Scene, ViewLayer | Synchronizing object | SOLDER_Conn_01x14_Pin_J3_99_7
Fra:1 Mem:95.35M (Peak 95.42M) | Time:00:00.18 | Mem:0.00M, Peak:0.00M | Scene, ViewLayer | Synchronizing object | C_0603_1608Metric.013
Fra:1 Mem:95.58M (Peak 95.58M) | Time:00:00.18 | Mem:0.00M, Peak:0.00M | Scene, ViewLayer | Synchronizing object | R_1206_3216Metric.003
Fra:1 Mem:95.64M (Peak 95.64M) | Time:00:00.18 | Mem:0.00M, Peak:0.00M | Scene, ViewLayer | Synchronizing object | SOLDER_Conn_01x14_Pin_J3_99_6
Fra:1 Mem:97.26M (Peak 97.26M) | Time:00:00.18 | Mem:0.00M, Peak:0.00M | Scene, ViewLayer | Synchronizing object | SOLDER_Conn_01x14_Pin_J3_99_5
Fra:1 Mem:97.39M (Peak 97.39M) | Time:00:00.18 | Mem:0.00M, Peak:0.00M | Scene, ViewLayer | Synchronizing object | SOLDER_Conn_01x14_Pin_J3_99_4
Fra:1 Mem:97.52M (Peak 97.52M) | Time:00:00.18 | Mem:0.00M, Peak:0.00M | Scene, ViewLayer | Synchronizing object | SOLDER_Conn_01x14_Pin_J3_99_3
Fra:1 Mem:97.65M (Peak 97.65M) | Time:00:00.18 | Mem:0.00M, Peak:0.00M | Scene, ViewLayer | Synchronizing object | SOLDER_Conn_01x14_Pin_J3_99_2
Fra:1 Mem:97.78M (Peak 97.78M) | Time:00:00.18 | Mem:0.00M, Peak:0.00M | Scene, ViewLayer | Synchronizing object | SOLDER_Conn_01x14_Pin_J3_99_1
Fra:1 Mem:97.81M (Peak 97.81M) | Time:00:00.18 | Mem:0.00M, Peak:0.00M | Scene, ViewLayer | Synchronizing object | C_1210_3225Metric.001
Fra:1 Mem:97.89M (Peak 97.89M) | Time:00:00.18 | Mem:0.00M, Peak:0.00M | Scene, ViewLayer | Synchronizing object | R_0603_1608Metric.012
Fra:1 Mem:97.96M (Peak 97.96M) | Time:00:00.18 | Mem:0.00M, Peak:0.00M | Scene, ViewLayer | Synchronizing object | C_0603_1608Metric.014
Fra:1 Mem:98.17M (Peak 98.17M) | Time:00:00.18 | Mem:0.00M, Peak:0.00M | Scene, ViewLayer | Synchronizing object | SOLDER_Conn_01x14_Pin_J3_99_0
Fra:1 Mem:98.26M (Peak 98.26M) | Time:00:00.18 | Mem:0.00M, Peak:0.00M | Scene, ViewLayer | Synchronizing object | SOT-23-6
Fra:1 Mem:98.47M (Peak 98.47M) | Time:00:00.18 | Mem:0.00M, Peak:0.00M | Scene, ViewLayer | Synchronizing object | SOLDER_2_54_mm_header_J2_98_3
Fra:1 Mem:98.92M (Peak 98.92M) | Time:00:00.18 | Mem:0.00M, Peak:0.00M | Scene, ViewLayer | Synchronizing object | C_0603_1608Metric.015
Fra:1 Mem:99.02M (Peak 99.02M) | Time:00:00.18 | Mem:0.00M, Peak:0.00M | Scene, ViewLayer | Synchronizing object | C_0603_1608Metric.016
Fra:1 Mem:99.00M (Peak 99.02M) | Time:00:00.18 | Mem:0.00M, Peak:0.00M | Scene, ViewLayer | Synchronizing object | LQFP-32_7x7mm_P0.8mm
Fra:1 Mem:99.02M (Peak 99.02M) | Time:00:00.18 | Mem:0.00M, Peak:0.00M | Scene, ViewLayer | Synchronizing object | SOLDER_2_54_mm_header_J2_98_2
Fra:1 Mem:99.25M (Peak 99.25M) | Time:00:00.18 | Mem:0.00M, Peak:0.00M | Scene, ViewLayer | Synchronizing object | JST_XH_B4B-XH-A_1x04_P2.50mm_Vertical
Fra:1 Mem:99.49M (Peak 99.49M) | Time:00:00.18 | Mem:0.00M, Peak:0.00M | Scene, ViewLayer | Synchronizing object | SOLDER_2_54_mm_header_J2_98_1
Fra:1 Mem:99.62M (Peak 99.62M) | Time:00:00.18 | Mem:0.00M, Peak:0.00M | Scene, ViewLayer | Synchronizing object | CP_Elec_10x10
Fra:1 Mem:99.74M (Peak 99.74M) | Time:00:00.18 | Mem:0.00M, Peak:0.00M | Scene, ViewLayer | Synchronizing object | SOLDER_2_54_mm_header_J2_98_0
Fra:1 Mem:100.35M (Peak 100.35M) | Time:00:00.18 | Mem:0.00M, Peak:0.00M | Scene, ViewLayer | Synchronizing object | SOLDER_HX_JN1_27_2x5_WZ_H4_9_J4_97_9
Fra:1 Mem:100.48M (Peak 100.48M) | Time:00:00.18 | Mem:0.00M, Peak:0.00M | Scene, ViewLayer | Synchronizing object | SOLDER_HX_JN1_27_2x5_WZ_H4_9_J4_97_8
Fra:1 Mem:100.65M (Peak 100.65M) | Time:00:00.18 | Mem:0.00M, Peak:0.00M | Scene, ViewLayer | Synchronizing object | SOLDER_HX_JN1_27_2x5_WZ_H4_9_J4_97_7
Fra:1 Mem:100.88M (Peak 100.88M) | Time:00:00.18 | Mem:0.00M, Peak:0.00M | Scene, ViewLayer | Synchronizing object | SOLDER_HX_JN1_27_2x5_WZ_H4_9_J4_97_6
Fra:1 Mem:101.10M (Peak 101.10M) | Time:00:00.18 | Mem:0.00M, Peak:0.00M | Scene, ViewLayer | Synchronizing object | SOLDER_HX_JN1_27_2x5_WZ_H4_9_J4_97_5
Fra:1 Mem:101.04M (Peak 101.10M) | Time:00:00.18 | Mem:0.00M, Peak:0.00M | Scene, ViewLayer | Synchronizing object | R_Axial_DIN0204_L3.6mm_D1.6mm_P7.62mm_Horizontal
Fra:1 Mem:100.99M (Peak 101.10M) | Time:00:00.18 | Mem:0.00M, Peak:0.00M | Scene, ViewLayer | Synchronizing object | JST_XH_B6B-XH-A_1x06_P2.50mm_Vertical
Fra:1 Mem:101.08M (Peak 101.10M) | Time:00:00.18 | Mem:0.00M, Peak:0.00M | Scene, ViewLayer | Synchronizing object | SOLDER_HX_JN1_27_2x5_WZ_H4_9_J4_97_4
Fra:1 Mem:101.39M (Peak 101.39M) | Time:00:00.18 | Mem:0.00M, Peak:0.00M | Scene, ViewLayer | Synchronizing object | SOLDER_HX_JN1_27_2x5_WZ_H4_9_J4_97_3
Fra:1 Mem:101.40M (Peak 101.40M) | Time:00:00.18 | Mem:0.00M, Peak:0.00M | Scene, ViewLayer | Synchronizing object | R_1206_3216Metric.004
Fra:1 Mem:101.55M (Peak 101.55M) | Time:00:00.18 | Mem:0.00M, Peak:0.00M | Scene, ViewLayer | Synchronizing object | SOLDER_HX_JN1_27_2x5_WZ_H4_9_J4_97_2
Fra:1 Mem:101.57M (Peak 101.57M) | Time:00:00.18 | Mem:0.00M, Peak:0.00M | Scene, ViewLayer | Synchronizing object | R_0603_1608Metric.013
Fra:1 Mem:101.65M (Peak 101.65M) | Time:00:00.18 | Mem:0.00M, Peak:0.00M | Scene, ViewLayer | Synchronizing object | R_0603_1608Metric.014
Fra:1 Mem:101.94M (Peak 101.94M) | Time:00:00.18 | Mem:0.00M, Peak:0.00M | Scene, ViewLayer | Synchronizing object | C_1210_3225Metric.002
Fra:1 Mem:101.93M (Peak 101.94M) | Time:00:00.18 | Mem:0.00M, Peak:0.00M | Scene, ViewLayer | Synchronizing object | SOLDER_HX_JN1_27_2x5_WZ_H4_9_J4_97_1
Fra:1 Mem:102.17M (Peak 102.17M) | Time:00:00.18 | Mem:0.00M, Peak:0.00M | Scene, ViewLayer | Synchronizing object | C_0603_1608Metric.017
Fra:1 Mem:102.06M (Peak 102.17M) | Time:00:00.18 | Mem:0.00M, Peak:0.00M | Scene, ViewLayer | Synchronizing object | R_0603_1608Metric.015
Fra:1 Mem:100.40M (Peak 102.17M) | Time:00:00.18 | Mem:0.00M, Peak:0.00M | Scene, ViewLayer | Synchronizing object | C_1206_3216Metric.001
Fra:1 Mem:100.42M (Peak 102.17M) | Time:00:00.18 | Mem:0.00M, Peak:0.00M | Scene, ViewLayer | Synchronizing object | R_Axial_DIN0204_L3.6mm_D1.6mm_P7.62mm_Horizontal.001
Fra:1 Mem:100.48M (Peak 102.17M) | Time:00:00.18 | Mem:0.00M, Peak:0.00M | Scene, ViewLayer | Synchronizing object | R_0603_1608Metric.016
Fra:1 Mem:100.49M (Peak 102.17M) | Time:00:00.18 | Mem:0.00M, Peak:0.00M | Scene, ViewLayer | Synchronizing object | SOLDER_HX_JN1_27_2x5_WZ_H4_9_J4_97_0
Fra:1 Mem:101.28M (Peak 102.17M) | Time:00:00.18 | Mem:0.00M, Peak:0.00M | Scene, ViewLayer | Synchronizing object | C_0603_1608Metric.018
Fra:1 Mem:101.29M (Peak 102.17M) | Time:00:00.18 | Mem:0.00M, Peak:0.00M | Scene, ViewLayer | Synchronizing object | SOLDER_1n_C21_96_1
Fra:1 Mem:101.33M (Peak 102.17M) | Time:00:00.18 | Mem:0.00M, Peak:0.00M | Scene, ViewLayer | Synchronizing object | SOLDER_1n_C21_96_0
Fra:1 Mem:101.35M (Peak 102.17M) | Time:00:00.18 | Mem:0.00M, Peak:0.00M | Scene, ViewLayer | Synchronizing object | SOT-23
Fra:1 Mem:101.43M (Peak 102.17M) | Time:00:00.18 | Mem:0.00M, Peak:0.00M | Scene, ViewLayer | Synchronizing object | SOLDER_1n_C8_94_1
Fra:1 Mem:101.49M (Peak 102.17M) | Time:00:00.18 | Mem:0.00M, Peak:0.00M | Scene, ViewLayer | Synchronizing object | SOLDER_1n_C8_94_0
Fra:1 Mem:101.56M (Peak 102.17M) | Time:00:00.18 | Mem:0.00M, Peak:0.00M | Scene, ViewLayer | Synchronizing object | SOLDER_BAV99_D1_93_2
Fra:1 Mem:101.59M (Peak 102.17M) | Time:00:00.18 | Mem:0.00M, Peak:0.00M | Scene, ViewLayer | Synchronizing object | SOLDER_BAV99_D1_93_1
Fra:1 Mem:101.75M (Peak 102.17M) | Time:00:00.18 | Mem:0.00M, Peak:0.00M | Scene, ViewLayer | Synchronizing object | C_0603_1608Metric.019
Fra:1 Mem:101.85M (Peak 102.17M) | Time:00:00.18 | Mem:0.00M, Peak:0.00M | Scene, ViewLayer | Synchronizing object | SOLDER_BAV99_D1_93_0
Fra:1 Mem:101.88M (Peak 102.17M) | Time:00:00.18 | Mem:0.00M, Peak:0.00M | Scene, ViewLayer | Synchronizing object | C_0603_1608Metric.020
Fra:1 Mem:101.88M (Peak 102.17M) | Time:00:00.18 | Mem:0.00M, Peak:0.00M | Scene, ViewLayer | Synchronizing object | SOLDER_1n_C22_91_1
Fra:1 Mem:101.93M (Peak 102.17M) | Time:00:00.18 | Mem:0.00M, Peak:0.00M | Scene, ViewLayer | Synchronizing object | SOLDER_1n_C22_91_0
Fra:1 Mem:101.95M (Peak 102.17M) | Time:00:00.18 | Mem:0.00M, Peak:0.00M | Scene, ViewLayer | Synchronizing object | PinSocket_1x04_P2.54mm_Vertical
Fra:1 Mem:101.99M (Peak 102.17M) | Time:00:00.18 | Mem:0.00M, Peak:0.00M | Scene, ViewLayer | Synchronizing object | SOLDER_2k2_R4_89_1
Fra:1 Mem:102.06M (Peak 102.17M) | Time:00:00.18 | Mem:0.00M, Peak:0.00M | Scene, ViewLayer | Synchronizing object | SOLDER_2k2_R4_89_0
Fra:1 Mem:102.08M (Peak 102.17M) | Time:00:00.18 | Mem:0.00M, Peak:0.00M | Scene, ViewLayer | Synchronizing object | SOLDER_0R_JP22_88_1
Fra:1 Mem:102.11M (Peak 102.17M) | Time:00:00.18 | Mem:0.00M, Peak:0.00M | Scene, ViewLayer | Synchronizing object | PinSocket_1x14_P2.54mm_Vertical
Fra:1 Mem:102.47M (Peak 102.47M) | Time:00:00.18 | Mem:0.00M, Peak:0.00M | Scene, ViewLayer | Synchronizing object | SOLDER_0R_JP22_88_0
Fra:1 Mem:102.66M (Peak 102.66M) | Time:00:00.19 | Mem:0.00M, Peak:0.00M | Scene, ViewLayer | Synchronizing object | SOLDER_4_7u_C2_87_1
Fra:1 Mem:102.73M (Peak 102.73M) | Time:00:00.19 | Mem:0.00M, Peak:0.00M | Scene, ViewLayer | Synchronizing object | SOLDER_4_7u_C2_87_0
Fra:1 Mem:102.75M (Peak 102.75M) | Time:00:00.19 | Mem:0.00M, Peak:0.00M | Scene, ViewLayer | Synchronizing object | SOLDER_10n_C27_0_0
Fra:1 Mem:102.73M (Peak 102.75M) | Time:00:00.19 | Mem:0.00M, Peak:0.00M | Scene, ViewLayer | Synchronizing object | SOLDER_10n_C27_0_1
Fra:1 Mem:102.78M (Peak 102.78M) | Time:00:00.19 | Mem:0.00M, Peak:0.00M | Scene, ViewLayer | Synchronizing object | SOLDER_10k_R1_86_1
Fra:1 Mem:102.81M (Peak 102.81M) | Time:00:00.19 | Mem:0.00M, Peak:0.00M | Scene, ViewLayer | Synchronizing object | SOLDER_2k2_R10_1_0
Fra:1 Mem:102.84M (Peak 102.84M) | Time:00:00.19 | Mem:0.00M, Peak:0.00M | Scene, ViewLayer | Synchronizing object | SOLDER_2k2_R10_1_1
Fra:1 Mem:102.84M (Peak 102.84M) | Time:00:00.19 | Mem:0.00M, Peak:0.00M | Scene, ViewLayer | Synchronizing object | SOLDER_10k_R1_86_0
Fra:1 Mem:102.90M (Peak 102.90M) | Time:00:00.19 | Mem:0.00M, Peak:0.00M | Scene, ViewLayer | Synchronizing object | SOLDER_1n_C7_85_1
Fra:1 Mem:102.93M (Peak 102.93M) | Time:00:00.19 | Mem:0.00M, Peak:0.00M | Scene, ViewLayer | Synchronizing object | SOLDER_1n_C7_85_0
Fra:1 Mem:102.95M (Peak 102.95M) | Time:00:00.19 | Mem:0.00M, Peak:0.00M | Scene, ViewLayer | Synchronizing object | SOLDER_22u_C15_82_1
Fra:1 Mem:102.98M (Peak 102.98M) | Time:00:00.19 | Mem:0.00M, Peak:0.00M | Scene, ViewLayer | Synchronizing object | SOLDER_22u_C15_82_0
Fra:1 Mem:103.01M (Peak 103.01M) | Time:00:00.19 | Mem:0.00M, Peak:0.00M | Scene, ViewLayer | Synchronizing object | SOLDER_820_R11_81_1
Fra:1 Mem:103.04M (Peak 103.04M) | Time:00:00.19 | Mem:0.00M, Peak:0.00M | Scene, ViewLayer | Synchronizing object | SOLDER_820_R11_81_0
Fra:1 Mem:103.06M (Peak 103.06M) | Time:00:00.19 | Mem:0.00M, Peak:0.00M | Scene, ViewLayer | Synchronizing object | SOLDER_22p_C14_3_0
Fra:1 Mem:103.09M (Peak 103.09M) | Time:00:00.19 | Mem:0.00M, Peak:0.00M | Scene, ViewLayer | Synchronizing object | SOLDER_10k_R8_80_1
Fra:1 Mem:103.12M (Peak 103.12M) | Time:00:00.19 | Mem:0.00M, Peak:0.00M | Scene, ViewLayer | Synchronizing object | SOLDER_22p_C14_3_1
Fra:1 Mem:103.14M (Peak 103.14M) | Time:00:00.19 | Mem:0.00M, Peak:0.00M | Scene, ViewLayer | Synchronizing object | SOLDER_10k_R8_80_0
Fra:1 Mem:103.17M (Peak 103.17M) | Time:00:00.19 | Mem:0.00M, Peak:0.00M | Scene, ViewLayer | Synchronizing object | SOLDER_100n_C6_4_0
Fra:1 Mem:103.19M (Peak 103.19M) | Time:00:00.19 | Mem:0.00M, Peak:0.00M | Scene, ViewLayer | Synchronizing object | SOLDER_100n_C6_4_1
Fra:1 Mem:103.22M (Peak 103.22M) | Time:00:00.19 | Mem:0.00M, Peak:0.00M | Scene, ViewLayer | Synchronizing object | SOLDER_0R_JP4_79_1
Fra:1 Mem:103.25M (Peak 103.25M) | Time:00:00.19 | Mem:0.00M, Peak:0.00M | Scene, ViewLayer | Synchronizing object | SOLDER_22u_C18_5_0
Fra:1 Mem:103.28M (Peak 103.28M) | Time:00:00.19 | Mem:0.00M, Peak:0.00M | Scene, ViewLayer | Synchronizing object | SOLDER_22u_C18_5_1
Fra:1 Mem:103.29M (Peak 103.29M) | Time:00:00.19 | Mem:0.00M, Peak:0.00M | Scene, ViewLayer | Synchronizing object | SOLDER_0R_JP4_79_0
Fra:1 Mem:103.34M (Peak 103.34M) | Time:00:00.19 | Mem:0.00M, Peak:0.00M | Scene, ViewLayer | Synchronizing object | SOLDER_10k_R9_6_0
Fra:1 Mem:103.37M (Peak 103.37M) | Time:00:00.19 | Mem:0.00M, Peak:0.00M | Scene, ViewLayer | Synchronizing object | SOLDER_10k_R9_6_1
Fra:1 Mem:103.37M (Peak 103.37M) | Time:00:00.19 | Mem:0.00M, Peak:0.00M | Scene, ViewLayer | Synchronizing object | SOLDER_JST_B6B_XH_A_J7_78_5
Fra:1 Mem:103.50M (Peak 103.50M) | Time:00:00.19 | Mem:0.00M, Peak:0.00M | Scene, ViewLayer | Synchronizing object | SOLDER_10u_L1_7_0
Fra:1 Mem:103.51M (Peak 103.51M) | Time:00:00.19 | Mem:0.00M, Peak:0.00M | Scene, ViewLayer | Synchronizing object | SOLDER_10u_L1_7_1
Fra:1 Mem:103.56M (Peak 103.56M) | Time:00:00.19 | Mem:0.00M, Peak:0.00M | Scene, ViewLayer | Synchronizing object | SOLDER_1n_C23_9_0
Fra:1 Mem:103.58M (Peak 103.58M) | Time:00:00.19 | Mem:0.00M, Peak:0.00M | Scene, ViewLayer | Synchronizing object | SOLDER_1n_C23_9_1
Fra:1 Mem:103.61M (Peak 103.61M) | Time:00:00.19 | Mem:0.00M, Peak:0.00M | Scene, ViewLayer | Synchronizing object | SOLDER_22p_C10_10_0
Fra:1 Mem:103.65M (Peak 103.65M) | Time:00:00.19 | Mem:0.00M, Peak:0.00M | Scene, ViewLayer | Synchronizing object | SOLDER_22p_C10_10_1
Fra:1 Mem:103.71M (Peak 103.71M) | Time:00:00.19 | Mem:0.00M, Peak:0.00M | Scene, ViewLayer | Synchronizing object | SOLDER_33p_C12_12_0
Fra:1 Mem:103.69M (Peak 103.71M) | Time:00:00.19 | Mem:0.00M, Peak:0.00M | Scene, ViewLayer | Synchronizing object | SOLDER_JST_B6B_XH_A_J7_78_4
Fra:1 Mem:103.74M (Peak 103.74M) | Time:00:00.19 | Mem:0.00M, Peak:0.00M | Scene, ViewLayer | Synchronizing object | SOLDER_33p_C12_12_1
Fra:1 Mem:103.84M (Peak 103.84M) | Time:00:00.19 | Mem:0.00M, Peak:0.00M | Scene, ViewLayer | Synchronizing object | SOLDER_100n_C9_13_0
Fra:1 Mem:103.87M (Peak 103.87M) | Time:00:00.19 | Mem:0.00M, Peak:0.00M | Scene, ViewLayer | Synchronizing object | SOLDER_100n_C9_13_1
Fra:1 Mem:103.90M (Peak 103.90M) | Time:00:00.19 | Mem:0.00M, Peak:0.00M | Scene, ViewLayer | Synchronizing object | SOLDER_0R_JP9_14_0
Fra:1 Mem:103.99M (Peak 103.99M) | Time:00:00.19 | Mem:0.00M, Peak:0.00M | Scene, ViewLayer | Synchronizing object | SOLDER_0R_JP9_14_1
Fra:1 Mem:104.13M (Peak 104.13M) | Time:00:00.19 | Mem:0.00M, Peak:0.00M | Scene, ViewLayer | Synchronizing object | SOLDER_JST_B6B_XH_A_J7_78_3
Fra:1 Mem:104.27M (Peak 104.27M) | Time:00:00.19 | Mem:0.00M, Peak:0.00M | Scene, ViewLayer | Synchronizing object | SOLDER_0R_JP20_16_0
Fra:1 Mem:104.30M (Peak 104.30M) | Time:00:00.19 | Mem:0.00M, Peak:0.00M | Scene, ViewLayer | Synchronizing object | SOLDER_0R_JP20_16_1
Fra:1 Mem:104.38M (Peak 104.38M) | Time:00:00.19 | Mem:0.00M, Peak:0.00M | Scene, ViewLayer | Synchronizing object | SOLDER_5k1_R14_18_0
Fra:1 Mem:104.60M (Peak 104.60M) | Time:00:00.19 | Mem:0.00M, Peak:0.00M | Scene, ViewLayer | Synchronizing object | SOLDER_JST_B6B_XH_A_J7_78_2
Fra:1 Mem:104.69M (Peak 104.69M) | Time:00:00.19 | Mem:0.00M, Peak:0.00M | Scene, ViewLayer | Synchronizing object | SOLDER_5k1_R14_18_1
Fra:1 Mem:104.71M (Peak 104.71M) | Time:00:00.19 | Mem:0.00M, Peak:0.00M | Scene, ViewLayer | Synchronizing object | SOLDER_LMR380x0_U1_20_1
Fra:1 Mem:104.74M (Peak 104.74M) | Time:00:00.19 | Mem:0.00M, Peak:0.00M | Scene, ViewLayer | Synchronizing object | SOLDER_LMR380x0_U1_20_2
Fra:1 Mem:104.79M (Peak 104.79M) | Time:00:00.19 | Mem:0.00M, Peak:0.00M | Scene, ViewLayer | Synchronizing object | SOLDER_LMR380x0_U1_20_3
Fra:1 Mem:104.82M (Peak 104.82M) | Time:00:00.19 | Mem:0.00M, Peak:0.00M | Scene, ViewLayer | Synchronizing object | SOLDER_LMR380x0_U1_20_4
Fra:1 Mem:104.86M (Peak 104.86M) | Time:00:00.19 | Mem:0.00M, Peak:0.00M | Scene, ViewLayer | Synchronizing object | SOLDER_LMR380x0_U1_20_5
Fra:1 Mem:104.91M (Peak 104.91M) | Time:00:00.19 | Mem:0.00M, Peak:0.00M | Scene, ViewLayer | Synchronizing object | SOLDER_JST_B6B_XH_A_J7_78_1
Fra:1 Mem:105.07M (Peak 105.07M) | Time:00:00.19 | Mem:0.00M, Peak:0.00M | Scene, ViewLayer | Synchronizing object | SOLDER_LMR380x0_U1_20_6
Fra:1 Mem:105.12M (Peak 105.12M) | Time:00:00.19 | Mem:0.00M, Peak:0.00M | Scene, ViewLayer | Synchronizing object | SOLDER_JST_B6B_XH_A_J7_78_0
Fra:1 Mem:105.20M (Peak 105.20M) | Time:00:00.19 | Mem:0.00M, Peak:0.00M | Scene, ViewLayer | Synchronizing object | SOLDER_LMR380x0_U1_20_7
Fra:1 Mem:105.31M (Peak 105.31M) | Time:00:00.19 | Mem:0.00M, Peak:0.00M | Scene, ViewLayer | Synchronizing object | SOLDER_LMR380x0_U1_20_8
Fra:1 Mem:105.36M (Peak 105.36M) | Time:00:00.19 | Mem:0.00M, Peak:0.00M | Scene, ViewLayer | Synchronizing object | SOLDER_0R_JP18_77_1
Fra:1 Mem:105.48M (Peak 105.48M) | Time:00:00.19 | Mem:0.00M, Peak:0.00M | Scene, ViewLayer | Synchronizing object | SOLDER_0R_JP18_77_0
Fra:1 Mem:105.61M (Peak 105.61M) | Time:00:00.19 | Mem:0.00M, Peak:0.00M | Scene, ViewLayer | Synchronizing object | SOLDER_220u_C24_75_1
Fra:1 Mem:105.64M (Peak 105.64M) | Time:00:00.19 | Mem:0.00M, Peak:0.00M | Scene, ViewLayer | Synchronizing object | SOLDER_220u_C24_75_0
Fra:1 Mem:105.67M (Peak 105.67M) | Time:00:00.19 | Mem:0.00M, Peak:0.00M | Scene, ViewLayer | Synchronizing object | SOLDER_JST_B4B_XH_A_J1_74_3
Fra:1 Mem:105.79M (Peak 105.79M) | Time:00:00.19 | Mem:0.00M, Peak:0.00M | Scene, ViewLayer | Synchronizing object | SOLDER_JST_B4B_XH_A_J1_74_2
Fra:1 Mem:105.77M (Peak 105.79M) | Time:00:00.19 | Mem:0.00M, Peak:0.00M | Scene, ViewLayer | Synchronizing object | SOLDER_LMR380x0_U1_20_9
Fra:1 Mem:106.38M (Peak 106.38M) | Time:00:00.19 | Mem:0.00M, Peak:0.00M | Scene, ViewLayer | Synchronizing object | SOLDER_LMR380x0_U1_20_10
Fra:1 Mem:106.51M (Peak 106.51M) | Time:00:00.19 | Mem:0.00M, Peak:0.00M | Scene, ViewLayer | Synchronizing object | SOLDER_JST_B4B_XH_A_J1_74_1
Fra:1 Mem:106.90M (Peak 106.90M) | Time:00:00.19 | Mem:0.00M, Peak:0.00M | Scene, ViewLayer | Synchronizing object | SOLDER_LMR380x0_U1_20_11
Fra:1 Mem:107.02M (Peak 107.02M) | Time:00:00.19 | Mem:0.00M, Peak:0.00M | Scene, ViewLayer | Synchronizing object | SOLDER_JST_B4B_XH_A_J1_74_0
Fra:1 Mem:107.21M (Peak 107.21M) | Time:00:00.19 | Mem:0.00M, Peak:0.00M | Scene, ViewLayer | Synchronizing object | SOLDER_LMR380x0_U1_20_12
Fra:1 Mem:107.47M (Peak 107.47M) | Time:00:00.19 | Mem:0.00M, Peak:0.00M | Scene, ViewLayer | Synchronizing object | SOLDER_STM32G431K8Tx_U2_73_31
Fra:1 Mem:107.90M (Peak 107.90M) | Time:00:00.19 | Mem:0.00M, Peak:0.00M | Scene, ViewLayer | Synchronizing object | SOLDER_STM32G431K8Tx_U2_73_30
Fra:1 Mem:107.93M (Peak 107.93M) | Time:00:00.19 | Mem:0.00M, Peak:0.00M | Scene, ViewLayer | Synchronizing object | SOLDER_STM32G431K8Tx_U2_73_29
Fra:1 Mem:107.98M (Peak 107.98M) | Time:00:00.19 | Mem:0.00M, Peak:0.00M | Scene, ViewLayer | Synchronizing object | SOLDER_LMR380x0_U1_20_13
Fra:1 Mem:107.98M (Peak 107.98M) | Time:00:00.19 | Mem:0.00M, Peak:0.00M | Scene, ViewLayer | Synchronizing object | SOLDER_STM32G431K8Tx_U2_73_28
Fra:1 Mem:108.11M (Peak 108.11M) | Time:00:00.19 | Mem:0.00M, Peak:0.00M | Scene, ViewLayer | Synchronizing object | SOLDER_STM32G431K8Tx_U2_73_27
Fra:1 Mem:108.14M (Peak 108.14M) | Time:00:00.19 | Mem:0.00M, Peak:0.00M | Scene, ViewLayer | Synchronizing object | SOLDER_STM32G431K8Tx_U2_73_26
Fra:1 Mem:108.17M (Peak 108.17M) | Time:00:00.19 | Mem:0.00M, Peak:0.00M | Scene, ViewLayer | Synchronizing object | SOLDER_STM32G431K8Tx_U2_73_25
Fra:1 Mem:108.22M (Peak 108.22M) | Time:00:00.19 | Mem:0.00M, Peak:0.00M | Scene, ViewLayer | Synchronizing object | SOLDER_STM32G431K8Tx_U2_73_24
Fra:1 Mem:108.23M (Peak 108.23M) | Time:00:00.19 | Mem:0.00M, Peak:0.00M | Scene, ViewLayer | Synchronizing object | SOLDER_LMR380x0_U1_20_16
Fra:1 Mem:108.35M (Peak 108.35M) | Time:00:00.19 | Mem:0.00M, Peak:0.00M | Scene, ViewLayer | Synchronizing object | SOLDER_STM32G431K8Tx_U2_73_23
Fra:1 Mem:106.67M (Peak 108.35M) | Time:00:00.19 | Mem:0.00M, Peak:0.00M | Scene, ViewLayer | Synchronizing object | SOLDER_STM32G431K8Tx_U2_73_22
Fra:1 Mem:106.70M (Peak 108.35M) | Time:00:00.19 | Mem:0.00M, Peak:0.00M | Scene, ViewLayer | Synchronizing object | SOLDER_STM32G431K8Tx_U2_73_21
Fra:1 Mem:106.76M (Peak 108.35M) | Time:00:00.19 | Mem:0.00M, Peak:0.00M | Scene, ViewLayer | Synchronizing object | SOLDER_STM32G431K8Tx_U2_73_20
Fra:1 Mem:106.78M (Peak 108.35M) | Time:00:00.19 | Mem:0.00M, Peak:0.00M | Scene, ViewLayer | Synchronizing object | SOLDER_LMR380x0_U1_20_17
Fra:1 Mem:106.88M (Peak 108.35M) | Time:00:00.19 | Mem:0.00M, Peak:0.00M | Scene, ViewLayer | Synchronizing object | SOLDER_STM32G431K8Tx_U2_73_19
Fra:1 Mem:106.72M (Peak 108.35M) | Time:00:00.19 | Mem:0.00M, Peak:0.00M | Scene, ViewLayer | Synchronizing object | SOLDER_STM32G431K8Tx_U2_73_18
Fra:1 Mem:107.08M (Peak 108.35M) | Time:00:00.19 | Mem:0.00M, Peak:0.00M | Scene, ViewLayer | Synchronizing object | SOLDER_STM32G431K8Tx_U2_73_17
Fra:1 Mem:107.13M (Peak 108.35M) | Time:00:00.19 | Mem:0.00M, Peak:0.00M | Scene, ViewLayer | Synchronizing object | SOLDER_STM32G431K8Tx_U2_73_16
Fra:1 Mem:107.15M (Peak 108.35M) | Time:00:00.19 | Mem:0.00M, Peak:0.00M | Scene, ViewLayer | Synchronizing object | SOLDER_LMR380x0_U1_20_18
Fra:1 Mem:107.26M (Peak 108.35M) | Time:00:00.19 | Mem:0.00M, Peak:0.00M | Scene, ViewLayer | Synchronizing object | SOLDER_STM32G431K8Tx_U2_73_15
Fra:1 Mem:106.88M (Peak 108.35M) | Time:00:00.19 | Mem:0.00M, Peak:0.00M | Scene, ViewLayer | Synchronizing object | SOLDER_LMR380x0_U1_20_19
Fra:1 Mem:106.91M (Peak 108.35M) | Time:00:00.19 | Mem:0.00M, Peak:0.00M | Scene, ViewLayer | Synchronizing object | SOLDER_STM32G431K8Tx_U2_73_14
Fra:1 Mem:107.01M (Peak 108.35M) | Time:00:00.19 | Mem:0.00M, Peak:0.00M | Scene, ViewLayer | Synchronizing object | SOLDER_STM32G431K8Tx_U2_73_13
Fra:1 Mem:107.06M (Peak 108.35M) | Time:00:00.19 | Mem:0.00M, Peak:0.00M | Scene, ViewLayer | Synchronizing object | SOLDER_2k2_R12_22_0
Fra:1 Mem:107.13M (Peak 108.35M) | Time:00:00.19 | Mem:0.00M, Peak:0.00M | Scene, ViewLayer | Synchronizing object | SOLDER_2k2_R12_22_1
Fra:1 Mem:107.16M (Peak 108.35M) | Time:00:00.19 | Mem:0.00M, Peak:0.00M | Scene, ViewLayer | Synchronizing object | SOLDER_Dell_DC_jack_J6_26_4
Fra:1 Mem:107.19M (Peak 108.35M) | Time:00:00.19 | Mem:0.00M, Peak:0.00M | Scene, ViewLayer | Synchronizing object | SOLDER_2k2_R13_29_0
Fra:1 Mem:107.29M (Peak 108.35M) | Time:00:00.19 | Mem:0.00M, Peak:0.00M | Scene, ViewLayer | Synchronizing object | SOLDER_STM32G431K8Tx_U2_73_12
Fra:1 Mem:107.32M (Peak 108.35M) | Time:00:00.19 | Mem:0.00M, Peak:0.00M | Scene, ViewLayer | Synchronizing object | SOLDER_STM32G431K8Tx_U2_73_11
Fra:1 Mem:107.32M (Peak 108.35M) | Time:00:00.19 | Mem:0.00M, Peak:0.00M | Scene, ViewLayer | Synchronizing object | SOLDER_2k2_R13_29_1
Fra:1 Mem:107.42M (Peak 108.35M) | Time:00:00.19 | Mem:0.00M, Peak:0.00M | Scene, ViewLayer | Synchronizing object | SOLDER_STM32G431K8Tx_U2_73_10
Fra:1 Mem:107.41M (Peak 108.35M) | Time:00:00.19 | Mem:0.00M, Peak:0.00M | Scene, ViewLayer | Synchronizing object | SOLDER_10n_C3_31_0
Fra:1 Mem:107.43M (Peak 108.35M) | Time:00:00.19 | Mem:0.00M, Peak:0.00M | Scene, ViewLayer | Synchronizing object | SOLDER_10n_C3_31_1
Fra:1 Mem:107.48M (Peak 108.35M) | Time:00:00.19 | Mem:0.00M, Peak:0.00M | Scene, ViewLayer | Synchronizing object | SOLDER_STM32G431K8Tx_U2_73_9
Fra:1 Mem:107.50M (Peak 108.35M) | Time:00:00.19 | Mem:0.00M, Peak:0.00M | Scene, ViewLayer | Synchronizing object | SOLDER_0R_JP14_32_0
Fra:1 Mem:107.53M (Peak 108.35M) | Time:00:00.19 | Mem:0.00M, Peak:0.00M | Scene, ViewLayer | Synchronizing object | SOLDER_0R_JP14_32_1
Fra:1 Mem:107.56M (Peak 108.35M) | Time:00:00.19 | Mem:0.00M, Peak:0.00M | Scene, ViewLayer | Synchronizing object | SOLDER_STM32G431K8Tx_U2_73_8
Fra:1 Mem:107.59M (Peak 108.35M) | Time:00:00.19 | Mem:0.00M, Peak:0.00M | Scene, ViewLayer | Synchronizing object | SOLDER_10k_R7_35_0
Fra:1 Mem:107.62M (Peak 108.35M) | Time:00:00.19 | Mem:0.00M, Peak:0.00M | Scene, ViewLayer | Synchronizing object | SOLDER_10k_R7_35_1
Fra:1 Mem:107.63M (Peak 108.35M) | Time:00:00.19 | Mem:0.00M, Peak:0.00M | Scene, ViewLayer | Synchronizing object | SOLDER_STM32G431K8Tx_U2_73_7
Fra:1 Mem:107.65M (Peak 108.35M) | Time:00:00.19 | Mem:0.00M, Peak:0.00M | Scene, ViewLayer | Synchronizing object | SOLDER_0R_JP5_36_0
Fra:1 Mem:107.69M (Peak 108.35M) | Time:00:00.19 | Mem:0.00M, Peak:0.00M | Scene, ViewLayer | Synchronizing object | SOLDER_0R_JP5_36_1
Fra:1 Mem:107.69M (Peak 108.35M) | Time:00:00.19 | Mem:0.00M, Peak:0.00M | Scene, ViewLayer | Synchronizing object | SOLDER_STM32G431K8Tx_U2_73_6
Fra:1 Mem:107.74M (Peak 108.35M) | Time:00:00.19 | Mem:0.00M, Peak:0.00M | Scene, ViewLayer | Synchronizing object | SOLDER_1u_C16_39_0
Fra:1 Mem:107.78M (Peak 108.35M) | Time:00:00.19 | Mem:0.00M, Peak:0.00M | Scene, ViewLayer | Synchronizing object | SOLDER_STM32G431K8Tx_U2_73_5
Fra:1 Mem:107.78M (Peak 108.35M) | Time:00:00.19 | Mem:0.00M, Peak:0.00M | Scene, ViewLayer | Synchronizing object | SOLDER_1u_C16_39_1
Fra:1 Mem:107.82M (Peak 108.35M) | Time:00:00.19 | Mem:0.00M, Peak:0.00M | Scene, ViewLayer | Synchronizing object | SOLDER_DC_barrel_assy_J8_40_0
Fra:1 Mem:107.85M (Peak 108.35M) | Time:00:00.19 | Mem:0.00M, Peak:0.00M | Scene, ViewLayer | Synchronizing object | SOLDER_STM32G431K8Tx_U2_73_4
Fra:1 Mem:107.88M (Peak 108.35M) | Time:00:00.19 | Mem:0.00M, Peak:0.00M | Scene, ViewLayer | Synchronizing object | SOLDER_DC_barrel_assy_J8_40_2
Fra:1 Mem:107.91M (Peak 108.35M) | Time:00:00.19 | Mem:0.00M, Peak:0.00M | Scene, ViewLayer | Synchronizing object | SOLDER_DC_barrel_assy_J8_40_4
Fra:1 Mem:107.93M (Peak 108.35M) | Time:00:00.19 | Mem:0.00M, Peak:0.00M | Scene, ViewLayer | Synchronizing object | SOLDER_STM32G431K8Tx_U2_73_3
Fra:1 Mem:107.97M (Peak 108.35M) | Time:00:00.19 | Mem:0.00M, Peak:0.00M | Scene, ViewLayer | Synchronizing object | SOLDER_4_7u_C4_41_0
Fra:1 Mem:107.97M (Peak 108.35M) | Time:00:00.19 | Mem:0.00M, Peak:0.00M | Scene, ViewLayer | Synchronizing object | SOLDER_10n_C26_42_0
Fra:1 Mem:108.00M (Peak 108.35M) | Time:00:00.19 | Mem:0.00M, Peak:0.00M | Scene, ViewLayer | Synchronizing object | SOLDER_STM32G431K8Tx_U2_73_2
Fra:1 Mem:108.05M (Peak 108.35M) | Time:00:00.19 | Mem:0.00M, Peak:0.00M | Scene, ViewLayer | Synchronizing object | SOLDER_10n_C26_42_1
Fra:1 Mem:108.08M (Peak 108.35M) | Time:00:00.19 | Mem:0.00M, Peak:0.00M | Scene, ViewLayer | Synchronizing object | SOLDER_STM32G431K8Tx_U2_73_1
Fra:1 Mem:108.09M (Peak 108.35M) | Time:00:00.19 | Mem:0.00M, Peak:0.00M | Scene, ViewLayer | Synchronizing object | SOLDER_USB_C_Receptacle_USB2_0_16P_J5_43_0
Fra:1 Mem:108.19M (Peak 108.35M) | Time:00:00.19 | Mem:0.00M, Peak:0.00M | Scene, ViewLayer | Synchronizing object | SOLDER_USB_C_Receptacle_USB2_0_16P_J5_43_1
Fra:1 Mem:108.24M (Peak 108.35M) | Time:00:00.19 | Mem:0.00M, Peak:0.00M | Scene, ViewLayer | Synchronizing object | SOLDER_STM32G431K8Tx_U2_73_0
Fra:1 Mem:108.32M (Peak 108.35M) | Time:00:00.19 | Mem:0.00M, Peak:0.00M | Scene, ViewLayer | Synchronizing object | SOLDER_100n_C20_71_1
Fra:1 Mem:108.35M (Peak 108.35M) | Time:00:00.19 | Mem:0.00M, Peak:0.00M | Scene, ViewLayer | Synchronizing object | SOLDER_100n_C20_71_0
Fra:1 Mem:108.41M (Peak 108.41M) | Time:00:00.19 | Mem:0.00M, Peak:0.00M | Scene, ViewLayer | Synchronizing object | SOLDER_100n_C19_68_1
Fra:1 Mem:108.45M (Peak 108.45M) | Time:00:00.19 | Mem:0.00M, Peak:0.00M | Scene, ViewLayer | Synchronizing object | SOLDER_USB_C_Receptacle_USB2_0_16P_J5_43_2
Fra:1 Mem:108.48M (Peak 108.48M) | Time:00:00.19 | Mem:0.00M, Peak:0.00M | Scene, ViewLayer | Synchronizing object | SOLDER_100n_C19_68_0
Fra:1 Mem:108.58M (Peak 108.58M) | Time:00:00.19 | Mem:0.00M, Peak:0.00M | Scene, ViewLayer | Synchronizing object | SOLDER_USBLC6_2SC6_U4_67_5
Fra:1 Mem:108.63M (Peak 108.63M) | Time:00:00.19 | Mem:0.00M, Peak:0.00M | Scene, ViewLayer | Synchronizing object | SOLDER_USBLC6_2SC6_U4_67_4
Fra:1 Mem:108.66M (Peak 108.66M) | Time:00:00.19 | Mem:0.00M, Peak:0.00M | Scene, ViewLayer | Synchronizing object | SOLDER_USB_C_Receptacle_USB2_0_16P_J5_43_3
Fra:1 Mem:108.71M (Peak 108.71M) | Time:00:00.19 | Mem:0.00M, Peak:0.00M | Scene, ViewLayer | Synchronizing object | SOLDER_USBLC6_2SC6_U4_67_3
Fra:1 Mem:108.82M (Peak 108.82M) | Time:00:00.19 | Mem:0.00M, Peak:0.00M | Scene, ViewLayer | Synchronizing object | SOLDER_USBLC6_2SC6_U4_67_2
Fra:1 Mem:108.84M (Peak 108.84M) | Time:00:00.19 | Mem:0.00M, Peak:0.00M | Scene, ViewLayer | Synchronizing object | SOLDER_USBLC6_2SC6_U4_67_1
Fra:1 Mem:108.87M (Peak 108.87M) | Time:00:00.19 | Mem:0.00M, Peak:0.00M | Scene, ViewLayer | Synchronizing object | SOLDER_USB_C_Receptacle_USB2_0_16P_J5_43_4
Fra:1 Mem:109.00M (Peak 109.00M) | Time:00:00.19 | Mem:0.00M, Peak:0.00M | Scene, ViewLayer | Synchronizing object | SOLDER_USB_C_Receptacle_USB2_0_16P_J5_43_5
Fra:1 Mem:109.00M (Peak 109.00M) | Time:00:00.19 | Mem:0.00M, Peak:0.00M | Scene, ViewLayer | Synchronizing object | SOLDER_USBLC6_2SC6_U4_67_0
Fra:1 Mem:109.12M (Peak 109.12M) | Time:00:00.19 | Mem:0.00M, Peak:0.00M | Scene, ViewLayer | Synchronizing object | SOLDER_10n_C5_66_1
Fra:1 Mem:109.15M (Peak 109.15M) | Time:00:00.19 | Mem:0.00M, Peak:0.00M | Scene, ViewLayer | Synchronizing object | SOLDER_10n_C5_66_0
Fra:1 Mem:109.20M (Peak 109.20M) | Time:00:00.19 | Mem:0.00M, Peak:0.00M | Scene, ViewLayer | Synchronizing object | SOLDER_64_9k_R3_65_1
Fra:1 Mem:109.27M (Peak 109.27M) | Time:00:00.19 | Mem:0.00M, Peak:0.00M | Scene, ViewLayer | Synchronizing object | SOLDER_USB_C_Receptacle_USB2_0_16P_J5_43_6
Fra:1 Mem:109.26M (Peak 109.27M) | Time:00:00.19 | Mem:0.00M, Peak:0.00M | Scene, ViewLayer | Synchronizing object | SOLDER_64_9k_R3_65_0
Fra:1 Mem:109.49M (Peak 109.49M) | Time:00:00.19 | Mem:0.00M, Peak:0.00M | Scene, ViewLayer | Synchronizing object | SOLDER_22u_C17_63_1
Fra:1 Mem:109.52M (Peak 109.52M) | Time:00:00.19 | Mem:0.00M, Peak:0.00M | Scene, ViewLayer | Synchronizing object | SOLDER_22u_C17_63_0
Fra:1 Mem:109.54M (Peak 109.54M) | Time:00:00.19 | Mem:0.00M, Peak:0.00M | Scene, ViewLayer | Synchronizing object | SOLDER_0R_JP7_62_1
Fra:1 Mem:109.63M (Peak 109.63M) | Time:00:00.19 | Mem:0.00M, Peak:0.00M | Scene, ViewLayer | Synchronizing object | SOLDER_0R_JP7_62_0
Fra:1 Mem:109.66M (Peak 109.66M) | Time:00:00.19 | Mem:0.00M, Peak:0.00M | Scene, ViewLayer | Synchronizing object | SOLDER_USB_C_Receptacle_USB2_0_16P_J5_43_8
Fra:1 Mem:109.73M (Peak 109.73M) | Time:00:00.19 | Mem:0.00M, Peak:0.00M | Scene, ViewLayer | Synchronizing object | SOLDER_USB_C_Receptacle_USB2_0_16P_J5_43_9
Fra:1 Mem:109.78M (Peak 109.78M) | Time:00:00.19 | Mem:0.00M, Peak:0.00M | Scene, ViewLayer | Synchronizing object | SOLDER_1u_C11_61_1
Fra:1 Mem:109.88M (Peak 109.88M) | Time:00:00.20 | Mem:0.00M, Peak:0.00M | Scene, ViewLayer | Synchronizing object | SOLDER_1u_C11_61_0
Fra:1 Mem:109.91M (Peak 109.91M) | Time:00:00.20 | Mem:0.00M, Peak:0.00M | Scene, ViewLayer | Synchronizing object | SOLDER_23_2k_R6_58_1
Fra:1 Mem:109.98M (Peak 109.98M) | Time:00:00.20 | Mem:0.00M, Peak:0.00M | Scene, ViewLayer | Synchronizing object | SOLDER_23_2k_R6_58_0
Fra:1 Mem:109.99M (Peak 109.99M) | Time:00:00.20 | Mem:0.00M, Peak:0.00M | Scene, ViewLayer | Synchronizing object | SOLDER_USB_C_Receptacle_USB2_0_16P_J5_43_10
Fra:1 Mem:110.12M (Peak 110.12M) | Time:00:00.20 | Mem:0.00M, Peak:0.00M | Scene, ViewLayer | Synchronizing object | SOLDER_USB_C_Receptacle_USB2_0_16P_J5_43_11
Fra:1 Mem:110.11M (Peak 110.12M) | Time:00:00.20 | Mem:0.00M, Peak:0.00M | Scene, ViewLayer | Synchronizing object | SOLDER_100n_C13_57_1
Fra:1 Mem:110.24M (Peak 110.24M) | Time:00:00.20 | Mem:0.00M, Peak:0.00M | Scene, ViewLayer | Synchronizing object | SOLDER_100n_C13_57_0
Fra:1 Mem:110.27M (Peak 110.27M) | Time:00:00.20 | Mem:0.00M, Peak:0.00M | Scene, ViewLayer | Synchronizing object | SOLDER_0R_JP19_56_1
Fra:1 Mem:110.34M (Peak 110.34M) | Time:00:00.20 | Mem:0.00M, Peak:0.00M | Scene, ViewLayer | Synchronizing object | SOLDER_0R_JP19_56_0
Fra:1 Mem:110.33M (Peak 110.34M) | Time:00:00.20 | Mem:0.00M, Peak:0.00M | Scene, ViewLayer | Synchronizing object | SOLDER_USB_C_Receptacle_USB2_0_16P_J5_43_12
Fra:1 Mem:110.49M (Peak 110.49M) | Time:00:00.20 | Mem:0.00M, Peak:0.00M | Scene, ViewLayer | Synchronizing object | SOLDER_VNH7070_U3_55_15
Fra:1 Mem:110.48M (Peak 110.49M) | Time:00:00.20 | Mem:0.00M, Peak:0.00M | Scene, ViewLayer | Synchronizing object | SOLDER_USB_C_Receptacle_USB2_0_16P_J5_43_13
Fra:1 Mem:110.60M (Peak 110.60M) | Time:00:00.20 | Mem:0.00M, Peak:0.00M | Scene, ViewLayer | Synchronizing object | SOLDER_VNH7070_U3_55_14
Fra:1 Mem:110.63M (Peak 110.63M) | Time:00:00.20 | Mem:0.00M, Peak:0.00M | Scene, ViewLayer | Synchronizing object | SOLDER_VNH7070_U3_55_13
Fra:1 Mem:110.68M (Peak 110.68M) | Time:00:00.20 | Mem:0.00M, Peak:0.00M | Scene, ViewLayer | Synchronizing object | SOLDER_VNH7070_U3_55_12
Fra:1 Mem:110.69M (Peak 110.69M) | Time:00:00.20 | Mem:0.00M, Peak:0.00M | Scene, ViewLayer | Synchronizing object | SOLDER_USB_C_Receptacle_USB2_0_16P_J5_43_14
Fra:1 Mem:110.86M (Peak 110.86M) | Time:00:00.20 | Mem:0.00M, Peak:0.00M | Scene, ViewLayer | Synchronizing object | SOLDER_VNH7070_U3_55_11
Fra:1 Mem:110.86M (Peak 110.86M) | Time:00:00.20 | Mem:0.00M, Peak:0.00M | Scene, ViewLayer | Synchronizing object | SOLDER_USB_C_Receptacle_USB2_0_16P_J5_43_15
Fra:1 Mem:110.96M (Peak 110.96M) | Time:00:00.20 | Mem:0.00M, Peak:0.00M | Scene, ViewLayer | Synchronizing object | SOLDER_VNH7070_U3_55_10
Fra:1 Mem:110.99M (Peak 110.99M) | Time:00:00.20 | Mem:0.00M, Peak:0.00M | Scene, ViewLayer | Synchronizing object | SOLDER_VNH7070_U3_55_9
Fra:1 Mem:111.05M (Peak 111.05M) | Time:00:00.20 | Mem:0.00M, Peak:0.00M | Scene, ViewLayer | Synchronizing object | SOLDER_10k_R2_45_0
Fra:1 Mem:111.05M (Peak 111.05M) | Time:00:00.20 | Mem:0.00M, Peak:0.00M | Scene, ViewLayer | Synchronizing object | SOLDER_VNH7070_U3_55_8
Fra:1 Mem:111.15M (Peak 111.15M) | Time:00:00.20 | Mem:0.00M, Peak:0.00M | Scene, ViewLayer | Synchronizing object | SOLDER_10k_R2_45_1
Fra:1 Mem:111.13M (Peak 111.15M) | Time:00:00.20 | Mem:0.00M, Peak:0.00M | Scene, ViewLayer | Synchronizing object | SOLDER_VNH7070_U3_55_7
Fra:1 Mem:111.17M (Peak 111.17M) | Time:00:00.20 | Mem:0.00M, Peak:0.00M | Scene, ViewLayer | Synchronizing object | SOLDER_100n_C1_46_0
Fra:1 Mem:111.21M (Peak 111.21M) | Time:00:00.20 | Mem:0.00M, Peak:0.00M | Scene, ViewLayer | Synchronizing object | SOLDER_100n_C1_46_1
Fra:1 Mem:111.23M (Peak 111.23M) | Time:00:00.20 | Mem:0.00M, Peak:0.00M | Scene, ViewLayer | Synchronizing object | SOLDER_VNH7070_U3_55_6
Fra:1 Mem:111.28M (Peak 111.28M) | Time:00:00.20 | Mem:0.00M, Peak:0.00M | Scene, ViewLayer | Synchronizing object | SOLDER_2k2_R5_47_0
Fra:1 Mem:111.29M (Peak 111.29M) | Time:00:00.20 | Mem:0.00M, Peak:0.00M | Scene, ViewLayer | Synchronizing object | SOLDER_2k2_R5_47_1
Fra:1 Mem:111.31M (Peak 111.31M) | Time:00:00.20 | Mem:0.00M, Peak:0.00M | Scene, ViewLayer | Synchronizing object | SOLDER_VNH7070_U3_55_5
Fra:1 Mem:111.36M (Peak 111.36M) | Time:00:00.20 | Mem:0.00M, Peak:0.00M | Scene, ViewLayer | Synchronizing object | SOLDER_20_MHz_Y1_51_0
Fra:1 Mem:111.39M (Peak 111.39M) | Time:00:00.20 | Mem:0.00M, Peak:0.00M | Scene, ViewLayer | Synchronizing object | SOLDER_20_MHz_Y1_51_1
Fra:1 Mem:111.40M (Peak 111.40M) | Time:00:00.20 | Mem:0.00M, Peak:0.00M | Scene, ViewLayer | Synchronizing object | SOLDER_VNH7070_U3_55_4
Fra:1 Mem:111.44M (Peak 111.44M) | Time:00:00.20 | Mem:0.00M, Peak:0.00M | Scene, ViewLayer | Synchronizing object | SOLDER_20_MHz_Y1_51_2
Fra:1 Mem:111.48M (Peak 111.48M) | Time:00:00.20 | Mem:0.00M, Peak:0.00M | Scene, ViewLayer | Synchronizing object | SOLDER_20_MHz_Y1_51_3
Fra:1 Mem:111.48M (Peak 111.48M) | Time:00:00.20 | Mem:0.00M, Peak:0.00M | Scene, ViewLayer | Synchronizing object | SOLDER_VNH7070_U3_55_3
Fra:1 Mem:111.52M (Peak 111.52M) | Time:00:00.20 | Mem:0.00M, Peak:0.00M | Scene, ViewLayer | Synchronizing object | SOLDER_100n_C25_52_0
Fra:1 Mem:111.55M (Peak 111.55M) | Time:00:00.20 | Mem:0.00M, Peak:0.00M | Scene, ViewLayer | Synchronizing object | SOLDER_VNH7070_U3_55_2
Fra:1 Mem:111.59M (Peak 111.59M) | Time:00:00.20 | Mem:0.00M, Peak:0.00M | Scene, ViewLayer | Synchronizing object | SOLDER_5k1_R15_53_0
Fra:1 Mem:111.61M (Peak 111.61M) | Time:00:00.20 | Mem:0.00M, Peak:0.00M | Scene, ViewLayer | Synchronizing object | SOLDER_100n_C25_52_1
Fra:1 Mem:111.64M (Peak 111.64M) | Time:00:00.20 | Mem:0.00M, Peak:0.00M | Scene, ViewLayer | Synchronizing object | SOLDER_VNH7070_U3_55_1
Fra:1 Mem:111.66M (Peak 111.66M) | Time:00:00.20 | Mem:0.00M, Peak:0.00M | Scene, ViewLayer | Synchronizing object | SOLDER_5k1_R15_53_1
Fra:1 Mem:111.70M (Peak 111.70M) | Time:00:00.20 | Mem:0.00M, Peak:0.00M | Scene, ViewLayer | Synchronizing object | SOLDER_0R_JP6_54_0
Fra:1 Mem:111.70M (Peak 111.70M) | Time:00:00.20 | Mem:0.00M, Peak:0.00M | Scene, ViewLayer | Synchronizing object | SOLDER_VNH7070_U3_55_0
Fra:1 Mem:111.74M (Peak 111.74M) | Time:00:00.20 | Mem:0.00M, Peak:0.00M | Scene, ViewLayer | Synchronizing object | SOLDER_0R_JP6_54_1
Fra:1 Mem:111.79M (Peak 111.79M) | Time:00:00.20 | Mem:0.00M, Peak:0.00M | Scene, ViewLayer | Initializing
Fra:1 Mem:89.77M (Peak 111.79M) | Time:00:00.20 | Mem:0.00M, Peak:0.00M | Scene, ViewLayer | Updating Images | Loading ktest-blender_export_SilkS.png
Fra:1 Mem:89.77M (Peak 111.79M) | Time:00:00.20 | Mem:0.00M, Peak:0.00M | Scene, ViewLayer | Updating Images | Loading ktest-blender_export_Cu.png
Fra:1 Mem:89.77M (Peak 111.79M) | Time:00:00.20 | Mem:0.00M, Peak:0.00M | Scene, ViewLayer | Updating Images | Loading ktest-blender_export_Mask.png
Fra:1 Mem:179.36M (Peak 388.59M) | Time:00:00.38 | Mem:99.60M, Peak:99.60M | Scene, ViewLayer | Waiting for render to start
Fra:1 Mem:179.36M (Peak 388.59M) | Time:00:00.38 | Mem:99.60M, Peak:99.60M | Scene, ViewLayer | Loading render kernels (may take a few minutes the first time)
Fra:1 Mem:179.36M (Peak 388.59M) | Time:00:00.38 | Mem:99.60M, Peak:99.60M | Scene, ViewLayer | Updating Scene
Fra:1 Mem:179.36M (Peak 388.59M) | Time:00:00.38 | Mem:99.60M, Peak:99.60M | Scene, ViewLayer | Updating Shaders
Fra:1 Mem:179.62M (Peak 388.59M) | Time:00:00.38 | Mem:99.77M, Peak:99.77M | Scene, ViewLayer | Updating Procedurals
Fra:1 Mem:179.62M (Peak 388.59M) | Time:00:00.38 | Mem:99.77M, Peak:99.77M | Scene, ViewLayer | Updating Background
Fra:1 Mem:179.62M (Peak 388.59M) | Time:00:00.38 | Mem:99.77M, Peak:99.77M | Scene, ViewLayer | Updating Camera
Fra:1 Mem:179.62M (Peak 388.59M) | Time:00:00.38 | Mem:99.77M, Peak:99.77M | Scene, ViewLayer | Updating Meshes Flags
Fra:1 Mem:179.62M (Peak 388.59M) | Time:00:00.38 | Mem:99.77M, Peak:99.77M | Scene, ViewLayer | Updating Objects
Fra:1 Mem:179.62M (Peak 388.59M) | Time:00:00.38 | Mem:99.77M, Peak:99.77M | Scene, ViewLayer | Updating Objects | Copying Transformations to device
Fra:1 Mem:179.69M (Peak 388.59M) | Time:00:00.38 | Mem:99.84M, Peak:99.84M | Scene, ViewLayer | Updating Objects | Applying Static Transformations
Fra:1 Mem:179.69M (Peak 388.59M) | Time:00:00.38 | Mem:99.84M, Peak:99.84M | Scene, ViewLayer | Updating Particle Systems
Fra:1 Mem:179.69M (Peak 388.59M) | Time:00:00.38 | Mem:99.84M, Peak:99.84M | Scene, ViewLayer | Updating Particle Systems | Copying Particles to device
Fra:1 Mem:179.69M (Peak 388.59M) | Time:00:00.38 | Mem:99.84M, Peak:99.84M | Scene, ViewLayer | Updating Meshes
Fra:1 Mem:184.21M (Peak 388.59M) | Time:00:00.39 | Mem:99.84M, Peak:99.84M | Scene, ViewLayer | Updating Mesh | Computing attributes
Fra:1 Mem:186.84M (Peak 388.59M) | Time:00:00.39 | Mem:99.86M, Peak:99.86M | Scene, ViewLayer | Updating Mesh | Copying Attributes to device
Fra:1 Mem:186.80M (Peak 388.59M) | Time:00:00.39 | Mem:102.42M, Peak:102.42M | Scene, ViewLayer | Updating Geometry BVH PCB_ktest-blender_export 1/1 | Building BVH
Fra:1 Mem:186.80M (Peak 388.59M) | Time:00:00.39 | Mem:102.96M, Peak:102.96M | Scene, ViewLayer | Updating Geometry BVH PCB_ktest-blender_export 1/1 | Building BVH 0%
Fra:1 Mem:186.80M (Peak 388.59M) | Time:00:00.39 | Mem:103.60M, Peak:104.13M | Scene, ViewLayer | Updating Scene BVH | Building
Fra:1 Mem:186.80M (Peak 388.59M) | Time:00:00.39 | Mem:103.60M, Peak:104.13M | Scene, ViewLayer | Updating Scene BVH | Building BVH
Fra:1 Mem:186.80M (Peak 388.59M) | Time:00:00.42 | Mem:121.36M, Peak:129.87M | Scene, ViewLayer | Updating Scene BVH | Copying BVH to device
Fra:1 Mem:186.80M (Peak 388.59M) | Time:00:00.42 | Mem:121.36M, Peak:129.87M | Scene, ViewLayer | Updating Mesh | Computing normals
Fra:1 Mem:197.87M (Peak 388.59M) | Time:00:00.43 | Mem:121.36M, Peak:129.87M | Scene, ViewLayer | Updating Mesh | Copying Mesh to device
Fra:1 Mem:197.87M (Peak 388.59M) | Time:00:00.43 | Mem:132.42M, Peak:132.42M | Scene, ViewLayer | Updating Objects Flags
Fra:1 Mem:197.87M (Peak 388.59M) | Time:00:00.43 | Mem:132.43M, Peak:132.43M | Scene, ViewLayer | Updating Primitive Offsets
Fra:1 Mem:197.87M (Peak 388.59M) | Time:00:00.43 | Mem:132.43M, Peak:132.43M | Scene, ViewLayer | Updating Images
Fra:1 Mem:197.87M (Peak 388.59M) | Time:00:00.43 | Mem:132.43M, Peak:132.43M | Scene, ViewLayer | Updating Camera Volume
Fra:1 Mem:197.87M (Peak 388.59M) | Time:00:00.43 | Mem:132.43M, Peak:132.43M | Scene, ViewLayer | Updating Lookup Tables
Fra:1 Mem:197.87M (Peak 388.59M) | Time:00:00.43 | Mem:132.51M, Peak:132.51M | Scene, ViewLayer | Updating Lights
Fra:1 Mem:197.87M (Peak 388.59M) | Time:00:00.43 | Mem:132.51M, Peak:132.51M | Scene, ViewLayer | Updating Lights | Computing tree
Fra:1 Mem:197.87M (Peak 388.59M) | Time:00:00.43 | Mem:132.51M, Peak:132.51M | Scene, ViewLayer | Updating Integrator
Fra:1 Mem:197.87M (Peak 388.59M) | Time:00:00.43 | Mem:132.51M, Peak:132.51M | Scene, ViewLayer | Updating Film
Fra:1 Mem:197.88M (Peak 388.59M) | Time:00:00.43 | Mem:132.43M, Peak:132.51M | Scene, ViewLayer | Updating Lookup Tables
Fra:1 Mem:197.88M (Peak 388.59M) | Time:00:00.43 | Mem:132.52M, Peak:132.52M | Scene, ViewLayer | Updating Baking
Fra:1 Mem:197.88M (Peak 388.59M) | Time:00:00.43 | Mem:132.52M, Peak:132.52M | Scene, ViewLayer | Updating Device | Writing constant memory
Fra:1 Mem:197.88M (Peak 388.59M) | Time:00:00.43 | Mem:132.52M, Peak:132.52M | Scene, ViewLayer | Loading denoising kernels (may take a few minutes the first time)
Fra:1 Mem:197.88M (Peak 388.59M) | Time:00:00.43 | Mem:132.52M, Peak:132.52M | Scene, ViewLayer | Sample 0/4
Fra:1 Mem:282.44M (Peak 388.59M) | Time:00:05.72 | Remaining:00:15.87 | Mem:217.07M, Peak:217.07M | Scene, ViewLayer | Sample 1/4
Fra:1 Mem:318.04M (Peak 388.59M) | Time:00:28.47 | Mem:217.07M, Peak:217.07M | Scene, ViewLayer | Sample 4/4
Fra:1 Mem:318.04M (Peak 388.59M) | Time:00:28.47 | Mem:217.07M, Peak:217.07M | Scene, ViewLayer | Finished
Saved: '/work/output/3d/ktest-3D_blenderangled_top.png'
Time: 00:28.59 (Saving: 00:00.11)

Exporting /work/output/3d/ktest-3D_blenderangled_top.png in render format
- Render
batch job finished, exiting

Blender quit
 (kibot - kiplot.py:152)
DEBUG:- Executing: /usr/bin/convert /work/output/3d/ktest-3D_blenderangled_top.png -trim +repage -trim +repage /work/output/3d/ktest-3D_blenderangled_top.png (kibot - kiplot.py:161)
DEBUG:- Output from command: convert: eXIf: duplicate `/work/output/3d/ktest-3D_blenderangled_top.png' @ warning/png.c/MagickPNGWarningHandler/1525.
 (kibot - kiplot.py:152)
DEBUG:Extending `blender_angled_bottom` from `blender_render` (kibot - out_base.py:151)
- 'Board angled bottom view' (blender_angled_bottom) [blender_export]
DEBUG:Output destination: /work/output/3d (kibot - kiplot.py:685)
DEBUG: - Creating VRML ... (kibot - out_blender_export.py:440)
DEBUG:Starting tool check for KiCad Automation tools (kibot - dep_downloader.py:866)
DEBUG:- Returning `/usr/bin/pcbnew_do` (kibot - dep_downloader.py:873)
DEBUG:Switching the PCB to 'Default' variant (kibot - out_base.py:1193)
DEBUG:Looking for LCSC field name (kibot - optionable.py:707)
DEBUG:Using  as LCSC field name (kibot - optionable.py:709)
DEBUG:Using `/root/.cache/kibot/3d` as dir for downloaded 3D models (kibot - out_base_3d.py:545)
DEBUG:Using cached model `/root/.cache/kibot/3d/Capacitor_SMD.3dshapes/C_0603_1608Metric.step` (43450) (kibot - out_base_3d.py:187)
DEBUG:Using cached model `/root/.cache/kibot/3d/Resistor_SMD.3dshapes/R_0603_1608Metric.step` (40618) (kibot - out_base_3d.py:187)
DEBUG:Using cached model `/root/.cache/kibot/3d/Capacitor_SMD.3dshapes/C_1210_3225Metric.step` (43502) (kibot - out_base_3d.py:187)
DEBUG:Using cached model `/root/.cache/kibot/3d/Resistor_THT.3dshapes/R_Axial_DIN0204_L3.6mm_D1.6mm_P5.08mm_Horizontal.step` (37472) (kibot - out_base_3d.py:187)
DEBUG:Using cached model `/root/.cache/kibot/3d/Package_SO.3dshapes/HTSOP-8-1EP_3.9x4.9mm_P1.27mm.step` (125787) (kibot - out_base_3d.py:187)
DEBUG:Downloading `https://gitlab.com/api/v4/projects/21604637/repository/files/Package_SO.3dshapes%2FHTSOP-8-1EP_3.9x4.9mm_Pitch1.27mm.step/raw?ref=10.0.5` (kibot - out_base_3d.py:189)
DEBUG:Using cached model `/root/.cache/kibot/3d/Resistor_SMD.3dshapes/R_1206_3216Metric.step` (40414) (kibot - out_base_3d.py:187)
DEBUG:Using cached model `/root/.cache/kibot/3d/Capacitor_SMD.3dshapes/C_1206_3216Metric.step` (43450) (kibot - out_base_3d.py:187)
DEBUG:Using cached model `/root/.cache/kibot/3d/Crystal.3dshapes/Crystal_SMD_3225-4Pin_3.2x2.5mm.step` (44789) (kibot - out_base_3d.py:187)
DEBUG:Using cached model `/root/.cache/kibot/3d/Package_SO.3dshapes/JEITA_SOIC-16_3.9x9.9mm_P1.27mm.step` (223250) (kibot - out_base_3d.py:187)
DEBUG:Using cached model `/root/.cache/kibot/3d/Package_TO_SOT_SMD.3dshapes/SOT-23-6.step` (99639) (kibot - out_base_3d.py:187)
DEBUG:Using cached model `/root/.cache/kibot/3d/Package_QFP.3dshapes/LQFP-32_7x7mm_P0.8mm.step` (422757) (kibot - out_base_3d.py:187)
DEBUG:Using cached model `/root/.cache/kibot/3d/Connector_JST.3dshapes/JST_XH_B4B-XH-A_1x04_P2.50mm_Vertical.step` (222777) (kibot - out_base_3d.py:187)
DEBUG:Using cached model `/root/.cache/kibot/3d/Capacitor_SMD.3dshapes/CP_Elec_10x10.step` (82045) (kibot - out_base_3d.py:187)
DEBUG:Using cached model `/root/.cache/kibot/3d/Resistor_THT.3dshapes/R_Axial_DIN0204_L3.6mm_D1.6mm_P7.62mm_Horizontal.step` (24507) (kibot - out_base_3d.py:187)
DEBUG:Using cached model `/root/.cache/kibot/3d/Connector_JST.3dshapes/JST_XH_B6B-XH-A_1x06_P2.50mm_Vertical.step` (295109) (kibot - out_base_3d.py:187)
DEBUG:Using cached model `/root/.cache/kibot/3d/Package_TO_SOT_SMD.3dshapes/SOT-23.step` (60296) (kibot - out_base_3d.py:187)
DEBUG:Using cached model `/root/.cache/kibot/3d/Connector_PinSocket_2.54mm.3dshapes/PinSocket_1x04_P2.54mm_Vertical.step` (90163) (kibot - out_base_3d.py:187)
DEBUG:Using cached model `/root/.cache/kibot/3d/Connector_PinSocket_2.54mm.3dshapes/PinSocket_1x14_P2.54mm_Vertical.step` (290650) (kibot - out_base_3d.py:187)
DEBUG:Writing modified PCB to /work/kibot_t812v5mp.kicad_pcb (kibot - gs.py:1089)
DEBUG:Copying project `/work/ktest.kicad_pro` to `/work/kibot_t812v5mp.kicad_pro` (kibot.gs - gs.py:615)
DEBUG:Copying project local settings `/work/ktest.kicad_prl` to `/work/kibot_t812v5mp.kicad_prl` (kibot.gs - gs.py:623)
DEBUG:Copying project custom design rules `/work/ktest.kicad_dru` to `/work/kibot_t812v5mp.kicad_dru` (kibot.gs - gs.py:631)
DEBUG:Executing: /usr/bin/pcbnew_do -r -v export_vrml --output_name pcb.wrl -U meters --dir_models components -x 0 -y 0 -u millimeters /work/kibot_t812v5mp.kicad_pcb /tmp/tmpq1b_jlqd (kibot - kiplot.py:194)
DEBUG:Output from command:
> ./kicad/include/properties/property.h(607): assert "m_choices.GetCount() > 0" failed in PROPERTY_ENUM(): No enum choices defined
> ./kicad/include/properties/property.h(607): assert "m_choices.GetCount() > 0" failed in PROPERTY_ENUM(): No enum choices defined
> ./kicad/include/properties/property.h(607): assert "m_choices.GetCount() > 0" failed in PROPERTY_ENUM(): No enum choices defined
>  (kibot - kiplot.py:208)
DEBUG:Removing temporal files (kibot - out_base.py:1123)
DEBUG:- File `/work/kibot_t812v5mp.kicad_pcb` (kibot - out_base.py:1126)
DEBUG:- File `/work/kibot_t812v5mp.kicad_pro` (kibot - out_base.py:1126)
DEBUG:- File `/work/kibot_t812v5mp.kicad_prl` (kibot - out_base.py:1126)
DEBUG:- File `/work/kibot_t812v5mp.kicad_dru` (kibot - out_base.py:1126)
DEBUG: - Creating SVG for layers ... (kibot - kiplot.py:770)
DEBUG:Switching the PCB to 'Default' variant (kibot - out_base.py:1193)
DEBUG:Configuring plot controller for output (kibot - out_any_layer.py:102)
DEBUG:Opening plot file for layer `F.Cu (0 'Front copper' F_Cu)` format `5` (kibot - out_any_layer.py:213)
DEBUG:Plotting layer `F.Cu (0 'Front copper' F_Cu)` to `/tmp/tmpq1b_jlqd/layers/F_Cu.svg` (kibot - out_any_layer.py:220)
DEBUG:Opening plot file for layer `B.Cu (2 'Bottom copper' B_Cu)` format `5` (kibot - out_any_layer.py:213)
DEBUG:Plotting layer `B.Cu (2 'Bottom copper' B_Cu)` to `/tmp/tmpq1b_jlqd/layers/B_Cu.svg` (kibot - out_any_layer.py:220)
DEBUG:Opening plot file for layer `F.Paste (13 'Front solder paste' F_Paste)` format `5` (kibot - out_any_layer.py:213)
DEBUG:Plotting layer `F.Paste (13 'Front solder paste' F_Paste)` to `/tmp/tmpq1b_jlqd/layers/F_Paste.svg` (kibot - out_any_layer.py:220)
DEBUG:Opening plot file for layer `B.Paste (15 'Bottom solder paste' B_Paste)` format `5` (kibot - out_any_layer.py:213)
DEBUG:Plotting layer `B.Paste (15 'Bottom solder paste' B_Paste)` to `/tmp/tmpq1b_jlqd/layers/B_Paste.svg` (kibot - out_any_layer.py:220)
DEBUG:Opening plot file for layer `F.Mask (1 'Front soldermask (negative)' F_Mask)` format `5` (kibot - out_any_layer.py:213)
DEBUG:Plotting layer `F.Mask (1 'Front soldermask (negative)' F_Mask)` to `/tmp/tmpq1b_jlqd/layers/F_Mask.svg` (kibot - out_any_layer.py:220)
DEBUG:Opening plot file for layer `B.Mask (3 'Bottom soldermask (negative)' B_Mask)` format `5` (kibot - out_any_layer.py:213)
DEBUG:Plotting layer `B.Mask (3 'Bottom soldermask (negative)' B_Mask)` to `/tmp/tmpq1b_jlqd/layers/B_Mask.svg` (kibot - out_any_layer.py:220)
DEBUG:Opening plot file for layer `F.SilkS (5 'Front silkscreen (artwork)' F_SilkS)` format `5` (kibot - out_any_layer.py:213)
DEBUG:Plotting layer `F.SilkS (5 'Front silkscreen (artwork)' F_SilkS)` to `/tmp/tmpq1b_jlqd/layers/F_SilkS.svg` (kibot - out_any_layer.py:220)
DEBUG:Opening plot file for layer `B.SilkS (7 'Bottom silkscreen (artwork)' B_SilkS)` format `5` (kibot - out_any_layer.py:213)
DEBUG:Plotting layer `B.SilkS (7 'Bottom silkscreen (artwork)' B_SilkS)` to `/tmp/tmpq1b_jlqd/layers/B_SilkS.svg` (kibot - out_any_layer.py:220)
DEBUG:Adjusting SVG viewBox to (73.975, 64.475, 102.05, 53.3) for width 10.205 cm and height 5.33 cm (kibot - out_svg.py:93)
DEBUG: - Creating Pads and boundary ... (kibot - kiplot.py:770)
DEBUG:Switching the PCB to 'Default' variant (kibot - out_base.py:1193)
DEBUG:Collected board definitions: {} (kibot - out_pcb2blender_tools.py:410)
DEBUG: - Creating the PCB3D ... (kibot - kiplot.py:770)
DEBUG:Collecting files (kibot - out_compress.py:256)
DEBUG:Output destination: /tmp/tmpq1b_jlqd (kibot - kiplot.py:685)
DEBUG:Output destination: /tmp/tmpq1b_jlqd/layers (kibot - kiplot.py:685)
DEBUG:Output destination: /tmp/tmpq1b_jlqd (kibot - kiplot.py:685)
DEBUG:Generating `/work/output/3d/ktest-blender_export.pcb3d` archive (kibot - out_compress.py:259)
DEBUG:Adding /tmp/tmpq1b_jlqd/pcb.wrl as pcb.wrl (kibot - out_compress.py:116)
DEBUG:Adding /tmp/tmpq1b_jlqd/components as components (kibot - out_compress.py:116)
DEBUG:Adding /tmp/tmpq1b_jlqd/components/PinSocket_1x04_P2.54mm_Vertical.wrl as components/PinSocket_1x04_P2.54mm_Vertical.wrl (kibot - out_compress.py:116)
DEBUG:Adding /tmp/tmpq1b_jlqd/components/C_1210_3225Metric.wrl as components/C_1210_3225Metric.wrl (kibot - out_compress.py:116)
DEBUG:Adding /tmp/tmpq1b_jlqd/components/JST_XH_B4B-XH-A_1x04_P2.50mm_Vertical.wrl as components/JST_XH_B4B-XH-A_1x04_P2.50mm_Vertical.wrl (kibot - out_compress.py:116)
DEBUG:Adding /tmp/tmpq1b_jlqd/components/CP_Elec_10x10.wrl as components/CP_Elec_10x10.wrl (kibot - out_compress.py:116)
DEBUG:Adding /tmp/tmpq1b_jlqd/components/R_0603_1608Metric.wrl as components/R_0603_1608Metric.wrl (kibot - out_compress.py:116)
DEBUG:Adding /tmp/tmpq1b_jlqd/components/JEITA_SOIC-16_3.9x9.9mm_P1.27mm.wrl as components/JEITA_SOIC-16_3.9x9.9mm_P1.27mm.wrl (kibot - out_compress.py:116)
DEBUG:Adding /tmp/tmpq1b_jlqd/components/R_1206_3216Metric.wrl as components/R_1206_3216Metric.wrl (kibot - out_compress.py:116)
DEBUG:Adding /tmp/tmpq1b_jlqd/components/SOT-23-6.wrl as components/SOT-23-6.wrl (kibot - out_compress.py:116)
DEBUG:Adding /tmp/tmpq1b_jlqd/components/JST_XH_B6B-XH-A_1x06_P2.50mm_Vertical.wrl as components/JST_XH_B6B-XH-A_1x06_P2.50mm_Vertical.wrl (kibot - out_compress.py:116)
DEBUG:Adding /tmp/tmpq1b_jlqd/components/SOT-23.wrl as components/SOT-23.wrl (kibot - out_compress.py:116)
DEBUG:Adding /tmp/tmpq1b_jlqd/components/R_Axial_DIN0204_L3.6mm_D1.6mm_P5.08mm_Horizontal.wrl as components/R_Axial_DIN0204_L3.6mm_D1.6mm_P5.08mm_Horizontal.wrl (kibot - out_compress.py:116)
DEBUG:Adding /tmp/tmpq1b_jlqd/components/R_Axial_DIN0204_L3.6mm_D1.6mm_P7.62mm_Horizontal.wrl as components/R_Axial_DIN0204_L3.6mm_D1.6mm_P7.62mm_Horizontal.wrl (kibot - out_compress.py:116)
DEBUG:Adding /tmp/tmpq1b_jlqd/components/LQFP-32_7x7mm_P0.8mm.wrl as components/LQFP-32_7x7mm_P0.8mm.wrl (kibot - out_compress.py:116)
DEBUG:Adding /tmp/tmpq1b_jlqd/components/C_0603_1608Metric.wrl as components/C_0603_1608Metric.wrl (kibot - out_compress.py:116)
DEBUG:Adding /tmp/tmpq1b_jlqd/components/PinSocket_1x14_P2.54mm_Vertical.wrl as components/PinSocket_1x14_P2.54mm_Vertical.wrl (kibot - out_compress.py:116)
DEBUG:Adding /tmp/tmpq1b_jlqd/components/Crystal_SMD_3225-4Pin_3.2x2.5mm.wrl as components/Crystal_SMD_3225-4Pin_3.2x2.5mm.wrl (kibot - out_compress.py:116)
DEBUG:Adding /tmp/tmpq1b_jlqd/components/HTSOP-8-1EP_3.9x4.9mm_P1.27mm.wrl as components/HTSOP-8-1EP_3.9x4.9mm_P1.27mm.wrl (kibot - out_compress.py:116)
DEBUG:Adding /tmp/tmpq1b_jlqd/components/C_1206_3216Metric.wrl as components/C_1206_3216Metric.wrl (kibot - out_compress.py:116)
DEBUG:Adding /tmp/tmpq1b_jlqd/layers/F_Cu.svg as layers/F_Cu.svg (kibot - out_compress.py:116)
DEBUG:Adding /tmp/tmpq1b_jlqd/layers/B_Cu.svg as layers/B_Cu.svg (kibot - out_compress.py:116)
DEBUG:Adding /tmp/tmpq1b_jlqd/layers/F_Paste.svg as layers/F_Paste.svg (kibot - out_compress.py:116)
DEBUG:Adding /tmp/tmpq1b_jlqd/layers/B_Paste.svg as layers/B_Paste.svg (kibot - out_compress.py:116)
DEBUG:Adding /tmp/tmpq1b_jlqd/layers/F_Mask.svg as layers/F_Mask.svg (kibot - out_compress.py:116)
DEBUG:Adding /tmp/tmpq1b_jlqd/layers/B_Mask.svg as layers/B_Mask.svg (kibot - out_compress.py:116)
DEBUG:Adding /tmp/tmpq1b_jlqd/layers/F_SilkS.svg as layers/F_SilkS.svg (kibot - out_compress.py:116)
DEBUG:Adding /tmp/tmpq1b_jlqd/layers/B_SilkS.svg as layers/B_SilkS.svg (kibot - out_compress.py:116)
DEBUG:Adding /tmp/tmpq1b_jlqd/layers/bounds as layers/bounds (kibot - out_compress.py:116)
DEBUG:Adding /tmp/tmpq1b_jlqd/pads/10n_C27_0_0 as pads/10n_C27_0_0 (kibot - out_compress.py:116)
DEBUG:Adding /tmp/tmpq1b_jlqd/pads/10n_C27_0_1 as pads/10n_C27_0_1 (kibot - out_compress.py:116)
DEBUG:Adding /tmp/tmpq1b_jlqd/pads/2k2_R10_1_0 as pads/2k2_R10_1_0 (kibot - out_compress.py:116)
DEBUG:Adding /tmp/tmpq1b_jlqd/pads/2k2_R10_1_1 as pads/2k2_R10_1_1 (kibot - out_compress.py:116)
DEBUG:Adding /tmp/tmpq1b_jlqd/pads/0R_JP13_2_0 as pads/0R_JP13_2_0 (kibot - out_compress.py:116)
DEBUG:Adding /tmp/tmpq1b_jlqd/pads/0R_JP13_2_1 as pads/0R_JP13_2_1 (kibot - out_compress.py:116)
DEBUG:Adding /tmp/tmpq1b_jlqd/pads/22p_C14_3_0 as pads/22p_C14_3_0 (kibot - out_compress.py:116)
DEBUG:Adding /tmp/tmpq1b_jlqd/pads/22p_C14_3_1 as pads/22p_C14_3_1 (kibot - out_compress.py:116)
DEBUG:Adding /tmp/tmpq1b_jlqd/pads/100n_C6_4_0 as pads/100n_C6_4_0 (kibot - out_compress.py:116)
DEBUG:Adding /tmp/tmpq1b_jlqd/pads/100n_C6_4_1 as pads/100n_C6_4_1 (kibot - out_compress.py:116)
DEBUG:Adding /tmp/tmpq1b_jlqd/pads/22u_C18_5_0 as pads/22u_C18_5_0 (kibot - out_compress.py:116)
DEBUG:Adding /tmp/tmpq1b_jlqd/pads/22u_C18_5_1 as pads/22u_C18_5_1 (kibot - out_compress.py:116)
DEBUG:Adding /tmp/tmpq1b_jlqd/pads/10k_R9_6_0 as pads/10k_R9_6_0 (kibot - out_compress.py:116)
DEBUG:Adding /tmp/tmpq1b_jlqd/pads/10k_R9_6_1 as pads/10k_R9_6_1 (kibot - out_compress.py:116)
DEBUG:Adding /tmp/tmpq1b_jlqd/pads/10u_L1_7_0 as pads/10u_L1_7_0 (kibot - out_compress.py:116)
DEBUG:Adding /tmp/tmpq1b_jlqd/pads/10u_L1_7_1 as pads/10u_L1_7_1 (kibot - out_compress.py:116)
DEBUG:Adding /tmp/tmpq1b_jlqd/pads/TestPoint_TP13_8_0 as pads/TestPoint_TP13_8_0 (kibot - out_compress.py:116)
DEBUG:Adding /tmp/tmpq1b_jlqd/pads/1n_C23_9_0 as pads/1n_C23_9_0 (kibot - out_compress.py:116)
DEBUG:Adding /tmp/tmpq1b_jlqd/pads/1n_C23_9_1 as pads/1n_C23_9_1 (kibot - out_compress.py:116)
DEBUG:Adding /tmp/tmpq1b_jlqd/pads/22p_C10_10_0 as pads/22p_C10_10_0 (kibot - out_compress.py:116)
DEBUG:Adding /tmp/tmpq1b_jlqd/pads/22p_C10_10_1 as pads/22p_C10_10_1 (kibot - out_compress.py:116)
DEBUG:Adding /tmp/tmpq1b_jlqd/pads/TestPoint_TP18_11_0 as pads/TestPoint_TP18_11_0 (kibot - out_compress.py:116)
DEBUG:Adding /tmp/tmpq1b_jlqd/pads/33p_C12_12_0 as pads/33p_C12_12_0 (kibot - out_compress.py:116)
DEBUG:Adding /tmp/tmpq1b_jlqd/pads/33p_C12_12_1 as pads/33p_C12_12_1 (kibot - out_compress.py:116)
DEBUG:Adding /tmp/tmpq1b_jlqd/pads/100n_C9_13_0 as pads/100n_C9_13_0 (kibot - out_compress.py:116)
DEBUG:Adding /tmp/tmpq1b_jlqd/pads/100n_C9_13_1 as pads/100n_C9_13_1 (kibot - out_compress.py:116)
DEBUG:Adding /tmp/tmpq1b_jlqd/pads/0R_JP9_14_0 as pads/0R_JP9_14_0 (kibot - out_compress.py:116)
DEBUG:Adding /tmp/tmpq1b_jlqd/pads/0R_JP9_14_1 as pads/0R_JP9_14_1 (kibot - out_compress.py:116)
DEBUG:Adding /tmp/tmpq1b_jlqd/pads/TestPoint_TP7_15_0 as pads/TestPoint_TP7_15_0 (kibot - out_compress.py:116)
DEBUG:Adding /tmp/tmpq1b_jlqd/pads/0R_JP20_16_0 as pads/0R_JP20_16_0 (kibot - out_compress.py:116)
DEBUG:Adding /tmp/tmpq1b_jlqd/pads/0R_JP20_16_1 as pads/0R_JP20_16_1 (kibot - out_compress.py:116)
DEBUG:Adding /tmp/tmpq1b_jlqd/pads/0R_JP8_17_0 as pads/0R_JP8_17_0 (kibot - out_compress.py:116)
DEBUG:Adding /tmp/tmpq1b_jlqd/pads/0R_JP8_17_1 as pads/0R_JP8_17_1 (kibot - out_compress.py:116)
DEBUG:Adding /tmp/tmpq1b_jlqd/pads/5k1_R14_18_0 as pads/5k1_R14_18_0 (kibot - out_compress.py:116)
DEBUG:Adding /tmp/tmpq1b_jlqd/pads/5k1_R14_18_1 as pads/5k1_R14_18_1 (kibot - out_compress.py:116)
DEBUG:Adding /tmp/tmpq1b_jlqd/pads/0R_JP2_19_0 as pads/0R_JP2_19_0 (kibot - out_compress.py:116)
DEBUG:Adding /tmp/tmpq1b_jlqd/pads/0R_JP2_19_1 as pads/0R_JP2_19_1 (kibot - out_compress.py:116)
DEBUG:Adding /tmp/tmpq1b_jlqd/pads/LMR380x0_U1_20_0 as pads/LMR380x0_U1_20_0 (kibot - out_compress.py:116)
DEBUG:Adding /tmp/tmpq1b_jlqd/pads/LMR380x0_U1_20_1 as pads/LMR380x0_U1_20_1 (kibot - out_compress.py:116)
DEBUG:Adding /tmp/tmpq1b_jlqd/pads/LMR380x0_U1_20_2 as pads/LMR380x0_U1_20_2 (kibot - out_compress.py:116)
DEBUG:Adding /tmp/tmpq1b_jlqd/pads/LMR380x0_U1_20_3 as pads/LMR380x0_U1_20_3 (kibot - out_compress.py:116)
DEBUG:Adding /tmp/tmpq1b_jlqd/pads/LMR380x0_U1_20_4 as pads/LMR380x0_U1_20_4 (kibot - out_compress.py:116)
DEBUG:Adding /tmp/tmpq1b_jlqd/pads/LMR380x0_U1_20_5 as pads/LMR380x0_U1_20_5 (kibot - out_compress.py:116)
DEBUG:Adding /tmp/tmpq1b_jlqd/pads/LMR380x0_U1_20_6 as pads/LMR380x0_U1_20_6 (kibot - out_compress.py:116)
DEBUG:Adding /tmp/tmpq1b_jlqd/pads/LMR380x0_U1_20_7 as pads/LMR380x0_U1_20_7 (kibot - out_compress.py:116)
DEBUG:Adding /tmp/tmpq1b_jlqd/pads/LMR380x0_U1_20_8 as pads/LMR380x0_U1_20_8 (kibot - out_compress.py:116)
DEBUG:Adding /tmp/tmpq1b_jlqd/pads/LMR380x0_U1_20_9 as pads/LMR380x0_U1_20_9 (kibot - out_compress.py:116)
DEBUG:Adding /tmp/tmpq1b_jlqd/pads/LMR380x0_U1_20_10 as pads/LMR380x0_U1_20_10 (kibot - out_compress.py:116)
DEBUG:Adding /tmp/tmpq1b_jlqd/pads/LMR380x0_U1_20_11 as pads/LMR380x0_U1_20_11 (kibot - out_compress.py:116)
DEBUG:Adding /tmp/tmpq1b_jlqd/pads/LMR380x0_U1_20_12 as pads/LMR380x0_U1_20_12 (kibot - out_compress.py:116)
DEBUG:Adding /tmp/tmpq1b_jlqd/pads/LMR380x0_U1_20_13 as pads/LMR380x0_U1_20_13 (kibot - out_compress.py:116)
DEBUG:Adding /tmp/tmpq1b_jlqd/pads/LMR380x0_U1_20_14 as pads/LMR380x0_U1_20_14 (kibot - out_compress.py:116)
DEBUG:Adding /tmp/tmpq1b_jlqd/pads/LMR380x0_U1_20_15 as pads/LMR380x0_U1_20_15 (kibot - out_compress.py:116)
DEBUG:Adding /tmp/tmpq1b_jlqd/pads/LMR380x0_U1_20_16 as pads/LMR380x0_U1_20_16 (kibot - out_compress.py:116)
DEBUG:Adding /tmp/tmpq1b_jlqd/pads/LMR380x0_U1_20_17 as pads/LMR380x0_U1_20_17 (kibot - out_compress.py:116)
DEBUG:Adding /tmp/tmpq1b_jlqd/pads/LMR380x0_U1_20_18 as pads/LMR380x0_U1_20_18 (kibot - out_compress.py:116)
DEBUG:Adding /tmp/tmpq1b_jlqd/pads/LMR380x0_U1_20_19 as pads/LMR380x0_U1_20_19 (kibot - out_compress.py:116)
DEBUG:Adding /tmp/tmpq1b_jlqd/pads/TestPoint_TP10_21_0 as pads/TestPoint_TP10_21_0 (kibot - out_compress.py:116)
DEBUG:Adding /tmp/tmpq1b_jlqd/pads/2k2_R12_22_0 as pads/2k2_R12_22_0 (kibot - out_compress.py:116)
DEBUG:Adding /tmp/tmpq1b_jlqd/pads/2k2_R12_22_1 as pads/2k2_R12_22_1 (kibot - out_compress.py:116)
DEBUG:Adding /tmp/tmpq1b_jlqd/pads/TestPoint_TP21_23_0 as pads/TestPoint_TP21_23_0 (kibot - out_compress.py:116)
DEBUG:Adding /tmp/tmpq1b_jlqd/pads/TestPoint_TP6_24_0 as pads/TestPoint_TP6_24_0 (kibot - out_compress.py:116)
DEBUG:Adding /tmp/tmpq1b_jlqd/pads/TestPoint_TP8_25_0 as pads/TestPoint_TP8_25_0 (kibot - out_compress.py:116)
DEBUG:Adding /tmp/tmpq1b_jlqd/pads/Dell_DC_jack_J6_26_0 as pads/Dell_DC_jack_J6_26_0 (kibot - out_compress.py:116)
DEBUG:Adding /tmp/tmpq1b_jlqd/pads/Dell_DC_jack_J6_26_1 as pads/Dell_DC_jack_J6_26_1 (kibot - out_compress.py:116)
DEBUG:Adding /tmp/tmpq1b_jlqd/pads/Dell_DC_jack_J6_26_2 as pads/Dell_DC_jack_J6_26_2 (kibot - out_compress.py:116)
DEBUG:Adding /tmp/tmpq1b_jlqd/pads/Dell_DC_jack_J6_26_3 as pads/Dell_DC_jack_J6_26_3 (kibot - out_compress.py:116)
DEBUG:Adding /tmp/tmpq1b_jlqd/pads/Dell_DC_jack_J6_26_4 as pads/Dell_DC_jack_J6_26_4 (kibot - out_compress.py:116)
DEBUG:Adding /tmp/tmpq1b_jlqd/pads/Dell_DC_jack_J6_26_5 as pads/Dell_DC_jack_J6_26_5 (kibot - out_compress.py:116)
DEBUG:Adding /tmp/tmpq1b_jlqd/pads/Dell_DC_jack_J6_26_6 as pads/Dell_DC_jack_J6_26_6 (kibot - out_compress.py:116)
DEBUG:Adding /tmp/tmpq1b_jlqd/pads/Dell_DC_jack_J6_26_7 as pads/Dell_DC_jack_J6_26_7 (kibot - out_compress.py:116)
DEBUG:Adding /tmp/tmpq1b_jlqd/pads/Dell_DC_jack_J6_26_8 as pads/Dell_DC_jack_J6_26_8 (kibot - out_compress.py:116)
DEBUG:Adding /tmp/tmpq1b_jlqd/pads/Dell_DC_jack_J6_26_9 as pads/Dell_DC_jack_J6_26_9 (kibot - out_compress.py:116)
DEBUG:Adding /tmp/tmpq1b_jlqd/pads/Dell_DC_jack_J6_26_10 as pads/Dell_DC_jack_J6_26_10 (kibot - out_compress.py:116)
DEBUG:Adding /tmp/tmpq1b_jlqd/pads/0R_JP15_27_0 as pads/0R_JP15_27_0 (kibot - out_compress.py:116)
DEBUG:Adding /tmp/tmpq1b_jlqd/pads/0R_JP15_27_1 as pads/0R_JP15_27_1 (kibot - out_compress.py:116)
DEBUG:Adding /tmp/tmpq1b_jlqd/pads/TestPoint_TP14_28_0 as pads/TestPoint_TP14_28_0 (kibot - out_compress.py:116)
DEBUG:Adding /tmp/tmpq1b_jlqd/pads/2k2_R13_29_0 as pads/2k2_R13_29_0 (kibot - out_compress.py:116)
DEBUG:Adding /tmp/tmpq1b_jlqd/pads/2k2_R13_29_1 as pads/2k2_R13_29_1 (kibot - out_compress.py:116)
DEBUG:Adding /tmp/tmpq1b_jlqd/pads/TestPoint_TP9_30_0 as pads/TestPoint_TP9_30_0 (kibot - out_compress.py:116)
DEBUG:Adding /tmp/tmpq1b_jlqd/pads/10n_C3_31_0 as pads/10n_C3_31_0 (kibot - out_compress.py:116)
DEBUG:Adding /tmp/tmpq1b_jlqd/pads/10n_C3_31_1 as pads/10n_C3_31_1 (kibot - out_compress.py:116)
DEBUG:Adding /tmp/tmpq1b_jlqd/pads/0R_JP14_32_0 as pads/0R_JP14_32_0 (kibot - out_compress.py:116)
DEBUG:Adding /tmp/tmpq1b_jlqd/pads/0R_JP14_32_1 as pads/0R_JP14_32_1 (kibot - out_compress.py:116)
DEBUG:Adding /tmp/tmpq1b_jlqd/pads/0R_JP16_33_0 as pads/0R_JP16_33_0 (kibot - out_compress.py:116)
DEBUG:Adding /tmp/tmpq1b_jlqd/pads/0R_JP16_33_1 as pads/0R_JP16_33_1 (kibot - out_compress.py:116)
DEBUG:Adding /tmp/tmpq1b_jlqd/pads/TestPoint_TP5_34_0 as pads/TestPoint_TP5_34_0 (kibot - out_compress.py:116)
DEBUG:Adding /tmp/tmpq1b_jlqd/pads/10k_R7_35_0 as pads/10k_R7_35_0 (kibot - out_compress.py:116)
DEBUG:Adding /tmp/tmpq1b_jlqd/pads/10k_R7_35_1 as pads/10k_R7_35_1 (kibot - out_compress.py:116)
DEBUG:Adding /tmp/tmpq1b_jlqd/pads/0R_JP5_36_0 as pads/0R_JP5_36_0 (kibot - out_compress.py:116)
DEBUG:Adding /tmp/tmpq1b_jlqd/pads/0R_JP5_36_1 as pads/0R_JP5_36_1 (kibot - out_compress.py:116)
DEBUG:Adding /tmp/tmpq1b_jlqd/pads/0R_JP10_37_0 as pads/0R_JP10_37_0 (kibot - out_compress.py:116)
DEBUG:Adding /tmp/tmpq1b_jlqd/pads/0R_JP10_37_1 as pads/0R_JP10_37_1 (kibot - out_compress.py:116)
DEBUG:Adding /tmp/tmpq1b_jlqd/pads/0R_JP21_38_0 as pads/0R_JP21_38_0 (kibot - out_compress.py:116)
DEBUG:Adding /tmp/tmpq1b_jlqd/pads/0R_JP21_38_1 as pads/0R_JP21_38_1 (kibot - out_compress.py:116)
DEBUG:Adding /tmp/tmpq1b_jlqd/pads/1u_C16_39_0 as pads/1u_C16_39_0 (kibot - out_compress.py:116)
DEBUG:Adding /tmp/tmpq1b_jlqd/pads/1u_C16_39_1 as pads/1u_C16_39_1 (kibot - out_compress.py:116)
DEBUG:Adding /tmp/tmpq1b_jlqd/pads/DC_barrel_assy_J8_40_0 as pads/DC_barrel_assy_J8_40_0 (kibot - out_compress.py:116)
DEBUG:Adding /tmp/tmpq1b_jlqd/pads/DC_barrel_assy_J8_40_1 as pads/DC_barrel_assy_J8_40_1 (kibot - out_compress.py:116)
DEBUG:Adding /tmp/tmpq1b_jlqd/pads/DC_barrel_assy_J8_40_2 as pads/DC_barrel_assy_J8_40_2 (kibot - out_compress.py:116)
DEBUG:Adding /tmp/tmpq1b_jlqd/pads/DC_barrel_assy_J8_40_3 as pads/DC_barrel_assy_J8_40_3 (kibot - out_compress.py:116)
DEBUG:Adding /tmp/tmpq1b_jlqd/pads/DC_barrel_assy_J8_40_4 as pads/DC_barrel_assy_J8_40_4 (kibot - out_compress.py:116)
DEBUG:Adding /tmp/tmpq1b_jlqd/pads/4_7u_C4_41_0 as pads/4_7u_C4_41_0 (kibot - out_compress.py:116)
DEBUG:Adding /tmp/tmpq1b_jlqd/pads/4_7u_C4_41_1 as pads/4_7u_C4_41_1 (kibot - out_compress.py:116)
DEBUG:Adding /tmp/tmpq1b_jlqd/pads/10n_C26_42_0 as pads/10n_C26_42_0 (kibot - out_compress.py:116)
DEBUG:Adding /tmp/tmpq1b_jlqd/pads/10n_C26_42_1 as pads/10n_C26_42_1 (kibot - out_compress.py:116)
DEBUG:Adding /tmp/tmpq1b_jlqd/pads/USB_C_Receptacle_USB2_0_16P_J5_43_0 as pads/USB_C_Receptacle_USB2_0_16P_J5_43_0 (kibot - out_compress.py:116)
DEBUG:Adding /tmp/tmpq1b_jlqd/pads/USB_C_Receptacle_USB2_0_16P_J5_43_1 as pads/USB_C_Receptacle_USB2_0_16P_J5_43_1 (kibot - out_compress.py:116)
DEBUG:Adding /tmp/tmpq1b_jlqd/pads/USB_C_Receptacle_USB2_0_16P_J5_43_2 as pads/USB_C_Receptacle_USB2_0_16P_J5_43_2 (kibot - out_compress.py:116)
DEBUG:Adding /tmp/tmpq1b_jlqd/pads/USB_C_Receptacle_USB2_0_16P_J5_43_3 as pads/USB_C_Receptacle_USB2_0_16P_J5_43_3 (kibot - out_compress.py:116)
DEBUG:Adding /tmp/tmpq1b_jlqd/pads/USB_C_Receptacle_USB2_0_16P_J5_43_4 as pads/USB_C_Receptacle_USB2_0_16P_J5_43_4 (kibot - out_compress.py:116)
DEBUG:Adding /tmp/tmpq1b_jlqd/pads/USB_C_Receptacle_USB2_0_16P_J5_43_5 as pads/USB_C_Receptacle_USB2_0_16P_J5_43_5 (kibot - out_compress.py:116)
DEBUG:Adding /tmp/tmpq1b_jlqd/pads/USB_C_Receptacle_USB2_0_16P_J5_43_6 as pads/USB_C_Receptacle_USB2_0_16P_J5_43_6 (kibot - out_compress.py:116)
DEBUG:Adding /tmp/tmpq1b_jlqd/pads/USB_C_Receptacle_USB2_0_16P_J5_43_7 as pads/USB_C_Receptacle_USB2_0_16P_J5_43_7 (kibot - out_compress.py:116)
DEBUG:Adding /tmp/tmpq1b_jlqd/pads/USB_C_Receptacle_USB2_0_16P_J5_43_8 as pads/USB_C_Receptacle_USB2_0_16P_J5_43_8 (kibot - out_compress.py:116)
DEBUG:Adding /tmp/tmpq1b_jlqd/pads/USB_C_Receptacle_USB2_0_16P_J5_43_9 as pads/USB_C_Receptacle_USB2_0_16P_J5_43_9 (kibot - out_compress.py:116)
DEBUG:Adding /tmp/tmpq1b_jlqd/pads/USB_C_Receptacle_USB2_0_16P_J5_43_10 as pads/USB_C_Receptacle_USB2_0_16P_J5_43_10 (kibot - out_compress.py:116)
DEBUG:Adding /tmp/tmpq1b_jlqd/pads/USB_C_Receptacle_USB2_0_16P_J5_43_11 as pads/USB_C_Receptacle_USB2_0_16P_J5_43_11 (kibot - out_compress.py:116)
DEBUG:Adding /tmp/tmpq1b_jlqd/pads/USB_C_Receptacle_USB2_0_16P_J5_43_12 as pads/USB_C_Receptacle_USB2_0_16P_J5_43_12 (kibot - out_compress.py:116)
DEBUG:Adding /tmp/tmpq1b_jlqd/pads/USB_C_Receptacle_USB2_0_16P_J5_43_13 as pads/USB_C_Receptacle_USB2_0_16P_J5_43_13 (kibot - out_compress.py:116)
DEBUG:Adding /tmp/tmpq1b_jlqd/pads/USB_C_Receptacle_USB2_0_16P_J5_43_14 as pads/USB_C_Receptacle_USB2_0_16P_J5_43_14 (kibot - out_compress.py:116)
DEBUG:Adding /tmp/tmpq1b_jlqd/pads/USB_C_Receptacle_USB2_0_16P_J5_43_15 as pads/USB_C_Receptacle_USB2_0_16P_J5_43_15 (kibot - out_compress.py:116)
DEBUG:Adding /tmp/tmpq1b_jlqd/pads/USB_C_Receptacle_USB2_0_16P_J5_43_16 as pads/USB_C_Receptacle_USB2_0_16P_J5_43_16 (kibot - out_compress.py:116)
DEBUG:Adding /tmp/tmpq1b_jlqd/pads/USB_C_Receptacle_USB2_0_16P_J5_43_17 as pads/USB_C_Receptacle_USB2_0_16P_J5_43_17 (kibot - out_compress.py:116)
DEBUG:Adding /tmp/tmpq1b_jlqd/pads/USB_C_Receptacle_USB2_0_16P_J5_43_18 as pads/USB_C_Receptacle_USB2_0_16P_J5_43_18 (kibot - out_compress.py:116)
DEBUG:Adding /tmp/tmpq1b_jlqd/pads/USB_C_Receptacle_USB2_0_16P_J5_43_19 as pads/USB_C_Receptacle_USB2_0_16P_J5_43_19 (kibot - out_compress.py:116)
DEBUG:Adding /tmp/tmpq1b_jlqd/pads/TestPoint_TP15_44_0 as pads/TestPoint_TP15_44_0 (kibot - out_compress.py:116)
DEBUG:Adding /tmp/tmpq1b_jlqd/pads/10k_R2_45_0 as pads/10k_R2_45_0 (kibot - out_compress.py:116)
DEBUG:Adding /tmp/tmpq1b_jlqd/pads/10k_R2_45_1 as pads/10k_R2_45_1 (kibot - out_compress.py:116)
DEBUG:Adding /tmp/tmpq1b_jlqd/pads/100n_C1_46_0 as pads/100n_C1_46_0 (kibot - out_compress.py:116)
DEBUG:Adding /tmp/tmpq1b_jlqd/pads/100n_C1_46_1 as pads/100n_C1_46_1 (kibot - out_compress.py:116)
DEBUG:Adding /tmp/tmpq1b_jlqd/pads/2k2_R5_47_0 as pads/2k2_R5_47_0 (kibot - out_compress.py:116)
DEBUG:Adding /tmp/tmpq1b_jlqd/pads/2k2_R5_47_1 as pads/2k2_R5_47_1 (kibot - out_compress.py:116)
DEBUG:Adding /tmp/tmpq1b_jlqd/pads/TestPoint_TP11_48_0 as pads/TestPoint_TP11_48_0 (kibot - out_compress.py:116)
DEBUG:Adding /tmp/tmpq1b_jlqd/pads/TestPoint_TP3_49_0 as pads/TestPoint_TP3_49_0 (kibot - out_compress.py:116)
DEBUG:Adding /tmp/tmpq1b_jlqd/pads/TestPoint_TP16_50_0 as pads/TestPoint_TP16_50_0 (kibot - out_compress.py:116)
DEBUG:Adding /tmp/tmpq1b_jlqd/pads/20_MHz_Y1_51_0 as pads/20_MHz_Y1_51_0 (kibot - out_compress.py:116)
DEBUG:Adding /tmp/tmpq1b_jlqd/pads/20_MHz_Y1_51_1 as pads/20_MHz_Y1_51_1 (kibot - out_compress.py:116)
DEBUG:Adding /tmp/tmpq1b_jlqd/pads/20_MHz_Y1_51_2 as pads/20_MHz_Y1_51_2 (kibot - out_compress.py:116)
DEBUG:Adding /tmp/tmpq1b_jlqd/pads/20_MHz_Y1_51_3 as pads/20_MHz_Y1_51_3 (kibot - out_compress.py:116)
DEBUG:Adding /tmp/tmpq1b_jlqd/pads/100n_C25_52_0 as pads/100n_C25_52_0 (kibot - out_compress.py:116)
DEBUG:Adding /tmp/tmpq1b_jlqd/pads/100n_C25_52_1 as pads/100n_C25_52_1 (kibot - out_compress.py:116)
DEBUG:Adding /tmp/tmpq1b_jlqd/pads/5k1_R15_53_0 as pads/5k1_R15_53_0 (kibot - out_compress.py:116)
DEBUG:Adding /tmp/tmpq1b_jlqd/pads/5k1_R15_53_1 as pads/5k1_R15_53_1 (kibot - out_compress.py:116)
DEBUG:Adding /tmp/tmpq1b_jlqd/pads/0R_JP6_54_0 as pads/0R_JP6_54_0 (kibot - out_compress.py:116)
DEBUG:Adding /tmp/tmpq1b_jlqd/pads/0R_JP6_54_1 as pads/0R_JP6_54_1 (kibot - out_compress.py:116)
DEBUG:Adding /tmp/tmpq1b_jlqd/pads/VNH7070_U3_55_0 as pads/VNH7070_U3_55_0 (kibot - out_compress.py:116)
DEBUG:Adding /tmp/tmpq1b_jlqd/pads/VNH7070_U3_55_1 as pads/VNH7070_U3_55_1 (kibot - out_compress.py:116)
DEBUG:Adding /tmp/tmpq1b_jlqd/pads/VNH7070_U3_55_2 as pads/VNH7070_U3_55_2 (kibot - out_compress.py:116)
DEBUG:Adding /tmp/tmpq1b_jlqd/pads/VNH7070_U3_55_3 as pads/VNH7070_U3_55_3 (kibot - out_compress.py:116)
DEBUG:Adding /tmp/tmpq1b_jlqd/pads/VNH7070_U3_55_4 as pads/VNH7070_U3_55_4 (kibot - out_compress.py:116)
DEBUG:Adding /tmp/tmpq1b_jlqd/pads/VNH7070_U3_55_5 as pads/VNH7070_U3_55_5 (kibot - out_compress.py:116)
DEBUG:Adding /tmp/tmpq1b_jlqd/pads/VNH7070_U3_55_6 as pads/VNH7070_U3_55_6 (kibot - out_compress.py:116)
DEBUG:Adding /tmp/tmpq1b_jlqd/pads/VNH7070_U3_55_7 as pads/VNH7070_U3_55_7 (kibot - out_compress.py:116)
DEBUG:Adding /tmp/tmpq1b_jlqd/pads/VNH7070_U3_55_8 as pads/VNH7070_U3_55_8 (kibot - out_compress.py:116)
DEBUG:Adding /tmp/tmpq1b_jlqd/pads/VNH7070_U3_55_9 as pads/VNH7070_U3_55_9 (kibot - out_compress.py:116)
DEBUG:Adding /tmp/tmpq1b_jlqd/pads/VNH7070_U3_55_10 as pads/VNH7070_U3_55_10 (kibot - out_compress.py:116)
DEBUG:Adding /tmp/tmpq1b_jlqd/pads/VNH7070_U3_55_11 as pads/VNH7070_U3_55_11 (kibot - out_compress.py:116)
DEBUG:Adding /tmp/tmpq1b_jlqd/pads/VNH7070_U3_55_12 as pads/VNH7070_U3_55_12 (kibot - out_compress.py:116)
DEBUG:Adding /tmp/tmpq1b_jlqd/pads/VNH7070_U3_55_13 as pads/VNH7070_U3_55_13 (kibot - out_compress.py:116)
DEBUG:Adding /tmp/tmpq1b_jlqd/pads/VNH7070_U3_55_14 as pads/VNH7070_U3_55_14 (kibot - out_compress.py:116)
DEBUG:Adding /tmp/tmpq1b_jlqd/pads/VNH7070_U3_55_15 as pads/VNH7070_U3_55_15 (kibot - out_compress.py:116)
DEBUG:Adding /tmp/tmpq1b_jlqd/pads/0R_JP19_56_0 as pads/0R_JP19_56_0 (kibot - out_compress.py:116)
DEBUG:Adding /tmp/tmpq1b_jlqd/pads/0R_JP19_56_1 as pads/0R_JP19_56_1 (kibot - out_compress.py:116)
DEBUG:Adding /tmp/tmpq1b_jlqd/pads/100n_C13_57_0 as pads/100n_C13_57_0 (kibot - out_compress.py:116)
DEBUG:Adding /tmp/tmpq1b_jlqd/pads/100n_C13_57_1 as pads/100n_C13_57_1 (kibot - out_compress.py:116)
DEBUG:Adding /tmp/tmpq1b_jlqd/pads/23_2k_R6_58_0 as pads/23_2k_R6_58_0 (kibot - out_compress.py:116)
DEBUG:Adding /tmp/tmpq1b_jlqd/pads/23_2k_R6_58_1 as pads/23_2k_R6_58_1 (kibot - out_compress.py:116)
DEBUG:Adding /tmp/tmpq1b_jlqd/pads/TestPoint_TP20_59_0 as pads/TestPoint_TP20_59_0 (kibot - out_compress.py:116)
DEBUG:Adding /tmp/tmpq1b_jlqd/pads/TestPoint_TP19_60_0 as pads/TestPoint_TP19_60_0 (kibot - out_compress.py:116)
DEBUG:Adding /tmp/tmpq1b_jlqd/pads/1u_C11_61_0 as pads/1u_C11_61_0 (kibot - out_compress.py:116)
DEBUG:Adding /tmp/tmpq1b_jlqd/pads/1u_C11_61_1 as pads/1u_C11_61_1 (kibot - out_compress.py:116)
DEBUG:Adding /tmp/tmpq1b_jlqd/pads/0R_JP7_62_0 as pads/0R_JP7_62_0 (kibot - out_compress.py:116)
DEBUG:Adding /tmp/tmpq1b_jlqd/pads/0R_JP7_62_1 as pads/0R_JP7_62_1 (kibot - out_compress.py:116)
DEBUG:Adding /tmp/tmpq1b_jlqd/pads/22u_C17_63_0 as pads/22u_C17_63_0 (kibot - out_compress.py:116)
DEBUG:Adding /tmp/tmpq1b_jlqd/pads/22u_C17_63_1 as pads/22u_C17_63_1 (kibot - out_compress.py:116)
DEBUG:Adding /tmp/tmpq1b_jlqd/pads/TestPoint_TP4_64_0 as pads/TestPoint_TP4_64_0 (kibot - out_compress.py:116)
DEBUG:Adding /tmp/tmpq1b_jlqd/pads/64_9k_R3_65_0 as pads/64_9k_R3_65_0 (kibot - out_compress.py:116)
DEBUG:Adding /tmp/tmpq1b_jlqd/pads/64_9k_R3_65_1 as pads/64_9k_R3_65_1 (kibot - out_compress.py:116)
DEBUG:Adding /tmp/tmpq1b_jlqd/pads/10n_C5_66_0 as pads/10n_C5_66_0 (kibot - out_compress.py:116)
DEBUG:Adding /tmp/tmpq1b_jlqd/pads/10n_C5_66_1 as pads/10n_C5_66_1 (kibot - out_compress.py:116)
DEBUG:Adding /tmp/tmpq1b_jlqd/pads/USBLC6_2SC6_U4_67_0 as pads/USBLC6_2SC6_U4_67_0 (kibot - out_compress.py:116)
DEBUG:Adding /tmp/tmpq1b_jlqd/pads/USBLC6_2SC6_U4_67_1 as pads/USBLC6_2SC6_U4_67_1 (kibot - out_compress.py:116)
DEBUG:Adding /tmp/tmpq1b_jlqd/pads/USBLC6_2SC6_U4_67_2 as pads/USBLC6_2SC6_U4_67_2 (kibot - out_compress.py:116)
DEBUG:Adding /tmp/tmpq1b_jlqd/pads/USBLC6_2SC6_U4_67_3 as pads/USBLC6_2SC6_U4_67_3 (kibot - out_compress.py:116)
DEBUG:Adding /tmp/tmpq1b_jlqd/pads/USBLC6_2SC6_U4_67_4 as pads/USBLC6_2SC6_U4_67_4 (kibot - out_compress.py:116)
DEBUG:Adding /tmp/tmpq1b_jlqd/pads/USBLC6_2SC6_U4_67_5 as pads/USBLC6_2SC6_U4_67_5 (kibot - out_compress.py:116)
DEBUG:Adding /tmp/tmpq1b_jlqd/pads/100n_C19_68_0 as pads/100n_C19_68_0 (kibot - out_compress.py:116)
DEBUG:Adding /tmp/tmpq1b_jlqd/pads/100n_C19_68_1 as pads/100n_C19_68_1 (kibot - out_compress.py:116)
DEBUG:Adding /tmp/tmpq1b_jlqd/pads/TestPoint_TP12_69_0 as pads/TestPoint_TP12_69_0 (kibot - out_compress.py:116)
DEBUG:Adding /tmp/tmpq1b_jlqd/pads/0R_JP17_70_0 as pads/0R_JP17_70_0 (kibot - out_compress.py:116)
DEBUG:Adding /tmp/tmpq1b_jlqd/pads/0R_JP17_70_1 as pads/0R_JP17_70_1 (kibot - out_compress.py:116)
DEBUG:Adding /tmp/tmpq1b_jlqd/pads/100n_C20_71_0 as pads/100n_C20_71_0 (kibot - out_compress.py:116)
DEBUG:Adding /tmp/tmpq1b_jlqd/pads/100n_C20_71_1 as pads/100n_C20_71_1 (kibot - out_compress.py:116)
DEBUG:Adding /tmp/tmpq1b_jlqd/pads/TestPoint_TP2_72_0 as pads/TestPoint_TP2_72_0 (kibot - out_compress.py:116)
DEBUG:Adding /tmp/tmpq1b_jlqd/pads/STM32G431K8Tx_U2_73_0 as pads/STM32G431K8Tx_U2_73_0 (kibot - out_compress.py:116)
DEBUG:Adding /tmp/tmpq1b_jlqd/pads/STM32G431K8Tx_U2_73_1 as pads/STM32G431K8Tx_U2_73_1 (kibot - out_compress.py:116)
DEBUG:Adding /tmp/tmpq1b_jlqd/pads/STM32G431K8Tx_U2_73_2 as pads/STM32G431K8Tx_U2_73_2 (kibot - out_compress.py:116)
DEBUG:Adding /tmp/tmpq1b_jlqd/pads/STM32G431K8Tx_U2_73_3 as pads/STM32G431K8Tx_U2_73_3 (kibot - out_compress.py:116)
DEBUG:Adding /tmp/tmpq1b_jlqd/pads/STM32G431K8Tx_U2_73_4 as pads/STM32G431K8Tx_U2_73_4 (kibot - out_compress.py:116)
DEBUG:Adding /tmp/tmpq1b_jlqd/pads/STM32G431K8Tx_U2_73_5 as pads/STM32G431K8Tx_U2_73_5 (kibot - out_compress.py:116)
DEBUG:Adding /tmp/tmpq1b_jlqd/pads/STM32G431K8Tx_U2_73_6 as pads/STM32G431K8Tx_U2_73_6 (kibot - out_compress.py:116)
DEBUG:Adding /tmp/tmpq1b_jlqd/pads/STM32G431K8Tx_U2_73_7 as pads/STM32G431K8Tx_U2_73_7 (kibot - out_compress.py:116)
DEBUG:Adding /tmp/tmpq1b_jlqd/pads/STM32G431K8Tx_U2_73_8 as pads/STM32G431K8Tx_U2_73_8 (kibot - out_compress.py:116)
DEBUG:Adding /tmp/tmpq1b_jlqd/pads/STM32G431K8Tx_U2_73_9 as pads/STM32G431K8Tx_U2_73_9 (kibot - out_compress.py:116)
DEBUG:Adding /tmp/tmpq1b_jlqd/pads/STM32G431K8Tx_U2_73_10 as pads/STM32G431K8Tx_U2_73_10 (kibot - out_compress.py:116)
DEBUG:Adding /tmp/tmpq1b_jlqd/pads/STM32G431K8Tx_U2_73_11 as pads/STM32G431K8Tx_U2_73_11 (kibot - out_compress.py:116)
DEBUG:Adding /tmp/tmpq1b_jlqd/pads/STM32G431K8Tx_U2_73_12 as pads/STM32G431K8Tx_U2_73_12 (kibot - out_compress.py:116)
DEBUG:Adding /tmp/tmpq1b_jlqd/pads/STM32G431K8Tx_U2_73_13 as pads/STM32G431K8Tx_U2_73_13 (kibot - out_compress.py:116)
DEBUG:Adding /tmp/tmpq1b_jlqd/pads/STM32G431K8Tx_U2_73_14 as pads/STM32G431K8Tx_U2_73_14 (kibot - out_compress.py:116)
DEBUG:Adding /tmp/tmpq1b_jlqd/pads/STM32G431K8Tx_U2_73_15 as pads/STM32G431K8Tx_U2_73_15 (kibot - out_compress.py:116)
DEBUG:Adding /tmp/tmpq1b_jlqd/pads/STM32G431K8Tx_U2_73_16 as pads/STM32G431K8Tx_U2_73_16 (kibot - out_compress.py:116)
DEBUG:Adding /tmp/tmpq1b_jlqd/pads/STM32G431K8Tx_U2_73_17 as pads/STM32G431K8Tx_U2_73_17 (kibot - out_compress.py:116)
DEBUG:Adding /tmp/tmpq1b_jlqd/pads/STM32G431K8Tx_U2_73_18 as pads/STM32G431K8Tx_U2_73_18 (kibot - out_compress.py:116)
DEBUG:Adding /tmp/tmpq1b_jlqd/pads/STM32G431K8Tx_U2_73_19 as pads/STM32G431K8Tx_U2_73_19 (kibot - out_compress.py:116)
DEBUG:Adding /tmp/tmpq1b_jlqd/pads/STM32G431K8Tx_U2_73_20 as pads/STM32G431K8Tx_U2_73_20 (kibot - out_compress.py:116)
DEBUG:Adding /tmp/tmpq1b_jlqd/pads/STM32G431K8Tx_U2_73_21 as pads/STM32G431K8Tx_U2_73_21 (kibot - out_compress.py:116)
DEBUG:Adding /tmp/tmpq1b_jlqd/pads/STM32G431K8Tx_U2_73_22 as pads/STM32G431K8Tx_U2_73_22 (kibot - out_compress.py:116)
DEBUG:Adding /tmp/tmpq1b_jlqd/pads/STM32G431K8Tx_U2_73_23 as pads/STM32G431K8Tx_U2_73_23 (kibot - out_compress.py:116)
DEBUG:Adding /tmp/tmpq1b_jlqd/pads/STM32G431K8Tx_U2_73_24 as pads/STM32G431K8Tx_U2_73_24 (kibot - out_compress.py:116)
DEBUG:Adding /tmp/tmpq1b_jlqd/pads/STM32G431K8Tx_U2_73_25 as pads/STM32G431K8Tx_U2_73_25 (kibot - out_compress.py:116)
DEBUG:Adding /tmp/tmpq1b_jlqd/pads/STM32G431K8Tx_U2_73_26 as pads/STM32G431K8Tx_U2_73_26 (kibot - out_compress.py:116)
DEBUG:Adding /tmp/tmpq1b_jlqd/pads/STM32G431K8Tx_U2_73_27 as pads/STM32G431K8Tx_U2_73_27 (kibot - out_compress.py:116)
DEBUG:Adding /tmp/tmpq1b_jlqd/pads/STM32G431K8Tx_U2_73_28 as pads/STM32G431K8Tx_U2_73_28 (kibot - out_compress.py:116)
DEBUG:Adding /tmp/tmpq1b_jlqd/pads/STM32G431K8Tx_U2_73_29 as pads/STM32G431K8Tx_U2_73_29 (kibot - out_compress.py:116)
DEBUG:Adding /tmp/tmpq1b_jlqd/pads/STM32G431K8Tx_U2_73_30 as pads/STM32G431K8Tx_U2_73_30 (kibot - out_compress.py:116)
DEBUG:Adding /tmp/tmpq1b_jlqd/pads/STM32G431K8Tx_U2_73_31 as pads/STM32G431K8Tx_U2_73_31 (kibot - out_compress.py:116)
DEBUG:Adding /tmp/tmpq1b_jlqd/pads/JST_B4B_XH_A_J1_74_0 as pads/JST_B4B_XH_A_J1_74_0 (kibot - out_compress.py:116)
DEBUG:Adding /tmp/tmpq1b_jlqd/pads/JST_B4B_XH_A_J1_74_1 as pads/JST_B4B_XH_A_J1_74_1 (kibot - out_compress.py:116)
DEBUG:Adding /tmp/tmpq1b_jlqd/pads/JST_B4B_XH_A_J1_74_2 as pads/JST_B4B_XH_A_J1_74_2 (kibot - out_compress.py:116)
DEBUG:Adding /tmp/tmpq1b_jlqd/pads/JST_B4B_XH_A_J1_74_3 as pads/JST_B4B_XH_A_J1_74_3 (kibot - out_compress.py:116)
DEBUG:Adding /tmp/tmpq1b_jlqd/pads/220u_C24_75_0 as pads/220u_C24_75_0 (kibot - out_compress.py:116)
DEBUG:Adding /tmp/tmpq1b_jlqd/pads/220u_C24_75_1 as pads/220u_C24_75_1 (kibot - out_compress.py:116)
DEBUG:Adding /tmp/tmpq1b_jlqd/pads/0R_JP11_76_0 as pads/0R_JP11_76_0 (kibot - out_compress.py:116)
DEBUG:Adding /tmp/tmpq1b_jlqd/pads/0R_JP11_76_1 as pads/0R_JP11_76_1 (kibot - out_compress.py:116)
DEBUG:Adding /tmp/tmpq1b_jlqd/pads/0R_JP18_77_0 as pads/0R_JP18_77_0 (kibot - out_compress.py:116)
DEBUG:Adding /tmp/tmpq1b_jlqd/pads/0R_JP18_77_1 as pads/0R_JP18_77_1 (kibot - out_compress.py:116)
DEBUG:Adding /tmp/tmpq1b_jlqd/pads/JST_B6B_XH_A_J7_78_0 as pads/JST_B6B_XH_A_J7_78_0 (kibot - out_compress.py:116)
DEBUG:Adding /tmp/tmpq1b_jlqd/pads/JST_B6B_XH_A_J7_78_1 as pads/JST_B6B_XH_A_J7_78_1 (kibot - out_compress.py:116)
DEBUG:Adding /tmp/tmpq1b_jlqd/pads/JST_B6B_XH_A_J7_78_2 as pads/JST_B6B_XH_A_J7_78_2 (kibot - out_compress.py:116)
DEBUG:Adding /tmp/tmpq1b_jlqd/pads/JST_B6B_XH_A_J7_78_3 as pads/JST_B6B_XH_A_J7_78_3 (kibot - out_compress.py:116)
DEBUG:Adding /tmp/tmpq1b_jlqd/pads/JST_B6B_XH_A_J7_78_4 as pads/JST_B6B_XH_A_J7_78_4 (kibot - out_compress.py:116)
DEBUG:Adding /tmp/tmpq1b_jlqd/pads/JST_B6B_XH_A_J7_78_5 as pads/JST_B6B_XH_A_J7_78_5 (kibot - out_compress.py:116)
DEBUG:Adding /tmp/tmpq1b_jlqd/pads/0R_JP4_79_0 as pads/0R_JP4_79_0 (kibot - out_compress.py:116)
DEBUG:Adding /tmp/tmpq1b_jlqd/pads/0R_JP4_79_1 as pads/0R_JP4_79_1 (kibot - out_compress.py:116)
DEBUG:Adding /tmp/tmpq1b_jlqd/pads/10k_R8_80_0 as pads/10k_R8_80_0 (kibot - out_compress.py:116)
DEBUG:Adding /tmp/tmpq1b_jlqd/pads/10k_R8_80_1 as pads/10k_R8_80_1 (kibot - out_compress.py:116)
DEBUG:Adding /tmp/tmpq1b_jlqd/pads/820_R11_81_0 as pads/820_R11_81_0 (kibot - out_compress.py:116)
DEBUG:Adding /tmp/tmpq1b_jlqd/pads/820_R11_81_1 as pads/820_R11_81_1 (kibot - out_compress.py:116)
DEBUG:Adding /tmp/tmpq1b_jlqd/pads/22u_C15_82_0 as pads/22u_C15_82_0 (kibot - out_compress.py:116)
DEBUG:Adding /tmp/tmpq1b_jlqd/pads/22u_C15_82_1 as pads/22u_C15_82_1 (kibot - out_compress.py:116)
DEBUG:Adding /tmp/tmpq1b_jlqd/pads/TestPoint_TP1_83_0 as pads/TestPoint_TP1_83_0 (kibot - out_compress.py:116)
DEBUG:Adding /tmp/tmpq1b_jlqd/pads/0R_JP1_84_0 as pads/0R_JP1_84_0 (kibot - out_compress.py:116)
DEBUG:Adding /tmp/tmpq1b_jlqd/pads/0R_JP1_84_1 as pads/0R_JP1_84_1 (kibot - out_compress.py:116)
DEBUG:Adding /tmp/tmpq1b_jlqd/pads/1n_C7_85_0 as pads/1n_C7_85_0 (kibot - out_compress.py:116)
DEBUG:Adding /tmp/tmpq1b_jlqd/pads/1n_C7_85_1 as pads/1n_C7_85_1 (kibot - out_compress.py:116)
DEBUG:Adding /tmp/tmpq1b_jlqd/pads/10k_R1_86_0 as pads/10k_R1_86_0 (kibot - out_compress.py:116)
DEBUG:Adding /tmp/tmpq1b_jlqd/pads/10k_R1_86_1 as pads/10k_R1_86_1 (kibot - out_compress.py:116)
DEBUG:Adding /tmp/tmpq1b_jlqd/pads/4_7u_C2_87_0 as pads/4_7u_C2_87_0 (kibot - out_compress.py:116)
DEBUG:Adding /tmp/tmpq1b_jlqd/pads/4_7u_C2_87_1 as pads/4_7u_C2_87_1 (kibot - out_compress.py:116)
DEBUG:Adding /tmp/tmpq1b_jlqd/pads/0R_JP22_88_0 as pads/0R_JP22_88_0 (kibot - out_compress.py:116)
DEBUG:Adding /tmp/tmpq1b_jlqd/pads/0R_JP22_88_1 as pads/0R_JP22_88_1 (kibot - out_compress.py:116)
DEBUG:Adding /tmp/tmpq1b_jlqd/pads/2k2_R4_89_0 as pads/2k2_R4_89_0 (kibot - out_compress.py:116)
DEBUG:Adding /tmp/tmpq1b_jlqd/pads/2k2_R4_89_1 as pads/2k2_R4_89_1 (kibot - out_compress.py:116)
DEBUG:Adding /tmp/tmpq1b_jlqd/pads/TestPoint_TP17_90_0 as pads/TestPoint_TP17_90_0 (kibot - out_compress.py:116)
DEBUG:Adding /tmp/tmpq1b_jlqd/pads/1n_C22_91_0 as pads/1n_C22_91_0 (kibot - out_compress.py:116)
DEBUG:Adding /tmp/tmpq1b_jlqd/pads/1n_C22_91_1 as pads/1n_C22_91_1 (kibot - out_compress.py:116)
DEBUG:Adding /tmp/tmpq1b_jlqd/pads/0R_JP3_92_0 as pads/0R_JP3_92_0 (kibot - out_compress.py:116)
DEBUG:Adding /tmp/tmpq1b_jlqd/pads/0R_JP3_92_1 as pads/0R_JP3_92_1 (kibot - out_compress.py:116)
DEBUG:Adding /tmp/tmpq1b_jlqd/pads/BAV99_D1_93_0 as pads/BAV99_D1_93_0 (kibot - out_compress.py:116)
DEBUG:Adding /tmp/tmpq1b_jlqd/pads/BAV99_D1_93_1 as pads/BAV99_D1_93_1 (kibot - out_compress.py:116)
DEBUG:Adding /tmp/tmpq1b_jlqd/pads/BAV99_D1_93_2 as pads/BAV99_D1_93_2 (kibot - out_compress.py:116)
DEBUG:Adding /tmp/tmpq1b_jlqd/pads/1n_C8_94_0 as pads/1n_C8_94_0 (kibot - out_compress.py:116)
DEBUG:Adding /tmp/tmpq1b_jlqd/pads/1n_C8_94_1 as pads/1n_C8_94_1 (kibot - out_compress.py:116)
DEBUG:Adding /tmp/tmpq1b_jlqd/pads/0R_JP12_95_0 as pads/0R_JP12_95_0 (kibot - out_compress.py:116)
DEBUG:Adding /tmp/tmpq1b_jlqd/pads/0R_JP12_95_1 as pads/0R_JP12_95_1 (kibot - out_compress.py:116)
DEBUG:Adding /tmp/tmpq1b_jlqd/pads/1n_C21_96_0 as pads/1n_C21_96_0 (kibot - out_compress.py:116)
DEBUG:Adding /tmp/tmpq1b_jlqd/pads/1n_C21_96_1 as pads/1n_C21_96_1 (kibot - out_compress.py:116)
DEBUG:Adding /tmp/tmpq1b_jlqd/pads/HX_JN1_27_2x5_WZ_H4_9_J4_97_0 as pads/HX_JN1_27_2x5_WZ_H4_9_J4_97_0 (kibot - out_compress.py:116)
DEBUG:Adding /tmp/tmpq1b_jlqd/pads/HX_JN1_27_2x5_WZ_H4_9_J4_97_1 as pads/HX_JN1_27_2x5_WZ_H4_9_J4_97_1 (kibot - out_compress.py:116)
DEBUG:Adding /tmp/tmpq1b_jlqd/pads/HX_JN1_27_2x5_WZ_H4_9_J4_97_2 as pads/HX_JN1_27_2x5_WZ_H4_9_J4_97_2 (kibot - out_compress.py:116)
DEBUG:Adding /tmp/tmpq1b_jlqd/pads/HX_JN1_27_2x5_WZ_H4_9_J4_97_3 as pads/HX_JN1_27_2x5_WZ_H4_9_J4_97_3 (kibot - out_compress.py:116)
DEBUG:Adding /tmp/tmpq1b_jlqd/pads/HX_JN1_27_2x5_WZ_H4_9_J4_97_4 as pads/HX_JN1_27_2x5_WZ_H4_9_J4_97_4 (kibot - out_compress.py:116)
DEBUG:Adding /tmp/tmpq1b_jlqd/pads/HX_JN1_27_2x5_WZ_H4_9_J4_97_5 as pads/HX_JN1_27_2x5_WZ_H4_9_J4_97_5 (kibot - out_compress.py:116)
DEBUG:Adding /tmp/tmpq1b_jlqd/pads/HX_JN1_27_2x5_WZ_H4_9_J4_97_6 as pads/HX_JN1_27_2x5_WZ_H4_9_J4_97_6 (kibot - out_compress.py:116)
DEBUG:Adding /tmp/tmpq1b_jlqd/pads/HX_JN1_27_2x5_WZ_H4_9_J4_97_7 as pads/HX_JN1_27_2x5_WZ_H4_9_J4_97_7 (kibot - out_compress.py:116)
DEBUG:Adding /tmp/tmpq1b_jlqd/pads/HX_JN1_27_2x5_WZ_H4_9_J4_97_8 as pads/HX_JN1_27_2x5_WZ_H4_9_J4_97_8 (kibot - out_compress.py:116)
DEBUG:Adding /tmp/tmpq1b_jlqd/pads/HX_JN1_27_2x5_WZ_H4_9_J4_97_9 as pads/HX_JN1_27_2x5_WZ_H4_9_J4_97_9 (kibot - out_compress.py:116)
DEBUG:Adding /tmp/tmpq1b_jlqd/pads/2_54_mm_header_J2_98_0 as pads/2_54_mm_header_J2_98_0 (kibot - out_compress.py:116)
DEBUG:Adding /tmp/tmpq1b_jlqd/pads/2_54_mm_header_J2_98_1 as pads/2_54_mm_header_J2_98_1 (kibot - out_compress.py:116)
DEBUG:Adding /tmp/tmpq1b_jlqd/pads/2_54_mm_header_J2_98_2 as pads/2_54_mm_header_J2_98_2 (kibot - out_compress.py:116)
DEBUG:Adding /tmp/tmpq1b_jlqd/pads/2_54_mm_header_J2_98_3 as pads/2_54_mm_header_J2_98_3 (kibot - out_compress.py:116)
DEBUG:Adding /tmp/tmpq1b_jlqd/pads/Conn_01x14_Pin_J3_99_0 as pads/Conn_01x14_Pin_J3_99_0 (kibot - out_compress.py:116)
DEBUG:Adding /tmp/tmpq1b_jlqd/pads/Conn_01x14_Pin_J3_99_1 as pads/Conn_01x14_Pin_J3_99_1 (kibot - out_compress.py:116)
DEBUG:Adding /tmp/tmpq1b_jlqd/pads/Conn_01x14_Pin_J3_99_2 as pads/Conn_01x14_Pin_J3_99_2 (kibot - out_compress.py:116)
DEBUG:Adding /tmp/tmpq1b_jlqd/pads/Conn_01x14_Pin_J3_99_3 as pads/Conn_01x14_Pin_J3_99_3 (kibot - out_compress.py:116)
DEBUG:Adding /tmp/tmpq1b_jlqd/pads/Conn_01x14_Pin_J3_99_4 as pads/Conn_01x14_Pin_J3_99_4 (kibot - out_compress.py:116)
DEBUG:Adding /tmp/tmpq1b_jlqd/pads/Conn_01x14_Pin_J3_99_5 as pads/Conn_01x14_Pin_J3_99_5 (kibot - out_compress.py:116)
DEBUG:Adding /tmp/tmpq1b_jlqd/pads/Conn_01x14_Pin_J3_99_6 as pads/Conn_01x14_Pin_J3_99_6 (kibot - out_compress.py:116)
DEBUG:Adding /tmp/tmpq1b_jlqd/pads/Conn_01x14_Pin_J3_99_7 as pads/Conn_01x14_Pin_J3_99_7 (kibot - out_compress.py:116)
DEBUG:Adding /tmp/tmpq1b_jlqd/pads/Conn_01x14_Pin_J3_99_8 as pads/Conn_01x14_Pin_J3_99_8 (kibot - out_compress.py:116)
DEBUG:Adding /tmp/tmpq1b_jlqd/pads/Conn_01x14_Pin_J3_99_9 as pads/Conn_01x14_Pin_J3_99_9 (kibot - out_compress.py:116)
DEBUG:Adding /tmp/tmpq1b_jlqd/pads/Conn_01x14_Pin_J3_99_10 as pads/Conn_01x14_Pin_J3_99_10 (kibot - out_compress.py:116)
DEBUG:Adding /tmp/tmpq1b_jlqd/pads/Conn_01x14_Pin_J3_99_11 as pads/Conn_01x14_Pin_J3_99_11 (kibot - out_compress.py:116)
DEBUG:Adding /tmp/tmpq1b_jlqd/pads/Conn_01x14_Pin_J3_99_12 as pads/Conn_01x14_Pin_J3_99_12 (kibot - out_compress.py:116)
DEBUG:Adding /tmp/tmpq1b_jlqd/pads/Conn_01x14_Pin_J3_99_13 as pads/Conn_01x14_Pin_J3_99_13 (kibot - out_compress.py:116)
DEBUG:Adding /tmp/tmpq1b_jlqd/pads/TFT_2_4in_320x240_TFT1_100_0 as pads/TFT_2_4in_320x240_TFT1_100_0 (kibot - out_compress.py:116)
DEBUG:Adding /tmp/tmpq1b_jlqd/pads/TFT_2_4in_320x240_TFT1_100_1 as pads/TFT_2_4in_320x240_TFT1_100_1 (kibot - out_compress.py:116)
DEBUG:Adding /tmp/tmpq1b_jlqd/pads/TFT_2_4in_320x240_TFT1_100_2 as pads/TFT_2_4in_320x240_TFT1_100_2 (kibot - out_compress.py:116)
DEBUG:Adding /tmp/tmpq1b_jlqd/pads/TFT_2_4in_320x240_TFT1_100_3 as pads/TFT_2_4in_320x240_TFT1_100_3 (kibot - out_compress.py:116)
DEBUG:Adding /tmp/tmpq1b_jlqd/layers/stackup as layers/stackup (kibot - out_compress.py:116)
DEBUG:Adding /tmp/tmpq1b_jlqd/boards as boards (kibot - out_compress.py:116)
DEBUG:Starting tool check for Blender (kibot - dep_downloader.py:866)
DEBUG:- Returning `/usr/bin/blender` (kibot - dep_downloader.py:873)
DEBUG:Starting tool check for ImageMagick (kibot - dep_downloader.py:866)
DEBUG:- Returning `/usr/bin/convert` (kibot - dep_downloader.py:873)
DEBUG:Scene:
{
  "auto_camera_z_axis_factor": 1.1,
  "fixed_auto_camera": false,
  "lights": [
    {
      "energy": 0.5,
      "name": "sunlight",
      "position": [
        -0.33316650000000003,
        0.33316650000000003,
        0.50025
      ],
      "type": "SUN"
    },
    {
      "energy": 2.4024005999999996,
      "name": "softbox1",
      "position": [
        -0.33316650000000003,
        0.33316650000000003,
        0.50025
      ],
      "type": "AREA"
    },
    {
      "energy": 2.4024005999999996,
      "name": "softbox2",
      "position": [
        0.33316650000000003,
        -0.33316650000000003,
        0.50025
      ],
      "type": "AREA"
    },
    {
      "energy": 2.4024005999999996,
      "name": "softbox3",
      "position": [
        -0.33316650000000003,
        -0.33316650000000003,
        0.50025
      ],
      "type": "AREA"
    },
    {
      "energy": 2.4024005999999996,
      "name": "softbox4",
      "position": [
        -0.33316650000000003,
        0.33316650000000003,
        0.50025
      ],
      "type": "AREA"
    }
  ],
  "point_of_view": [
    {
      "rotate_x": 15,
      "rotate_y": -25,
      "rotate_z": 0,
      "view": "Z"
    }
  ],
  "render": {
    "background1": "#66667F",
    "background2": "#66667F",
    "resolution_x": 1080,
    "resolution_y": 1080,
    "samples": 4,
    "transparent_background": true
  }
} (kibot - out_blender_export.py:610)
DEBUG:- Executing: /usr/bin/blender -b --factory-startup -P /usr/lib/python3/dist-packages/kibot/blender_scripts/blender_export.py -- --format render --output /work/output/3d/ktest-3D_blenderangled_bottom.png --scene /tmp/tmp01d3e39q.json /work/output/3d/ktest-blender_export.pcb3d (kibot - kiplot.py:161)
DEBUG:- Output from command: Importing PCB3D file ...
Add-on not loaded: "pcb2blender_importer", cause: No module named 'pcb2blender_importer'
Add-on not loaded: "pcb3d_importer", cause: No module named 'pcb3d_importer'
Add-on not loaded: "bl_ext.blender_org.pcb3d_importer", cause: No module named 'bl_ext.blender_org.pcb3d_importer'
Skipping wheel for other system (win_arm64 != linux_x86_64): pillow-11.3.0-cp311-cp311-win_arm64.whl
Skipping wheel for other system (win_arm64 != linux_x86_64): skia_python-138.0-cp311-cp311-win_arm64.whl
Skipping wheel for other system (win_amd64 != linux_x86_64): skia_python-138.0-cp311-cp311-win_amd64.whl
Skipping wheel for other system (macosx_11_0_arm64 != linux_x86_64): pillow-11.3.0-cp311-cp311-macosx_11_0_arm64.whl
Skipping wheel for other system (macosx_11_0_arm64 != linux_x86_64): skia_python-138.0-cp311-cp311-macosx_11_0_arm64.whl
Skipping wheel for other system (macosx_10_10_x86_64 != linux_x86_64): pillow-11.3.0-cp311-cp311-macosx_10_10_x86_64.whl
Skipping wheel for other system (macosx_11_0_x86_64 != linux_x86_64): skia_python-138.0-cp311-cp311-macosx_11_0_x86_64.whl
Skipping wheel for other system (win_amd64 != linux_x86_64): pillow-11.3.0-cp311-cp311-win_amd64.whl
unknown drill shape '2'
unknown drill shape '2'
unknown drill shape '2'
unknown drill shape '2'
unknown drill shape '2'
unknown drill shape '2'
unknown drill shape '2'
unknown drill shape '2'
unknown drill shape '2'
unknown drill shape '2'
unknown drill shape '2'
unknown drill shape '2'
{
  "auto_camera_z_axis_factor": 1.1,
  "fixed_auto_camera": false,
  "lights": [
    {
      "energy": 0.5,
      "name": "sunlight",
      "position": [
        -0.33316650000000003,
        0.33316650000000003,
        0.50025
      ],
      "type": "SUN"
    },
    {
      "energy": 2.4024005999999996,
      "name": "softbox1",
      "position": [
        -0.33316650000000003,
        0.33316650000000003,
        0.50025
      ],
      "type": "AREA"
    },
    {
      "energy": 2.4024005999999996,
      "name": "softbox2",
      "position": [
        0.33316650000000003,
        -0.33316650000000003,
        0.50025
      ],
      "type": "AREA"
    },
    {
      "energy": 2.4024005999999996,
      "name": "softbox3",
      "position": [
        -0.33316650000000003,
        -0.33316650000000003,
        0.50025
      ],
      "type": "AREA"
    },
    {
      "energy": 2.4024005999999996,
      "name": "softbox4",
      "position": [
        -0.33316650000000003,
        0.33316650000000003,
        0.50025
      ],
      "type": "AREA"
    }
  ],
  "point_of_view": [
    {
      "rotate_x": 15,
      "rotate_y": -25,
      "rotate_z": 0,
      "view": "Z"
    }
  ],
  "render": {
    "background1": "#66667F",
    "background2": "#66667F",
    "resolution_x": 1080,
    "resolution_y": 1080,
    "samples": 4,
    "transparent_background": true
  }
}
- Select all
- Initial rotations: (15, 155, 0)
- Creating camera kibot_camera at (0.0, 0.0, 10.0)
- Changing camera to focus the board
- Creating light sunlight at [-0.33316650000000003, 0.33316650000000003, 0.50025], type: SUN energy: 0.5
- Default energy: 10.0
- Creating light softbox1 at [-0.33316650000000003, 0.33316650000000003, 0.50025], type: AREA energy: 2.4024005999999996
- Default energy: 10.0
- Creating light softbox2 at [0.33316650000000003, -0.33316650000000003, 0.50025], type: AREA energy: 2.4024005999999996
- Default energy: 10.0
- Creating light softbox3 at [-0.33316650000000003, -0.33316650000000003, 0.50025], type: AREA energy: 2.4024005999999996
- Default energy: 10.0
- Creating light softbox4 at [-0.33316650000000003, 0.33316650000000003, 0.50025], type: AREA energy: 2.4024005999999996
- Default energy: 10.0
Original colour transform: AgX
Solder-mask texture adjustment: 1 shader node(s), strength=0.2
Softbox softbox1: size=0.388 x 0.581, energy=2.402, aimed at board centre
Softbox softbox2: size=0.388 x 0.581, energy=2.402, aimed at board centre
Softbox softbox3: size=0.388 x 0.581, energy=2.402, aimed at board centre
Softbox softbox4: size=0.388 x 0.581, energy=2.402, aimed at board centre
DARK MATERIAL 'SHAPE_1': (0.14702726900577545, 0.1441284716129303, 0.1441284716129303, 1.0) -> (0.022054091095924377, 0.021619271486997604, 0.021619271486997604, 1.0)
DARK MATERIAL 'SHAPE_1.005': (0.14702726900577545, 0.1441284716129303, 0.1441284716129303, 1.0) -> (0.022054091095924377, 0.021619271486997604, 0.021619271486997604, 1.0)
DARK MATERIAL 'SHAPE_1.007': (0.14702726900577545, 0.1441284716129303, 0.1441284716129303, 1.0) -> (0.022054091095924377, 0.021619271486997604, 0.021619271486997604, 1.0)
DARK MATERIAL 'SHAPE_1.009': (0.14702726900577545, 0.1441284716129303, 0.1441284716129303, 1.0) -> (0.022054091095924377, 0.021619271486997604, 0.021619271486997604, 1.0)
DARK MATERIAL 'SHAPE_1.012': (0.14702726900577545, 0.1441284716129303, 0.1441284716129303, 1.0) -> (0.022054091095924377, 0.021619271486997604, 0.021619271486997604, 1.0)
DARK MATERIAL 'SHAPE_1.014': (0.14702726900577545, 0.1441284716129303, 0.1441284716129303, 1.0) -> (0.022054091095924377, 0.021619271486997604, 0.021619271486997604, 1.0)
DARK MATERIAL 'SHAPE_1.016': (0.14702726900577545, 0.1441284716129303, 0.1441284716129303, 1.0) -> (0.022054091095924377, 0.021619271486997604, 0.021619271486997604, 1.0)
DARK MATERIAL 'SHAPE_14': (0.0802198201417923, 0.08437620848417282, 0.09305896610021591, 1.0) -> (0.012032972648739815, 0.012656431645154953, 0.013958845287561417, 1.0)
DARK MATERIAL 'SHAPE_14.001': (0.0802198201417923, 0.08437620848417282, 0.09305896610021591, 1.0) -> (0.012032972648739815, 0.012656431645154953, 0.013958845287561417, 1.0)
DARK MATERIAL 'SHAPE_19': (0.15896083414554596, 0.15896083414554596, 0.15896083414554596, 1.0) -> (0.023844124749302864, 0.023844124749302864, 0.023844124749302864, 1.0)
DARK MATERIAL 'SHAPE_4': (0.14702726900577545, 0.1441284716129303, 0.1441284716129303, 1.0) -> (0.022054091095924377, 0.021619271486997604, 0.021619271486997604, 1.0)
Darkened 11 component material(s)
MATERIAL_DIAG JST housing corrected: JST_XH_B4B-XH-A_1x04_P2.50mm_Vertical; contacts retained
MATERIAL_DIAG JST housing corrected: JST_XH_B6B-XH-A_1x06_P2.50mm_Vertical; contacts retained
Metal roughness floor: 0.25; adjusted 3 shader(s)
MATERIAL_DIAG 'SHAPE_1': {'Color': {'value': (0.022054091095924377, 0.021619271486997604, 0.021619271486997604, 1.0), 'linked': False}, 'Texture Strength': {'value': 0.5, 'linked': False}, 'Scratches': {'value': 0.5, 'linked': False}, 'Normal': {'value': (0.0, 0.0, 0.0), 'linked': False}}
MATERIAL_DIAG 'SHAPE_1.001': {'Color': {'value': (0.8227857351303101, 0.8148465752601624, 0.7758222222328186, 1.0), 'linked': False}, 'Texture Strength': {'value': 0.5, 'linked': False}, 'Scratches': {'value': 0.5, 'linked': False}, 'Normal': {'value': (0.0, 0.0, 0.0), 'linked': False}}
MATERIAL_DIAG 'SHAPE_1.002': {'Color': {'value': (0.8879231214523315, 0.8879231214523315, 0.8069522380828857, 1.0), 'linked': False}, 'Texture Strength': {'value': 0.5, 'linked': False}, 'Scratches': {'value': 0.5, 'linked': False}, 'Normal': {'value': (0.0, 0.0, 0.0), 'linked': False}}
MATERIAL_DIAG 'SHAPE_1.003': {'Color': {'value': (0.8227857351303101, 0.8148465752601624, 0.7758222222328186, 1.0), 'linked': False}, 'Texture Strength': {'value': 0.5, 'linked': False}, 'Scratches': {'value': 0.5, 'linked': False}, 'Normal': {'value': (0.0, 0.0, 0.0), 'linked': False}}
MATERIAL_DIAG 'SHAPE_1.004': {'Color': {'value': (0.8227857351303101, 0.8148465752601624, 0.7758222222328186, 1.0), 'linked': False}, 'Texture Strength': {'value': 0.5, 'linked': False}, 'Scratches': {'value': 0.5, 'linked': False}, 'Normal': {'value': (0.0, 0.0, 0.0), 'linked': False}}
MATERIAL_DIAG 'SHAPE_1.005': {'Color': {'value': (0.022054091095924377, 0.021619271486997604, 0.021619271486997604, 1.0), 'linked': False}, 'Texture Strength': {'value': 0.5, 'linked': False}, 'Scratches': {'value': 0.5, 'linked': False}, 'Normal': {'value': (0.0, 0.0, 0.0), 'linked': False}}
MATERIAL_DIAG 'SHAPE_1.006': {'Color': {'value': (0.8227857351303101, 0.8148465752601624, 0.7758222222328186, 1.0), 'linked': False}, 'Texture Strength': {'value': 0.5, 'linked': False}, 'Scratches': {'value': 0.5, 'linked': False}, 'Normal': {'value': (0.0, 0.0, 0.0), 'linked': False}}
MATERIAL_DIAG 'SHAPE_1.007': {'Color': {'value': (0.022054091095924377, 0.021619271486997604, 0.021619271486997604, 1.0), 'linked': False}, 'Texture Strength': {'value': 0.5, 'linked': False}, 'Scratches': {'value': 0.5, 'linked': False}, 'Normal': {'value': (0.0, 0.0, 0.0), 'linked': False}}
MATERIAL_DIAG 'SHAPE_1.008': {'Color': {'value': (0.8879231214523315, 0.8879231214523315, 0.8069522380828857, 1.0), 'linked': False}, 'Texture Strength': {'value': 0.5, 'linked': False}, 'Scratches': {'value': 0.5, 'linked': False}, 'Normal': {'value': (0.0, 0.0, 0.0), 'linked': False}}
MATERIAL_DIAG 'SHAPE_1.009': {'Color': {'value': (0.022054091095924377, 0.021619271486997604, 0.021619271486997604, 1.0), 'linked': False}, 'Texture Strength': {'value': 0.5, 'linked': False}, 'Scratches': {'value': 0.5, 'linked': False}, 'Normal': {'value': (0.0, 0.0, 0.0), 'linked': False}}
MATERIAL_DIAG 'SHAPE_1.010': {'Color': {'value': (0.8796223998069763, 0.7083757519721985, 0.4910208582878113, 1.0), 'linked': False}, 'Texture Strength': {'value': 0.5, 'linked': False}, 'Scratches': {'value': 0.5, 'linked': False}, 'Normal': {'value': (0.0, 0.0, 0.0), 'linked': False}}
MATERIAL_DIAG 'SHAPE_1.011': {'Color': {'value': (0.8796223998069763, 0.7083757519721985, 0.4910208582878113, 1.0), 'linked': False}, 'Texture Strength': {'value': 0.5, 'linked': False}, 'Scratches': {'value': 0.5, 'linked': False}, 'Normal': {'value': (0.0, 0.0, 0.0), 'linked': False}}
MATERIAL_DIAG 'SHAPE_1.012': {'Color': {'value': (0.022054091095924377, 0.021619271486997604, 0.021619271486997604, 1.0), 'linked': False}, 'Texture Strength': {'value': 0.5, 'linked': False}, 'Scratches': {'value': 0.5, 'linked': False}, 'Normal': {'value': (0.0, 0.0, 0.0), 'linked': False}}
MATERIAL_DIAG 'SHAPE_1.013': {'Color': {'value': (0.8227857351303101, 0.8148465752601624, 0.7758222222328186, 1.0), 'linked': False}, 'Texture Strength': {'value': 0.5, 'linked': False}, 'Scratches': {'value': 0.5, 'linked': False}, 'Normal': {'value': (0.0, 0.0, 0.0), 'linked': False}}
MATERIAL_DIAG 'SHAPE_1.014': {'Color': {'value': (0.022054091095924377, 0.021619271486997604, 0.021619271486997604, 1.0), 'linked': False}, 'Texture Strength': {'value': 0.5, 'linked': False}, 'Scratches': {'value': 0.5, 'linked': False}, 'Normal': {'value': (0.0, 0.0, 0.0), 'linked': False}}
MATERIAL_DIAG 'SHAPE_1.015': {'Color': {'value': (0.8227857351303101, 0.8148465752601624, 0.7758222222328186, 1.0), 'linked': False}, 'Texture Strength': {'value': 0.5, 'linked': False}, 'Scratches': {'value': 0.5, 'linked': False}, 'Normal': {'value': (0.0, 0.0, 0.0), 'linked': False}}
MATERIAL_DIAG 'SHAPE_1.016': {'Color': {'value': (0.022054091095924377, 0.021619271486997604, 0.021619271486997604, 1.0), 'linked': False}, 'Texture Strength': {'value': 0.5, 'linked': False}, 'Scratches': {'value': 0.5, 'linked': False}, 'Normal': {'value': (0.0, 0.0, 0.0), 'linked': False}}
MATERIAL_DIAG 'SHAPE_1.017': {'Color': {'value': (0.8227857351303101, 0.8148465752601624, 0.7758222222328186, 1.0), 'linked': False}, 'Texture Strength': {'value': 0.5, 'linked': False}, 'Scratches': {'value': 0.5, 'linked': False}, 'Normal': {'value': (0.0, 0.0, 0.0), 'linked': False}}
MATERIAL_DIAG 'SHAPE_10': {'Color': {'value': (0.8549926280975342, 0.7379103899002075, 0.4910208582878113, 1.0), 'linked': False}, 'Texture Strength': {'value': 0.5, 'linked': False}, 'Scratches': {'value': 0.5, 'linked': False}, 'Normal': {'value': (0.0, 0.0, 0.0), 'linked': False}}
MATERIAL_DIAG 'SHAPE_11': {'Color': {'value': (0.3762621283531189, 0.26635560393333435, 0.21223075687885284, 1.0), 'linked': False}, 'Texture Strength': {'value': 0.5, 'linked': False}, 'Scratches': {'value': 0.5, 'linked': False}, 'Normal': {'value': (0.0, 0.0, 0.0), 'linked': False}}
MATERIAL_DIAG 'SHAPE_11.001': {'Color': {'value': (0.3762621283531189, 0.26635560393333435, 0.21223075687885284, 1.0), 'linked': False}, 'Texture Strength': {'value': 0.5, 'linked': False}, 'Scratches': {'value': 0.5, 'linked': False}, 'Normal': {'value': (0.0, 0.0, 0.0), 'linked': False}}
MATERIAL_DIAG 'SHAPE_11.002': {'Color': {'value': (0.3762621283531189, 0.26635560393333435, 0.21223075687885284, 1.0), 'linked': False}, 'Texture Strength': {'value': 0.5, 'linked': False}, 'Scratches': {'value': 0.5, 'linked': False}, 'Normal': {'value': (0.0, 0.0, 0.0), 'linked': False}}
MATERIAL_DIAG 'SHAPE_117': {'Color': {'value': (0.68668532371521, 0.6583748459815979, 0.5972017645835876, 1.0), 'linked': False}, 'Texture Strength': {'value': 0.5, 'linked': False}, 'Scratches': {'value': 0.5, 'linked': False}, 'Normal': {'value': (0.0, 0.0, 0.0), 'linked': False}}
MATERIAL_DIAG 'SHAPE_14': {'Color': {'value': (0.012032972648739815, 0.012656431645154953, 0.013958845287561417, 1.0), 'linked': False}, 'Texture Strength': {'value': 0.5, 'linked': False}, 'Scratches': {'value': 0.5, 'linked': False}, 'Normal': {'value': (0.0, 0.0, 0.0), 'linked': False}}
MATERIAL_DIAG 'SHAPE_14.001': {'Color': {'value': (0.012032972648739815, 0.012656431645154953, 0.013958845287561417, 1.0), 'linked': False}, 'Texture Strength': {'value': 0.5, 'linked': False}, 'Scratches': {'value': 0.5, 'linked': False}, 'Normal': {'value': (0.0, 0.0, 0.0), 'linked': False}}
MATERIAL_DIAG 'SHAPE_147': {'Color': {'value': (0.68668532371521, 0.6583748459815979, 0.5972017645835876, 1.0), 'linked': False}, 'Texture Strength': {'value': 0.5, 'linked': False}, 'Scratches': {'value': 0.5, 'linked': False}, 'Normal': {'value': (0.0, 0.0, 0.0), 'linked': False}}
MATERIAL_DIAG 'SHAPE_15': {'Color': {'value': (0.8227857351303101, 0.8148465752601624, 0.7758222222328186, 1.0), 'linked': False}, 'Texture Strength': {'value': 0.5, 'linked': False}, 'Scratches': {'value': 0.5, 'linked': False}, 'Normal': {'value': (0.0, 0.0, 0.0), 'linked': False}}
MATERIAL_DIAG 'SHAPE_15.001': {'Color': {'value': (0.8227857351303101, 0.8148465752601624, 0.7758222222328186, 1.0), 'linked': False}, 'Texture Strength': {'value': 0.5, 'linked': False}, 'Scratches': {'value': 0.5, 'linked': False}, 'Normal': {'value': (0.0, 0.0, 0.0), 'linked': False}}
MATERIAL_DIAG 'SHAPE_15.002': {'Color': {'value': (0.8227857351303101, 0.8148465752601624, 0.7758222222328186, 1.0), 'linked': False}, 'Texture Strength': {'value': 0.5, 'linked': False}, 'Scratches': {'value': 0.5, 'linked': False}, 'Normal': {'value': (0.0, 0.0, 0.0), 'linked': False}}
MATERIAL_DIAG 'SHAPE_15.003': {'Color': {'value': (0.8227857351303101, 0.8148465752601624, 0.7758222222328186, 1.0), 'linked': False}, 'Texture Strength': {'value': 0.5, 'linked': False}, 'Scratches': {'value': 0.5, 'linked': False}, 'Normal': {'value': (0.0, 0.0, 0.0), 'linked': False}}
MATERIAL_DIAG 'SHAPE_19': {'Color': {'value': (0.023844124749302864, 0.023844124749302864, 0.023844124749302864, 1.0), 'linked': False}, 'Texture Strength': {'value': 0.5, 'linked': False}, 'Scratches': {'value': 0.5, 'linked': False}, 'Normal': {'value': (0.0, 0.0, 0.0), 'linked': False}}
MATERIAL_DIAG 'SHAPE_267': {'Color': {'value': (0.68668532371521, 0.6583748459815979, 0.5972017645835876, 1.0), 'linked': False}, 'Texture Strength': {'value': 0.5, 'linked': False}, 'Scratches': {'value': 0.5, 'linked': False}, 'Normal': {'value': (0.0, 0.0, 0.0), 'linked': False}}
MATERIAL_DIAG 'SHAPE_27': {'Color': {'value': (0.8549926280975342, 0.7379103899002075, 0.4910208582878113, 1.0), 'linked': False}, 'Texture Strength': {'value': 0.5, 'linked': False}, 'Scratches': {'value': 0.5, 'linked': False}, 'Normal': {'value': (0.0, 0.0, 0.0), 'linked': False}}
MATERIAL_DIAG 'SHAPE_4': {'Color': {'value': (0.022054091095924377, 0.021619271486997604, 0.021619271486997604, 1.0), 'linked': False}, 'Texture Strength': {'value': 0.5, 'linked': False}, 'Scratches': {'value': 0.5, 'linked': False}, 'Normal': {'value': (0.0, 0.0, 0.0), 'linked': False}}
MATERIAL_DIAG 'SHAPE_5': {'Color': {'value': (0.8227857351303101, 0.8148465752601624, 0.7758222222328186, 1.0), 'linked': False}, 'Texture Strength': {'value': 0.5, 'linked': False}, 'Scratches': {'value': 0.5, 'linked': False}, 'Normal': {'value': (0.0, 0.0, 0.0), 'linked': False}}
MATERIAL_DIAG 'SHAPE_507': {'Color': {'value': (0.68668532371521, 0.6583748459815979, 0.5972017645835876, 1.0), 'linked': False}, 'Texture Strength': {'value': 0.5, 'linked': False}, 'Scratches': {'value': 0.5, 'linked': False}, 'Normal': {'value': (0.0, 0.0, 0.0), 'linked': False}}
MATERIAL_DIAG 'SHAPE_6': {'Color': {'value': (0.8227857351303101, 0.8148465752601624, 0.7758222222328186, 1.0), 'linked': False}, 'Texture Strength': {'value': 0.5, 'linked': False}, 'Scratches': {'value': 0.5, 'linked': False}, 'Normal': {'value': (0.0, 0.0, 0.0), 'linked': False}}
MATERIAL_DIAG 'SHAPE_6.001': {'Color': {'value': (0.8227857351303101, 0.8148465752601624, 0.7758222222328186, 1.0), 'linked': False}, 'Texture Strength': {'value': 0.5, 'linked': False}, 'Scratches': {'value': 0.5, 'linked': False}, 'Normal': {'value': (0.0, 0.0, 0.0), 'linked': False}}
MATERIAL_DIAG 'SHAPE_62': {'Color': {'value': (0.8227857351303101, 0.8148465752601624, 0.7758222222328186, 1.0), 'linked': False}, 'Texture Strength': {'value': 0.5, 'linked': False}, 'Scratches': {'value': 0.5, 'linked': False}, 'Normal': {'value': (0.0, 0.0, 0.0), 'linked': False}}
MATERIAL_DIAG 'SHAPE_67': {'Color': {'value': (0.8549926280975342, 0.7379103899002075, 0.4910208582878113, 1.0), 'linked': False}, 'Texture Strength': {'value': 0.5, 'linked': False}, 'Scratches': {'value': 0.5, 'linked': False}, 'Normal': {'value': (0.0, 0.0, 0.0), 'linked': False}}
MATERIAL_DIAG 'SHAPE_69': {'Color': {'value': (0.68668532371521, 0.6583748459815979, 0.5972017645835876, 1.0), 'linked': False}, 'Texture Strength': {'value': 0.5, 'linked': False}, 'Scratches': {'value': 0.5, 'linked': False}, 'Normal': {'value': (0.0, 0.0, 0.0), 'linked': False}}
MATERIAL_DIAG 'SHAPE_74': {'Color': {'value': (0.8227857351303101, 0.8148465752601624, 0.7758222222328186, 1.0), 'linked': False}, 'Texture Strength': {'value': 0.5, 'linked': False}, 'Scratches': {'value': 0.5, 'linked': False}, 'Normal': {'value': (0.0, 0.0, 0.0), 'linked': False}}
MATERIAL_DIAG 'SHAPE_8': {'Color': {'value': (0.8879231214523315, 0.8879231214523315, 0.8069522380828857, 1.0), 'linked': False}, 'Texture Strength': {'value': 0.5, 'linked': False}, 'Scratches': {'value': 0.5, 'linked': False}, 'Normal': {'value': (0.0, 0.0, 0.0), 'linked': False}}
MATERIAL_DIAG 'SHAPE_8.001': {'Color': {'value': (0.8879231214523315, 0.8879231214523315, 0.8069522380828857, 1.0), 'linked': False}, 'Texture Strength': {'value': 0.5, 'linked': False}, 'Scratches': {'value': 0.5, 'linked': False}, 'Normal': {'value': (0.0, 0.0, 0.0), 'linked': False}}
Blender 4.2.4 LTS (hash e41b0e807a59 built 2024-11-19 00:31:24)
Fra:1 Mem:92.44M (Peak 92.44M) | Time:00:00.17 | Mem:0.00M, Peak:0.00M | Scene, ViewLayer | Synchronizing object | PCB_ktest-blender_export
Fra:1 Mem:92.44M (Peak 92.44M) | Time:00:00.17 | Mem:0.00M, Peak:0.00M | Scene, ViewLayer | Synchronizing object | R_0603_1608Metric
Fra:1 Mem:92.57M (Peak 92.57M) | Time:00:00.17 | Mem:0.00M, Peak:0.00M | Scene, ViewLayer | Synchronizing object | C_0603_1608Metric.001
Fra:1 Mem:92.59M (Peak 92.59M) | Time:00:00.17 | Mem:0.00M, Peak:0.00M | Scene, ViewLayer | Synchronizing object | C_0603_1608Metric.002
Fra:1 Mem:92.80M (Peak 92.80M) | Time:00:00.17 | Mem:0.00M, Peak:0.00M | Scene, ViewLayer | Synchronizing object | C_1210_3225Metric
Fra:1 Mem:92.86M (Peak 92.86M) | Time:00:00.17 | Mem:0.00M, Peak:0.00M | Scene, ViewLayer | Synchronizing object | R_0603_1608Metric.001
Fra:1 Mem:92.88M (Peak 92.88M) | Time:00:00.17 | Mem:0.00M, Peak:0.00M | Scene, ViewLayer | Synchronizing object | C_0603_1608Metric.003
Fra:1 Mem:92.98M (Peak 92.98M) | Time:00:00.17 | Mem:0.00M, Peak:0.00M | Scene, ViewLayer | Synchronizing object | C_0603_1608Metric.004
Fra:1 Mem:93.01M (Peak 93.01M) | Time:00:00.17 | Mem:0.00M, Peak:0.00M | Scene, ViewLayer | Synchronizing object | C_0603_1608Metric.005
Fra:1 Mem:93.27M (Peak 93.27M) | Time:00:00.17 | Mem:0.00M, Peak:0.00M | Scene, ViewLayer | Synchronizing object | C_0603_1608Metric.006
Fra:1 Mem:93.32M (Peak 93.32M) | Time:00:00.17 | Mem:0.00M, Peak:0.00M | Scene, ViewLayer | Synchronizing object | R_Axial_DIN0204_L3.6mm_D1.6mm_P5.08mm_Horizontal
Fra:1 Mem:93.32M (Peak 93.32M) | Time:00:00.17 | Mem:0.00M, Peak:0.00M | Scene, ViewLayer | Synchronizing object | R_0603_1608Metric.002
Fra:1 Mem:93.44M (Peak 93.44M) | Time:00:00.17 | Mem:0.00M, Peak:0.00M | Scene, ViewLayer | Synchronizing object | R_0603_1608Metric.003
Fra:1 Mem:93.49M (Peak 93.49M) | Time:00:00.17 | Mem:0.00M, Peak:0.00M | Scene, ViewLayer | Synchronizing object | SOLDER_Conn_01x14_Pin_J3_99_13
Fra:1 Mem:93.51M (Peak 93.51M) | Time:00:00.17 | Mem:0.00M, Peak:0.00M | Scene, ViewLayer | Synchronizing object | HTSOP-8-1EP_3.9x4.9mm_P1.27mm
Fra:1 Mem:93.90M (Peak 93.90M) | Time:00:00.18 | Mem:0.00M, Peak:0.00M | Scene, ViewLayer | Synchronizing object | SOLDER_Conn_01x14_Pin_J3_99_12
Fra:1 Mem:94.06M (Peak 94.06M) | Time:00:00.18 | Mem:0.00M, Peak:0.00M | Scene, ViewLayer | Synchronizing object | R_0603_1608Metric.004
Fra:1 Mem:95.55M (Peak 95.55M) | Time:00:00.18 | Mem:0.00M, Peak:0.00M | Scene, ViewLayer | Synchronizing object | R_0603_1608Metric.005
Fra:1 Mem:95.61M (Peak 95.61M) | Time:00:00.18 | Mem:0.00M, Peak:0.00M | Scene, ViewLayer | Synchronizing object | SOLDER_Conn_01x14_Pin_J3_99_11
Fra:1 Mem:95.73M (Peak 95.73M) | Time:00:00.18 | Mem:0.00M, Peak:0.00M | Scene, ViewLayer | Synchronizing object | SOLDER_Conn_01x14_Pin_J3_99_10
Fra:1 Mem:95.86M (Peak 95.86M) | Time:00:00.18 | Mem:0.00M, Peak:0.00M | Scene, ViewLayer | Synchronizing object | SOLDER_Conn_01x14_Pin_J3_99_9
Fra:1 Mem:95.99M (Peak 95.99M) | Time:00:00.18 | Mem:0.00M, Peak:0.00M | Scene, ViewLayer | Synchronizing object | SOLDER_Conn_01x14_Pin_J3_99_8
Fra:1 Mem:96.12M (Peak 96.12M) | Time:00:00.18 | Mem:0.00M, Peak:0.00M | Scene, ViewLayer | Synchronizing object | SOLDER_Conn_01x14_Pin_J3_99_7
Fra:1 Mem:96.25M (Peak 96.25M) | Time:00:00.18 | Mem:0.00M, Peak:0.00M | Scene, ViewLayer | Synchronizing object | SOLDER_Conn_01x14_Pin_J3_99_6
Fra:1 Mem:96.28M (Peak 96.28M) | Time:00:00.18 | Mem:0.00M, Peak:0.00M | Scene, ViewLayer | Synchronizing object | C_0603_1608Metric.007
Fra:1 Mem:96.57M (Peak 96.57M) | Time:00:00.18 | Mem:0.00M, Peak:0.00M | Scene, ViewLayer | Synchronizing object | R_1206_3216Metric
Fra:1 Mem:97.09M (Peak 97.09M) | Time:00:00.18 | Mem:0.00M, Peak:0.00M | Scene, ViewLayer | Synchronizing object | SOLDER_Conn_01x14_Pin_J3_99_5
Fra:1 Mem:97.20M (Peak 97.20M) | Time:00:00.18 | Mem:0.00M, Peak:0.00M | Scene, ViewLayer | Synchronizing object | R_0603_1608Metric.006
Fra:1 Mem:97.24M (Peak 97.24M) | Time:00:00.18 | Mem:0.00M, Peak:0.00M | Scene, ViewLayer | Synchronizing object | R_1206_3216Metric.001
Fra:1 Mem:97.28M (Peak 97.28M) | Time:00:00.18 | Mem:0.00M, Peak:0.00M | Scene, ViewLayer | Synchronizing object | SOLDER_Conn_01x14_Pin_J3_99_4
Fra:1 Mem:97.37M (Peak 97.37M) | Time:00:00.18 | Mem:0.00M, Peak:0.00M | Scene, ViewLayer | Synchronizing object | C_0603_1608Metric.008
Fra:1 Mem:97.37M (Peak 97.37M) | Time:00:00.18 | Mem:0.00M, Peak:0.00M | Scene, ViewLayer | Synchronizing object | C_0603_1608Metric.009
Fra:1 Mem:97.44M (Peak 97.44M) | Time:00:00.18 | Mem:0.00M, Peak:0.00M | Scene, ViewLayer | Synchronizing object | SOLDER_Conn_01x14_Pin_J3_99_3
Fra:1 Mem:97.51M (Peak 97.51M) | Time:00:00.18 | Mem:0.00M, Peak:0.00M | Scene, ViewLayer | Synchronizing object | R_0603_1608Metric.007
Fra:1 Mem:97.56M (Peak 97.56M) | Time:00:00.18 | Mem:0.00M, Peak:0.00M | Scene, ViewLayer | Synchronizing object | C_0603_1608Metric.010
Fra:1 Mem:97.63M (Peak 97.63M) | Time:00:00.18 | Mem:0.00M, Peak:0.00M | Scene, ViewLayer | Synchronizing object | SOLDER_Conn_01x14_Pin_J3_99_2
Fra:1 Mem:97.84M (Peak 97.84M) | Time:00:00.18 | Mem:0.00M, Peak:0.00M | Scene, ViewLayer | Synchronizing object | R_0603_1608Metric.008
Fra:1 Mem:98.11M (Peak 98.11M) | Time:00:00.18 | Mem:0.00M, Peak:0.00M | Scene, ViewLayer | Synchronizing object | Crystal_SMD_3225-4Pin_3.2x2.5mm
Fra:1 Mem:96.27M (Peak 98.11M) | Time:00:00.18 | Mem:0.00M, Peak:0.00M | Scene, ViewLayer | Synchronizing object | SOLDER_Conn_01x14_Pin_J3_99_1
Fra:1 Mem:96.35M (Peak 98.11M) | Time:00:00.18 | Mem:0.00M, Peak:0.00M | Scene, ViewLayer | Synchronizing object | C_0603_1608Metric.011
Fra:1 Mem:96.96M (Peak 98.11M) | Time:00:00.18 | Mem:0.00M, Peak:0.00M | Scene, ViewLayer | Synchronizing object | R_0603_1608Metric.009
Fra:1 Mem:97.05M (Peak 98.11M) | Time:00:00.18 | Mem:0.00M, Peak:0.00M | Scene, ViewLayer | Synchronizing object | R_0603_1608Metric.010
Fra:1 Mem:97.12M (Peak 98.11M) | Time:00:00.18 | Mem:0.00M, Peak:0.00M | Scene, ViewLayer | Synchronizing object | SOLDER_Conn_01x14_Pin_J3_99_0
Fra:1 Mem:97.44M (Peak 98.11M) | Time:00:00.18 | Mem:0.00M, Peak:0.00M | Scene, ViewLayer | Synchronizing object | JEITA_SOIC-16_3.9x9.9mm_P1.27mm
Fra:1 Mem:97.62M (Peak 98.11M) | Time:00:00.18 | Mem:0.00M, Peak:0.00M | Scene, ViewLayer | Synchronizing object | SOLDER_2_54_mm_header_J2_98_3
Fra:1 Mem:97.95M (Peak 98.11M) | Time:00:00.18 | Mem:0.00M, Peak:0.00M | Scene, ViewLayer | Synchronizing object | SOLDER_2_54_mm_header_J2_98_2
Fra:1 Mem:98.20M (Peak 98.20M) | Time:00:00.18 | Mem:0.00M, Peak:0.00M | Scene, ViewLayer | Synchronizing object | SOLDER_2_54_mm_header_J2_98_1
Fra:1 Mem:98.31M (Peak 98.31M) | Time:00:00.18 | Mem:0.00M, Peak:0.00M | Scene, ViewLayer | Synchronizing object | SOLDER_2_54_mm_header_J2_98_0
Fra:1 Mem:98.44M (Peak 98.44M) | Time:00:00.18 | Mem:0.00M, Peak:0.00M | Scene, ViewLayer | Synchronizing object | SOLDER_HX_JN1_27_2x5_WZ_H4_9_J4_97_9
Fra:1 Mem:98.54M (Peak 98.54M) | Time:00:00.18 | Mem:0.00M, Peak:0.00M | Scene, ViewLayer | Synchronizing object | R_1206_3216Metric.002
Fra:1 Mem:98.82M (Peak 98.82M) | Time:00:00.18 | Mem:0.00M, Peak:0.00M | Scene, ViewLayer | Synchronizing object | C_0603_1608Metric.012
Fra:1 Mem:98.81M (Peak 98.82M) | Time:00:00.18 | Mem:0.00M, Peak:0.00M | Scene, ViewLayer | Synchronizing object | SOLDER_HX_JN1_27_2x5_WZ_H4_9_J4_97_8
Fra:1 Mem:98.93M (Peak 98.93M) | Time:00:00.18 | Mem:0.00M, Peak:0.00M | Scene, ViewLayer | Synchronizing object | R_0603_1608Metric.011
Fra:1 Mem:98.95M (Peak 98.95M) | Time:00:00.18 | Mem:0.00M, Peak:0.00M | Scene, ViewLayer | Synchronizing object | C_0603_1608Metric.013
Fra:1 Mem:99.01M (Peak 99.01M) | Time:00:00.18 | Mem:0.00M, Peak:0.00M | Scene, ViewLayer | Synchronizing object | SOLDER_HX_JN1_27_2x5_WZ_H4_9_J4_97_7
Fra:1 Mem:99.03M (Peak 99.03M) | Time:00:00.18 | Mem:0.00M, Peak:0.00M | Scene, ViewLayer | Synchronizing object | R_1206_3216Metric.003
Fra:1 Mem:99.14M (Peak 99.14M) | Time:00:00.18 | Mem:0.00M, Peak:0.00M | Scene, ViewLayer | Synchronizing object | C_1210_3225Metric.001
Fra:1 Mem:99.21M (Peak 99.21M) | Time:00:00.18 | Mem:0.00M, Peak:0.00M | Scene, ViewLayer | Synchronizing object | R_0603_1608Metric.012
Fra:1 Mem:99.24M (Peak 99.24M) | Time:00:00.18 | Mem:0.00M, Peak:0.00M | Scene, ViewLayer | Synchronizing object | SOLDER_HX_JN1_27_2x5_WZ_H4_9_J4_97_6
Fra:1 Mem:99.34M (Peak 99.34M) | Time:00:00.18 | Mem:0.00M, Peak:0.00M | Scene, ViewLayer | Synchronizing object | C_0603_1608Metric.014
Fra:1 Mem:99.39M (Peak 99.39M) | Time:00:00.18 | Mem:0.00M, Peak:0.00M | Scene, ViewLayer | Synchronizing object | SOT-23-6
Fra:1 Mem:99.55M (Peak 99.55M) | Time:00:00.18 | Mem:0.00M, Peak:0.00M | Scene, ViewLayer | Synchronizing object | SOLDER_HX_JN1_27_2x5_WZ_H4_9_J4_97_5
Fra:1 Mem:99.74M (Peak 99.74M) | Time:00:00.18 | Mem:0.00M, Peak:0.00M | Scene, ViewLayer | Synchronizing object | SOLDER_HX_JN1_27_2x5_WZ_H4_9_J4_97_4
Fra:1 Mem:99.87M (Peak 99.87M) | Time:00:00.18 | Mem:0.00M, Peak:0.00M | Scene, ViewLayer | Synchronizing object | SOLDER_HX_JN1_27_2x5_WZ_H4_9_J4_97_3
Fra:1 Mem:99.99M (Peak 99.99M) | Time:00:00.18 | Mem:0.00M, Peak:0.00M | Scene, ViewLayer | Synchronizing object | C_0603_1608Metric.015
Fra:1 Mem:100.02M (Peak 100.02M) | Time:00:00.18 | Mem:0.00M, Peak:0.00M | Scene, ViewLayer | Synchronizing object | SOLDER_HX_JN1_27_2x5_WZ_H4_9_J4_97_2
Fra:1 Mem:100.12M (Peak 100.12M) | Time:00:00.18 | Mem:0.00M, Peak:0.00M | Scene, ViewLayer | Synchronizing object | C_0603_1608Metric.016
Fra:1 Mem:100.17M (Peak 100.17M) | Time:00:00.18 | Mem:0.00M, Peak:0.00M | Scene, ViewLayer | Synchronizing object | SOLDER_HX_JN1_27_2x5_WZ_H4_9_J4_97_1
Fra:1 Mem:100.07M (Peak 100.17M) | Time:00:00.18 | Mem:0.00M, Peak:0.00M | Scene, ViewLayer | Synchronizing object | LQFP-32_7x7mm_P0.8mm
Fra:1 Mem:101.28M (Peak 101.28M) | Time:00:00.18 | Mem:0.00M, Peak:0.00M | Scene, ViewLayer | Synchronizing object | SOLDER_HX_JN1_27_2x5_WZ_H4_9_J4_97_0
Fra:1 Mem:101.45M (Peak 101.45M) | Time:00:00.18 | Mem:0.00M, Peak:0.00M | Scene, ViewLayer | Synchronizing object | SOLDER_1n_C21_96_1
Fra:1 Mem:101.54M (Peak 101.54M) | Time:00:00.18 | Mem:0.00M, Peak:0.00M | Scene, ViewLayer | Synchronizing object | SOLDER_1n_C21_96_0
Fra:1 Mem:101.72M (Peak 101.72M) | Time:00:00.18 | Mem:0.00M, Peak:0.00M | Scene, ViewLayer | Synchronizing object | SOLDER_1n_C8_94_1
Fra:1 Mem:101.83M (Peak 101.83M) | Time:00:00.18 | Mem:0.00M, Peak:0.00M | Scene, ViewLayer | Synchronizing object | SOLDER_1n_C8_94_0
Fra:1 Mem:102.26M (Peak 102.26M) | Time:00:00.18 | Mem:0.00M, Peak:0.00M | Scene, ViewLayer | Synchronizing object | SOLDER_BAV99_D1_93_2
Fra:1 Mem:102.29M (Peak 102.29M) | Time:00:00.18 | Mem:0.00M, Peak:0.00M | Scene, ViewLayer | Synchronizing object | SOLDER_BAV99_D1_93_1
Fra:1 Mem:102.32M (Peak 102.32M) | Time:00:00.18 | Mem:0.00M, Peak:0.00M | Scene, ViewLayer | Synchronizing object | SOLDER_BAV99_D1_93_0
Fra:1 Mem:102.61M (Peak 102.61M) | Time:00:00.19 | Mem:0.00M, Peak:0.00M | Scene, ViewLayer | Synchronizing object | SOLDER_1n_C22_91_1
Fra:1 Mem:100.94M (Peak 102.61M) | Time:00:00.19 | Mem:0.00M, Peak:0.00M | Scene, ViewLayer | Synchronizing object | SOLDER_1n_C22_91_0
Fra:1 Mem:100.97M (Peak 102.61M) | Time:00:00.19 | Mem:0.00M, Peak:0.00M | Scene, ViewLayer | Synchronizing object | SOLDER_2k2_R4_89_1
Fra:1 Mem:101.00M (Peak 102.61M) | Time:00:00.19 | Mem:0.00M, Peak:0.00M | Scene, ViewLayer | Synchronizing object | SOLDER_2k2_R4_89_0
Fra:1 Mem:101.02M (Peak 102.61M) | Time:00:00.19 | Mem:0.00M, Peak:0.00M | Scene, ViewLayer | Synchronizing object | SOLDER_0R_JP22_88_1
Fra:1 Mem:101.29M (Peak 102.61M) | Time:00:00.19 | Mem:0.00M, Peak:0.00M | Scene, ViewLayer | Synchronizing object | SOLDER_0R_JP22_88_0
Fra:1 Mem:100.99M (Peak 102.61M) | Time:00:00.19 | Mem:0.00M, Peak:0.00M | Scene, ViewLayer | Synchronizing object | JST_XH_B4B-XH-A_1x04_P2.50mm_Vertical
Fra:1 Mem:101.10M (Peak 102.61M) | Time:00:00.19 | Mem:0.00M, Peak:0.00M | Scene, ViewLayer | Synchronizing object | SOLDER_4_7u_C2_87_1
Fra:1 Mem:101.12M (Peak 102.61M) | Time:00:00.19 | Mem:0.00M, Peak:0.00M | Scene, ViewLayer | Synchronizing object | SOLDER_4_7u_C2_87_0
Fra:1 Mem:101.23M (Peak 102.61M) | Time:00:00.19 | Mem:0.00M, Peak:0.00M | Scene, ViewLayer | Synchronizing object | CP_Elec_10x10
Fra:1 Mem:101.24M (Peak 102.61M) | Time:00:00.19 | Mem:0.00M, Peak:0.00M | Scene, ViewLayer | Synchronizing object | SOLDER_10k_R1_86_1
Fra:1 Mem:101.30M (Peak 102.61M) | Time:00:00.19 | Mem:0.00M, Peak:0.00M | Scene, ViewLayer | Synchronizing object | SOLDER_10k_R1_86_0
Fra:1 Mem:101.22M (Peak 102.61M) | Time:00:00.19 | Mem:0.00M, Peak:0.00M | Scene, ViewLayer | Synchronizing object | R_Axial_DIN0204_L3.6mm_D1.6mm_P7.62mm_Horizontal
Fra:1 Mem:101.35M (Peak 102.61M) | Time:00:00.19 | Mem:0.00M, Peak:0.00M | Scene, ViewLayer | Synchronizing object | SOLDER_1n_C7_85_1
Fra:1 Mem:101.49M (Peak 102.61M) | Time:00:00.19 | Mem:0.00M, Peak:0.00M | Scene, ViewLayer | Synchronizing object | SOLDER_1n_C7_85_0
Fra:1 Mem:101.59M (Peak 102.61M) | Time:00:00.19 | Mem:0.00M, Peak:0.00M | Scene, ViewLayer | Synchronizing object | SOLDER_22u_C15_82_1
Fra:1 Mem:101.65M (Peak 102.61M) | Time:00:00.19 | Mem:0.00M, Peak:0.00M | Scene, ViewLayer | Synchronizing object | SOLDER_22u_C15_82_0
Fra:1 Mem:101.67M (Peak 102.61M) | Time:00:00.19 | Mem:0.00M, Peak:0.00M | Scene, ViewLayer | Synchronizing object | SOLDER_820_R11_81_1
Fra:1 Mem:101.71M (Peak 102.61M) | Time:00:00.19 | Mem:0.00M, Peak:0.00M | Scene, ViewLayer | Synchronizing object | JST_XH_B6B-XH-A_1x06_P2.50mm_Vertical
Fra:1 Mem:101.71M (Peak 102.61M) | Time:00:00.19 | Mem:0.00M, Peak:0.00M | Scene, ViewLayer | Synchronizing object | SOLDER_820_R11_81_0
Fra:1 Mem:101.79M (Peak 102.61M) | Time:00:00.19 | Mem:0.00M, Peak:0.00M | Scene, ViewLayer | Synchronizing object | SOLDER_10k_R8_80_1
Fra:1 Mem:101.85M (Peak 102.61M) | Time:00:00.19 | Mem:0.00M, Peak:0.00M | Scene, ViewLayer | Synchronizing object | SOLDER_10k_R8_80_0
Fra:1 Mem:101.96M (Peak 102.61M) | Time:00:00.19 | Mem:0.00M, Peak:0.00M | Scene, ViewLayer | Synchronizing object | SOLDER_0R_JP4_79_1
Fra:1 Mem:102.08M (Peak 102.61M) | Time:00:00.19 | Mem:0.00M, Peak:0.00M | Scene, ViewLayer | Synchronizing object | SOLDER_0R_JP4_79_0
Fra:1 Mem:102.10M (Peak 102.61M) | Time:00:00.19 | Mem:0.00M, Peak:0.00M | Scene, ViewLayer | Synchronizing object | SOLDER_JST_B6B_XH_A_J7_78_5
Fra:1 Mem:102.16M (Peak 102.61M) | Time:00:00.19 | Mem:0.00M, Peak:0.00M | Scene, ViewLayer | Synchronizing object | R_1206_3216Metric.004
Fra:1 Mem:102.06M (Peak 102.61M) | Time:00:00.19 | Mem:0.00M, Peak:0.00M | Scene, ViewLayer | Synchronizing object | R_0603_1608Metric.013
Fra:1 Mem:102.05M (Peak 102.61M) | Time:00:00.19 | Mem:0.00M, Peak:0.00M | Scene, ViewLayer | Synchronizing object | R_0603_1608Metric.014
Fra:1 Mem:102.09M (Peak 102.61M) | Time:00:00.19 | Mem:0.00M, Peak:0.00M | Scene, ViewLayer | Synchronizing object | C_1210_3225Metric.002
Fra:1 Mem:102.08M (Peak 102.61M) | Time:00:00.19 | Mem:0.00M, Peak:0.00M | Scene, ViewLayer | Synchronizing object | SOLDER_JST_B6B_XH_A_J7_78_4
Fra:1 Mem:102.13M (Peak 102.61M) | Time:00:00.19 | Mem:0.00M, Peak:0.00M | Scene, ViewLayer | Synchronizing object | C_0603_1608Metric.017
Fra:1 Mem:102.22M (Peak 102.61M) | Time:00:00.19 | Mem:0.00M, Peak:0.00M | Scene, ViewLayer | Synchronizing object | R_0603_1608Metric.015
Fra:1 Mem:102.25M (Peak 102.61M) | Time:00:00.19 | Mem:0.00M, Peak:0.00M | Scene, ViewLayer | Synchronizing object | C_1206_3216Metric.001
Fra:1 Mem:102.28M (Peak 102.61M) | Time:00:00.19 | Mem:0.00M, Peak:0.00M | Scene, ViewLayer | Synchronizing object | R_Axial_DIN0204_L3.6mm_D1.6mm_P7.62mm_Horizontal.001
Fra:1 Mem:102.37M (Peak 102.61M) | Time:00:00.19 | Mem:0.00M, Peak:0.00M | Scene, ViewLayer | Synchronizing object | R_0603_1608Metric.016
Fra:1 Mem:102.38M (Peak 102.61M) | Time:00:00.19 | Mem:0.00M, Peak:0.00M | Scene, ViewLayer | Synchronizing object | SOLDER_JST_B6B_XH_A_J7_78_3
Fra:1 Mem:102.64M (Peak 102.64M) | Time:00:00.19 | Mem:0.00M, Peak:0.00M | Scene, ViewLayer | Synchronizing object | C_0603_1608Metric.018
Fra:1 Mem:102.63M (Peak 102.64M) | Time:00:00.19 | Mem:0.00M, Peak:0.00M | Scene, ViewLayer | Synchronizing object | SOLDER_JST_B6B_XH_A_J7_78_2
Fra:1 Mem:102.86M (Peak 102.86M) | Time:00:00.19 | Mem:0.00M, Peak:0.00M | Scene, ViewLayer | Synchronizing object | SOT-23
Fra:1 Mem:102.81M (Peak 102.86M) | Time:00:00.19 | Mem:0.00M, Peak:0.00M | Scene, ViewLayer | Synchronizing object | SOLDER_JST_B6B_XH_A_J7_78_1
Fra:1 Mem:103.02M (Peak 103.02M) | Time:00:00.19 | Mem:0.00M, Peak:0.00M | Scene, ViewLayer | Synchronizing object | C_0603_1608Metric.020
Fra:1 Mem:103.07M (Peak 103.07M) | Time:00:00.19 | Mem:0.00M, Peak:0.00M | Scene, ViewLayer | Synchronizing object | PinSocket_1x04_P2.54mm_Vertical
Fra:1 Mem:103.07M (Peak 103.07M) | Time:00:00.19 | Mem:0.00M, Peak:0.00M | Scene, ViewLayer | Synchronizing object | SOLDER_JST_B6B_XH_A_J7_78_0
Fra:1 Mem:103.24M (Peak 103.24M) | Time:00:00.19 | Mem:0.00M, Peak:0.00M | Scene, ViewLayer | Synchronizing object | PinSocket_1x14_P2.54mm_Vertical
Fra:1 Mem:103.29M (Peak 103.29M) | Time:00:00.19 | Mem:0.00M, Peak:0.00M | Scene, ViewLayer | Synchronizing object | SOLDER_10n_C27_0_0
Fra:1 Mem:103.37M (Peak 103.37M) | Time:00:00.19 | Mem:0.00M, Peak:0.00M | Scene, ViewLayer | Synchronizing object | SOLDER_0R_JP18_77_1
Fra:1 Mem:103.42M (Peak 103.42M) | Time:00:00.19 | Mem:0.00M, Peak:0.00M | Scene, ViewLayer | Synchronizing object | SOLDER_10n_C27_0_1
Fra:1 Mem:103.52M (Peak 103.52M) | Time:00:00.19 | Mem:0.00M, Peak:0.00M | Scene, ViewLayer | Synchronizing object | SOLDER_2k2_R10_1_0
Fra:1 Mem:103.68M (Peak 103.68M) | Time:00:00.19 | Mem:0.00M, Peak:0.00M | Scene, ViewLayer | Synchronizing object | SOLDER_2k2_R10_1_1
Fra:1 Mem:103.72M (Peak 103.72M) | Time:00:00.19 | Mem:0.00M, Peak:0.00M | Scene, ViewLayer | Synchronizing object | SOLDER_22p_C14_3_0
Fra:1 Mem:103.76M (Peak 103.76M) | Time:00:00.19 | Mem:0.00M, Peak:0.00M | Scene, ViewLayer | Synchronizing object | SOLDER_0R_JP18_77_0
Fra:1 Mem:103.86M (Peak 103.86M) | Time:00:00.19 | Mem:0.00M, Peak:0.00M | Scene, ViewLayer | Synchronizing object | SOLDER_22p_C14_3_1
Fra:1 Mem:103.87M (Peak 103.87M) | Time:00:00.19 | Mem:0.00M, Peak:0.00M | Scene, ViewLayer | Synchronizing object | SOLDER_100n_C6_4_0
Fra:1 Mem:103.90M (Peak 103.90M) | Time:00:00.19 | Mem:0.00M, Peak:0.00M | Scene, ViewLayer | Synchronizing object | SOLDER_100n_C6_4_1
Fra:1 Mem:103.99M (Peak 103.99M) | Time:00:00.19 | Mem:0.00M, Peak:0.00M | Scene, ViewLayer | Synchronizing object | SOLDER_22u_C18_5_1
Fra:1 Mem:103.98M (Peak 103.99M) | Time:00:00.19 | Mem:0.00M, Peak:0.00M | Scene, ViewLayer | Synchronizing object | SOLDER_10k_R9_6_0
Fra:1 Mem:104.04M (Peak 104.04M) | Time:00:00.19 | Mem:0.00M, Peak:0.00M | Scene, ViewLayer | Synchronizing object | SOLDER_10k_R9_6_1
Fra:1 Mem:104.08M (Peak 104.08M) | Time:00:00.19 | Mem:0.00M, Peak:0.00M | Scene, ViewLayer | Synchronizing object | SOLDER_10u_L1_7_0
Fra:1 Mem:104.08M (Peak 104.08M) | Time:00:00.19 | Mem:0.00M, Peak:0.00M | Scene, ViewLayer | Synchronizing object | SOLDER_220u_C24_75_0
Fra:1 Mem:104.13M (Peak 104.13M) | Time:00:00.19 | Mem:0.00M, Peak:0.00M | Scene, ViewLayer | Synchronizing object | SOLDER_10u_L1_7_1
Fra:1 Mem:104.14M (Peak 104.14M) | Time:00:00.19 | Mem:0.00M, Peak:0.00M | Scene, ViewLayer | Synchronizing object | SOLDER_1n_C23_9_0
Fra:1 Mem:104.17M (Peak 104.17M) | Time:00:00.19 | Mem:0.00M, Peak:0.00M | Scene, ViewLayer | Synchronizing object | SOLDER_JST_B4B_XH_A_J1_74_3
Fra:1 Mem:104.30M (Peak 104.30M) | Time:00:00.19 | Mem:0.00M, Peak:0.00M | Scene, ViewLayer | Synchronizing object | SOLDER_1n_C23_9_1
Fra:1 Mem:104.29M (Peak 104.30M) | Time:00:00.19 | Mem:0.00M, Peak:0.00M | Scene, ViewLayer | Synchronizing object | SOLDER_22p_C10_10_0
Fra:1 Mem:104.34M (Peak 104.34M) | Time:00:00.19 | Mem:0.00M, Peak:0.00M | Scene, ViewLayer | Synchronizing object | SOLDER_22p_C10_10_1
Fra:1 Mem:104.37M (Peak 104.37M) | Time:00:00.19 | Mem:0.00M, Peak:0.00M | Scene, ViewLayer | Synchronizing object | SOLDER_33p_C12_12_0
Fra:1 Mem:104.42M (Peak 104.42M) | Time:00:00.19 | Mem:0.00M, Peak:0.00M | Scene, ViewLayer | Synchronizing object | SOLDER_33p_C12_12_1
Fra:1 Mem:104.42M (Peak 104.42M) | Time:00:00.19 | Mem:0.00M, Peak:0.00M | Scene, ViewLayer | Synchronizing object | SOLDER_100n_C9_13_0
Fra:1 Mem:104.47M (Peak 104.47M) | Time:00:00.19 | Mem:0.00M, Peak:0.00M | Scene, ViewLayer | Synchronizing object | SOLDER_JST_B4B_XH_A_J1_74_2
Fra:1 Mem:104.55M (Peak 104.55M) | Time:00:00.19 | Mem:0.00M, Peak:0.00M | Scene, ViewLayer | Synchronizing object | SOLDER_100n_C9_13_1
Fra:1 Mem:104.61M (Peak 104.61M) | Time:00:00.19 | Mem:0.00M, Peak:0.00M | Scene, ViewLayer | Synchronizing object | SOLDER_0R_JP9_14_0
Fra:1 Mem:104.64M (Peak 104.64M) | Time:00:00.19 | Mem:0.00M, Peak:0.00M | Scene, ViewLayer | Synchronizing object | SOLDER_0R_JP9_14_1
Fra:1 Mem:104.84M (Peak 104.84M) | Time:00:00.19 | Mem:0.00M, Peak:0.00M | Scene, ViewLayer | Synchronizing object | SOLDER_JST_B4B_XH_A_J1_74_1
Fra:1 Mem:104.98M (Peak 104.98M) | Time:00:00.19 | Mem:0.00M, Peak:0.00M | Scene, ViewLayer | Synchronizing object | SOLDER_0R_JP20_16_0
Fra:1 Mem:105.02M (Peak 105.02M) | Time:00:00.19 | Mem:0.00M, Peak:0.00M | Scene, ViewLayer | Synchronizing object | SOLDER_0R_JP20_16_1
Fra:1 Mem:105.12M (Peak 105.12M) | Time:00:00.19 | Mem:0.00M, Peak:0.00M | Scene, ViewLayer | Synchronizing object | SOLDER_5k1_R14_18_0
Fra:1 Mem:105.12M (Peak 105.12M) | Time:00:00.19 | Mem:0.00M, Peak:0.00M | Scene, ViewLayer | Synchronizing object | SOLDER_5k1_R14_18_1
Fra:1 Mem:105.13M (Peak 105.13M) | Time:00:00.19 | Mem:0.00M, Peak:0.00M | Scene, ViewLayer | Synchronizing object | SOLDER_JST_B4B_XH_A_J1_74_0
Fra:1 Mem:105.25M (Peak 105.25M) | Time:00:00.19 | Mem:0.00M, Peak:0.00M | Scene, ViewLayer | Synchronizing object | SOLDER_LMR380x0_U1_20_1
Fra:1 Mem:105.28M (Peak 105.28M) | Time:00:00.19 | Mem:0.00M, Peak:0.00M | Scene, ViewLayer | Synchronizing object | SOLDER_LMR380x0_U1_20_2
Fra:1 Mem:105.30M (Peak 105.30M) | Time:00:00.19 | Mem:0.00M, Peak:0.00M | Scene, ViewLayer | Synchronizing object | SOLDER_LMR380x0_U1_20_3
Fra:1 Mem:105.33M (Peak 105.33M) | Time:00:00.19 | Mem:0.00M, Peak:0.00M | Scene, ViewLayer | Synchronizing object | SOLDER_LMR380x0_U1_20_4
Fra:1 Mem:105.36M (Peak 105.36M) | Time:00:00.19 | Mem:0.00M, Peak:0.00M | Scene, ViewLayer | Synchronizing object | SOLDER_LMR380x0_U1_20_5
Fra:1 Mem:105.41M (Peak 105.41M) | Time:00:00.19 | Mem:0.00M, Peak:0.00M | Scene, ViewLayer | Synchronizing object | SOLDER_LMR380x0_U1_20_6
Fra:1 Mem:105.44M (Peak 105.44M) | Time:00:00.19 | Mem:0.00M, Peak:0.00M | Scene, ViewLayer | Synchronizing object | SOLDER_STM32G431K8Tx_U2_73_31
Fra:1 Mem:105.47M (Peak 105.47M) | Time:00:00.19 | Mem:0.00M, Peak:0.00M | Scene, ViewLayer | Synchronizing object | SOLDER_LMR380x0_U1_20_7
Fra:1 Mem:105.49M (Peak 105.49M) | Time:00:00.19 | Mem:0.00M, Peak:0.00M | Scene, ViewLayer | Synchronizing object | SOLDER_LMR380x0_U1_20_8
Fra:1 Mem:105.52M (Peak 105.52M) | Time:00:00.19 | Mem:0.00M, Peak:0.00M | Scene, ViewLayer | Synchronizing object | SOLDER_STM32G431K8Tx_U2_73_30
Fra:1 Mem:105.55M (Peak 105.55M) | Time:00:00.19 | Mem:0.00M, Peak:0.00M | Scene, ViewLayer | Synchronizing object | SOLDER_LMR380x0_U1_20_9
Fra:1 Mem:105.57M (Peak 105.57M) | Time:00:00.19 | Mem:0.00M, Peak:0.00M | Scene, ViewLayer | Synchronizing object | SOLDER_LMR380x0_U1_20_10
Fra:1 Mem:105.61M (Peak 105.61M) | Time:00:00.19 | Mem:0.00M, Peak:0.00M | Scene, ViewLayer | Synchronizing object | SOLDER_STM32G431K8Tx_U2_73_29
Fra:1 Mem:105.71M (Peak 105.71M) | Time:00:00.19 | Mem:0.00M, Peak:0.00M | Scene, ViewLayer | Synchronizing object | SOLDER_LMR380x0_U1_20_11
Fra:1 Mem:105.81M (Peak 105.81M) | Time:00:00.19 | Mem:0.00M, Peak:0.00M | Scene, ViewLayer | Synchronizing object | SOLDER_STM32G431K8Tx_U2_73_28
Fra:1 Mem:105.84M (Peak 105.84M) | Time:00:00.19 | Mem:0.00M, Peak:0.00M | Scene, ViewLayer | Synchronizing object | SOLDER_STM32G431K8Tx_U2_73_27
Fra:1 Mem:105.89M (Peak 105.89M) | Time:00:00.19 | Mem:0.00M, Peak:0.00M | Scene, ViewLayer | Synchronizing object | SOLDER_STM32G431K8Tx_U2_73_26
Fra:1 Mem:105.92M (Peak 105.92M) | Time:00:00.19 | Mem:0.00M, Peak:0.00M | Scene, ViewLayer | Synchronizing object | SOLDER_LMR380x0_U1_20_12
Fra:1 Mem:105.97M (Peak 105.97M) | Time:00:00.19 | Mem:0.00M, Peak:0.00M | Scene, ViewLayer | Synchronizing object | SOLDER_STM32G431K8Tx_U2_73_25
Fra:1 Mem:106.07M (Peak 106.07M) | Time:00:00.19 | Mem:0.00M, Peak:0.00M | Scene, ViewLayer | Synchronizing object | SOLDER_LMR380x0_U1_20_13
Fra:1 Mem:106.10M (Peak 106.10M) | Time:00:00.19 | Mem:0.00M, Peak:0.00M | Scene, ViewLayer | Synchronizing object | SOLDER_STM32G431K8Tx_U2_73_24
Fra:1 Mem:106.20M (Peak 106.20M) | Time:00:00.19 | Mem:0.00M, Peak:0.00M | Scene, ViewLayer | Synchronizing object | SOLDER_STM32G431K8Tx_U2_73_23
Fra:1 Mem:106.23M (Peak 106.23M) | Time:00:00.19 | Mem:0.00M, Peak:0.00M | Scene, ViewLayer | Synchronizing object | SOLDER_STM32G431K8Tx_U2_73_22
Fra:1 Mem:106.28M (Peak 106.28M) | Time:00:00.19 | Mem:0.00M, Peak:0.00M | Scene, ViewLayer | Synchronizing object | SOLDER_LMR380x0_U1_20_16
Fra:1 Mem:106.44M (Peak 106.44M) | Time:00:00.19 | Mem:0.00M, Peak:0.00M | Scene, ViewLayer | Synchronizing object | SOLDER_STM32G431K8Tx_U2_73_21
Fra:1 Mem:106.44M (Peak 106.44M) | Time:00:00.19 | Mem:0.00M, Peak:0.00M | Scene, ViewLayer | Synchronizing object | SOLDER_LMR380x0_U1_20_18
Fra:1 Mem:106.56M (Peak 106.56M) | Time:00:00.19 | Mem:0.00M, Peak:0.00M | Scene, ViewLayer | Synchronizing object | SOLDER_STM32G431K8Tx_U2_73_20
Fra:1 Mem:106.59M (Peak 106.59M) | Time:00:00.19 | Mem:0.00M, Peak:0.00M | Scene, ViewLayer | Synchronizing object | SOLDER_LMR380x0_U1_20_19
Fra:1 Mem:106.69M (Peak 106.69M) | Time:00:00.19 | Mem:0.00M, Peak:0.00M | Scene, ViewLayer | Synchronizing object | SOLDER_STM32G431K8Tx_U2_73_19
Fra:1 Mem:106.72M (Peak 106.72M) | Time:00:00.19 | Mem:0.00M, Peak:0.00M | Scene, ViewLayer | Synchronizing object | SOLDER_STM32G431K8Tx_U2_73_18
Fra:1 Mem:106.78M (Peak 106.78M) | Time:00:00.19 | Mem:0.00M, Peak:0.00M | Scene, ViewLayer | Synchronizing object | SOLDER_2k2_R12_22_0
Fra:1 Mem:106.78M (Peak 106.78M) | Time:00:00.19 | Mem:0.00M, Peak:0.00M | Scene, ViewLayer | Synchronizing object | SOLDER_STM32G431K8Tx_U2_73_17
Fra:1 Mem:106.88M (Peak 106.88M) | Time:00:00.19 | Mem:0.00M, Peak:0.00M | Scene, ViewLayer | Synchronizing object | SOLDER_2k2_R12_22_1
Fra:1 Mem:106.86M (Peak 106.88M) | Time:00:00.19 | Mem:0.00M, Peak:0.00M | Scene, ViewLayer | Synchronizing object | SOLDER_STM32G431K8Tx_U2_73_16
Fra:1 Mem:106.87M (Peak 106.88M) | Time:00:00.19 | Mem:0.00M, Peak:0.00M | Scene, ViewLayer | Synchronizing object | SOLDER_Dell_DC_jack_J6_26_4
Fra:1 Mem:107.01M (Peak 107.01M) | Time:00:00.19 | Mem:0.00M, Peak:0.00M | Scene, ViewLayer | Synchronizing object | SOLDER_STM32G431K8Tx_U2_73_15
Fra:1 Mem:107.03M (Peak 107.03M) | Time:00:00.19 | Mem:0.00M, Peak:0.00M | Scene, ViewLayer | Synchronizing object | SOLDER_2k2_R13_29_0
Fra:1 Mem:107.06M (Peak 107.06M) | Time:00:00.19 | Mem:0.00M, Peak:0.00M | Scene, ViewLayer | Synchronizing object | SOLDER_STM32G431K8Tx_U2_73_14
Fra:1 Mem:107.09M (Peak 107.09M) | Time:00:00.19 | Mem:0.00M, Peak:0.00M | Scene, ViewLayer | Synchronizing object | SOLDER_2k2_R13_29_1
Fra:1 Mem:107.12M (Peak 107.12M) | Time:00:00.19 | Mem:0.00M, Peak:0.00M | Scene, ViewLayer | Synchronizing object | SOLDER_STM32G431K8Tx_U2_73_13
Fra:1 Mem:107.16M (Peak 107.16M) | Time:00:00.19 | Mem:0.00M, Peak:0.00M | Scene, ViewLayer | Synchronizing object | SOLDER_10n_C3_31_0
Fra:1 Mem:107.22M (Peak 107.22M) | Time:00:00.19 | Mem:0.00M, Peak:0.00M | Scene, ViewLayer | Synchronizing object | SOLDER_STM32G431K8Tx_U2_73_12
Fra:1 Mem:107.22M (Peak 107.22M) | Time:00:00.19 | Mem:0.00M, Peak:0.00M | Scene, ViewLayer | Synchronizing object | SOLDER_10n_C3_31_1
Fra:1 Mem:107.25M (Peak 107.25M) | Time:00:00.19 | Mem:0.00M, Peak:0.00M | Scene, ViewLayer | Synchronizing object | SOLDER_0R_JP14_32_0
Fra:1 Mem:107.26M (Peak 107.26M) | Time:00:00.19 | Mem:0.00M, Peak:0.00M | Scene, ViewLayer | Synchronizing object | SOLDER_STM32G431K8Tx_U2_73_11
Fra:1 Mem:107.30M (Peak 107.30M) | Time:00:00.19 | Mem:0.00M, Peak:0.00M | Scene, ViewLayer | Synchronizing object | SOLDER_0R_JP14_32_1
Fra:1 Mem:107.34M (Peak 107.34M) | Time:00:00.19 | Mem:0.00M, Peak:0.00M | Scene, ViewLayer | Synchronizing object | SOLDER_10k_R7_35_0
Fra:1 Mem:107.34M (Peak 107.34M) | Time:00:00.19 | Mem:0.00M, Peak:0.00M | Scene, ViewLayer | Synchronizing object | SOLDER_STM32G431K8Tx_U2_73_10
Fra:1 Mem:107.39M (Peak 107.39M) | Time:00:00.19 | Mem:0.00M, Peak:0.00M | Scene, ViewLayer | Synchronizing object | SOLDER_10k_R7_35_1
Fra:1 Mem:107.42M (Peak 107.42M) | Time:00:00.19 | Mem:0.00M, Peak:0.00M | Scene, ViewLayer | Synchronizing object | SOLDER_0R_JP5_36_0
Fra:1 Mem:107.42M (Peak 107.42M) | Time:00:00.19 | Mem:0.00M, Peak:0.00M | Scene, ViewLayer | Synchronizing object | SOLDER_STM32G431K8Tx_U2_73_9
Fra:1 Mem:107.48M (Peak 107.48M) | Time:00:00.19 | Mem:0.00M, Peak:0.00M | Scene, ViewLayer | Synchronizing object | SOLDER_0R_JP5_36_1
Fra:1 Mem:107.49M (Peak 107.49M) | Time:00:00.19 | Mem:0.00M, Peak:0.00M | Scene, ViewLayer | Synchronizing object | SOLDER_STM32G431K8Tx_U2_73_8
Fra:1 Mem:107.64M (Peak 107.64M) | Time:00:00.19 | Mem:0.00M, Peak:0.00M | Scene, ViewLayer | Synchronizing object | SOLDER_1u_C16_39_1
Fra:1 Mem:107.64M (Peak 107.64M) | Time:00:00.19 | Mem:0.00M, Peak:0.00M | Scene, ViewLayer | Synchronizing object | SOLDER_STM32G431K8Tx_U2_73_7
Fra:1 Mem:107.69M (Peak 107.69M) | Time:00:00.19 | Mem:0.00M, Peak:0.00M | Scene, ViewLayer | Synchronizing object | SOLDER_STM32G431K8Tx_U2_73_6
Fra:1 Mem:107.74M (Peak 107.74M) | Time:00:00.19 | Mem:0.00M, Peak:0.00M | Scene, ViewLayer | Synchronizing object | SOLDER_DC_barrel_assy_J8_40_0
Fra:1 Mem:107.76M (Peak 107.76M) | Time:00:00.19 | Mem:0.00M, Peak:0.00M | Scene, ViewLayer | Synchronizing object | SOLDER_STM32G431K8Tx_U2_73_5
Fra:1 Mem:107.78M (Peak 107.78M) | Time:00:00.19 | Mem:0.00M, Peak:0.00M | Scene, ViewLayer | Synchronizing object | SOLDER_DC_barrel_assy_J8_40_2
Fra:1 Mem:107.83M (Peak 107.83M) | Time:00:00.19 | Mem:0.00M, Peak:0.00M | Scene, ViewLayer | Synchronizing object | SOLDER_DC_barrel_assy_J8_40_4
Fra:1 Mem:107.83M (Peak 107.83M) | Time:00:00.19 | Mem:0.00M, Peak:0.00M | Scene, ViewLayer | Synchronizing object | SOLDER_STM32G431K8Tx_U2_73_4
Fra:1 Mem:107.88M (Peak 107.88M) | Time:00:00.19 | Mem:0.00M, Peak:0.00M | Scene, ViewLayer | Synchronizing object | SOLDER_4_7u_C4_41_0
Fra:1 Mem:107.91M (Peak 107.91M) | Time:00:00.19 | Mem:0.00M, Peak:0.00M | Scene, ViewLayer | Synchronizing object | SOLDER_STM32G431K8Tx_U2_73_3
Fra:1 Mem:107.92M (Peak 107.92M) | Time:00:00.19 | Mem:0.00M, Peak:0.00M | Scene, ViewLayer | Synchronizing object | SOLDER_4_7u_C4_41_1
Fra:1 Mem:107.96M (Peak 107.96M) | Time:00:00.19 | Mem:0.00M, Peak:0.00M | Scene, ViewLayer | Synchronizing object | SOLDER_10n_C26_42_0
Fra:1 Mem:107.99M (Peak 107.99M) | Time:00:00.19 | Mem:0.00M, Peak:0.00M | Scene, ViewLayer | Synchronizing object | SOLDER_STM32G431K8Tx_U2_73_2
Fra:1 Mem:108.02M (Peak 108.02M) | Time:00:00.19 | Mem:0.00M, Peak:0.00M | Scene, ViewLayer | Synchronizing object | SOLDER_10n_C26_42_1
Fra:1 Mem:108.05M (Peak 108.05M) | Time:00:00.19 | Mem:0.00M, Peak:0.00M | Scene, ViewLayer | Synchronizing object | SOLDER_USB_C_Receptacle_USB2_0_16P_J5_43_0
Fra:1 Mem:108.08M (Peak 108.08M) | Time:00:00.19 | Mem:0.00M, Peak:0.00M | Scene, ViewLayer | Synchronizing object | SOLDER_STM32G431K8Tx_U2_73_1
Fra:1 Mem:108.18M (Peak 108.18M) | Time:00:00.19 | Mem:0.00M, Peak:0.00M | Scene, ViewLayer | Synchronizing object | SOLDER_USB_C_Receptacle_USB2_0_16P_J5_43_1
Fra:1 Mem:108.21M (Peak 108.21M) | Time:00:00.19 | Mem:0.00M, Peak:0.00M | Scene, ViewLayer | Synchronizing object | SOLDER_STM32G431K8Tx_U2_73_0
Fra:1 Mem:108.31M (Peak 108.31M) | Time:00:00.19 | Mem:0.00M, Peak:0.00M | Scene, ViewLayer | Synchronizing object | SOLDER_100n_C20_71_1
Fra:1 Mem:108.34M (Peak 108.34M) | Time:00:00.19 | Mem:0.00M, Peak:0.00M | Scene, ViewLayer | Synchronizing object | SOLDER_100n_C20_71_0
Fra:1 Mem:108.43M (Peak 108.43M) | Time:00:00.19 | Mem:0.00M, Peak:0.00M | Scene, ViewLayer | Synchronizing object | SOLDER_100n_C19_68_1
Fra:1 Mem:108.42M (Peak 108.43M) | Time:00:00.19 | Mem:0.00M, Peak:0.00M | Scene, ViewLayer | Synchronizing object | SOLDER_USB_C_Receptacle_USB2_0_16P_J5_43_2
Fra:1 Mem:108.52M (Peak 108.52M) | Time:00:00.19 | Mem:0.00M, Peak:0.00M | Scene, ViewLayer | Synchronizing object | SOLDER_USB_C_Receptacle_USB2_0_16P_J5_43_3
Fra:1 Mem:108.54M (Peak 108.54M) | Time:00:00.19 | Mem:0.00M, Peak:0.00M | Scene, ViewLayer | Synchronizing object | SOLDER_100n_C19_68_0
Fra:1 Mem:108.65M (Peak 108.65M) | Time:00:00.19 | Mem:0.00M, Peak:0.00M | Scene, ViewLayer | Synchronizing object | SOLDER_USBLC6_2SC6_U4_67_5
Fra:1 Mem:108.67M (Peak 108.67M) | Time:00:00.19 | Mem:0.00M, Peak:0.00M | Scene, ViewLayer | Synchronizing object | SOLDER_USBLC6_2SC6_U4_67_4
Fra:1 Mem:108.70M (Peak 108.70M) | Time:00:00.19 | Mem:0.00M, Peak:0.00M | Scene, ViewLayer | Synchronizing object | SOLDER_USBLC6_2SC6_U4_67_3
Fra:1 Mem:108.78M (Peak 108.78M) | Time:00:00.19 | Mem:0.00M, Peak:0.00M | Scene, ViewLayer | Synchronizing object | SOLDER_USBLC6_2SC6_U4_67_2
Fra:1 Mem:108.79M (Peak 108.79M) | Time:00:00.19 | Mem:0.00M, Peak:0.00M | Scene, ViewLayer | Synchronizing object | SOLDER_USB_C_Receptacle_USB2_0_16P_J5_43_4
Fra:1 Mem:108.91M (Peak 108.91M) | Time:00:00.19 | Mem:0.00M, Peak:0.00M | Scene, ViewLayer | Synchronizing object | SOLDER_USBLC6_2SC6_U4_67_1
Fra:1 Mem:108.94M (Peak 108.94M) | Time:00:00.20 | Mem:0.00M, Peak:0.00M | Scene, ViewLayer | Synchronizing object | SOLDER_USBLC6_2SC6_U4_67_0
Fra:1 Mem:108.99M (Peak 108.99M) | Time:00:00.20 | Mem:0.00M, Peak:0.00M | Scene, ViewLayer | Synchronizing object | SOLDER_USB_C_Receptacle_USB2_0_16P_J5_43_5
Fra:1 Mem:108.99M (Peak 108.99M) | Time:00:00.20 | Mem:0.00M, Peak:0.00M | Scene, ViewLayer | Synchronizing object | SOLDER_10n_C5_66_1
Fra:1 Mem:109.16M (Peak 109.16M) | Time:00:00.20 | Mem:0.00M, Peak:0.00M | Scene, ViewLayer | Synchronizing object | SOLDER_10n_C5_66_0
Fra:1 Mem:109.17M (Peak 109.17M) | Time:00:00.20 | Mem:0.00M, Peak:0.00M | Scene, ViewLayer | Synchronizing object | SOLDER_USB_C_Receptacle_USB2_0_16P_J5_43_6
Fra:1 Mem:109.27M (Peak 109.27M) | Time:00:00.20 | Mem:0.00M, Peak:0.00M | Scene, ViewLayer | Synchronizing object | SOLDER_64_9k_R3_65_1
Fra:1 Mem:109.32M (Peak 109.32M) | Time:00:00.20 | Mem:0.00M, Peak:0.00M | Scene, ViewLayer | Synchronizing object | SOLDER_64_9k_R3_65_0
Fra:1 Mem:109.35M (Peak 109.35M) | Time:00:00.20 | Mem:0.00M, Peak:0.00M | Scene, ViewLayer | Synchronizing object | SOLDER_USB_C_Receptacle_USB2_0_16P_J5_43_7
Fra:1 Mem:109.38M (Peak 109.38M) | Time:00:00.20 | Mem:0.00M, Peak:0.00M | Scene, ViewLayer | Synchronizing object | SOLDER_22u_C17_63_1
Fra:1 Mem:109.50M (Peak 109.50M) | Time:00:00.20 | Mem:0.00M, Peak:0.00M | Scene, ViewLayer | Synchronizing object | SOLDER_22u_C17_63_0
Fra:1 Mem:109.54M (Peak 109.54M) | Time:00:00.20 | Mem:0.00M, Peak:0.00M | Scene, ViewLayer | Synchronizing object | SOLDER_0R_JP7_62_1
Fra:1 Mem:109.60M (Peak 109.60M) | Time:00:00.20 | Mem:0.00M, Peak:0.00M | Scene, ViewLayer | Synchronizing object | SOLDER_USB_C_Receptacle_USB2_0_16P_J5_43_8
Fra:1 Mem:109.62M (Peak 109.62M) | Time:00:00.20 | Mem:0.00M, Peak:0.00M | Scene, ViewLayer | Synchronizing object | SOLDER_USB_C_Receptacle_USB2_0_16P_J5_43_9
Fra:1 Mem:109.72M (Peak 109.72M) | Time:00:00.20 | Mem:0.00M, Peak:0.00M | Scene, ViewLayer | Synchronizing object | SOLDER_0R_JP7_62_0
Fra:1 Mem:109.82M (Peak 109.82M) | Time:00:00.20 | Mem:0.00M, Peak:0.00M | Scene, ViewLayer | Synchronizing object | SOLDER_1u_C11_61_1
Fra:1 Mem:109.84M (Peak 109.84M) | Time:00:00.20 | Mem:0.00M, Peak:0.00M | Scene, ViewLayer | Synchronizing object | SOLDER_1u_C11_61_0
Fra:1 Mem:109.92M (Peak 109.92M) | Time:00:00.20 | Mem:0.00M, Peak:0.00M | Scene, ViewLayer | Synchronizing object | SOLDER_23_2k_R6_58_1
Fra:1 Mem:109.97M (Peak 109.97M) | Time:00:00.20 | Mem:0.00M, Peak:0.00M | Scene, ViewLayer | Synchronizing object | SOLDER_USB_C_Receptacle_USB2_0_16P_J5_43_10
Fra:1 Mem:109.95M (Peak 109.97M) | Time:00:00.20 | Mem:0.00M, Peak:0.00M | Scene, ViewLayer | Synchronizing object | SOLDER_USB_C_Receptacle_USB2_0_16P_J5_43_11
Fra:1 Mem:110.01M (Peak 110.01M) | Time:00:00.20 | Mem:0.00M, Peak:0.00M | Scene, ViewLayer | Synchronizing object | SOLDER_23_2k_R6_58_0
Fra:1 Mem:110.18M (Peak 110.18M) | Time:00:00.20 | Mem:0.00M, Peak:0.00M | Scene, ViewLayer | Synchronizing object | SOLDER_100n_C13_57_1
Fra:1 Mem:110.21M (Peak 110.21M) | Time:00:00.20 | Mem:0.00M, Peak:0.00M | Scene, ViewLayer | Synchronizing object | SOLDER_100n_C13_57_0
Fra:1 Mem:110.27M (Peak 110.27M) | Time:00:00.20 | Mem:0.00M, Peak:0.00M | Scene, ViewLayer | Synchronizing object | SOLDER_0R_JP19_56_1
Fra:1 Mem:110.33M (Peak 110.33M) | Time:00:00.20 | Mem:0.00M, Peak:0.00M | Scene, ViewLayer | Synchronizing object | SOLDER_USB_C_Receptacle_USB2_0_16P_J5_43_12
Fra:1 Mem:110.36M (Peak 110.36M) | Time:00:00.20 | Mem:0.00M, Peak:0.00M | Scene, ViewLayer | Synchronizing object | SOLDER_0R_JP19_56_0
Fra:1 Mem:110.42M (Peak 110.42M) | Time:00:00.20 | Mem:0.00M, Peak:0.00M | Scene, ViewLayer | Synchronizing object | SOLDER_USB_C_Receptacle_USB2_0_16P_J5_43_13
Fra:1 Mem:110.54M (Peak 110.54M) | Time:00:00.20 | Mem:0.00M, Peak:0.00M | Scene, ViewLayer | Synchronizing object | SOLDER_VNH7070_U3_55_15
Fra:1 Mem:110.57M (Peak 110.57M) | Time:00:00.20 | Mem:0.00M, Peak:0.00M | Scene, ViewLayer | Synchronizing object | SOLDER_VNH7070_U3_55_14
Fra:1 Mem:110.64M (Peak 110.64M) | Time:00:00.20 | Mem:0.00M, Peak:0.00M | Scene, ViewLayer | Synchronizing object | SOLDER_VNH7070_U3_55_13
Fra:1 Mem:110.65M (Peak 110.65M) | Time:00:00.20 | Mem:0.00M, Peak:0.00M | Scene, ViewLayer | Synchronizing object | SOLDER_USB_C_Receptacle_USB2_0_16P_J5_43_14
Fra:1 Mem:110.78M (Peak 110.78M) | Time:00:00.20 | Mem:0.00M, Peak:0.00M | Scene, ViewLayer | Synchronizing object | SOLDER_VNH7070_U3_55_12
Fra:1 Mem:110.78M (Peak 110.78M) | Time:00:00.20 | Mem:0.00M, Peak:0.00M | Scene, ViewLayer | Synchronizing object | SOLDER_USB_C_Receptacle_USB2_0_16P_J5_43_15
Fra:1 Mem:110.89M (Peak 110.89M) | Time:00:00.20 | Mem:0.00M, Peak:0.00M | Scene, ViewLayer | Synchronizing object | SOLDER_VNH7070_U3_55_11
Fra:1 Mem:110.91M (Peak 110.91M) | Time:00:00.20 | Mem:0.00M, Peak:0.00M | Scene, ViewLayer | Synchronizing object | SOLDER_VNH7070_U3_55_10
Fra:1 Mem:110.96M (Peak 110.96M) | Time:00:00.20 | Mem:0.00M, Peak:0.00M | Scene, ViewLayer | Synchronizing object | SOLDER_VNH7070_U3_55_9
Fra:1 Mem:111.01M (Peak 111.01M) | Time:00:00.20 | Mem:0.00M, Peak:0.00M | Scene, ViewLayer | Synchronizing object | SOLDER_VNH7070_U3_55_8
Fra:1 Mem:111.04M (Peak 111.04M) | Time:00:00.20 | Mem:0.00M, Peak:0.00M | Scene, ViewLayer | Synchronizing object | SOLDER_10k_R2_45_0
Fra:1 Mem:111.06M (Peak 111.06M) | Time:00:00.20 | Mem:0.00M, Peak:0.00M | Scene, ViewLayer | Synchronizing object | SOLDER_VNH7070_U3_55_7
Fra:1 Mem:111.09M (Peak 111.09M) | Time:00:00.20 | Mem:0.00M, Peak:0.00M | Scene, ViewLayer | Synchronizing object | SOLDER_10k_R2_45_1
Fra:1 Mem:111.15M (Peak 111.15M) | Time:00:00.20 | Mem:0.00M, Peak:0.00M | Scene, ViewLayer | Synchronizing object | SOLDER_VNH7070_U3_55_6
Fra:1 Mem:111.17M (Peak 111.17M) | Time:00:00.20 | Mem:0.00M, Peak:0.00M | Scene, ViewLayer | Synchronizing object | SOLDER_100n_C1_46_0
Fra:1 Mem:111.20M (Peak 111.20M) | Time:00:00.20 | Mem:0.00M, Peak:0.00M | Scene, ViewLayer | Synchronizing object | SOLDER_100n_C1_46_1
Fra:1 Mem:111.21M (Peak 111.21M) | Time:00:00.20 | Mem:0.00M, Peak:0.00M | Scene, ViewLayer | Synchronizing object | SOLDER_VNH7070_U3_55_5
Fra:1 Mem:111.25M (Peak 111.25M) | Time:00:00.20 | Mem:0.00M, Peak:0.00M | Scene, ViewLayer | Synchronizing object | SOLDER_2k2_R5_47_0
Fra:1 Mem:111.29M (Peak 111.29M) | Time:00:00.20 | Mem:0.00M, Peak:0.00M | Scene, ViewLayer | Synchronizing object | SOLDER_VNH7070_U3_55_4
Fra:1 Mem:111.31M (Peak 111.31M) | Time:00:00.20 | Mem:0.00M, Peak:0.00M | Scene, ViewLayer | Synchronizing object | SOLDER_2k2_R5_47_1
Fra:1 Mem:111.35M (Peak 111.35M) | Time:00:00.20 | Mem:0.00M, Peak:0.00M | Scene, ViewLayer | Synchronizing object | SOLDER_20_MHz_Y1_51_0
Fra:1 Mem:111.37M (Peak 111.37M) | Time:00:00.20 | Mem:0.00M, Peak:0.00M | Scene, ViewLayer | Synchronizing object | SOLDER_20_MHz_Y1_51_1
Fra:1 Mem:111.40M (Peak 111.40M) | Time:00:00.20 | Mem:0.00M, Peak:0.00M | Scene, ViewLayer | Synchronizing object | SOLDER_20_MHz_Y1_51_2
Fra:1 Mem:111.42M (Peak 111.42M) | Time:00:00.20 | Mem:0.00M, Peak:0.00M | Scene, ViewLayer | Synchronizing object | SOLDER_20_MHz_Y1_51_3
Fra:1 Mem:111.45M (Peak 111.45M) | Time:00:00.20 | Mem:0.00M, Peak:0.00M | Scene, ViewLayer | Synchronizing object | SOLDER_100n_C25_52_0
Fra:1 Mem:111.48M (Peak 111.48M) | Time:00:00.20 | Mem:0.00M, Peak:0.00M | Scene, ViewLayer | Synchronizing object | SOLDER_VNH7070_U3_55_3
Fra:1 Mem:111.49M (Peak 111.49M) | Time:00:00.20 | Mem:0.00M, Peak:0.00M | Scene, ViewLayer | Synchronizing object | SOLDER_100n_C25_52_1
Fra:1 Mem:111.53M (Peak 111.53M) | Time:00:00.20 | Mem:0.00M, Peak:0.00M | Scene, ViewLayer | Synchronizing object | SOLDER_5k1_R15_53_0
Fra:1 Mem:111.56M (Peak 111.56M) | Time:00:00.20 | Mem:0.00M, Peak:0.00M | Scene, ViewLayer | Synchronizing object | SOLDER_VNH7070_U3_55_2
Fra:1 Mem:111.59M (Peak 111.59M) | Time:00:00.20 | Mem:0.00M, Peak:0.00M | Scene, ViewLayer | Synchronizing object | SOLDER_5k1_R15_53_1
Fra:1 Mem:111.62M (Peak 111.62M) | Time:00:00.20 | Mem:0.00M, Peak:0.00M | Scene, ViewLayer | Synchronizing object | SOLDER_0R_JP6_54_0
Fra:1 Mem:111.65M (Peak 111.65M) | Time:00:00.20 | Mem:0.00M, Peak:0.00M | Scene, ViewLayer | Synchronizing object | SOLDER_VNH7070_U3_55_1
Fra:1 Mem:111.68M (Peak 111.68M) | Time:00:00.20 | Mem:0.00M, Peak:0.00M | Scene, ViewLayer | Synchronizing object | SOLDER_0R_JP6_54_1
Fra:1 Mem:111.69M (Peak 111.69M) | Time:00:00.20 | Mem:0.00M, Peak:0.00M | Scene, ViewLayer | Synchronizing object | SOLDER_VNH7070_U3_55_0
Fra:1 Mem:111.77M (Peak 111.77M) | Time:00:00.20 | Mem:0.00M, Peak:0.00M | Scene, ViewLayer | Initializing
Fra:1 Mem:89.74M (Peak 111.77M) | Time:00:00.20 | Mem:0.00M, Peak:0.00M | Scene, ViewLayer | Updating Images | Loading ktest-blender_export_SilkS.png
Fra:1 Mem:89.74M (Peak 111.77M) | Time:00:00.20 | Mem:0.00M, Peak:0.00M | Scene, ViewLayer | Updating Images | Loading ktest-blender_export_Cu.png
Fra:1 Mem:89.74M (Peak 111.77M) | Time:00:00.20 | Mem:0.00M, Peak:0.00M | Scene, ViewLayer | Updating Images | Loading ktest-blender_export_Mask.png
Fra:1 Mem:179.33M (Peak 388.56M) | Time:00:00.38 | Mem:99.60M, Peak:99.60M | Scene, ViewLayer | Waiting for render to start
Fra:1 Mem:179.33M (Peak 388.56M) | Time:00:00.38 | Mem:99.60M, Peak:99.60M | Scene, ViewLayer | Loading render kernels (may take a few minutes the first time)
Fra:1 Mem:179.33M (Peak 388.56M) | Time:00:00.38 | Mem:99.60M, Peak:99.60M | Scene, ViewLayer | Updating Scene
Fra:1 Mem:179.33M (Peak 388.56M) | Time:00:00.38 | Mem:99.60M, Peak:99.60M | Scene, ViewLayer | Updating Shaders
Fra:1 Mem:179.59M (Peak 388.56M) | Time:00:00.38 | Mem:99.77M, Peak:99.77M | Scene, ViewLayer | Updating Procedurals
Fra:1 Mem:179.59M (Peak 388.56M) | Time:00:00.38 | Mem:99.77M, Peak:99.77M | Scene, ViewLayer | Updating Background
Fra:1 Mem:179.59M (Peak 388.56M) | Time:00:00.38 | Mem:99.77M, Peak:99.77M | Scene, ViewLayer | Updating Camera
Fra:1 Mem:179.59M (Peak 388.56M) | Time:00:00.38 | Mem:99.77M, Peak:99.77M | Scene, ViewLayer | Updating Meshes Flags
Fra:1 Mem:179.59M (Peak 388.56M) | Time:00:00.38 | Mem:99.77M, Peak:99.77M | Scene, ViewLayer | Updating Objects
Fra:1 Mem:179.59M (Peak 388.56M) | Time:00:00.38 | Mem:99.77M, Peak:99.77M | Scene, ViewLayer | Updating Objects | Copying Transformations to device
Fra:1 Mem:179.66M (Peak 388.56M) | Time:00:00.38 | Mem:99.84M, Peak:99.84M | Scene, ViewLayer | Updating Objects | Applying Static Transformations
Fra:1 Mem:179.66M (Peak 388.56M) | Time:00:00.38 | Mem:99.84M, Peak:99.84M | Scene, ViewLayer | Updating Particle Systems
Fra:1 Mem:179.66M (Peak 388.56M) | Time:00:00.38 | Mem:99.84M, Peak:99.84M | Scene, ViewLayer | Updating Particle Systems | Copying Particles to device
Fra:1 Mem:179.66M (Peak 388.56M) | Time:00:00.38 | Mem:99.84M, Peak:99.84M | Scene, ViewLayer | Updating Meshes
Fra:1 Mem:184.19M (Peak 388.56M) | Time:00:00.40 | Mem:99.84M, Peak:99.84M | Scene, ViewLayer | Updating Mesh | Computing attributes
Fra:1 Mem:186.82M (Peak 388.56M) | Time:00:00.40 | Mem:99.86M, Peak:99.86M | Scene, ViewLayer | Updating Mesh | Copying Attributes to device
Fra:1 Mem:186.77M (Peak 388.56M) | Time:00:00.40 | Mem:102.42M, Peak:102.42M | Scene, ViewLayer | Updating Geometry BVH PCB_ktest-blender_export 1/1 | Building BVH
Fra:1 Mem:186.77M (Peak 388.56M) | Time:00:00.40 | Mem:102.96M, Peak:102.96M | Scene, ViewLayer | Updating Geometry BVH PCB_ktest-blender_export 1/1 | Building BVH 0%
Fra:1 Mem:186.77M (Peak 388.56M) | Time:00:00.40 | Mem:103.60M, Peak:104.13M | Scene, ViewLayer | Updating Scene BVH | Building
Fra:1 Mem:186.77M (Peak 388.56M) | Time:00:00.40 | Mem:103.60M, Peak:104.13M | Scene, ViewLayer | Updating Scene BVH | Building BVH
Fra:1 Mem:186.77M (Peak 388.56M) | Time:00:00.44 | Mem:121.36M, Peak:129.87M | Scene, ViewLayer | Updating Scene BVH | Copying BVH to device
Fra:1 Mem:186.77M (Peak 388.56M) | Time:00:00.44 | Mem:121.36M, Peak:129.87M | Scene, ViewLayer | Updating Mesh | Computing normals
Fra:1 Mem:197.84M (Peak 388.56M) | Time:00:00.44 | Mem:121.36M, Peak:129.87M | Scene, ViewLayer | Updating Mesh | Copying Mesh to device
Fra:1 Mem:197.84M (Peak 388.56M) | Time:00:00.44 | Mem:132.42M, Peak:132.42M | Scene, ViewLayer | Updating Objects Flags
Fra:1 Mem:197.84M (Peak 388.56M) | Time:00:00.44 | Mem:132.43M, Peak:132.43M | Scene, ViewLayer | Updating Primitive Offsets
Fra:1 Mem:197.84M (Peak 388.56M) | Time:00:00.44 | Mem:132.43M, Peak:132.43M | Scene, ViewLayer | Updating Images
Fra:1 Mem:197.84M (Peak 388.56M) | Time:00:00.44 | Mem:132.43M, Peak:132.43M | Scene, ViewLayer | Updating Camera Volume
Fra:1 Mem:197.84M (Peak 388.56M) | Time:00:00.44 | Mem:132.43M, Peak:132.43M | Scene, ViewLayer | Updating Lookup Tables
Fra:1 Mem:197.84M (Peak 388.56M) | Time:00:00.44 | Mem:132.51M, Peak:132.51M | Scene, ViewLayer | Updating Lights
Fra:1 Mem:197.84M (Peak 388.56M) | Time:00:00.44 | Mem:132.51M, Peak:132.51M | Scene, ViewLayer | Updating Lights | Computing tree
Fra:1 Mem:197.84M (Peak 388.56M) | Time:00:00.44 | Mem:132.51M, Peak:132.51M | Scene, ViewLayer | Updating Integrator
Fra:1 Mem:197.84M (Peak 388.56M) | Time:00:00.44 | Mem:132.51M, Peak:132.51M | Scene, ViewLayer | Updating Film
Fra:1 Mem:197.85M (Peak 388.56M) | Time:00:00.44 | Mem:132.43M, Peak:132.51M | Scene, ViewLayer | Updating Lookup Tables
Fra:1 Mem:197.85M (Peak 388.56M) | Time:00:00.44 | Mem:132.52M, Peak:132.52M | Scene, ViewLayer | Updating Baking
Fra:1 Mem:197.85M (Peak 388.56M) | Time:00:00.44 | Mem:132.52M, Peak:132.52M | Scene, ViewLayer | Updating Device | Writing constant memory
Fra:1 Mem:197.85M (Peak 388.56M) | Time:00:00.44 | Mem:132.52M, Peak:132.52M | Scene, ViewLayer | Loading denoising kernels (may take a few minutes the first time)
Fra:1 Mem:197.85M (Peak 388.56M) | Time:00:00.44 | Mem:132.52M, Peak:132.52M | Scene, ViewLayer | Sample 0/4
Fra:1 Mem:282.41M (Peak 388.56M) | Time:00:06.31 | Remaining:00:17.61 | Mem:217.07M, Peak:217.07M | Scene, ViewLayer | Sample 1/4
Fra:1 Mem:318.01M (Peak 388.56M) | Time:00:30.73 | Mem:217.07M, Peak:217.07M | Scene, ViewLayer | Sample 4/4
Fra:1 Mem:318.01M (Peak 388.56M) | Time:00:30.73 | Mem:217.07M, Peak:217.07M | Scene, ViewLayer | Finished
Saved: '/work/output/3d/ktest-3D_blenderangled_bottom.png'
Time: 00:30.85 (Saving: 00:00.11)

Exporting /work/output/3d/ktest-3D_blenderangled_bottom.png in render format
- Render
batch job finished, exiting

Blender quit
 (kibot - kiplot.py:152)
DEBUG:- Executing: /usr/bin/convert /work/output/3d/ktest-3D_blenderangled_bottom.png -trim +repage -trim +repage /work/output/3d/ktest-3D_blenderangled_bottom.png (kibot - kiplot.py:161)
DEBUG:- Output from command: convert: eXIf: duplicate `/work/output/3d/ktest-3D_blenderangled_bottom.png' @ warning/png.c/MagickPNGWarningHandler/1525.
 (kibot - kiplot.py:152)
DEBUG:Extending `blender_bare_top` from `blender_render` (kibot - out_base.py:151)
- 'Bare board top view' (blender_bare_top) [blender_export]
DEBUG:Output destination: /work/output/3d (kibot - kiplot.py:685)
DEBUG: - Creating VRML ... (kibot - out_blender_export.py:440)
DEBUG:Starting tool check for KiCad Automation tools (kibot - dep_downloader.py:866)
DEBUG:- Returning `/usr/bin/pcbnew_do` (kibot - dep_downloader.py:873)
DEBUG:Switching the PCB to 'Default' variant (kibot - out_base.py:1193)
DEBUG:Looking for LCSC field name (kibot - optionable.py:707)
DEBUG:Using  as LCSC field name (kibot - optionable.py:709)
DEBUG:Using `/root/.cache/kibot/3d` as dir for downloaded 3D models (kibot - out_base_3d.py:545)
DEBUG:Using cached model `/root/.cache/kibot/3d/Capacitor_SMD.3dshapes/C_0603_1608Metric.step` (43450) (kibot - out_base_3d.py:187)
DEBUG:Using cached model `/root/.cache/kibot/3d/Resistor_SMD.3dshapes/R_0603_1608Metric.step` (40618) (kibot - out_base_3d.py:187)
DEBUG:Using cached model `/root/.cache/kibot/3d/Capacitor_SMD.3dshapes/C_1210_3225Metric.step` (43502) (kibot - out_base_3d.py:187)
DEBUG:Using cached model `/root/.cache/kibot/3d/Resistor_THT.3dshapes/R_Axial_DIN0204_L3.6mm_D1.6mm_P5.08mm_Horizontal.step` (37472) (kibot - out_base_3d.py:187)
DEBUG:Using cached model `/root/.cache/kibot/3d/Package_SO.3dshapes/HTSOP-8-1EP_3.9x4.9mm_P1.27mm.step` (125787) (kibot - out_base_3d.py:187)
DEBUG:Downloading `https://gitlab.com/api/v4/projects/21604637/repository/files/Package_SO.3dshapes%2FHTSOP-8-1EP_3.9x4.9mm_Pitch1.27mm.step/raw?ref=10.0.5` (kibot - out_base_3d.py:189)
DEBUG:Using cached model `/root/.cache/kibot/3d/Resistor_SMD.3dshapes/R_1206_3216Metric.step` (40414) (kibot - out_base_3d.py:187)
DEBUG:Using cached model `/root/.cache/kibot/3d/Capacitor_SMD.3dshapes/C_1206_3216Metric.step` (43450) (kibot - out_base_3d.py:187)
DEBUG:Using cached model `/root/.cache/kibot/3d/Crystal.3dshapes/Crystal_SMD_3225-4Pin_3.2x2.5mm.step` (44789) (kibot - out_base_3d.py:187)
DEBUG:Using cached model `/root/.cache/kibot/3d/Package_SO.3dshapes/JEITA_SOIC-16_3.9x9.9mm_P1.27mm.step` (223250) (kibot - out_base_3d.py:187)
DEBUG:Using cached model `/root/.cache/kibot/3d/Package_TO_SOT_SMD.3dshapes/SOT-23-6.step` (99639) (kibot - out_base_3d.py:187)
DEBUG:Using cached model `/root/.cache/kibot/3d/Package_QFP.3dshapes/LQFP-32_7x7mm_P0.8mm.step` (422757) (kibot - out_base_3d.py:187)
DEBUG:Using cached model `/root/.cache/kibot/3d/Connector_JST.3dshapes/JST_XH_B4B-XH-A_1x04_P2.50mm_Vertical.step` (222777) (kibot - out_base_3d.py:187)
DEBUG:Using cached model `/root/.cache/kibot/3d/Capacitor_SMD.3dshapes/CP_Elec_10x10.step` (82045) (kibot - out_base_3d.py:187)
DEBUG:Using cached model `/root/.cache/kibot/3d/Resistor_THT.3dshapes/R_Axial_DIN0204_L3.6mm_D1.6mm_P7.62mm_Horizontal.step` (24507) (kibot - out_base_3d.py:187)
DEBUG:Using cached model `/root/.cache/kibot/3d/Connector_JST.3dshapes/JST_XH_B6B-XH-A_1x06_P2.50mm_Vertical.step` (295109) (kibot - out_base_3d.py:187)
DEBUG:Using cached model `/root/.cache/kibot/3d/Package_TO_SOT_SMD.3dshapes/SOT-23.step` (60296) (kibot - out_base_3d.py:187)
DEBUG:Using cached model `/root/.cache/kibot/3d/Connector_PinSocket_2.54mm.3dshapes/PinSocket_1x04_P2.54mm_Vertical.step` (90163) (kibot - out_base_3d.py:187)
DEBUG:Using cached model `/root/.cache/kibot/3d/Connector_PinSocket_2.54mm.3dshapes/PinSocket_1x14_P2.54mm_Vertical.step` (290650) (kibot - out_base_3d.py:187)
DEBUG:Writing modified PCB to /work/kibot_cj11hzkl.kicad_pcb (kibot - gs.py:1089)
DEBUG:Copying project `/work/ktest.kicad_pro` to `/work/kibot_cj11hzkl.kicad_pro` (kibot.gs - gs.py:615)
DEBUG:Copying project local settings `/work/ktest.kicad_prl` to `/work/kibot_cj11hzkl.kicad_prl` (kibot.gs - gs.py:623)
DEBUG:Copying project custom design rules `/work/ktest.kicad_dru` to `/work/kibot_cj11hzkl.kicad_dru` (kibot.gs - gs.py:631)
DEBUG:Executing: /usr/bin/pcbnew_do -r -v export_vrml --output_name pcb.wrl -U meters --dir_models components -x 0 -y 0 -u millimeters /work/kibot_cj11hzkl.kicad_pcb /tmp/tmp60rgdouc (kibot - kiplot.py:194)
DEBUG:Output from command:
> ./kicad/include/properties/property.h(607): assert "m_choices.GetCount() > 0" failed in PROPERTY_ENUM(): No enum choices defined
> ./kicad/include/properties/property.h(607): assert "m_choices.GetCount() > 0" failed in PROPERTY_ENUM(): No enum choices defined
> ./kicad/include/properties/property.h(607): assert "m_choices.GetCount() > 0" failed in PROPERTY_ENUM(): No enum choices defined
>  (kibot - kiplot.py:208)
DEBUG:Removing temporal files (kibot - out_base.py:1123)
DEBUG:- File `/work/kibot_cj11hzkl.kicad_pcb` (kibot - out_base.py:1126)
DEBUG:- File `/work/kibot_cj11hzkl.kicad_pro` (kibot - out_base.py:1126)
DEBUG:- File `/work/kibot_cj11hzkl.kicad_prl` (kibot - out_base.py:1126)
DEBUG:- File `/work/kibot_cj11hzkl.kicad_dru` (kibot - out_base.py:1126)
DEBUG: - Creating SVG for layers ... (kibot - kiplot.py:770)
DEBUG:Switching the PCB to 'Default' variant (kibot - out_base.py:1193)
DEBUG:Configuring plot controller for output (kibot - out_any_layer.py:102)
DEBUG:Opening plot file for layer `F.Cu (0 'Front copper' F_Cu)` format `5` (kibot - out_any_layer.py:213)
DEBUG:Plotting layer `F.Cu (0 'Front copper' F_Cu)` to `/tmp/tmp60rgdouc/layers/F_Cu.svg` (kibot - out_any_layer.py:220)
DEBUG:Opening plot file for layer `B.Cu (2 'Bottom copper' B_Cu)` format `5` (kibot - out_any_layer.py:213)
DEBUG:Plotting layer `B.Cu (2 'Bottom copper' B_Cu)` to `/tmp/tmp60rgdouc/layers/B_Cu.svg` (kibot - out_any_layer.py:220)
DEBUG:Opening plot file for layer `F.Paste (13 'Front solder paste' F_Paste)` format `5` (kibot - out_any_layer.py:213)
DEBUG:Plotting layer `F.Paste (13 'Front solder paste' F_Paste)` to `/tmp/tmp60rgdouc/layers/F_Paste.svg` (kibot - out_any_layer.py:220)
DEBUG:Opening plot file for layer `B.Paste (15 'Bottom solder paste' B_Paste)` format `5` (kibot - out_any_layer.py:213)
DEBUG:Plotting layer `B.Paste (15 'Bottom solder paste' B_Paste)` to `/tmp/tmp60rgdouc/layers/B_Paste.svg` (kibot - out_any_layer.py:220)
DEBUG:Opening plot file for layer `F.Mask (1 'Front soldermask (negative)' F_Mask)` format `5` (kibot - out_any_layer.py:213)
DEBUG:Plotting layer `F.Mask (1 'Front soldermask (negative)' F_Mask)` to `/tmp/tmp60rgdouc/layers/F_Mask.svg` (kibot - out_any_layer.py:220)
DEBUG:Opening plot file for layer `B.Mask (3 'Bottom soldermask (negative)' B_Mask)` format `5` (kibot - out_any_layer.py:213)
DEBUG:Plotting layer `B.Mask (3 'Bottom soldermask (negative)' B_Mask)` to `/tmp/tmp60rgdouc/layers/B_Mask.svg` (kibot - out_any_layer.py:220)
DEBUG:Opening plot file for layer `F.SilkS (5 'Front silkscreen (artwork)' F_SilkS)` format `5` (kibot - out_any_layer.py:213)
DEBUG:Plotting layer `F.SilkS (5 'Front silkscreen (artwork)' F_SilkS)` to `/tmp/tmp60rgdouc/layers/F_SilkS.svg` (kibot - out_any_layer.py:220)
DEBUG:Opening plot file for layer `B.SilkS (7 'Bottom silkscreen (artwork)' B_SilkS)` format `5` (kibot - out_any_layer.py:213)
DEBUG:Plotting layer `B.SilkS (7 'Bottom silkscreen (artwork)' B_SilkS)` to `/tmp/tmp60rgdouc/layers/B_SilkS.svg` (kibot - out_any_layer.py:220)
DEBUG:Adjusting SVG viewBox to (73.975, 64.475, 102.05, 53.3) for width 10.205 cm and height 5.33 cm (kibot - out_svg.py:93)
DEBUG: - Creating Pads and boundary ... (kibot - kiplot.py:770)
DEBUG:Switching the PCB to 'Default' variant (kibot - out_base.py:1193)
DEBUG:Collected board definitions: {} (kibot - out_pcb2blender_tools.py:410)
DEBUG: - Creating the PCB3D ... (kibot - kiplot.py:770)
DEBUG:Collecting files (kibot - out_compress.py:256)
DEBUG:Output destination: /tmp/tmp60rgdouc (kibot - kiplot.py:685)
DEBUG:Output destination: /tmp/tmp60rgdouc/layers (kibot - kiplot.py:685)
DEBUG:Output destination: /tmp/tmp60rgdouc (kibot - kiplot.py:685)
DEBUG:Generating `/work/output/3d/ktest-blender_export.pcb3d` archive (kibot - out_compress.py:259)
DEBUG:Adding /tmp/tmp60rgdouc/pcb.wrl as pcb.wrl (kibot - out_compress.py:116)
DEBUG:Adding /tmp/tmp60rgdouc/components as components (kibot - out_compress.py:116)
DEBUG:Adding /tmp/tmp60rgdouc/components/PinSocket_1x04_P2.54mm_Vertical.wrl as components/PinSocket_1x04_P2.54mm_Vertical.wrl (kibot - out_compress.py:116)
DEBUG:Adding /tmp/tmp60rgdouc/components/C_1210_3225Metric.wrl as components/C_1210_3225Metric.wrl (kibot - out_compress.py:116)
DEBUG:Adding /tmp/tmp60rgdouc/components/JST_XH_B4B-XH-A_1x04_P2.50mm_Vertical.wrl as components/JST_XH_B4B-XH-A_1x04_P2.50mm_Vertical.wrl (kibot - out_compress.py:116)
DEBUG:Adding /tmp/tmp60rgdouc/components/CP_Elec_10x10.wrl as components/CP_Elec_10x10.wrl (kibot - out_compress.py:116)
DEBUG:Adding /tmp/tmp60rgdouc/components/R_0603_1608Metric.wrl as components/R_0603_1608Metric.wrl (kibot - out_compress.py:116)
DEBUG:Adding /tmp/tmp60rgdouc/components/JEITA_SOIC-16_3.9x9.9mm_P1.27mm.wrl as components/JEITA_SOIC-16_3.9x9.9mm_P1.27mm.wrl (kibot - out_compress.py:116)
DEBUG:Adding /tmp/tmp60rgdouc/components/R_1206_3216Metric.wrl as components/R_1206_3216Metric.wrl (kibot - out_compress.py:116)
DEBUG:Adding /tmp/tmp60rgdouc/components/SOT-23-6.wrl as components/SOT-23-6.wrl (kibot - out_compress.py:116)
DEBUG:Adding /tmp/tmp60rgdouc/components/JST_XH_B6B-XH-A_1x06_P2.50mm_Vertical.wrl as components/JST_XH_B6B-XH-A_1x06_P2.50mm_Vertical.wrl (kibot - out_compress.py:116)
DEBUG:Adding /tmp/tmp60rgdouc/components/SOT-23.wrl as components/SOT-23.wrl (kibot - out_compress.py:116)
DEBUG:Adding /tmp/tmp60rgdouc/components/R_Axial_DIN0204_L3.6mm_D1.6mm_P5.08mm_Horizontal.wrl as components/R_Axial_DIN0204_L3.6mm_D1.6mm_P5.08mm_Horizontal.wrl (kibot - out_compress.py:116)
DEBUG:Adding /tmp/tmp60rgdouc/components/R_Axial_DIN0204_L3.6mm_D1.6mm_P7.62mm_Horizontal.wrl as components/R_Axial_DIN0204_L3.6mm_D1.6mm_P7.62mm_Horizontal.wrl (kibot - out_compress.py:116)
DEBUG:Adding /tmp/tmp60rgdouc/components/LQFP-32_7x7mm_P0.8mm.wrl as components/LQFP-32_7x7mm_P0.8mm.wrl (kibot - out_compress.py:116)
DEBUG:Adding /tmp/tmp60rgdouc/components/C_0603_1608Metric.wrl as components/C_0603_1608Metric.wrl (kibot - out_compress.py:116)
DEBUG:Adding /tmp/tmp60rgdouc/components/PinSocket_1x14_P2.54mm_Vertical.wrl as components/PinSocket_1x14_P2.54mm_Vertical.wrl (kibot - out_compress.py:116)
DEBUG:Adding /tmp/tmp60rgdouc/components/Crystal_SMD_3225-4Pin_3.2x2.5mm.wrl as components/Crystal_SMD_3225-4Pin_3.2x2.5mm.wrl (kibot - out_compress.py:116)
DEBUG:Adding /tmp/tmp60rgdouc/components/HTSOP-8-1EP_3.9x4.9mm_P1.27mm.wrl as components/HTSOP-8-1EP_3.9x4.9mm_P1.27mm.wrl (kibot - out_compress.py:116)
DEBUG:Adding /tmp/tmp60rgdouc/components/C_1206_3216Metric.wrl as components/C_1206_3216Metric.wrl (kibot - out_compress.py:116)
DEBUG:Adding /tmp/tmp60rgdouc/layers/F_Cu.svg as layers/F_Cu.svg (kibot - out_compress.py:116)
DEBUG:Adding /tmp/tmp60rgdouc/layers/B_Cu.svg as layers/B_Cu.svg (kibot - out_compress.py:116)
DEBUG:Adding /tmp/tmp60rgdouc/layers/F_Paste.svg as layers/F_Paste.svg (kibot - out_compress.py:116)
DEBUG:Adding /tmp/tmp60rgdouc/layers/B_Paste.svg as layers/B_Paste.svg (kibot - out_compress.py:116)
DEBUG:Adding /tmp/tmp60rgdouc/layers/F_Mask.svg as layers/F_Mask.svg (kibot - out_compress.py:116)
DEBUG:Adding /tmp/tmp60rgdouc/layers/B_Mask.svg as layers/B_Mask.svg (kibot - out_compress.py:116)
DEBUG:Adding /tmp/tmp60rgdouc/layers/F_SilkS.svg as layers/F_SilkS.svg (kibot - out_compress.py:116)
DEBUG:Adding /tmp/tmp60rgdouc/layers/B_SilkS.svg as layers/B_SilkS.svg (kibot - out_compress.py:116)
DEBUG:Adding /tmp/tmp60rgdouc/layers/bounds as layers/bounds (kibot - out_compress.py:116)
DEBUG:Adding /tmp/tmp60rgdouc/pads/10n_C27_0_0 as pads/10n_C27_0_0 (kibot - out_compress.py:116)
DEBUG:Adding /tmp/tmp60rgdouc/pads/10n_C27_0_1 as pads/10n_C27_0_1 (kibot - out_compress.py:116)
DEBUG:Adding /tmp/tmp60rgdouc/pads/2k2_R10_1_0 as pads/2k2_R10_1_0 (kibot - out_compress.py:116)
DEBUG:Adding /tmp/tmp60rgdouc/pads/2k2_R10_1_1 as pads/2k2_R10_1_1 (kibot - out_compress.py:116)
DEBUG:Adding /tmp/tmp60rgdouc/pads/0R_JP13_2_0 as pads/0R_JP13_2_0 (kibot - out_compress.py:116)
DEBUG:Adding /tmp/tmp60rgdouc/pads/0R_JP13_2_1 as pads/0R_JP13_2_1 (kibot - out_compress.py:116)
DEBUG:Adding /tmp/tmp60rgdouc/pads/22p_C14_3_0 as pads/22p_C14_3_0 (kibot - out_compress.py:116)
DEBUG:Adding /tmp/tmp60rgdouc/pads/22p_C14_3_1 as pads/22p_C14_3_1 (kibot - out_compress.py:116)
DEBUG:Adding /tmp/tmp60rgdouc/pads/100n_C6_4_0 as pads/100n_C6_4_0 (kibot - out_compress.py:116)
DEBUG:Adding /tmp/tmp60rgdouc/pads/100n_C6_4_1 as pads/100n_C6_4_1 (kibot - out_compress.py:116)
DEBUG:Adding /tmp/tmp60rgdouc/pads/22u_C18_5_0 as pads/22u_C18_5_0 (kibot - out_compress.py:116)
DEBUG:Adding /tmp/tmp60rgdouc/pads/22u_C18_5_1 as pads/22u_C18_5_1 (kibot - out_compress.py:116)
DEBUG:Adding /tmp/tmp60rgdouc/pads/10k_R9_6_0 as pads/10k_R9_6_0 (kibot - out_compress.py:116)
DEBUG:Adding /tmp/tmp60rgdouc/pads/10k_R9_6_1 as pads/10k_R9_6_1 (kibot - out_compress.py:116)
DEBUG:Adding /tmp/tmp60rgdouc/pads/10u_L1_7_0 as pads/10u_L1_7_0 (kibot - out_compress.py:116)
DEBUG:Adding /tmp/tmp60rgdouc/pads/10u_L1_7_1 as pads/10u_L1_7_1 (kibot - out_compress.py:116)
DEBUG:Adding /tmp/tmp60rgdouc/pads/TestPoint_TP13_8_0 as pads/TestPoint_TP13_8_0 (kibot - out_compress.py:116)
DEBUG:Adding /tmp/tmp60rgdouc/pads/1n_C23_9_0 as pads/1n_C23_9_0 (kibot - out_compress.py:116)
DEBUG:Adding /tmp/tmp60rgdouc/pads/1n_C23_9_1 as pads/1n_C23_9_1 (kibot - out_compress.py:116)
DEBUG:Adding /tmp/tmp60rgdouc/pads/22p_C10_10_0 as pads/22p_C10_10_0 (kibot - out_compress.py:116)
DEBUG:Adding /tmp/tmp60rgdouc/pads/22p_C10_10_1 as pads/22p_C10_10_1 (kibot - out_compress.py:116)
DEBUG:Adding /tmp/tmp60rgdouc/pads/TestPoint_TP18_11_0 as pads/TestPoint_TP18_11_0 (kibot - out_compress.py:116)
DEBUG:Adding /tmp/tmp60rgdouc/pads/33p_C12_12_0 as pads/33p_C12_12_0 (kibot - out_compress.py:116)
DEBUG:Adding /tmp/tmp60rgdouc/pads/33p_C12_12_1 as pads/33p_C12_12_1 (kibot - out_compress.py:116)
DEBUG:Adding /tmp/tmp60rgdouc/pads/100n_C9_13_0 as pads/100n_C9_13_0 (kibot - out_compress.py:116)
DEBUG:Adding /tmp/tmp60rgdouc/pads/100n_C9_13_1 as pads/100n_C9_13_1 (kibot - out_compress.py:116)
DEBUG:Adding /tmp/tmp60rgdouc/pads/0R_JP9_14_0 as pads/0R_JP9_14_0 (kibot - out_compress.py:116)
DEBUG:Adding /tmp/tmp60rgdouc/pads/0R_JP9_14_1 as pads/0R_JP9_14_1 (kibot - out_compress.py:116)
DEBUG:Adding /tmp/tmp60rgdouc/pads/TestPoint_TP7_15_0 as pads/TestPoint_TP7_15_0 (kibot - out_compress.py:116)
DEBUG:Adding /tmp/tmp60rgdouc/pads/0R_JP20_16_0 as pads/0R_JP20_16_0 (kibot - out_compress.py:116)
DEBUG:Adding /tmp/tmp60rgdouc/pads/0R_JP20_16_1 as pads/0R_JP20_16_1 (kibot - out_compress.py:116)
DEBUG:Adding /tmp/tmp60rgdouc/pads/0R_JP8_17_0 as pads/0R_JP8_17_0 (kibot - out_compress.py:116)
DEBUG:Adding /tmp/tmp60rgdouc/pads/0R_JP8_17_1 as pads/0R_JP8_17_1 (kibot - out_compress.py:116)
DEBUG:Adding /tmp/tmp60rgdouc/pads/5k1_R14_18_0 as pads/5k1_R14_18_0 (kibot - out_compress.py:116)
DEBUG:Adding /tmp/tmp60rgdouc/pads/5k1_R14_18_1 as pads/5k1_R14_18_1 (kibot - out_compress.py:116)
DEBUG:Adding /tmp/tmp60rgdouc/pads/0R_JP2_19_0 as pads/0R_JP2_19_0 (kibot - out_compress.py:116)
DEBUG:Adding /tmp/tmp60rgdouc/pads/0R_JP2_19_1 as pads/0R_JP2_19_1 (kibot - out_compress.py:116)
DEBUG:Adding /tmp/tmp60rgdouc/pads/LMR380x0_U1_20_0 as pads/LMR380x0_U1_20_0 (kibot - out_compress.py:116)
DEBUG:Adding /tmp/tmp60rgdouc/pads/LMR380x0_U1_20_1 as pads/LMR380x0_U1_20_1 (kibot - out_compress.py:116)
DEBUG:Adding /tmp/tmp60rgdouc/pads/LMR380x0_U1_20_2 as pads/LMR380x0_U1_20_2 (kibot - out_compress.py:116)
DEBUG:Adding /tmp/tmp60rgdouc/pads/LMR380x0_U1_20_3 as pads/LMR380x0_U1_20_3 (kibot - out_compress.py:116)
DEBUG:Adding /tmp/tmp60rgdouc/pads/LMR380x0_U1_20_4 as pads/LMR380x0_U1_20_4 (kibot - out_compress.py:116)
DEBUG:Adding /tmp/tmp60rgdouc/pads/LMR380x0_U1_20_5 as pads/LMR380x0_U1_20_5 (kibot - out_compress.py:116)
DEBUG:Adding /tmp/tmp60rgdouc/pads/LMR380x0_U1_20_6 as pads/LMR380x0_U1_20_6 (kibot - out_compress.py:116)
DEBUG:Adding /tmp/tmp60rgdouc/pads/LMR380x0_U1_20_7 as pads/LMR380x0_U1_20_7 (kibot - out_compress.py:116)
DEBUG:Adding /tmp/tmp60rgdouc/pads/LMR380x0_U1_20_8 as pads/LMR380x0_U1_20_8 (kibot - out_compress.py:116)
DEBUG:Adding /tmp/tmp60rgdouc/pads/LMR380x0_U1_20_9 as pads/LMR380x0_U1_20_9 (kibot - out_compress.py:116)
DEBUG:Adding /tmp/tmp60rgdouc/pads/LMR380x0_U1_20_10 as pads/LMR380x0_U1_20_10 (kibot - out_compress.py:116)
DEBUG:Adding /tmp/tmp60rgdouc/pads/LMR380x0_U1_20_11 as pads/LMR380x0_U1_20_11 (kibot - out_compress.py:116)
DEBUG:Adding /tmp/tmp60rgdouc/pads/LMR380x0_U1_20_12 as pads/LMR380x0_U1_20_12 (kibot - out_compress.py:116)
DEBUG:Adding /tmp/tmp60rgdouc/pads/LMR380x0_U1_20_13 as pads/LMR380x0_U1_20_13 (kibot - out_compress.py:116)
DEBUG:Adding /tmp/tmp60rgdouc/pads/LMR380x0_U1_20_14 as pads/LMR380x0_U1_20_14 (kibot - out_compress.py:116)
DEBUG:Adding /tmp/tmp60rgdouc/pads/LMR380x0_U1_20_15 as pads/LMR380x0_U1_20_15 (kibot - out_compress.py:116)
DEBUG:Adding /tmp/tmp60rgdouc/pads/LMR380x0_U1_20_16 as pads/LMR380x0_U1_20_16 (kibot - out_compress.py:116)
DEBUG:Adding /tmp/tmp60rgdouc/pads/LMR380x0_U1_20_17 as pads/LMR380x0_U1_20_17 (kibot - out_compress.py:116)
DEBUG:Adding /tmp/tmp60rgdouc/pads/LMR380x0_U1_20_18 as pads/LMR380x0_U1_20_18 (kibot - out_compress.py:116)
DEBUG:Adding /tmp/tmp60rgdouc/pads/LMR380x0_U1_20_19 as pads/LMR380x0_U1_20_19 (kibot - out_compress.py:116)
DEBUG:Adding /tmp/tmp60rgdouc/pads/TestPoint_TP10_21_0 as pads/TestPoint_TP10_21_0 (kibot - out_compress.py:116)
DEBUG:Adding /tmp/tmp60rgdouc/pads/2k2_R12_22_0 as pads/2k2_R12_22_0 (kibot - out_compress.py:116)
DEBUG:Adding /tmp/tmp60rgdouc/pads/2k2_R12_22_1 as pads/2k2_R12_22_1 (kibot - out_compress.py:116)
DEBUG:Adding /tmp/tmp60rgdouc/pads/TestPoint_TP21_23_0 as pads/TestPoint_TP21_23_0 (kibot - out_compress.py:116)
DEBUG:Adding /tmp/tmp60rgdouc/pads/TestPoint_TP6_24_0 as pads/TestPoint_TP6_24_0 (kibot - out_compress.py:116)
DEBUG:Adding /tmp/tmp60rgdouc/pads/TestPoint_TP8_25_0 as pads/TestPoint_TP8_25_0 (kibot - out_compress.py:116)
DEBUG:Adding /tmp/tmp60rgdouc/pads/Dell_DC_jack_J6_26_0 as pads/Dell_DC_jack_J6_26_0 (kibot - out_compress.py:116)
DEBUG:Adding /tmp/tmp60rgdouc/pads/Dell_DC_jack_J6_26_1 as pads/Dell_DC_jack_J6_26_1 (kibot - out_compress.py:116)
DEBUG:Adding /tmp/tmp60rgdouc/pads/Dell_DC_jack_J6_26_2 as pads/Dell_DC_jack_J6_26_2 (kibot - out_compress.py:116)
DEBUG:Adding /tmp/tmp60rgdouc/pads/Dell_DC_jack_J6_26_3 as pads/Dell_DC_jack_J6_26_3 (kibot - out_compress.py:116)
DEBUG:Adding /tmp/tmp60rgdouc/pads/Dell_DC_jack_J6_26_4 as pads/Dell_DC_jack_J6_26_4 (kibot - out_compress.py:116)
DEBUG:Adding /tmp/tmp60rgdouc/pads/Dell_DC_jack_J6_26_5 as pads/Dell_DC_jack_J6_26_5 (kibot - out_compress.py:116)
DEBUG:Adding /tmp/tmp60rgdouc/pads/Dell_DC_jack_J6_26_6 as pads/Dell_DC_jack_J6_26_6 (kibot - out_compress.py:116)
DEBUG:Adding /tmp/tmp60rgdouc/pads/Dell_DC_jack_J6_26_7 as pads/Dell_DC_jack_J6_26_7 (kibot - out_compress.py:116)
DEBUG:Adding /tmp/tmp60rgdouc/pads/Dell_DC_jack_J6_26_8 as pads/Dell_DC_jack_J6_26_8 (kibot - out_compress.py:116)
DEBUG:Adding /tmp/tmp60rgdouc/pads/Dell_DC_jack_J6_26_9 as pads/Dell_DC_jack_J6_26_9 (kibot - out_compress.py:116)
DEBUG:Adding /tmp/tmp60rgdouc/pads/Dell_DC_jack_J6_26_10 as pads/Dell_DC_jack_J6_26_10 (kibot - out_compress.py:116)
DEBUG:Adding /tmp/tmp60rgdouc/pads/0R_JP15_27_0 as pads/0R_JP15_27_0 (kibot - out_compress.py:116)
DEBUG:Adding /tmp/tmp60rgdouc/pads/0R_JP15_27_1 as pads/0R_JP15_27_1 (kibot - out_compress.py:116)
DEBUG:Adding /tmp/tmp60rgdouc/pads/TestPoint_TP14_28_0 as pads/TestPoint_TP14_28_0 (kibot - out_compress.py:116)
DEBUG:Adding /tmp/tmp60rgdouc/pads/2k2_R13_29_0 as pads/2k2_R13_29_0 (kibot - out_compress.py:116)
DEBUG:Adding /tmp/tmp60rgdouc/pads/2k2_R13_29_1 as pads/2k2_R13_29_1 (kibot - out_compress.py:116)
DEBUG:Adding /tmp/tmp60rgdouc/pads/TestPoint_TP9_30_0 as pads/TestPoint_TP9_30_0 (kibot - out_compress.py:116)
DEBUG:Adding /tmp/tmp60rgdouc/pads/10n_C3_31_0 as pads/10n_C3_31_0 (kibot - out_compress.py:116)
DEBUG:Adding /tmp/tmp60rgdouc/pads/10n_C3_31_1 as pads/10n_C3_31_1 (kibot - out_compress.py:116)
DEBUG:Adding /tmp/tmp60rgdouc/pads/0R_JP14_32_0 as pads/0R_JP14_32_0 (kibot - out_compress.py:116)
DEBUG:Adding /tmp/tmp60rgdouc/pads/0R_JP14_32_1 as pads/0R_JP14_32_1 (kibot - out_compress.py:116)
DEBUG:Adding /tmp/tmp60rgdouc/pads/0R_JP16_33_0 as pads/0R_JP16_33_0 (kibot - out_compress.py:116)
DEBUG:Adding /tmp/tmp60rgdouc/pads/0R_JP16_33_1 as pads/0R_JP16_33_1 (kibot - out_compress.py:116)
DEBUG:Adding /tmp/tmp60rgdouc/pads/TestPoint_TP5_34_0 as pads/TestPoint_TP5_34_0 (kibot - out_compress.py:116)
DEBUG:Adding /tmp/tmp60rgdouc/pads/10k_R7_35_0 as pads/10k_R7_35_0 (kibot - out_compress.py:116)
DEBUG:Adding /tmp/tmp60rgdouc/pads/10k_R7_35_1 as pads/10k_R7_35_1 (kibot - out_compress.py:116)
DEBUG:Adding /tmp/tmp60rgdouc/pads/0R_JP5_36_0 as pads/0R_JP5_36_0 (kibot - out_compress.py:116)
DEBUG:Adding /tmp/tmp60rgdouc/pads/0R_JP5_36_1 as pads/0R_JP5_36_1 (kibot - out_compress.py:116)
DEBUG:Adding /tmp/tmp60rgdouc/pads/0R_JP10_37_0 as pads/0R_JP10_37_0 (kibot - out_compress.py:116)
DEBUG:Adding /tmp/tmp60rgdouc/pads/0R_JP10_37_1 as pads/0R_JP10_37_1 (kibot - out_compress.py:116)
DEBUG:Adding /tmp/tmp60rgdouc/pads/0R_JP21_38_0 as pads/0R_JP21_38_0 (kibot - out_compress.py:116)
DEBUG:Adding /tmp/tmp60rgdouc/pads/0R_JP21_38_1 as pads/0R_JP21_38_1 (kibot - out_compress.py:116)
DEBUG:Adding /tmp/tmp60rgdouc/pads/1u_C16_39_0 as pads/1u_C16_39_0 (kibot - out_compress.py:116)
DEBUG:Adding /tmp/tmp60rgdouc/pads/1u_C16_39_1 as pads/1u_C16_39_1 (kibot - out_compress.py:116)
DEBUG:Adding /tmp/tmp60rgdouc/pads/DC_barrel_assy_J8_40_0 as pads/DC_barrel_assy_J8_40_0 (kibot - out_compress.py:116)
DEBUG:Adding /tmp/tmp60rgdouc/pads/DC_barrel_assy_J8_40_1 as pads/DC_barrel_assy_J8_40_1 (kibot - out_compress.py:116)
DEBUG:Adding /tmp/tmp60rgdouc/pads/DC_barrel_assy_J8_40_2 as pads/DC_barrel_assy_J8_40_2 (kibot - out_compress.py:116)
DEBUG:Adding /tmp/tmp60rgdouc/pads/DC_barrel_assy_J8_40_3 as pads/DC_barrel_assy_J8_40_3 (kibot - out_compress.py:116)
DEBUG:Adding /tmp/tmp60rgdouc/pads/DC_barrel_assy_J8_40_4 as pads/DC_barrel_assy_J8_40_4 (kibot - out_compress.py:116)
DEBUG:Adding /tmp/tmp60rgdouc/pads/4_7u_C4_41_0 as pads/4_7u_C4_41_0 (kibot - out_compress.py:116)
DEBUG:Adding /tmp/tmp60rgdouc/pads/4_7u_C4_41_1 as pads/4_7u_C4_41_1 (kibot - out_compress.py:116)
DEBUG:Adding /tmp/tmp60rgdouc/pads/10n_C26_42_0 as pads/10n_C26_42_0 (kibot - out_compress.py:116)
DEBUG:Adding /tmp/tmp60rgdouc/pads/10n_C26_42_1 as pads/10n_C26_42_1 (kibot - out_compress.py:116)
DEBUG:Adding /tmp/tmp60rgdouc/pads/USB_C_Receptacle_USB2_0_16P_J5_43_0 as pads/USB_C_Receptacle_USB2_0_16P_J5_43_0 (kibot - out_compress.py:116)
DEBUG:Adding /tmp/tmp60rgdouc/pads/USB_C_Receptacle_USB2_0_16P_J5_43_1 as pads/USB_C_Receptacle_USB2_0_16P_J5_43_1 (kibot - out_compress.py:116)
DEBUG:Adding /tmp/tmp60rgdouc/pads/USB_C_Receptacle_USB2_0_16P_J5_43_2 as pads/USB_C_Receptacle_USB2_0_16P_J5_43_2 (kibot - out_compress.py:116)
DEBUG:Adding /tmp/tmp60rgdouc/pads/USB_C_Receptacle_USB2_0_16P_J5_43_3 as pads/USB_C_Receptacle_USB2_0_16P_J5_43_3 (kibot - out_compress.py:116)
DEBUG:Adding /tmp/tmp60rgdouc/pads/USB_C_Receptacle_USB2_0_16P_J5_43_4 as pads/USB_C_Receptacle_USB2_0_16P_J5_43_4 (kibot - out_compress.py:116)
DEBUG:Adding /tmp/tmp60rgdouc/pads/USB_C_Receptacle_USB2_0_16P_J5_43_5 as pads/USB_C_Receptacle_USB2_0_16P_J5_43_5 (kibot - out_compress.py:116)
DEBUG:Adding /tmp/tmp60rgdouc/pads/USB_C_Receptacle_USB2_0_16P_J5_43_6 as pads/USB_C_Receptacle_USB2_0_16P_J5_43_6 (kibot - out_compress.py:116)
DEBUG:Adding /tmp/tmp60rgdouc/pads/USB_C_Receptacle_USB2_0_16P_J5_43_7 as pads/USB_C_Receptacle_USB2_0_16P_J5_43_7 (kibot - out_compress.py:116)
DEBUG:Adding /tmp/tmp60rgdouc/pads/USB_C_Receptacle_USB2_0_16P_J5_43_8 as pads/USB_C_Receptacle_USB2_0_16P_J5_43_8 (kibot - out_compress.py:116)
DEBUG:Adding /tmp/tmp60rgdouc/pads/USB_C_Receptacle_USB2_0_16P_J5_43_9 as pads/USB_C_Receptacle_USB2_0_16P_J5_43_9 (kibot - out_compress.py:116)
DEBUG:Adding /tmp/tmp60rgdouc/pads/USB_C_Receptacle_USB2_0_16P_J5_43_10 as pads/USB_C_Receptacle_USB2_0_16P_J5_43_10 (kibot - out_compress.py:116)
DEBUG:Adding /tmp/tmp60rgdouc/pads/USB_C_Receptacle_USB2_0_16P_J5_43_11 as pads/USB_C_Receptacle_USB2_0_16P_J5_43_11 (kibot - out_compress.py:116)
DEBUG:Adding /tmp/tmp60rgdouc/pads/USB_C_Receptacle_USB2_0_16P_J5_43_12 as pads/USB_C_Receptacle_USB2_0_16P_J5_43_12 (kibot - out_compress.py:116)
DEBUG:Adding /tmp/tmp60rgdouc/pads/USB_C_Receptacle_USB2_0_16P_J5_43_13 as pads/USB_C_Receptacle_USB2_0_16P_J5_43_13 (kibot - out_compress.py:116)
DEBUG:Adding /tmp/tmp60rgdouc/pads/USB_C_Receptacle_USB2_0_16P_J5_43_14 as pads/USB_C_Receptacle_USB2_0_16P_J5_43_14 (kibot - out_compress.py:116)
DEBUG:Adding /tmp/tmp60rgdouc/pads/USB_C_Receptacle_USB2_0_16P_J5_43_15 as pads/USB_C_Receptacle_USB2_0_16P_J5_43_15 (kibot - out_compress.py:116)
DEBUG:Adding /tmp/tmp60rgdouc/pads/USB_C_Receptacle_USB2_0_16P_J5_43_16 as pads/USB_C_Receptacle_USB2_0_16P_J5_43_16 (kibot - out_compress.py:116)
DEBUG:Adding /tmp/tmp60rgdouc/pads/USB_C_Receptacle_USB2_0_16P_J5_43_17 as pads/USB_C_Receptacle_USB2_0_16P_J5_43_17 (kibot - out_compress.py:116)
DEBUG:Adding /tmp/tmp60rgdouc/pads/USB_C_Receptacle_USB2_0_16P_J5_43_18 as pads/USB_C_Receptacle_USB2_0_16P_J5_43_18 (kibot - out_compress.py:116)
DEBUG:Adding /tmp/tmp60rgdouc/pads/USB_C_Receptacle_USB2_0_16P_J5_43_19 as pads/USB_C_Receptacle_USB2_0_16P_J5_43_19 (kibot - out_compress.py:116)
DEBUG:Adding /tmp/tmp60rgdouc/pads/TestPoint_TP15_44_0 as pads/TestPoint_TP15_44_0 (kibot - out_compress.py:116)
DEBUG:Adding /tmp/tmp60rgdouc/pads/10k_R2_45_0 as pads/10k_R2_45_0 (kibot - out_compress.py:116)
DEBUG:Adding /tmp/tmp60rgdouc/pads/10k_R2_45_1 as pads/10k_R2_45_1 (kibot - out_compress.py:116)
DEBUG:Adding /tmp/tmp60rgdouc/pads/100n_C1_46_0 as pads/100n_C1_46_0 (kibot - out_compress.py:116)
DEBUG:Adding /tmp/tmp60rgdouc/pads/100n_C1_46_1 as pads/100n_C1_46_1 (kibot - out_compress.py:116)
DEBUG:Adding /tmp/tmp60rgdouc/pads/2k2_R5_47_0 as pads/2k2_R5_47_0 (kibot - out_compress.py:116)
DEBUG:Adding /tmp/tmp60rgdouc/pads/2k2_R5_47_1 as pads/2k2_R5_47_1 (kibot - out_compress.py:116)
DEBUG:Adding /tmp/tmp60rgdouc/pads/TestPoint_TP11_48_0 as pads/TestPoint_TP11_48_0 (kibot - out_compress.py:116)
DEBUG:Adding /tmp/tmp60rgdouc/pads/TestPoint_TP3_49_0 as pads/TestPoint_TP3_49_0 (kibot - out_compress.py:116)
DEBUG:Adding /tmp/tmp60rgdouc/pads/TestPoint_TP16_50_0 as pads/TestPoint_TP16_50_0 (kibot - out_compress.py:116)
DEBUG:Adding /tmp/tmp60rgdouc/pads/20_MHz_Y1_51_0 as pads/20_MHz_Y1_51_0 (kibot - out_compress.py:116)
DEBUG:Adding /tmp/tmp60rgdouc/pads/20_MHz_Y1_51_1 as pads/20_MHz_Y1_51_1 (kibot - out_compress.py:116)
DEBUG:Adding /tmp/tmp60rgdouc/pads/20_MHz_Y1_51_2 as pads/20_MHz_Y1_51_2 (kibot - out_compress.py:116)
DEBUG:Adding /tmp/tmp60rgdouc/pads/20_MHz_Y1_51_3 as pads/20_MHz_Y1_51_3 (kibot - out_compress.py:116)
DEBUG:Adding /tmp/tmp60rgdouc/pads/100n_C25_52_0 as pads/100n_C25_52_0 (kibot - out_compress.py:116)
DEBUG:Adding /tmp/tmp60rgdouc/pads/100n_C25_52_1 as pads/100n_C25_52_1 (kibot - out_compress.py:116)
DEBUG:Adding /tmp/tmp60rgdouc/pads/5k1_R15_53_0 as pads/5k1_R15_53_0 (kibot - out_compress.py:116)
DEBUG:Adding /tmp/tmp60rgdouc/pads/5k1_R15_53_1 as pads/5k1_R15_53_1 (kibot - out_compress.py:116)
DEBUG:Adding /tmp/tmp60rgdouc/pads/0R_JP6_54_0 as pads/0R_JP6_54_0 (kibot - out_compress.py:116)
DEBUG:Adding /tmp/tmp60rgdouc/pads/0R_JP6_54_1 as pads/0R_JP6_54_1 (kibot - out_compress.py:116)
DEBUG:Adding /tmp/tmp60rgdouc/pads/VNH7070_U3_55_0 as pads/VNH7070_U3_55_0 (kibot - out_compress.py:116)
DEBUG:Adding /tmp/tmp60rgdouc/pads/VNH7070_U3_55_1 as pads/VNH7070_U3_55_1 (kibot - out_compress.py:116)
DEBUG:Adding /tmp/tmp60rgdouc/pads/VNH7070_U3_55_2 as pads/VNH7070_U3_55_2 (kibot - out_compress.py:116)
DEBUG:Adding /tmp/tmp60rgdouc/pads/VNH7070_U3_55_3 as pads/VNH7070_U3_55_3 (kibot - out_compress.py:116)
DEBUG:Adding /tmp/tmp60rgdouc/pads/VNH7070_U3_55_4 as pads/VNH7070_U3_55_4 (kibot - out_compress.py:116)
DEBUG:Adding /tmp/tmp60rgdouc/pads/VNH7070_U3_55_5 as pads/VNH7070_U3_55_5 (kibot - out_compress.py:116)
DEBUG:Adding /tmp/tmp60rgdouc/pads/VNH7070_U3_55_6 as pads/VNH7070_U3_55_6 (kibot - out_compress.py:116)
DEBUG:Adding /tmp/tmp60rgdouc/pads/VNH7070_U3_55_7 as pads/VNH7070_U3_55_7 (kibot - out_compress.py:116)
DEBUG:Adding /tmp/tmp60rgdouc/pads/VNH7070_U3_55_8 as pads/VNH7070_U3_55_8 (kibot - out_compress.py:116)
DEBUG:Adding /tmp/tmp60rgdouc/pads/VNH7070_U3_55_9 as pads/VNH7070_U3_55_9 (kibot - out_compress.py:116)
DEBUG:Adding /tmp/tmp60rgdouc/pads/VNH7070_U3_55_10 as pads/VNH7070_U3_55_10 (kibot - out_compress.py:116)
DEBUG:Adding /tmp/tmp60rgdouc/pads/VNH7070_U3_55_11 as pads/VNH7070_U3_55_11 (kibot - out_compress.py:116)
DEBUG:Adding /tmp/tmp60rgdouc/pads/VNH7070_U3_55_12 as pads/VNH7070_U3_55_12 (kibot - out_compress.py:116)
DEBUG:Adding /tmp/tmp60rgdouc/pads/VNH7070_U3_55_13 as pads/VNH7070_U3_55_13 (kibot - out_compress.py:116)
DEBUG:Adding /tmp/tmp60rgdouc/pads/VNH7070_U3_55_14 as pads/VNH7070_U3_55_14 (kibot - out_compress.py:116)
DEBUG:Adding /tmp/tmp60rgdouc/pads/VNH7070_U3_55_15 as pads/VNH7070_U3_55_15 (kibot - out_compress.py:116)
DEBUG:Adding /tmp/tmp60rgdouc/pads/0R_JP19_56_0 as pads/0R_JP19_56_0 (kibot - out_compress.py:116)
DEBUG:Adding /tmp/tmp60rgdouc/pads/0R_JP19_56_1 as pads/0R_JP19_56_1 (kibot - out_compress.py:116)
DEBUG:Adding /tmp/tmp60rgdouc/pads/100n_C13_57_0 as pads/100n_C13_57_0 (kibot - out_compress.py:116)
DEBUG:Adding /tmp/tmp60rgdouc/pads/100n_C13_57_1 as pads/100n_C13_57_1 (kibot - out_compress.py:116)
DEBUG:Adding /tmp/tmp60rgdouc/pads/23_2k_R6_58_0 as pads/23_2k_R6_58_0 (kibot - out_compress.py:116)
DEBUG:Adding /tmp/tmp60rgdouc/pads/23_2k_R6_58_1 as pads/23_2k_R6_58_1 (kibot - out_compress.py:116)
DEBUG:Adding /tmp/tmp60rgdouc/pads/TestPoint_TP20_59_0 as pads/TestPoint_TP20_59_0 (kibot - out_compress.py:116)
DEBUG:Adding /tmp/tmp60rgdouc/pads/TestPoint_TP19_60_0 as pads/TestPoint_TP19_60_0 (kibot - out_compress.py:116)
DEBUG:Adding /tmp/tmp60rgdouc/pads/1u_C11_61_0 as pads/1u_C11_61_0 (kibot - out_compress.py:116)
DEBUG:Adding /tmp/tmp60rgdouc/pads/1u_C11_61_1 as pads/1u_C11_61_1 (kibot - out_compress.py:116)
DEBUG:Adding /tmp/tmp60rgdouc/pads/0R_JP7_62_0 as pads/0R_JP7_62_0 (kibot - out_compress.py:116)
DEBUG:Adding /tmp/tmp60rgdouc/pads/0R_JP7_62_1 as pads/0R_JP7_62_1 (kibot - out_compress.py:116)
DEBUG:Adding /tmp/tmp60rgdouc/pads/22u_C17_63_0 as pads/22u_C17_63_0 (kibot - out_compress.py:116)
DEBUG:Adding /tmp/tmp60rgdouc/pads/22u_C17_63_1 as pads/22u_C17_63_1 (kibot - out_compress.py:116)
DEBUG:Adding /tmp/tmp60rgdouc/pads/TestPoint_TP4_64_0 as pads/TestPoint_TP4_64_0 (kibot - out_compress.py:116)
DEBUG:Adding /tmp/tmp60rgdouc/pads/64_9k_R3_65_0 as pads/64_9k_R3_65_0 (kibot - out_compress.py:116)
DEBUG:Adding /tmp/tmp60rgdouc/pads/64_9k_R3_65_1 as pads/64_9k_R3_65_1 (kibot - out_compress.py:116)
DEBUG:Adding /tmp/tmp60rgdouc/pads/10n_C5_66_0 as pads/10n_C5_66_0 (kibot - out_compress.py:116)
DEBUG:Adding /tmp/tmp60rgdouc/pads/10n_C5_66_1 as pads/10n_C5_66_1 (kibot - out_compress.py:116)
DEBUG:Adding /tmp/tmp60rgdouc/pads/USBLC6_2SC6_U4_67_0 as pads/USBLC6_2SC6_U4_67_0 (kibot - out_compress.py:116)
DEBUG:Adding /tmp/tmp60rgdouc/pads/USBLC6_2SC6_U4_67_1 as pads/USBLC6_2SC6_U4_67_1 (kibot - out_compress.py:116)
DEBUG:Adding /tmp/tmp60rgdouc/pads/USBLC6_2SC6_U4_67_2 as pads/USBLC6_2SC6_U4_67_2 (kibot - out_compress.py:116)
DEBUG:Adding /tmp/tmp60rgdouc/pads/USBLC6_2SC6_U4_67_3 as pads/USBLC6_2SC6_U4_67_3 (kibot - out_compress.py:116)
DEBUG:Adding /tmp/tmp60rgdouc/pads/USBLC6_2SC6_U4_67_4 as pads/USBLC6_2SC6_U4_67_4 (kibot - out_compress.py:116)
DEBUG:Adding /tmp/tmp60rgdouc/pads/USBLC6_2SC6_U4_67_5 as pads/USBLC6_2SC6_U4_67_5 (kibot - out_compress.py:116)
DEBUG:Adding /tmp/tmp60rgdouc/pads/100n_C19_68_0 as pads/100n_C19_68_0 (kibot - out_compress.py:116)
DEBUG:Adding /tmp/tmp60rgdouc/pads/100n_C19_68_1 as pads/100n_C19_68_1 (kibot - out_compress.py:116)
DEBUG:Adding /tmp/tmp60rgdouc/pads/TestPoint_TP12_69_0 as pads/TestPoint_TP12_69_0 (kibot - out_compress.py:116)
DEBUG:Adding /tmp/tmp60rgdouc/pads/0R_JP17_70_0 as pads/0R_JP17_70_0 (kibot - out_compress.py:116)
DEBUG:Adding /tmp/tmp60rgdouc/pads/0R_JP17_70_1 as pads/0R_JP17_70_1 (kibot - out_compress.py:116)
DEBUG:Adding /tmp/tmp60rgdouc/pads/100n_C20_71_0 as pads/100n_C20_71_0 (kibot - out_compress.py:116)
DEBUG:Adding /tmp/tmp60rgdouc/pads/100n_C20_71_1 as pads/100n_C20_71_1 (kibot - out_compress.py:116)
DEBUG:Adding /tmp/tmp60rgdouc/pads/TestPoint_TP2_72_0 as pads/TestPoint_TP2_72_0 (kibot - out_compress.py:116)
DEBUG:Adding /tmp/tmp60rgdouc/pads/STM32G431K8Tx_U2_73_0 as pads/STM32G431K8Tx_U2_73_0 (kibot - out_compress.py:116)
DEBUG:Adding /tmp/tmp60rgdouc/pads/STM32G431K8Tx_U2_73_1 as pads/STM32G431K8Tx_U2_73_1 (kibot - out_compress.py:116)
DEBUG:Adding /tmp/tmp60rgdouc/pads/STM32G431K8Tx_U2_73_2 as pads/STM32G431K8Tx_U2_73_2 (kibot - out_compress.py:116)
DEBUG:Adding /tmp/tmp60rgdouc/pads/STM32G431K8Tx_U2_73_3 as pads/STM32G431K8Tx_U2_73_3 (kibot - out_compress.py:116)
DEBUG:Adding /tmp/tmp60rgdouc/pads/STM32G431K8Tx_U2_73_4 as pads/STM32G431K8Tx_U2_73_4 (kibot - out_compress.py:116)
DEBUG:Adding /tmp/tmp60rgdouc/pads/STM32G431K8Tx_U2_73_5 as pads/STM32G431K8Tx_U2_73_5 (kibot - out_compress.py:116)
DEBUG:Adding /tmp/tmp60rgdouc/pads/STM32G431K8Tx_U2_73_6 as pads/STM32G431K8Tx_U2_73_6 (kibot - out_compress.py:116)
DEBUG:Adding /tmp/tmp60rgdouc/pads/STM32G431K8Tx_U2_73_7 as pads/STM32G431K8Tx_U2_73_7 (kibot - out_compress.py:116)
DEBUG:Adding /tmp/tmp60rgdouc/pads/STM32G431K8Tx_U2_73_8 as pads/STM32G431K8Tx_U2_73_8 (kibot - out_compress.py:116)
DEBUG:Adding /tmp/tmp60rgdouc/pads/STM32G431K8Tx_U2_73_9 as pads/STM32G431K8Tx_U2_73_9 (kibot - out_compress.py:116)
DEBUG:Adding /tmp/tmp60rgdouc/pads/STM32G431K8Tx_U2_73_10 as pads/STM32G431K8Tx_U2_73_10 (kibot - out_compress.py:116)
DEBUG:Adding /tmp/tmp60rgdouc/pads/STM32G431K8Tx_U2_73_11 as pads/STM32G431K8Tx_U2_73_11 (kibot - out_compress.py:116)
DEBUG:Adding /tmp/tmp60rgdouc/pads/STM32G431K8Tx_U2_73_12 as pads/STM32G431K8Tx_U2_73_12 (kibot - out_compress.py:116)
DEBUG:Adding /tmp/tmp60rgdouc/pads/STM32G431K8Tx_U2_73_13 as pads/STM32G431K8Tx_U2_73_13 (kibot - out_compress.py:116)
DEBUG:Adding /tmp/tmp60rgdouc/pads/STM32G431K8Tx_U2_73_14 as pads/STM32G431K8Tx_U2_73_14 (kibot - out_compress.py:116)
DEBUG:Adding /tmp/tmp60rgdouc/pads/STM32G431K8Tx_U2_73_15 as pads/STM32G431K8Tx_U2_73_15 (kibot - out_compress.py:116)
DEBUG:Adding /tmp/tmp60rgdouc/pads/STM32G431K8Tx_U2_73_16 as pads/STM32G431K8Tx_U2_73_16 (kibot - out_compress.py:116)
DEBUG:Adding /tmp/tmp60rgdouc/pads/STM32G431K8Tx_U2_73_17 as pads/STM32G431K8Tx_U2_73_17 (kibot - out_compress.py:116)
DEBUG:Adding /tmp/tmp60rgdouc/pads/STM32G431K8Tx_U2_73_18 as pads/STM32G431K8Tx_U2_73_18 (kibot - out_compress.py:116)
DEBUG:Adding /tmp/tmp60rgdouc/pads/STM32G431K8Tx_U2_73_19 as pads/STM32G431K8Tx_U2_73_19 (kibot - out_compress.py:116)
DEBUG:Adding /tmp/tmp60rgdouc/pads/STM32G431K8Tx_U2_73_20 as pads/STM32G431K8Tx_U2_73_20 (kibot - out_compress.py:116)
DEBUG:Adding /tmp/tmp60rgdouc/pads/STM32G431K8Tx_U2_73_21 as pads/STM32G431K8Tx_U2_73_21 (kibot - out_compress.py:116)
DEBUG:Adding /tmp/tmp60rgdouc/pads/STM32G431K8Tx_U2_73_22 as pads/STM32G431K8Tx_U2_73_22 (kibot - out_compress.py:116)
DEBUG:Adding /tmp/tmp60rgdouc/pads/STM32G431K8Tx_U2_73_23 as pads/STM32G431K8Tx_U2_73_23 (kibot - out_compress.py:116)
DEBUG:Adding /tmp/tmp60rgdouc/pads/STM32G431K8Tx_U2_73_24 as pads/STM32G431K8Tx_U2_73_24 (kibot - out_compress.py:116)
DEBUG:Adding /tmp/tmp60rgdouc/pads/STM32G431K8Tx_U2_73_25 as pads/STM32G431K8Tx_U2_73_25 (kibot - out_compress.py:116)
DEBUG:Adding /tmp/tmp60rgdouc/pads/STM32G431K8Tx_U2_73_26 as pads/STM32G431K8Tx_U2_73_26 (kibot - out_compress.py:116)
DEBUG:Adding /tmp/tmp60rgdouc/pads/STM32G431K8Tx_U2_73_27 as pads/STM32G431K8Tx_U2_73_27 (kibot - out_compress.py:116)
DEBUG:Adding /tmp/tmp60rgdouc/pads/STM32G431K8Tx_U2_73_28 as pads/STM32G431K8Tx_U2_73_28 (kibot - out_compress.py:116)
DEBUG:Adding /tmp/tmp60rgdouc/pads/STM32G431K8Tx_U2_73_29 as pads/STM32G431K8Tx_U2_73_29 (kibot - out_compress.py:116)
DEBUG:Adding /tmp/tmp60rgdouc/pads/STM32G431K8Tx_U2_73_30 as pads/STM32G431K8Tx_U2_73_30 (kibot - out_compress.py:116)
DEBUG:Adding /tmp/tmp60rgdouc/pads/STM32G431K8Tx_U2_73_31 as pads/STM32G431K8Tx_U2_73_31 (kibot - out_compress.py:116)
DEBUG:Adding /tmp/tmp60rgdouc/pads/JST_B4B_XH_A_J1_74_0 as pads/JST_B4B_XH_A_J1_74_0 (kibot - out_compress.py:116)
DEBUG:Adding /tmp/tmp60rgdouc/pads/JST_B4B_XH_A_J1_74_1 as pads/JST_B4B_XH_A_J1_74_1 (kibot - out_compress.py:116)
DEBUG:Adding /tmp/tmp60rgdouc/pads/JST_B4B_XH_A_J1_74_2 as pads/JST_B4B_XH_A_J1_74_2 (kibot - out_compress.py:116)
DEBUG:Adding /tmp/tmp60rgdouc/pads/JST_B4B_XH_A_J1_74_3 as pads/JST_B4B_XH_A_J1_74_3 (kibot - out_compress.py:116)
DEBUG:Adding /tmp/tmp60rgdouc/pads/220u_C24_75_0 as pads/220u_C24_75_0 (kibot - out_compress.py:116)
DEBUG:Adding /tmp/tmp60rgdouc/pads/220u_C24_75_1 as pads/220u_C24_75_1 (kibot - out_compress.py:116)
DEBUG:Adding /tmp/tmp60rgdouc/pads/0R_JP11_76_0 as pads/0R_JP11_76_0 (kibot - out_compress.py:116)
DEBUG:Adding /tmp/tmp60rgdouc/pads/0R_JP11_76_1 as pads/0R_JP11_76_1 (kibot - out_compress.py:116)
DEBUG:Adding /tmp/tmp60rgdouc/pads/0R_JP18_77_0 as pads/0R_JP18_77_0 (kibot - out_compress.py:116)
DEBUG:Adding /tmp/tmp60rgdouc/pads/0R_JP18_77_1 as pads/0R_JP18_77_1 (kibot - out_compress.py:116)
DEBUG:Adding /tmp/tmp60rgdouc/pads/JST_B6B_XH_A_J7_78_0 as pads/JST_B6B_XH_A_J7_78_0 (kibot - out_compress.py:116)
DEBUG:Adding /tmp/tmp60rgdouc/pads/JST_B6B_XH_A_J7_78_1 as pads/JST_B6B_XH_A_J7_78_1 (kibot - out_compress.py:116)
DEBUG:Adding /tmp/tmp60rgdouc/pads/JST_B6B_XH_A_J7_78_2 as pads/JST_B6B_XH_A_J7_78_2 (kibot - out_compress.py:116)
DEBUG:Adding /tmp/tmp60rgdouc/pads/JST_B6B_XH_A_J7_78_3 as pads/JST_B6B_XH_A_J7_78_3 (kibot - out_compress.py:116)
DEBUG:Adding /tmp/tmp60rgdouc/pads/JST_B6B_XH_A_J7_78_4 as pads/JST_B6B_XH_A_J7_78_4 (kibot - out_compress.py:116)
DEBUG:Adding /tmp/tmp60rgdouc/pads/JST_B6B_XH_A_J7_78_5 as pads/JST_B6B_XH_A_J7_78_5 (kibot - out_compress.py:116)
DEBUG:Adding /tmp/tmp60rgdouc/pads/0R_JP4_79_0 as pads/0R_JP4_79_0 (kibot - out_compress.py:116)
DEBUG:Adding /tmp/tmp60rgdouc/pads/0R_JP4_79_1 as pads/0R_JP4_79_1 (kibot - out_compress.py:116)
DEBUG:Adding /tmp/tmp60rgdouc/pads/10k_R8_80_0 as pads/10k_R8_80_0 (kibot - out_compress.py:116)
DEBUG:Adding /tmp/tmp60rgdouc/pads/10k_R8_80_1 as pads/10k_R8_80_1 (kibot - out_compress.py:116)
DEBUG:Adding /tmp/tmp60rgdouc/pads/820_R11_81_0 as pads/820_R11_81_0 (kibot - out_compress.py:116)
DEBUG:Adding /tmp/tmp60rgdouc/pads/820_R11_81_1 as pads/820_R11_81_1 (kibot - out_compress.py:116)
DEBUG:Adding /tmp/tmp60rgdouc/pads/22u_C15_82_0 as pads/22u_C15_82_0 (kibot - out_compress.py:116)
DEBUG:Adding /tmp/tmp60rgdouc/pads/22u_C15_82_1 as pads/22u_C15_82_1 (kibot - out_compress.py:116)
DEBUG:Adding /tmp/tmp60rgdouc/pads/TestPoint_TP1_83_0 as pads/TestPoint_TP1_83_0 (kibot - out_compress.py:116)
DEBUG:Adding /tmp/tmp60rgdouc/pads/0R_JP1_84_0 as pads/0R_JP1_84_0 (kibot - out_compress.py:116)
DEBUG:Adding /tmp/tmp60rgdouc/pads/0R_JP1_84_1 as pads/0R_JP1_84_1 (kibot - out_compress.py:116)
DEBUG:Adding /tmp/tmp60rgdouc/pads/1n_C7_85_0 as pads/1n_C7_85_0 (kibot - out_compress.py:116)
DEBUG:Adding /tmp/tmp60rgdouc/pads/1n_C7_85_1 as pads/1n_C7_85_1 (kibot - out_compress.py:116)
DEBUG:Adding /tmp/tmp60rgdouc/pads/10k_R1_86_0 as pads/10k_R1_86_0 (kibot - out_compress.py:116)
DEBUG:Adding /tmp/tmp60rgdouc/pads/10k_R1_86_1 as pads/10k_R1_86_1 (kibot - out_compress.py:116)
DEBUG:Adding /tmp/tmp60rgdouc/pads/4_7u_C2_87_0 as pads/4_7u_C2_87_0 (kibot - out_compress.py:116)
DEBUG:Adding /tmp/tmp60rgdouc/pads/4_7u_C2_87_1 as pads/4_7u_C2_87_1 (kibot - out_compress.py:116)
DEBUG:Adding /tmp/tmp60rgdouc/pads/0R_JP22_88_0 as pads/0R_JP22_88_0 (kibot - out_compress.py:116)
DEBUG:Adding /tmp/tmp60rgdouc/pads/0R_JP22_88_1 as pads/0R_JP22_88_1 (kibot - out_compress.py:116)
DEBUG:Adding /tmp/tmp60rgdouc/pads/2k2_R4_89_0 as pads/2k2_R4_89_0 (kibot - out_compress.py:116)
DEBUG:Adding /tmp/tmp60rgdouc/pads/2k2_R4_89_1 as pads/2k2_R4_89_1 (kibot - out_compress.py:116)
DEBUG:Adding /tmp/tmp60rgdouc/pads/TestPoint_TP17_90_0 as pads/TestPoint_TP17_90_0 (kibot - out_compress.py:116)
DEBUG:Adding /tmp/tmp60rgdouc/pads/1n_C22_91_0 as pads/1n_C22_91_0 (kibot - out_compress.py:116)
DEBUG:Adding /tmp/tmp60rgdouc/pads/1n_C22_91_1 as pads/1n_C22_91_1 (kibot - out_compress.py:116)
DEBUG:Adding /tmp/tmp60rgdouc/pads/0R_JP3_92_0 as pads/0R_JP3_92_0 (kibot - out_compress.py:116)
DEBUG:Adding /tmp/tmp60rgdouc/pads/0R_JP3_92_1 as pads/0R_JP3_92_1 (kibot - out_compress.py:116)
DEBUG:Adding /tmp/tmp60rgdouc/pads/BAV99_D1_93_0 as pads/BAV99_D1_93_0 (kibot - out_compress.py:116)
DEBUG:Adding /tmp/tmp60rgdouc/pads/BAV99_D1_93_1 as pads/BAV99_D1_93_1 (kibot - out_compress.py:116)
DEBUG:Adding /tmp/tmp60rgdouc/pads/BAV99_D1_93_2 as pads/BAV99_D1_93_2 (kibot - out_compress.py:116)
DEBUG:Adding /tmp/tmp60rgdouc/pads/1n_C8_94_0 as pads/1n_C8_94_0 (kibot - out_compress.py:116)
DEBUG:Adding /tmp/tmp60rgdouc/pads/1n_C8_94_1 as pads/1n_C8_94_1 (kibot - out_compress.py:116)
DEBUG:Adding /tmp/tmp60rgdouc/pads/0R_JP12_95_0 as pads/0R_JP12_95_0 (kibot - out_compress.py:116)
DEBUG:Adding /tmp/tmp60rgdouc/pads/0R_JP12_95_1 as pads/0R_JP12_95_1 (kibot - out_compress.py:116)
DEBUG:Adding /tmp/tmp60rgdouc/pads/1n_C21_96_0 as pads/1n_C21_96_0 (kibot - out_compress.py:116)
DEBUG:Adding /tmp/tmp60rgdouc/pads/1n_C21_96_1 as pads/1n_C21_96_1 (kibot - out_compress.py:116)
DEBUG:Adding /tmp/tmp60rgdouc/pads/HX_JN1_27_2x5_WZ_H4_9_J4_97_0 as pads/HX_JN1_27_2x5_WZ_H4_9_J4_97_0 (kibot - out_compress.py:116)
DEBUG:Adding /tmp/tmp60rgdouc/pads/HX_JN1_27_2x5_WZ_H4_9_J4_97_1 as pads/HX_JN1_27_2x5_WZ_H4_9_J4_97_1 (kibot - out_compress.py:116)
DEBUG:Adding /tmp/tmp60rgdouc/pads/HX_JN1_27_2x5_WZ_H4_9_J4_97_2 as pads/HX_JN1_27_2x5_WZ_H4_9_J4_97_2 (kibot - out_compress.py:116)
DEBUG:Adding /tmp/tmp60rgdouc/pads/HX_JN1_27_2x5_WZ_H4_9_J4_97_3 as pads/HX_JN1_27_2x5_WZ_H4_9_J4_97_3 (kibot - out_compress.py:116)
DEBUG:Adding /tmp/tmp60rgdouc/pads/HX_JN1_27_2x5_WZ_H4_9_J4_97_4 as pads/HX_JN1_27_2x5_WZ_H4_9_J4_97_4 (kibot - out_compress.py:116)
DEBUG:Adding /tmp/tmp60rgdouc/pads/HX_JN1_27_2x5_WZ_H4_9_J4_97_5 as pads/HX_JN1_27_2x5_WZ_H4_9_J4_97_5 (kibot - out_compress.py:116)
DEBUG:Adding /tmp/tmp60rgdouc/pads/HX_JN1_27_2x5_WZ_H4_9_J4_97_6 as pads/HX_JN1_27_2x5_WZ_H4_9_J4_97_6 (kibot - out_compress.py:116)
DEBUG:Adding /tmp/tmp60rgdouc/pads/HX_JN1_27_2x5_WZ_H4_9_J4_97_7 as pads/HX_JN1_27_2x5_WZ_H4_9_J4_97_7 (kibot - out_compress.py:116)
DEBUG:Adding /tmp/tmp60rgdouc/pads/HX_JN1_27_2x5_WZ_H4_9_J4_97_8 as pads/HX_JN1_27_2x5_WZ_H4_9_J4_97_8 (kibot - out_compress.py:116)
DEBUG:Adding /tmp/tmp60rgdouc/pads/HX_JN1_27_2x5_WZ_H4_9_J4_97_9 as pads/HX_JN1_27_2x5_WZ_H4_9_J4_97_9 (kibot - out_compress.py:116)
DEBUG:Adding /tmp/tmp60rgdouc/pads/2_54_mm_header_J2_98_0 as pads/2_54_mm_header_J2_98_0 (kibot - out_compress.py:116)
DEBUG:Adding /tmp/tmp60rgdouc/pads/2_54_mm_header_J2_98_1 as pads/2_54_mm_header_J2_98_1 (kibot - out_compress.py:116)
DEBUG:Adding /tmp/tmp60rgdouc/pads/2_54_mm_header_J2_98_2 as pads/2_54_mm_header_J2_98_2 (kibot - out_compress.py:116)
DEBUG:Adding /tmp/tmp60rgdouc/pads/2_54_mm_header_J2_98_3 as pads/2_54_mm_header_J2_98_3 (kibot - out_compress.py:116)
DEBUG:Adding /tmp/tmp60rgdouc/pads/Conn_01x14_Pin_J3_99_0 as pads/Conn_01x14_Pin_J3_99_0 (kibot - out_compress.py:116)
DEBUG:Adding /tmp/tmp60rgdouc/pads/Conn_01x14_Pin_J3_99_1 as pads/Conn_01x14_Pin_J3_99_1 (kibot - out_compress.py:116)
DEBUG:Adding /tmp/tmp60rgdouc/pads/Conn_01x14_Pin_J3_99_2 as pads/Conn_01x14_Pin_J3_99_2 (kibot - out_compress.py:116)
DEBUG:Adding /tmp/tmp60rgdouc/pads/Conn_01x14_Pin_J3_99_3 as pads/Conn_01x14_Pin_J3_99_3 (kibot - out_compress.py:116)
DEBUG:Adding /tmp/tmp60rgdouc/pads/Conn_01x14_Pin_J3_99_4 as pads/Conn_01x14_Pin_J3_99_4 (kibot - out_compress.py:116)
DEBUG:Adding /tmp/tmp60rgdouc/pads/Conn_01x14_Pin_J3_99_5 as pads/Conn_01x14_Pin_J3_99_5 (kibot - out_compress.py:116)
DEBUG:Adding /tmp/tmp60rgdouc/pads/Conn_01x14_Pin_J3_99_6 as pads/Conn_01x14_Pin_J3_99_6 (kibot - out_compress.py:116)
DEBUG:Adding /tmp/tmp60rgdouc/pads/Conn_01x14_Pin_J3_99_7 as pads/Conn_01x14_Pin_J3_99_7 (kibot - out_compress.py:116)
DEBUG:Adding /tmp/tmp60rgdouc/pads/Conn_01x14_Pin_J3_99_8 as pads/Conn_01x14_Pin_J3_99_8 (kibot - out_compress.py:116)
DEBUG:Adding /tmp/tmp60rgdouc/pads/Conn_01x14_Pin_J3_99_9 as pads/Conn_01x14_Pin_J3_99_9 (kibot - out_compress.py:116)
DEBUG:Adding /tmp/tmp60rgdouc/pads/Conn_01x14_Pin_J3_99_10 as pads/Conn_01x14_Pin_J3_99_10 (kibot - out_compress.py:116)
DEBUG:Adding /tmp/tmp60rgdouc/pads/Conn_01x14_Pin_J3_99_11 as pads/Conn_01x14_Pin_J3_99_11 (kibot - out_compress.py:116)
DEBUG:Adding /tmp/tmp60rgdouc/pads/Conn_01x14_Pin_J3_99_12 as pads/Conn_01x14_Pin_J3_99_12 (kibot - out_compress.py:116)
DEBUG:Adding /tmp/tmp60rgdouc/pads/Conn_01x14_Pin_J3_99_13 as pads/Conn_01x14_Pin_J3_99_13 (kibot - out_compress.py:116)
DEBUG:Adding /tmp/tmp60rgdouc/pads/TFT_2_4in_320x240_TFT1_100_0 as pads/TFT_2_4in_320x240_TFT1_100_0 (kibot - out_compress.py:116)
DEBUG:Adding /tmp/tmp60rgdouc/pads/TFT_2_4in_320x240_TFT1_100_1 as pads/TFT_2_4in_320x240_TFT1_100_1 (kibot - out_compress.py:116)
DEBUG:Adding /tmp/tmp60rgdouc/pads/TFT_2_4in_320x240_TFT1_100_2 as pads/TFT_2_4in_320x240_TFT1_100_2 (kibot - out_compress.py:116)
DEBUG:Adding /tmp/tmp60rgdouc/pads/TFT_2_4in_320x240_TFT1_100_3 as pads/TFT_2_4in_320x240_TFT1_100_3 (kibot - out_compress.py:116)
DEBUG:Adding /tmp/tmp60rgdouc/layers/stackup as layers/stackup (kibot - out_compress.py:116)
DEBUG:Adding /tmp/tmp60rgdouc/boards as boards (kibot - out_compress.py:116)
DEBUG:Starting tool check for Blender (kibot - dep_downloader.py:866)
DEBUG:- Returning `/usr/bin/blender` (kibot - dep_downloader.py:873)
DEBUG:Starting tool check for ImageMagick (kibot - dep_downloader.py:866)
DEBUG:- Returning `/usr/bin/convert` (kibot - dep_downloader.py:873)
DEBUG:Scene:
{
  "auto_camera_z_axis_factor": 1.1,
  "fixed_auto_camera": false,
  "lights": [
    {
      "energy": 0.5,
      "name": "sunlight",
      "position": [
        -0.33316650000000003,
        0.33316650000000003,
        0.50025
      ],
      "type": "SUN"
    },
    {
      "energy": 2.4024005999999996,
      "name": "softbox1",
      "position": [
        -0.33316650000000003,
        0.33316650000000003,
        0.50025
      ],
      "type": "AREA"
    },
    {
      "energy": 2.4024005999999996,
      "name": "softbox2",
      "position": [
        0.33316650000000003,
        -0.33316650000000003,
        0.50025
      ],
      "type": "AREA"
    },
    {
      "energy": 2.4024005999999996,
      "name": "softbox3",
      "position": [
        -0.33316650000000003,
        -0.33316650000000003,
        0.50025
      ],
      "type": "AREA"
    },
    {
      "energy": 2.4024005999999996,
      "name": "softbox4",
      "position": [
        -0.33316650000000003,
        0.33316650000000003,
        0.50025
      ],
      "type": "AREA"
    }
  ],
  "point_of_view": [
    {
      "rotate_x": 0,
      "rotate_y": 0,
      "rotate_z": 0,
      "view": "z"
    }
  ],
  "render": {
    "background1": "#66667F",
    "background2": "#66667F",
    "resolution_x": 1080,
    "resolution_y": 1080,
    "samples": 4,
    "transparent_background": true
  }
} (kibot - out_blender_export.py:610)
DEBUG:- Executing: /usr/bin/blender -b --factory-startup -P /usr/lib/python3/dist-packages/kibot/blender_scripts/blender_export.py -- --no_components --solder_joints NONE --format render --output /work/output/3d/ktest-3D_blenderbare_top.png --scene /tmp/tmp76ogh85c.json /work/output/3d/ktest-blender_export.pcb3d (kibot - kiplot.py:161)
DEBUG:- Output from command: Importing PCB3D file ...
Add-on not loaded: "pcb2blender_importer", cause: No module named 'pcb2blender_importer'
Add-on not loaded: "pcb3d_importer", cause: No module named 'pcb3d_importer'
Add-on not loaded: "bl_ext.blender_org.pcb3d_importer", cause: No module named 'bl_ext.blender_org.pcb3d_importer'
Skipping wheel for other system (win_arm64 != linux_x86_64): pillow-11.3.0-cp311-cp311-win_arm64.whl
Skipping wheel for other system (win_arm64 != linux_x86_64): skia_python-138.0-cp311-cp311-win_arm64.whl
Skipping wheel for other system (win_amd64 != linux_x86_64): skia_python-138.0-cp311-cp311-win_amd64.whl
Skipping wheel for other system (macosx_11_0_arm64 != linux_x86_64): pillow-11.3.0-cp311-cp311-macosx_11_0_arm64.whl
Skipping wheel for other system (macosx_11_0_arm64 != linux_x86_64): skia_python-138.0-cp311-cp311-macosx_11_0_arm64.whl
Skipping wheel for other system (macosx_10_10_x86_64 != linux_x86_64): pillow-11.3.0-cp311-cp311-macosx_10_10_x86_64.whl
Skipping wheel for other system (macosx_11_0_x86_64 != linux_x86_64): skia_python-138.0-cp311-cp311-macosx_11_0_x86_64.whl
Skipping wheel for other system (win_amd64 != linux_x86_64): pillow-11.3.0-cp311-cp311-win_amd64.whl
unknown drill shape '2'
unknown drill shape '2'
unknown drill shape '2'
unknown drill shape '2'
unknown drill shape '2'
unknown drill shape '2'
unknown drill shape '2'
unknown drill shape '2'
unknown drill shape '2'
unknown drill shape '2'
unknown drill shape '2'
unknown drill shape '2'
{
  "auto_camera_z_axis_factor": 1.1,
  "fixed_auto_camera": false,
  "lights": [
    {
      "energy": 0.5,
      "name": "sunlight",
      "position": [
        -0.33316650000000003,
        0.33316650000000003,
        0.50025
      ],
      "type": "SUN"
    },
    {
      "energy": 2.4024005999999996,
      "name": "softbox1",
      "position": [
        -0.33316650000000003,
        0.33316650000000003,
        0.50025
      ],
      "type": "AREA"
    },
    {
      "energy": 2.4024005999999996,
      "name": "softbox2",
      "position": [
        0.33316650000000003,
        -0.33316650000000003,
        0.50025
      ],
      "type": "AREA"
    },
    {
      "energy": 2.4024005999999996,
      "name": "softbox3",
      "position": [
        -0.33316650000000003,
        -0.33316650000000003,
        0.50025
      ],
      "type": "AREA"
    },
    {
      "energy": 2.4024005999999996,
      "name": "softbox4",
      "position": [
        -0.33316650000000003,
        0.33316650000000003,
        0.50025
      ],
      "type": "AREA"
    }
  ],
  "point_of_view": [
    {
      "rotate_x": 0,
      "rotate_y": 0,
      "rotate_z": 0,
      "view": "z"
    }
  ],
  "render": {
    "background1": "#66667F",
    "background2": "#66667F",
    "resolution_x": 1080,
    "resolution_y": 1080,
    "samples": 4,
    "transparent_background": true
  }
}
- Select all
- Initial rotations: (0, 0, 0)
- Creating camera kibot_camera at (0.0, 0.0, 10.0)
- Changing camera to focus the board
- Creating light sunlight at [-0.33316650000000003, 0.33316650000000003, 0.50025], type: SUN energy: 0.5
- Default energy: 10.0
- Creating light softbox1 at [-0.33316650000000003, 0.33316650000000003, 0.50025], type: AREA energy: 2.4024005999999996
- Default energy: 10.0
- Creating light softbox2 at [0.33316650000000003, -0.33316650000000003, 0.50025], type: AREA energy: 2.4024005999999996
- Default energy: 10.0
- Creating light softbox3 at [-0.33316650000000003, -0.33316650000000003, 0.50025], type: AREA energy: 2.4024005999999996
- Default energy: 10.0
- Creating light softbox4 at [-0.33316650000000003, 0.33316650000000003, 0.50025], type: AREA energy: 2.4024005999999996
- Default energy: 10.0
Original colour transform: AgX
Solder-mask texture adjustment: 1 shader node(s), strength=0.2
Softbox softbox1: size=0.400 x 0.600, energy=2.402, aimed at board centre
Softbox softbox2: size=0.400 x 0.600, energy=2.402, aimed at board centre
Softbox softbox3: size=0.400 x 0.600, energy=2.402, aimed at board centre
Softbox softbox4: size=0.400 x 0.600, energy=2.402, aimed at board centre
Darkened 0 component material(s)
Metal roughness floor: 0.25; adjusted 3 shader(s)
Blender 4.2.4 LTS (hash e41b0e807a59 built 2024-11-19 00:31:24)
Fra:1 Mem:19.12M (Peak 19.56M) | Time:00:00.00 | Mem:0.00M, Peak:0.00M | Scene, ViewLayer | Synchronizing object | PCB_ktest-blender_export
Fra:1 Mem:20.97M (Peak 22.21M) | Time:00:00.01 | Mem:0.00M, Peak:0.00M | Scene, ViewLayer | Initializing
Fra:1 Mem:20.94M (Peak 22.21M) | Time:00:00.01 | Mem:0.00M, Peak:0.00M | Scene, ViewLayer | Updating Images | Loading ktest-blender_export_Paste.png
Fra:1 Mem:20.94M (Peak 22.21M) | Time:00:00.01 | Mem:0.00M, Peak:0.00M | Scene, ViewLayer | Updating Images | Loading ktest-blender_export_Cu.png
Fra:1 Mem:20.94M (Peak 22.21M) | Time:00:00.01 | Mem:0.00M, Peak:0.00M | Scene, ViewLayer | Updating Images | Loading ktest-blender_export_Mask.png
Fra:1 Mem:120.54M (Peak 120.54M) | Time:00:00.01 | Mem:0.00M, Peak:0.00M | Scene, ViewLayer | Updating Images | Loading ktest-blender_export_SilkS.png
Fra:1 Mem:152.12M (Peak 286.56M) | Time:00:00.24 | Mem:132.79M, Peak:132.79M | Scene, ViewLayer | Waiting for render to start
Fra:1 Mem:152.12M (Peak 286.56M) | Time:00:00.24 | Mem:132.79M, Peak:132.79M | Scene, ViewLayer | Loading render kernels (may take a few minutes the first time)
Fra:1 Mem:152.12M (Peak 286.56M) | Time:00:00.24 | Mem:132.79M, Peak:132.79M | Scene, ViewLayer | Updating Scene
Fra:1 Mem:152.12M (Peak 286.56M) | Time:00:00.24 | Mem:132.79M, Peak:132.79M | Scene, ViewLayer | Updating Shaders
Fra:1 Mem:152.24M (Peak 286.56M) | Time:00:00.24 | Mem:132.83M, Peak:132.83M | Scene, ViewLayer | Updating Procedurals
Fra:1 Mem:152.24M (Peak 286.56M) | Time:00:00.24 | Mem:132.83M, Peak:132.83M | Scene, ViewLayer | Updating Background
Fra:1 Mem:152.24M (Peak 286.56M) | Time:00:00.24 | Mem:132.83M, Peak:132.83M | Scene, ViewLayer | Updating Camera
Fra:1 Mem:152.24M (Peak 286.56M) | Time:00:00.24 | Mem:132.83M, Peak:132.83M | Scene, ViewLayer | Updating Meshes Flags
Fra:1 Mem:152.24M (Peak 286.56M) | Time:00:00.24 | Mem:132.83M, Peak:132.83M | Scene, ViewLayer | Updating Objects
Fra:1 Mem:152.24M (Peak 286.56M) | Time:00:00.24 | Mem:132.83M, Peak:132.83M | Scene, ViewLayer | Updating Objects | Copying Transformations to device
Fra:1 Mem:152.24M (Peak 286.56M) | Time:00:00.24 | Mem:132.83M, Peak:132.83M | Scene, ViewLayer | Updating Objects | Applying Static Transformations
Fra:1 Mem:152.24M (Peak 286.56M) | Time:00:00.24 | Mem:132.83M, Peak:132.83M | Scene, ViewLayer | Updating Particle Systems
Fra:1 Mem:152.24M (Peak 286.56M) | Time:00:00.24 | Mem:132.83M, Peak:132.83M | Scene, ViewLayer | Updating Particle Systems | Copying Particles to device
Fra:1 Mem:152.24M (Peak 286.56M) | Time:00:00.24 | Mem:132.83M, Peak:132.83M | Scene, ViewLayer | Updating Meshes
Fra:1 Mem:152.51M (Peak 286.56M) | Time:00:00.24 | Mem:132.83M, Peak:132.83M | Scene, ViewLayer | Updating Mesh | Computing attributes
Fra:1 Mem:153.24M (Peak 286.56M) | Time:00:00.24 | Mem:132.83M, Peak:132.83M | Scene, ViewLayer | Updating Mesh | Copying Attributes to device
Fra:1 Mem:153.24M (Peak 286.56M) | Time:00:00.24 | Mem:133.56M, Peak:133.56M | Scene, ViewLayer | Updating Geometry BVH PCB_ktest-blender_export 1/1 | Building BVH
Fra:1 Mem:153.24M (Peak 286.56M) | Time:00:00.24 | Mem:134.10M, Peak:134.10M | Scene, ViewLayer | Updating Geometry BVH PCB_ktest-blender_export 1/1 | Building BVH 0%
Fra:1 Mem:153.24M (Peak 286.56M) | Time:00:00.24 | Mem:134.74M, Peak:135.27M | Scene, ViewLayer | Updating Scene BVH | Building
Fra:1 Mem:153.24M (Peak 286.56M) | Time:00:00.24 | Mem:134.74M, Peak:135.27M | Scene, ViewLayer | Updating Scene BVH | Building BVH
Fra:1 Mem:153.24M (Peak 286.56M) | Time:00:00.24 | Mem:134.74M, Peak:135.27M | Scene, ViewLayer | Updating Scene BVH | Copying BVH to device
Fra:1 Mem:153.24M (Peak 286.56M) | Time:00:00.24 | Mem:134.74M, Peak:135.27M | Scene, ViewLayer | Updating Mesh | Computing normals
Fra:1 Mem:154.10M (Peak 286.56M) | Time:00:00.24 | Mem:134.74M, Peak:135.27M | Scene, ViewLayer | Updating Mesh | Copying Mesh to device
Fra:1 Mem:154.10M (Peak 286.56M) | Time:00:00.24 | Mem:135.59M, Peak:135.59M | Scene, ViewLayer | Updating Objects Flags
Fra:1 Mem:154.10M (Peak 286.56M) | Time:00:00.24 | Mem:135.59M, Peak:135.59M | Scene, ViewLayer | Updating Primitive Offsets
Fra:1 Mem:154.10M (Peak 286.56M) | Time:00:00.24 | Mem:135.59M, Peak:135.59M | Scene, ViewLayer | Updating Images
Fra:1 Mem:154.10M (Peak 286.56M) | Time:00:00.24 | Mem:135.59M, Peak:135.59M | Scene, ViewLayer | Updating Camera Volume
Fra:1 Mem:154.10M (Peak 286.56M) | Time:00:00.24 | Mem:135.59M, Peak:135.59M | Scene, ViewLayer | Updating Lookup Tables
Fra:1 Mem:154.10M (Peak 286.56M) | Time:00:00.24 | Mem:135.68M, Peak:135.68M | Scene, ViewLayer | Updating Lights
Fra:1 Mem:154.10M (Peak 286.56M) | Time:00:00.24 | Mem:135.68M, Peak:135.68M | Scene, ViewLayer | Updating Lights | Computing tree
Fra:1 Mem:154.10M (Peak 286.56M) | Time:00:00.24 | Mem:135.68M, Peak:135.68M | Scene, ViewLayer | Updating Integrator
Fra:1 Mem:154.10M (Peak 286.56M) | Time:00:00.24 | Mem:135.68M, Peak:135.68M | Scene, ViewLayer | Updating Film
Fra:1 Mem:154.10M (Peak 286.56M) | Time:00:00.24 | Mem:135.60M, Peak:135.68M | Scene, ViewLayer | Updating Lookup Tables
Fra:1 Mem:154.10M (Peak 286.56M) | Time:00:00.24 | Mem:135.68M, Peak:135.68M | Scene, ViewLayer | Updating Baking
Fra:1 Mem:154.10M (Peak 286.56M) | Time:00:00.24 | Mem:135.68M, Peak:135.68M | Scene, ViewLayer | Updating Device | Writing constant memory
Fra:1 Mem:154.10M (Peak 286.56M) | Time:00:00.24 | Mem:135.68M, Peak:135.68M | Scene, ViewLayer | Loading denoising kernels (may take a few minutes the first time)
Fra:1 Mem:154.10M (Peak 286.56M) | Time:00:00.24 | Mem:135.68M, Peak:135.68M | Scene, ViewLayer | Sample 0/4
Fra:1 Mem:238.66M (Peak 286.56M) | Time:00:06.55 | Remaining:00:18.92 | Mem:220.23M, Peak:220.23M | Scene, ViewLayer | Sample 1/4
Fra:1 Mem:274.26M (Peak 327.65M) | Time:00:32.57 | Mem:220.23M, Peak:220.23M | Scene, ViewLayer | Sample 4/4
Fra:1 Mem:274.26M (Peak 327.65M) | Time:00:32.57 | Mem:220.23M, Peak:220.23M | Scene, ViewLayer | Finished
Saved: '/work/output/3d/ktest-3D_blenderbare_top.png'
Time: 00:32.69 (Saving: 00:00.12)

Exporting /work/output/3d/ktest-3D_blenderbare_top.png in render format
- Render
batch job finished, exiting

Blender quit
 (kibot - kiplot.py:152)
DEBUG:- Executing: /usr/bin/convert /work/output/3d/ktest-3D_blenderbare_top.png -trim +repage -trim +repage /work/output/3d/ktest-3D_blenderbare_top.png (kibot - kiplot.py:161)
DEBUG:- Output from command: convert: eXIf: duplicate `/work/output/3d/ktest-3D_blenderbare_top.png' @ warning/png.c/MagickPNGWarningHandler/1525.
 (kibot - kiplot.py:152)
DEBUG:Extending `blender_bare_bottom` from `blender_render` (kibot - out_base.py:151)
- 'Bare board bottom view' (blender_bare_bottom) [blender_export]
DEBUG:Output destination: /work/output/3d (kibot - kiplot.py:685)
DEBUG: - Creating VRML ... (kibot - out_blender_export.py:440)
DEBUG:Starting tool check for KiCad Automation tools (kibot - dep_downloader.py:866)
DEBUG:- Returning `/usr/bin/pcbnew_do` (kibot - dep_downloader.py:873)
DEBUG:Switching the PCB to 'Default' variant (kibot - out_base.py:1193)
DEBUG:Looking for LCSC field name (kibot - optionable.py:707)
DEBUG:Using  as LCSC field name (kibot - optionable.py:709)
DEBUG:Using `/root/.cache/kibot/3d` as dir for downloaded 3D models (kibot - out_base_3d.py:545)
DEBUG:Using cached model `/root/.cache/kibot/3d/Capacitor_SMD.3dshapes/C_0603_1608Metric.step` (43450) (kibot - out_base_3d.py:187)
DEBUG:Using cached model `/root/.cache/kibot/3d/Resistor_SMD.3dshapes/R_0603_1608Metric.step` (40618) (kibot - out_base_3d.py:187)
DEBUG:Using cached model `/root/.cache/kibot/3d/Capacitor_SMD.3dshapes/C_1210_3225Metric.step` (43502) (kibot - out_base_3d.py:187)
DEBUG:Using cached model `/root/.cache/kibot/3d/Resistor_THT.3dshapes/R_Axial_DIN0204_L3.6mm_D1.6mm_P5.08mm_Horizontal.step` (37472) (kibot - out_base_3d.py:187)
DEBUG:Using cached model `/root/.cache/kibot/3d/Package_SO.3dshapes/HTSOP-8-1EP_3.9x4.9mm_P1.27mm.step` (125787) (kibot - out_base_3d.py:187)
DEBUG:Downloading `https://gitlab.com/api/v4/projects/21604637/repository/files/Package_SO.3dshapes%2FHTSOP-8-1EP_3.9x4.9mm_Pitch1.27mm.step/raw?ref=10.0.5` (kibot - out_base_3d.py:189)
DEBUG:Using cached model `/root/.cache/kibot/3d/Resistor_SMD.3dshapes/R_1206_3216Metric.step` (40414) (kibot - out_base_3d.py:187)
DEBUG:Using cached model `/root/.cache/kibot/3d/Capacitor_SMD.3dshapes/C_1206_3216Metric.step` (43450) (kibot - out_base_3d.py:187)
DEBUG:Using cached model `/root/.cache/kibot/3d/Crystal.3dshapes/Crystal_SMD_3225-4Pin_3.2x2.5mm.step` (44789) (kibot - out_base_3d.py:187)
DEBUG:Using cached model `/root/.cache/kibot/3d/Package_SO.3dshapes/JEITA_SOIC-16_3.9x9.9mm_P1.27mm.step` (223250) (kibot - out_base_3d.py:187)
DEBUG:Using cached model `/root/.cache/kibot/3d/Package_TO_SOT_SMD.3dshapes/SOT-23-6.step` (99639) (kibot - out_base_3d.py:187)
DEBUG:Using cached model `/root/.cache/kibot/3d/Package_QFP.3dshapes/LQFP-32_7x7mm_P0.8mm.step` (422757) (kibot - out_base_3d.py:187)
DEBUG:Using cached model `/root/.cache/kibot/3d/Connector_JST.3dshapes/JST_XH_B4B-XH-A_1x04_P2.50mm_Vertical.step` (222777) (kibot - out_base_3d.py:187)
DEBUG:Using cached model `/root/.cache/kibot/3d/Capacitor_SMD.3dshapes/CP_Elec_10x10.step` (82045) (kibot - out_base_3d.py:187)
DEBUG:Using cached model `/root/.cache/kibot/3d/Resistor_THT.3dshapes/R_Axial_DIN0204_L3.6mm_D1.6mm_P7.62mm_Horizontal.step` (24507) (kibot - out_base_3d.py:187)
DEBUG:Using cached model `/root/.cache/kibot/3d/Connector_JST.3dshapes/JST_XH_B6B-XH-A_1x06_P2.50mm_Vertical.step` (295109) (kibot - out_base_3d.py:187)
DEBUG:Using cached model `/root/.cache/kibot/3d/Package_TO_SOT_SMD.3dshapes/SOT-23.step` (60296) (kibot - out_base_3d.py:187)
DEBUG:Using cached model `/root/.cache/kibot/3d/Connector_PinSocket_2.54mm.3dshapes/PinSocket_1x04_P2.54mm_Vertical.step` (90163) (kibot - out_base_3d.py:187)
DEBUG:Using cached model `/root/.cache/kibot/3d/Connector_PinSocket_2.54mm.3dshapes/PinSocket_1x14_P2.54mm_Vertical.step` (290650) (kibot - out_base_3d.py:187)
DEBUG:Writing modified PCB to /work/kibot_e56_9nt3.kicad_pcb (kibot - gs.py:1089)
DEBUG:Copying project `/work/ktest.kicad_pro` to `/work/kibot_e56_9nt3.kicad_pro` (kibot.gs - gs.py:615)
DEBUG:Copying project local settings `/work/ktest.kicad_prl` to `/work/kibot_e56_9nt3.kicad_prl` (kibot.gs - gs.py:623)
DEBUG:Copying project custom design rules `/work/ktest.kicad_dru` to `/work/kibot_e56_9nt3.kicad_dru` (kibot.gs - gs.py:631)
DEBUG:Executing: /usr/bin/pcbnew_do -r -v export_vrml --output_name pcb.wrl -U meters --dir_models components -x 0 -y 0 -u millimeters /work/kibot_e56_9nt3.kicad_pcb /tmp/tmp9y2smb52 (kibot - kiplot.py:194)
DEBUG:Output from command:
> ./kicad/include/properties/property.h(607): assert "m_choices.GetCount() > 0" failed in PROPERTY_ENUM(): No enum choices defined
> ./kicad/include/properties/property.h(607): assert "m_choices.GetCount() > 0" failed in PROPERTY_ENUM(): No enum choices defined
> ./kicad/include/properties/property.h(607): assert "m_choices.GetCount() > 0" failed in PROPERTY_ENUM(): No enum choices defined
>  (kibot - kiplot.py:208)
DEBUG:Removing temporal files (kibot - out_base.py:1123)
DEBUG:- File `/work/kibot_e56_9nt3.kicad_pcb` (kibot - out_base.py:1126)
DEBUG:- File `/work/kibot_e56_9nt3.kicad_pro` (kibot - out_base.py:1126)
DEBUG:- File `/work/kibot_e56_9nt3.kicad_prl` (kibot - out_base.py:1126)
DEBUG:- File `/work/kibot_e56_9nt3.kicad_dru` (kibot - out_base.py:1126)
DEBUG: - Creating SVG for layers ... (kibot - kiplot.py:770)
DEBUG:Switching the PCB to 'Default' variant (kibot - out_base.py:1193)
DEBUG:Configuring plot controller for output (kibot - out_any_layer.py:102)
DEBUG:Opening plot file for layer `F.Cu (0 'Front copper' F_Cu)` format `5` (kibot - out_any_layer.py:213)
DEBUG:Plotting layer `F.Cu (0 'Front copper' F_Cu)` to `/tmp/tmp9y2smb52/layers/F_Cu.svg` (kibot - out_any_layer.py:220)
DEBUG:Opening plot file for layer `B.Cu (2 'Bottom copper' B_Cu)` format `5` (kibot - out_any_layer.py:213)
DEBUG:Plotting layer `B.Cu (2 'Bottom copper' B_Cu)` to `/tmp/tmp9y2smb52/layers/B_Cu.svg` (kibot - out_any_layer.py:220)
DEBUG:Opening plot file for layer `F.Paste (13 'Front solder paste' F_Paste)` format `5` (kibot - out_any_layer.py:213)
DEBUG:Plotting layer `F.Paste (13 'Front solder paste' F_Paste)` to `/tmp/tmp9y2smb52/layers/F_Paste.svg` (kibot - out_any_layer.py:220)
DEBUG:Opening plot file for layer `B.Paste (15 'Bottom solder paste' B_Paste)` format `5` (kibot - out_any_layer.py:213)
DEBUG:Plotting layer `B.Paste (15 'Bottom solder paste' B_Paste)` to `/tmp/tmp9y2smb52/layers/B_Paste.svg` (kibot - out_any_layer.py:220)
DEBUG:Opening plot file for layer `F.Mask (1 'Front soldermask (negative)' F_Mask)` format `5` (kibot - out_any_layer.py:213)
DEBUG:Plotting layer `F.Mask (1 'Front soldermask (negative)' F_Mask)` to `/tmp/tmp9y2smb52/layers/F_Mask.svg` (kibot - out_any_layer.py:220)
DEBUG:Opening plot file for layer `B.Mask (3 'Bottom soldermask (negative)' B_Mask)` format `5` (kibot - out_any_layer.py:213)
DEBUG:Plotting layer `B.Mask (3 'Bottom soldermask (negative)' B_Mask)` to `/tmp/tmp9y2smb52/layers/B_Mask.svg` (kibot - out_any_layer.py:220)
DEBUG:Opening plot file for layer `F.SilkS (5 'Front silkscreen (artwork)' F_SilkS)` format `5` (kibot - out_any_layer.py:213)
DEBUG:Plotting layer `F.SilkS (5 'Front silkscreen (artwork)' F_SilkS)` to `/tmp/tmp9y2smb52/layers/F_SilkS.svg` (kibot - out_any_layer.py:220)
DEBUG:Opening plot file for layer `B.SilkS (7 'Bottom silkscreen (artwork)' B_SilkS)` format `5` (kibot - out_any_layer.py:213)
DEBUG:Plotting layer `B.SilkS (7 'Bottom silkscreen (artwork)' B_SilkS)` to `/tmp/tmp9y2smb52/layers/B_SilkS.svg` (kibot - out_any_layer.py:220)
DEBUG:Adjusting SVG viewBox to (73.975, 64.475, 102.05, 53.3) for width 10.205 cm and height 5.33 cm (kibot - out_svg.py:93)
DEBUG: - Creating Pads and boundary ... (kibot - kiplot.py:770)
DEBUG:Switching the PCB to 'Default' variant (kibot - out_base.py:1193)
DEBUG:Collected board definitions: {} (kibot - out_pcb2blender_tools.py:410)
DEBUG: - Creating the PCB3D ... (kibot - kiplot.py:770)
DEBUG:Collecting files (kibot - out_compress.py:256)
DEBUG:Output destination: /tmp/tmp9y2smb52 (kibot - kiplot.py:685)
DEBUG:Output destination: /tmp/tmp9y2smb52/layers (kibot - kiplot.py:685)
DEBUG:Output destination: /tmp/tmp9y2smb52 (kibot - kiplot.py:685)
DEBUG:Generating `/work/output/3d/ktest-blender_export.pcb3d` archive (kibot - out_compress.py:259)
DEBUG:Adding /tmp/tmp9y2smb52/pcb.wrl as pcb.wrl (kibot - out_compress.py:116)
DEBUG:Adding /tmp/tmp9y2smb52/components as components (kibot - out_compress.py:116)
DEBUG:Adding /tmp/tmp9y2smb52/components/PinSocket_1x04_P2.54mm_Vertical.wrl as components/PinSocket_1x04_P2.54mm_Vertical.wrl (kibot - out_compress.py:116)
DEBUG:Adding /tmp/tmp9y2smb52/components/C_1210_3225Metric.wrl as components/C_1210_3225Metric.wrl (kibot - out_compress.py:116)
DEBUG:Adding /tmp/tmp9y2smb52/components/JST_XH_B4B-XH-A_1x04_P2.50mm_Vertical.wrl as components/JST_XH_B4B-XH-A_1x04_P2.50mm_Vertical.wrl (kibot - out_compress.py:116)
DEBUG:Adding /tmp/tmp9y2smb52/components/CP_Elec_10x10.wrl as components/CP_Elec_10x10.wrl (kibot - out_compress.py:116)
DEBUG:Adding /tmp/tmp9y2smb52/components/R_0603_1608Metric.wrl as components/R_0603_1608Metric.wrl (kibot - out_compress.py:116)
DEBUG:Adding /tmp/tmp9y2smb52/components/JEITA_SOIC-16_3.9x9.9mm_P1.27mm.wrl as components/JEITA_SOIC-16_3.9x9.9mm_P1.27mm.wrl (kibot - out_compress.py:116)
DEBUG:Adding /tmp/tmp9y2smb52/components/R_1206_3216Metric.wrl as components/R_1206_3216Metric.wrl (kibot - out_compress.py:116)
DEBUG:Adding /tmp/tmp9y2smb52/components/SOT-23-6.wrl as components/SOT-23-6.wrl (kibot - out_compress.py:116)
DEBUG:Adding /tmp/tmp9y2smb52/components/JST_XH_B6B-XH-A_1x06_P2.50mm_Vertical.wrl as components/JST_XH_B6B-XH-A_1x06_P2.50mm_Vertical.wrl (kibot - out_compress.py:116)
DEBUG:Adding /tmp/tmp9y2smb52/components/SOT-23.wrl as components/SOT-23.wrl (kibot - out_compress.py:116)
DEBUG:Adding /tmp/tmp9y2smb52/components/R_Axial_DIN0204_L3.6mm_D1.6mm_P5.08mm_Horizontal.wrl as components/R_Axial_DIN0204_L3.6mm_D1.6mm_P5.08mm_Horizontal.wrl (kibot - out_compress.py:116)
DEBUG:Adding /tmp/tmp9y2smb52/components/R_Axial_DIN0204_L3.6mm_D1.6mm_P7.62mm_Horizontal.wrl as components/R_Axial_DIN0204_L3.6mm_D1.6mm_P7.62mm_Horizontal.wrl (kibot - out_compress.py:116)
DEBUG:Adding /tmp/tmp9y2smb52/components/LQFP-32_7x7mm_P0.8mm.wrl as components/LQFP-32_7x7mm_P0.8mm.wrl (kibot - out_compress.py:116)
DEBUG:Adding /tmp/tmp9y2smb52/components/C_0603_1608Metric.wrl as components/C_0603_1608Metric.wrl (kibot - out_compress.py:116)
DEBUG:Adding /tmp/tmp9y2smb52/components/PinSocket_1x14_P2.54mm_Vertical.wrl as components/PinSocket_1x14_P2.54mm_Vertical.wrl (kibot - out_compress.py:116)
DEBUG:Adding /tmp/tmp9y2smb52/components/Crystal_SMD_3225-4Pin_3.2x2.5mm.wrl as components/Crystal_SMD_3225-4Pin_3.2x2.5mm.wrl (kibot - out_compress.py:116)
DEBUG:Adding /tmp/tmp9y2smb52/components/HTSOP-8-1EP_3.9x4.9mm_P1.27mm.wrl as components/HTSOP-8-1EP_3.9x4.9mm_P1.27mm.wrl (kibot - out_compress.py:116)
DEBUG:Adding /tmp/tmp9y2smb52/components/C_1206_3216Metric.wrl as components/C_1206_3216Metric.wrl (kibot - out_compress.py:116)
DEBUG:Adding /tmp/tmp9y2smb52/layers/F_Cu.svg as layers/F_Cu.svg (kibot - out_compress.py:116)
DEBUG:Adding /tmp/tmp9y2smb52/layers/B_Cu.svg as layers/B_Cu.svg (kibot - out_compress.py:116)
DEBUG:Adding /tmp/tmp9y2smb52/layers/F_Paste.svg as layers/F_Paste.svg (kibot - out_compress.py:116)
DEBUG:Adding /tmp/tmp9y2smb52/layers/B_Paste.svg as layers/B_Paste.svg (kibot - out_compress.py:116)
DEBUG:Adding /tmp/tmp9y2smb52/layers/F_Mask.svg as layers/F_Mask.svg (kibot - out_compress.py:116)
DEBUG:Adding /tmp/tmp9y2smb52/layers/B_Mask.svg as layers/B_Mask.svg (kibot - out_compress.py:116)
DEBUG:Adding /tmp/tmp9y2smb52/layers/F_SilkS.svg as layers/F_SilkS.svg (kibot - out_compress.py:116)
DEBUG:Adding /tmp/tmp9y2smb52/layers/B_SilkS.svg as layers/B_SilkS.svg (kibot - out_compress.py:116)
DEBUG:Adding /tmp/tmp9y2smb52/layers/bounds as layers/bounds (kibot - out_compress.py:116)
DEBUG:Adding /tmp/tmp9y2smb52/pads/10n_C27_0_0 as pads/10n_C27_0_0 (kibot - out_compress.py:116)
DEBUG:Adding /tmp/tmp9y2smb52/pads/10n_C27_0_1 as pads/10n_C27_0_1 (kibot - out_compress.py:116)
DEBUG:Adding /tmp/tmp9y2smb52/pads/2k2_R10_1_0 as pads/2k2_R10_1_0 (kibot - out_compress.py:116)
DEBUG:Adding /tmp/tmp9y2smb52/pads/2k2_R10_1_1 as pads/2k2_R10_1_1 (kibot - out_compress.py:116)
DEBUG:Adding /tmp/tmp9y2smb52/pads/0R_JP13_2_0 as pads/0R_JP13_2_0 (kibot - out_compress.py:116)
DEBUG:Adding /tmp/tmp9y2smb52/pads/0R_JP13_2_1 as pads/0R_JP13_2_1 (kibot - out_compress.py:116)
DEBUG:Adding /tmp/tmp9y2smb52/pads/22p_C14_3_0 as pads/22p_C14_3_0 (kibot - out_compress.py:116)
DEBUG:Adding /tmp/tmp9y2smb52/pads/22p_C14_3_1 as pads/22p_C14_3_1 (kibot - out_compress.py:116)
DEBUG:Adding /tmp/tmp9y2smb52/pads/100n_C6_4_0 as pads/100n_C6_4_0 (kibot - out_compress.py:116)
DEBUG:Adding /tmp/tmp9y2smb52/pads/100n_C6_4_1 as pads/100n_C6_4_1 (kibot - out_compress.py:116)
DEBUG:Adding /tmp/tmp9y2smb52/pads/22u_C18_5_0 as pads/22u_C18_5_0 (kibot - out_compress.py:116)
DEBUG:Adding /tmp/tmp9y2smb52/pads/22u_C18_5_1 as pads/22u_C18_5_1 (kibot - out_compress.py:116)
DEBUG:Adding /tmp/tmp9y2smb52/pads/10k_R9_6_0 as pads/10k_R9_6_0 (kibot - out_compress.py:116)
DEBUG:Adding /tmp/tmp9y2smb52/pads/10k_R9_6_1 as pads/10k_R9_6_1 (kibot - out_compress.py:116)
DEBUG:Adding /tmp/tmp9y2smb52/pads/10u_L1_7_0 as pads/10u_L1_7_0 (kibot - out_compress.py:116)
DEBUG:Adding /tmp/tmp9y2smb52/pads/10u_L1_7_1 as pads/10u_L1_7_1 (kibot - out_compress.py:116)
DEBUG:Adding /tmp/tmp9y2smb52/pads/TestPoint_TP13_8_0 as pads/TestPoint_TP13_8_0 (kibot - out_compress.py:116)
DEBUG:Adding /tmp/tmp9y2smb52/pads/1n_C23_9_0 as pads/1n_C23_9_0 (kibot - out_compress.py:116)
DEBUG:Adding /tmp/tmp9y2smb52/pads/1n_C23_9_1 as pads/1n_C23_9_1 (kibot - out_compress.py:116)
DEBUG:Adding /tmp/tmp9y2smb52/pads/22p_C10_10_0 as pads/22p_C10_10_0 (kibot - out_compress.py:116)
DEBUG:Adding /tmp/tmp9y2smb52/pads/22p_C10_10_1 as pads/22p_C10_10_1 (kibot - out_compress.py:116)
DEBUG:Adding /tmp/tmp9y2smb52/pads/TestPoint_TP18_11_0 as pads/TestPoint_TP18_11_0 (kibot - out_compress.py:116)
DEBUG:Adding /tmp/tmp9y2smb52/pads/33p_C12_12_0 as pads/33p_C12_12_0 (kibot - out_compress.py:116)
DEBUG:Adding /tmp/tmp9y2smb52/pads/33p_C12_12_1 as pads/33p_C12_12_1 (kibot - out_compress.py:116)
DEBUG:Adding /tmp/tmp9y2smb52/pads/100n_C9_13_0 as pads/100n_C9_13_0 (kibot - out_compress.py:116)
DEBUG:Adding /tmp/tmp9y2smb52/pads/100n_C9_13_1 as pads/100n_C9_13_1 (kibot - out_compress.py:116)
DEBUG:Adding /tmp/tmp9y2smb52/pads/0R_JP9_14_0 as pads/0R_JP9_14_0 (kibot - out_compress.py:116)
DEBUG:Adding /tmp/tmp9y2smb52/pads/0R_JP9_14_1 as pads/0R_JP9_14_1 (kibot - out_compress.py:116)
DEBUG:Adding /tmp/tmp9y2smb52/pads/TestPoint_TP7_15_0 as pads/TestPoint_TP7_15_0 (kibot - out_compress.py:116)
DEBUG:Adding /tmp/tmp9y2smb52/pads/0R_JP20_16_0 as pads/0R_JP20_16_0 (kibot - out_compress.py:116)
DEBUG:Adding /tmp/tmp9y2smb52/pads/0R_JP20_16_1 as pads/0R_JP20_16_1 (kibot - out_compress.py:116)
DEBUG:Adding /tmp/tmp9y2smb52/pads/0R_JP8_17_0 as pads/0R_JP8_17_0 (kibot - out_compress.py:116)
DEBUG:Adding /tmp/tmp9y2smb52/pads/0R_JP8_17_1 as pads/0R_JP8_17_1 (kibot - out_compress.py:116)
DEBUG:Adding /tmp/tmp9y2smb52/pads/5k1_R14_18_0 as pads/5k1_R14_18_0 (kibot - out_compress.py:116)
DEBUG:Adding /tmp/tmp9y2smb52/pads/5k1_R14_18_1 as pads/5k1_R14_18_1 (kibot - out_compress.py:116)
DEBUG:Adding /tmp/tmp9y2smb52/pads/0R_JP2_19_0 as pads/0R_JP2_19_0 (kibot - out_compress.py:116)
DEBUG:Adding /tmp/tmp9y2smb52/pads/0R_JP2_19_1 as pads/0R_JP2_19_1 (kibot - out_compress.py:116)
DEBUG:Adding /tmp/tmp9y2smb52/pads/LMR380x0_U1_20_0 as pads/LMR380x0_U1_20_0 (kibot - out_compress.py:116)
DEBUG:Adding /tmp/tmp9y2smb52/pads/LMR380x0_U1_20_1 as pads/LMR380x0_U1_20_1 (kibot - out_compress.py:116)
DEBUG:Adding /tmp/tmp9y2smb52/pads/LMR380x0_U1_20_2 as pads/LMR380x0_U1_20_2 (kibot - out_compress.py:116)
DEBUG:Adding /tmp/tmp9y2smb52/pads/LMR380x0_U1_20_3 as pads/LMR380x0_U1_20_3 (kibot - out_compress.py:116)
DEBUG:Adding /tmp/tmp9y2smb52/pads/LMR380x0_U1_20_4 as pads/LMR380x0_U1_20_4 (kibot - out_compress.py:116)
DEBUG:Adding /tmp/tmp9y2smb52/pads/LMR380x0_U1_20_5 as pads/LMR380x0_U1_20_5 (kibot - out_compress.py:116)
DEBUG:Adding /tmp/tmp9y2smb52/pads/LMR380x0_U1_20_6 as pads/LMR380x0_U1_20_6 (kibot - out_compress.py:116)
DEBUG:Adding /tmp/tmp9y2smb52/pads/LMR380x0_U1_20_7 as pads/LMR380x0_U1_20_7 (kibot - out_compress.py:116)
DEBUG:Adding /tmp/tmp9y2smb52/pads/LMR380x0_U1_20_8 as pads/LMR380x0_U1_20_8 (kibot - out_compress.py:116)
DEBUG:Adding /tmp/tmp9y2smb52/pads/LMR380x0_U1_20_9 as pads/LMR380x0_U1_20_9 (kibot - out_compress.py:116)
DEBUG:Adding /tmp/tmp9y2smb52/pads/LMR380x0_U1_20_10 as pads/LMR380x0_U1_20_10 (kibot - out_compress.py:116)
DEBUG:Adding /tmp/tmp9y2smb52/pads/LMR380x0_U1_20_11 as pads/LMR380x0_U1_20_11 (kibot - out_compress.py:116)
DEBUG:Adding /tmp/tmp9y2smb52/pads/LMR380x0_U1_20_12 as pads/LMR380x0_U1_20_12 (kibot - out_compress.py:116)
DEBUG:Adding /tmp/tmp9y2smb52/pads/LMR380x0_U1_20_13 as pads/LMR380x0_U1_20_13 (kibot - out_compress.py:116)
DEBUG:Adding /tmp/tmp9y2smb52/pads/LMR380x0_U1_20_14 as pads/LMR380x0_U1_20_14 (kibot - out_compress.py:116)
DEBUG:Adding /tmp/tmp9y2smb52/pads/LMR380x0_U1_20_15 as pads/LMR380x0_U1_20_15 (kibot - out_compress.py:116)
DEBUG:Adding /tmp/tmp9y2smb52/pads/LMR380x0_U1_20_16 as pads/LMR380x0_U1_20_16 (kibot - out_compress.py:116)
DEBUG:Adding /tmp/tmp9y2smb52/pads/LMR380x0_U1_20_17 as pads/LMR380x0_U1_20_17 (kibot - out_compress.py:116)
DEBUG:Adding /tmp/tmp9y2smb52/pads/LMR380x0_U1_20_18 as pads/LMR380x0_U1_20_18 (kibot - out_compress.py:116)
DEBUG:Adding /tmp/tmp9y2smb52/pads/LMR380x0_U1_20_19 as pads/LMR380x0_U1_20_19 (kibot - out_compress.py:116)
DEBUG:Adding /tmp/tmp9y2smb52/pads/TestPoint_TP10_21_0 as pads/TestPoint_TP10_21_0 (kibot - out_compress.py:116)
DEBUG:Adding /tmp/tmp9y2smb52/pads/2k2_R12_22_0 as pads/2k2_R12_22_0 (kibot - out_compress.py:116)
DEBUG:Adding /tmp/tmp9y2smb52/pads/2k2_R12_22_1 as pads/2k2_R12_22_1 (kibot - out_compress.py:116)
DEBUG:Adding /tmp/tmp9y2smb52/pads/TestPoint_TP21_23_0 as pads/TestPoint_TP21_23_0 (kibot - out_compress.py:116)
DEBUG:Adding /tmp/tmp9y2smb52/pads/TestPoint_TP6_24_0 as pads/TestPoint_TP6_24_0 (kibot - out_compress.py:116)
DEBUG:Adding /tmp/tmp9y2smb52/pads/TestPoint_TP8_25_0 as pads/TestPoint_TP8_25_0 (kibot - out_compress.py:116)
DEBUG:Adding /tmp/tmp9y2smb52/pads/Dell_DC_jack_J6_26_0 as pads/Dell_DC_jack_J6_26_0 (kibot - out_compress.py:116)
DEBUG:Adding /tmp/tmp9y2smb52/pads/Dell_DC_jack_J6_26_1 as pads/Dell_DC_jack_J6_26_1 (kibot - out_compress.py:116)
DEBUG:Adding /tmp/tmp9y2smb52/pads/Dell_DC_jack_J6_26_2 as pads/Dell_DC_jack_J6_26_2 (kibot - out_compress.py:116)
DEBUG:Adding /tmp/tmp9y2smb52/pads/Dell_DC_jack_J6_26_3 as pads/Dell_DC_jack_J6_26_3 (kibot - out_compress.py:116)
DEBUG:Adding /tmp/tmp9y2smb52/pads/Dell_DC_jack_J6_26_4 as pads/Dell_DC_jack_J6_26_4 (kibot - out_compress.py:116)
DEBUG:Adding /tmp/tmp9y2smb52/pads/Dell_DC_jack_J6_26_5 as pads/Dell_DC_jack_J6_26_5 (kibot - out_compress.py:116)
DEBUG:Adding /tmp/tmp9y2smb52/pads/Dell_DC_jack_J6_26_6 as pads/Dell_DC_jack_J6_26_6 (kibot - out_compress.py:116)
DEBUG:Adding /tmp/tmp9y2smb52/pads/Dell_DC_jack_J6_26_7 as pads/Dell_DC_jack_J6_26_7 (kibot - out_compress.py:116)
DEBUG:Adding /tmp/tmp9y2smb52/pads/Dell_DC_jack_J6_26_8 as pads/Dell_DC_jack_J6_26_8 (kibot - out_compress.py:116)
DEBUG:Adding /tmp/tmp9y2smb52/pads/Dell_DC_jack_J6_26_9 as pads/Dell_DC_jack_J6_26_9 (kibot - out_compress.py:116)
DEBUG:Adding /tmp/tmp9y2smb52/pads/Dell_DC_jack_J6_26_10 as pads/Dell_DC_jack_J6_26_10 (kibot - out_compress.py:116)
DEBUG:Adding /tmp/tmp9y2smb52/pads/0R_JP15_27_0 as pads/0R_JP15_27_0 (kibot - out_compress.py:116)
DEBUG:Adding /tmp/tmp9y2smb52/pads/0R_JP15_27_1 as pads/0R_JP15_27_1 (kibot - out_compress.py:116)
DEBUG:Adding /tmp/tmp9y2smb52/pads/TestPoint_TP14_28_0 as pads/TestPoint_TP14_28_0 (kibot - out_compress.py:116)
DEBUG:Adding /tmp/tmp9y2smb52/pads/2k2_R13_29_0 as pads/2k2_R13_29_0 (kibot - out_compress.py:116)
DEBUG:Adding /tmp/tmp9y2smb52/pads/2k2_R13_29_1 as pads/2k2_R13_29_1 (kibot - out_compress.py:116)
DEBUG:Adding /tmp/tmp9y2smb52/pads/TestPoint_TP9_30_0 as pads/TestPoint_TP9_30_0 (kibot - out_compress.py:116)
DEBUG:Adding /tmp/tmp9y2smb52/pads/10n_C3_31_0 as pads/10n_C3_31_0 (kibot - out_compress.py:116)
DEBUG:Adding /tmp/tmp9y2smb52/pads/10n_C3_31_1 as pads/10n_C3_31_1 (kibot - out_compress.py:116)
DEBUG:Adding /tmp/tmp9y2smb52/pads/0R_JP14_32_0 as pads/0R_JP14_32_0 (kibot - out_compress.py:116)
DEBUG:Adding /tmp/tmp9y2smb52/pads/0R_JP14_32_1 as pads/0R_JP14_32_1 (kibot - out_compress.py:116)
DEBUG:Adding /tmp/tmp9y2smb52/pads/0R_JP16_33_0 as pads/0R_JP16_33_0 (kibot - out_compress.py:116)
DEBUG:Adding /tmp/tmp9y2smb52/pads/0R_JP16_33_1 as pads/0R_JP16_33_1 (kibot - out_compress.py:116)
DEBUG:Adding /tmp/tmp9y2smb52/pads/TestPoint_TP5_34_0 as pads/TestPoint_TP5_34_0 (kibot - out_compress.py:116)
DEBUG:Adding /tmp/tmp9y2smb52/pads/10k_R7_35_0 as pads/10k_R7_35_0 (kibot - out_compress.py:116)
DEBUG:Adding /tmp/tmp9y2smb52/pads/10k_R7_35_1 as pads/10k_R7_35_1 (kibot - out_compress.py:116)
DEBUG:Adding /tmp/tmp9y2smb52/pads/0R_JP5_36_0 as pads/0R_JP5_36_0 (kibot - out_compress.py:116)
DEBUG:Adding /tmp/tmp9y2smb52/pads/0R_JP5_36_1 as pads/0R_JP5_36_1 (kibot - out_compress.py:116)
DEBUG:Adding /tmp/tmp9y2smb52/pads/0R_JP10_37_0 as pads/0R_JP10_37_0 (kibot - out_compress.py:116)
DEBUG:Adding /tmp/tmp9y2smb52/pads/0R_JP10_37_1 as pads/0R_JP10_37_1 (kibot - out_compress.py:116)
DEBUG:Adding /tmp/tmp9y2smb52/pads/0R_JP21_38_0 as pads/0R_JP21_38_0 (kibot - out_compress.py:116)
DEBUG:Adding /tmp/tmp9y2smb52/pads/0R_JP21_38_1 as pads/0R_JP21_38_1 (kibot - out_compress.py:116)
DEBUG:Adding /tmp/tmp9y2smb52/pads/1u_C16_39_0 as pads/1u_C16_39_0 (kibot - out_compress.py:116)
DEBUG:Adding /tmp/tmp9y2smb52/pads/1u_C16_39_1 as pads/1u_C16_39_1 (kibot - out_compress.py:116)
DEBUG:Adding /tmp/tmp9y2smb52/pads/DC_barrel_assy_J8_40_0 as pads/DC_barrel_assy_J8_40_0 (kibot - out_compress.py:116)
DEBUG:Adding /tmp/tmp9y2smb52/pads/DC_barrel_assy_J8_40_1 as pads/DC_barrel_assy_J8_40_1 (kibot - out_compress.py:116)
DEBUG:Adding /tmp/tmp9y2smb52/pads/DC_barrel_assy_J8_40_2 as pads/DC_barrel_assy_J8_40_2 (kibot - out_compress.py:116)
DEBUG:Adding /tmp/tmp9y2smb52/pads/DC_barrel_assy_J8_40_3 as pads/DC_barrel_assy_J8_40_3 (kibot - out_compress.py:116)
DEBUG:Adding /tmp/tmp9y2smb52/pads/DC_barrel_assy_J8_40_4 as pads/DC_barrel_assy_J8_40_4 (kibot - out_compress.py:116)
DEBUG:Adding /tmp/tmp9y2smb52/pads/4_7u_C4_41_0 as pads/4_7u_C4_41_0 (kibot - out_compress.py:116)
DEBUG:Adding /tmp/tmp9y2smb52/pads/4_7u_C4_41_1 as pads/4_7u_C4_41_1 (kibot - out_compress.py:116)
DEBUG:Adding /tmp/tmp9y2smb52/pads/10n_C26_42_0 as pads/10n_C26_42_0 (kibot - out_compress.py:116)
DEBUG:Adding /tmp/tmp9y2smb52/pads/10n_C26_42_1 as pads/10n_C26_42_1 (kibot - out_compress.py:116)
DEBUG:Adding /tmp/tmp9y2smb52/pads/USB_C_Receptacle_USB2_0_16P_J5_43_0 as pads/USB_C_Receptacle_USB2_0_16P_J5_43_0 (kibot - out_compress.py:116)
DEBUG:Adding /tmp/tmp9y2smb52/pads/USB_C_Receptacle_USB2_0_16P_J5_43_1 as pads/USB_C_Receptacle_USB2_0_16P_J5_43_1 (kibot - out_compress.py:116)
DEBUG:Adding /tmp/tmp9y2smb52/pads/USB_C_Receptacle_USB2_0_16P_J5_43_2 as pads/USB_C_Receptacle_USB2_0_16P_J5_43_2 (kibot - out_compress.py:116)
DEBUG:Adding /tmp/tmp9y2smb52/pads/USB_C_Receptacle_USB2_0_16P_J5_43_3 as pads/USB_C_Receptacle_USB2_0_16P_J5_43_3 (kibot - out_compress.py:116)
DEBUG:Adding /tmp/tmp9y2smb52/pads/USB_C_Receptacle_USB2_0_16P_J5_43_4 as pads/USB_C_Receptacle_USB2_0_16P_J5_43_4 (kibot - out_compress.py:116)
DEBUG:Adding /tmp/tmp9y2smb52/pads/USB_C_Receptacle_USB2_0_16P_J5_43_5 as pads/USB_C_Receptacle_USB2_0_16P_J5_43_5 (kibot - out_compress.py:116)
DEBUG:Adding /tmp/tmp9y2smb52/pads/USB_C_Receptacle_USB2_0_16P_J5_43_6 as pads/USB_C_Receptacle_USB2_0_16P_J5_43_6 (kibot - out_compress.py:116)
DEBUG:Adding /tmp/tmp9y2smb52/pads/USB_C_Receptacle_USB2_0_16P_J5_43_7 as pads/USB_C_Receptacle_USB2_0_16P_J5_43_7 (kibot - out_compress.py:116)
DEBUG:Adding /tmp/tmp9y2smb52/pads/USB_C_Receptacle_USB2_0_16P_J5_43_8 as pads/USB_C_Receptacle_USB2_0_16P_J5_43_8 (kibot - out_compress.py:116)
DEBUG:Adding /tmp/tmp9y2smb52/pads/USB_C_Receptacle_USB2_0_16P_J5_43_9 as pads/USB_C_Receptacle_USB2_0_16P_J5_43_9 (kibot - out_compress.py:116)
DEBUG:Adding /tmp/tmp9y2smb52/pads/USB_C_Receptacle_USB2_0_16P_J5_43_10 as pads/USB_C_Receptacle_USB2_0_16P_J5_43_10 (kibot - out_compress.py:116)
DEBUG:Adding /tmp/tmp9y2smb52/pads/USB_C_Receptacle_USB2_0_16P_J5_43_11 as pads/USB_C_Receptacle_USB2_0_16P_J5_43_11 (kibot - out_compress.py:116)
DEBUG:Adding /tmp/tmp9y2smb52/pads/USB_C_Receptacle_USB2_0_16P_J5_43_12 as pads/USB_C_Receptacle_USB2_0_16P_J5_43_12 (kibot - out_compress.py:116)
DEBUG:Adding /tmp/tmp9y2smb52/pads/USB_C_Receptacle_USB2_0_16P_J5_43_13 as pads/USB_C_Receptacle_USB2_0_16P_J5_43_13 (kibot - out_compress.py:116)
DEBUG:Adding /tmp/tmp9y2smb52/pads/USB_C_Receptacle_USB2_0_16P_J5_43_14 as pads/USB_C_Receptacle_USB2_0_16P_J5_43_14 (kibot - out_compress.py:116)
DEBUG:Adding /tmp/tmp9y2smb52/pads/USB_C_Receptacle_USB2_0_16P_J5_43_15 as pads/USB_C_Receptacle_USB2_0_16P_J5_43_15 (kibot - out_compress.py:116)
DEBUG:Adding /tmp/tmp9y2smb52/pads/USB_C_Receptacle_USB2_0_16P_J5_43_16 as pads/USB_C_Receptacle_USB2_0_16P_J5_43_16 (kibot - out_compress.py:116)
DEBUG:Adding /tmp/tmp9y2smb52/pads/USB_C_Receptacle_USB2_0_16P_J5_43_17 as pads/USB_C_Receptacle_USB2_0_16P_J5_43_17 (kibot - out_compress.py:116)
DEBUG:Adding /tmp/tmp9y2smb52/pads/USB_C_Receptacle_USB2_0_16P_J5_43_18 as pads/USB_C_Receptacle_USB2_0_16P_J5_43_18 (kibot - out_compress.py:116)
DEBUG:Adding /tmp/tmp9y2smb52/pads/USB_C_Receptacle_USB2_0_16P_J5_43_19 as pads/USB_C_Receptacle_USB2_0_16P_J5_43_19 (kibot - out_compress.py:116)
DEBUG:Adding /tmp/tmp9y2smb52/pads/TestPoint_TP15_44_0 as pads/TestPoint_TP15_44_0 (kibot - out_compress.py:116)
DEBUG:Adding /tmp/tmp9y2smb52/pads/10k_R2_45_0 as pads/10k_R2_45_0 (kibot - out_compress.py:116)
DEBUG:Adding /tmp/tmp9y2smb52/pads/10k_R2_45_1 as pads/10k_R2_45_1 (kibot - out_compress.py:116)
DEBUG:Adding /tmp/tmp9y2smb52/pads/100n_C1_46_0 as pads/100n_C1_46_0 (kibot - out_compress.py:116)
DEBUG:Adding /tmp/tmp9y2smb52/pads/100n_C1_46_1 as pads/100n_C1_46_1 (kibot - out_compress.py:116)
DEBUG:Adding /tmp/tmp9y2smb52/pads/2k2_R5_47_0 as pads/2k2_R5_47_0 (kibot - out_compress.py:116)
DEBUG:Adding /tmp/tmp9y2smb52/pads/2k2_R5_47_1 as pads/2k2_R5_47_1 (kibot - out_compress.py:116)
DEBUG:Adding /tmp/tmp9y2smb52/pads/TestPoint_TP11_48_0 as pads/TestPoint_TP11_48_0 (kibot - out_compress.py:116)
DEBUG:Adding /tmp/tmp9y2smb52/pads/TestPoint_TP3_49_0 as pads/TestPoint_TP3_49_0 (kibot - out_compress.py:116)
DEBUG:Adding /tmp/tmp9y2smb52/pads/TestPoint_TP16_50_0 as pads/TestPoint_TP16_50_0 (kibot - out_compress.py:116)
DEBUG:Adding /tmp/tmp9y2smb52/pads/20_MHz_Y1_51_0 as pads/20_MHz_Y1_51_0 (kibot - out_compress.py:116)
DEBUG:Adding /tmp/tmp9y2smb52/pads/20_MHz_Y1_51_1 as pads/20_MHz_Y1_51_1 (kibot - out_compress.py:116)
DEBUG:Adding /tmp/tmp9y2smb52/pads/20_MHz_Y1_51_2 as pads/20_MHz_Y1_51_2 (kibot - out_compress.py:116)
DEBUG:Adding /tmp/tmp9y2smb52/pads/20_MHz_Y1_51_3 as pads/20_MHz_Y1_51_3 (kibot - out_compress.py:116)
DEBUG:Adding /tmp/tmp9y2smb52/pads/100n_C25_52_0 as pads/100n_C25_52_0 (kibot - out_compress.py:116)
DEBUG:Adding /tmp/tmp9y2smb52/pads/100n_C25_52_1 as pads/100n_C25_52_1 (kibot - out_compress.py:116)
DEBUG:Adding /tmp/tmp9y2smb52/pads/5k1_R15_53_0 as pads/5k1_R15_53_0 (kibot - out_compress.py:116)
DEBUG:Adding /tmp/tmp9y2smb52/pads/5k1_R15_53_1 as pads/5k1_R15_53_1 (kibot - out_compress.py:116)
DEBUG:Adding /tmp/tmp9y2smb52/pads/0R_JP6_54_0 as pads/0R_JP6_54_0 (kibot - out_compress.py:116)
DEBUG:Adding /tmp/tmp9y2smb52/pads/0R_JP6_54_1 as pads/0R_JP6_54_1 (kibot - out_compress.py:116)
DEBUG:Adding /tmp/tmp9y2smb52/pads/VNH7070_U3_55_0 as pads/VNH7070_U3_55_0 (kibot - out_compress.py:116)
DEBUG:Adding /tmp/tmp9y2smb52/pads/VNH7070_U3_55_1 as pads/VNH7070_U3_55_1 (kibot - out_compress.py:116)
DEBUG:Adding /tmp/tmp9y2smb52/pads/VNH7070_U3_55_2 as pads/VNH7070_U3_55_2 (kibot - out_compress.py:116)
DEBUG:Adding /tmp/tmp9y2smb52/pads/VNH7070_U3_55_3 as pads/VNH7070_U3_55_3 (kibot - out_compress.py:116)
DEBUG:Adding /tmp/tmp9y2smb52/pads/VNH7070_U3_55_4 as pads/VNH7070_U3_55_4 (kibot - out_compress.py:116)
DEBUG:Adding /tmp/tmp9y2smb52/pads/VNH7070_U3_55_5 as pads/VNH7070_U3_55_5 (kibot - out_compress.py:116)
DEBUG:Adding /tmp/tmp9y2smb52/pads/VNH7070_U3_55_6 as pads/VNH7070_U3_55_6 (kibot - out_compress.py:116)
DEBUG:Adding /tmp/tmp9y2smb52/pads/VNH7070_U3_55_7 as pads/VNH7070_U3_55_7 (kibot - out_compress.py:116)
DEBUG:Adding /tmp/tmp9y2smb52/pads/VNH7070_U3_55_8 as pads/VNH7070_U3_55_8 (kibot - out_compress.py:116)
DEBUG:Adding /tmp/tmp9y2smb52/pads/VNH7070_U3_55_9 as pads/VNH7070_U3_55_9 (kibot - out_compress.py:116)
DEBUG:Adding /tmp/tmp9y2smb52/pads/VNH7070_U3_55_10 as pads/VNH7070_U3_55_10 (kibot - out_compress.py:116)
DEBUG:Adding /tmp/tmp9y2smb52/pads/VNH7070_U3_55_11 as pads/VNH7070_U3_55_11 (kibot - out_compress.py:116)
DEBUG:Adding /tmp/tmp9y2smb52/pads/VNH7070_U3_55_12 as pads/VNH7070_U3_55_12 (kibot - out_compress.py:116)
DEBUG:Adding /tmp/tmp9y2smb52/pads/VNH7070_U3_55_13 as pads/VNH7070_U3_55_13 (kibot - out_compress.py:116)
DEBUG:Adding /tmp/tmp9y2smb52/pads/VNH7070_U3_55_14 as pads/VNH7070_U3_55_14 (kibot - out_compress.py:116)
DEBUG:Adding /tmp/tmp9y2smb52/pads/VNH7070_U3_55_15 as pads/VNH7070_U3_55_15 (kibot - out_compress.py:116)
DEBUG:Adding /tmp/tmp9y2smb52/pads/0R_JP19_56_0 as pads/0R_JP19_56_0 (kibot - out_compress.py:116)
DEBUG:Adding /tmp/tmp9y2smb52/pads/0R_JP19_56_1 as pads/0R_JP19_56_1 (kibot - out_compress.py:116)
DEBUG:Adding /tmp/tmp9y2smb52/pads/100n_C13_57_0 as pads/100n_C13_57_0 (kibot - out_compress.py:116)
DEBUG:Adding /tmp/tmp9y2smb52/pads/100n_C13_57_1 as pads/100n_C13_57_1 (kibot - out_compress.py:116)
DEBUG:Adding /tmp/tmp9y2smb52/pads/23_2k_R6_58_0 as pads/23_2k_R6_58_0 (kibot - out_compress.py:116)
DEBUG:Adding /tmp/tmp9y2smb52/pads/23_2k_R6_58_1 as pads/23_2k_R6_58_1 (kibot - out_compress.py:116)
DEBUG:Adding /tmp/tmp9y2smb52/pads/TestPoint_TP20_59_0 as pads/TestPoint_TP20_59_0 (kibot - out_compress.py:116)
DEBUG:Adding /tmp/tmp9y2smb52/pads/TestPoint_TP19_60_0 as pads/TestPoint_TP19_60_0 (kibot - out_compress.py:116)
DEBUG:Adding /tmp/tmp9y2smb52/pads/1u_C11_61_0 as pads/1u_C11_61_0 (kibot - out_compress.py:116)
DEBUG:Adding /tmp/tmp9y2smb52/pads/1u_C11_61_1 as pads/1u_C11_61_1 (kibot - out_compress.py:116)
DEBUG:Adding /tmp/tmp9y2smb52/pads/0R_JP7_62_0 as pads/0R_JP7_62_0 (kibot - out_compress.py:116)
DEBUG:Adding /tmp/tmp9y2smb52/pads/0R_JP7_62_1 as pads/0R_JP7_62_1 (kibot - out_compress.py:116)
DEBUG:Adding /tmp/tmp9y2smb52/pads/22u_C17_63_0 as pads/22u_C17_63_0 (kibot - out_compress.py:116)
DEBUG:Adding /tmp/tmp9y2smb52/pads/22u_C17_63_1 as pads/22u_C17_63_1 (kibot - out_compress.py:116)
DEBUG:Adding /tmp/tmp9y2smb52/pads/TestPoint_TP4_64_0 as pads/TestPoint_TP4_64_0 (kibot - out_compress.py:116)
DEBUG:Adding /tmp/tmp9y2smb52/pads/64_9k_R3_65_0 as pads/64_9k_R3_65_0 (kibot - out_compress.py:116)
DEBUG:Adding /tmp/tmp9y2smb52/pads/64_9k_R3_65_1 as pads/64_9k_R3_65_1 (kibot - out_compress.py:116)
DEBUG:Adding /tmp/tmp9y2smb52/pads/10n_C5_66_0 as pads/10n_C5_66_0 (kibot - out_compress.py:116)
DEBUG:Adding /tmp/tmp9y2smb52/pads/10n_C5_66_1 as pads/10n_C5_66_1 (kibot - out_compress.py:116)
DEBUG:Adding /tmp/tmp9y2smb52/pads/USBLC6_2SC6_U4_67_0 as pads/USBLC6_2SC6_U4_67_0 (kibot - out_compress.py:116)
DEBUG:Adding /tmp/tmp9y2smb52/pads/USBLC6_2SC6_U4_67_1 as pads/USBLC6_2SC6_U4_67_1 (kibot - out_compress.py:116)
DEBUG:Adding /tmp/tmp9y2smb52/pads/USBLC6_2SC6_U4_67_2 as pads/USBLC6_2SC6_U4_67_2 (kibot - out_compress.py:116)
DEBUG:Adding /tmp/tmp9y2smb52/pads/USBLC6_2SC6_U4_67_3 as pads/USBLC6_2SC6_U4_67_3 (kibot - out_compress.py:116)
DEBUG:Adding /tmp/tmp9y2smb52/pads/USBLC6_2SC6_U4_67_4 as pads/USBLC6_2SC6_U4_67_4 (kibot - out_compress.py:116)
DEBUG:Adding /tmp/tmp9y2smb52/pads/USBLC6_2SC6_U4_67_5 as pads/USBLC6_2SC6_U4_67_5 (kibot - out_compress.py:116)
DEBUG:Adding /tmp/tmp9y2smb52/pads/100n_C19_68_0 as pads/100n_C19_68_0 (kibot - out_compress.py:116)
DEBUG:Adding /tmp/tmp9y2smb52/pads/100n_C19_68_1 as pads/100n_C19_68_1 (kibot - out_compress.py:116)
DEBUG:Adding /tmp/tmp9y2smb52/pads/TestPoint_TP12_69_0 as pads/TestPoint_TP12_69_0 (kibot - out_compress.py:116)
DEBUG:Adding /tmp/tmp9y2smb52/pads/0R_JP17_70_0 as pads/0R_JP17_70_0 (kibot - out_compress.py:116)
DEBUG:Adding /tmp/tmp9y2smb52/pads/0R_JP17_70_1 as pads/0R_JP17_70_1 (kibot - out_compress.py:116)
DEBUG:Adding /tmp/tmp9y2smb52/pads/100n_C20_71_0 as pads/100n_C20_71_0 (kibot - out_compress.py:116)
DEBUG:Adding /tmp/tmp9y2smb52/pads/100n_C20_71_1 as pads/100n_C20_71_1 (kibot - out_compress.py:116)
DEBUG:Adding /tmp/tmp9y2smb52/pads/TestPoint_TP2_72_0 as pads/TestPoint_TP2_72_0 (kibot - out_compress.py:116)
DEBUG:Adding /tmp/tmp9y2smb52/pads/STM32G431K8Tx_U2_73_0 as pads/STM32G431K8Tx_U2_73_0 (kibot - out_compress.py:116)
DEBUG:Adding /tmp/tmp9y2smb52/pads/STM32G431K8Tx_U2_73_1 as pads/STM32G431K8Tx_U2_73_1 (kibot - out_compress.py:116)
DEBUG:Adding /tmp/tmp9y2smb52/pads/STM32G431K8Tx_U2_73_2 as pads/STM32G431K8Tx_U2_73_2 (kibot - out_compress.py:116)
DEBUG:Adding /tmp/tmp9y2smb52/pads/STM32G431K8Tx_U2_73_3 as pads/STM32G431K8Tx_U2_73_3 (kibot - out_compress.py:116)
DEBUG:Adding /tmp/tmp9y2smb52/pads/STM32G431K8Tx_U2_73_4 as pads/STM32G431K8Tx_U2_73_4 (kibot - out_compress.py:116)
DEBUG:Adding /tmp/tmp9y2smb52/pads/STM32G431K8Tx_U2_73_5 as pads/STM32G431K8Tx_U2_73_5 (kibot - out_compress.py:116)
DEBUG:Adding /tmp/tmp9y2smb52/pads/STM32G431K8Tx_U2_73_6 as pads/STM32G431K8Tx_U2_73_6 (kibot - out_compress.py:116)
DEBUG:Adding /tmp/tmp9y2smb52/pads/STM32G431K8Tx_U2_73_7 as pads/STM32G431K8Tx_U2_73_7 (kibot - out_compress.py:116)
DEBUG:Adding /tmp/tmp9y2smb52/pads/STM32G431K8Tx_U2_73_8 as pads/STM32G431K8Tx_U2_73_8 (kibot - out_compress.py:116)
DEBUG:Adding /tmp/tmp9y2smb52/pads/STM32G431K8Tx_U2_73_9 as pads/STM32G431K8Tx_U2_73_9 (kibot - out_compress.py:116)
DEBUG:Adding /tmp/tmp9y2smb52/pads/STM32G431K8Tx_U2_73_10 as pads/STM32G431K8Tx_U2_73_10 (kibot - out_compress.py:116)
DEBUG:Adding /tmp/tmp9y2smb52/pads/STM32G431K8Tx_U2_73_11 as pads/STM32G431K8Tx_U2_73_11 (kibot - out_compress.py:116)
DEBUG:Adding /tmp/tmp9y2smb52/pads/STM32G431K8Tx_U2_73_12 as pads/STM32G431K8Tx_U2_73_12 (kibot - out_compress.py:116)
DEBUG:Adding /tmp/tmp9y2smb52/pads/STM32G431K8Tx_U2_73_13 as pads/STM32G431K8Tx_U2_73_13 (kibot - out_compress.py:116)
DEBUG:Adding /tmp/tmp9y2smb52/pads/STM32G431K8Tx_U2_73_14 as pads/STM32G431K8Tx_U2_73_14 (kibot - out_compress.py:116)
DEBUG:Adding /tmp/tmp9y2smb52/pads/STM32G431K8Tx_U2_73_15 as pads/STM32G431K8Tx_U2_73_15 (kibot - out_compress.py:116)
DEBUG:Adding /tmp/tmp9y2smb52/pads/STM32G431K8Tx_U2_73_16 as pads/STM32G431K8Tx_U2_73_16 (kibot - out_compress.py:116)
DEBUG:Adding /tmp/tmp9y2smb52/pads/STM32G431K8Tx_U2_73_17 as pads/STM32G431K8Tx_U2_73_17 (kibot - out_compress.py:116)
DEBUG:Adding /tmp/tmp9y2smb52/pads/STM32G431K8Tx_U2_73_18 as pads/STM32G431K8Tx_U2_73_18 (kibot - out_compress.py:116)
DEBUG:Adding /tmp/tmp9y2smb52/pads/STM32G431K8Tx_U2_73_19 as pads/STM32G431K8Tx_U2_73_19 (kibot - out_compress.py:116)
DEBUG:Adding /tmp/tmp9y2smb52/pads/STM32G431K8Tx_U2_73_20 as pads/STM32G431K8Tx_U2_73_20 (kibot - out_compress.py:116)
DEBUG:Adding /tmp/tmp9y2smb52/pads/STM32G431K8Tx_U2_73_21 as pads/STM32G431K8Tx_U2_73_21 (kibot - out_compress.py:116)
DEBUG:Adding /tmp/tmp9y2smb52/pads/STM32G431K8Tx_U2_73_22 as pads/STM32G431K8Tx_U2_73_22 (kibot - out_compress.py:116)
DEBUG:Adding /tmp/tmp9y2smb52/pads/STM32G431K8Tx_U2_73_23 as pads/STM32G431K8Tx_U2_73_23 (kibot - out_compress.py:116)
DEBUG:Adding /tmp/tmp9y2smb52/pads/STM32G431K8Tx_U2_73_24 as pads/STM32G431K8Tx_U2_73_24 (kibot - out_compress.py:116)
DEBUG:Adding /tmp/tmp9y2smb52/pads/STM32G431K8Tx_U2_73_25 as pads/STM32G431K8Tx_U2_73_25 (kibot - out_compress.py:116)
DEBUG:Adding /tmp/tmp9y2smb52/pads/STM32G431K8Tx_U2_73_26 as pads/STM32G431K8Tx_U2_73_26 (kibot - out_compress.py:116)
DEBUG:Adding /tmp/tmp9y2smb52/pads/STM32G431K8Tx_U2_73_27 as pads/STM32G431K8Tx_U2_73_27 (kibot - out_compress.py:116)
DEBUG:Adding /tmp/tmp9y2smb52/pads/STM32G431K8Tx_U2_73_28 as pads/STM32G431K8Tx_U2_73_28 (kibot - out_compress.py:116)
DEBUG:Adding /tmp/tmp9y2smb52/pads/STM32G431K8Tx_U2_73_29 as pads/STM32G431K8Tx_U2_73_29 (kibot - out_compress.py:116)
DEBUG:Adding /tmp/tmp9y2smb52/pads/STM32G431K8Tx_U2_73_30 as pads/STM32G431K8Tx_U2_73_30 (kibot - out_compress.py:116)
DEBUG:Adding /tmp/tmp9y2smb52/pads/STM32G431K8Tx_U2_73_31 as pads/STM32G431K8Tx_U2_73_31 (kibot - out_compress.py:116)
DEBUG:Adding /tmp/tmp9y2smb52/pads/JST_B4B_XH_A_J1_74_0 as pads/JST_B4B_XH_A_J1_74_0 (kibot - out_compress.py:116)
DEBUG:Adding /tmp/tmp9y2smb52/pads/JST_B4B_XH_A_J1_74_1 as pads/JST_B4B_XH_A_J1_74_1 (kibot - out_compress.py:116)
DEBUG:Adding /tmp/tmp9y2smb52/pads/JST_B4B_XH_A_J1_74_2 as pads/JST_B4B_XH_A_J1_74_2 (kibot - out_compress.py:116)
DEBUG:Adding /tmp/tmp9y2smb52/pads/JST_B4B_XH_A_J1_74_3 as pads/JST_B4B_XH_A_J1_74_3 (kibot - out_compress.py:116)
DEBUG:Adding /tmp/tmp9y2smb52/pads/220u_C24_75_0 as pads/220u_C24_75_0 (kibot - out_compress.py:116)
DEBUG:Adding /tmp/tmp9y2smb52/pads/220u_C24_75_1 as pads/220u_C24_75_1 (kibot - out_compress.py:116)
DEBUG:Adding /tmp/tmp9y2smb52/pads/0R_JP11_76_0 as pads/0R_JP11_76_0 (kibot - out_compress.py:116)
DEBUG:Adding /tmp/tmp9y2smb52/pads/0R_JP11_76_1 as pads/0R_JP11_76_1 (kibot - out_compress.py:116)
DEBUG:Adding /tmp/tmp9y2smb52/pads/0R_JP18_77_0 as pads/0R_JP18_77_0 (kibot - out_compress.py:116)
DEBUG:Adding /tmp/tmp9y2smb52/pads/0R_JP18_77_1 as pads/0R_JP18_77_1 (kibot - out_compress.py:116)
DEBUG:Adding /tmp/tmp9y2smb52/pads/JST_B6B_XH_A_J7_78_0 as pads/JST_B6B_XH_A_J7_78_0 (kibot - out_compress.py:116)
DEBUG:Adding /tmp/tmp9y2smb52/pads/JST_B6B_XH_A_J7_78_1 as pads/JST_B6B_XH_A_J7_78_1 (kibot - out_compress.py:116)
DEBUG:Adding /tmp/tmp9y2smb52/pads/JST_B6B_XH_A_J7_78_2 as pads/JST_B6B_XH_A_J7_78_2 (kibot - out_compress.py:116)
DEBUG:Adding /tmp/tmp9y2smb52/pads/JST_B6B_XH_A_J7_78_3 as pads/JST_B6B_XH_A_J7_78_3 (kibot - out_compress.py:116)
DEBUG:Adding /tmp/tmp9y2smb52/pads/JST_B6B_XH_A_J7_78_4 as pads/JST_B6B_XH_A_J7_78_4 (kibot - out_compress.py:116)
DEBUG:Adding /tmp/tmp9y2smb52/pads/JST_B6B_XH_A_J7_78_5 as pads/JST_B6B_XH_A_J7_78_5 (kibot - out_compress.py:116)
DEBUG:Adding /tmp/tmp9y2smb52/pads/0R_JP4_79_0 as pads/0R_JP4_79_0 (kibot - out_compress.py:116)
DEBUG:Adding /tmp/tmp9y2smb52/pads/0R_JP4_79_1 as pads/0R_JP4_79_1 (kibot - out_compress.py:116)
DEBUG:Adding /tmp/tmp9y2smb52/pads/10k_R8_80_0 as pads/10k_R8_80_0 (kibot - out_compress.py:116)
DEBUG:Adding /tmp/tmp9y2smb52/pads/10k_R8_80_1 as pads/10k_R8_80_1 (kibot - out_compress.py:116)
DEBUG:Adding /tmp/tmp9y2smb52/pads/820_R11_81_0 as pads/820_R11_81_0 (kibot - out_compress.py:116)
DEBUG:Adding /tmp/tmp9y2smb52/pads/820_R11_81_1 as pads/820_R11_81_1 (kibot - out_compress.py:116)
DEBUG:Adding /tmp/tmp9y2smb52/pads/22u_C15_82_0 as pads/22u_C15_82_0 (kibot - out_compress.py:116)
DEBUG:Adding /tmp/tmp9y2smb52/pads/22u_C15_82_1 as pads/22u_C15_82_1 (kibot - out_compress.py:116)
DEBUG:Adding /tmp/tmp9y2smb52/pads/TestPoint_TP1_83_0 as pads/TestPoint_TP1_83_0 (kibot - out_compress.py:116)
DEBUG:Adding /tmp/tmp9y2smb52/pads/0R_JP1_84_0 as pads/0R_JP1_84_0 (kibot - out_compress.py:116)
DEBUG:Adding /tmp/tmp9y2smb52/pads/0R_JP1_84_1 as pads/0R_JP1_84_1 (kibot - out_compress.py:116)
DEBUG:Adding /tmp/tmp9y2smb52/pads/1n_C7_85_0 as pads/1n_C7_85_0 (kibot - out_compress.py:116)
DEBUG:Adding /tmp/tmp9y2smb52/pads/1n_C7_85_1 as pads/1n_C7_85_1 (kibot - out_compress.py:116)
DEBUG:Adding /tmp/tmp9y2smb52/pads/10k_R1_86_0 as pads/10k_R1_86_0 (kibot - out_compress.py:116)
DEBUG:Adding /tmp/tmp9y2smb52/pads/10k_R1_86_1 as pads/10k_R1_86_1 (kibot - out_compress.py:116)
DEBUG:Adding /tmp/tmp9y2smb52/pads/4_7u_C2_87_0 as pads/4_7u_C2_87_0 (kibot - out_compress.py:116)
DEBUG:Adding /tmp/tmp9y2smb52/pads/4_7u_C2_87_1 as pads/4_7u_C2_87_1 (kibot - out_compress.py:116)
DEBUG:Adding /tmp/tmp9y2smb52/pads/0R_JP22_88_0 as pads/0R_JP22_88_0 (kibot - out_compress.py:116)
DEBUG:Adding /tmp/tmp9y2smb52/pads/0R_JP22_88_1 as pads/0R_JP22_88_1 (kibot - out_compress.py:116)
DEBUG:Adding /tmp/tmp9y2smb52/pads/2k2_R4_89_0 as pads/2k2_R4_89_0 (kibot - out_compress.py:116)
DEBUG:Adding /tmp/tmp9y2smb52/pads/2k2_R4_89_1 as pads/2k2_R4_89_1 (kibot - out_compress.py:116)
DEBUG:Adding /tmp/tmp9y2smb52/pads/TestPoint_TP17_90_0 as pads/TestPoint_TP17_90_0 (kibot - out_compress.py:116)
DEBUG:Adding /tmp/tmp9y2smb52/pads/1n_C22_91_0 as pads/1n_C22_91_0 (kibot - out_compress.py:116)
DEBUG:Adding /tmp/tmp9y2smb52/pads/1n_C22_91_1 as pads/1n_C22_91_1 (kibot - out_compress.py:116)
DEBUG:Adding /tmp/tmp9y2smb52/pads/0R_JP3_92_0 as pads/0R_JP3_92_0 (kibot - out_compress.py:116)
DEBUG:Adding /tmp/tmp9y2smb52/pads/0R_JP3_92_1 as pads/0R_JP3_92_1 (kibot - out_compress.py:116)
DEBUG:Adding /tmp/tmp9y2smb52/pads/BAV99_D1_93_0 as pads/BAV99_D1_93_0 (kibot - out_compress.py:116)
DEBUG:Adding /tmp/tmp9y2smb52/pads/BAV99_D1_93_1 as pads/BAV99_D1_93_1 (kibot - out_compress.py:116)
DEBUG:Adding /tmp/tmp9y2smb52/pads/BAV99_D1_93_2 as pads/BAV99_D1_93_2 (kibot - out_compress.py:116)
DEBUG:Adding /tmp/tmp9y2smb52/pads/1n_C8_94_0 as pads/1n_C8_94_0 (kibot - out_compress.py:116)
DEBUG:Adding /tmp/tmp9y2smb52/pads/1n_C8_94_1 as pads/1n_C8_94_1 (kibot - out_compress.py:116)
DEBUG:Adding /tmp/tmp9y2smb52/pads/0R_JP12_95_0 as pads/0R_JP12_95_0 (kibot - out_compress.py:116)
DEBUG:Adding /tmp/tmp9y2smb52/pads/0R_JP12_95_1 as pads/0R_JP12_95_1 (kibot - out_compress.py:116)
DEBUG:Adding /tmp/tmp9y2smb52/pads/1n_C21_96_0 as pads/1n_C21_96_0 (kibot - out_compress.py:116)
DEBUG:Adding /tmp/tmp9y2smb52/pads/1n_C21_96_1 as pads/1n_C21_96_1 (kibot - out_compress.py:116)
DEBUG:Adding /tmp/tmp9y2smb52/pads/HX_JN1_27_2x5_WZ_H4_9_J4_97_0 as pads/HX_JN1_27_2x5_WZ_H4_9_J4_97_0 (kibot - out_compress.py:116)
DEBUG:Adding /tmp/tmp9y2smb52/pads/HX_JN1_27_2x5_WZ_H4_9_J4_97_1 as pads/HX_JN1_27_2x5_WZ_H4_9_J4_97_1 (kibot - out_compress.py:116)
DEBUG:Adding /tmp/tmp9y2smb52/pads/HX_JN1_27_2x5_WZ_H4_9_J4_97_2 as pads/HX_JN1_27_2x5_WZ_H4_9_J4_97_2 (kibot - out_compress.py:116)
DEBUG:Adding /tmp/tmp9y2smb52/pads/HX_JN1_27_2x5_WZ_H4_9_J4_97_3 as pads/HX_JN1_27_2x5_WZ_H4_9_J4_97_3 (kibot - out_compress.py:116)
DEBUG:Adding /tmp/tmp9y2smb52/pads/HX_JN1_27_2x5_WZ_H4_9_J4_97_4 as pads/HX_JN1_27_2x5_WZ_H4_9_J4_97_4 (kibot - out_compress.py:116)
DEBUG:Adding /tmp/tmp9y2smb52/pads/HX_JN1_27_2x5_WZ_H4_9_J4_97_5 as pads/HX_JN1_27_2x5_WZ_H4_9_J4_97_5 (kibot - out_compress.py:116)
DEBUG:Adding /tmp/tmp9y2smb52/pads/HX_JN1_27_2x5_WZ_H4_9_J4_97_6 as pads/HX_JN1_27_2x5_WZ_H4_9_J4_97_6 (kibot - out_compress.py:116)
DEBUG:Adding /tmp/tmp9y2smb52/pads/HX_JN1_27_2x5_WZ_H4_9_J4_97_7 as pads/HX_JN1_27_2x5_WZ_H4_9_J4_97_7 (kibot - out_compress.py:116)
DEBUG:Adding /tmp/tmp9y2smb52/pads/HX_JN1_27_2x5_WZ_H4_9_J4_97_8 as pads/HX_JN1_27_2x5_WZ_H4_9_J4_97_8 (kibot - out_compress.py:116)
DEBUG:Adding /tmp/tmp9y2smb52/pads/HX_JN1_27_2x5_WZ_H4_9_J4_97_9 as pads/HX_JN1_27_2x5_WZ_H4_9_J4_97_9 (kibot - out_compress.py:116)
DEBUG:Adding /tmp/tmp9y2smb52/pads/2_54_mm_header_J2_98_0 as pads/2_54_mm_header_J2_98_0 (kibot - out_compress.py:116)
DEBUG:Adding /tmp/tmp9y2smb52/pads/2_54_mm_header_J2_98_1 as pads/2_54_mm_header_J2_98_1 (kibot - out_compress.py:116)
DEBUG:Adding /tmp/tmp9y2smb52/pads/2_54_mm_header_J2_98_2 as pads/2_54_mm_header_J2_98_2 (kibot - out_compress.py:116)
DEBUG:Adding /tmp/tmp9y2smb52/pads/2_54_mm_header_J2_98_3 as pads/2_54_mm_header_J2_98_3 (kibot - out_compress.py:116)
DEBUG:Adding /tmp/tmp9y2smb52/pads/Conn_01x14_Pin_J3_99_0 as pads/Conn_01x14_Pin_J3_99_0 (kibot - out_compress.py:116)
DEBUG:Adding /tmp/tmp9y2smb52/pads/Conn_01x14_Pin_J3_99_1 as pads/Conn_01x14_Pin_J3_99_1 (kibot - out_compress.py:116)
DEBUG:Adding /tmp/tmp9y2smb52/pads/Conn_01x14_Pin_J3_99_2 as pads/Conn_01x14_Pin_J3_99_2 (kibot - out_compress.py:116)
DEBUG:Adding /tmp/tmp9y2smb52/pads/Conn_01x14_Pin_J3_99_3 as pads/Conn_01x14_Pin_J3_99_3 (kibot - out_compress.py:116)
DEBUG:Adding /tmp/tmp9y2smb52/pads/Conn_01x14_Pin_J3_99_4 as pads/Conn_01x14_Pin_J3_99_4 (kibot - out_compress.py:116)
DEBUG:Adding /tmp/tmp9y2smb52/pads/Conn_01x14_Pin_J3_99_5 as pads/Conn_01x14_Pin_J3_99_5 (kibot - out_compress.py:116)
DEBUG:Adding /tmp/tmp9y2smb52/pads/Conn_01x14_Pin_J3_99_6 as pads/Conn_01x14_Pin_J3_99_6 (kibot - out_compress.py:116)
DEBUG:Adding /tmp/tmp9y2smb52/pads/Conn_01x14_Pin_J3_99_7 as pads/Conn_01x14_Pin_J3_99_7 (kibot - out_compress.py:116)
DEBUG:Adding /tmp/tmp9y2smb52/pads/Conn_01x14_Pin_J3_99_8 as pads/Conn_01x14_Pin_J3_99_8 (kibot - out_compress.py:116)
DEBUG:Adding /tmp/tmp9y2smb52/pads/Conn_01x14_Pin_J3_99_9 as pads/Conn_01x14_Pin_J3_99_9 (kibot - out_compress.py:116)
DEBUG:Adding /tmp/tmp9y2smb52/pads/Conn_01x14_Pin_J3_99_10 as pads/Conn_01x14_Pin_J3_99_10 (kibot - out_compress.py:116)
DEBUG:Adding /tmp/tmp9y2smb52/pads/Conn_01x14_Pin_J3_99_11 as pads/Conn_01x14_Pin_J3_99_11 (kibot - out_compress.py:116)
DEBUG:Adding /tmp/tmp9y2smb52/pads/Conn_01x14_Pin_J3_99_12 as pads/Conn_01x14_Pin_J3_99_12 (kibot - out_compress.py:116)
DEBUG:Adding /tmp/tmp9y2smb52/pads/Conn_01x14_Pin_J3_99_13 as pads/Conn_01x14_Pin_J3_99_13 (kibot - out_compress.py:116)
DEBUG:Adding /tmp/tmp9y2smb52/pads/TFT_2_4in_320x240_TFT1_100_0 as pads/TFT_2_4in_320x240_TFT1_100_0 (kibot - out_compress.py:116)
DEBUG:Adding /tmp/tmp9y2smb52/pads/TFT_2_4in_320x240_TFT1_100_1 as pads/TFT_2_4in_320x240_TFT1_100_1 (kibot - out_compress.py:116)
DEBUG:Adding /tmp/tmp9y2smb52/pads/TFT_2_4in_320x240_TFT1_100_2 as pads/TFT_2_4in_320x240_TFT1_100_2 (kibot - out_compress.py:116)
DEBUG:Adding /tmp/tmp9y2smb52/pads/TFT_2_4in_320x240_TFT1_100_3 as pads/TFT_2_4in_320x240_TFT1_100_3 (kibot - out_compress.py:116)
DEBUG:Adding /tmp/tmp9y2smb52/layers/stackup as layers/stackup (kibot - out_compress.py:116)
DEBUG:Adding /tmp/tmp9y2smb52/boards as boards (kibot - out_compress.py:116)
DEBUG:Starting tool check for Blender (kibot - dep_downloader.py:866)
DEBUG:- Returning `/usr/bin/blender` (kibot - dep_downloader.py:873)
DEBUG:Starting tool check for ImageMagick (kibot - dep_downloader.py:866)
DEBUG:- Returning `/usr/bin/convert` (kibot - dep_downloader.py:873)
DEBUG:Scene:
{
  "auto_camera_z_axis_factor": 1.1,
  "fixed_auto_camera": false,
  "lights": [
    {
      "energy": 0.5,
      "name": "sunlight",
      "position": [
        -0.33316650000000003,
        0.33316650000000003,
        0.50025
      ],
      "type": "SUN"
    },
    {
      "energy": 2.4024005999999996,
      "name": "softbox1",
      "position": [
        -0.33316650000000003,
        0.33316650000000003,
        0.50025
      ],
      "type": "AREA"
    },
    {
      "energy": 2.4024005999999996,
      "name": "softbox2",
      "position": [
        0.33316650000000003,
        -0.33316650000000003,
        0.50025
      ],
      "type": "AREA"
    },
    {
      "energy": 2.4024005999999996,
      "name": "softbox3",
      "position": [
        -0.33316650000000003,
        -0.33316650000000003,
        0.50025
      ],
      "type": "AREA"
    },
    {
      "energy": 2.4024005999999996,
      "name": "softbox4",
      "position": [
        -0.33316650000000003,
        0.33316650000000003,
        0.50025
      ],
      "type": "AREA"
    }
  ],
  "point_of_view": [
    {
      "rotate_x": 0,
      "rotate_y": 0,
      "rotate_z": 0,
      "view": "Z"
    }
  ],
  "render": {
    "background1": "#66667F",
    "background2": "#66667F",
    "resolution_x": 1080,
    "resolution_y": 1080,
    "samples": 4,
    "transparent_background": true
  }
} (kibot - out_blender_export.py:610)
DEBUG:- Executing: /usr/bin/blender -b --factory-startup -P /usr/lib/python3/dist-packages/kibot/blender_scripts/blender_export.py -- --no_components --solder_joints NONE --format render --output /work/output/3d/ktest-3D_blenderbare_bottom.png --scene /tmp/tmp01zttuti.json /work/output/3d/ktest-blender_export.pcb3d (kibot - kiplot.py:161)
DEBUG:- Output from command: Importing PCB3D file ...
Add-on not loaded: "pcb2blender_importer", cause: No module named 'pcb2blender_importer'
Add-on not loaded: "pcb3d_importer", cause: No module named 'pcb3d_importer'
Add-on not loaded: "bl_ext.blender_org.pcb3d_importer", cause: No module named 'bl_ext.blender_org.pcb3d_importer'
Skipping wheel for other system (win_arm64 != linux_x86_64): pillow-11.3.0-cp311-cp311-win_arm64.whl
Skipping wheel for other system (win_arm64 != linux_x86_64): skia_python-138.0-cp311-cp311-win_arm64.whl
Skipping wheel for other system (win_amd64 != linux_x86_64): skia_python-138.0-cp311-cp311-win_amd64.whl
Skipping wheel for other system (macosx_11_0_arm64 != linux_x86_64): pillow-11.3.0-cp311-cp311-macosx_11_0_arm64.whl
Skipping wheel for other system (macosx_11_0_arm64 != linux_x86_64): skia_python-138.0-cp311-cp311-macosx_11_0_arm64.whl
Skipping wheel for other system (macosx_10_10_x86_64 != linux_x86_64): pillow-11.3.0-cp311-cp311-macosx_10_10_x86_64.whl
Skipping wheel for other system (macosx_11_0_x86_64 != linux_x86_64): skia_python-138.0-cp311-cp311-macosx_11_0_x86_64.whl
Skipping wheel for other system (win_amd64 != linux_x86_64): pillow-11.3.0-cp311-cp311-win_amd64.whl
unknown drill shape '2'
unknown drill shape '2'
unknown drill shape '2'
unknown drill shape '2'
unknown drill shape '2'
unknown drill shape '2'
unknown drill shape '2'
unknown drill shape '2'
unknown drill shape '2'
unknown drill shape '2'
unknown drill shape '2'
unknown drill shape '2'
{
  "auto_camera_z_axis_factor": 1.1,
  "fixed_auto_camera": false,
  "lights": [
    {
      "energy": 0.5,
      "name": "sunlight",
      "position": [
        -0.33316650000000003,
        0.33316650000000003,
        0.50025
      ],
      "type": "SUN"
    },
    {
      "energy": 2.4024005999999996,
      "name": "softbox1",
      "position": [
        -0.33316650000000003,
        0.33316650000000003,
        0.50025
      ],
      "type": "AREA"
    },
    {
      "energy": 2.4024005999999996,
      "name": "softbox2",
      "position": [
        0.33316650000000003,
        -0.33316650000000003,
        0.50025
      ],
      "type": "AREA"
    },
    {
      "energy": 2.4024005999999996,
      "name": "softbox3",
      "position": [
        -0.33316650000000003,
        -0.33316650000000003,
        0.50025
      ],
      "type": "AREA"
    },
    {
      "energy": 2.4024005999999996,
      "name": "softbox4",
      "position": [
        -0.33316650000000003,
        0.33316650000000003,
        0.50025
      ],
      "type": "AREA"
    }
  ],
  "point_of_view": [
    {
      "rotate_x": 0,
      "rotate_y": 0,
      "rotate_z": 0,
      "view": "Z"
    }
  ],
  "render": {
    "background1": "#66667F",
    "background2": "#66667F",
    "resolution_x": 1080,
    "resolution_y": 1080,
    "samples": 4,
    "transparent_background": true
  }
}
- Select all
- Initial rotations: (0, 180, 0)
- Creating camera kibot_camera at (0.0, 0.0, 10.0)
- Changing camera to focus the board
- Creating light sunlight at [-0.33316650000000003, 0.33316650000000003, 0.50025], type: SUN energy: 0.5
- Default energy: 10.0
- Creating light softbox1 at [-0.33316650000000003, 0.33316650000000003, 0.50025], type: AREA energy: 2.4024005999999996
- Default energy: 10.0
- Creating light softbox2 at [0.33316650000000003, -0.33316650000000003, 0.50025], type: AREA energy: 2.4024005999999996
- Default energy: 10.0
- Creating light softbox3 at [-0.33316650000000003, -0.33316650000000003, 0.50025], type: AREA energy: 2.4024005999999996
- Default energy: 10.0
- Creating light softbox4 at [-0.33316650000000003, 0.33316650000000003, 0.50025], type: AREA energy: 2.4024005999999996
- Default energy: 10.0
Original colour transform: AgX
Solder-mask texture adjustment: 1 shader node(s), strength=0.2
Softbox softbox1: size=0.400 x 0.600, energy=2.402, aimed at board centre
Softbox softbox2: size=0.400 x 0.600, energy=2.402, aimed at board centre
Softbox softbox3: size=0.400 x 0.600, energy=2.402, aimed at board centre
Softbox softbox4: size=0.400 x 0.600, energy=2.402, aimed at board centre
Darkened 0 component material(s)
Metal roughness floor: 0.25; adjusted 3 shader(s)
Blender 4.2.4 LTS (hash e41b0e807a59 built 2024-11-19 00:31:24)
Fra:1 Mem:19.12M (Peak 19.12M) | Time:00:00.00 | Mem:0.00M, Peak:0.00M | Scene, ViewLayer | Synchronizing object | PCB_ktest-blender_export
Fra:1 Mem:20.97M (Peak 22.21M) | Time:00:00.01 | Mem:0.00M, Peak:0.00M | Scene, ViewLayer | Initializing
Fra:1 Mem:20.94M (Peak 22.21M) | Time:00:00.01 | Mem:0.00M, Peak:0.00M | Scene, ViewLayer | Updating Images | Loading ktest-blender_export_Paste.png
Fra:1 Mem:20.94M (Peak 22.21M) | Time:00:00.01 | Mem:0.00M, Peak:0.00M | Scene, ViewLayer | Updating Images | Loading ktest-blender_export_Cu.png
Fra:1 Mem:120.54M (Peak 120.54M) | Time:00:00.01 | Mem:0.00M, Peak:0.00M | Scene, ViewLayer | Updating Images | Loading ktest-blender_export_SilkS.png
Fra:1 Mem:152.12M (Peak 286.56M) | Time:00:00.24 | Mem:132.79M, Peak:132.79M | Scene, ViewLayer | Waiting for render to start
Fra:1 Mem:152.12M (Peak 286.56M) | Time:00:00.24 | Mem:132.79M, Peak:132.79M | Scene, ViewLayer | Loading render kernels (may take a few minutes the first time)
Fra:1 Mem:152.12M (Peak 286.56M) | Time:00:00.24 | Mem:132.79M, Peak:132.79M | Scene, ViewLayer | Updating Scene
Fra:1 Mem:152.12M (Peak 286.56M) | Time:00:00.24 | Mem:132.79M, Peak:132.79M | Scene, ViewLayer | Updating Shaders
Fra:1 Mem:152.24M (Peak 286.56M) | Time:00:00.25 | Mem:132.83M, Peak:132.83M | Scene, ViewLayer | Updating Procedurals
Fra:1 Mem:152.24M (Peak 286.56M) | Time:00:00.25 | Mem:132.83M, Peak:132.83M | Scene, ViewLayer | Updating Background
Fra:1 Mem:152.24M (Peak 286.56M) | Time:00:00.25 | Mem:132.83M, Peak:132.83M | Scene, ViewLayer | Updating Camera
Fra:1 Mem:152.24M (Peak 286.56M) | Time:00:00.25 | Mem:132.83M, Peak:132.83M | Scene, ViewLayer | Updating Meshes Flags
Fra:1 Mem:152.24M (Peak 286.56M) | Time:00:00.25 | Mem:132.83M, Peak:132.83M | Scene, ViewLayer | Updating Objects
Fra:1 Mem:152.24M (Peak 286.56M) | Time:00:00.25 | Mem:132.83M, Peak:132.83M | Scene, ViewLayer | Updating Objects | Copying Transformations to device
Fra:1 Mem:152.24M (Peak 286.56M) | Time:00:00.25 | Mem:132.83M, Peak:132.83M | Scene, ViewLayer | Updating Objects | Applying Static Transformations
Fra:1 Mem:152.24M (Peak 286.56M) | Time:00:00.25 | Mem:132.83M, Peak:132.83M | Scene, ViewLayer | Updating Particle Systems
Fra:1 Mem:152.24M (Peak 286.56M) | Time:00:00.25 | Mem:132.83M, Peak:132.83M | Scene, ViewLayer | Updating Particle Systems | Copying Particles to device
Fra:1 Mem:152.24M (Peak 286.56M) | Time:00:00.25 | Mem:132.83M, Peak:132.83M | Scene, ViewLayer | Updating Meshes
Fra:1 Mem:152.51M (Peak 286.56M) | Time:00:00.25 | Mem:132.83M, Peak:132.83M | Scene, ViewLayer | Updating Mesh | Computing attributes
Fra:1 Mem:153.24M (Peak 286.56M) | Time:00:00.25 | Mem:132.83M, Peak:132.83M | Scene, ViewLayer | Updating Mesh | Copying Attributes to device
Fra:1 Mem:153.24M (Peak 286.56M) | Time:00:00.25 | Mem:133.56M, Peak:133.56M | Scene, ViewLayer | Updating Geometry BVH PCB_ktest-blender_export 1/1 | Building BVH
Fra:1 Mem:153.24M (Peak 286.56M) | Time:00:00.25 | Mem:134.10M, Peak:134.10M | Scene, ViewLayer | Updating Geometry BVH PCB_ktest-blender_export 1/1 | Building BVH 0%
Fra:1 Mem:153.24M (Peak 286.56M) | Time:00:00.25 | Mem:134.74M, Peak:135.27M | Scene, ViewLayer | Updating Scene BVH | Building
Fra:1 Mem:153.24M (Peak 286.56M) | Time:00:00.25 | Mem:134.74M, Peak:135.27M | Scene, ViewLayer | Updating Scene BVH | Building BVH
Fra:1 Mem:153.24M (Peak 286.56M) | Time:00:00.25 | Mem:134.74M, Peak:135.27M | Scene, ViewLayer | Updating Scene BVH | Copying BVH to device
Fra:1 Mem:153.24M (Peak 286.56M) | Time:00:00.25 | Mem:134.74M, Peak:135.27M | Scene, ViewLayer | Updating Mesh | Computing normals
Fra:1 Mem:154.10M (Peak 286.56M) | Time:00:00.25 | Mem:134.74M, Peak:135.27M | Scene, ViewLayer | Updating Mesh | Copying Mesh to device
Fra:1 Mem:154.10M (Peak 286.56M) | Time:00:00.25 | Mem:135.59M, Peak:135.59M | Scene, ViewLayer | Updating Objects Flags
Fra:1 Mem:154.10M (Peak 286.56M) | Time:00:00.25 | Mem:135.59M, Peak:135.59M | Scene, ViewLayer | Updating Primitive Offsets
Fra:1 Mem:154.10M (Peak 286.56M) | Time:00:00.25 | Mem:135.59M, Peak:135.59M | Scene, ViewLayer | Updating Images
Fra:1 Mem:154.10M (Peak 286.56M) | Time:00:00.25 | Mem:135.59M, Peak:135.59M | Scene, ViewLayer | Updating Camera Volume
Fra:1 Mem:154.10M (Peak 286.56M) | Time:00:00.25 | Mem:135.59M, Peak:135.59M | Scene, ViewLayer | Updating Lookup Tables
Fra:1 Mem:154.10M (Peak 286.56M) | Time:00:00.25 | Mem:135.68M, Peak:135.68M | Scene, ViewLayer | Updating Lights
Fra:1 Mem:154.10M (Peak 286.56M) | Time:00:00.25 | Mem:135.68M, Peak:135.68M | Scene, ViewLayer | Updating Lights | Computing tree
Fra:1 Mem:154.10M (Peak 286.56M) | Time:00:00.25 | Mem:135.68M, Peak:135.68M | Scene, ViewLayer | Updating Integrator
Fra:1 Mem:154.10M (Peak 286.56M) | Time:00:00.25 | Mem:135.68M, Peak:135.68M | Scene, ViewLayer | Updating Film
Fra:1 Mem:154.10M (Peak 286.56M) | Time:00:00.25 | Mem:135.60M, Peak:135.68M | Scene, ViewLayer | Updating Lookup Tables
Fra:1 Mem:154.10M (Peak 286.56M) | Time:00:00.25 | Mem:135.68M, Peak:135.68M | Scene, ViewLayer | Updating Baking
Fra:1 Mem:154.10M (Peak 286.56M) | Time:00:00.25 | Mem:135.68M, Peak:135.68M | Scene, ViewLayer | Updating Device | Writing constant memory
Fra:1 Mem:154.10M (Peak 286.56M) | Time:00:00.25 | Mem:135.68M, Peak:135.68M | Scene, ViewLayer | Loading denoising kernels (may take a few minutes the first time)
Fra:1 Mem:154.10M (Peak 286.56M) | Time:00:00.25 | Mem:135.68M, Peak:135.68M | Scene, ViewLayer | Sample 0/4
Fra:1 Mem:238.66M (Peak 286.56M) | Time:00:06.84 | Remaining:00:19.77 | Mem:220.23M, Peak:220.23M | Scene, ViewLayer | Sample 1/4
Fra:1 Mem:274.26M (Peak 327.65M) | Time:00:33.62 | Mem:220.23M, Peak:220.23M | Scene, ViewLayer | Sample 4/4
Fra:1 Mem:274.26M (Peak 327.65M) | Time:00:33.62 | Mem:220.23M, Peak:220.23M | Scene, ViewLayer | Finished
Saved: '/work/output/3d/ktest-3D_blenderbare_bottom.png'
Time: 00:33.74 (Saving: 00:00.11)

Exporting /work/output/3d/ktest-3D_blenderbare_bottom.png in render format
- Render
batch job finished, exiting

Blender quit
 (kibot - kiplot.py:152)
DEBUG:- Executing: /usr/bin/convert /work/output/3d/ktest-3D_blenderbare_bottom.png -trim +repage -trim +repage /work/output/3d/ktest-3D_blenderbare_bottom.png (kibot - kiplot.py:161)
DEBUG:- Output from command: convert: eXIf: duplicate `/work/output/3d/ktest-3D_blenderbare_bottom.png' @ warning/png.c/MagickPNGWarningHandler/1525.
 (kibot - kiplot.py:152)
- '' (schematic_pdf) [pdf_sch_print]
DEBUG:Output destination: /work/output (kibot - kiplot.py:685)
DEBUG:Switching the PCB to 'Default' variant (kibot - out_base.py:1193)
DEBUG:Starting tool check for KiCad Automation tools (kibot - dep_downloader.py:866)
DEBUG:- Returning `/usr/bin/eeschema_do` (kibot - dep_downloader.py:873)
DEBUG:Replacing images in schematic (kibot - out_base.py:1324)
DEBUG:Executing: /usr/bin/eeschema_do -r -v export --file_format pdf -o /work/output/ktest-schematic.pdf --all_pages --default_font 'KiCad Font' /work/ktest.kicad_sch /work/output (kibot - kiplot.py:194)
DEBUG:Output from command:
> ./kicad/include/properties/property.h(607): assert "m_choices.GetCount() > 0" failed in PROPERTY_ENUM(): No enum choices defined
> ./kicad/include/properties/property.h(607): assert "m_choices.GetCount() > 0" failed in PROPERTY_ENUM(): No enum choices defined
> ./kicad/include/properties/property.h(607): assert "m_choices.GetCount() > 0" failed in PROPERTY_ENUM(): No enum choices defined
>  (kibot - kiplot.py:208)
- 'Drill details for fabrication drawings' (drillmap) [excellon]
DEBUG:Output destination: /work/output/tables (kibot - kiplot.py:685)
DEBUG:Switching the PCB to 'Default' variant (kibot - out_base.py:1193)
DEBUG:Generating drill files in /work/output/tables (kibot - out_any_drill.py:353)
DEBUG:- Executing: kicad-cli pcb export drill --output /work/output/tables --format excellon --excellon-units mm --excellon-zeros-format decimal --excellon-oval-format route --drill-origin absolute /work/ktest.kicad_pcb (kibot - kiplot.py:161)
DEBUG:- Output from command: 18:21:48: Font 'Verdana' not found; substituting 'DejaVu Sans Bold'.
18:21:48: Font 'Verdana' not found; substituting 'DejaVu Sans Book'.
Created file '/work/output/tables/ktest.drl'
Done.
 (kibot - kiplot.py:152)
DEBUG:Generating drill table: /work/output/tables/ktest-(L1-L4)_drill_table.csv (kibot - out_any_drill.py:441)
DEBUG:Generating drill table: /work/output/tables/ktest-(L1-L4)_NPTH_drill_table.csv (kibot - out_any_drill.py:441)
DEBUG:Looking for color theme `_builtin_classic` (kibot - color_theme.py:60)
- 'Fabrication drawing' (pcb_fabrication_pdf) [pcb_print]
DEBUG:Output destination: /work/output/fabrication (kibot - kiplot.py:685)
DEBUG:Switching the PCB to 'Default' variant (kibot - out_base.py:1193)
DEBUG:Starting tool check for LXML (kibot - dep_downloader.py:866)
DEBUG:- Returning `<module 'lxml' from '/usr/lib/python3/dist-packages/lxml/__init__.py'>` (kibot - dep_downloader.py:873)
DEBUG:Starting tool check for RSVG tools (kibot - dep_downloader.py:866)
DEBUG:- Returning `/usr/bin/rsvg-convert` (kibot - dep_downloader.py:873)
DEBUG:Starting tool check for Ghostscript (kibot - dep_downloader.py:866)
DEBUG:- Returning `/usr/bin/gs` (kibot - dep_downloader.py:873)
DEBUG:Starting to generate `/work/output/fabrication/ktest-pcb-fabrication.pdf` (kibot - out_pcb_print.py:1535)
DEBUG:- Temporal dir: /tmp/tmp-kibot-pcb_print-bjj9qzwo (kibot - out_pcb_print.py:1536)
DEBUG:- Using layout: /work/templates/Board_assy_fab_A4.kicad_wks (kibot - out_pcb_print.py:1546)
DEBUG:Starting include table preflight (kibot - pre_include_table.py:269)
DEBUG:- Analyzing requested outputs (kibot - pre_include_table.py:273)
DEBUG:Output destination: /work/output/tables (kibot - kiplot.py:685)
DEBUG:  - drillmap -> ['/work/output/tables/ktest-(L1-L4)_drill_table.csv', '/work/output/tables/ktest-(L1-L4)_NPTH_drill_table.csv'] (kibot - pre_include_table.py:289)
DEBUG:- Scanning board groups (kibot - pre_include_table.py:295)
DEBUG:  - kibot_fab_table_drillmap (kibot - pre_include_table.py:302)
DEBUG:    - Parsed group_suffix: drillmap, index: None, slice_str: None (kibot - pre_include_table.py:333)
DEBUG:    - Found group @185.0,40.0 mm (80.0x100.0 mm) layer 55 with name kibot_fab_table_drillmap (kibot - pre_include_table.py:349)
DEBUG:Applying KiCad 10 workaround: drill size (1200000, 1200000) pad size 1200000 1200000 (kibot - out_pcb_print.py:1517)
DEBUG:Applying KiCad 10 workaround: drill size (1200000, 1200000) pad size 1200000 1200000 (kibot - out_pcb_print.py:1517)
DEBUG:- Plotting layer FabricationRender (57) (kibot - out_pcb_print.py:1630)
DEBUG:- Plotting the frame (kibot - out_pcb_print.py:1669)
DEBUG:- Plotting the frame using an external script (kibot - out_pcb_print.py:730)
DEBUG:  - Temporal dir: /tmp/tmp-kibot-pcb_print_tmp_pcb_for_frame-544cf08o (kibot - out_pcb_print.py:733)
DEBUG:Copying project `/work/ktest.kicad_pro` to `/tmp/tmp-kibot-pcb_print_tmp_pcb_for_frame-544cf08o/ktest.kicad_pro` (kibot.gs - gs.py:615)
DEBUG:Copying project local settings `/work/ktest.kicad_prl` to `/tmp/tmp-kibot-pcb_print_tmp_pcb_for_frame-544cf08o/ktest.kicad_prl` (kibot.gs - gs.py:623)
DEBUG:Copying project custom design rules `/work/ktest.kicad_dru` to `/tmp/tmp-kibot-pcb_print_tmp_pcb_for_frame-544cf08o/ktest.kicad_dru` (kibot.gs - gs.py:631)
DEBUG:Copying /work/templates/Board_assy_fab_A4.kicad_wks -> /tmp/tmp-kibot-pcb_print_tmp_pcb_for_frame-544cf08o/pcbnew.kicad_wks (kibot - config.py:680)
DEBUG:Replacing page layout /work/templates/Board_assy_fab_A4.kicad_wks -> pcbnew.kicad_wks (kibot - config.py:683)
DEBUG:Copying /work/templates/Schematic.kicad_wks -> /tmp/tmp-kibot-pcb_print_tmp_pcb_for_frame-544cf08o/schematic.kicad_wks (kibot - config.py:680)
DEBUG:Replacing page layout templates/Schematic.kicad_wks -> schematic.kicad_wks (kibot - config.py:683)
DEBUG:Saving modified project to /tmp/tmp-kibot-pcb_print_tmp_pcb_for_frame-544cf08o/ktest.kicad_pro (kibot - config.py:699)
DEBUG:  - Worksheet: /tmp/tmp-kibot-pcb_print_tmp_pcb_for_frame-544cf08o/pcbnew.kicad_wks (kibot - out_pcb_print.py:742)
DEBUG:- Executing: /usr/bin/python3 /usr/share/kibot/tools/frame_plotter /tmp/tmp-kibot-pcb_print_tmp_pcb_for_frame-544cf08o/ktest.kicad_pcb 0.0 0.0 0.0 (kibot - kiplot.py:161)
DEBUG:- Output from command: ./kicad/include/properties/property.h(607): assert "m_choices.GetCount() > 0" failed in PROPERTY_ENUM(): No enum choices defined
./kicad/include/properties/property.h(607): assert "m_choices.GetCount() > 0" failed in PROPERTY_ENUM(): No enum choices defined
./kicad/include/properties/property.h(607): assert "m_choices.GetCount() > 0" failed in PROPERTY_ENUM(): No enum choices defined
/tmp/tmp-kibot-pcb_print_tmp_pcb_for_frame-544cf08o/ktest-frame.svg
 (kibot - kiplot.py:152)
DEBUG:  - Fixing images (kibot - out_pcb_print.py:765)
DEBUG:- Merging layers to ktest.svg (kibot - out_pcb_print.py:1691)
DEBUG: - Loading layer file /tmp/tmp-kibot-pcb_print-bjj9qzwo/01/ktest-FabricationRender0.svg (kibot - out_pcb_print.py:1139)
DEBUG: - Looking for text tags (kibot - out_pcb_print.py:1032)
DEBUG:Looking for image groups in the PCB (kibot - out_pcb_print.py:1084)
DEBUG:- {name} not in printed layers (kibot - out_pcb_print.py:1092)
DEBUG:- {name} not in printed layers (kibot - out_pcb_print.py:1092)
DEBUG:- {name} not in printed layers (kibot - out_pcb_print.py:1092)
DEBUG:- {name} not in printed layers (kibot - out_pcb_print.py:1092)
DEBUG:Output destination: /work/output/3d (kibot - kiplot.py:685)
DEBUG:Output destination: /work/output/3d (kibot - kiplot.py:685)
DEBUG: - Loading layer file ktest-frame.svg (kibot - out_pcb_print.py:1139)
DEBUG: - Looking for text tags (kibot - out_pcb_print.py:1032)
DEBUG:Applying KiCad 10 workaround: drill size (1200000, 1200000) pad size 1200000 1200000 (kibot - out_pcb_print.py:1517)
DEBUG:Applying KiCad 10 workaround: drill size (1200000, 1200000) pad size 1200000 1200000 (kibot - out_pcb_print.py:1517)
DEBUG:- Plotting layer FabricationNotes (53) (kibot - out_pcb_print.py:1630)
DEBUG:- Plotting the frame (kibot - out_pcb_print.py:1669)
DEBUG:- Plotting the frame using an external script (kibot - out_pcb_print.py:730)
DEBUG:  - Temporal dir: /tmp/tmp-kibot-pcb_print_tmp_pcb_for_frame-gtg2hd33 (kibot - out_pcb_print.py:733)
DEBUG:Copying project `/work/ktest.kicad_pro` to `/tmp/tmp-kibot-pcb_print_tmp_pcb_for_frame-gtg2hd33/ktest.kicad_pro` (kibot.gs - gs.py:615)
DEBUG:Copying project local settings `/work/ktest.kicad_prl` to `/tmp/tmp-kibot-pcb_print_tmp_pcb_for_frame-gtg2hd33/ktest.kicad_prl` (kibot.gs - gs.py:623)
DEBUG:Copying project custom design rules `/work/ktest.kicad_dru` to `/tmp/tmp-kibot-pcb_print_tmp_pcb_for_frame-gtg2hd33/ktest.kicad_dru` (kibot.gs - gs.py:631)
DEBUG:Copying /work/templates/Board_assy_fab_A4.kicad_wks -> /tmp/tmp-kibot-pcb_print_tmp_pcb_for_frame-gtg2hd33/pcbnew.kicad_wks (kibot - config.py:680)
DEBUG:Replacing page layout /work/templates/Board_assy_fab_A4.kicad_wks -> pcbnew.kicad_wks (kibot - config.py:683)
DEBUG:Copying /work/templates/Schematic.kicad_wks -> /tmp/tmp-kibot-pcb_print_tmp_pcb_for_frame-gtg2hd33/schematic.kicad_wks (kibot - config.py:680)
DEBUG:Replacing page layout templates/Schematic.kicad_wks -> schematic.kicad_wks (kibot - config.py:683)
DEBUG:Saving modified project to /tmp/tmp-kibot-pcb_print_tmp_pcb_for_frame-gtg2hd33/ktest.kicad_pro (kibot - config.py:699)
DEBUG:  - Worksheet: /tmp/tmp-kibot-pcb_print_tmp_pcb_for_frame-gtg2hd33/pcbnew.kicad_wks (kibot - out_pcb_print.py:742)
DEBUG:- Executing: /usr/bin/python3 /usr/share/kibot/tools/frame_plotter /tmp/tmp-kibot-pcb_print_tmp_pcb_for_frame-gtg2hd33/ktest.kicad_pcb 0.0 0.0 0.0 (kibot - kiplot.py:161)
DEBUG:- Output from command: ./kicad/include/properties/property.h(607): assert "m_choices.GetCount() > 0" failed in PROPERTY_ENUM(): No enum choices defined
./kicad/include/properties/property.h(607): assert "m_choices.GetCount() > 0" failed in PROPERTY_ENUM(): No enum choices defined
./kicad/include/properties/property.h(607): assert "m_choices.GetCount() > 0" failed in PROPERTY_ENUM(): No enum choices defined
/tmp/tmp-kibot-pcb_print_tmp_pcb_for_frame-gtg2hd33/ktest-frame.svg
 (kibot - kiplot.py:152)
DEBUG:  - Fixing images (kibot - out_pcb_print.py:765)
DEBUG:- Merging layers to ktest.svg (kibot - out_pcb_print.py:1691)
DEBUG: - Loading layer file /tmp/tmp-kibot-pcb_print-bjj9qzwo/02/ktest-FabricationNotes0.svg (kibot - out_pcb_print.py:1139)
DEBUG: - Looking for text tags (kibot - out_pcb_print.py:1032)
DEBUG:Looking for image groups in the PCB (kibot - out_pcb_print.py:1084)
DEBUG:- {name} not in printed layers (kibot - out_pcb_print.py:1092)
DEBUG:- {name} not in printed layers (kibot - out_pcb_print.py:1092)
DEBUG:- {name} not in printed layers (kibot - out_pcb_print.py:1092)
DEBUG:- {name} not in printed layers (kibot - out_pcb_print.py:1092)
DEBUG:- {name} not in printed layers (kibot - out_pcb_print.py:1092)
DEBUG:- {name} not in printed layers (kibot - out_pcb_print.py:1092)
DEBUG: - Loading layer file ktest-frame.svg (kibot - out_pcb_print.py:1139)
DEBUG: - Looking for text tags (kibot - out_pcb_print.py:1032)
DEBUG:Applying KiCad 10 workaround: drill size (1200000, 1200000) pad size 1200000 1200000 (kibot - out_pcb_print.py:1517)
DEBUG:Applying KiCad 10 workaround: drill size (1200000, 1200000) pad size 1200000 1200000 (kibot - out_pcb_print.py:1517)
DEBUG:- Plotting layer Edge.Cuts (25) (kibot - out_pcb_print.py:1630)
DEBUG:- Plotting layer F.Cu (0) (kibot - out_pcb_print.py:1630)
DEBUG:- Plotting layer F.Mask (1) (kibot - out_pcb_print.py:1630)
DEBUG:- Plotting layer F.Paste (13) (kibot - out_pcb_print.py:1630)
DEBUG:- Plotting layer F.Silkscreen (5) (kibot - out_pcb_print.py:1630)
DEBUG:- Plotting layer TopDimensions (59) (kibot - out_pcb_print.py:1630)
DEBUG:- Plotting the frame (kibot - out_pcb_print.py:1669)
DEBUG:- Plotting the frame using an external script (kibot - out_pcb_print.py:730)
DEBUG:  - Temporal dir: /tmp/tmp-kibot-pcb_print_tmp_pcb_for_frame-_bdmr0h2 (kibot - out_pcb_print.py:733)
DEBUG:Copying project `/work/ktest.kicad_pro` to `/tmp/tmp-kibot-pcb_print_tmp_pcb_for_frame-_bdmr0h2/ktest.kicad_pro` (kibot.gs - gs.py:615)
DEBUG:Copying project local settings `/work/ktest.kicad_prl` to `/tmp/tmp-kibot-pcb_print_tmp_pcb_for_frame-_bdmr0h2/ktest.kicad_prl` (kibot.gs - gs.py:623)
DEBUG:Copying project custom design rules `/work/ktest.kicad_dru` to `/tmp/tmp-kibot-pcb_print_tmp_pcb_for_frame-_bdmr0h2/ktest.kicad_dru` (kibot.gs - gs.py:631)
DEBUG:Copying /work/templates/Board_assy_fab_A4.kicad_wks -> /tmp/tmp-kibot-pcb_print_tmp_pcb_for_frame-_bdmr0h2/pcbnew.kicad_wks (kibot - config.py:680)
DEBUG:Replacing page layout /work/templates/Board_assy_fab_A4.kicad_wks -> pcbnew.kicad_wks (kibot - config.py:683)
DEBUG:Copying /work/templates/Schematic.kicad_wks -> /tmp/tmp-kibot-pcb_print_tmp_pcb_for_frame-_bdmr0h2/schematic.kicad_wks (kibot - config.py:680)
DEBUG:Replacing page layout templates/Schematic.kicad_wks -> schematic.kicad_wks (kibot - config.py:683)
DEBUG:Saving modified project to /tmp/tmp-kibot-pcb_print_tmp_pcb_for_frame-_bdmr0h2/ktest.kicad_pro (kibot - config.py:699)
DEBUG:  - Worksheet: /tmp/tmp-kibot-pcb_print_tmp_pcb_for_frame-_bdmr0h2/pcbnew.kicad_wks (kibot - out_pcb_print.py:742)
DEBUG:- Executing: /usr/bin/python3 /usr/share/kibot/tools/frame_plotter /tmp/tmp-kibot-pcb_print_tmp_pcb_for_frame-_bdmr0h2/ktest.kicad_pcb 0.0 0.0 0.0 (kibot - kiplot.py:161)
DEBUG:- Output from command: ./kicad/include/properties/property.h(607): assert "m_choices.GetCount() > 0" failed in PROPERTY_ENUM(): No enum choices defined
./kicad/include/properties/property.h(607): assert "m_choices.GetCount() > 0" failed in PROPERTY_ENUM(): No enum choices defined
./kicad/include/properties/property.h(607): assert "m_choices.GetCount() > 0" failed in PROPERTY_ENUM(): No enum choices defined
/tmp/tmp-kibot-pcb_print_tmp_pcb_for_frame-_bdmr0h2/ktest-frame.svg
 (kibot - kiplot.py:152)
DEBUG:  - Fixing images (kibot - out_pcb_print.py:765)
DEBUG:- Merging layers to ktest.svg (kibot - out_pcb_print.py:1691)
DEBUG: - Loading layer file /tmp/tmp-kibot-pcb_print-bjj9qzwo/03/ktest-Edge_Cuts0.svg (kibot - out_pcb_print.py:1139)
DEBUG: - Looking for text tags (kibot - out_pcb_print.py:1032)
DEBUG:Looking for image groups in the PCB (kibot - out_pcb_print.py:1084)
DEBUG:- {name} not in printed layers (kibot - out_pcb_print.py:1092)
DEBUG:- {name} not in printed layers (kibot - out_pcb_print.py:1092)
DEBUG:- {name} not in printed layers (kibot - out_pcb_print.py:1092)
DEBUG:- {name} not in printed layers (kibot - out_pcb_print.py:1092)
DEBUG:- {name} not in printed layers (kibot - out_pcb_print.py:1092)
DEBUG:- {name} not in printed layers (kibot - out_pcb_print.py:1092)
DEBUG: - Loading layer file /tmp/tmp-kibot-pcb_print-bjj9qzwo/03/ktest-F_Cu1.svg (kibot - out_pcb_print.py:1139)
DEBUG: - Looking for text tags (kibot - out_pcb_print.py:1032)
DEBUG: - Loading layer file /tmp/tmp-kibot-pcb_print-bjj9qzwo/03/ktest-F_Mask2.svg (kibot - out_pcb_print.py:1139)
DEBUG: - Looking for text tags (kibot - out_pcb_print.py:1032)
DEBUG: - Loading layer file /tmp/tmp-kibot-pcb_print-bjj9qzwo/03/ktest-F_Paste3.svg (kibot - out_pcb_print.py:1139)
DEBUG: - Looking for text tags (kibot - out_pcb_print.py:1032)
DEBUG: - Loading layer file /tmp/tmp-kibot-pcb_print-bjj9qzwo/03/ktest-F_Silkscreen4.svg (kibot - out_pcb_print.py:1139)
DEBUG: - Looking for text tags (kibot - out_pcb_print.py:1032)
DEBUG: - Loading layer file /tmp/tmp-kibot-pcb_print-bjj9qzwo/03/ktest-TopDimensions5.svg (kibot - out_pcb_print.py:1139)
DEBUG: - Looking for text tags (kibot - out_pcb_print.py:1032)
DEBUG: - Loading layer file ktest-frame.svg (kibot - out_pcb_print.py:1139)
DEBUG: - Looking for text tags (kibot - out_pcb_print.py:1032)
DEBUG:Applying KiCad 10 workaround: drill size (1200000, 1200000) pad size 1200000 1200000 (kibot - out_pcb_print.py:1517)
DEBUG:Applying KiCad 10 workaround: drill size (1200000, 1200000) pad size 1200000 1200000 (kibot - out_pcb_print.py:1517)
DEBUG:- Plotting layer Edge.Cuts (25) (kibot - out_pcb_print.py:1630)
DEBUG:- Plotting layer B.Cu (2) (kibot - out_pcb_print.py:1630)
DEBUG:- Plotting layer B.Mask (3) (kibot - out_pcb_print.py:1630)
DEBUG:- Plotting layer B.Paste (15) (kibot - out_pcb_print.py:1630)
DEBUG:- Plotting layer B.Silkscreen (7) (kibot - out_pcb_print.py:1630)
DEBUG:- Plotting layer BottomDimensions (61) (kibot - out_pcb_print.py:1630)
DEBUG:- Plotting the frame (kibot - out_pcb_print.py:1669)
DEBUG:- Plotting the frame using an external script (kibot - out_pcb_print.py:730)
DEBUG:  - Temporal dir: /tmp/tmp-kibot-pcb_print_tmp_pcb_for_frame-zv0ezpqq (kibot - out_pcb_print.py:733)
DEBUG:Copying project `/work/ktest.kicad_pro` to `/tmp/tmp-kibot-pcb_print_tmp_pcb_for_frame-zv0ezpqq/ktest.kicad_pro` (kibot.gs - gs.py:615)
DEBUG:Copying project local settings `/work/ktest.kicad_prl` to `/tmp/tmp-kibot-pcb_print_tmp_pcb_for_frame-zv0ezpqq/ktest.kicad_prl` (kibot.gs - gs.py:623)
DEBUG:Copying project custom design rules `/work/ktest.kicad_dru` to `/tmp/tmp-kibot-pcb_print_tmp_pcb_for_frame-zv0ezpqq/ktest.kicad_dru` (kibot.gs - gs.py:631)
DEBUG:Copying /work/templates/Board_assy_fab_A4.kicad_wks -> /tmp/tmp-kibot-pcb_print_tmp_pcb_for_frame-zv0ezpqq/pcbnew.kicad_wks (kibot - config.py:680)
DEBUG:Replacing page layout /work/templates/Board_assy_fab_A4.kicad_wks -> pcbnew.kicad_wks (kibot - config.py:683)
DEBUG:Copying /work/templates/Schematic.kicad_wks -> /tmp/tmp-kibot-pcb_print_tmp_pcb_for_frame-zv0ezpqq/schematic.kicad_wks (kibot - config.py:680)
DEBUG:Replacing page layout templates/Schematic.kicad_wks -> schematic.kicad_wks (kibot - config.py:683)
DEBUG:Saving modified project to /tmp/tmp-kibot-pcb_print_tmp_pcb_for_frame-zv0ezpqq/ktest.kicad_pro (kibot - config.py:699)
DEBUG:  - Worksheet: /tmp/tmp-kibot-pcb_print_tmp_pcb_for_frame-zv0ezpqq/pcbnew.kicad_wks (kibot - out_pcb_print.py:742)
DEBUG:- Executing: /usr/bin/python3 /usr/share/kibot/tools/frame_plotter /tmp/tmp-kibot-pcb_print_tmp_pcb_for_frame-zv0ezpqq/ktest.kicad_pcb 0.0 0.0 0.0 (kibot - kiplot.py:161)
DEBUG:- Output from command: ./kicad/include/properties/property.h(607): assert "m_choices.GetCount() > 0" failed in PROPERTY_ENUM(): No enum choices defined
./kicad/include/properties/property.h(607): assert "m_choices.GetCount() > 0" failed in PROPERTY_ENUM(): No enum choices defined
./kicad/include/properties/property.h(607): assert "m_choices.GetCount() > 0" failed in PROPERTY_ENUM(): No enum choices defined
/tmp/tmp-kibot-pcb_print_tmp_pcb_for_frame-zv0ezpqq/ktest-frame.svg
 (kibot - kiplot.py:152)
DEBUG:  - Fixing images (kibot - out_pcb_print.py:765)
DEBUG:- Merging layers to ktest.svg (kibot - out_pcb_print.py:1691)
DEBUG: - Loading layer file /tmp/tmp-kibot-pcb_print-bjj9qzwo/04/ktest-Edge_Cuts0.svg (kibot - out_pcb_print.py:1139)
DEBUG: - Looking for text tags (kibot - out_pcb_print.py:1032)
DEBUG:Looking for image groups in the PCB (kibot - out_pcb_print.py:1084)
DEBUG:- {name} not in printed layers (kibot - out_pcb_print.py:1092)
DEBUG:- {name} not in printed layers (kibot - out_pcb_print.py:1092)
DEBUG:- {name} not in printed layers (kibot - out_pcb_print.py:1092)
DEBUG:- {name} not in printed layers (kibot - out_pcb_print.py:1092)
DEBUG:- {name} not in printed layers (kibot - out_pcb_print.py:1092)
DEBUG:- {name} not in printed layers (kibot - out_pcb_print.py:1092)
DEBUG: - Loading layer file /tmp/tmp-kibot-pcb_print-bjj9qzwo/04/ktest-B_Cu1.svg (kibot - out_pcb_print.py:1139)
DEBUG: - Looking for text tags (kibot - out_pcb_print.py:1032)
DEBUG: - Loading layer file /tmp/tmp-kibot-pcb_print-bjj9qzwo/04/ktest-B_Mask2.svg (kibot - out_pcb_print.py:1139)
DEBUG: - Looking for text tags (kibot - out_pcb_print.py:1032)
DEBUG: - Loading layer file /tmp/tmp-kibot-pcb_print-bjj9qzwo/04/ktest-B_Paste3.svg (kibot - out_pcb_print.py:1139)
DEBUG: - Looking for text tags (kibot - out_pcb_print.py:1032)
DEBUG: - Loading layer file /tmp/tmp-kibot-pcb_print-bjj9qzwo/04/ktest-B_Silkscreen4.svg (kibot - out_pcb_print.py:1139)
DEBUG: - Looking for text tags (kibot - out_pcb_print.py:1032)
DEBUG: - Loading layer file /tmp/tmp-kibot-pcb_print-bjj9qzwo/04/ktest-BottomDimensions5.svg (kibot - out_pcb_print.py:1139)
DEBUG: - Looking for text tags (kibot - out_pcb_print.py:1032)
DEBUG: - Loading layer file ktest-frame.svg (kibot - out_pcb_print.py:1139)
DEBUG: - Looking for text tags (kibot - out_pcb_print.py:1032)
DEBUG:Starting include table preflight (kibot - pre_include_table.py:269)
DEBUG:- Analyzing requested outputs (kibot - pre_include_table.py:273)
DEBUG:Output destination: /work/output/tables (kibot - kiplot.py:685)
DEBUG:  - drillmap -> ['/work/output/tables/ktest-(L1-L4)_drill_table.csv', '/work/output/tables/ktest-(L1-L4)_NPTH_drill_table.csv'] (kibot - pre_include_table.py:289)
DEBUG:- Scanning board groups (kibot - pre_include_table.py:295)
DEBUG:  - kibot_fab_table_drillmap (kibot - pre_include_table.py:302)
DEBUG:    - Parsed group_suffix: drillmap, index: None, slice_str: None (kibot - pre_include_table.py:333)
DEBUG:    - Found group @185.0,40.0 mm (80.0x50.105843 mm) layer 55 with name kibot_fab_table_drillmap (kibot - pre_include_table.py:349)
DEBUG:Applying KiCad 10 workaround: drill size (1200000, 1200000) pad size 1200000 1200000 (kibot - out_pcb_print.py:1517)
DEBUG:Applying KiCad 10 workaround: drill size (1200000, 1200000) pad size 1200000 1200000 (kibot - out_pcb_print.py:1517)
DEBUG:- Plotting layer FabricationDrillMap (55) (kibot - out_pcb_print.py:1630)
DEBUG:- Plotting layer Edge.Cuts (25) (kibot - out_pcb_print.py:1630)
DEBUG:- Plotting the frame (kibot - out_pcb_print.py:1669)
DEBUG:- Plotting the frame using an external script (kibot - out_pcb_print.py:730)
DEBUG:  - Temporal dir: /tmp/tmp-kibot-pcb_print_tmp_pcb_for_frame-b4cgt4aa (kibot - out_pcb_print.py:733)
DEBUG:Copying project `/work/ktest.kicad_pro` to `/tmp/tmp-kibot-pcb_print_tmp_pcb_for_frame-b4cgt4aa/ktest.kicad_pro` (kibot.gs - gs.py:615)
DEBUG:Copying project local settings `/work/ktest.kicad_prl` to `/tmp/tmp-kibot-pcb_print_tmp_pcb_for_frame-b4cgt4aa/ktest.kicad_prl` (kibot.gs - gs.py:623)
DEBUG:Copying project custom design rules `/work/ktest.kicad_dru` to `/tmp/tmp-kibot-pcb_print_tmp_pcb_for_frame-b4cgt4aa/ktest.kicad_dru` (kibot.gs - gs.py:631)
DEBUG:Copying /work/templates/Board_assy_fab_A4.kicad_wks -> /tmp/tmp-kibot-pcb_print_tmp_pcb_for_frame-b4cgt4aa/pcbnew.kicad_wks (kibot - config.py:680)
DEBUG:Replacing page layout /work/templates/Board_assy_fab_A4.kicad_wks -> pcbnew.kicad_wks (kibot - config.py:683)
DEBUG:Copying /work/templates/Schematic.kicad_wks -> /tmp/tmp-kibot-pcb_print_tmp_pcb_for_frame-b4cgt4aa/schematic.kicad_wks (kibot - config.py:680)
DEBUG:Replacing page layout templates/Schematic.kicad_wks -> schematic.kicad_wks (kibot - config.py:683)
DEBUG:Saving modified project to /tmp/tmp-kibot-pcb_print_tmp_pcb_for_frame-b4cgt4aa/ktest.kicad_pro (kibot - config.py:699)
DEBUG:  - Worksheet: /tmp/tmp-kibot-pcb_print_tmp_pcb_for_frame-b4cgt4aa/pcbnew.kicad_wks (kibot - out_pcb_print.py:742)
DEBUG:- Executing: /usr/bin/python3 /usr/share/kibot/tools/frame_plotter /tmp/tmp-kibot-pcb_print_tmp_pcb_for_frame-b4cgt4aa/ktest.kicad_pcb 0.0 0.0 0.0 (kibot - kiplot.py:161)
DEBUG:- Output from command: ./kicad/include/properties/property.h(607): assert "m_choices.GetCount() > 0" failed in PROPERTY_ENUM(): No enum choices defined
./kicad/include/properties/property.h(607): assert "m_choices.GetCount() > 0" failed in PROPERTY_ENUM(): No enum choices defined
./kicad/include/properties/property.h(607): assert "m_choices.GetCount() > 0" failed in PROPERTY_ENUM(): No enum choices defined
/tmp/tmp-kibot-pcb_print_tmp_pcb_for_frame-b4cgt4aa/ktest-frame.svg
 (kibot - kiplot.py:152)
DEBUG:  - Fixing images (kibot - out_pcb_print.py:765)
DEBUG:- Merging layers to ktest.svg (kibot - out_pcb_print.py:1691)
DEBUG: - Loading layer file /tmp/tmp-kibot-pcb_print-bjj9qzwo/05/ktest-FabricationDrillMap0.svg (kibot - out_pcb_print.py:1139)
DEBUG: - Looking for text tags (kibot - out_pcb_print.py:1032)
DEBUG:Looking for image groups in the PCB (kibot - out_pcb_print.py:1084)
DEBUG:- {name} not in printed layers (kibot - out_pcb_print.py:1092)
DEBUG:- {name} not in printed layers (kibot - out_pcb_print.py:1092)
DEBUG:- {name} not in printed layers (kibot - out_pcb_print.py:1092)
DEBUG:- {name} not in printed layers (kibot - out_pcb_print.py:1092)
DEBUG:- {name} not in printed layers (kibot - out_pcb_print.py:1092)
DEBUG:- {name} not in printed layers (kibot - out_pcb_print.py:1092)
DEBUG: - Loading layer file /tmp/tmp-kibot-pcb_print-bjj9qzwo/05/ktest-Edge_Cuts1.svg (kibot - out_pcb_print.py:1139)
DEBUG: - Looking for text tags (kibot - out_pcb_print.py:1032)
DEBUG: - Loading layer file ktest-frame.svg (kibot - out_pcb_print.py:1139)
DEBUG: - Looking for text tags (kibot - out_pcb_print.py:1032)
DEBUG:Starting include table preflight (kibot - pre_include_table.py:269)
DEBUG:- Analyzing requested outputs (kibot - pre_include_table.py:273)
DEBUG:Output destination: /work/output/tables (kibot - kiplot.py:685)
DEBUG:  - drillmap -> ['/work/output/tables/ktest-(L1-L4)_drill_table.csv', '/work/output/tables/ktest-(L1-L4)_NPTH_drill_table.csv'] (kibot - pre_include_table.py:289)
DEBUG:- Scanning board groups (kibot - pre_include_table.py:295)
DEBUG:  - kibot_fab_table_drillmap (kibot - pre_include_table.py:302)
DEBUG:    - Parsed group_suffix: drillmap, index: None, slice_str: None (kibot - pre_include_table.py:333)
DEBUG:    - Found group @185.0,40.0 mm (80.0x50.105843 mm) layer 55 with name kibot_fab_table_drillmap (kibot - pre_include_table.py:349)
DEBUG:Applying KiCad 10 workaround: drill size (1200000, 1200000) pad size 1200000 1200000 (kibot - out_pcb_print.py:1517)
DEBUG:Applying KiCad 10 workaround: drill size (1200000, 1200000) pad size 1200000 1200000 (kibot - out_pcb_print.py:1517)
DEBUG:- Plotting layer FabricationDrillMap (55) (kibot - out_pcb_print.py:1630)
DEBUG:- Plotting layer Edge.Cuts (25) (kibot - out_pcb_print.py:1630)
DEBUG:- Plotting the frame (kibot - out_pcb_print.py:1669)
DEBUG:- Plotting the frame using an external script (kibot - out_pcb_print.py:730)
DEBUG:  - Temporal dir: /tmp/tmp-kibot-pcb_print_tmp_pcb_for_frame-iqx1xjsq (kibot - out_pcb_print.py:733)
DEBUG:Copying project `/work/ktest.kicad_pro` to `/tmp/tmp-kibot-pcb_print_tmp_pcb_for_frame-iqx1xjsq/ktest.kicad_pro` (kibot.gs - gs.py:615)
DEBUG:Copying project local settings `/work/ktest.kicad_prl` to `/tmp/tmp-kibot-pcb_print_tmp_pcb_for_frame-iqx1xjsq/ktest.kicad_prl` (kibot.gs - gs.py:623)
DEBUG:Copying project custom design rules `/work/ktest.kicad_dru` to `/tmp/tmp-kibot-pcb_print_tmp_pcb_for_frame-iqx1xjsq/ktest.kicad_dru` (kibot.gs - gs.py:631)
DEBUG:Copying /work/templates/Board_assy_fab_A4.kicad_wks -> /tmp/tmp-kibot-pcb_print_tmp_pcb_for_frame-iqx1xjsq/pcbnew.kicad_wks (kibot - config.py:680)
DEBUG:Replacing page layout /work/templates/Board_assy_fab_A4.kicad_wks -> pcbnew.kicad_wks (kibot - config.py:683)
DEBUG:Copying /work/templates/Schematic.kicad_wks -> /tmp/tmp-kibot-pcb_print_tmp_pcb_for_frame-iqx1xjsq/schematic.kicad_wks (kibot - config.py:680)
DEBUG:Replacing page layout templates/Schematic.kicad_wks -> schematic.kicad_wks (kibot - config.py:683)
DEBUG:Saving modified project to /tmp/tmp-kibot-pcb_print_tmp_pcb_for_frame-iqx1xjsq/ktest.kicad_pro (kibot - config.py:699)
DEBUG:  - Worksheet: /tmp/tmp-kibot-pcb_print_tmp_pcb_for_frame-iqx1xjsq/pcbnew.kicad_wks (kibot - out_pcb_print.py:742)
DEBUG:- Executing: /usr/bin/python3 /usr/share/kibot/tools/frame_plotter /tmp/tmp-kibot-pcb_print_tmp_pcb_for_frame-iqx1xjsq/ktest.kicad_pcb 0.0 0.0 0.0 (kibot - kiplot.py:161)
DEBUG:- Output from command: ./kicad/include/properties/property.h(607): assert "m_choices.GetCount() > 0" failed in PROPERTY_ENUM(): No enum choices defined
./kicad/include/properties/property.h(607): assert "m_choices.GetCount() > 0" failed in PROPERTY_ENUM(): No enum choices defined
./kicad/include/properties/property.h(607): assert "m_choices.GetCount() > 0" failed in PROPERTY_ENUM(): No enum choices defined
/tmp/tmp-kibot-pcb_print_tmp_pcb_for_frame-iqx1xjsq/ktest-frame.svg
 (kibot - kiplot.py:152)
DEBUG:  - Fixing images (kibot - out_pcb_print.py:765)
DEBUG:- Merging layers to ktest.svg (kibot - out_pcb_print.py:1691)
DEBUG: - Loading layer file /tmp/tmp-kibot-pcb_print-bjj9qzwo/06/ktest-FabricationDrillMap0.svg (kibot - out_pcb_print.py:1139)
DEBUG: - Looking for text tags (kibot - out_pcb_print.py:1032)
DEBUG:Looking for image groups in the PCB (kibot - out_pcb_print.py:1084)
DEBUG:- {name} not in printed layers (kibot - out_pcb_print.py:1092)
DEBUG:- {name} not in printed layers (kibot - out_pcb_print.py:1092)
DEBUG:- {name} not in printed layers (kibot - out_pcb_print.py:1092)
DEBUG:- {name} not in printed layers (kibot - out_pcb_print.py:1092)
DEBUG:- {name} not in printed layers (kibot - out_pcb_print.py:1092)
DEBUG:- {name} not in printed layers (kibot - out_pcb_print.py:1092)
DEBUG: - Loading layer file /tmp/tmp-kibot-pcb_print-bjj9qzwo/06/ktest-Edge_Cuts1.svg (kibot - out_pcb_print.py:1139)
DEBUG: - Looking for text tags (kibot - out_pcb_print.py:1032)
DEBUG: - Loading layer file ktest-frame.svg (kibot - out_pcb_print.py:1139)
DEBUG: - Looking for text tags (kibot - out_pcb_print.py:1032)
DEBUG:Applying KiCad 10 workaround: drill size (1200000, 1200000) pad size 1200000 1200000 (kibot - out_pcb_print.py:1517)
DEBUG:Applying KiCad 10 workaround: drill size (1200000, 1200000) pad size 1200000 1200000 (kibot - out_pcb_print.py:1517)
DEBUG:- Plotting layer F.Cu (0) (kibot - out_pcb_print.py:1630)
DEBUG:- Plotting layer Edge.Cuts (25) (kibot - out_pcb_print.py:1630)
DEBUG:- Plotting the frame (kibot - out_pcb_print.py:1669)
DEBUG:- Plotting the frame using an external script (kibot - out_pcb_print.py:730)
DEBUG:  - Temporal dir: /tmp/tmp-kibot-pcb_print_tmp_pcb_for_frame-r0pjnxab (kibot - out_pcb_print.py:733)
DEBUG:Copying project `/work/ktest.kicad_pro` to `/tmp/tmp-kibot-pcb_print_tmp_pcb_for_frame-r0pjnxab/ktest.kicad_pro` (kibot.gs - gs.py:615)
DEBUG:Copying project local settings `/work/ktest.kicad_prl` to `/tmp/tmp-kibot-pcb_print_tmp_pcb_for_frame-r0pjnxab/ktest.kicad_prl` (kibot.gs - gs.py:623)
DEBUG:Copying project custom design rules `/work/ktest.kicad_dru` to `/tmp/tmp-kibot-pcb_print_tmp_pcb_for_frame-r0pjnxab/ktest.kicad_dru` (kibot.gs - gs.py:631)
DEBUG:Copying /work/templates/Board_assy_fab_A4.kicad_wks -> /tmp/tmp-kibot-pcb_print_tmp_pcb_for_frame-r0pjnxab/pcbnew.kicad_wks (kibot - config.py:680)
DEBUG:Replacing page layout /work/templates/Board_assy_fab_A4.kicad_wks -> pcbnew.kicad_wks (kibot - config.py:683)
DEBUG:Copying /work/templates/Schematic.kicad_wks -> /tmp/tmp-kibot-pcb_print_tmp_pcb_for_frame-r0pjnxab/schematic.kicad_wks (kibot - config.py:680)
DEBUG:Replacing page layout templates/Schematic.kicad_wks -> schematic.kicad_wks (kibot - config.py:683)
DEBUG:Saving modified project to /tmp/tmp-kibot-pcb_print_tmp_pcb_for_frame-r0pjnxab/ktest.kicad_pro (kibot - config.py:699)
DEBUG:  - Worksheet: /tmp/tmp-kibot-pcb_print_tmp_pcb_for_frame-r0pjnxab/pcbnew.kicad_wks (kibot - out_pcb_print.py:742)
DEBUG:- Executing: /usr/bin/python3 /usr/share/kibot/tools/frame_plotter /tmp/tmp-kibot-pcb_print_tmp_pcb_for_frame-r0pjnxab/ktest.kicad_pcb 0.0 0.0 0.0 (kibot - kiplot.py:161)
DEBUG:- Output from command: ./kicad/include/properties/property.h(607): assert "m_choices.GetCount() > 0" failed in PROPERTY_ENUM(): No enum choices defined
./kicad/include/properties/property.h(607): assert "m_choices.GetCount() > 0" failed in PROPERTY_ENUM(): No enum choices defined
./kicad/include/properties/property.h(607): assert "m_choices.GetCount() > 0" failed in PROPERTY_ENUM(): No enum choices defined
/tmp/tmp-kibot-pcb_print_tmp_pcb_for_frame-r0pjnxab/ktest-frame.svg
 (kibot - kiplot.py:152)
DEBUG:  - Fixing images (kibot - out_pcb_print.py:765)
DEBUG:- Merging layers to ktest.svg (kibot - out_pcb_print.py:1691)
DEBUG: - Loading layer file /tmp/tmp-kibot-pcb_print-bjj9qzwo/07/ktest-F_Cu0.svg (kibot - out_pcb_print.py:1139)
DEBUG: - Looking for text tags (kibot - out_pcb_print.py:1032)
DEBUG:Looking for image groups in the PCB (kibot - out_pcb_print.py:1084)
DEBUG:- {name} not in printed layers (kibot - out_pcb_print.py:1092)
DEBUG:- {name} not in printed layers (kibot - out_pcb_print.py:1092)
DEBUG:- {name} not in printed layers (kibot - out_pcb_print.py:1092)
DEBUG:- {name} not in printed layers (kibot - out_pcb_print.py:1092)
DEBUG:- {name} not in printed layers (kibot - out_pcb_print.py:1092)
DEBUG:- {name} not in printed layers (kibot - out_pcb_print.py:1092)
DEBUG: - Loading layer file /tmp/tmp-kibot-pcb_print-bjj9qzwo/07/ktest-Edge_Cuts1.svg (kibot - out_pcb_print.py:1139)
DEBUG: - Looking for text tags (kibot - out_pcb_print.py:1032)
DEBUG: - Loading layer file ktest-frame.svg (kibot - out_pcb_print.py:1139)
DEBUG: - Looking for text tags (kibot - out_pcb_print.py:1032)
DEBUG:Applying KiCad 10 workaround: drill size (1200000, 1200000) pad size 1200000 1200000 (kibot - out_pcb_print.py:1517)
DEBUG:Applying KiCad 10 workaround: drill size (1200000, 1200000) pad size 1200000 1200000 (kibot - out_pcb_print.py:1517)
DEBUG:- Plotting layer In1.Cu (4) (kibot - out_pcb_print.py:1630)
DEBUG:- Plotting layer Edge.Cuts (25) (kibot - out_pcb_print.py:1630)
DEBUG:- Plotting the frame (kibot - out_pcb_print.py:1669)
DEBUG:- Plotting the frame using an external script (kibot - out_pcb_print.py:730)
DEBUG:  - Temporal dir: /tmp/tmp-kibot-pcb_print_tmp_pcb_for_frame-ae8vdoud (kibot - out_pcb_print.py:733)
DEBUG:Copying project `/work/ktest.kicad_pro` to `/tmp/tmp-kibot-pcb_print_tmp_pcb_for_frame-ae8vdoud/ktest.kicad_pro` (kibot.gs - gs.py:615)
DEBUG:Copying project local settings `/work/ktest.kicad_prl` to `/tmp/tmp-kibot-pcb_print_tmp_pcb_for_frame-ae8vdoud/ktest.kicad_prl` (kibot.gs - gs.py:623)
DEBUG:Copying project custom design rules `/work/ktest.kicad_dru` to `/tmp/tmp-kibot-pcb_print_tmp_pcb_for_frame-ae8vdoud/ktest.kicad_dru` (kibot.gs - gs.py:631)
DEBUG:Copying /work/templates/Board_assy_fab_A4.kicad_wks -> /tmp/tmp-kibot-pcb_print_tmp_pcb_for_frame-ae8vdoud/pcbnew.kicad_wks (kibot - config.py:680)
DEBUG:Replacing page layout /work/templates/Board_assy_fab_A4.kicad_wks -> pcbnew.kicad_wks (kibot - config.py:683)
DEBUG:Copying /work/templates/Schematic.kicad_wks -> /tmp/tmp-kibot-pcb_print_tmp_pcb_for_frame-ae8vdoud/schematic.kicad_wks (kibot - config.py:680)
DEBUG:Replacing page layout templates/Schematic.kicad_wks -> schematic.kicad_wks (kibot - config.py:683)
DEBUG:Saving modified project to /tmp/tmp-kibot-pcb_print_tmp_pcb_for_frame-ae8vdoud/ktest.kicad_pro (kibot - config.py:699)
DEBUG:  - Worksheet: /tmp/tmp-kibot-pcb_print_tmp_pcb_for_frame-ae8vdoud/pcbnew.kicad_wks (kibot - out_pcb_print.py:742)
DEBUG:- Executing: /usr/bin/python3 /usr/share/kibot/tools/frame_plotter /tmp/tmp-kibot-pcb_print_tmp_pcb_for_frame-ae8vdoud/ktest.kicad_pcb 0.0 0.0 0.0 (kibot - kiplot.py:161)
DEBUG:- Output from command: ./kicad/include/properties/property.h(607): assert "m_choices.GetCount() > 0" failed in PROPERTY_ENUM(): No enum choices defined
./kicad/include/properties/property.h(607): assert "m_choices.GetCount() > 0" failed in PROPERTY_ENUM(): No enum choices defined
./kicad/include/properties/property.h(607): assert "m_choices.GetCount() > 0" failed in PROPERTY_ENUM(): No enum choices defined
/tmp/tmp-kibot-pcb_print_tmp_pcb_for_frame-ae8vdoud/ktest-frame.svg
 (kibot - kiplot.py:152)
DEBUG:  - Fixing images (kibot - out_pcb_print.py:765)
DEBUG:- Merging layers to ktest.svg (kibot - out_pcb_print.py:1691)
DEBUG: - Loading layer file /tmp/tmp-kibot-pcb_print-bjj9qzwo/08/ktest-In1_Cu0.svg (kibot - out_pcb_print.py:1139)
DEBUG: - Looking for text tags (kibot - out_pcb_print.py:1032)
DEBUG:Looking for image groups in the PCB (kibot - out_pcb_print.py:1084)
DEBUG:- {name} not in printed layers (kibot - out_pcb_print.py:1092)
DEBUG:- {name} not in printed layers (kibot - out_pcb_print.py:1092)
DEBUG:- {name} not in printed layers (kibot - out_pcb_print.py:1092)
DEBUG:- {name} not in printed layers (kibot - out_pcb_print.py:1092)
DEBUG:- {name} not in printed layers (kibot - out_pcb_print.py:1092)
DEBUG:- {name} not in printed layers (kibot - out_pcb_print.py:1092)
DEBUG: - Loading layer file /tmp/tmp-kibot-pcb_print-bjj9qzwo/08/ktest-Edge_Cuts1.svg (kibot - out_pcb_print.py:1139)
DEBUG: - Looking for text tags (kibot - out_pcb_print.py:1032)
DEBUG: - Loading layer file ktest-frame.svg (kibot - out_pcb_print.py:1139)
DEBUG: - Looking for text tags (kibot - out_pcb_print.py:1032)
DEBUG:Applying KiCad 10 workaround: drill size (1200000, 1200000) pad size 1200000 1200000 (kibot - out_pcb_print.py:1517)
DEBUG:Applying KiCad 10 workaround: drill size (1200000, 1200000) pad size 1200000 1200000 (kibot - out_pcb_print.py:1517)
DEBUG:- Plotting layer In2.Cu (6) (kibot - out_pcb_print.py:1630)
DEBUG:- Plotting layer Edge.Cuts (25) (kibot - out_pcb_print.py:1630)
DEBUG:- Plotting the frame (kibot - out_pcb_print.py:1669)
DEBUG:- Plotting the frame using an external script (kibot - out_pcb_print.py:730)
DEBUG:  - Temporal dir: /tmp/tmp-kibot-pcb_print_tmp_pcb_for_frame-yjxatn1o (kibot - out_pcb_print.py:733)
DEBUG:Copying project `/work/ktest.kicad_pro` to `/tmp/tmp-kibot-pcb_print_tmp_pcb_for_frame-yjxatn1o/ktest.kicad_pro` (kibot.gs - gs.py:615)
DEBUG:Copying project local settings `/work/ktest.kicad_prl` to `/tmp/tmp-kibot-pcb_print_tmp_pcb_for_frame-yjxatn1o/ktest.kicad_prl` (kibot.gs - gs.py:623)
DEBUG:Copying project custom design rules `/work/ktest.kicad_dru` to `/tmp/tmp-kibot-pcb_print_tmp_pcb_for_frame-yjxatn1o/ktest.kicad_dru` (kibot.gs - gs.py:631)
DEBUG:Copying /work/templates/Board_assy_fab_A4.kicad_wks -> /tmp/tmp-kibot-pcb_print_tmp_pcb_for_frame-yjxatn1o/pcbnew.kicad_wks (kibot - config.py:680)
DEBUG:Replacing page layout /work/templates/Board_assy_fab_A4.kicad_wks -> pcbnew.kicad_wks (kibot - config.py:683)
DEBUG:Copying /work/templates/Schematic.kicad_wks -> /tmp/tmp-kibot-pcb_print_tmp_pcb_for_frame-yjxatn1o/schematic.kicad_wks (kibot - config.py:680)
DEBUG:Replacing page layout templates/Schematic.kicad_wks -> schematic.kicad_wks (kibot - config.py:683)
DEBUG:Saving modified project to /tmp/tmp-kibot-pcb_print_tmp_pcb_for_frame-yjxatn1o/ktest.kicad_pro (kibot - config.py:699)
DEBUG:  - Worksheet: /tmp/tmp-kibot-pcb_print_tmp_pcb_for_frame-yjxatn1o/pcbnew.kicad_wks (kibot - out_pcb_print.py:742)
DEBUG:- Executing: /usr/bin/python3 /usr/share/kibot/tools/frame_plotter /tmp/tmp-kibot-pcb_print_tmp_pcb_for_frame-yjxatn1o/ktest.kicad_pcb 0.0 0.0 0.0 (kibot - kiplot.py:161)
DEBUG:- Output from command: ./kicad/include/properties/property.h(607): assert "m_choices.GetCount() > 0" failed in PROPERTY_ENUM(): No enum choices defined
./kicad/include/properties/property.h(607): assert "m_choices.GetCount() > 0" failed in PROPERTY_ENUM(): No enum choices defined
./kicad/include/properties/property.h(607): assert "m_choices.GetCount() > 0" failed in PROPERTY_ENUM(): No enum choices defined
/tmp/tmp-kibot-pcb_print_tmp_pcb_for_frame-yjxatn1o/ktest-frame.svg
 (kibot - kiplot.py:152)
DEBUG:  - Fixing images (kibot - out_pcb_print.py:765)
DEBUG:- Merging layers to ktest.svg (kibot - out_pcb_print.py:1691)
DEBUG: - Loading layer file /tmp/tmp-kibot-pcb_print-bjj9qzwo/09/ktest-In2_Cu0.svg (kibot - out_pcb_print.py:1139)
DEBUG: - Looking for text tags (kibot - out_pcb_print.py:1032)
DEBUG:Looking for image groups in the PCB (kibot - out_pcb_print.py:1084)
DEBUG:- {name} not in printed layers (kibot - out_pcb_print.py:1092)
DEBUG:- {name} not in printed layers (kibot - out_pcb_print.py:1092)
DEBUG:- {name} not in printed layers (kibot - out_pcb_print.py:1092)
DEBUG:- {name} not in printed layers (kibot - out_pcb_print.py:1092)
DEBUG:- {name} not in printed layers (kibot - out_pcb_print.py:1092)
DEBUG:- {name} not in printed layers (kibot - out_pcb_print.py:1092)
DEBUG: - Loading layer file /tmp/tmp-kibot-pcb_print-bjj9qzwo/09/ktest-Edge_Cuts1.svg (kibot - out_pcb_print.py:1139)
DEBUG: - Looking for text tags (kibot - out_pcb_print.py:1032)
DEBUG: - Loading layer file ktest-frame.svg (kibot - out_pcb_print.py:1139)
DEBUG: - Looking for text tags (kibot - out_pcb_print.py:1032)
DEBUG:Applying KiCad 10 workaround: drill size (1200000, 1200000) pad size 1200000 1200000 (kibot - out_pcb_print.py:1517)
DEBUG:Applying KiCad 10 workaround: drill size (1200000, 1200000) pad size 1200000 1200000 (kibot - out_pcb_print.py:1517)
DEBUG:- Plotting layer B.Cu (2) (kibot - out_pcb_print.py:1630)
DEBUG:- Plotting layer Edge.Cuts (25) (kibot - out_pcb_print.py:1630)
DEBUG:- Plotting the frame (kibot - out_pcb_print.py:1669)
DEBUG:- Plotting the frame using an external script (kibot - out_pcb_print.py:730)
DEBUG:  - Temporal dir: /tmp/tmp-kibot-pcb_print_tmp_pcb_for_frame-scaq7h75 (kibot - out_pcb_print.py:733)
DEBUG:Copying project `/work/ktest.kicad_pro` to `/tmp/tmp-kibot-pcb_print_tmp_pcb_for_frame-scaq7h75/ktest.kicad_pro` (kibot.gs - gs.py:615)
DEBUG:Copying project local settings `/work/ktest.kicad_prl` to `/tmp/tmp-kibot-pcb_print_tmp_pcb_for_frame-scaq7h75/ktest.kicad_prl` (kibot.gs - gs.py:623)
DEBUG:Copying project custom design rules `/work/ktest.kicad_dru` to `/tmp/tmp-kibot-pcb_print_tmp_pcb_for_frame-scaq7h75/ktest.kicad_dru` (kibot.gs - gs.py:631)
DEBUG:Copying /work/templates/Board_assy_fab_A4.kicad_wks -> /tmp/tmp-kibot-pcb_print_tmp_pcb_for_frame-scaq7h75/pcbnew.kicad_wks (kibot - config.py:680)
DEBUG:Replacing page layout /work/templates/Board_assy_fab_A4.kicad_wks -> pcbnew.kicad_wks (kibot - config.py:683)
DEBUG:Copying /work/templates/Schematic.kicad_wks -> /tmp/tmp-kibot-pcb_print_tmp_pcb_for_frame-scaq7h75/schematic.kicad_wks (kibot - config.py:680)
DEBUG:Replacing page layout templates/Schematic.kicad_wks -> schematic.kicad_wks (kibot - config.py:683)
DEBUG:Saving modified project to /tmp/tmp-kibot-pcb_print_tmp_pcb_for_frame-scaq7h75/ktest.kicad_pro (kibot - config.py:699)
DEBUG:  - Worksheet: /tmp/tmp-kibot-pcb_print_tmp_pcb_for_frame-scaq7h75/pcbnew.kicad_wks (kibot - out_pcb_print.py:742)
DEBUG:- Executing: /usr/bin/python3 /usr/share/kibot/tools/frame_plotter /tmp/tmp-kibot-pcb_print_tmp_pcb_for_frame-scaq7h75/ktest.kicad_pcb 0.0 0.0 0.0 (kibot - kiplot.py:161)
DEBUG:- Output from command: ./kicad/include/properties/property.h(607): assert "m_choices.GetCount() > 0" failed in PROPERTY_ENUM(): No enum choices defined
./kicad/include/properties/property.h(607): assert "m_choices.GetCount() > 0" failed in PROPERTY_ENUM(): No enum choices defined
./kicad/include/properties/property.h(607): assert "m_choices.GetCount() > 0" failed in PROPERTY_ENUM(): No enum choices defined
/tmp/tmp-kibot-pcb_print_tmp_pcb_for_frame-scaq7h75/ktest-frame.svg
 (kibot - kiplot.py:152)
DEBUG:  - Fixing images (kibot - out_pcb_print.py:765)
DEBUG:- Merging layers to ktest.svg (kibot - out_pcb_print.py:1691)
DEBUG: - Loading layer file /tmp/tmp-kibot-pcb_print-bjj9qzwo/10/ktest-B_Cu0.svg (kibot - out_pcb_print.py:1139)
DEBUG: - Looking for text tags (kibot - out_pcb_print.py:1032)
DEBUG:Looking for image groups in the PCB (kibot - out_pcb_print.py:1084)
DEBUG:- {name} not in printed layers (kibot - out_pcb_print.py:1092)
DEBUG:- {name} not in printed layers (kibot - out_pcb_print.py:1092)
DEBUG:- {name} not in printed layers (kibot - out_pcb_print.py:1092)
DEBUG:- {name} not in printed layers (kibot - out_pcb_print.py:1092)
DEBUG:- {name} not in printed layers (kibot - out_pcb_print.py:1092)
DEBUG:- {name} not in printed layers (kibot - out_pcb_print.py:1092)
DEBUG: - Loading layer file /tmp/tmp-kibot-pcb_print-bjj9qzwo/10/ktest-Edge_Cuts1.svg (kibot - out_pcb_print.py:1139)
DEBUG: - Looking for text tags (kibot - out_pcb_print.py:1032)
DEBUG: - Loading layer file ktest-frame.svg (kibot - out_pcb_print.py:1139)
DEBUG: - Looking for text tags (kibot - out_pcb_print.py:1032)
DEBUG:Applying KiCad 10 workaround: drill size (1200000, 1200000) pad size 1200000 1200000 (kibot - out_pcb_print.py:1517)
DEBUG:Applying KiCad 10 workaround: drill size (1200000, 1200000) pad size 1200000 1200000 (kibot - out_pcb_print.py:1517)
DEBUG:- Plotting layer F.Mask (1) (kibot - out_pcb_print.py:1630)
DEBUG:- Plotting layer Edge.Cuts (25) (kibot - out_pcb_print.py:1630)
DEBUG:- Plotting the frame (kibot - out_pcb_print.py:1669)
DEBUG:- Plotting the frame using an external script (kibot - out_pcb_print.py:730)
DEBUG:  - Temporal dir: /tmp/tmp-kibot-pcb_print_tmp_pcb_for_frame-wjc9adcf (kibot - out_pcb_print.py:733)
DEBUG:Copying project `/work/ktest.kicad_pro` to `/tmp/tmp-kibot-pcb_print_tmp_pcb_for_frame-wjc9adcf/ktest.kicad_pro` (kibot.gs - gs.py:615)
DEBUG:Copying project local settings `/work/ktest.kicad_prl` to `/tmp/tmp-kibot-pcb_print_tmp_pcb_for_frame-wjc9adcf/ktest.kicad_prl` (kibot.gs - gs.py:623)
DEBUG:Copying project custom design rules `/work/ktest.kicad_dru` to `/tmp/tmp-kibot-pcb_print_tmp_pcb_for_frame-wjc9adcf/ktest.kicad_dru` (kibot.gs - gs.py:631)
DEBUG:Copying /work/templates/Board_assy_fab_A4.kicad_wks -> /tmp/tmp-kibot-pcb_print_tmp_pcb_for_frame-wjc9adcf/pcbnew.kicad_wks (kibot - config.py:680)
DEBUG:Replacing page layout /work/templates/Board_assy_fab_A4.kicad_wks -> pcbnew.kicad_wks (kibot - config.py:683)
DEBUG:Copying /work/templates/Schematic.kicad_wks -> /tmp/tmp-kibot-pcb_print_tmp_pcb_for_frame-wjc9adcf/schematic.kicad_wks (kibot - config.py:680)
DEBUG:Replacing page layout templates/Schematic.kicad_wks -> schematic.kicad_wks (kibot - config.py:683)
DEBUG:Saving modified project to /tmp/tmp-kibot-pcb_print_tmp_pcb_for_frame-wjc9adcf/ktest.kicad_pro (kibot - config.py:699)
DEBUG:  - Worksheet: /tmp/tmp-kibot-pcb_print_tmp_pcb_for_frame-wjc9adcf/pcbnew.kicad_wks (kibot - out_pcb_print.py:742)
DEBUG:- Executing: /usr/bin/python3 /usr/share/kibot/tools/frame_plotter /tmp/tmp-kibot-pcb_print_tmp_pcb_for_frame-wjc9adcf/ktest.kicad_pcb 0.0 0.0 0.0 (kibot - kiplot.py:161)
DEBUG:- Output from command: ./kicad/include/properties/property.h(607): assert "m_choices.GetCount() > 0" failed in PROPERTY_ENUM(): No enum choices defined
./kicad/include/properties/property.h(607): assert "m_choices.GetCount() > 0" failed in PROPERTY_ENUM(): No enum choices defined
./kicad/include/properties/property.h(607): assert "m_choices.GetCount() > 0" failed in PROPERTY_ENUM(): No enum choices defined
/tmp/tmp-kibot-pcb_print_tmp_pcb_for_frame-wjc9adcf/ktest-frame.svg
 (kibot - kiplot.py:152)
DEBUG:  - Fixing images (kibot - out_pcb_print.py:765)
DEBUG:- Merging layers to ktest.svg (kibot - out_pcb_print.py:1691)
DEBUG: - Loading layer file /tmp/tmp-kibot-pcb_print-bjj9qzwo/11/ktest-F_Mask0.svg (kibot - out_pcb_print.py:1139)
DEBUG: - Looking for text tags (kibot - out_pcb_print.py:1032)
DEBUG:Looking for image groups in the PCB (kibot - out_pcb_print.py:1084)
DEBUG:- {name} not in printed layers (kibot - out_pcb_print.py:1092)
DEBUG:- {name} not in printed layers (kibot - out_pcb_print.py:1092)
DEBUG:- {name} not in printed layers (kibot - out_pcb_print.py:1092)
DEBUG:- {name} not in printed layers (kibot - out_pcb_print.py:1092)
DEBUG:- {name} not in printed layers (kibot - out_pcb_print.py:1092)
DEBUG:- {name} not in printed layers (kibot - out_pcb_print.py:1092)
DEBUG: - Loading layer file /tmp/tmp-kibot-pcb_print-bjj9qzwo/11/ktest-Edge_Cuts1.svg (kibot - out_pcb_print.py:1139)
DEBUG: - Looking for text tags (kibot - out_pcb_print.py:1032)
DEBUG: - Loading layer file ktest-frame.svg (kibot - out_pcb_print.py:1139)
DEBUG: - Looking for text tags (kibot - out_pcb_print.py:1032)
DEBUG:Applying KiCad 10 workaround: drill size (1200000, 1200000) pad size 1200000 1200000 (kibot - out_pcb_print.py:1517)
DEBUG:Applying KiCad 10 workaround: drill size (1200000, 1200000) pad size 1200000 1200000 (kibot - out_pcb_print.py:1517)
DEBUG:- Plotting layer B.Mask (3) (kibot - out_pcb_print.py:1630)
DEBUG:- Plotting layer Edge.Cuts (25) (kibot - out_pcb_print.py:1630)
DEBUG:- Plotting the frame (kibot - out_pcb_print.py:1669)
DEBUG:- Plotting the frame using an external script (kibot - out_pcb_print.py:730)
DEBUG:  - Temporal dir: /tmp/tmp-kibot-pcb_print_tmp_pcb_for_frame-cwjbh093 (kibot - out_pcb_print.py:733)
DEBUG:Copying project `/work/ktest.kicad_pro` to `/tmp/tmp-kibot-pcb_print_tmp_pcb_for_frame-cwjbh093/ktest.kicad_pro` (kibot.gs - gs.py:615)
DEBUG:Copying project local settings `/work/ktest.kicad_prl` to `/tmp/tmp-kibot-pcb_print_tmp_pcb_for_frame-cwjbh093/ktest.kicad_prl` (kibot.gs - gs.py:623)
DEBUG:Copying project custom design rules `/work/ktest.kicad_dru` to `/tmp/tmp-kibot-pcb_print_tmp_pcb_for_frame-cwjbh093/ktest.kicad_dru` (kibot.gs - gs.py:631)
DEBUG:Copying /work/templates/Board_assy_fab_A4.kicad_wks -> /tmp/tmp-kibot-pcb_print_tmp_pcb_for_frame-cwjbh093/pcbnew.kicad_wks (kibot - config.py:680)
DEBUG:Replacing page layout /work/templates/Board_assy_fab_A4.kicad_wks -> pcbnew.kicad_wks (kibot - config.py:683)
DEBUG:Copying /work/templates/Schematic.kicad_wks -> /tmp/tmp-kibot-pcb_print_tmp_pcb_for_frame-cwjbh093/schematic.kicad_wks (kibot - config.py:680)
DEBUG:Replacing page layout templates/Schematic.kicad_wks -> schematic.kicad_wks (kibot - config.py:683)
DEBUG:Saving modified project to /tmp/tmp-kibot-pcb_print_tmp_pcb_for_frame-cwjbh093/ktest.kicad_pro (kibot - config.py:699)
DEBUG:  - Worksheet: /tmp/tmp-kibot-pcb_print_tmp_pcb_for_frame-cwjbh093/pcbnew.kicad_wks (kibot - out_pcb_print.py:742)
DEBUG:- Executing: /usr/bin/python3 /usr/share/kibot/tools/frame_plotter /tmp/tmp-kibot-pcb_print_tmp_pcb_for_frame-cwjbh093/ktest.kicad_pcb 0.0 0.0 0.0 (kibot - kiplot.py:161)
DEBUG:- Output from command: ./kicad/include/properties/property.h(607): assert "m_choices.GetCount() > 0" failed in PROPERTY_ENUM(): No enum choices defined
./kicad/include/properties/property.h(607): assert "m_choices.GetCount() > 0" failed in PROPERTY_ENUM(): No enum choices defined
./kicad/include/properties/property.h(607): assert "m_choices.GetCount() > 0" failed in PROPERTY_ENUM(): No enum choices defined
/tmp/tmp-kibot-pcb_print_tmp_pcb_for_frame-cwjbh093/ktest-frame.svg
 (kibot - kiplot.py:152)
DEBUG:  - Fixing images (kibot - out_pcb_print.py:765)
DEBUG:- Merging layers to ktest.svg (kibot - out_pcb_print.py:1691)
DEBUG: - Loading layer file /tmp/tmp-kibot-pcb_print-bjj9qzwo/12/ktest-B_Mask0.svg (kibot - out_pcb_print.py:1139)
DEBUG: - Looking for text tags (kibot - out_pcb_print.py:1032)
DEBUG:Looking for image groups in the PCB (kibot - out_pcb_print.py:1084)
DEBUG:- {name} not in printed layers (kibot - out_pcb_print.py:1092)
DEBUG:- {name} not in printed layers (kibot - out_pcb_print.py:1092)
DEBUG:- {name} not in printed layers (kibot - out_pcb_print.py:1092)
DEBUG:- {name} not in printed layers (kibot - out_pcb_print.py:1092)
DEBUG:- {name} not in printed layers (kibot - out_pcb_print.py:1092)
DEBUG:- {name} not in printed layers (kibot - out_pcb_print.py:1092)
DEBUG: - Loading layer file /tmp/tmp-kibot-pcb_print-bjj9qzwo/12/ktest-Edge_Cuts1.svg (kibot - out_pcb_print.py:1139)
DEBUG: - Looking for text tags (kibot - out_pcb_print.py:1032)
DEBUG: - Loading layer file ktest-frame.svg (kibot - out_pcb_print.py:1139)
DEBUG: - Looking for text tags (kibot - out_pcb_print.py:1032)
DEBUG:Applying KiCad 10 workaround: drill size (1200000, 1200000) pad size 1200000 1200000 (kibot - out_pcb_print.py:1517)
DEBUG:Applying KiCad 10 workaround: drill size (1200000, 1200000) pad size 1200000 1200000 (kibot - out_pcb_print.py:1517)
DEBUG:- Plotting layer F.Silkscreen (5) (kibot - out_pcb_print.py:1630)
DEBUG:- Plotting layer Edge.Cuts (25) (kibot - out_pcb_print.py:1630)
DEBUG:- Plotting the frame (kibot - out_pcb_print.py:1669)
DEBUG:- Plotting the frame using an external script (kibot - out_pcb_print.py:730)
DEBUG:  - Temporal dir: /tmp/tmp-kibot-pcb_print_tmp_pcb_for_frame-vhli212r (kibot - out_pcb_print.py:733)
DEBUG:Copying project `/work/ktest.kicad_pro` to `/tmp/tmp-kibot-pcb_print_tmp_pcb_for_frame-vhli212r/ktest.kicad_pro` (kibot.gs - gs.py:615)
DEBUG:Copying project local settings `/work/ktest.kicad_prl` to `/tmp/tmp-kibot-pcb_print_tmp_pcb_for_frame-vhli212r/ktest.kicad_prl` (kibot.gs - gs.py:623)
DEBUG:Copying project custom design rules `/work/ktest.kicad_dru` to `/tmp/tmp-kibot-pcb_print_tmp_pcb_for_frame-vhli212r/ktest.kicad_dru` (kibot.gs - gs.py:631)
DEBUG:Copying /work/templates/Board_assy_fab_A4.kicad_wks -> /tmp/tmp-kibot-pcb_print_tmp_pcb_for_frame-vhli212r/pcbnew.kicad_wks (kibot - config.py:680)
DEBUG:Replacing page layout /work/templates/Board_assy_fab_A4.kicad_wks -> pcbnew.kicad_wks (kibot - config.py:683)
DEBUG:Copying /work/templates/Schematic.kicad_wks -> /tmp/tmp-kibot-pcb_print_tmp_pcb_for_frame-vhli212r/schematic.kicad_wks (kibot - config.py:680)
DEBUG:Replacing page layout templates/Schematic.kicad_wks -> schematic.kicad_wks (kibot - config.py:683)
DEBUG:Saving modified project to /tmp/tmp-kibot-pcb_print_tmp_pcb_for_frame-vhli212r/ktest.kicad_pro (kibot - config.py:699)
DEBUG:  - Worksheet: /tmp/tmp-kibot-pcb_print_tmp_pcb_for_frame-vhli212r/pcbnew.kicad_wks (kibot - out_pcb_print.py:742)
DEBUG:- Executing: /usr/bin/python3 /usr/share/kibot/tools/frame_plotter /tmp/tmp-kibot-pcb_print_tmp_pcb_for_frame-vhli212r/ktest.kicad_pcb 0.0 0.0 0.0 (kibot - kiplot.py:161)
DEBUG:- Output from command: ./kicad/include/properties/property.h(607): assert "m_choices.GetCount() > 0" failed in PROPERTY_ENUM(): No enum choices defined
./kicad/include/properties/property.h(607): assert "m_choices.GetCount() > 0" failed in PROPERTY_ENUM(): No enum choices defined
./kicad/include/properties/property.h(607): assert "m_choices.GetCount() > 0" failed in PROPERTY_ENUM(): No enum choices defined
/tmp/tmp-kibot-pcb_print_tmp_pcb_for_frame-vhli212r/ktest-frame.svg
 (kibot - kiplot.py:152)
DEBUG:  - Fixing images (kibot - out_pcb_print.py:765)
DEBUG:- Merging layers to ktest.svg (kibot - out_pcb_print.py:1691)
DEBUG: - Loading layer file /tmp/tmp-kibot-pcb_print-bjj9qzwo/13/ktest-F_Silkscreen0.svg (kibot - out_pcb_print.py:1139)
DEBUG: - Looking for text tags (kibot - out_pcb_print.py:1032)
DEBUG:Looking for image groups in the PCB (kibot - out_pcb_print.py:1084)
DEBUG:- {name} not in printed layers (kibot - out_pcb_print.py:1092)
DEBUG:- {name} not in printed layers (kibot - out_pcb_print.py:1092)
DEBUG:- {name} not in printed layers (kibot - out_pcb_print.py:1092)
DEBUG:- {name} not in printed layers (kibot - out_pcb_print.py:1092)
DEBUG:- {name} not in printed layers (kibot - out_pcb_print.py:1092)
DEBUG:- {name} not in printed layers (kibot - out_pcb_print.py:1092)
DEBUG: - Loading layer file /tmp/tmp-kibot-pcb_print-bjj9qzwo/13/ktest-Edge_Cuts1.svg (kibot - out_pcb_print.py:1139)
DEBUG: - Looking for text tags (kibot - out_pcb_print.py:1032)
DEBUG: - Loading layer file ktest-frame.svg (kibot - out_pcb_print.py:1139)
DEBUG: - Looking for text tags (kibot - out_pcb_print.py:1032)
DEBUG:Applying KiCad 10 workaround: drill size (1200000, 1200000) pad size 1200000 1200000 (kibot - out_pcb_print.py:1517)
DEBUG:Applying KiCad 10 workaround: drill size (1200000, 1200000) pad size 1200000 1200000 (kibot - out_pcb_print.py:1517)
DEBUG:- Plotting layer B.Silkscreen (7) (kibot - out_pcb_print.py:1630)
DEBUG:- Plotting layer Edge.Cuts (25) (kibot - out_pcb_print.py:1630)
DEBUG:- Plotting the frame (kibot - out_pcb_print.py:1669)
DEBUG:- Plotting the frame using an external script (kibot - out_pcb_print.py:730)
DEBUG:  - Temporal dir: /tmp/tmp-kibot-pcb_print_tmp_pcb_for_frame-njpgp329 (kibot - out_pcb_print.py:733)
DEBUG:Copying project `/work/ktest.kicad_pro` to `/tmp/tmp-kibot-pcb_print_tmp_pcb_for_frame-njpgp329/ktest.kicad_pro` (kibot.gs - gs.py:615)
DEBUG:Copying project local settings `/work/ktest.kicad_prl` to `/tmp/tmp-kibot-pcb_print_tmp_pcb_for_frame-njpgp329/ktest.kicad_prl` (kibot.gs - gs.py:623)
DEBUG:Copying project custom design rules `/work/ktest.kicad_dru` to `/tmp/tmp-kibot-pcb_print_tmp_pcb_for_frame-njpgp329/ktest.kicad_dru` (kibot.gs - gs.py:631)
DEBUG:Copying /work/templates/Board_assy_fab_A4.kicad_wks -> /tmp/tmp-kibot-pcb_print_tmp_pcb_for_frame-njpgp329/pcbnew.kicad_wks (kibot - config.py:680)
DEBUG:Replacing page layout /work/templates/Board_assy_fab_A4.kicad_wks -> pcbnew.kicad_wks (kibot - config.py:683)
DEBUG:Copying /work/templates/Schematic.kicad_wks -> /tmp/tmp-kibot-pcb_print_tmp_pcb_for_frame-njpgp329/schematic.kicad_wks (kibot - config.py:680)
DEBUG:Replacing page layout templates/Schematic.kicad_wks -> schematic.kicad_wks (kibot - config.py:683)
DEBUG:Saving modified project to /tmp/tmp-kibot-pcb_print_tmp_pcb_for_frame-njpgp329/ktest.kicad_pro (kibot - config.py:699)
DEBUG:  - Worksheet: /tmp/tmp-kibot-pcb_print_tmp_pcb_for_frame-njpgp329/pcbnew.kicad_wks (kibot - out_pcb_print.py:742)
DEBUG:- Executing: /usr/bin/python3 /usr/share/kibot/tools/frame_plotter /tmp/tmp-kibot-pcb_print_tmp_pcb_for_frame-njpgp329/ktest.kicad_pcb 0.0 0.0 0.0 (kibot - kiplot.py:161)
DEBUG:- Output from command: ./kicad/include/properties/property.h(607): assert "m_choices.GetCount() > 0" failed in PROPERTY_ENUM(): No enum choices defined
./kicad/include/properties/property.h(607): assert "m_choices.GetCount() > 0" failed in PROPERTY_ENUM(): No enum choices defined
./kicad/include/properties/property.h(607): assert "m_choices.GetCount() > 0" failed in PROPERTY_ENUM(): No enum choices defined
/tmp/tmp-kibot-pcb_print_tmp_pcb_for_frame-njpgp329/ktest-frame.svg
 (kibot - kiplot.py:152)
DEBUG:  - Fixing images (kibot - out_pcb_print.py:765)
DEBUG:- Merging layers to ktest.svg (kibot - out_pcb_print.py:1691)
DEBUG: - Loading layer file /tmp/tmp-kibot-pcb_print-bjj9qzwo/14/ktest-B_Silkscreen0.svg (kibot - out_pcb_print.py:1139)
DEBUG: - Looking for text tags (kibot - out_pcb_print.py:1032)
DEBUG:Looking for image groups in the PCB (kibot - out_pcb_print.py:1084)
DEBUG:- {name} not in printed layers (kibot - out_pcb_print.py:1092)
DEBUG:- {name} not in printed layers (kibot - out_pcb_print.py:1092)
DEBUG:- {name} not in printed layers (kibot - out_pcb_print.py:1092)
DEBUG:- {name} not in printed layers (kibot - out_pcb_print.py:1092)
DEBUG:- {name} not in printed layers (kibot - out_pcb_print.py:1092)
DEBUG:- {name} not in printed layers (kibot - out_pcb_print.py:1092)
DEBUG: - Loading layer file /tmp/tmp-kibot-pcb_print-bjj9qzwo/14/ktest-Edge_Cuts1.svg (kibot - out_pcb_print.py:1139)
DEBUG: - Looking for text tags (kibot - out_pcb_print.py:1032)
DEBUG: - Loading layer file ktest-frame.svg (kibot - out_pcb_print.py:1139)
DEBUG: - Looking for text tags (kibot - out_pcb_print.py:1032)
DEBUG:- Creating output file /work/output/fabrication/ktest-pcb-fabrication.pdf (kibot - out_pcb_print.py:1710)
DEBUG:- Creating 01/ktest.pdf from 01/ktest.svg (kibot - out_pcb_print.py:1386)
DEBUG:- Executing: /usr/bin/rsvg-convert -d 1200 -p 1200 -f pdf --unlimited -o /tmp/tmp-kibot-pcb_print-bjj9qzwo/01/ktest.pdf /tmp/tmp-kibot-pcb_print-bjj9qzwo/01/ktest.svg (kibot - kiplot.py:161)
DEBUG:- Creating 02/ktest.pdf from 02/ktest.svg (kibot - out_pcb_print.py:1386)
DEBUG:- Executing: /usr/bin/rsvg-convert -d 1200 -p 1200 -f pdf --unlimited -o /tmp/tmp-kibot-pcb_print-bjj9qzwo/02/ktest.pdf /tmp/tmp-kibot-pcb_print-bjj9qzwo/02/ktest.svg (kibot - kiplot.py:161)
DEBUG:- Creating 03/ktest.pdf from 03/ktest.svg (kibot - out_pcb_print.py:1386)
DEBUG:- Executing: /usr/bin/rsvg-convert -d 1200 -p 1200 -f pdf --unlimited -o /tmp/tmp-kibot-pcb_print-bjj9qzwo/03/ktest.pdf /tmp/tmp-kibot-pcb_print-bjj9qzwo/03/ktest.svg (kibot - kiplot.py:161)
DEBUG:- Creating 04/ktest.pdf from 04/ktest.svg (kibot - out_pcb_print.py:1386)
DEBUG:- Executing: /usr/bin/rsvg-convert -d 1200 -p 1200 -f pdf --unlimited -o /tmp/tmp-kibot-pcb_print-bjj9qzwo/04/ktest.pdf /tmp/tmp-kibot-pcb_print-bjj9qzwo/04/ktest.svg (kibot - kiplot.py:161)
DEBUG:- Creating 05/ktest.pdf from 05/ktest.svg (kibot - out_pcb_print.py:1386)
DEBUG:- Executing: /usr/bin/rsvg-convert -d 1200 -p 1200 -f pdf --unlimited -o /tmp/tmp-kibot-pcb_print-bjj9qzwo/05/ktest.pdf /tmp/tmp-kibot-pcb_print-bjj9qzwo/05/ktest.svg (kibot - kiplot.py:161)
DEBUG:- Creating 06/ktest.pdf from 06/ktest.svg (kibot - out_pcb_print.py:1386)
DEBUG:- Executing: /usr/bin/rsvg-convert -d 1200 -p 1200 -f pdf --unlimited -o /tmp/tmp-kibot-pcb_print-bjj9qzwo/06/ktest.pdf /tmp/tmp-kibot-pcb_print-bjj9qzwo/06/ktest.svg (kibot - kiplot.py:161)
DEBUG:- Creating 07/ktest.pdf from 07/ktest.svg (kibot - out_pcb_print.py:1386)
DEBUG:- Executing: /usr/bin/rsvg-convert -d 1200 -p 1200 -f pdf --unlimited -o /tmp/tmp-kibot-pcb_print-bjj9qzwo/07/ktest.pdf /tmp/tmp-kibot-pcb_print-bjj9qzwo/07/ktest.svg (kibot - kiplot.py:161)
DEBUG:- Creating 08/ktest.pdf from 08/ktest.svg (kibot - out_pcb_print.py:1386)
DEBUG:- Executing: /usr/bin/rsvg-convert -d 1200 -p 1200 -f pdf --unlimited -o /tmp/tmp-kibot-pcb_print-bjj9qzwo/08/ktest.pdf /tmp/tmp-kibot-pcb_print-bjj9qzwo/08/ktest.svg (kibot - kiplot.py:161)
DEBUG:- Creating 09/ktest.pdf from 09/ktest.svg (kibot - out_pcb_print.py:1386)
DEBUG:- Executing: /usr/bin/rsvg-convert -d 1200 -p 1200 -f pdf --unlimited -o /tmp/tmp-kibot-pcb_print-bjj9qzwo/09/ktest.pdf /tmp/tmp-kibot-pcb_print-bjj9qzwo/09/ktest.svg (kibot - kiplot.py:161)
DEBUG:- Creating 10/ktest.pdf from 10/ktest.svg (kibot - out_pcb_print.py:1386)
DEBUG:- Executing: /usr/bin/rsvg-convert -d 1200 -p 1200 -f pdf --unlimited -o /tmp/tmp-kibot-pcb_print-bjj9qzwo/10/ktest.pdf /tmp/tmp-kibot-pcb_print-bjj9qzwo/10/ktest.svg (kibot - kiplot.py:161)
DEBUG:- Creating 11/ktest.pdf from 11/ktest.svg (kibot - out_pcb_print.py:1386)
DEBUG:- Executing: /usr/bin/rsvg-convert -d 1200 -p 1200 -f pdf --unlimited -o /tmp/tmp-kibot-pcb_print-bjj9qzwo/11/ktest.pdf /tmp/tmp-kibot-pcb_print-bjj9qzwo/11/ktest.svg (kibot - kiplot.py:161)
DEBUG:- Creating 12/ktest.pdf from 12/ktest.svg (kibot - out_pcb_print.py:1386)
DEBUG:- Executing: /usr/bin/rsvg-convert -d 1200 -p 1200 -f pdf --unlimited -o /tmp/tmp-kibot-pcb_print-bjj9qzwo/12/ktest.pdf /tmp/tmp-kibot-pcb_print-bjj9qzwo/12/ktest.svg (kibot - kiplot.py:161)
DEBUG:- Creating 13/ktest.pdf from 13/ktest.svg (kibot - out_pcb_print.py:1386)
DEBUG:- Executing: /usr/bin/rsvg-convert -d 1200 -p 1200 -f pdf --unlimited -o /tmp/tmp-kibot-pcb_print-bjj9qzwo/13/ktest.pdf /tmp/tmp-kibot-pcb_print-bjj9qzwo/13/ktest.svg (kibot - kiplot.py:161)
DEBUG:- Creating 14/ktest.pdf from 14/ktest.svg (kibot - out_pcb_print.py:1386)
DEBUG:- Executing: /usr/bin/rsvg-convert -d 1200 -p 1200 -f pdf --unlimited -o /tmp/tmp-kibot-pcb_print-bjj9qzwo/14/ktest.pdf /tmp/tmp-kibot-pcb_print-bjj9qzwo/14/ktest.svg (kibot - kiplot.py:161)
DEBUG:- Joining ['/tmp/tmp-kibot-pcb_print-bjj9qzwo/01/ktest.pdf', '/tmp/tmp-kibot-pcb_print-bjj9qzwo/02/ktest.pdf', '/tmp/tmp-kibot-pcb_print-bjj9qzwo/03/ktest.pdf', '/tmp/tmp-kibot-pcb_print-bjj9qzwo/04/ktest.pdf', '/tmp/tmp-kibot-pcb_print-bjj9qzwo/05/ktest.pdf', '/tmp/tmp-kibot-pcb_print-bjj9qzwo/06/ktest.pdf', '/tmp/tmp-kibot-pcb_print-bjj9qzwo/07/ktest.pdf', '/tmp/tmp-kibot-pcb_print-bjj9qzwo/08/ktest.pdf', '/tmp/tmp-kibot-pcb_print-bjj9qzwo/09/ktest.pdf', '/tmp/tmp-kibot-pcb_print-bjj9qzwo/10/ktest.pdf', '/tmp/tmp-kibot-pcb_print-bjj9qzwo/11/ktest.pdf', '/tmp/tmp-kibot-pcb_print-bjj9qzwo/12/ktest.pdf', '/tmp/tmp-kibot-pcb_print-bjj9qzwo/13/ktest.pdf', '/tmp/tmp-kibot-pcb_print-bjj9qzwo/14/ktest.pdf'] into /work/output/fabrication/ktest-pcb-fabrication.pdf (297x210) (kibot - out_pcb_print.py:1389)
DEBUG:PDF scale 1.0 (297.00219717777776 -> 297) (kibot - create_pdf.py:30)
DEBUG:PDF scale 1.0 (297.00219717777776 -> 297) (kibot - create_pdf.py:30)
DEBUG:PDF scale 1.0 (297.00219717777776 -> 297) (kibot - create_pdf.py:30)
DEBUG:PDF scale 1.0 (297.00219717777776 -> 297) (kibot - create_pdf.py:30)
DEBUG:PDF scale 1.0 (297.00219717777776 -> 297) (kibot - create_pdf.py:30)
DEBUG:PDF scale 1.0 (297.00219717777776 -> 297) (kibot - create_pdf.py:30)
DEBUG:PDF scale 1.0 (297.00219717777776 -> 297) (kibot - create_pdf.py:30)
DEBUG:PDF scale 1.0 (297.00219717777776 -> 297) (kibot - create_pdf.py:30)
DEBUG:PDF scale 1.0 (297.00219717777776 -> 297) (kibot - create_pdf.py:30)
DEBUG:PDF scale 1.0 (297.00219717777776 -> 297) (kibot - create_pdf.py:30)
DEBUG:PDF scale 1.0 (297.00219717777776 -> 297) (kibot - create_pdf.py:30)
DEBUG:PDF scale 1.0 (297.00219717777776 -> 297) (kibot - create_pdf.py:30)
DEBUG:PDF scale 1.0 (297.00219717777776 -> 297) (kibot - create_pdf.py:30)
DEBUG:PDF scale 1.0 (297.00219717777776 -> 297) (kibot - create_pdf.py:30)
DEBUG:Finished generating `/work/output/fabrication/ktest-pcb-fabrication.pdf` (kibot - out_pcb_print.py:1746)
DEBUG:Creating internal filter: {'name': '_mechanical', 'type': 'generic', 'comment': 'Internal default mechanical filter', 'exclude_all_hash_ref': True, 'exclude_any': [{'column': 'References', 'regex': '^TP[0-9]*'}, {'column': 'References', 'regex': '^FID'}, {'column': 'Part', 'regex': '^mount.*hole'}, {'column': 'Part', 'regex': 'solder.*bridge'}, {'column': 'Part', 'regex': 'solder.*jump'}, {'column': 'Part', 'regex': 'test.*point'}, {'column': 'Footprint', 'regex': 'test.*point'}, {'column': 'Footprint', 'regex': '^mount.*hole'}, {'column': 'Footprint', 'regex': 'fiducial'}], 'exclude_virtual': True} (kibot - fil_base.py:264)
- 'Fitted component counts on top side' (parts_count_top) [report]
DEBUG:Output destination: /work/output/tables (kibot - kiplot.py:685)
DEBUG:Filters reset (kibot - fil_base.py:196)
DEBUG:Applying filter `_mechanical` to exclude (kibot - fil_base.py:187)
DEBUG:Switching the PCB to 'Default' variant (kibot - out_base.py:1193)
DEBUG:Crossing modules (kibot - out_base.py:372)
DEBUG:Removing paste, mask and/or glue (kibot - out_base.py:453)
DEBUG:Eurocircuits Pattern class for `minimum` is 9 because the clearance is 0.09, track is 0.2 and OAR is 0.12 (kibot - out_report.py:101)
DEBUG:Eurocircuits Pattern class for `measured` is 9 because the clearance is 0.09, track is 0.2 and OAR is 0.12 (kibot - out_report.py:101)
DEBUG:Eurocircuits Pattern class for `defined` is 9 because the clearance is 0.09, track is 0.2 and OAR is 0.12 (kibot - out_report.py:101)
DEBUG:Eurocircuits Drill class for `minimum` is D because the drill is 0.3 (kibot - out_report.py:114)
DEBUG:Eurocircuits Drill class for `measured` is C because the drill is 0.35 (kibot - out_report.py:114)
DEBUG:Eurocircuits Drill class for `defined` is C because the drill is 0.35 (kibot - out_report.py:114)
DEBUG:Restoring paste, mask and/or glue (kibot - out_base.py:540)
DEBUG:Report template: `templates/assembly_count_top.txt` (kibot - out_report.py:1109)
DEBUG:Report output: `/work/output/tables/ktest-assembly-count-top.csv` (kibot - out_report.py:1142)
- 'Fitted component counts on bottom side' (parts_count_bottom) [report]
DEBUG:Output destination: /work/output/tables (kibot - kiplot.py:685)
DEBUG:Filters reset (kibot - fil_base.py:196)
DEBUG:Applying filter `_mechanical` to exclude (kibot - fil_base.py:187)
DEBUG:Switching the PCB to 'Default' variant (kibot - out_base.py:1193)
DEBUG:Crossing modules (kibot - out_base.py:372)
DEBUG:Removing paste, mask and/or glue (kibot - out_base.py:453)
DEBUG:Eurocircuits Pattern class for `minimum` is 9 because the clearance is 0.09, track is 0.2 and OAR is 0.12 (kibot - out_report.py:101)
DEBUG:Eurocircuits Pattern class for `measured` is 9 because the clearance is 0.09, track is 0.2 and OAR is 0.12 (kibot - out_report.py:101)
DEBUG:Eurocircuits Pattern class for `defined` is 9 because the clearance is 0.09, track is 0.2 and OAR is 0.12 (kibot - out_report.py:101)
DEBUG:Eurocircuits Drill class for `minimum` is D because the drill is 0.3 (kibot - out_report.py:114)
DEBUG:Eurocircuits Drill class for `measured` is C because the drill is 0.35 (kibot - out_report.py:114)
DEBUG:Eurocircuits Drill class for `defined` is C because the drill is 0.35 (kibot - out_report.py:114)
DEBUG:Restoring paste, mask and/or glue (kibot - out_base.py:540)
DEBUG:Report template: `templates/assembly_count_bottom.txt` (kibot - out_report.py:1109)
DEBUG:Report output: `/work/output/tables/ktest-assembly-count-bottom.csv` (kibot - out_report.py:1142)
DEBUG:Creating internal filter: {'name': '_kibom_dnf_config', 'type': 'generic', 'comment': 'Internal KiBoM DNF filter (config)', 'config_field': 'config', 'exclude_value': True, 'exclude_config': True, 'keys': 'dnf_list'} (kibot - fil_base.py:283)
DEBUG:Creating internal filter: {'name': '_kibom_dnc_config', 'type': 'generic', 'comment': 'Internal KiBoM DNC filter (config)', 'config_field': 'config', 'exclude_value': True, 'exclude_config': True, 'keys': 'dnc_list', 'invert': True} (kibot - fil_base.py:283)
DEBUG:Valid columns: ['Row', 'Description', 'Part', 'Part Lib', 'References', 'Value', 'Footprint', 'Footprint Lib', 'Quantity Per PCB', 'Build Quantity', 'Status', 'Datasheet', 'Sheetpath', 'Source BoM', 'Reference', 'Config', 'Manufacturer', 'Manufacturer Part Number', 'Field5'] (19) (kibot - out_bom.py:732)
WARNING:(W062) Invalid column name `MPN`. Valid columns are ['Row', 'Description', 'Part', 'Part Lib', 'References', 'Value', 'Footprint', 'Footprint Lib', 'Quantity Per PCB', 'Build Quantity', 'Status', 'Datasheet', 'Sheetpath', 'Source BoM', 'Reference', 'Config', 'Manufacturer', 'Manufacturer Part Number', 'Field5', '${DNP}', '${EXCLUDE_FROM_BOARD}', '${EXCLUDE_FROM_SIM}', 'footprint full', 'Footprint X', 'Footprint Y', 'Footprint Rot', 'Footprint Side', 'Footprint Type', 'Footprint Type NV', 'Footprint Populate', 'Footprint X-Size', 'Footprint Y-Size', '${ITEM_NUMBER}', 'Net Name', 'Net Label', 'Net Class', '${QUANTITY}']. (kibot - out_bom.py:785)
DEBUG:Valid columns: ['Row', 'Description', 'Part', 'Part Lib', 'References', 'Value', 'Footprint', 'Footprint Lib', 'Quantity Per PCB', 'Build Quantity', 'Status', 'Datasheet', 'Sheetpath', 'Source BoM', 'Reference', 'Config', 'Manufacturer', 'Manufacturer Part Number', 'Field5'] (19) (kibot - out_bom.py:732)
- 'Fitted top-side BOM for the assembly PDF' (assembly_bom_top) [bom]
DEBUG:Output destination: /work/output/tables (kibot - kiplot.py:685)
DEBUG:Filters reset (kibot - fil_base.py:196)
DEBUG:Transfer "Exclude from bill of materials" from schematic (kibot - out_bom.py:1103)
DEBUG:Transfer "Exclude from bill of materials" from PCB (kibot - out_bom.py:1109)
DEBUG:Applying filter `_mechanical,assembly_bom_top_only` to exclude (kibot - fil_base.py:187)
DEBUG:Applying filter `_kibom_dnf_config` to fitted (kibot - fil_base.py:216)
DEBUG:Applying filter `_kibom_dnc_config` to fixed (kibot - fil_base.py:226)
DEBUG:Applying KiBoM style variants `default` (kibot - var_kibom.py:91)
DEBUG:Creating internal filter: {'type': 'expand_text_vars', 'comment': 'Internal default text variables expander', 'name': '_expand_text_vars'} (kibot - fil_base.py:335)
DEBUG:Applying transform filter `_expand_text_vars` (kibot - fil_base.py:173)
DEBUG:Using auxiliary origin: x=0 y=0 (kibot - bom.py:513)
DEBUG:Saving BOM File: /work/output/tables/ktest-assembly-bom-top.csv (kibot - bom.py:604)
DEBUG:CSV Output -> /work/output/tables/ktest-assembly-bom-top.csv (kibot - bom_writer.py:56)
DEBUG:Valid columns: ['Row', 'Description', 'Part', 'Part Lib', 'References', 'Value', 'Footprint', 'Footprint Lib', 'Quantity Per PCB', 'Build Quantity', 'Status', 'Datasheet', 'Sheetpath', 'Source BoM', 'Reference', 'Config', 'Manufacturer', 'Manufacturer Part Number', 'Field5'] (19) (kibot - out_bom.py:732)
DEBUG:Valid columns: ['Row', 'Description', 'Part', 'Part Lib', 'References', 'Value', 'Footprint', 'Footprint Lib', 'Quantity Per PCB', 'Build Quantity', 'Status', 'Datasheet', 'Sheetpath', 'Source BoM', 'Reference', 'Config', 'Manufacturer', 'Manufacturer Part Number', 'Field5'] (19) (kibot - out_bom.py:732)
- 'Fitted bottom-side BOM for the assembly PDF' (assembly_bom_bottom) [bom]
DEBUG:Output destination: /work/output/tables (kibot - kiplot.py:685)
DEBUG:Filters reset (kibot - fil_base.py:196)
DEBUG:Transfer "Exclude from bill of materials" from schematic (kibot - out_bom.py:1103)
DEBUG:Transfer "Exclude from bill of materials" from PCB (kibot - out_bom.py:1109)
DEBUG:Applying filter `_mechanical,assembly_bom_bottom_only` to exclude (kibot - fil_base.py:187)
DEBUG:Applying filter `_kibom_dnf_config` to fitted (kibot - fil_base.py:216)
DEBUG:Applying filter `_kibom_dnc_config` to fixed (kibot - fil_base.py:226)
DEBUG:Applying KiBoM style variants `default` (kibot - var_kibom.py:91)
DEBUG:Applying transform filter `_expand_text_vars` (kibot - fil_base.py:173)
DEBUG:Using auxiliary origin: x=0 y=0 (kibot - bom.py:513)
DEBUG:Saving BOM File: /work/output/tables/ktest-assembly-bom-bottom.csv (kibot - bom.py:604)
DEBUG:CSV Output -> /work/output/tables/ktest-assembly-bom-bottom.csv (kibot - bom_writer.py:56)
DEBUG:Looking for color theme `_builtin_classic` (kibot - color_theme.py:60)
- 'Assembly drawing' (pcb_assembly_pdf) [pcb_print]
DEBUG:Output destination: /work/output/assembly (kibot - kiplot.py:685)
DEBUG:Filters reset (kibot - fil_base.py:196)
DEBUG:Applying filter `_mechanical` to exclude (kibot - fil_base.py:187)
DEBUG:Switching the PCB to 'Default' variant (kibot - out_base.py:1193)
DEBUG:Starting tool check for LXML (kibot - dep_downloader.py:866)
DEBUG:- Returning `<module 'lxml' from '/usr/lib/python3/dist-packages/lxml/__init__.py'>` (kibot - dep_downloader.py:873)
DEBUG:Crossing modules (kibot - out_base.py:372)
DEBUG:Removing paste, mask and/or glue (kibot - out_base.py:453)
DEBUG:Starting tool check for RSVG tools (kibot - dep_downloader.py:866)
DEBUG:- Returning `/usr/bin/rsvg-convert` (kibot - dep_downloader.py:873)
DEBUG:Starting tool check for Ghostscript (kibot - dep_downloader.py:866)
DEBUG:- Returning `/usr/bin/gs` (kibot - dep_downloader.py:873)
DEBUG:Starting to generate `/work/output/assembly/ktest-pcb-assembly.pdf` (kibot - out_pcb_print.py:1535)
DEBUG:- Temporal dir: /tmp/tmp-kibot-pcb_print-q0w8s_7k (kibot - out_pcb_print.py:1536)
DEBUG:- Using layout: /work/templates/Board_assy_fab_A4.kicad_wks (kibot - out_pcb_print.py:1546)
DEBUG:Starting include table preflight (kibot - pre_include_table.py:269)
DEBUG:- Analyzing requested outputs (kibot - pre_include_table.py:273)
DEBUG:Output destination: /work/output/tables (kibot - kiplot.py:685)
DEBUG:  - parts_count_top -> ['/work/output/tables/ktest-assembly-count-top.csv'] (kibot - pre_include_table.py:289)
DEBUG:Output destination: /work/output/tables (kibot - kiplot.py:685)
DEBUG:  - parts_count_bottom -> ['/work/output/tables/ktest-assembly-count-bottom.csv'] (kibot - pre_include_table.py:289)
DEBUG:- Scanning board groups (kibot - pre_include_table.py:295)
DEBUG:  - kibot_assy_table_parts_count_top (kibot - pre_include_table.py:302)
DEBUG:    - Parsed group_suffix: parts_count_top, index: None, slice_str: None (kibot - pre_include_table.py:333)
DEBUG:    - Found group @20.0,40.0 mm (50.0x60.0 mm) layer 49 with name kibot_assy_table_parts_count_top (kibot - pre_include_table.py:349)
DEBUG:  - kibot_assy_table_parts_count_bottom (kibot - pre_include_table.py:302)
DEBUG:    - Parsed group_suffix: parts_count_bottom, index: None, slice_str: None (kibot - pre_include_table.py:333)
DEBUG:    - Found group @20.0,40.0 mm (50.0x60.0 mm) layer 51 with name kibot_assy_table_parts_count_bottom (kibot - pre_include_table.py:349)
DEBUG:Applying KiCad 10 workaround: drill size (1200000, 1200000) pad size 1200000 1200000 (kibot - out_pcb_print.py:1517)
DEBUG:Applying KiCad 10 workaround: drill size (1200000, 1200000) pad size 1200000 1200000 (kibot - out_pcb_print.py:1517)
DEBUG:- Plotting layer AssemblyOverview (47) (kibot - out_pcb_print.py:1630)
DEBUG:- Plotting the frame (kibot - out_pcb_print.py:1669)
DEBUG:- Plotting the frame using an external script (kibot - out_pcb_print.py:730)
DEBUG:  - Temporal dir: /tmp/tmp-kibot-pcb_print_tmp_pcb_for_frame-aoz152e0 (kibot - out_pcb_print.py:733)
DEBUG:Copying project `/work/ktest.kicad_pro` to `/tmp/tmp-kibot-pcb_print_tmp_pcb_for_frame-aoz152e0/ktest.kicad_pro` (kibot.gs - gs.py:615)
DEBUG:Copying project local settings `/work/ktest.kicad_prl` to `/tmp/tmp-kibot-pcb_print_tmp_pcb_for_frame-aoz152e0/ktest.kicad_prl` (kibot.gs - gs.py:623)
DEBUG:Copying project custom design rules `/work/ktest.kicad_dru` to `/tmp/tmp-kibot-pcb_print_tmp_pcb_for_frame-aoz152e0/ktest.kicad_dru` (kibot.gs - gs.py:631)
DEBUG:Copying /work/templates/Board_assy_fab_A4.kicad_wks -> /tmp/tmp-kibot-pcb_print_tmp_pcb_for_frame-aoz152e0/pcbnew.kicad_wks (kibot - config.py:680)
DEBUG:Replacing page layout /work/templates/Board_assy_fab_A4.kicad_wks -> pcbnew.kicad_wks (kibot - config.py:683)
DEBUG:Copying /work/templates/Schematic.kicad_wks -> /tmp/tmp-kibot-pcb_print_tmp_pcb_for_frame-aoz152e0/schematic.kicad_wks (kibot - config.py:680)
DEBUG:Replacing page layout templates/Schematic.kicad_wks -> schematic.kicad_wks (kibot - config.py:683)
DEBUG:Saving modified project to /tmp/tmp-kibot-pcb_print_tmp_pcb_for_frame-aoz152e0/ktest.kicad_pro (kibot - config.py:699)
DEBUG:  - Worksheet: /tmp/tmp-kibot-pcb_print_tmp_pcb_for_frame-aoz152e0/pcbnew.kicad_wks (kibot - out_pcb_print.py:742)
DEBUG:- Executing: /usr/bin/python3 /usr/share/kibot/tools/frame_plotter /tmp/tmp-kibot-pcb_print_tmp_pcb_for_frame-aoz152e0/ktest.kicad_pcb 0.0 0.0 0.0 (kibot - kiplot.py:161)
DEBUG:- Output from command: ./kicad/include/properties/property.h(607): assert "m_choices.GetCount() > 0" failed in PROPERTY_ENUM(): No enum choices defined
./kicad/include/properties/property.h(607): assert "m_choices.GetCount() > 0" failed in PROPERTY_ENUM(): No enum choices defined
./kicad/include/properties/property.h(607): assert "m_choices.GetCount() > 0" failed in PROPERTY_ENUM(): No enum choices defined
/tmp/tmp-kibot-pcb_print_tmp_pcb_for_frame-aoz152e0/ktest-frame.svg
 (kibot - kiplot.py:152)
DEBUG:  - Fixing images (kibot - out_pcb_print.py:765)
DEBUG:- Merging layers to ktest.svg (kibot - out_pcb_print.py:1691)
DEBUG: - Loading layer file /tmp/tmp-kibot-pcb_print-q0w8s_7k/01/ktest-AssemblyOverview0.svg (kibot - out_pcb_print.py:1139)
DEBUG: - Looking for text tags (kibot - out_pcb_print.py:1032)
DEBUG:Looking for image groups in the PCB (kibot - out_pcb_print.py:1084)
DEBUG:Output destination: /work/output/3d (kibot - kiplot.py:685)
DEBUG:Output destination: /work/output/3d (kibot - kiplot.py:685)
DEBUG:- {name} not in printed layers (kibot - out_pcb_print.py:1092)
DEBUG:- {name} not in printed layers (kibot - out_pcb_print.py:1092)
DEBUG:- {name} not in printed layers (kibot - out_pcb_print.py:1092)
DEBUG:- {name} not in printed layers (kibot - out_pcb_print.py:1092)
DEBUG: - Loading layer file ktest-frame.svg (kibot - out_pcb_print.py:1139)
DEBUG: - Looking for text tags (kibot - out_pcb_print.py:1032)
DEBUG:Applying KiCad 10 workaround: drill size (1200000, 1200000) pad size 1200000 1200000 (kibot - out_pcb_print.py:1517)
DEBUG:Applying KiCad 10 workaround: drill size (1200000, 1200000) pad size 1200000 1200000 (kibot - out_pcb_print.py:1517)
DEBUG:- Plotting layer F.Cu (0) (kibot - out_pcb_print.py:1630)
DEBUG:- Plotting layer F.Mask (1) (kibot - out_pcb_print.py:1630)
DEBUG:- Plotting realistic solder mask using PcbDraw (kibot - out_pcb_print.py:1253)
DEBUG:Starting tool check for LXML (kibot - dep_downloader.py:866)
DEBUG:- Returning `<module 'lxml' from '/usr/lib/python3/dist-packages/lxml/__init__.py'>` (kibot - dep_downloader.py:873)
DEBUG: - Found <defs> (kibot - out_pcb_print.py:1289)
DEBUG: - Found clip-path (kibot - out_pcb_print.py:1299)
DEBUG:- Plotting layer F.Paste (13) (kibot - out_pcb_print.py:1630)
DEBUG:- Plotting layer F.Fab (35) (kibot - out_pcb_print.py:1630)
DEBUG:- Plotting layer Edge.Cuts (25) (kibot - out_pcb_print.py:1630)
DEBUG:- Plotting layer AssyDNPTop (63) (kibot - out_pcb_print.py:1630)
DEBUG:- Plotting layer AssemblyTop (49) (kibot - out_pcb_print.py:1630)
DEBUG:- Plotting the frame (kibot - out_pcb_print.py:1669)
DEBUG:- Plotting the frame using an external script (kibot - out_pcb_print.py:730)
DEBUG:  - Temporal dir: /tmp/tmp-kibot-pcb_print_tmp_pcb_for_frame-fg62w9or (kibot - out_pcb_print.py:733)
DEBUG:Copying project `/work/ktest.kicad_pro` to `/tmp/tmp-kibot-pcb_print_tmp_pcb_for_frame-fg62w9or/ktest.kicad_pro` (kibot.gs - gs.py:615)
DEBUG:Copying project local settings `/work/ktest.kicad_prl` to `/tmp/tmp-kibot-pcb_print_tmp_pcb_for_frame-fg62w9or/ktest.kicad_prl` (kibot.gs - gs.py:623)
DEBUG:Copying project custom design rules `/work/ktest.kicad_dru` to `/tmp/tmp-kibot-pcb_print_tmp_pcb_for_frame-fg62w9or/ktest.kicad_dru` (kibot.gs - gs.py:631)
DEBUG:Copying /work/templates/Board_assy_fab_A4.kicad_wks -> /tmp/tmp-kibot-pcb_print_tmp_pcb_for_frame-fg62w9or/pcbnew.kicad_wks (kibot - config.py:680)
DEBUG:Replacing page layout /work/templates/Board_assy_fab_A4.kicad_wks -> pcbnew.kicad_wks (kibot - config.py:683)
DEBUG:Copying /work/templates/Schematic.kicad_wks -> /tmp/tmp-kibot-pcb_print_tmp_pcb_for_frame-fg62w9or/schematic.kicad_wks (kibot - config.py:680)
DEBUG:Replacing page layout templates/Schematic.kicad_wks -> schematic.kicad_wks (kibot - config.py:683)
DEBUG:Saving modified project to /tmp/tmp-kibot-pcb_print_tmp_pcb_for_frame-fg62w9or/ktest.kicad_pro (kibot - config.py:699)
DEBUG:  - Worksheet: /tmp/tmp-kibot-pcb_print_tmp_pcb_for_frame-fg62w9or/pcbnew.kicad_wks (kibot - out_pcb_print.py:742)
DEBUG:- Executing: /usr/bin/python3 /usr/share/kibot/tools/frame_plotter /tmp/tmp-kibot-pcb_print_tmp_pcb_for_frame-fg62w9or/ktest.kicad_pcb 0.0 0.0 0.0 (kibot - kiplot.py:161)
DEBUG:- Output from command: ./kicad/include/properties/property.h(607): assert "m_choices.GetCount() > 0" failed in PROPERTY_ENUM(): No enum choices defined
./kicad/include/properties/property.h(607): assert "m_choices.GetCount() > 0" failed in PROPERTY_ENUM(): No enum choices defined
./kicad/include/properties/property.h(607): assert "m_choices.GetCount() > 0" failed in PROPERTY_ENUM(): No enum choices defined
/tmp/tmp-kibot-pcb_print_tmp_pcb_for_frame-fg62w9or/ktest-frame.svg
 (kibot - kiplot.py:152)
DEBUG:  - Fixing images (kibot - out_pcb_print.py:765)
DEBUG:- Merging layers to ktest.svg (kibot - out_pcb_print.py:1691)
DEBUG: - Loading layer file /tmp/tmp-kibot-pcb_print-q0w8s_7k/02/ktest-F_Cu0.svg (kibot - out_pcb_print.py:1139)
DEBUG: - Looking for text tags (kibot - out_pcb_print.py:1032)
DEBUG:Looking for image groups in the PCB (kibot - out_pcb_print.py:1084)
DEBUG:- {name} not in printed layers (kibot - out_pcb_print.py:1092)
DEBUG:- {name} not in printed layers (kibot - out_pcb_print.py:1092)
DEBUG:Output destination: /work/output/3d (kibot - kiplot.py:685)
DEBUG:- {name} not in printed layers (kibot - out_pcb_print.py:1092)
DEBUG:- {name} not in printed layers (kibot - out_pcb_print.py:1092)
DEBUG:- {name} not in printed layers (kibot - out_pcb_print.py:1092)
DEBUG: - Loading layer file /tmp/tmp-kibot-pcb_print-q0w8s_7k/02/ktest-F_Mask1.svg (kibot - out_pcb_print.py:1139)
DEBUG: - Looking for text tags (kibot - out_pcb_print.py:1032)
DEBUG: - Loading layer file /tmp/tmp-kibot-pcb_print-q0w8s_7k/02/ktest-F_Paste2.svg (kibot - out_pcb_print.py:1139)
DEBUG: - Looking for text tags (kibot - out_pcb_print.py:1032)
DEBUG: - Loading layer file /tmp/tmp-kibot-pcb_print-q0w8s_7k/02/ktest-F_Fab3.svg (kibot - out_pcb_print.py:1139)
DEBUG: - Looking for text tags (kibot - out_pcb_print.py:1032)
DEBUG: - Loading layer file /tmp/tmp-kibot-pcb_print-q0w8s_7k/02/ktest-Edge_Cuts4.svg (kibot - out_pcb_print.py:1139)
DEBUG: - Looking for text tags (kibot - out_pcb_print.py:1032)
DEBUG: - Loading layer file /tmp/tmp-kibot-pcb_print-q0w8s_7k/02/ktest-AssyDNPTop5.svg (kibot - out_pcb_print.py:1139)
DEBUG: - Looking for text tags (kibot - out_pcb_print.py:1032)
DEBUG: - Loading layer file /tmp/tmp-kibot-pcb_print-q0w8s_7k/02/ktest-AssemblyTop6.svg (kibot - out_pcb_print.py:1139)
DEBUG: - Looking for text tags (kibot - out_pcb_print.py:1032)
DEBUG: - Loading layer file ktest-frame.svg (kibot - out_pcb_print.py:1139)
DEBUG: - Looking for text tags (kibot - out_pcb_print.py:1032)
DEBUG:Applying KiCad 10 workaround: drill size (1200000, 1200000) pad size 1200000 1200000 (kibot - out_pcb_print.py:1517)
DEBUG:Applying KiCad 10 workaround: drill size (1200000, 1200000) pad size 1200000 1200000 (kibot - out_pcb_print.py:1517)
DEBUG:- Plotting layer B.Cu (2) (kibot - out_pcb_print.py:1630)
DEBUG:- Plotting layer B.Mask (3) (kibot - out_pcb_print.py:1630)
DEBUG:- Plotting realistic solder mask using PcbDraw (kibot - out_pcb_print.py:1253)
DEBUG:Starting tool check for LXML (kibot - dep_downloader.py:866)
DEBUG:- Returning `<module 'lxml' from '/usr/lib/python3/dist-packages/lxml/__init__.py'>` (kibot - dep_downloader.py:873)
DEBUG: - Found <defs> (kibot - out_pcb_print.py:1289)
DEBUG: - Found clip-path (kibot - out_pcb_print.py:1299)
DEBUG:- Plotting layer B.Paste (15) (kibot - out_pcb_print.py:1630)
DEBUG:- Plotting layer B.Fab (33) (kibot - out_pcb_print.py:1630)
DEBUG:- Plotting layer Edge.Cuts (25) (kibot - out_pcb_print.py:1630)
DEBUG:- Plotting layer AssyDNPBottom (65) (kibot - out_pcb_print.py:1630)
DEBUG:- Plotting layer AssemblyBottom (51) (kibot - out_pcb_print.py:1630)
DEBUG:- Plotting the frame (kibot - out_pcb_print.py:1669)
DEBUG:- Plotting the frame using an external script (kibot - out_pcb_print.py:730)
DEBUG:  - Temporal dir: /tmp/tmp-kibot-pcb_print_tmp_pcb_for_frame-eoxewp50 (kibot - out_pcb_print.py:733)
DEBUG:Copying project `/work/ktest.kicad_pro` to `/tmp/tmp-kibot-pcb_print_tmp_pcb_for_frame-eoxewp50/ktest.kicad_pro` (kibot.gs - gs.py:615)
DEBUG:Copying project local settings `/work/ktest.kicad_prl` to `/tmp/tmp-kibot-pcb_print_tmp_pcb_for_frame-eoxewp50/ktest.kicad_prl` (kibot.gs - gs.py:623)
DEBUG:Copying project custom design rules `/work/ktest.kicad_dru` to `/tmp/tmp-kibot-pcb_print_tmp_pcb_for_frame-eoxewp50/ktest.kicad_dru` (kibot.gs - gs.py:631)
DEBUG:Copying /work/templates/Board_assy_fab_A4.kicad_wks -> /tmp/tmp-kibot-pcb_print_tmp_pcb_for_frame-eoxewp50/pcbnew.kicad_wks (kibot - config.py:680)
DEBUG:Replacing page layout /work/templates/Board_assy_fab_A4.kicad_wks -> pcbnew.kicad_wks (kibot - config.py:683)
DEBUG:Copying /work/templates/Schematic.kicad_wks -> /tmp/tmp-kibot-pcb_print_tmp_pcb_for_frame-eoxewp50/schematic.kicad_wks (kibot - config.py:680)
DEBUG:Replacing page layout templates/Schematic.kicad_wks -> schematic.kicad_wks (kibot - config.py:683)
DEBUG:Saving modified project to /tmp/tmp-kibot-pcb_print_tmp_pcb_for_frame-eoxewp50/ktest.kicad_pro (kibot - config.py:699)
DEBUG:  - Worksheet: /tmp/tmp-kibot-pcb_print_tmp_pcb_for_frame-eoxewp50/pcbnew.kicad_wks (kibot - out_pcb_print.py:742)
DEBUG:- Executing: /usr/bin/python3 /usr/share/kibot/tools/frame_plotter /tmp/tmp-kibot-pcb_print_tmp_pcb_for_frame-eoxewp50/ktest.kicad_pcb 0.0 0.0 0.0 (kibot - kiplot.py:161)
DEBUG:- Output from command: ./kicad/include/properties/property.h(607): assert "m_choices.GetCount() > 0" failed in PROPERTY_ENUM(): No enum choices defined
./kicad/include/properties/property.h(607): assert "m_choices.GetCount() > 0" failed in PROPERTY_ENUM(): No enum choices defined
./kicad/include/properties/property.h(607): assert "m_choices.GetCount() > 0" failed in PROPERTY_ENUM(): No enum choices defined
/tmp/tmp-kibot-pcb_print_tmp_pcb_for_frame-eoxewp50/ktest-frame.svg
 (kibot - kiplot.py:152)
DEBUG:  - Fixing images (kibot - out_pcb_print.py:765)
DEBUG:- Merging layers to ktest.svg (kibot - out_pcb_print.py:1691)
DEBUG: - Loading layer file /tmp/tmp-kibot-pcb_print-q0w8s_7k/03/ktest-B_Cu0.svg (kibot - out_pcb_print.py:1139)
DEBUG: - Looking for text tags (kibot - out_pcb_print.py:1032)
DEBUG:Looking for image groups in the PCB (kibot - out_pcb_print.py:1084)
DEBUG:- {name} not in printed layers (kibot - out_pcb_print.py:1092)
DEBUG:- {name} not in printed layers (kibot - out_pcb_print.py:1092)
DEBUG:- {name} not in printed layers (kibot - out_pcb_print.py:1092)
DEBUG:Output destination: /work/output/3d (kibot - kiplot.py:685)
DEBUG:- {name} not in printed layers (kibot - out_pcb_print.py:1092)
DEBUG:- {name} not in printed layers (kibot - out_pcb_print.py:1092)
DEBUG: - Loading layer file /tmp/tmp-kibot-pcb_print-q0w8s_7k/03/ktest-B_Mask1.svg (kibot - out_pcb_print.py:1139)
DEBUG: - Looking for text tags (kibot - out_pcb_print.py:1032)
DEBUG: - Loading layer file /tmp/tmp-kibot-pcb_print-q0w8s_7k/03/ktest-B_Paste2.svg (kibot - out_pcb_print.py:1139)
DEBUG: - Looking for text tags (kibot - out_pcb_print.py:1032)
DEBUG: - Loading layer file /tmp/tmp-kibot-pcb_print-q0w8s_7k/03/ktest-B_Fab3.svg (kibot - out_pcb_print.py:1139)
DEBUG: - Looking for text tags (kibot - out_pcb_print.py:1032)
DEBUG: - Loading layer file /tmp/tmp-kibot-pcb_print-q0w8s_7k/03/ktest-Edge_Cuts4.svg (kibot - out_pcb_print.py:1139)
DEBUG: - Looking for text tags (kibot - out_pcb_print.py:1032)
DEBUG: - Loading layer file /tmp/tmp-kibot-pcb_print-q0w8s_7k/03/ktest-AssyDNPBottom5.svg (kibot - out_pcb_print.py:1139)
DEBUG: - Looking for text tags (kibot - out_pcb_print.py:1032)
DEBUG: - Loading layer file /tmp/tmp-kibot-pcb_print-q0w8s_7k/03/ktest-AssemblyBottom6.svg (kibot - out_pcb_print.py:1139)
DEBUG: - Looking for text tags (kibot - out_pcb_print.py:1032)
DEBUG: - Loading layer file ktest-frame.svg (kibot - out_pcb_print.py:1139)
DEBUG: - Looking for text tags (kibot - out_pcb_print.py:1032)
DEBUG:- Creating output file /work/output/assembly/ktest-pcb-assembly.pdf (kibot - out_pcb_print.py:1710)
DEBUG:- Creating 01/ktest.pdf from 01/ktest.svg (kibot - out_pcb_print.py:1386)
DEBUG:- Executing: /usr/bin/rsvg-convert -d 1200 -p 1200 -f pdf --unlimited -o /tmp/tmp-kibot-pcb_print-q0w8s_7k/01/ktest.pdf /tmp/tmp-kibot-pcb_print-q0w8s_7k/01/ktest.svg (kibot - kiplot.py:161)
DEBUG:- Creating 02/ktest.pdf from 02/ktest.svg (kibot - out_pcb_print.py:1386)
DEBUG:- Executing: /usr/bin/rsvg-convert -d 1200 -p 1200 -f pdf --unlimited -o /tmp/tmp-kibot-pcb_print-q0w8s_7k/02/ktest.pdf /tmp/tmp-kibot-pcb_print-q0w8s_7k/02/ktest.svg (kibot - kiplot.py:161)
DEBUG:- Creating 03/ktest.pdf from 03/ktest.svg (kibot - out_pcb_print.py:1386)
DEBUG:- Executing: /usr/bin/rsvg-convert -d 1200 -p 1200 -f pdf --unlimited -o /tmp/tmp-kibot-pcb_print-q0w8s_7k/03/ktest.pdf /tmp/tmp-kibot-pcb_print-q0w8s_7k/03/ktest.svg (kibot - kiplot.py:161)
DEBUG:- Joining ['/tmp/tmp-kibot-pcb_print-q0w8s_7k/01/ktest.pdf', '/tmp/tmp-kibot-pcb_print-q0w8s_7k/02/ktest.pdf', '/tmp/tmp-kibot-pcb_print-q0w8s_7k/03/ktest.pdf'] into /work/output/assembly/ktest-pcb-assembly.pdf (297x210) (kibot - out_pcb_print.py:1389)
DEBUG:PDF scale 1.0 (297.00219717777776 -> 297) (kibot - create_pdf.py:30)
DEBUG:PDF scale 1.0 (297.00219717777776 -> 297) (kibot - create_pdf.py:30)
DEBUG:PDF scale 1.0 (297.00219717777776 -> 297) (kibot - create_pdf.py:30)
DEBUG:Finished generating `/work/output/assembly/ktest-pcb-assembly.pdf` (kibot - out_pcb_print.py:1746)
DEBUG:Restoring paste, mask and/or glue (kibot - out_base.py:540)
- '' (fabrication_gerbers) [gerber]
DEBUG:Output destination: /work/output/fabrication/gerber (kibot - kiplot.py:685)
DEBUG:Switching the PCB to 'Default' variant (kibot - out_base.py:1193)
DEBUG:Configuring plot controller for output (kibot - out_any_layer.py:102)
DEBUG:Opening plot file for layer `F.Cu (0 'Front copper' F_Cu)` format `1` (kibot - out_any_layer.py:213)
DEBUG:Plotting layer `F.Cu (0 'Front copper' F_Cu)` to `/work/output/fabrication/gerber/ktest-F_Cu.gtl` (kibot - out_any_layer.py:220)
DEBUG:Opening plot file for layer `In1.Cu (4 'Inner layer 1' In1_Cu)` format `1` (kibot - out_any_layer.py:213)
DEBUG:Plotting layer `In1.Cu (4 'Inner layer 1' In1_Cu)` to `/work/output/fabrication/gerber/ktest-In1_Cu.g1` (kibot - out_any_layer.py:220)
DEBUG:Opening plot file for layer `In2.Cu (6 'Inner layer 2' In2_Cu)` format `1` (kibot - out_any_layer.py:213)
DEBUG:Plotting layer `In2.Cu (6 'Inner layer 2' In2_Cu)` to `/work/output/fabrication/gerber/ktest-In2_Cu.g2` (kibot - out_any_layer.py:220)
DEBUG:Opening plot file for layer `B.Cu (2 'Bottom copper' B_Cu)` format `1` (kibot - out_any_layer.py:213)
DEBUG:Plotting layer `B.Cu (2 'Bottom copper' B_Cu)` to `/work/output/fabrication/gerber/ktest-B_Cu.gbl` (kibot - out_any_layer.py:220)
DEBUG:Opening plot file for layer `F.Paste (13 'Front solder paste' F_Paste)` format `1` (kibot - out_any_layer.py:213)
DEBUG:Plotting layer `F.Paste (13 'Front solder paste' F_Paste)` to `/work/output/fabrication/gerber/ktest-F_Paste.gtp` (kibot - out_any_layer.py:220)
DEBUG:Opening plot file for layer `B.Paste (15 'Bottom solder paste' B_Paste)` format `1` (kibot - out_any_layer.py:213)
DEBUG:Plotting layer `B.Paste (15 'Bottom solder paste' B_Paste)` to `/work/output/fabrication/gerber/ktest-B_Paste.gbp` (kibot - out_any_layer.py:220)
DEBUG:Opening plot file for layer `F.Silkscreen (5 'Front silkscreen (artwork)' F_Silkscreen)` format `1` (kibot - out_any_layer.py:213)
DEBUG:Plotting layer `F.Silkscreen (5 'Front silkscreen (artwork)' F_Silkscreen)` to `/work/output/fabrication/gerber/ktest-F_Silkscreen.gto` (kibot - out_any_layer.py:220)
DEBUG:Opening plot file for layer `B.Silkscreen (7 'Bottom silkscreen (artwork)' B_Silkscreen)` format `1` (kibot - out_any_layer.py:213)
DEBUG:Plotting layer `B.Silkscreen (7 'Bottom silkscreen (artwork)' B_Silkscreen)` to `/work/output/fabrication/gerber/ktest-B_Silkscreen.gbo` (kibot - out_any_layer.py:220)
DEBUG:Opening plot file for layer `F.Mask (1 'Front soldermask (negative)' F_Mask)` format `1` (kibot - out_any_layer.py:213)
DEBUG:Plotting layer `F.Mask (1 'Front soldermask (negative)' F_Mask)` to `/work/output/fabrication/gerber/ktest-F_Mask.gts` (kibot - out_any_layer.py:220)
DEBUG:Opening plot file for layer `B.Mask (3 'Bottom soldermask (negative)' B_Mask)` format `1` (kibot - out_any_layer.py:213)
DEBUG:Plotting layer `B.Mask (3 'Bottom soldermask (negative)' B_Mask)` to `/work/output/fabrication/gerber/ktest-B_Mask.gbs` (kibot - out_any_layer.py:220)
DEBUG:Opening plot file for layer `Edge.Cuts (25 'Board shape' Edge_Cuts)` format `1` (kibot - out_any_layer.py:213)
DEBUG:Plotting layer `Edge.Cuts (25 'Board shape' Edge_Cuts)` to `/work/output/fabrication/gerber/ktest-Edge_Cuts.gm1` (kibot - out_any_layer.py:220)
- '' (fabrication_drills) [excellon]
DEBUG:Output destination: /work/output/fabrication/drill (kibot - kiplot.py:685)
DEBUG:Switching the PCB to 'Default' variant (kibot - out_base.py:1193)
DEBUG:Generating drill files in /work/output/fabrication/drill (kibot - out_any_drill.py:353)
DEBUG:- Executing: kicad-cli pcb export drill --output /work/output/fabrication/drill --format excellon --excellon-units mm --excellon-zeros-format decimal --excellon-oval-format route --drill-origin absolute --excellon-separate-th /work/ktest.kicad_pcb (kibot - kiplot.py:161)
DEBUG:- Output from command: 18:22:03: Font 'Verdana' not found; substituting 'DejaVu Sans Bold'.
18:22:03: Font 'Verdana' not found; substituting 'DejaVu Sans Book'.
Created file '/work/output/fabrication/drill/ktest-PTH.drl'
Created file '/work/output/fabrication/drill/ktest-NPTH.drl'
Done.
 (kibot - kiplot.py:152)
DEBUG:Renaming /work/output/fabrication/drill/ktest-PTH.drl -> /work/output/fabrication/drill/ktest-PTH_drill.drl (kibot - out_any_drill.py:414)
DEBUG:Renaming /work/output/fabrication/drill/ktest-NPTH.drl -> /work/output/fabrication/drill/ktest-NPTH_drill.drl (kibot - out_any_drill.py:414)
DEBUG:Valid columns: ['Row', 'Description', 'Part', 'Part Lib', 'References', 'Value', 'Footprint', 'Footprint Lib', 'Quantity Per PCB', 'Build Quantity', 'Status', 'Datasheet', 'Sheetpath', 'Source BoM', 'Reference', 'Config', 'Manufacturer', 'Manufacturer Part Number', 'Field5'] (19) (kibot - out_bom.py:732)
DEBUG:Valid columns: ['Row', 'Description', 'Part', 'Part Lib', 'References', 'Value', 'Footprint', 'Footprint Lib', 'Quantity Per PCB', 'Build Quantity', 'Status', 'Datasheet', 'Sheetpath', 'Source BoM', 'Reference', 'Config', 'Manufacturer', 'Manufacturer Part Number', 'Field5'] (19) (kibot - out_bom.py:732)
- '' (bom_csv) [bom]
DEBUG:Output destination: /work/output/assembly/bom (kibot - kiplot.py:685)
DEBUG:Filters reset (kibot - fil_base.py:196)
DEBUG:Transfer "Exclude from bill of materials" from schematic (kibot - out_bom.py:1103)
DEBUG:Applying filter `_mechanical` to exclude (kibot - fil_base.py:187)
DEBUG:Applying filter `_kibom_dnf_config` to fitted (kibot - fil_base.py:216)
DEBUG:Applying filter `_kibom_dnc_config` to fixed (kibot - fil_base.py:226)
DEBUG:Applying KiBoM style variants `default` (kibot - var_kibom.py:91)
DEBUG:Applying transform filter `_expand_text_vars` (kibot - fil_base.py:173)
DEBUG:Decimal point `.` (kibot - units.py:198)
DEBUG:Using auxiliary origin: x=0 y=0 (kibot - bom.py:513)
DEBUG:Saving BOM File: /work/output/assembly/bom/ktest-bom.csv (kibot - bom.py:604)
DEBUG:CSV Output -> /work/output/assembly/bom/ktest-bom.csv (kibot - bom_writer.py:56)
DEBUG:Valid columns: ['Row', 'Description', 'Part', 'Part Lib', 'References', 'Value', 'Footprint', 'Footprint Lib', 'Quantity Per PCB', 'Build Quantity', 'Status', 'Datasheet', 'Sheetpath', 'Source BoM', 'Reference', 'Config', 'Manufacturer', 'Manufacturer Part Number', 'Field5'] (19) (kibot - out_bom.py:732)
DEBUG:Valid columns: ['Row', 'Description', 'Part', 'Part Lib', 'References', 'Value', 'Footprint', 'Footprint Lib', 'Quantity Per PCB', 'Build Quantity', 'Status', 'Datasheet', 'Sheetpath', 'Source BoM', 'Reference', 'Config', 'Manufacturer', 'Manufacturer Part Number', 'Field5'] (19) (kibot - out_bom.py:732)
- '' (bom_xlsx) [bom]
DEBUG:Output destination: /work/output/assembly/bom (kibot - kiplot.py:685)
DEBUG:Starting tool check for XLSXWriter (kibot - dep_downloader.py:866)
DEBUG:- Returning `<module 'xlsxwriter' from '/usr/lib/python3/dist-packages/xlsxwriter/__init__.py'>` (kibot - dep_downloader.py:873)
DEBUG:Filters reset (kibot - fil_base.py:196)
DEBUG:Transfer "Exclude from bill of materials" from schematic (kibot - out_bom.py:1103)
DEBUG:Applying filter `_mechanical` to exclude (kibot - fil_base.py:187)
DEBUG:Applying filter `_kibom_dnf_config` to fitted (kibot - fil_base.py:216)
DEBUG:Applying filter `_kibom_dnc_config` to fixed (kibot - fil_base.py:226)
DEBUG:Applying KiBoM style variants `default` (kibot - var_kibom.py:91)
DEBUG:Applying transform filter `_expand_text_vars` (kibot - fil_base.py:173)
DEBUG:Using auxiliary origin: x=0 y=0 (kibot - bom.py:513)
DEBUG:Saving BOM File: /work/output/assembly/bom/ktest-bom.xlsx (kibot - bom.py:604)
DEBUG:XLSX Output -> /work/output/assembly/bom/ktest-bom.xlsx (kibot - bom_writer.py:56)
- 'HTML iBOM' (interactive_bom) [ibom]
DEBUG:Output destination: /work/output/assembly/bom (kibot - kiplot.py:685)
DEBUG:Switching the PCB to 'Default' variant (kibot - out_base.py:1193)
DEBUG:Starting tool check for Interactive HTML BoM (kibot - dep_downloader.py:866)
DEBUG:- Returning `/usr/bin/generate_interactive_bom.py` (kibot - dep_downloader.py:873)
DEBUG:Doing Interactive BoM (kibot - out_ibom.py:178)
DEBUG:Running: ['/usr/bin/generate_interactive_bom.py', '/work/ktest.kicad_pcb', '--dest-dir', '/work/output/assembly/bom', '--no-browser', '--dark-mode', '--highlight-pin1', 'selected', '--checkboxes', 'Sourced,Placed', '--bom-view', 'left-right', '--layer-view', 'FB', '--name-format', 'ibom', '--sort-order', 'C,R,L,D,U,Y,X,F,SW,A,~,HS,CNN,J,P,NT,MH'] (kibot - out_ibom.py:241)
DEBUG:Output from command:
18:22:03: Debug: Adding duplicate image handler for 'PNG file'
18:22:03: Debug: Adding duplicate image handler for 'JPEG file'
18:22:03: Debug: Adding duplicate image handler for 'TIFF file'
18:22:03: Debug: Adding duplicate image handler for 'GIF file'
18:22:03: Debug: Adding duplicate image handler for 'PNM file'
18:22:03: Debug: Adding duplicate image handler for 'PCX file'
18:22:03: Debug: Adding duplicate image handler for 'IFF file'
18:22:03: Debug: Adding duplicate image handler for 'Windows icon file'
18:22:03: Debug: Adding duplicate image handler for 'Windows cursor file'
18:22:03: Debug: Adding duplicate image handler for 'Windows animated cursor file'
18:22:03: Debug: Adding duplicate image handler for 'TGA file'
18:22:03: Debug: Adding duplicate image handler for 'XPM file'
18:22:03: Font 'Verdana' not found; substituting 'DejaVu Sans Bold'.
18:22:03: Font 'Verdana' not found; substituting 'DejaVu Sans Book'.
Loading /work/ktest.kicad_pcb
2026-10-08 18:22:03,993 INFO Compressing pcb data
2026-10-08 18:22:04,333 INFO Dumping pcb data
2026-10-08 18:22:04,336 INFO Created file /work/output/assembly/bom/ibom.html

 (kibot - out_ibom.py:258)
DEBUG:Renaming output file: /work/output/assembly/bom/ibom.html -> /work/output/assembly/bom/ktest-ibom.html (kibot - out_ibom.py:260)
- 'Pick and place file' (pick_and_place) [position]
DEBUG:Output destination: /work/output/assembly/PnP (kibot - kiplot.py:685)
DEBUG:Switching the PCB to 'Default' variant (kibot - out_base.py:1193)
DEBUG:P&P ref: C1 (kibot - out_position.py:290)
DEBUG:P&P ref: C2 (kibot - out_position.py:290)
DEBUG:P&P ref: C3 (kibot - out_position.py:290)
DEBUG:P&P ref: C4 (kibot - out_position.py:290)
DEBUG:P&P ref: C5 (kibot - out_position.py:290)
DEBUG:P&P ref: C6 (kibot - out_position.py:290)
DEBUG:P&P ref: C7 (kibot - out_position.py:290)
DEBUG:P&P ref: C8 (kibot - out_position.py:290)
DEBUG:P&P ref: C9 (kibot - out_position.py:290)
DEBUG:P&P ref: C10 (kibot - out_position.py:290)
DEBUG:P&P ref: C11 (kibot - out_position.py:290)
DEBUG:P&P ref: C12 (kibot - out_position.py:290)
DEBUG:P&P ref: C13 (kibot - out_position.py:290)
DEBUG:P&P ref: C14 (kibot - out_position.py:290)
DEBUG:P&P ref: C15 (kibot - out_position.py:290)
DEBUG:P&P ref: C16 (kibot - out_position.py:290)
DEBUG:P&P ref: C17 (kibot - out_position.py:290)
DEBUG:P&P ref: C18 (kibot - out_position.py:290)
DEBUG:P&P ref: C19 (kibot - out_position.py:290)
DEBUG:P&P ref: C20 (kibot - out_position.py:290)
DEBUG:P&P ref: C21 (kibot - out_position.py:290)
DEBUG:P&P ref: C22 (kibot - out_position.py:290)
DEBUG:P&P ref: C23 (kibot - out_position.py:290)
DEBUG:P&P ref: C24 (kibot - out_position.py:290)
DEBUG:P&P ref: C25 (kibot - out_position.py:290)
DEBUG:P&P ref: C26 (kibot - out_position.py:290)
DEBUG:P&P ref: C27 (kibot - out_position.py:290)
DEBUG:P&P ref: D1 (kibot - out_position.py:290)
DEBUG:P&P ref: J1 (kibot - out_position.py:290)
DEBUG:- pure_smd: False not_virtual True (kibot - out_position.py:356)
DEBUG:P&P ref: J2 (kibot - out_position.py:290)
DEBUG:- pure_smd: False not_virtual True (kibot - out_position.py:356)
DEBUG:P&P ref: J3 (kibot - out_position.py:290)
DEBUG:- pure_smd: False not_virtual True (kibot - out_position.py:356)
DEBUG:P&P ref: J4 (kibot - out_position.py:290)
DEBUG:- pure_smd: False not_virtual True (kibot - out_position.py:356)
DEBUG:P&P ref: J5 (kibot - out_position.py:290)
DEBUG:P&P ref: J6 (kibot - out_position.py:290)
DEBUG:P&P ref: J7 (kibot - out_position.py:290)
DEBUG:- pure_smd: False not_virtual True (kibot - out_position.py:356)
DEBUG:P&P ref: J8 (kibot - out_position.py:290)
DEBUG:- pure_smd: False not_virtual True (kibot - out_position.py:356)
DEBUG:P&P ref: JP1 (kibot - out_position.py:290)
DEBUG:- pure_smd: False not_virtual False (kibot - out_position.py:356)
DEBUG:P&P ref: JP2 (kibot - out_position.py:290)
DEBUG:- pure_smd: False not_virtual False (kibot - out_position.py:356)
DEBUG:P&P ref: JP3 (kibot - out_position.py:290)
DEBUG:- pure_smd: False not_virtual False (kibot - out_position.py:356)
DEBUG:P&P ref: JP4 (kibot - out_position.py:290)
DEBUG:P&P ref: JP5 (kibot - out_position.py:290)
DEBUG:P&P ref: JP6 (kibot - out_position.py:290)
DEBUG:P&P ref: JP7 (kibot - out_position.py:290)
DEBUG:P&P ref: JP8 (kibot - out_position.py:290)
DEBUG:- pure_smd: False not_virtual False (kibot - out_position.py:356)
DEBUG:P&P ref: JP9 (kibot - out_position.py:290)
DEBUG:- pure_smd: False not_virtual True (kibot - out_position.py:356)
DEBUG:P&P ref: JP10 (kibot - out_position.py:290)
DEBUG:- pure_smd: False not_virtual False (kibot - out_position.py:356)
DEBUG:P&P ref: JP11 (kibot - out_position.py:290)
DEBUG:- pure_smd: False not_virtual False (kibot - out_position.py:356)
DEBUG:P&P ref: JP12 (kibot - out_position.py:290)
DEBUG:- pure_smd: False not_virtual False (kibot - out_position.py:356)
DEBUG:P&P ref: JP13 (kibot - out_position.py:290)
DEBUG:- pure_smd: False not_virtual False (kibot - out_position.py:356)
DEBUG:P&P ref: JP14 (kibot - out_position.py:290)
DEBUG:P&P ref: JP15 (kibot - out_position.py:290)
DEBUG:- pure_smd: False not_virtual False (kibot - out_position.py:356)
DEBUG:P&P ref: JP16 (kibot - out_position.py:290)
DEBUG:- pure_smd: False not_virtual False (kibot - out_position.py:356)
DEBUG:P&P ref: JP17 (kibot - out_position.py:290)
DEBUG:- pure_smd: False not_virtual False (kibot - out_position.py:356)
DEBUG:P&P ref: JP18 (kibot - out_position.py:290)
DEBUG:- pure_smd: False not_virtual True (kibot - out_position.py:356)
DEBUG:P&P ref: JP19 (kibot - out_position.py:290)
DEBUG:P&P ref: JP20 (kibot - out_position.py:290)
DEBUG:P&P ref: JP21 (kibot - out_position.py:290)
DEBUG:- pure_smd: False not_virtual False (kibot - out_position.py:356)
DEBUG:P&P ref: JP22 (kibot - out_position.py:290)
DEBUG:- pure_smd: False not_virtual True (kibot - out_position.py:356)
DEBUG:P&P ref: L1 (kibot - out_position.py:290)
DEBUG:P&P ref: R1 (kibot - out_position.py:290)
DEBUG:P&P ref: R2 (kibot - out_position.py:290)
DEBUG:P&P ref: R3 (kibot - out_position.py:290)
DEBUG:P&P ref: R4 (kibot - out_position.py:290)
DEBUG:P&P ref: R5 (kibot - out_position.py:290)
DEBUG:P&P ref: R6 (kibot - out_position.py:290)
DEBUG:P&P ref: R7 (kibot - out_position.py:290)
DEBUG:P&P ref: R8 (kibot - out_position.py:290)
DEBUG:P&P ref: R9 (kibot - out_position.py:290)
DEBUG:P&P ref: R10 (kibot - out_position.py:290)
DEBUG:P&P ref: R11 (kibot - out_position.py:290)
DEBUG:P&P ref: R12 (kibot - out_position.py:290)
DEBUG:P&P ref: R13 (kibot - out_position.py:290)
DEBUG:P&P ref: R14 (kibot - out_position.py:290)
DEBUG:P&P ref: R15 (kibot - out_position.py:290)
DEBUG:P&P ref: TFT1 (kibot - out_position.py:290)
DEBUG:- pure_smd: False not_virtual True (kibot - out_position.py:356)
DEBUG:P&P ref: TP1 (kibot - out_position.py:290)
DEBUG:- pure_smd: False not_virtual True (kibot - out_position.py:356)
DEBUG:P&P ref: TP2 (kibot - out_position.py:290)
DEBUG:- pure_smd: False not_virtual True (kibot - out_position.py:356)
DEBUG:P&P ref: TP3 (kibot - out_position.py:290)
DEBUG:- pure_smd: False not_virtual True (kibot - out_position.py:356)
DEBUG:P&P ref: TP4 (kibot - out_position.py:290)
DEBUG:- pure_smd: False not_virtual True (kibot - out_position.py:356)
DEBUG:P&P ref: TP5 (kibot - out_position.py:290)
DEBUG:- pure_smd: False not_virtual True (kibot - out_position.py:356)
DEBUG:P&P ref: TP6 (kibot - out_position.py:290)
DEBUG:- pure_smd: False not_virtual True (kibot - out_position.py:356)
DEBUG:P&P ref: TP7 (kibot - out_position.py:290)
DEBUG:- pure_smd: False not_virtual True (kibot - out_position.py:356)
DEBUG:P&P ref: TP8 (kibot - out_position.py:290)
DEBUG:- pure_smd: False not_virtual True (kibot - out_position.py:356)
DEBUG:P&P ref: TP9 (kibot - out_position.py:290)
DEBUG:- pure_smd: False not_virtual True (kibot - out_position.py:356)
DEBUG:P&P ref: TP10 (kibot - out_position.py:290)
DEBUG:- pure_smd: False not_virtual True (kibot - out_position.py:356)
DEBUG:P&P ref: TP11 (kibot - out_position.py:290)
DEBUG:- pure_smd: False not_virtual True (kibot - out_position.py:356)
DEBUG:P&P ref: TP12 (kibot - out_position.py:290)
DEBUG:- pure_smd: False not_virtual True (kibot - out_position.py:356)
DEBUG:P&P ref: TP13 (kibot - out_position.py:290)
DEBUG:- pure_smd: False not_virtual True (kibot - out_position.py:356)
DEBUG:P&P ref: TP14 (kibot - out_position.py:290)
DEBUG:- pure_smd: False not_virtual True (kibot - out_position.py:356)
DEBUG:P&P ref: TP15 (kibot - out_position.py:290)
DEBUG:- pure_smd: False not_virtual True (kibot - out_position.py:356)
DEBUG:P&P ref: TP16 (kibot - out_position.py:290)
DEBUG:- pure_smd: False not_virtual True (kibot - out_position.py:356)
DEBUG:P&P ref: TP17 (kibot - out_position.py:290)
DEBUG:- pure_smd: False not_virtual True (kibot - out_position.py:356)
DEBUG:P&P ref: TP18 (kibot - out_position.py:290)
DEBUG:- pure_smd: False not_virtual True (kibot - out_position.py:356)
DEBUG:P&P ref: TP19 (kibot - out_position.py:290)
DEBUG:- pure_smd: False not_virtual True (kibot - out_position.py:356)
DEBUG:P&P ref: TP20 (kibot - out_position.py:290)
DEBUG:- pure_smd: False not_virtual True (kibot - out_position.py:356)
DEBUG:P&P ref: TP21 (kibot - out_position.py:290)
DEBUG:- pure_smd: False not_virtual True (kibot - out_position.py:356)
DEBUG:P&P ref: U1 (kibot - out_position.py:290)
DEBUG:P&P ref: U2 (kibot - out_position.py:290)
DEBUG:P&P ref: U3 (kibot - out_position.py:290)
DEBUG:P&P ref: U4 (kibot - out_position.py:290)
DEBUG:P&P ref: Y1 (kibot - out_position.py:290)
- '' (board_step) [export_3d]
DEBUG:Output destination: /work/output/3d (kibot - kiplot.py:685)
DEBUG:Switching the PCB to 'Default' variant (kibot - out_base.py:1193)
DEBUG:Looking for LCSC field name (kibot - optionable.py:707)
DEBUG:Using  as LCSC field name (kibot - optionable.py:709)
DEBUG:Using `/root/.cache/kibot/3d` as dir for downloaded 3D models (kibot - out_base_3d.py:545)
DEBUG:Using cached model `/root/.cache/kibot/3d/Capacitor_SMD.3dshapes/C_0603_1608Metric.step` (43450) (kibot - out_base_3d.py:187)
DEBUG:Using cached model `/root/.cache/kibot/3d/Resistor_SMD.3dshapes/R_0603_1608Metric.step` (40618) (kibot - out_base_3d.py:187)
DEBUG:Using cached model `/root/.cache/kibot/3d/Capacitor_SMD.3dshapes/C_1210_3225Metric.step` (43502) (kibot - out_base_3d.py:187)
DEBUG:Using cached model `/root/.cache/kibot/3d/Resistor_THT.3dshapes/R_Axial_DIN0204_L3.6mm_D1.6mm_P5.08mm_Horizontal.step` (37472) (kibot - out_base_3d.py:187)
DEBUG:Using cached model `/root/.cache/kibot/3d/Package_SO.3dshapes/HTSOP-8-1EP_3.9x4.9mm_P1.27mm.step` (125787) (kibot - out_base_3d.py:187)
DEBUG:Downloading `https://gitlab.com/api/v4/projects/21604637/repository/files/Package_SO.3dshapes%2FHTSOP-8-1EP_3.9x4.9mm_Pitch1.27mm.step/raw?ref=10.0.5` (kibot - out_base_3d.py:189)
DEBUG:Using cached model `/root/.cache/kibot/3d/Resistor_SMD.3dshapes/R_1206_3216Metric.step` (40414) (kibot - out_base_3d.py:187)
DEBUG:Using cached model `/root/.cache/kibot/3d/Capacitor_SMD.3dshapes/C_1206_3216Metric.step` (43450) (kibot - out_base_3d.py:187)
DEBUG:Using cached model `/root/.cache/kibot/3d/Crystal.3dshapes/Crystal_SMD_3225-4Pin_3.2x2.5mm.step` (44789) (kibot - out_base_3d.py:187)
DEBUG:Using cached model `/root/.cache/kibot/3d/Package_SO.3dshapes/JEITA_SOIC-16_3.9x9.9mm_P1.27mm.step` (223250) (kibot - out_base_3d.py:187)
DEBUG:Using cached model `/root/.cache/kibot/3d/Package_TO_SOT_SMD.3dshapes/SOT-23-6.step` (99639) (kibot - out_base_3d.py:187)
DEBUG:Using cached model `/root/.cache/kibot/3d/Package_QFP.3dshapes/LQFP-32_7x7mm_P0.8mm.step` (422757) (kibot - out_base_3d.py:187)
DEBUG:Using cached model `/root/.cache/kibot/3d/Connector_JST.3dshapes/JST_XH_B4B-XH-A_1x04_P2.50mm_Vertical.step` (222777) (kibot - out_base_3d.py:187)
DEBUG:Using cached model `/root/.cache/kibot/3d/Capacitor_SMD.3dshapes/CP_Elec_10x10.step` (82045) (kibot - out_base_3d.py:187)
DEBUG:Using cached model `/root/.cache/kibot/3d/Resistor_THT.3dshapes/R_Axial_DIN0204_L3.6mm_D1.6mm_P7.62mm_Horizontal.step` (24507) (kibot - out_base_3d.py:187)
DEBUG:Using cached model `/root/.cache/kibot/3d/Connector_JST.3dshapes/JST_XH_B6B-XH-A_1x06_P2.50mm_Vertical.step` (295109) (kibot - out_base_3d.py:187)
DEBUG:Using cached model `/root/.cache/kibot/3d/Package_TO_SOT_SMD.3dshapes/SOT-23.step` (60296) (kibot - out_base_3d.py:187)
DEBUG:Using cached model `/root/.cache/kibot/3d/Connector_PinSocket_2.54mm.3dshapes/PinSocket_1x04_P2.54mm_Vertical.step` (90163) (kibot - out_base_3d.py:187)
DEBUG:Using cached model `/root/.cache/kibot/3d/Connector_PinSocket_2.54mm.3dshapes/PinSocket_1x14_P2.54mm_Vertical.step` (290650) (kibot - out_base_3d.py:187)
DEBUG:Writing modified PCB to /work/kibot_r6myso8r.kicad_pcb (kibot - gs.py:1089)
DEBUG:Copying project `/work/ktest.kicad_pro` to `/work/kibot_r6myso8r.kicad_pro` (kibot.gs - gs.py:615)
DEBUG:Copying project local settings `/work/ktest.kicad_prl` to `/work/kibot_r6myso8r.kicad_prl` (kibot.gs - gs.py:623)
DEBUG:Copying project custom design rules `/work/ktest.kicad_dru` to `/work/kibot_r6myso8r.kicad_dru` (kibot.gs - gs.py:631)
DEBUG:- Executing: kicad-cli pcb export step -o /work/output/3d/ktest-3D.step -f --grid-origin --subst-models /work/kibot_r6myso8r.kicad_pcb (kibot - kiplot.py:161)
DEBUG:- Output from command: 18:22:05: Font 'Verdana' not found; substituting 'DejaVu Sans Bold'.
18:22:05: Font 'Verdana' not found; substituting 'DejaVu Sans Book'.
Could not add 3D model for L1.
File not found: /mnt/Data/01_Engineering/10_Kicad_libraries/00_Personal/3D/SRP6540.step
Could not add 3D model for U1.
File not found: ${KICAD10_3DMODEL_DIR}/Package_SO.3dshapes/HTSOP-8-1EP_3.9x4.9mm_Pitch1.27mm.step
Could not add 3D model for J6.
File not found: /mnt/Data/01_Engineering/10_Kicad_libraries/00_Personal/3D/Dell_DC_barrel_jack.step
Could not add 3D model for J8.
File not found: /mnt/Data/01_Engineering/10_Kicad_libraries/00_Personal/3D/Barrel.step
Could not add 3D model for J5.
File not found: /mnt/Data/01_Engineering/10_Kicad_libraries/00_Personal/3D/USB_type_C_vertical.step
Could not add 3D model for J4.
File not found: ${KICAD9_3RD_PARTY}/SHF-105-01-L-D-RA-TR.stp
Could not add 3D model for J4.
File not found: /media/data/01_Engineering/10_Kicad_libraries/00_Personal/3D/SHF-105-01-L-D-RA-TR.stp
Could not add 3D model for J4.
File not found: ${KIPRJMOD}/lib/3D_models/SHF-105-01-L-D-RA-TR.stp
Could not add 3D model for J4.
File not found: /mnt/Data/01_Engineering/10_Kicad_libraries/00_Personal/3D/SHF-105-01-L-D-RA-TR.stp
Could not add 3D model for TFT1.
File not found: /mnt/Data/01_Engineering/10_Kicad_libraries/00_Personal/3D/Display_240x320_ILI9341_2.4in.step
STEP file '/work/output/3d/ktest-3D.step' created.

Export time 2.076 s
 (kibot - kiplot.py:152)
DEBUG:Removing temporal files (kibot - out_base.py:1123)
DEBUG:- File `/work/kibot_r6myso8r.kicad_pcb` (kibot - out_base.py:1126)
DEBUG:- File `/work/kibot_r6myso8r.kicad_pro` (kibot - out_base.py:1126)
DEBUG:- File `/work/kibot_r6myso8r.kicad_prl` (kibot - out_base.py:1126)
DEBUG:- File `/work/kibot_r6myso8r.kicad_dru` (kibot - out_base.py:1126)
Found 184 unique warning/s (286 total, 4 filtered)
